ISO-10303-21;
HEADER;
/* Generated by software containing ST-Developer
 * from STEP Tools, Inc. (www.steptools.com) 
 */

FILE_DESCRIPTION(
/* description */ (''),
/* implementation_level */ '2;1');

FILE_NAME(
/* name */ 'reference-camera-32x32mm-28mm-pattern.step',
/* time_stamp */ '2026-09-11T16:58:03-07:00',
/* author */ (''),
/* organization */ (''),
/* preprocessor_version */ 'ST-DEVELOPER v20.2',
/* originating_system */ 'Autodesk Translation Framework v15.15.0.0',
/* authorisation */ '');

FILE_SCHEMA (('AUTOMOTIVE_DESIGN { 1 0 10303 214 3 1 1 }'));
ENDSEC;

DATA;
#10=MECHANICAL_DESIGN_GEOMETRIC_PRESENTATION_REPRESENTATION('',(#155,#156,
#157,#158,#159,#160,#161,#162,#163,#164,#165,#166,#167,#168,#169,#170,#171,
#172,#173,#174,#175,#176,#177,#178,#179,#180,#181,#182,#183,#184,#185,#186,
#187,#188,#189),#14342);
#11=SHAPE_REPRESENTATION_RELATIONSHIP('SRR','None',#14349,#12);
#12=ADVANCED_BREP_SHAPE_REPRESENTATION('',(#190,#191,#192,#193,#194,#195,
#196,#197,#198,#199,#200,#201,#202,#203,#204,#205,#206,#207,#208,#209,#210,
#211,#212,#213,#214,#215,#216,#217,#218,#219,#220,#221,#222,#223,#224),
#14341);
#13=ELLIPSE('',#8791,1.03026325589679,0.496450278868148);
#14=ELLIPSE('',#8792,1.03054967473021,0.496825981520537);
#15=ELLIPSE('',#8793,1.0302632558975,0.496450278869108);
#16=ELLIPSE('',#8794,1.7499999999976,0.843671575448277);
#17=ELLIPSE('',#8796,1.75000000000543,0.843671575450379);
#18=ELLIPSE('',#8805,1.0302632558933,0.496450278864979);
#19=ELLIPSE('',#8824,1.03026325583895,0.49645027881356);
#20=ELLIPSE('',#8834,1.03054967472729,0.496825981517671);
#21=ELLIPSE('',#8839,1.7500000000095,0.843671575451526);
#22=ELLIPSE('',#8841,1.75000000000009,0.84367157544892);
#23=ELLIPSE('',#8842,1.0302632558975,0.496450278869108);
#24=ELLIPSE('',#8843,1.03054967473021,0.496825981520537);
#25=ELLIPSE('',#8844,1.03026325589679,0.496450278868148);
#26=ELLIPSE('',#8853,1.0302632558933,0.496450278864979);
#27=ELLIPSE('',#8872,1.03026325583895,0.49645027881356);
#28=ELLIPSE('',#8882,1.03054967472729,0.496825981517671);
#29=FACE_BOUND('',#1417,.T.);
#30=FACE_BOUND('',#1418,.T.);
#31=FACE_BOUND('',#1419,.T.);
#32=FACE_BOUND('',#1420,.T.);
#33=FACE_BOUND('',#1421,.T.);
#34=FACE_BOUND('',#1422,.T.);
#35=FACE_BOUND('',#1423,.T.);
#36=FACE_BOUND('',#1424,.T.);
#37=FACE_BOUND('',#1428,.T.);
#38=FACE_BOUND('',#1429,.T.);
#39=FACE_BOUND('',#1430,.T.);
#40=FACE_BOUND('',#1431,.T.);
#41=FACE_BOUND('',#1432,.T.);
#42=FACE_BOUND('',#1433,.T.);
#43=FACE_BOUND('',#1434,.T.);
#44=FACE_BOUND('',#1435,.T.);
#45=FACE_BOUND('',#1451,.T.);
#46=FACE_BOUND('',#1453,.T.);
#47=FACE_BOUND('',#1457,.T.);
#48=FACE_BOUND('',#1459,.T.);
#49=FACE_BOUND('',#1463,.T.);
#50=FACE_BOUND('',#1465,.T.);
#51=FACE_BOUND('',#1469,.T.);
#52=FACE_BOUND('',#1471,.T.);
#53=FACE_BOUND('',#1531,.T.);
#54=FACE_BOUND('',#1533,.T.);
#55=FACE_BOUND('',#1537,.T.);
#56=FACE_BOUND('',#1539,.T.);
#57=FACE_BOUND('',#1543,.T.);
#58=FACE_BOUND('',#1545,.T.);
#59=FACE_BOUND('',#1549,.T.);
#60=FACE_BOUND('',#1551,.T.);
#61=FACE_BOUND('',#1557,.T.);
#62=FACE_BOUND('',#1559,.T.);
#63=FACE_BOUND('',#1563,.T.);
#64=FACE_BOUND('',#1565,.T.);
#65=FACE_BOUND('',#1569,.T.);
#66=FACE_BOUND('',#1591,.T.);
#67=FACE_BOUND('',#1592,.T.);
#68=FACE_BOUND('',#1593,.T.);
#69=FACE_BOUND('',#1595,.T.);
#70=FACE_BOUND('',#1596,.T.);
#71=FACE_BOUND('',#1597,.T.);
#72=FACE_BOUND('',#1599,.T.);
#73=(
BOUNDED_SURFACE()
B_SPLINE_SURFACE(3,2,((#11789,#11790,#11791),(#11792,#11793,#11794),(#11795,
#11796,#11797),(#11798,#11799,#11800)),.UNSPECIFIED.,.F.,.F.,.F.)
B_SPLINE_SURFACE_WITH_KNOTS((4,4),(3,3),(0.,0.31415728105864),(0.,0.157079632679522),
 .UNSPECIFIED.)
GEOMETRIC_REPRESENTATION_ITEM()
RATIONAL_B_SPLINE_SURFACE(((1.,0.707106781186562,1.),(1.,0.707106781186527,
1.),(1.,0.707106781186557,1.),(1.,0.707106781186543,1.)))
REPRESENTATION_ITEM('')
SURFACE()
);
#74=(
BOUNDED_SURFACE()
B_SPLINE_SURFACE(3,2,((#11805,#11806,#11807),(#11808,#11809,#11810),(#11811,
#11812,#11813),(#11814,#11815,#11816)),.UNSPECIFIED.,.F.,.F.,.F.)
B_SPLINE_SURFACE_WITH_KNOTS((4,4),(3,3),(0.,0.314157281058649),(0.,0.157079632679513),
 .UNSPECIFIED.)
GEOMETRIC_REPRESENTATION_ITEM()
RATIONAL_B_SPLINE_SURFACE(((1.,0.707106781186556,1.),(1.,0.70710678118654,
1.),(1.,0.707106781186535,1.),(1.,0.707106781186556,1.)))
REPRESENTATION_ITEM('')
SURFACE()
);
#75=(
BOUNDED_SURFACE()
B_SPLINE_SURFACE(3,2,((#11922,#11923,#11924),(#11925,#11926,#11927),(#11928,
#11929,#11930),(#11931,#11932,#11933)),.UNSPECIFIED.,.F.,.F.,.F.)
B_SPLINE_SURFACE_WITH_KNOTS((4,4),(3,3),(0.,0.314157281058643),(0.,0.157079632679533),
 .UNSPECIFIED.)
GEOMETRIC_REPRESENTATION_ITEM()
RATIONAL_B_SPLINE_SURFACE(((1.,0.707106781186467,1.),(1.,0.707106781186649,
1.),(1.,0.707106781186502,1.),(1.,0.707106781186543,1.)))
REPRESENTATION_ITEM('')
SURFACE()
);
#76=(
BOUNDED_SURFACE()
B_SPLINE_SURFACE(3,2,((#11938,#11939,#11940),(#11941,#11942,#11943),(#11944,
#11945,#11946),(#11947,#11948,#11949)),.UNSPECIFIED.,.F.,.F.,.F.)
B_SPLINE_SURFACE_WITH_KNOTS((4,4),(3,3),(0.,0.314157281058625),(0.,0.15707963267952),
 .UNSPECIFIED.)
GEOMETRIC_REPRESENTATION_ITEM()
RATIONAL_B_SPLINE_SURFACE(((1.,0.707106781186547,1.),(1.,0.707106781186558,
1.),(1.,0.707106781186495,1.),(1.,0.707106781186592,1.)))
REPRESENTATION_ITEM('')
SURFACE()
);
#77=(
BOUNDED_SURFACE()
B_SPLINE_SURFACE(2,1,((#13032,#13033),(#13034,#13035),(#13036,#13037),(#13038,
#13039),(#13040,#13041),(#13042,#13043),(#13044,#13045),(#13046,#13047),
(#13048,#13049)),.UNSPECIFIED.,.F.,.F.,.F.)
B_SPLINE_SURFACE_WITH_KNOTS((3,2,2,2,3),(2,2),(-128.,-101.768588644534,
-96.0000000000001,-69.7685886445339,-64.0000000000001),(0.,0.192),
 .UNSPECIFIED.)
GEOMETRIC_REPRESENTATION_ITEM()
RATIONAL_B_SPLINE_SURFACE(((1.,1.),(1.,1.),(1.,1.),(0.70710678118655,0.70710678118655),
(1.,1.),(1.,1.),(1.,1.),(0.707106781186548,0.707106781186548),(1.,1.)))
REPRESENTATION_ITEM('')
SURFACE()
);
#78=(
BOUNDED_SURFACE()
B_SPLINE_SURFACE(2,1,((#13115,#13116),(#13117,#13118),(#13119,#13120),(#13121,
#13122),(#13123,#13124),(#13125,#13126),(#13127,#13128),(#13129,#13130),
(#13131,#13132)),.UNSPECIFIED.,.F.,.F.,.F.)
B_SPLINE_SURFACE_WITH_KNOTS((3,2,2,2,3),(2,2),(-128.,-101.768588644534,
-96.0000000000001,-69.7685886445339,-64.0000000000001),(0.,0.192),
 .UNSPECIFIED.)
GEOMETRIC_REPRESENTATION_ITEM()
RATIONAL_B_SPLINE_SURFACE(((1.,1.),(1.,1.),(1.,1.),(0.70710678118655,0.70710678118655),
(1.,1.),(1.,1.),(1.,1.),(0.707106781186548,0.707106781186548),(1.,1.)))
REPRESENTATION_ITEM('')
SURFACE()
);
#79=(
BOUNDED_SURFACE()
B_SPLINE_SURFACE(2,1,((#13134,#13135),(#13136,#13137),(#13138,#13139),(#13140,
#13141),(#13142,#13143),(#13144,#13145),(#13146,#13147),(#13148,#13149),
(#13150,#13151)),.UNSPECIFIED.,.F.,.F.,.F.)
B_SPLINE_SURFACE_WITH_KNOTS((3,2,2,2,3),(2,2),(-128.,-101.768588644534,
-96.0000000000001,-69.7685886445339,-64.0000000000001),(0.,0.192),
 .UNSPECIFIED.)
GEOMETRIC_REPRESENTATION_ITEM()
RATIONAL_B_SPLINE_SURFACE(((1.,1.),(1.,1.),(1.,1.),(0.70710678118655,0.70710678118655),
(1.,1.),(1.,1.),(1.,1.),(0.707106781186548,0.707106781186548),(1.,1.)))
REPRESENTATION_ITEM('')
SURFACE()
);
#80=(
BOUNDED_SURFACE()
B_SPLINE_SURFACE(2,1,((#13153,#13154),(#13155,#13156),(#13157,#13158),(#13159,
#13160),(#13161,#13162),(#13163,#13164),(#13165,#13166),(#13167,#13168),
(#13169,#13170)),.UNSPECIFIED.,.F.,.F.,.F.)
B_SPLINE_SURFACE_WITH_KNOTS((3,2,2,2,3),(2,2),(-64.0000000000001,-37.7685886445338,
-32.0000000000001,-5.7685886445338,0.),(0.,0.192),.UNSPECIFIED.)
GEOMETRIC_REPRESENTATION_ITEM()
RATIONAL_B_SPLINE_SURFACE(((1.,1.),(1.,1.),(1.,1.),(0.707106781186547,0.707106781186547),
(1.,1.),(1.,1.),(1.,1.),(0.707106781186541,0.707106781186541),(1.,1.)))
REPRESENTATION_ITEM('')
SURFACE()
);
#81=(
BOUNDED_SURFACE()
B_SPLINE_SURFACE(2,1,((#13171,#13172),(#13173,#13174),(#13175,#13176),(#13177,
#13178),(#13179,#13180),(#13181,#13182),(#13183,#13184),(#13185,#13186),
(#13187,#13188)),.UNSPECIFIED.,.F.,.F.,.F.)
B_SPLINE_SURFACE_WITH_KNOTS((3,2,2,2,3),(2,2),(-64.0000000000001,-37.7685886445338,
-32.0000000000001,-5.7685886445338,0.),(0.,0.192),.UNSPECIFIED.)
GEOMETRIC_REPRESENTATION_ITEM()
RATIONAL_B_SPLINE_SURFACE(((1.,1.),(1.,1.),(1.,1.),(0.707106781186547,0.707106781186547),
(1.,1.),(1.,1.),(1.,1.),(0.707106781186541,0.707106781186541),(1.,1.)))
REPRESENTATION_ITEM('')
SURFACE()
);
#82=(
BOUNDED_SURFACE()
B_SPLINE_SURFACE(2,1,((#13189,#13190),(#13191,#13192),(#13193,#13194),(#13195,
#13196),(#13197,#13198),(#13199,#13200),(#13201,#13202),(#13203,#13204),
(#13205,#13206)),.UNSPECIFIED.,.F.,.F.,.F.)
B_SPLINE_SURFACE_WITH_KNOTS((3,2,2,2,3),(2,2),(-64.0000000000001,-37.7685886445338,
-32.0000000000001,-5.7685886445338,0.),(0.,0.192),.UNSPECIFIED.)
GEOMETRIC_REPRESENTATION_ITEM()
RATIONAL_B_SPLINE_SURFACE(((1.,1.),(1.,1.),(1.,1.),(0.707106781186547,0.707106781186547),
(1.,1.),(1.,1.),(1.,1.),(0.707106781186541,0.707106781186541),(1.,1.)))
REPRESENTATION_ITEM('')
SURFACE()
);
#83=(
BOUNDED_SURFACE()
B_SPLINE_SURFACE(2,2,((#13279,#13280,#13281,#13282,#13283),(#13284,#13285,
#13286,#13287,#13288),(#13289,#13290,#13291,#13292,#13293),(#13294,#13295,
#13296,#13297,#13298),(#13299,#13300,#13301,#13302,#13303)),
 .UNSPECIFIED.,.F.,.F.,.F.)
B_SPLINE_SURFACE_WITH_KNOTS((3,2,3),(3,2,3),(-2.74889357189107,0.,2.74889357189107),
(0.,2.74889357189107,5.49778714378214),.UNSPECIFIED.)
GEOMETRIC_REPRESENTATION_ITEM()
RATIONAL_B_SPLINE_SURFACE(((1.,0.707106781186548,1.,0.707106781186548,1.),
(0.707106781186548,0.5,0.707106781186548,0.5,0.707106781186548),(1.,0.707106781186548,
1.,0.707106781186548,1.),(0.707106781186548,0.5,0.707106781186548,0.5,0.707106781186548),
(1.,0.707106781186548,1.,0.707106781186548,1.)))
REPRESENTATION_ITEM('')
SURFACE()
);
#84=(
BOUNDED_SURFACE()
B_SPLINE_SURFACE(2,2,((#13640,#13641,#13642,#13643,#13644),(#13645,#13646,
#13647,#13648,#13649),(#13650,#13651,#13652,#13653,#13654),(#13655,#13656,
#13657,#13658,#13659),(#13660,#13661,#13662,#13663,#13664)),
 .UNSPECIFIED.,.F.,.F.,.F.)
B_SPLINE_SURFACE_WITH_KNOTS((3,2,3),(3,2,3),(-2.74889357189107,0.,2.74889357189107),
(5.49778714378214,8.24668071567321,10.9955742875643),.UNSPECIFIED.)
GEOMETRIC_REPRESENTATION_ITEM()
RATIONAL_B_SPLINE_SURFACE(((1.,0.707106781186548,1.,0.707106781186548,1.),
(0.707106781186548,0.5,0.707106781186548,0.5,0.707106781186548),(1.,0.707106781186548,
1.,0.707106781186548,1.),(0.707106781186548,0.5,0.707106781186548,0.5,0.707106781186548),
(1.,0.707106781186548,1.,0.707106781186548,1.)))
REPRESENTATION_ITEM('')
SURFACE()
);
#85=(
BOUNDED_SURFACE()
B_SPLINE_SURFACE(2,2,((#13665,#13666,#13667,#13668,#13669),(#13670,#13671,
#13672,#13673,#13674),(#13675,#13676,#13677,#13678,#13679),(#13680,#13681,
#13682,#13683,#13684),(#13685,#13686,#13687,#13688,#13689)),
 .UNSPECIFIED.,.F.,.F.,.F.)
B_SPLINE_SURFACE_WITH_KNOTS((3,2,3),(3,2,3),(0.,2.74889357189107,5.49778714378214),
(-2.74889357189107,0.,2.74889357189107),.UNSPECIFIED.)
GEOMETRIC_REPRESENTATION_ITEM()
RATIONAL_B_SPLINE_SURFACE(((1.,0.707106781186548,1.,0.707106781186548,1.),
(0.707106781186548,0.5,0.707106781186548,0.5,0.707106781186548),(1.,0.707106781186548,
1.,0.707106781186548,1.),(0.707106781186548,0.5,0.707106781186548,0.5,0.707106781186548),
(1.,0.707106781186548,1.,0.707106781186548,1.)))
REPRESENTATION_ITEM('')
SURFACE()
);
#86=(
BOUNDED_SURFACE()
B_SPLINE_SURFACE(2,2,((#14026,#14027,#14028,#14029,#14030),(#14031,#14032,
#14033,#14034,#14035),(#14036,#14037,#14038,#14039,#14040),(#14041,#14042,
#14043,#14044,#14045),(#14046,#14047,#14048,#14049,#14050)),
 .UNSPECIFIED.,.F.,.F.,.F.)
B_SPLINE_SURFACE_WITH_KNOTS((3,2,3),(3,2,3),(5.49778714378214,8.24668071567321,
10.9955742875643),(-2.74889357189107,0.,2.74889357189107),.UNSPECIFIED.)
GEOMETRIC_REPRESENTATION_ITEM()
RATIONAL_B_SPLINE_SURFACE(((1.,0.707106781186548,1.,0.707106781186548,1.),
(0.707106781186548,0.5,0.707106781186548,0.5,0.707106781186548),(1.,0.707106781186548,
1.,0.707106781186548,1.),(0.707106781186548,0.5,0.707106781186548,0.5,0.707106781186548),
(1.,0.707106781186548,1.,0.707106781186548,1.)))
REPRESENTATION_ITEM('')
SURFACE()
);
#87=B_SPLINE_CURVE_WITH_KNOTS('',3,(#11781,#11782,#11783,#11784),
 .UNSPECIFIED.,.F.,.F.,(4,4),(0.,0.314157281058649),.UNSPECIFIED.);
#88=B_SPLINE_CURVE_WITH_KNOTS('',3,(#11817,#11818,#11819,#11820),
 .UNSPECIFIED.,.F.,.F.,(4,4),(0.,0.314157281058649),.UNSPECIFIED.);
#89=B_SPLINE_CURVE_WITH_KNOTS('',3,(#11902,#11903,#11904,#11905),
 .UNSPECIFIED.,.F.,.F.,(4,4),(0.,0.314157281058643),.UNSPECIFIED.);
#90=B_SPLINE_CURVE_WITH_KNOTS('',3,(#11934,#11935,#11936,#11937),
 .UNSPECIFIED.,.F.,.F.,(4,4),(0.,0.314157281058643),.UNSPECIFIED.);
#91=B_SPLINE_CURVE_WITH_KNOTS('',3,(#12928,#12929,#12930,#12931,#12932,
#12933),.UNSPECIFIED.,.F.,.F.,(4,2,4),(-0.16,-0.0103815186769981,0.),
 .UNSPECIFIED.);
#92=B_SPLINE_CURVE_WITH_KNOTS('',3,(#12936,#12937,#12938,#12939,#12940,
#12941),.UNSPECIFIED.,.F.,.F.,(4,2,4),(-0.159999999999999,-0.0799999999999998,
0.),.UNSPECIFIED.);
#93=B_SPLINE_CURVE_WITH_KNOTS('',3,(#12947,#12948,#12949,#12950,#12951,
#12952),.UNSPECIFIED.,.F.,.F.,(4,2,4),(-0.159999999999999,-0.00960213880237814,
0.),.UNSPECIFIED.);
#94=B_SPLINE_CURVE_WITH_KNOTS('',3,(#12955,#12956,#12957,#12958,#12959,
#12960),.UNSPECIFIED.,.F.,.F.,(4,2,4),(-0.160000000000001,-0.0800000000000001,
0.),.UNSPECIFIED.);
#95=B_SPLINE_CURVE_WITH_KNOTS('',3,(#12966,#12967,#12968,#12969,#12970,
#12971),.UNSPECIFIED.,.F.,.F.,(4,2,4),(-0.160000000000001,-0.0186427427195228,
0.),.UNSPECIFIED.);
#96=B_SPLINE_CURVE_WITH_KNOTS('',3,(#12974,#12975,#12976,#12977,#12978,
#12979),.UNSPECIFIED.,.F.,.F.,(4,2,4),(-0.16,-0.0799999999999999,0.),
 .UNSPECIFIED.);
#97=B_SPLINE_CURVE_WITH_KNOTS('',3,(#13058,#13059,#13060,#13061,#13062,
#13063),.UNSPECIFIED.,.F.,.F.,(4,2,4),(-0.160000000000001,-0.0799999999999999,
0.),.UNSPECIFIED.);
#98=B_SPLINE_CURVE_WITH_KNOTS('',3,(#13067,#13068,#13069,#13070,#13071,
#13072),.UNSPECIFIED.,.F.,.F.,(4,2,4),(-0.159999999999998,-0.00960213880237842,
0.),.UNSPECIFIED.);
#99=B_SPLINE_CURVE_WITH_KNOTS('',3,(#13308,#13309,#13310,#13311,#13312,
#13313,#13314,#13315,#13316,#13317,#13318,#13319),.UNSPECIFIED.,.F.,.F.,
(4,2,2,2,2,4),(1.00000018554139E-6,0.00881598386420734,0.0167292271550096,
0.0240478997774995,0.0287415760422672,0.033230493494093),.UNSPECIFIED.);
#100=B_SPLINE_CURVE_WITH_KNOTS('',3,(#13321,#13322,#13323,#13324,#13325,
#13326),.UNSPECIFIED.,.F.,.F.,(4,2,4),(-0.0567195097332717,-0.0270177506404172,
-9.9999953213914E-7),.UNSPECIFIED.);
#101=B_SPLINE_CURVE_WITH_KNOTS('',3,(#13328,#13329,#13330,#13331,#13332,
#13333,#13334,#13335,#13336,#13337,#13338,#13339,#13340,#13341),
 .UNSPECIFIED.,.F.,.F.,(4,2,2,2,2,2,4),(-0.0317469982127258,-0.0279112609554645,
-0.0234734706506875,-0.0158739991066793,-0.00827452756267052,-0.00383673725788622,
-1.00000061342004E-6),.UNSPECIFIED.);
#102=B_SPLINE_CURVE_WITH_KNOTS('',3,(#13343,#13344,#13345,#13346,#13347,
#13348),.UNSPECIFIED.,.F.,.F.,(4,2,4),(-0.0568214645624075,-0.0297566260501477,
-9.99999690928788E-7),.UNSPECIFIED.);
#103=B_SPLINE_CURVE_WITH_KNOTS('',3,(#13350,#13351,#13352,#13353,#13354,
#13355,#13356,#13357,#13358,#13359,#13360,#13361),.UNSPECIFIED.,.F.,.F.,
(4,2,2,2,2,4),(1.00000171704002E-6,0.00447087387668468,0.00914463790523844,
0.0164322621277571,0.0243119346393385,0.0330895222214206),.UNSPECIFIED.);
#104=B_SPLINE_CURVE_WITH_KNOTS('',3,(#13365,#13366,#13367,#13368,#13369,
#13370,#13371,#13372,#13373,#13374,#13375,#13376),.UNSPECIFIED.,.F.,.F.,
(4,2,2,2,2,4),(1.0000001855228E-6,0.00881598386420961,0.0167292271550163,
0.0240478997775116,0.0287415760422814,0.0332304934941009),.UNSPECIFIED.);
#105=B_SPLINE_CURVE_WITH_KNOTS('',3,(#13378,#13379,#13380,#13381,#13382,
#13383),.UNSPECIFIED.,.F.,.F.,(4,2,4),(-0.0567195097332688,-0.0270167515130877,
-9.99999531972512E-7),.UNSPECIFIED.);
#106=B_SPLINE_CURVE_WITH_KNOTS('',3,(#13385,#13386,#13387,#13388,#13389,
#13390,#13391,#13392,#13393,#13394,#13395,#13396,#13397,#13398),
 .UNSPECIFIED.,.F.,.F.,(4,2,2,2,2,2,4),(-0.0317469982129707,-0.0279112609556797,
-0.0234734706508761,-0.015873999106791,-0.00827452756270472,-0.00383673725789883,
-1.00000061332289E-6),.UNSPECIFIED.);
#107=B_SPLINE_CURVE_WITH_KNOTS('',3,(#13400,#13401,#13402,#13403,#13404,
#13405),.UNSPECIFIED.,.F.,.F.,(4,2,4),(-0.0568214645624088,-0.0297561497366744,
-9.99999691091929E-7),.UNSPECIFIED.);
#108=B_SPLINE_CURVE_WITH_KNOTS('',3,(#13407,#13408,#13409,#13410,#13411,
#13412,#13413,#13414,#13415,#13416,#13417,#13418),.UNSPECIFIED.,.F.,.F.,
(4,2,2,2,2,4),(1.00000171727277E-6,0.00447087387667961,0.0091446379052239,
0.0164322621277276,0.0243119346392931,0.0330895222213619),.UNSPECIFIED.);
#109=B_SPLINE_CURVE_WITH_KNOTS('',3,(#13431,#13432,#13433,#13434,#13435,
#13436,#13437,#13438,#13439,#13440,#13441,#13442,#13443,#13444),
 .UNSPECIFIED.,.F.,.F.,(4,2,2,2,2,2,4),(-0.0317469982129184,-0.0279112609556328,
-0.0234734706508366,-0.0158739991067638,-0.0082745275626889,-0.00383673725789076,
-1.00000061335065E-6),.UNSPECIFIED.);
#110=B_SPLINE_CURVE_WITH_KNOTS('',3,(#13452,#13453,#13454,#13455,#13456,
#13457),.UNSPECIFIED.,.F.,.F.,(4,2,4),(-0.0568214645624104,-0.029757150659991,
-9.99999691247977E-7),.UNSPECIFIED.);
#111=B_SPLINE_CURVE_WITH_KNOTS('',3,(#13463,#13464,#13465,#13466,#13467,
#13468,#13469,#13470,#13471,#13472,#13473,#13474),.UNSPECIFIED.,.F.,.F.,
(4,2,2,2,2,4),(1.00000171720538E-6,0.0044708738766842,0.00914463790523022,
0.0164322621277278,0.0243119346392923,0.0330895222213515),.UNSPECIFIED.);
#112=B_SPLINE_CURVE_WITH_KNOTS('',3,(#13535,#13536,#13537,#13538,#13539,
#13540,#13541,#13542,#13543,#13544,#13545,#13546),.UNSPECIFIED.,.F.,.F.,
(4,2,2,2,2,4),(1.00000018565175E-6,0.00881598386421053,0.0167292271550136,
0.024047899777503,0.0287415760422725,0.0332304934940944),.UNSPECIFIED.);
#113=B_SPLINE_CURVE_WITH_KNOTS('',3,(#13552,#13553,#13554,#13555,#13556,
#13557),.UNSPECIFIED.,.F.,.F.,(4,2,4),(-0.0567195097332689,-0.0270167515130854,
-9.99999532015005E-7),.UNSPECIFIED.);
#114=B_SPLINE_CURVE_WITH_KNOTS('',3,(#13563,#13564,#13565,#13566,#13567,
#13568,#13569,#13570,#13571,#13572,#13573,#13574,#13575,#13576),
 .UNSPECIFIED.,.F.,.F.,(4,2,2,2,2,2,4),(-0.0317469982128414,-0.0279112609555654,
-0.0234734706507783,-0.015873999106724,-0.00827452756266871,-0.00383673725788518,
-1.00000061352412E-6),.UNSPECIFIED.);
#115=B_SPLINE_CURVE_WITH_KNOTS('',3,(#13582,#13583,#13584,#13585,#13586,
#13587),.UNSPECIFIED.,.F.,.F.,(4,2,4),(-0.0568214645624079,-0.0297561497366733,
-9.99999690947815E-7),.UNSPECIFIED.);
#116=B_SPLINE_CURVE_WITH_KNOTS('',3,(#13593,#13594,#13595,#13596,#13597,
#13598,#13599,#13600,#13601,#13602,#13603,#13604),.UNSPECIFIED.,.F.,.F.,
(4,2,2,2,2,4),(1.00000171725997E-6,0.0044708738766847,0.00914463790523703,
0.0164322621277527,0.0243119346393305,0.0330895222214061),.UNSPECIFIED.);
#117=B_SPLINE_CURVE_WITH_KNOTS('',3,(#13616,#13617,#13618,#13619,#13620,
#13621,#13622,#13623,#13624,#13625,#13626,#13627),.UNSPECIFIED.,.F.,.F.,
(4,2,2,2,2,4),(1.00000018554482E-6,0.00881598386421386,0.016729227155022,
0.0240478997775223,0.0287415760422965,0.0332304934941195),.UNSPECIFIED.);
#118=B_SPLINE_CURVE_WITH_KNOTS('',3,(#13632,#13633,#13634,#13635,#13636,
#13637),.UNSPECIFIED.,.F.,.F.,(4,2,4),(-0.0567195097332683,-0.0270177506404147,
-9.9999953195179E-7),.UNSPECIFIED.);
#119=B_SPLINE_CURVE_WITH_KNOTS('',3,(#13700,#13701,#13702,#13703,#13704,
#13705,#13706,#13707,#13708,#13709,#13710,#13711),.UNSPECIFIED.,.F.,.F.,
(4,2,2,2,2,4),(-0.0332314594625256,-0.0287422192570898,-0.0240482055165255,
-0.016729006680743,-0.00833837535760609,-1.00000017182189E-6),
 .UNSPECIFIED.);
#120=B_SPLINE_CURVE_WITH_KNOTS('',3,(#13713,#13714,#13715,#13716,#13717,
#13718),.UNSPECIFIED.,.F.,.F.,(4,2,4),(9.99999532004996E-7,0.027016751513087,
0.0567195097332715),.UNSPECIFIED.);
#121=B_SPLINE_CURVE_WITH_KNOTS('',3,(#13720,#13721,#13722,#13723,#13724,
#13725,#13726,#13727,#13728,#13729,#13730,#13731,#13732,#13733),
 .UNSPECIFIED.,.F.,.F.,(4,2,2,2,2,2,4),(1.00000061312857E-6,0.00383673725788523,
0.00827452756267125,0.0158739991067294,0.023473470650786,0.0279112609555698,
0.0317469982128443),.UNSPECIFIED.);
#122=B_SPLINE_CURVE_WITH_KNOTS('',3,(#13735,#13736,#13737,#13738,#13739,
#13740),.UNSPECIFIED.,.F.,.F.,(4,2,4),(9.99999690945706E-7,0.0297566260501506,
0.0568214645624121),.UNSPECIFIED.);
#123=B_SPLINE_CURVE_WITH_KNOTS('',3,(#13742,#13743,#13744,#13745,#13746,
#13747,#13748,#13749,#13750,#13751,#13752,#13753),.UNSPECIFIED.,.F.,.F.,
(4,2,2,2,2,4),(-0.0330881051118442,-0.0247866967275694,-0.0164322621208659,
-0.00914463790140476,-0.00447087387481099,-1.00000171732867E-6),
 .UNSPECIFIED.);
#124=B_SPLINE_CURVE_WITH_KNOTS('',3,(#13757,#13758,#13759,#13760,#13761,
#13762,#13763,#13764,#13765,#13766,#13767,#13768),.UNSPECIFIED.,.F.,.F.,
(4,2,2,2,2,4),(-0.0332314594625249,-0.0287422192570941,-0.0240482055165326,
-0.0167290066807456,-0.00833837535760719,-1.00000017230761E-6),
 .UNSPECIFIED.);
#125=B_SPLINE_CURVE_WITH_KNOTS('',3,(#13770,#13771,#13772,#13773,#13774,
#13775),.UNSPECIFIED.,.F.,.F.,(4,2,4),(9.99999531965716E-7,0.0270172751816048,
0.0567195097332653),.UNSPECIFIED.);
#126=B_SPLINE_CURVE_WITH_KNOTS('',3,(#13777,#13778,#13779,#13780,#13781,
#13782,#13783,#13784,#13785,#13786,#13787,#13788,#13789,#13790),
 .UNSPECIFIED.,.F.,.F.,(4,2,2,2,2,2,4),(1.00000061328442E-6,0.00383673725788691,
0.00827452756267375,0.0158739991066924,0.0234734706507112,0.0279112609555011,
0.0317469982127785),.UNSPECIFIED.);
#127=B_SPLINE_CURVE_WITH_KNOTS('',3,(#13792,#13793,#13794,#13795,#13796,
#13797),.UNSPECIFIED.,.F.,.F.,(4,2,4),(9.99999691019086E-7,0.0297566743473506,
0.0568214645624098),.UNSPECIFIED.);
#128=B_SPLINE_CURVE_WITH_KNOTS('',3,(#13799,#13800,#13801,#13802,#13803,
#13804,#13805,#13806,#13807,#13808,#13809,#13810),.UNSPECIFIED.,.F.,.F.,
(4,2,2,2,2,4),(-0.0330881051118471,-0.0247866967275724,-0.0164322621208649,
-0.00914463790140187,-0.00447087387480972,-1.00000171728704E-6),
 .UNSPECIFIED.);
#129=B_SPLINE_CURVE_WITH_KNOTS('',3,(#13822,#13823,#13824,#13825,#13826,
#13827,#13828,#13829,#13830,#13831,#13832,#13833,#13834,#13835),
 .UNSPECIFIED.,.F.,.F.,(4,2,2,2,2,2,4),(1.00000061356325E-6,0.0038367372578847,
0.00827452756266374,0.015873999106703,0.0234734706507428,0.0279112609555242,
0.0317469982127973),.UNSPECIFIED.);
#130=B_SPLINE_CURVE_WITH_KNOTS('',3,(#13841,#13842,#13843,#13844,#13845,
#13846),.UNSPECIFIED.,.F.,.F.,(4,2,4),(9.99999532042289E-7,0.0270167515130868,
0.0567195097332689),.UNSPECIFIED.);
#131=B_SPLINE_CURVE_WITH_KNOTS('',3,(#13852,#13853,#13854,#13855,#13856,
#13857,#13858,#13859,#13860,#13861,#13862,#13863),.UNSPECIFIED.,.F.,.F.,
(4,2,2,2,2,4),(-0.0332314594625177,-0.0287422192570918,-0.0240482055165342,
-0.0167290066807451,-0.00833837535760584,-1.00000017252966E-6),
 .UNSPECIFIED.);
#132=B_SPLINE_CURVE_WITH_KNOTS('',3,(#13924,#13925,#13926,#13927,#13928,
#13929,#13930,#13931,#13932,#13933,#13934,#13935),.UNSPECIFIED.,.F.,.F.,
(4,2,2,2,2,4),(-0.0330881051118395,-0.0247866967275647,-0.0164322621208574,
-0.00914463790139914,-0.00447087387480908,-1.00000171741887E-6),
 .UNSPECIFIED.);
#133=B_SPLINE_CURVE_WITH_KNOTS('',3,(#13941,#13942,#13943,#13944,#13945,
#13946),.UNSPECIFIED.,.F.,.F.,(4,2,4),(9.99999690529801E-7,0.0297571506599877,
0.0568214645623986),.UNSPECIFIED.);
#134=B_SPLINE_CURVE_WITH_KNOTS('',3,(#13952,#13953,#13954,#13955,#13956,
#13957,#13958,#13959,#13960,#13961,#13962,#13963,#13964,#13965),
 .UNSPECIFIED.,.F.,.F.,(4,2,2,2,2,2,4),(1.00000061325834E-6,0.00383673725787623,
0.00827452756264715,0.0158739991066804,0.0234734706507119,0.0279112609554826,
0.0317469982127444),.UNSPECIFIED.);
#135=B_SPLINE_CURVE_WITH_KNOTS('',3,(#13971,#13972,#13973,#13974,#13975,
#13976),.UNSPECIFIED.,.F.,.F.,(4,2,4),(9.99999531962585E-7,0.0270172269710647,
0.0567195097332714),.UNSPECIFIED.);
#136=B_SPLINE_CURVE_WITH_KNOTS('',3,(#13982,#13983,#13984,#13985,#13986,
#13987,#13988,#13989,#13990,#13991,#13992,#13993),.UNSPECIFIED.,.F.,.F.,
(4,2,2,2,2,4),(-0.0332314594625237,-0.0287422192570922,-0.024048205516531,
-0.0167290066807456,-0.00833837535760742,-1.00000017234231E-6),
 .UNSPECIFIED.);
#137=B_SPLINE_CURVE_WITH_KNOTS('',3,(#14005,#14006,#14007,#14008,#14009,
#14010,#14011,#14012,#14013,#14014,#14015,#14016),.UNSPECIFIED.,.F.,.F.,
(4,2,2,2,2,4),(-0.0330881051118632,-0.0247866967275824,-0.0164322621208694,
-0.009144637901406,-0.00447087387481169,-1.00000171732867E-6),
 .UNSPECIFIED.);
#138=B_SPLINE_CURVE_WITH_KNOTS('',3,(#14019,#14020,#14021,#14022,#14023,
#14024),.UNSPECIFIED.,.F.,.F.,(4,2,4),(9.99999690481229E-7,0.0297561497366708,
0.0568214645624042),.UNSPECIFIED.);
#139=(
BOUNDED_CURVE()
B_SPLINE_CURVE(3,(#11775,#11776,#11777,#11778),.UNSPECIFIED.,.F.,.F.)
B_SPLINE_CURVE_WITH_KNOTS((4,4),(0.,0.31415728105864),.UNSPECIFIED.)
CURVE()
GEOMETRIC_REPRESENTATION_ITEM()
RATIONAL_B_SPLINE_CURVE((1.,0.999999999999999,1.,1.))
REPRESENTATION_ITEM('')
);
#140=(
BOUNDED_CURVE()
B_SPLINE_CURVE(3,(#11801,#11802,#11803,#11804),.UNSPECIFIED.,.F.,.F.)
B_SPLINE_CURVE_WITH_KNOTS((4,4),(0.,0.31415728105864),.UNSPECIFIED.)
CURVE()
GEOMETRIC_REPRESENTATION_ITEM()
RATIONAL_B_SPLINE_CURVE((1.,0.999999999999999,1.,1.))
REPRESENTATION_ITEM('')
);
#141=(
BOUNDED_CURVE()
B_SPLINE_CURVE(3,(#11911,#11912,#11913,#11914),.UNSPECIFIED.,.F.,.F.)
B_SPLINE_CURVE_WITH_KNOTS((4,4),(0.,0.314157281058625),.UNSPECIFIED.)
CURVE()
GEOMETRIC_REPRESENTATION_ITEM()
RATIONAL_B_SPLINE_CURVE((1.,0.999999999999999,1.,1.))
REPRESENTATION_ITEM('')
);
#142=(
BOUNDED_CURVE()
B_SPLINE_CURVE(3,(#11950,#11951,#11952,#11953),.UNSPECIFIED.,.F.,.F.)
B_SPLINE_CURVE_WITH_KNOTS((4,4),(0.,0.314157281058625),.UNSPECIFIED.)
CURVE()
GEOMETRIC_REPRESENTATION_ITEM()
RATIONAL_B_SPLINE_CURVE((1.,0.999999999999999,1.,1.))
REPRESENTATION_ITEM('')
);
#143=(
BOUNDED_CURVE()
B_SPLINE_CURVE(2,(#12982,#12983,#12984,#12985,#12986,#12987,#12988),
 .UNSPECIFIED.,.F.,.F.)
B_SPLINE_CURVE_WITH_KNOTS((3,2,2,3),(-96.9638665617915,-96.0000000000001,
-69.7685886445339,-68.8047220827425),.UNSPECIFIED.)
CURVE()
GEOMETRIC_REPRESENTATION_ITEM()
RATIONAL_B_SPLINE_CURVE((0.918476023109999,0.951060823160403,1.,1.,1.,0.951060823160404,
0.91847602311))
REPRESENTATION_ITEM('')
);
#144=(
BOUNDED_CURVE()
B_SPLINE_CURVE(2,(#12992,#12993,#12994,#12995,#12996),.UNSPECIFIED.,.F.,
 .F.)
B_SPLINE_CURVE_WITH_KNOTS((3,2,3),(-128.,-101.768588644534,-100.804722082743),
 .UNSPECIFIED.)
CURVE()
GEOMETRIC_REPRESENTATION_ITEM()
RATIONAL_B_SPLINE_CURVE((1.,1.,1.,0.951060823160405,0.918476023110001))
REPRESENTATION_ITEM('')
);
#145=(
BOUNDED_CURVE()
B_SPLINE_CURVE(2,(#12997,#12998,#12999),.UNSPECIFIED.,.F.,.F.)
B_SPLINE_CURVE_WITH_KNOTS((3,3),(-0.963866561791325,0.),.UNSPECIFIED.)
CURVE()
GEOMETRIC_REPRESENTATION_ITEM()
RATIONAL_B_SPLINE_CURVE((0.91847602311,0.951060823160404,1.))
REPRESENTATION_ITEM('')
);
#146=(
BOUNDED_CURVE()
B_SPLINE_CURVE(2,(#13000,#13001,#13002,#13003,#13004,#13005,#13006),
 .UNSPECIFIED.,.F.,.F.)
B_SPLINE_CURVE_WITH_KNOTS((3,2,2,3),(-32.9638665617914,-32.0000000000001,
-5.7685886445338,-4.80472208274243),.UNSPECIFIED.)
CURVE()
GEOMETRIC_REPRESENTATION_ITEM()
RATIONAL_B_SPLINE_CURVE((0.918476023109999,0.951060823160403,1.,1.,1.,0.951060823160402,
0.918476023109997))
REPRESENTATION_ITEM('')
);
#147=(
BOUNDED_CURVE()
B_SPLINE_CURVE(2,(#13008,#13009,#13010,#13011,#13012),.UNSPECIFIED.,.F.,
 .F.)
B_SPLINE_CURVE_WITH_KNOTS((3,2,3),(-64.0000000000001,-37.7685886445338,
-36.8047220827425),.UNSPECIFIED.)
CURVE()
GEOMETRIC_REPRESENTATION_ITEM()
RATIONAL_B_SPLINE_CURVE((1.,1.,1.,0.951060823160404,0.91847602311))
REPRESENTATION_ITEM('')
);
#148=(
BOUNDED_CURVE()
B_SPLINE_CURVE(2,(#13013,#13014,#13015),.UNSPECIFIED.,.F.,.F.)
B_SPLINE_CURVE_WITH_KNOTS((3,3),(-64.9638665617915,-64.0000000000001),
 .UNSPECIFIED.)
CURVE()
GEOMETRIC_REPRESENTATION_ITEM()
RATIONAL_B_SPLINE_CURVE((0.91847602311,0.951060823160404,1.))
REPRESENTATION_ITEM('')
);
#149=(
BOUNDED_CURVE()
B_SPLINE_CURVE(2,(#13051,#13052,#13053,#13054,#13055,#13056,#13057),
 .UNSPECIFIED.,.F.,.F.)
B_SPLINE_CURVE_WITH_KNOTS((3,2,2,3),(68.8047220827425,69.7685886445339,
96.0000000000001,96.9638665617915),.UNSPECIFIED.)
CURVE()
GEOMETRIC_REPRESENTATION_ITEM()
RATIONAL_B_SPLINE_CURVE((0.91847602311,0.951060823160404,1.,1.,1.,0.951060823160403,
0.91847602311))
REPRESENTATION_ITEM('')
);
#150=(
BOUNDED_CURVE()
B_SPLINE_CURVE(2,(#13075,#13076,#13077),.UNSPECIFIED.,.F.,.F.)
B_SPLINE_CURVE_WITH_KNOTS((3,3),(64.0000000000001,64.9638665617915),
 .UNSPECIFIED.)
CURVE()
GEOMETRIC_REPRESENTATION_ITEM()
RATIONAL_B_SPLINE_CURVE((1.,0.951060823160404,0.91847602311))
REPRESENTATION_ITEM('')
);
#151=(
BOUNDED_CURVE()
B_SPLINE_CURVE(2,(#13078,#13079,#13080,#13081,#13082),.UNSPECIFIED.,.F.,
 .F.)
B_SPLINE_CURVE_WITH_KNOTS((3,2,3),(36.8047220827425,37.7685886445338,64.0000000000001),
 .UNSPECIFIED.)
CURVE()
GEOMETRIC_REPRESENTATION_ITEM()
RATIONAL_B_SPLINE_CURVE((0.918476023110001,0.951060823160404,1.,1.,1.))
REPRESENTATION_ITEM('')
);
#152=(
BOUNDED_CURVE()
B_SPLINE_CURVE(2,(#13083,#13084,#13085,#13086,#13087,#13088,#13089),
 .UNSPECIFIED.,.F.,.F.)
B_SPLINE_CURVE_WITH_KNOTS((3,2,2,3),(4.80472208274242,5.7685886445338,32.0000000000001,
32.9638665617914),.UNSPECIFIED.)
CURVE()
GEOMETRIC_REPRESENTATION_ITEM()
RATIONAL_B_SPLINE_CURVE((0.918476023109997,0.951060823160402,1.,1.,1.,0.951060823160403,
0.918476023109999))
REPRESENTATION_ITEM('')
);
#153=(
BOUNDED_CURVE()
B_SPLINE_CURVE(2,(#13091,#13092,#13093),.UNSPECIFIED.,.F.,.F.)
B_SPLINE_CURVE_WITH_KNOTS((3,3),(0.,0.963866561791311),.UNSPECIFIED.)
CURVE()
GEOMETRIC_REPRESENTATION_ITEM()
RATIONAL_B_SPLINE_CURVE((1.,0.951060823160405,0.918476023110001))
REPRESENTATION_ITEM('')
);
#154=(
BOUNDED_CURVE()
B_SPLINE_CURVE(2,(#13094,#13095,#13096,#13097,#13098),.UNSPECIFIED.,.F.,
 .F.)
B_SPLINE_CURVE_WITH_KNOTS((3,2,3),(100.804722082743,101.768588644534,128.),
 .UNSPECIFIED.)
CURVE()
GEOMETRIC_REPRESENTATION_ITEM()
RATIONAL_B_SPLINE_CURVE((0.918476023110004,0.951060823160407,1.,1.,1.))
REPRESENTATION_ITEM('')
);
#155=STYLED_ITEM('',(#14358),#190);
#156=STYLED_ITEM('',(#14358),#191);
#157=STYLED_ITEM('',(#14358),#192);
#158=STYLED_ITEM('',(#14358),#193);
#159=STYLED_ITEM('',(#14358),#194);
#160=STYLED_ITEM('',(#14358),#195);
#161=STYLED_ITEM('',(#14358),#196);
#162=STYLED_ITEM('',(#14358),#197);
#163=STYLED_ITEM('',(#14358),#198);
#164=STYLED_ITEM('',(#14358),#199);
#165=STYLED_ITEM('',(#14358),#200);
#166=STYLED_ITEM('',(#14358),#201);
#167=STYLED_ITEM('',(#14358),#202);
#168=STYLED_ITEM('',(#14358),#203);
#169=STYLED_ITEM('',(#14358),#204);
#170=STYLED_ITEM('',(#14358),#205);
#171=STYLED_ITEM('',(#14358),#206);
#172=STYLED_ITEM('',(#14358),#207);
#173=STYLED_ITEM('',(#14358),#208);
#174=STYLED_ITEM('',(#14358),#209);
#175=STYLED_ITEM('',(#14358),#210);
#176=STYLED_ITEM('',(#14358),#211);
#177=STYLED_ITEM('',(#14358),#212);
#178=STYLED_ITEM('',(#14358),#213);
#179=STYLED_ITEM('',(#14358),#214);
#180=STYLED_ITEM('',(#14358),#215);
#181=STYLED_ITEM('',(#14358),#216);
#182=STYLED_ITEM('',(#14358),#217);
#183=STYLED_ITEM('',(#14358),#218);
#184=STYLED_ITEM('',(#14358),#219);
#185=STYLED_ITEM('',(#14358),#220);
#186=STYLED_ITEM('',(#14358),#221);
#187=STYLED_ITEM('',(#14358),#222);
#188=STYLED_ITEM('',(#14358),#223);
#189=STYLED_ITEM('',(#14358),#224);
#190=MANIFOLD_SOLID_BREP('reference-camera-32x32mm-28mm-pattern 1',#8254);
#191=MANIFOLD_SOLID_BREP('reference-camera-32x32mm-28mm-pattern 2',#8255);
#192=MANIFOLD_SOLID_BREP('reference-camera-32x32mm-28mm-pattern 3',#8256);
#193=MANIFOLD_SOLID_BREP('reference-camera-32x32mm-28mm-pattern 4',#8257);
#194=MANIFOLD_SOLID_BREP('reference-camera-32x32mm-28mm-pattern 5',#8258);
#195=MANIFOLD_SOLID_BREP('reference-camera-32x32mm-28mm-pattern 6',#8259);
#196=MANIFOLD_SOLID_BREP('reference-camera-32x32mm-28mm-pattern 7',#8260);
#197=MANIFOLD_SOLID_BREP('reference-camera-32x32mm-28mm-pattern 8',#8261);
#198=MANIFOLD_SOLID_BREP('reference-camera-32x32mm-28mm-pattern 9',#8262);
#199=MANIFOLD_SOLID_BREP('reference-camera-32x32mm-28mm-pattern 10',#8263);
#200=MANIFOLD_SOLID_BREP('reference-camera-32x32mm-28mm-pattern 11',#8264);
#201=MANIFOLD_SOLID_BREP('reference-camera-32x32mm-28mm-pattern 12',#8265);
#202=MANIFOLD_SOLID_BREP('reference-camera-32x32mm-28mm-pattern 13',#8266);
#203=MANIFOLD_SOLID_BREP('reference-camera-32x32mm-28mm-pattern 14',#8267);
#204=MANIFOLD_SOLID_BREP('reference-camera-32x32mm-28mm-pattern 15',#8268);
#205=MANIFOLD_SOLID_BREP('reference-camera-32x32mm-28mm-pattern 16',#8269);
#206=MANIFOLD_SOLID_BREP('reference-camera-32x32mm-28mm-pattern 17',#8270);
#207=MANIFOLD_SOLID_BREP('reference-camera-32x32mm-28mm-pattern 18',#8271);
#208=MANIFOLD_SOLID_BREP('reference-camera-32x32mm-28mm-pattern 19',#8272);
#209=MANIFOLD_SOLID_BREP('reference-camera-32x32mm-28mm-pattern 20',#8273);
#210=MANIFOLD_SOLID_BREP('reference-camera-32x32mm-28mm-pattern 21',#8274);
#211=MANIFOLD_SOLID_BREP('reference-camera-32x32mm-28mm-pattern 22',#8275);
#212=MANIFOLD_SOLID_BREP('reference-camera-32x32mm-28mm-pattern 23',#8276);
#213=MANIFOLD_SOLID_BREP('reference-camera-32x32mm-28mm-pattern 24',#8277);
#214=MANIFOLD_SOLID_BREP('reference-camera-32x32mm-28mm-pattern 25',#8278);
#215=MANIFOLD_SOLID_BREP('reference-camera-32x32mm-28mm-pattern 26',#8279);
#216=MANIFOLD_SOLID_BREP('reference-camera-32x32mm-28mm-pattern 27',#8280);
#217=MANIFOLD_SOLID_BREP('reference-camera-32x32mm-28mm-pattern 28',#8281);
#218=MANIFOLD_SOLID_BREP('reference-camera-32x32mm-28mm-pattern 29',#8282);
#219=MANIFOLD_SOLID_BREP('reference-camera-32x32mm-28mm-pattern 30',#8283);
#220=MANIFOLD_SOLID_BREP('reference-camera-32x32mm-28mm-pattern 31',#8284);
#221=MANIFOLD_SOLID_BREP('reference-camera-32x32mm-28mm-pattern 32',#8285);
#222=MANIFOLD_SOLID_BREP('reference-camera-32x32mm-28mm-pattern 33',#8286);
#223=MANIFOLD_SOLID_BREP('reference-camera-32x32mm-28mm-pattern 34',#8287);
#224=MANIFOLD_SOLID_BREP('reference-camera-32x32mm-28mm-pattern 35',#8288);
#225=SPHERICAL_SURFACE('',#8344,0.10000000000001);
#226=SPHERICAL_SURFACE('',#8345,0.100000000000027);
#227=SPHERICAL_SURFACE('',#8346,0.100000000000013);
#228=SPHERICAL_SURFACE('',#8347,0.1);
#229=SPHERICAL_SURFACE('',#8348,0.100000000000028);
#230=SPHERICAL_SURFACE('',#8349,0.100000000000001);
#231=SPHERICAL_SURFACE('',#8350,0.100000000000046);
#232=SPHERICAL_SURFACE('',#8351,0.0999999999999861);
#233=SPHERICAL_SURFACE('',#8394,0.100000000000055);
#234=SPHERICAL_SURFACE('',#8395,0.10000000000003);
#235=SPHERICAL_SURFACE('',#8396,0.0999999999999929);
#236=SPHERICAL_SURFACE('',#8397,0.100000000000006);
#237=SPHERICAL_SURFACE('',#8398,0.100000000000016);
#238=SPHERICAL_SURFACE('',#8399,0.0999999999999938);
#239=SPHERICAL_SURFACE('',#8400,0.0999999999999666);
#240=SPHERICAL_SURFACE('',#8401,0.0999999999999828);
#241=SPHERICAL_SURFACE('',#8476,0.100000000000009);
#242=SPHERICAL_SURFACE('',#8477,0.100000000000027);
#243=SPHERICAL_SURFACE('',#8478,0.100000000000013);
#244=SPHERICAL_SURFACE('',#8479,0.0999999999999987);
#245=SPHERICAL_SURFACE('',#8516,0.100000000000054);
#246=SPHERICAL_SURFACE('',#8517,0.100000000000032);
#247=SPHERICAL_SURFACE('',#8518,0.0999999999999946);
#248=SPHERICAL_SURFACE('',#8519,0.100000000000005);
#249=SPHERICAL_SURFACE('',#8919,2.);
#250=SPHERICAL_SURFACE('',#8921,2.);
#251=CIRCLE('',#8309,0.100000000000003);
#252=CIRCLE('',#8310,0.099999999999999);
#253=CIRCLE('',#8312,0.0999999999999956);
#254=CIRCLE('',#8313,0.0999999999999973);
#255=CIRCLE('',#8315,0.0999999999999957);
#256=CIRCLE('',#8316,0.0999999999999968);
#257=CIRCLE('',#8318,0.100000000000001);
#258=CIRCLE('',#8319,0.100000000000004);
#259=CIRCLE('',#8321,0.0999999999999993);
#260=CIRCLE('',#8322,0.0999999999999979);
#261=CIRCLE('',#8324,0.100000000000019);
#262=CIRCLE('',#8325,0.100000000000005);
#263=CIRCLE('',#8327,0.0999999999999998);
#264=CIRCLE('',#8328,0.100000000000001);
#265=CIRCLE('',#8330,0.1);
#266=CIRCLE('',#8331,0.1);
#267=CIRCLE('',#8333,0.099999999999999);
#268=CIRCLE('',#8334,0.099999999999999);
#269=CIRCLE('',#8336,0.1);
#270=CIRCLE('',#8337,0.099999999999999);
#271=CIRCLE('',#8339,0.1);
#272=CIRCLE('',#8340,0.100000000000103);
#273=CIRCLE('',#8342,0.1);
#274=CIRCLE('',#8343,0.1);
#275=CIRCLE('',#8359,0.0999999999999979);
#276=CIRCLE('',#8360,0.0999999999999979);
#277=CIRCLE('',#8362,0.1);
#278=CIRCLE('',#8363,0.1);
#279=CIRCLE('',#8365,0.1);
#280=CIRCLE('',#8366,0.100000000000001);
#281=CIRCLE('',#8368,0.0999999999999998);
#282=CIRCLE('',#8369,0.0999999999999998);
#283=CIRCLE('',#8371,0.1);
#284=CIRCLE('',#8372,0.100000000000004);
#285=CIRCLE('',#8374,0.0999999999999954);
#286=CIRCLE('',#8375,0.0999999999999957);
#287=CIRCLE('',#8377,0.100000000000014);
#288=CIRCLE('',#8378,0.100000000000001);
#289=CIRCLE('',#8380,0.1);
#290=CIRCLE('',#8381,0.1);
#291=CIRCLE('',#8383,0.0999999999999956);
#292=CIRCLE('',#8384,0.0999999999999956);
#293=CIRCLE('',#8386,0.099999999999999);
#294=CIRCLE('',#8387,0.1);
#295=CIRCLE('',#8389,0.100000000000005);
#296=CIRCLE('',#8390,0.100000000000016);
#297=CIRCLE('',#8392,0.099999999999999);
#298=CIRCLE('',#8393,0.100000000000001);
#299=CIRCLE('',#8446,0.099999999999999);
#300=CIRCLE('',#8447,0.100000000000003);
#301=CIRCLE('',#8449,0.0999999999999973);
#302=CIRCLE('',#8450,0.0999999999999956);
#303=CIRCLE('',#8452,0.0999999999999968);
#304=CIRCLE('',#8453,0.0999999999999957);
#305=CIRCLE('',#8455,0.100000000000004);
#306=CIRCLE('',#8456,0.100000000000001);
#307=CIRCLE('',#8458,0.0999999999999937);
#308=CIRCLE('',#8459,0.10000000000001);
#309=CIRCLE('',#8461,0.0999999999999959);
#310=CIRCLE('',#8462,0.0999999999999957);
#311=CIRCLE('',#8464,0.0999999999999998);
#312=CIRCLE('',#8465,0.100000000000003);
#313=CIRCLE('',#8467,0.099999999999999);
#314=CIRCLE('',#8468,0.10000000000002);
#315=CIRCLE('',#8470,0.1);
#316=CIRCLE('',#8471,0.0999999999999912);
#317=CIRCLE('',#8473,0.100000000000104);
#318=CIRCLE('',#8475,0.1);
#319=CIRCLE('',#8486,0.0999999999999979);
#320=CIRCLE('',#8487,0.0999999999999979);
#321=CIRCLE('',#8489,0.1);
#322=CIRCLE('',#8490,0.1);
#323=CIRCLE('',#8492,0.100000000000001);
#324=CIRCLE('',#8493,0.1);
#325=CIRCLE('',#8495,0.0999999999999998);
#326=CIRCLE('',#8496,0.0999999999999998);
#327=CIRCLE('',#8498,0.100000000000006);
#328=CIRCLE('',#8499,0.100000000000007);
#329=CIRCLE('',#8501,0.0999999999999954);
#330=CIRCLE('',#8502,0.100000000000002);
#331=CIRCLE('',#8504,0.100000000000003);
#332=CIRCLE('',#8505,0.0999999999999956);
#333=CIRCLE('',#8507,0.0999999999999956);
#334=CIRCLE('',#8509,0.099999999999999);
#335=CIRCLE('',#8510,0.100000000000009);
#336=CIRCLE('',#8512,0.100000000000016);
#337=CIRCLE('',#8514,0.100000000000001);
#338=CIRCLE('',#8515,0.100000000000007);
#339=CIRCLE('',#8722,2.);
#340=CIRCLE('',#8723,2.);
#341=CIRCLE('',#8725,2.);
#342=CIRCLE('',#8726,2.);
#343=CIRCLE('',#8728,2.);
#344=CIRCLE('',#8729,2.);
#345=CIRCLE('',#8731,2.);
#346=CIRCLE('',#8732,0.755);
#347=CIRCLE('',#8733,0.755000000000001);
#348=CIRCLE('',#8734,2.);
#349=CIRCLE('',#8735,2.);
#350=CIRCLE('',#8736,0.800000000000001);
#351=CIRCLE('',#8737,0.800000000000001);
#352=CIRCLE('',#8738,0.800000000000001);
#353=CIRCLE('',#8739,0.800000000000001);
#354=CIRCLE('',#8741,2.);
#355=CIRCLE('',#8743,0.755);
#356=CIRCLE('',#8744,0.755000000000001);
#357=CIRCLE('',#8745,2.);
#358=CIRCLE('',#8746,2.);
#359=CIRCLE('',#8747,0.800000000000001);
#360=CIRCLE('',#8748,0.800000000000001);
#361=CIRCLE('',#8749,0.800000000000001);
#362=CIRCLE('',#8750,0.800000000000001);
#363=CIRCLE('',#8760,0.600000000000001);
#364=CIRCLE('',#8761,0.600000000000001);
#365=CIRCLE('',#8763,0.800000000000001);
#366=CIRCLE('',#8765,0.800000000000001);
#367=CIRCLE('',#8768,0.600000000000001);
#368=CIRCLE('',#8769,0.600000000000001);
#369=CIRCLE('',#8771,0.800000000000001);
#370=CIRCLE('',#8773,0.800000000000001);
#371=CIRCLE('',#8776,0.600000000000001);
#372=CIRCLE('',#8777,0.600000000000001);
#373=CIRCLE('',#8779,0.800000000000001);
#374=CIRCLE('',#8781,0.800000000000001);
#375=CIRCLE('',#8784,0.600000000000001);
#376=CIRCLE('',#8785,0.600000000000001);
#377=CIRCLE('',#8787,0.800000000000001);
#378=CIRCLE('',#8789,0.800000000000001);
#379=CIRCLE('',#8795,1.75);
#380=CIRCLE('',#8798,1.75);
#381=CIRCLE('',#8800,0.199999999999998);
#382=CIRCLE('',#8803,0.199999999999998);
#383=CIRCLE('',#8807,0.2);
#384=CIRCLE('',#8810,0.200000000000005);
#385=CIRCLE('',#8813,0.2);
#386=CIRCLE('',#8816,0.200000000000001);
#387=CIRCLE('',#8819,0.200000000000003);
#388=CIRCLE('',#8822,0.199999999999995);
#389=CIRCLE('',#8826,0.200000000000002);
#390=CIRCLE('',#8829,0.200000000000002);
#391=CIRCLE('',#8832,0.200000000000001);
#392=CIRCLE('',#8836,0.199999999999996);
#393=CIRCLE('',#8840,1.75);
#394=CIRCLE('',#8846,1.75);
#395=CIRCLE('',#8848,0.199999999999998);
#396=CIRCLE('',#8851,0.199999999999998);
#397=CIRCLE('',#8855,0.2);
#398=CIRCLE('',#8858,0.200000000000005);
#399=CIRCLE('',#8861,0.2);
#400=CIRCLE('',#8864,0.200000000000001);
#401=CIRCLE('',#8867,0.200000000000003);
#402=CIRCLE('',#8870,0.199999999999995);
#403=CIRCLE('',#8874,0.200000000000002);
#404=CIRCLE('',#8877,0.200000000000002);
#405=CIRCLE('',#8880,0.200000000000001);
#406=CIRCLE('',#8884,0.199999999999996);
#407=CIRCLE('',#8888,1.);
#408=CIRCLE('',#8889,1.);
#409=CIRCLE('',#8891,2.);
#410=CIRCLE('',#8893,2.);
#411=CIRCLE('',#8896,1.);
#412=CIRCLE('',#8897,1.);
#413=CIRCLE('',#8899,2.);
#414=CIRCLE('',#8901,2.);
#415=CIRCLE('',#8904,1.);
#416=CIRCLE('',#8905,1.);
#417=CIRCLE('',#8907,2.);
#418=CIRCLE('',#8909,2.);
#419=CIRCLE('',#8912,1.);
#420=CIRCLE('',#8913,1.);
#421=CIRCLE('',#8915,2.);
#422=CIRCLE('',#8917,2.);
#423=CIRCLE('',#8920,2.);
#424=CIRCLE('',#8922,2.);
#425=CIRCLE('',#8924,1.);
#426=CIRCLE('',#8925,1.);
#427=CIRCLE('',#8927,2.);
#428=CIRCLE('',#8929,2.);
#429=CIRCLE('',#8932,1.);
#430=CIRCLE('',#8933,1.);
#431=CIRCLE('',#8935,2.);
#432=CIRCLE('',#8937,2.);
#433=CIRCLE('',#8940,7.);
#434=CIRCLE('',#8941,7.);
#435=CIRCLE('',#8943,6.);
#436=CIRCLE('',#8945,0.499999999999994);
#437=CIRCLE('',#8946,0.499999999999994);
#438=CIRCLE('',#8949,0.865000000000008);
#439=CIRCLE('',#8950,0.86500000000001);
#440=CIRCLE('',#8953,0.865);
#441=CIRCLE('',#8954,0.864999999999992);
#442=CIRCLE('',#8957,0.500000000000002);
#443=CIRCLE('',#8958,0.500000000000002);
#444=CIRCLE('',#8961,2.2);
#445=CIRCLE('',#8962,2.2);
#446=CIRCLE('',#8965,0.499999999999994);
#447=CIRCLE('',#8966,0.500000000000002);
#448=CIRCLE('',#8969,0.864999999999998);
#449=CIRCLE('',#8970,0.865000000000004);
#450=CIRCLE('',#8973,0.864999999999996);
#451=CIRCLE('',#8974,0.86500000000001);
#452=CIRCLE('',#8977,0.499999999999993);
#453=CIRCLE('',#8978,0.499999999999993);
#454=CIRCLE('',#8981,2.2);
#455=CIRCLE('',#8982,2.2);
#456=CIRCLE('',#8985,0.500000000000004);
#457=CIRCLE('',#8986,0.5);
#458=CIRCLE('',#8987,0.499999999999997);
#459=CIRCLE('',#8988,0.499999999999998);
#460=CIRCLE('',#8989,0.85);
#461=CIRCLE('',#8990,0.85);
#462=CIRCLE('',#8992,0.85);
#463=CIRCLE('',#8993,0.85);
#464=CIRCLE('',#8995,0.499999999999998);
#465=CIRCLE('',#8996,0.499999999999997);
#466=CIRCLE('',#8997,0.499999999999997);
#467=CIRCLE('',#8998,0.500000000000006);
#468=CIRCLE('',#8999,6.);
#469=CYLINDRICAL_SURFACE('',#8308,0.0999999999999961);
#470=CYLINDRICAL_SURFACE('',#8311,0.0999999999999961);
#471=CYLINDRICAL_SURFACE('',#8314,0.0999999999999979);
#472=CYLINDRICAL_SURFACE('',#8317,0.100000000000001);
#473=CYLINDRICAL_SURFACE('',#8320,0.100000000000004);
#474=CYLINDRICAL_SURFACE('',#8323,0.100000000000001);
#475=CYLINDRICAL_SURFACE('',#8326,0.1);
#476=CYLINDRICAL_SURFACE('',#8329,0.099999999999999);
#477=CYLINDRICAL_SURFACE('',#8332,0.0999999999999979);
#478=CYLINDRICAL_SURFACE('',#8335,0.0999999999999961);
#479=CYLINDRICAL_SURFACE('',#8338,0.0999999999999979);
#480=CYLINDRICAL_SURFACE('',#8341,0.100000000000001);
#481=CYLINDRICAL_SURFACE('',#8358,0.100000000000014);
#482=CYLINDRICAL_SURFACE('',#8361,0.0999999999999979);
#483=CYLINDRICAL_SURFACE('',#8364,0.0999999999999837);
#484=CYLINDRICAL_SURFACE('',#8367,0.0999999999999961);
#485=CYLINDRICAL_SURFACE('',#8370,0.100000000000004);
#486=CYLINDRICAL_SURFACE('',#8373,0.100000000000001);
#487=CYLINDRICAL_SURFACE('',#8376,0.100000000000002);
#488=CYLINDRICAL_SURFACE('',#8379,0.100000000000002);
#489=CYLINDRICAL_SURFACE('',#8382,0.0999999999999961);
#490=CYLINDRICAL_SURFACE('',#8385,0.100000000000012);
#491=CYLINDRICAL_SURFACE('',#8388,0.100000000000017);
#492=CYLINDRICAL_SURFACE('',#8391,0.100000000000009);
#493=CYLINDRICAL_SURFACE('',#8445,0.0999999999999961);
#494=CYLINDRICAL_SURFACE('',#8448,0.0999999999999961);
#495=CYLINDRICAL_SURFACE('',#8451,0.0999999999999979);
#496=CYLINDRICAL_SURFACE('',#8454,0.100000000000001);
#497=CYLINDRICAL_SURFACE('',#8457,0.0999999999999994);
#498=CYLINDRICAL_SURFACE('',#8460,0.0999999999999976);
#499=CYLINDRICAL_SURFACE('',#8463,0.100000000000004);
#500=CYLINDRICAL_SURFACE('',#8466,0.0999999999999996);
#501=CYLINDRICAL_SURFACE('',#8469,0.0999999999999943);
#502=CYLINDRICAL_SURFACE('',#8472,0.100000000000005);
#503=CYLINDRICAL_SURFACE('',#8474,0.100000000000001);
#504=CYLINDRICAL_SURFACE('',#8485,0.100000000000014);
#505=CYLINDRICAL_SURFACE('',#8488,0.0999999999999979);
#506=CYLINDRICAL_SURFACE('',#8491,0.0999999999999837);
#507=CYLINDRICAL_SURFACE('',#8494,0.0999999999999961);
#508=CYLINDRICAL_SURFACE('',#8497,0.0999999999999961);
#509=CYLINDRICAL_SURFACE('',#8500,0.100000000000005);
#510=CYLINDRICAL_SURFACE('',#8503,0.100000000000008);
#511=CYLINDRICAL_SURFACE('',#8506,0.0999999999999961);
#512=CYLINDRICAL_SURFACE('',#8508,0.100000000000012);
#513=CYLINDRICAL_SURFACE('',#8511,0.100000000000025);
#514=CYLINDRICAL_SURFACE('',#8513,0.0999999999999961);
#515=CYLINDRICAL_SURFACE('',#8721,2.);
#516=CYLINDRICAL_SURFACE('',#8724,2.);
#517=CYLINDRICAL_SURFACE('',#8727,2.);
#518=CYLINDRICAL_SURFACE('',#8740,2.);
#519=CYLINDRICAL_SURFACE('',#8751,0.755000000000001);
#520=CYLINDRICAL_SURFACE('',#8752,0.755000000000001);
#521=CYLINDRICAL_SURFACE('',#8753,2.);
#522=CYLINDRICAL_SURFACE('',#8754,2.);
#523=CYLINDRICAL_SURFACE('',#8755,0.799999999999999);
#524=CYLINDRICAL_SURFACE('',#8756,0.799999999999999);
#525=CYLINDRICAL_SURFACE('',#8757,0.799999999999999);
#526=CYLINDRICAL_SURFACE('',#8758,0.799999999999999);
#527=CYLINDRICAL_SURFACE('',#8759,0.6);
#528=CYLINDRICAL_SURFACE('',#8766,0.799999999999999);
#529=CYLINDRICAL_SURFACE('',#8767,0.6);
#530=CYLINDRICAL_SURFACE('',#8774,0.799999999999999);
#531=CYLINDRICAL_SURFACE('',#8775,0.6);
#532=CYLINDRICAL_SURFACE('',#8782,0.799999999999999);
#533=CYLINDRICAL_SURFACE('',#8783,0.6);
#534=CYLINDRICAL_SURFACE('',#8790,0.799999999999999);
#535=CYLINDRICAL_SURFACE('',#8799,0.199999999999998);
#536=CYLINDRICAL_SURFACE('',#8802,0.200000000000003);
#537=CYLINDRICAL_SURFACE('',#8806,0.200000000000001);
#538=CYLINDRICAL_SURFACE('',#8809,0.200000000000002);
#539=CYLINDRICAL_SURFACE('',#8812,0.200000000000001);
#540=CYLINDRICAL_SURFACE('',#8815,0.199999999999997);
#541=CYLINDRICAL_SURFACE('',#8818,0.199999999999998);
#542=CYLINDRICAL_SURFACE('',#8821,0.199999999999996);
#543=CYLINDRICAL_SURFACE('',#8825,0.200000000000003);
#544=CYLINDRICAL_SURFACE('',#8828,0.200000000000002);
#545=CYLINDRICAL_SURFACE('',#8831,0.199999999999998);
#546=CYLINDRICAL_SURFACE('',#8835,0.200000000000001);
#547=CYLINDRICAL_SURFACE('',#8847,0.199999999999998);
#548=CYLINDRICAL_SURFACE('',#8850,0.200000000000003);
#549=CYLINDRICAL_SURFACE('',#8854,0.200000000000001);
#550=CYLINDRICAL_SURFACE('',#8857,0.200000000000002);
#551=CYLINDRICAL_SURFACE('',#8860,0.200000000000001);
#552=CYLINDRICAL_SURFACE('',#8863,0.199999999999997);
#553=CYLINDRICAL_SURFACE('',#8866,0.199999999999998);
#554=CYLINDRICAL_SURFACE('',#8869,0.199999999999996);
#555=CYLINDRICAL_SURFACE('',#8873,0.200000000000003);
#556=CYLINDRICAL_SURFACE('',#8876,0.200000000000002);
#557=CYLINDRICAL_SURFACE('',#8879,0.199999999999998);
#558=CYLINDRICAL_SURFACE('',#8883,0.200000000000001);
#559=CYLINDRICAL_SURFACE('',#8887,1.);
#560=CYLINDRICAL_SURFACE('',#8894,2.);
#561=CYLINDRICAL_SURFACE('',#8895,1.);
#562=CYLINDRICAL_SURFACE('',#8902,2.);
#563=CYLINDRICAL_SURFACE('',#8903,1.);
#564=CYLINDRICAL_SURFACE('',#8910,2.);
#565=CYLINDRICAL_SURFACE('',#8911,1.);
#566=CYLINDRICAL_SURFACE('',#8918,2.);
#567=CYLINDRICAL_SURFACE('',#8923,1.);
#568=CYLINDRICAL_SURFACE('',#8930,2.);
#569=CYLINDRICAL_SURFACE('',#8931,1.);
#570=CYLINDRICAL_SURFACE('',#8938,2.);
#571=CYLINDRICAL_SURFACE('',#8939,7.);
#572=CYLINDRICAL_SURFACE('',#8944,0.500000000000001);
#573=CYLINDRICAL_SURFACE('',#8948,0.865);
#574=CYLINDRICAL_SURFACE('',#8952,0.864999999999998);
#575=CYLINDRICAL_SURFACE('',#8956,0.500000000000002);
#576=CYLINDRICAL_SURFACE('',#8960,2.2);
#577=CYLINDRICAL_SURFACE('',#8964,0.5);
#578=CYLINDRICAL_SURFACE('',#8968,0.864999999999992);
#579=CYLINDRICAL_SURFACE('',#8972,0.864999999999999);
#580=CYLINDRICAL_SURFACE('',#8976,0.5);
#581=CYLINDRICAL_SURFACE('',#8980,2.2);
#582=CYLINDRICAL_SURFACE('',#9001,0.500000000000002);
#583=CYLINDRICAL_SURFACE('',#9003,0.499999999999996);
#584=CYLINDRICAL_SURFACE('',#9005,0.499999999999994);
#585=CYLINDRICAL_SURFACE('',#9007,0.500000000000002);
#586=CYLINDRICAL_SURFACE('',#9008,6.);
#587=CYLINDRICAL_SURFACE('',#9009,0.85);
#588=CYLINDRICAL_SURFACE('',#9010,0.85);
#589=FACE_OUTER_BOUND('',#1078,.T.);
#590=FACE_OUTER_BOUND('',#1079,.T.);
#591=FACE_OUTER_BOUND('',#1080,.T.);
#592=FACE_OUTER_BOUND('',#1081,.T.);
#593=FACE_OUTER_BOUND('',#1082,.T.);
#594=FACE_OUTER_BOUND('',#1083,.T.);
#595=FACE_OUTER_BOUND('',#1084,.T.);
#596=FACE_OUTER_BOUND('',#1085,.T.);
#597=FACE_OUTER_BOUND('',#1086,.T.);
#598=FACE_OUTER_BOUND('',#1087,.T.);
#599=FACE_OUTER_BOUND('',#1088,.T.);
#600=FACE_OUTER_BOUND('',#1089,.T.);
#601=FACE_OUTER_BOUND('',#1090,.T.);
#602=FACE_OUTER_BOUND('',#1091,.T.);
#603=FACE_OUTER_BOUND('',#1092,.T.);
#604=FACE_OUTER_BOUND('',#1093,.T.);
#605=FACE_OUTER_BOUND('',#1094,.T.);
#606=FACE_OUTER_BOUND('',#1095,.T.);
#607=FACE_OUTER_BOUND('',#1096,.T.);
#608=FACE_OUTER_BOUND('',#1097,.T.);
#609=FACE_OUTER_BOUND('',#1098,.T.);
#610=FACE_OUTER_BOUND('',#1099,.T.);
#611=FACE_OUTER_BOUND('',#1100,.T.);
#612=FACE_OUTER_BOUND('',#1101,.T.);
#613=FACE_OUTER_BOUND('',#1102,.T.);
#614=FACE_OUTER_BOUND('',#1103,.T.);
#615=FACE_OUTER_BOUND('',#1104,.T.);
#616=FACE_OUTER_BOUND('',#1105,.T.);
#617=FACE_OUTER_BOUND('',#1106,.T.);
#618=FACE_OUTER_BOUND('',#1107,.T.);
#619=FACE_OUTER_BOUND('',#1108,.T.);
#620=FACE_OUTER_BOUND('',#1109,.T.);
#621=FACE_OUTER_BOUND('',#1110,.T.);
#622=FACE_OUTER_BOUND('',#1111,.T.);
#623=FACE_OUTER_BOUND('',#1112,.T.);
#624=FACE_OUTER_BOUND('',#1113,.T.);
#625=FACE_OUTER_BOUND('',#1114,.T.);
#626=FACE_OUTER_BOUND('',#1115,.T.);
#627=FACE_OUTER_BOUND('',#1116,.T.);
#628=FACE_OUTER_BOUND('',#1117,.T.);
#629=FACE_OUTER_BOUND('',#1118,.T.);
#630=FACE_OUTER_BOUND('',#1119,.T.);
#631=FACE_OUTER_BOUND('',#1120,.T.);
#632=FACE_OUTER_BOUND('',#1121,.T.);
#633=FACE_OUTER_BOUND('',#1122,.T.);
#634=FACE_OUTER_BOUND('',#1123,.T.);
#635=FACE_OUTER_BOUND('',#1124,.T.);
#636=FACE_OUTER_BOUND('',#1125,.T.);
#637=FACE_OUTER_BOUND('',#1126,.T.);
#638=FACE_OUTER_BOUND('',#1127,.T.);
#639=FACE_OUTER_BOUND('',#1128,.T.);
#640=FACE_OUTER_BOUND('',#1129,.T.);
#641=FACE_OUTER_BOUND('',#1130,.T.);
#642=FACE_OUTER_BOUND('',#1131,.T.);
#643=FACE_OUTER_BOUND('',#1132,.T.);
#644=FACE_OUTER_BOUND('',#1133,.T.);
#645=FACE_OUTER_BOUND('',#1134,.T.);
#646=FACE_OUTER_BOUND('',#1135,.T.);
#647=FACE_OUTER_BOUND('',#1136,.T.);
#648=FACE_OUTER_BOUND('',#1137,.T.);
#649=FACE_OUTER_BOUND('',#1138,.T.);
#650=FACE_OUTER_BOUND('',#1139,.T.);
#651=FACE_OUTER_BOUND('',#1140,.T.);
#652=FACE_OUTER_BOUND('',#1141,.T.);
#653=FACE_OUTER_BOUND('',#1142,.T.);
#654=FACE_OUTER_BOUND('',#1143,.T.);
#655=FACE_OUTER_BOUND('',#1144,.T.);
#656=FACE_OUTER_BOUND('',#1145,.T.);
#657=FACE_OUTER_BOUND('',#1146,.T.);
#658=FACE_OUTER_BOUND('',#1147,.T.);
#659=FACE_OUTER_BOUND('',#1148,.T.);
#660=FACE_OUTER_BOUND('',#1149,.T.);
#661=FACE_OUTER_BOUND('',#1150,.T.);
#662=FACE_OUTER_BOUND('',#1151,.T.);
#663=FACE_OUTER_BOUND('',#1152,.T.);
#664=FACE_OUTER_BOUND('',#1153,.T.);
#665=FACE_OUTER_BOUND('',#1154,.T.);
#666=FACE_OUTER_BOUND('',#1155,.T.);
#667=FACE_OUTER_BOUND('',#1156,.T.);
#668=FACE_OUTER_BOUND('',#1157,.T.);
#669=FACE_OUTER_BOUND('',#1158,.T.);
#670=FACE_OUTER_BOUND('',#1159,.T.);
#671=FACE_OUTER_BOUND('',#1160,.T.);
#672=FACE_OUTER_BOUND('',#1161,.T.);
#673=FACE_OUTER_BOUND('',#1162,.T.);
#674=FACE_OUTER_BOUND('',#1163,.T.);
#675=FACE_OUTER_BOUND('',#1164,.T.);
#676=FACE_OUTER_BOUND('',#1165,.T.);
#677=FACE_OUTER_BOUND('',#1166,.T.);
#678=FACE_OUTER_BOUND('',#1167,.T.);
#679=FACE_OUTER_BOUND('',#1168,.T.);
#680=FACE_OUTER_BOUND('',#1169,.T.);
#681=FACE_OUTER_BOUND('',#1170,.T.);
#682=FACE_OUTER_BOUND('',#1171,.T.);
#683=FACE_OUTER_BOUND('',#1172,.T.);
#684=FACE_OUTER_BOUND('',#1173,.T.);
#685=FACE_OUTER_BOUND('',#1174,.T.);
#686=FACE_OUTER_BOUND('',#1175,.T.);
#687=FACE_OUTER_BOUND('',#1176,.T.);
#688=FACE_OUTER_BOUND('',#1177,.T.);
#689=FACE_OUTER_BOUND('',#1178,.T.);
#690=FACE_OUTER_BOUND('',#1179,.T.);
#691=FACE_OUTER_BOUND('',#1180,.T.);
#692=FACE_OUTER_BOUND('',#1181,.T.);
#693=FACE_OUTER_BOUND('',#1182,.T.);
#694=FACE_OUTER_BOUND('',#1183,.T.);
#695=FACE_OUTER_BOUND('',#1184,.T.);
#696=FACE_OUTER_BOUND('',#1185,.T.);
#697=FACE_OUTER_BOUND('',#1186,.T.);
#698=FACE_OUTER_BOUND('',#1187,.T.);
#699=FACE_OUTER_BOUND('',#1188,.T.);
#700=FACE_OUTER_BOUND('',#1189,.T.);
#701=FACE_OUTER_BOUND('',#1190,.T.);
#702=FACE_OUTER_BOUND('',#1191,.T.);
#703=FACE_OUTER_BOUND('',#1192,.T.);
#704=FACE_OUTER_BOUND('',#1193,.T.);
#705=FACE_OUTER_BOUND('',#1194,.T.);
#706=FACE_OUTER_BOUND('',#1195,.T.);
#707=FACE_OUTER_BOUND('',#1196,.T.);
#708=FACE_OUTER_BOUND('',#1197,.T.);
#709=FACE_OUTER_BOUND('',#1198,.T.);
#710=FACE_OUTER_BOUND('',#1199,.T.);
#711=FACE_OUTER_BOUND('',#1200,.T.);
#712=FACE_OUTER_BOUND('',#1201,.T.);
#713=FACE_OUTER_BOUND('',#1202,.T.);
#714=FACE_OUTER_BOUND('',#1203,.T.);
#715=FACE_OUTER_BOUND('',#1204,.T.);
#716=FACE_OUTER_BOUND('',#1205,.T.);
#717=FACE_OUTER_BOUND('',#1206,.T.);
#718=FACE_OUTER_BOUND('',#1207,.T.);
#719=FACE_OUTER_BOUND('',#1208,.T.);
#720=FACE_OUTER_BOUND('',#1209,.T.);
#721=FACE_OUTER_BOUND('',#1210,.T.);
#722=FACE_OUTER_BOUND('',#1211,.T.);
#723=FACE_OUTER_BOUND('',#1212,.T.);
#724=FACE_OUTER_BOUND('',#1213,.T.);
#725=FACE_OUTER_BOUND('',#1214,.T.);
#726=FACE_OUTER_BOUND('',#1215,.T.);
#727=FACE_OUTER_BOUND('',#1216,.T.);
#728=FACE_OUTER_BOUND('',#1217,.T.);
#729=FACE_OUTER_BOUND('',#1218,.T.);
#730=FACE_OUTER_BOUND('',#1219,.T.);
#731=FACE_OUTER_BOUND('',#1220,.T.);
#732=FACE_OUTER_BOUND('',#1221,.T.);
#733=FACE_OUTER_BOUND('',#1222,.T.);
#734=FACE_OUTER_BOUND('',#1223,.T.);
#735=FACE_OUTER_BOUND('',#1224,.T.);
#736=FACE_OUTER_BOUND('',#1225,.T.);
#737=FACE_OUTER_BOUND('',#1226,.T.);
#738=FACE_OUTER_BOUND('',#1227,.T.);
#739=FACE_OUTER_BOUND('',#1228,.T.);
#740=FACE_OUTER_BOUND('',#1229,.T.);
#741=FACE_OUTER_BOUND('',#1230,.T.);
#742=FACE_OUTER_BOUND('',#1231,.T.);
#743=FACE_OUTER_BOUND('',#1232,.T.);
#744=FACE_OUTER_BOUND('',#1233,.T.);
#745=FACE_OUTER_BOUND('',#1234,.T.);
#746=FACE_OUTER_BOUND('',#1235,.T.);
#747=FACE_OUTER_BOUND('',#1236,.T.);
#748=FACE_OUTER_BOUND('',#1237,.T.);
#749=FACE_OUTER_BOUND('',#1238,.T.);
#750=FACE_OUTER_BOUND('',#1239,.T.);
#751=FACE_OUTER_BOUND('',#1240,.T.);
#752=FACE_OUTER_BOUND('',#1241,.T.);
#753=FACE_OUTER_BOUND('',#1242,.T.);
#754=FACE_OUTER_BOUND('',#1243,.T.);
#755=FACE_OUTER_BOUND('',#1244,.T.);
#756=FACE_OUTER_BOUND('',#1245,.T.);
#757=FACE_OUTER_BOUND('',#1246,.T.);
#758=FACE_OUTER_BOUND('',#1247,.T.);
#759=FACE_OUTER_BOUND('',#1248,.T.);
#760=FACE_OUTER_BOUND('',#1249,.T.);
#761=FACE_OUTER_BOUND('',#1250,.T.);
#762=FACE_OUTER_BOUND('',#1251,.T.);
#763=FACE_OUTER_BOUND('',#1252,.T.);
#764=FACE_OUTER_BOUND('',#1253,.T.);
#765=FACE_OUTER_BOUND('',#1254,.T.);
#766=FACE_OUTER_BOUND('',#1255,.T.);
#767=FACE_OUTER_BOUND('',#1256,.T.);
#768=FACE_OUTER_BOUND('',#1257,.T.);
#769=FACE_OUTER_BOUND('',#1258,.T.);
#770=FACE_OUTER_BOUND('',#1259,.T.);
#771=FACE_OUTER_BOUND('',#1260,.T.);
#772=FACE_OUTER_BOUND('',#1261,.T.);
#773=FACE_OUTER_BOUND('',#1262,.T.);
#774=FACE_OUTER_BOUND('',#1263,.T.);
#775=FACE_OUTER_BOUND('',#1264,.T.);
#776=FACE_OUTER_BOUND('',#1265,.T.);
#777=FACE_OUTER_BOUND('',#1266,.T.);
#778=FACE_OUTER_BOUND('',#1267,.T.);
#779=FACE_OUTER_BOUND('',#1268,.T.);
#780=FACE_OUTER_BOUND('',#1269,.T.);
#781=FACE_OUTER_BOUND('',#1270,.T.);
#782=FACE_OUTER_BOUND('',#1271,.T.);
#783=FACE_OUTER_BOUND('',#1272,.T.);
#784=FACE_OUTER_BOUND('',#1273,.T.);
#785=FACE_OUTER_BOUND('',#1274,.T.);
#786=FACE_OUTER_BOUND('',#1275,.T.);
#787=FACE_OUTER_BOUND('',#1276,.T.);
#788=FACE_OUTER_BOUND('',#1277,.T.);
#789=FACE_OUTER_BOUND('',#1278,.T.);
#790=FACE_OUTER_BOUND('',#1279,.T.);
#791=FACE_OUTER_BOUND('',#1280,.T.);
#792=FACE_OUTER_BOUND('',#1281,.T.);
#793=FACE_OUTER_BOUND('',#1282,.T.);
#794=FACE_OUTER_BOUND('',#1283,.T.);
#795=FACE_OUTER_BOUND('',#1284,.T.);
#796=FACE_OUTER_BOUND('',#1285,.T.);
#797=FACE_OUTER_BOUND('',#1286,.T.);
#798=FACE_OUTER_BOUND('',#1287,.T.);
#799=FACE_OUTER_BOUND('',#1288,.T.);
#800=FACE_OUTER_BOUND('',#1289,.T.);
#801=FACE_OUTER_BOUND('',#1290,.T.);
#802=FACE_OUTER_BOUND('',#1291,.T.);
#803=FACE_OUTER_BOUND('',#1292,.T.);
#804=FACE_OUTER_BOUND('',#1293,.T.);
#805=FACE_OUTER_BOUND('',#1294,.T.);
#806=FACE_OUTER_BOUND('',#1295,.T.);
#807=FACE_OUTER_BOUND('',#1296,.T.);
#808=FACE_OUTER_BOUND('',#1297,.T.);
#809=FACE_OUTER_BOUND('',#1298,.T.);
#810=FACE_OUTER_BOUND('',#1299,.T.);
#811=FACE_OUTER_BOUND('',#1300,.T.);
#812=FACE_OUTER_BOUND('',#1301,.T.);
#813=FACE_OUTER_BOUND('',#1302,.T.);
#814=FACE_OUTER_BOUND('',#1303,.T.);
#815=FACE_OUTER_BOUND('',#1304,.T.);
#816=FACE_OUTER_BOUND('',#1305,.T.);
#817=FACE_OUTER_BOUND('',#1306,.T.);
#818=FACE_OUTER_BOUND('',#1307,.T.);
#819=FACE_OUTER_BOUND('',#1308,.T.);
#820=FACE_OUTER_BOUND('',#1309,.T.);
#821=FACE_OUTER_BOUND('',#1310,.T.);
#822=FACE_OUTER_BOUND('',#1311,.T.);
#823=FACE_OUTER_BOUND('',#1312,.T.);
#824=FACE_OUTER_BOUND('',#1313,.T.);
#825=FACE_OUTER_BOUND('',#1314,.T.);
#826=FACE_OUTER_BOUND('',#1315,.T.);
#827=FACE_OUTER_BOUND('',#1316,.T.);
#828=FACE_OUTER_BOUND('',#1317,.T.);
#829=FACE_OUTER_BOUND('',#1318,.T.);
#830=FACE_OUTER_BOUND('',#1319,.T.);
#831=FACE_OUTER_BOUND('',#1320,.T.);
#832=FACE_OUTER_BOUND('',#1321,.T.);
#833=FACE_OUTER_BOUND('',#1322,.T.);
#834=FACE_OUTER_BOUND('',#1323,.T.);
#835=FACE_OUTER_BOUND('',#1324,.T.);
#836=FACE_OUTER_BOUND('',#1325,.T.);
#837=FACE_OUTER_BOUND('',#1326,.T.);
#838=FACE_OUTER_BOUND('',#1327,.T.);
#839=FACE_OUTER_BOUND('',#1328,.T.);
#840=FACE_OUTER_BOUND('',#1329,.T.);
#841=FACE_OUTER_BOUND('',#1330,.T.);
#842=FACE_OUTER_BOUND('',#1331,.T.);
#843=FACE_OUTER_BOUND('',#1332,.T.);
#844=FACE_OUTER_BOUND('',#1333,.T.);
#845=FACE_OUTER_BOUND('',#1334,.T.);
#846=FACE_OUTER_BOUND('',#1335,.T.);
#847=FACE_OUTER_BOUND('',#1336,.T.);
#848=FACE_OUTER_BOUND('',#1337,.T.);
#849=FACE_OUTER_BOUND('',#1338,.T.);
#850=FACE_OUTER_BOUND('',#1339,.T.);
#851=FACE_OUTER_BOUND('',#1340,.T.);
#852=FACE_OUTER_BOUND('',#1341,.T.);
#853=FACE_OUTER_BOUND('',#1342,.T.);
#854=FACE_OUTER_BOUND('',#1343,.T.);
#855=FACE_OUTER_BOUND('',#1344,.T.);
#856=FACE_OUTER_BOUND('',#1345,.T.);
#857=FACE_OUTER_BOUND('',#1346,.T.);
#858=FACE_OUTER_BOUND('',#1347,.T.);
#859=FACE_OUTER_BOUND('',#1348,.T.);
#860=FACE_OUTER_BOUND('',#1349,.T.);
#861=FACE_OUTER_BOUND('',#1350,.T.);
#862=FACE_OUTER_BOUND('',#1351,.T.);
#863=FACE_OUTER_BOUND('',#1352,.T.);
#864=FACE_OUTER_BOUND('',#1353,.T.);
#865=FACE_OUTER_BOUND('',#1354,.T.);
#866=FACE_OUTER_BOUND('',#1355,.T.);
#867=FACE_OUTER_BOUND('',#1356,.T.);
#868=FACE_OUTER_BOUND('',#1357,.T.);
#869=FACE_OUTER_BOUND('',#1358,.T.);
#870=FACE_OUTER_BOUND('',#1359,.T.);
#871=FACE_OUTER_BOUND('',#1360,.T.);
#872=FACE_OUTER_BOUND('',#1361,.T.);
#873=FACE_OUTER_BOUND('',#1362,.T.);
#874=FACE_OUTER_BOUND('',#1363,.T.);
#875=FACE_OUTER_BOUND('',#1364,.T.);
#876=FACE_OUTER_BOUND('',#1365,.T.);
#877=FACE_OUTER_BOUND('',#1366,.T.);
#878=FACE_OUTER_BOUND('',#1367,.T.);
#879=FACE_OUTER_BOUND('',#1368,.T.);
#880=FACE_OUTER_BOUND('',#1369,.T.);
#881=FACE_OUTER_BOUND('',#1370,.T.);
#882=FACE_OUTER_BOUND('',#1371,.T.);
#883=FACE_OUTER_BOUND('',#1372,.T.);
#884=FACE_OUTER_BOUND('',#1373,.T.);
#885=FACE_OUTER_BOUND('',#1374,.T.);
#886=FACE_OUTER_BOUND('',#1375,.T.);
#887=FACE_OUTER_BOUND('',#1376,.T.);
#888=FACE_OUTER_BOUND('',#1377,.T.);
#889=FACE_OUTER_BOUND('',#1378,.T.);
#890=FACE_OUTER_BOUND('',#1379,.T.);
#891=FACE_OUTER_BOUND('',#1380,.T.);
#892=FACE_OUTER_BOUND('',#1381,.T.);
#893=FACE_OUTER_BOUND('',#1382,.T.);
#894=FACE_OUTER_BOUND('',#1383,.T.);
#895=FACE_OUTER_BOUND('',#1384,.T.);
#896=FACE_OUTER_BOUND('',#1385,.T.);
#897=FACE_OUTER_BOUND('',#1386,.T.);
#898=FACE_OUTER_BOUND('',#1387,.T.);
#899=FACE_OUTER_BOUND('',#1388,.T.);
#900=FACE_OUTER_BOUND('',#1389,.T.);
#901=FACE_OUTER_BOUND('',#1390,.T.);
#902=FACE_OUTER_BOUND('',#1391,.T.);
#903=FACE_OUTER_BOUND('',#1392,.T.);
#904=FACE_OUTER_BOUND('',#1393,.T.);
#905=FACE_OUTER_BOUND('',#1394,.T.);
#906=FACE_OUTER_BOUND('',#1395,.T.);
#907=FACE_OUTER_BOUND('',#1396,.T.);
#908=FACE_OUTER_BOUND('',#1397,.T.);
#909=FACE_OUTER_BOUND('',#1398,.T.);
#910=FACE_OUTER_BOUND('',#1399,.T.);
#911=FACE_OUTER_BOUND('',#1400,.T.);
#912=FACE_OUTER_BOUND('',#1401,.T.);
#913=FACE_OUTER_BOUND('',#1402,.T.);
#914=FACE_OUTER_BOUND('',#1403,.T.);
#915=FACE_OUTER_BOUND('',#1404,.T.);
#916=FACE_OUTER_BOUND('',#1405,.T.);
#917=FACE_OUTER_BOUND('',#1406,.T.);
#918=FACE_OUTER_BOUND('',#1407,.T.);
#919=FACE_OUTER_BOUND('',#1408,.T.);
#920=FACE_OUTER_BOUND('',#1409,.T.);
#921=FACE_OUTER_BOUND('',#1410,.T.);
#922=FACE_OUTER_BOUND('',#1411,.T.);
#923=FACE_OUTER_BOUND('',#1412,.T.);
#924=FACE_OUTER_BOUND('',#1413,.T.);
#925=FACE_OUTER_BOUND('',#1414,.T.);
#926=FACE_OUTER_BOUND('',#1415,.T.);
#927=FACE_OUTER_BOUND('',#1416,.T.);
#928=FACE_OUTER_BOUND('',#1425,.T.);
#929=FACE_OUTER_BOUND('',#1426,.T.);
#930=FACE_OUTER_BOUND('',#1427,.T.);
#931=FACE_OUTER_BOUND('',#1436,.T.);
#932=FACE_OUTER_BOUND('',#1437,.T.);
#933=FACE_OUTER_BOUND('',#1438,.T.);
#934=FACE_OUTER_BOUND('',#1439,.T.);
#935=FACE_OUTER_BOUND('',#1440,.T.);
#936=FACE_OUTER_BOUND('',#1441,.T.);
#937=FACE_OUTER_BOUND('',#1442,.T.);
#938=FACE_OUTER_BOUND('',#1443,.T.);
#939=FACE_OUTER_BOUND('',#1444,.T.);
#940=FACE_OUTER_BOUND('',#1445,.T.);
#941=FACE_OUTER_BOUND('',#1446,.T.);
#942=FACE_OUTER_BOUND('',#1447,.T.);
#943=FACE_OUTER_BOUND('',#1448,.T.);
#944=FACE_OUTER_BOUND('',#1449,.T.);
#945=FACE_OUTER_BOUND('',#1450,.T.);
#946=FACE_OUTER_BOUND('',#1452,.T.);
#947=FACE_OUTER_BOUND('',#1454,.T.);
#948=FACE_OUTER_BOUND('',#1455,.T.);
#949=FACE_OUTER_BOUND('',#1456,.T.);
#950=FACE_OUTER_BOUND('',#1458,.T.);
#951=FACE_OUTER_BOUND('',#1460,.T.);
#952=FACE_OUTER_BOUND('',#1461,.T.);
#953=FACE_OUTER_BOUND('',#1462,.T.);
#954=FACE_OUTER_BOUND('',#1464,.T.);
#955=FACE_OUTER_BOUND('',#1466,.T.);
#956=FACE_OUTER_BOUND('',#1467,.T.);
#957=FACE_OUTER_BOUND('',#1468,.T.);
#958=FACE_OUTER_BOUND('',#1470,.T.);
#959=FACE_OUTER_BOUND('',#1472,.T.);
#960=FACE_OUTER_BOUND('',#1473,.T.);
#961=FACE_OUTER_BOUND('',#1474,.T.);
#962=FACE_OUTER_BOUND('',#1475,.T.);
#963=FACE_OUTER_BOUND('',#1476,.T.);
#964=FACE_OUTER_BOUND('',#1477,.T.);
#965=FACE_OUTER_BOUND('',#1478,.T.);
#966=FACE_OUTER_BOUND('',#1479,.T.);
#967=FACE_OUTER_BOUND('',#1480,.T.);
#968=FACE_OUTER_BOUND('',#1481,.T.);
#969=FACE_OUTER_BOUND('',#1482,.T.);
#970=FACE_OUTER_BOUND('',#1483,.T.);
#971=FACE_OUTER_BOUND('',#1484,.T.);
#972=FACE_OUTER_BOUND('',#1485,.T.);
#973=FACE_OUTER_BOUND('',#1486,.T.);
#974=FACE_OUTER_BOUND('',#1487,.T.);
#975=FACE_OUTER_BOUND('',#1488,.T.);
#976=FACE_OUTER_BOUND('',#1489,.T.);
#977=FACE_OUTER_BOUND('',#1490,.T.);
#978=FACE_OUTER_BOUND('',#1491,.T.);
#979=FACE_OUTER_BOUND('',#1492,.T.);
#980=FACE_OUTER_BOUND('',#1493,.T.);
#981=FACE_OUTER_BOUND('',#1494,.T.);
#982=FACE_OUTER_BOUND('',#1495,.T.);
#983=FACE_OUTER_BOUND('',#1496,.T.);
#984=FACE_OUTER_BOUND('',#1497,.T.);
#985=FACE_OUTER_BOUND('',#1498,.T.);
#986=FACE_OUTER_BOUND('',#1499,.T.);
#987=FACE_OUTER_BOUND('',#1500,.T.);
#988=FACE_OUTER_BOUND('',#1501,.T.);
#989=FACE_OUTER_BOUND('',#1502,.T.);
#990=FACE_OUTER_BOUND('',#1503,.T.);
#991=FACE_OUTER_BOUND('',#1504,.T.);
#992=FACE_OUTER_BOUND('',#1505,.T.);
#993=FACE_OUTER_BOUND('',#1506,.T.);
#994=FACE_OUTER_BOUND('',#1507,.T.);
#995=FACE_OUTER_BOUND('',#1508,.T.);
#996=FACE_OUTER_BOUND('',#1509,.T.);
#997=FACE_OUTER_BOUND('',#1510,.T.);
#998=FACE_OUTER_BOUND('',#1511,.T.);
#999=FACE_OUTER_BOUND('',#1512,.T.);
#1000=FACE_OUTER_BOUND('',#1513,.T.);
#1001=FACE_OUTER_BOUND('',#1514,.T.);
#1002=FACE_OUTER_BOUND('',#1515,.T.);
#1003=FACE_OUTER_BOUND('',#1516,.T.);
#1004=FACE_OUTER_BOUND('',#1517,.T.);
#1005=FACE_OUTER_BOUND('',#1518,.T.);
#1006=FACE_OUTER_BOUND('',#1519,.T.);
#1007=FACE_OUTER_BOUND('',#1520,.T.);
#1008=FACE_OUTER_BOUND('',#1521,.T.);
#1009=FACE_OUTER_BOUND('',#1522,.T.);
#1010=FACE_OUTER_BOUND('',#1523,.T.);
#1011=FACE_OUTER_BOUND('',#1524,.T.);
#1012=FACE_OUTER_BOUND('',#1525,.T.);
#1013=FACE_OUTER_BOUND('',#1526,.T.);
#1014=FACE_OUTER_BOUND('',#1527,.T.);
#1015=FACE_OUTER_BOUND('',#1528,.T.);
#1016=FACE_OUTER_BOUND('',#1529,.T.);
#1017=FACE_OUTER_BOUND('',#1530,.T.);
#1018=FACE_OUTER_BOUND('',#1532,.T.);
#1019=FACE_OUTER_BOUND('',#1534,.T.);
#1020=FACE_OUTER_BOUND('',#1535,.T.);
#1021=FACE_OUTER_BOUND('',#1536,.T.);
#1022=FACE_OUTER_BOUND('',#1538,.T.);
#1023=FACE_OUTER_BOUND('',#1540,.T.);
#1024=FACE_OUTER_BOUND('',#1541,.T.);
#1025=FACE_OUTER_BOUND('',#1542,.T.);
#1026=FACE_OUTER_BOUND('',#1544,.T.);
#1027=FACE_OUTER_BOUND('',#1546,.T.);
#1028=FACE_OUTER_BOUND('',#1547,.T.);
#1029=FACE_OUTER_BOUND('',#1548,.T.);
#1030=FACE_OUTER_BOUND('',#1550,.T.);
#1031=FACE_OUTER_BOUND('',#1552,.T.);
#1032=FACE_OUTER_BOUND('',#1553,.T.);
#1033=FACE_OUTER_BOUND('',#1554,.T.);
#1034=FACE_OUTER_BOUND('',#1555,.T.);
#1035=FACE_OUTER_BOUND('',#1556,.T.);
#1036=FACE_OUTER_BOUND('',#1558,.T.);
#1037=FACE_OUTER_BOUND('',#1560,.T.);
#1038=FACE_OUTER_BOUND('',#1561,.T.);
#1039=FACE_OUTER_BOUND('',#1562,.T.);
#1040=FACE_OUTER_BOUND('',#1564,.T.);
#1041=FACE_OUTER_BOUND('',#1566,.T.);
#1042=FACE_OUTER_BOUND('',#1567,.T.);
#1043=FACE_OUTER_BOUND('',#1568,.T.);
#1044=FACE_OUTER_BOUND('',#1570,.T.);
#1045=FACE_OUTER_BOUND('',#1571,.T.);
#1046=FACE_OUTER_BOUND('',#1572,.T.);
#1047=FACE_OUTER_BOUND('',#1573,.T.);
#1048=FACE_OUTER_BOUND('',#1574,.T.);
#1049=FACE_OUTER_BOUND('',#1575,.T.);
#1050=FACE_OUTER_BOUND('',#1576,.T.);
#1051=FACE_OUTER_BOUND('',#1577,.T.);
#1052=FACE_OUTER_BOUND('',#1578,.T.);
#1053=FACE_OUTER_BOUND('',#1579,.T.);
#1054=FACE_OUTER_BOUND('',#1580,.T.);
#1055=FACE_OUTER_BOUND('',#1581,.T.);
#1056=FACE_OUTER_BOUND('',#1582,.T.);
#1057=FACE_OUTER_BOUND('',#1583,.T.);
#1058=FACE_OUTER_BOUND('',#1584,.T.);
#1059=FACE_OUTER_BOUND('',#1585,.T.);
#1060=FACE_OUTER_BOUND('',#1586,.T.);
#1061=FACE_OUTER_BOUND('',#1587,.T.);
#1062=FACE_OUTER_BOUND('',#1588,.T.);
#1063=FACE_OUTER_BOUND('',#1589,.T.);
#1064=FACE_OUTER_BOUND('',#1590,.T.);
#1065=FACE_OUTER_BOUND('',#1594,.T.);
#1066=FACE_OUTER_BOUND('',#1598,.T.);
#1067=FACE_OUTER_BOUND('',#1600,.T.);
#1068=FACE_OUTER_BOUND('',#1601,.T.);
#1069=FACE_OUTER_BOUND('',#1602,.T.);
#1070=FACE_OUTER_BOUND('',#1603,.T.);
#1071=FACE_OUTER_BOUND('',#1604,.T.);
#1072=FACE_OUTER_BOUND('',#1605,.T.);
#1073=FACE_OUTER_BOUND('',#1606,.T.);
#1074=FACE_OUTER_BOUND('',#1607,.T.);
#1075=FACE_OUTER_BOUND('',#1608,.T.);
#1076=FACE_OUTER_BOUND('',#1609,.T.);
#1077=FACE_OUTER_BOUND('',#1610,.T.);
#1078=EDGE_LOOP('',(#5154,#5155,#5156,#5157));
#1079=EDGE_LOOP('',(#5158,#5159,#5160,#5161));
#1080=EDGE_LOOP('',(#5162,#5163,#5164,#5165));
#1081=EDGE_LOOP('',(#5166,#5167,#5168,#5169));
#1082=EDGE_LOOP('',(#5170,#5171,#5172,#5173));
#1083=EDGE_LOOP('',(#5174,#5175,#5176,#5177));
#1084=EDGE_LOOP('',(#5178,#5179,#5180,#5181));
#1085=EDGE_LOOP('',(#5182,#5183,#5184,#5185));
#1086=EDGE_LOOP('',(#5186,#5187,#5188,#5189));
#1087=EDGE_LOOP('',(#5190,#5191,#5192,#5193));
#1088=EDGE_LOOP('',(#5194,#5195,#5196,#5197));
#1089=EDGE_LOOP('',(#5198,#5199,#5200,#5201));
#1090=EDGE_LOOP('',(#5202,#5203,#5204,#5205));
#1091=EDGE_LOOP('',(#5206,#5207,#5208,#5209));
#1092=EDGE_LOOP('',(#5210,#5211,#5212,#5213));
#1093=EDGE_LOOP('',(#5214,#5215,#5216,#5217));
#1094=EDGE_LOOP('',(#5218,#5219,#5220,#5221));
#1095=EDGE_LOOP('',(#5222,#5223,#5224,#5225));
#1096=EDGE_LOOP('',(#5226,#5227,#5228));
#1097=EDGE_LOOP('',(#5229,#5230,#5231));
#1098=EDGE_LOOP('',(#5232,#5233,#5234));
#1099=EDGE_LOOP('',(#5235,#5236,#5237));
#1100=EDGE_LOOP('',(#5238,#5239,#5240));
#1101=EDGE_LOOP('',(#5241,#5242,#5243));
#1102=EDGE_LOOP('',(#5244,#5245,#5246));
#1103=EDGE_LOOP('',(#5247,#5248,#5249));
#1104=EDGE_LOOP('',(#5250,#5251,#5252,#5253));
#1105=EDGE_LOOP('',(#5254,#5255,#5256,#5257));
#1106=EDGE_LOOP('',(#5258,#5259,#5260,#5261));
#1107=EDGE_LOOP('',(#5262,#5263,#5264,#5265));
#1108=EDGE_LOOP('',(#5266,#5267,#5268,#5269));
#1109=EDGE_LOOP('',(#5270,#5271,#5272,#5273));
#1110=EDGE_LOOP('',(#5274,#5275,#5276,#5277));
#1111=EDGE_LOOP('',(#5278,#5279,#5280,#5281));
#1112=EDGE_LOOP('',(#5282,#5283,#5284,#5285));
#1113=EDGE_LOOP('',(#5286,#5287,#5288,#5289));
#1114=EDGE_LOOP('',(#5290,#5291,#5292,#5293));
#1115=EDGE_LOOP('',(#5294,#5295,#5296,#5297));
#1116=EDGE_LOOP('',(#5298,#5299,#5300,#5301));
#1117=EDGE_LOOP('',(#5302,#5303,#5304,#5305));
#1118=EDGE_LOOP('',(#5306,#5307,#5308,#5309));
#1119=EDGE_LOOP('',(#5310,#5311,#5312,#5313));
#1120=EDGE_LOOP('',(#5314,#5315,#5316,#5317));
#1121=EDGE_LOOP('',(#5318,#5319,#5320,#5321));
#1122=EDGE_LOOP('',(#5322,#5323,#5324));
#1123=EDGE_LOOP('',(#5325,#5326,#5327));
#1124=EDGE_LOOP('',(#5328,#5329,#5330));
#1125=EDGE_LOOP('',(#5331,#5332,#5333));
#1126=EDGE_LOOP('',(#5334,#5335,#5336));
#1127=EDGE_LOOP('',(#5337,#5338,#5339));
#1128=EDGE_LOOP('',(#5340,#5341,#5342));
#1129=EDGE_LOOP('',(#5343,#5344,#5345));
#1130=EDGE_LOOP('',(#5346,#5347,#5348,#5349));
#1131=EDGE_LOOP('',(#5350,#5351,#5352,#5353));
#1132=EDGE_LOOP('',(#5354,#5355,#5356,#5357));
#1133=EDGE_LOOP('',(#5358,#5359,#5360,#5361,#5362,#5363));
#1134=EDGE_LOOP('',(#5364,#5365,#5366,#5367,#5368,#5369));
#1135=EDGE_LOOP('',(#5370,#5371,#5372,#5373,#5374,#5375,#5376,#5377,#5378,
#5379,#5380,#5381));
#1136=EDGE_LOOP('',(#5382,#5383,#5384,#5385,#5386,#5387,#5388,#5389,#5390,
#5391,#5392,#5393));
#1137=EDGE_LOOP('',(#5394,#5395,#5396,#5397));
#1138=EDGE_LOOP('',(#5398,#5399,#5400,#5401,#5402,#5403));
#1139=EDGE_LOOP('',(#5404,#5405,#5406,#5407));
#1140=EDGE_LOOP('',(#5408,#5409,#5410,#5411));
#1141=EDGE_LOOP('',(#5412,#5413,#5414,#5415));
#1142=EDGE_LOOP('',(#5416,#5417,#5418,#5419));
#1143=EDGE_LOOP('',(#5420,#5421,#5422,#5423,#5424,#5425));
#1144=EDGE_LOOP('',(#5426,#5427,#5428,#5429));
#1145=EDGE_LOOP('',(#5430,#5431,#5432,#5433));
#1146=EDGE_LOOP('',(#5434,#5435,#5436,#5437));
#1147=EDGE_LOOP('',(#5438,#5439,#5440,#5441));
#1148=EDGE_LOOP('',(#5442,#5443,#5444,#5445));
#1149=EDGE_LOOP('',(#5446,#5447,#5448,#5449));
#1150=EDGE_LOOP('',(#5450,#5451,#5452,#5453));
#1151=EDGE_LOOP('',(#5454,#5455,#5456,#5457));
#1152=EDGE_LOOP('',(#5458,#5459,#5460,#5461,#5462,#5463,#5464,#5465,#5466,
#5467,#5468,#5469));
#1153=EDGE_LOOP('',(#5470,#5471,#5472,#5473,#5474,#5475,#5476,#5477,#5478,
#5479,#5480,#5481));
#1154=EDGE_LOOP('',(#5482,#5483,#5484,#5485));
#1155=EDGE_LOOP('',(#5486,#5487,#5488,#5489));
#1156=EDGE_LOOP('',(#5490,#5491,#5492,#5493));
#1157=EDGE_LOOP('',(#5494,#5495,#5496,#5497));
#1158=EDGE_LOOP('',(#5498,#5499,#5500,#5501));
#1159=EDGE_LOOP('',(#5502,#5503,#5504,#5505));
#1160=EDGE_LOOP('',(#5506,#5507,#5508,#5509));
#1161=EDGE_LOOP('',(#5510,#5511,#5512,#5513,#5514,#5515));
#1162=EDGE_LOOP('',(#5516,#5517,#5518,#5519));
#1163=EDGE_LOOP('',(#5520,#5521,#5522,#5523,#5524,#5525,#5526,#5527));
#1164=EDGE_LOOP('',(#5528,#5529,#5530,#5531));
#1165=EDGE_LOOP('',(#5532,#5533,#5534,#5535,#5536,#5537));
#1166=EDGE_LOOP('',(#5538,#5539,#5540,#5541));
#1167=EDGE_LOOP('',(#5542,#5543,#5544,#5545));
#1168=EDGE_LOOP('',(#5546,#5547,#5548,#5549));
#1169=EDGE_LOOP('',(#5550,#5551,#5552,#5553,#5554));
#1170=EDGE_LOOP('',(#5555,#5556,#5557,#5558));
#1171=EDGE_LOOP('',(#5559,#5560,#5561,#5562,#5563));
#1172=EDGE_LOOP('',(#5564,#5565,#5566,#5567));
#1173=EDGE_LOOP('',(#5568,#5569,#5570,#5571));
#1174=EDGE_LOOP('',(#5572,#5573,#5574,#5575));
#1175=EDGE_LOOP('',(#5576,#5577,#5578,#5579));
#1176=EDGE_LOOP('',(#5580,#5581,#5582,#5583));
#1177=EDGE_LOOP('',(#5584,#5585,#5586,#5587));
#1178=EDGE_LOOP('',(#5588,#5589,#5590,#5591));
#1179=EDGE_LOOP('',(#5592,#5593,#5594,#5595));
#1180=EDGE_LOOP('',(#5596,#5597,#5598,#5599));
#1181=EDGE_LOOP('',(#5600,#5601,#5602,#5603));
#1182=EDGE_LOOP('',(#5604,#5605,#5606,#5607));
#1183=EDGE_LOOP('',(#5608,#5609,#5610,#5611));
#1184=EDGE_LOOP('',(#5612,#5613,#5614));
#1185=EDGE_LOOP('',(#5615,#5616,#5617));
#1186=EDGE_LOOP('',(#5618,#5619,#5620));
#1187=EDGE_LOOP('',(#5621,#5622,#5623));
#1188=EDGE_LOOP('',(#5624,#5625,#5626,#5627));
#1189=EDGE_LOOP('',(#5628,#5629,#5630,#5631));
#1190=EDGE_LOOP('',(#5632,#5633,#5634,#5635,#5636));
#1191=EDGE_LOOP('',(#5637,#5638,#5639,#5640));
#1192=EDGE_LOOP('',(#5641,#5642,#5643,#5644,#5645));
#1193=EDGE_LOOP('',(#5646,#5647,#5648,#5649));
#1194=EDGE_LOOP('',(#5650,#5651,#5652,#5653));
#1195=EDGE_LOOP('',(#5654,#5655,#5656,#5657));
#1196=EDGE_LOOP('',(#5658,#5659,#5660,#5661));
#1197=EDGE_LOOP('',(#5662,#5663,#5664,#5665));
#1198=EDGE_LOOP('',(#5666,#5667,#5668,#5669));
#1199=EDGE_LOOP('',(#5670,#5671,#5672,#5673));
#1200=EDGE_LOOP('',(#5674,#5675,#5676,#5677));
#1201=EDGE_LOOP('',(#5678,#5679,#5680,#5681));
#1202=EDGE_LOOP('',(#5682,#5683,#5684,#5685));
#1203=EDGE_LOOP('',(#5686,#5687,#5688,#5689));
#1204=EDGE_LOOP('',(#5690,#5691,#5692,#5693));
#1205=EDGE_LOOP('',(#5694,#5695,#5696,#5697));
#1206=EDGE_LOOP('',(#5698,#5699,#5700));
#1207=EDGE_LOOP('',(#5701,#5702,#5703));
#1208=EDGE_LOOP('',(#5704,#5705,#5706));
#1209=EDGE_LOOP('',(#5707,#5708,#5709));
#1210=EDGE_LOOP('',(#5710,#5711,#5712,#5713));
#1211=EDGE_LOOP('',(#5714,#5715,#5716,#5717));
#1212=EDGE_LOOP('',(#5718,#5719,#5720,#5721));
#1213=EDGE_LOOP('',(#5722,#5723,#5724,#5725));
#1214=EDGE_LOOP('',(#5726,#5727,#5728,#5729));
#1215=EDGE_LOOP('',(#5730,#5731,#5732,#5733));
#1216=EDGE_LOOP('',(#5734,#5735,#5736,#5737));
#1217=EDGE_LOOP('',(#5738,#5739,#5740,#5741));
#1218=EDGE_LOOP('',(#5742,#5743,#5744,#5745));
#1219=EDGE_LOOP('',(#5746,#5747,#5748,#5749));
#1220=EDGE_LOOP('',(#5750,#5751,#5752,#5753));
#1221=EDGE_LOOP('',(#5754,#5755,#5756,#5757));
#1222=EDGE_LOOP('',(#5758,#5759,#5760,#5761));
#1223=EDGE_LOOP('',(#5762,#5763,#5764,#5765));
#1224=EDGE_LOOP('',(#5766,#5767,#5768,#5769));
#1225=EDGE_LOOP('',(#5770,#5771,#5772,#5773));
#1226=EDGE_LOOP('',(#5774,#5775,#5776,#5777));
#1227=EDGE_LOOP('',(#5778,#5779,#5780,#5781));
#1228=EDGE_LOOP('',(#5782,#5783,#5784,#5785));
#1229=EDGE_LOOP('',(#5786,#5787,#5788,#5789));
#1230=EDGE_LOOP('',(#5790,#5791,#5792,#5793));
#1231=EDGE_LOOP('',(#5794,#5795,#5796,#5797));
#1232=EDGE_LOOP('',(#5798,#5799,#5800,#5801));
#1233=EDGE_LOOP('',(#5802,#5803,#5804,#5805));
#1234=EDGE_LOOP('',(#5806,#5807,#5808,#5809));
#1235=EDGE_LOOP('',(#5810,#5811,#5812,#5813));
#1236=EDGE_LOOP('',(#5814,#5815,#5816,#5817));
#1237=EDGE_LOOP('',(#5818,#5819,#5820,#5821));
#1238=EDGE_LOOP('',(#5822,#5823,#5824,#5825));
#1239=EDGE_LOOP('',(#5826,#5827,#5828,#5829));
#1240=EDGE_LOOP('',(#5830,#5831,#5832,#5833));
#1241=EDGE_LOOP('',(#5834,#5835,#5836,#5837));
#1242=EDGE_LOOP('',(#5838,#5839,#5840,#5841));
#1243=EDGE_LOOP('',(#5842,#5843,#5844,#5845));
#1244=EDGE_LOOP('',(#5846,#5847,#5848,#5849));
#1245=EDGE_LOOP('',(#5850,#5851,#5852,#5853));
#1246=EDGE_LOOP('',(#5854,#5855,#5856,#5857));
#1247=EDGE_LOOP('',(#5858,#5859,#5860,#5861));
#1248=EDGE_LOOP('',(#5862,#5863,#5864,#5865));
#1249=EDGE_LOOP('',(#5866,#5867,#5868,#5869));
#1250=EDGE_LOOP('',(#5870,#5871,#5872,#5873));
#1251=EDGE_LOOP('',(#5874,#5875,#5876,#5877));
#1252=EDGE_LOOP('',(#5878,#5879,#5880,#5881));
#1253=EDGE_LOOP('',(#5882,#5883,#5884,#5885));
#1254=EDGE_LOOP('',(#5886,#5887,#5888,#5889));
#1255=EDGE_LOOP('',(#5890,#5891,#5892,#5893));
#1256=EDGE_LOOP('',(#5894,#5895,#5896,#5897,#5898,#5899,#5900,#5901,#5902,
#5903,#5904,#5905,#5906,#5907,#5908,#5909,#5910,#5911,#5912,#5913,#5914,
#5915,#5916,#5917,#5918,#5919,#5920,#5921,#5922,#5923,#5924,#5925,#5926,
#5927,#5928,#5929,#5930,#5931,#5932,#5933,#5934,#5935,#5936,#5937,#5938,
#5939,#5940,#5941,#5942,#5943,#5944,#5945,#5946,#5947,#5948,#5949,#5950,
#5951,#5952,#5953,#5954,#5955,#5956,#5957));
#1257=EDGE_LOOP('',(#5958,#5959,#5960,#5961,#5962,#5963,#5964,#5965,#5966,
#5967,#5968,#5969,#5970,#5971,#5972,#5973));
#1258=EDGE_LOOP('',(#5974,#5975,#5976,#5977,#5978,#5979,#5980,#5981));
#1259=EDGE_LOOP('',(#5982,#5983,#5984,#5985));
#1260=EDGE_LOOP('',(#5986,#5987,#5988,#5989));
#1261=EDGE_LOOP('',(#5990,#5991,#5992,#5993));
#1262=EDGE_LOOP('',(#5994,#5995,#5996,#5997));
#1263=EDGE_LOOP('',(#5998,#5999,#6000,#6001));
#1264=EDGE_LOOP('',(#6002,#6003,#6004,#6005));
#1265=EDGE_LOOP('',(#6006,#6007,#6008,#6009));
#1266=EDGE_LOOP('',(#6010,#6011,#6012,#6013));
#1267=EDGE_LOOP('',(#6014,#6015,#6016,#6017));
#1268=EDGE_LOOP('',(#6018,#6019,#6020,#6021));
#1269=EDGE_LOOP('',(#6022,#6023,#6024,#6025));
#1270=EDGE_LOOP('',(#6026,#6027,#6028,#6029));
#1271=EDGE_LOOP('',(#6030,#6031,#6032,#6033));
#1272=EDGE_LOOP('',(#6034,#6035,#6036,#6037));
#1273=EDGE_LOOP('',(#6038,#6039,#6040,#6041));
#1274=EDGE_LOOP('',(#6042,#6043,#6044,#6045));
#1275=EDGE_LOOP('',(#6046,#6047,#6048,#6049));
#1276=EDGE_LOOP('',(#6050,#6051,#6052,#6053));
#1277=EDGE_LOOP('',(#6054,#6055,#6056,#6057));
#1278=EDGE_LOOP('',(#6058,#6059,#6060,#6061));
#1279=EDGE_LOOP('',(#6062,#6063,#6064,#6065));
#1280=EDGE_LOOP('',(#6066,#6067,#6068,#6069));
#1281=EDGE_LOOP('',(#6070,#6071,#6072,#6073));
#1282=EDGE_LOOP('',(#6074,#6075,#6076,#6077));
#1283=EDGE_LOOP('',(#6078,#6079,#6080,#6081));
#1284=EDGE_LOOP('',(#6082,#6083,#6084,#6085,#6086,#6087,#6088,#6089));
#1285=EDGE_LOOP('',(#6090,#6091,#6092,#6093));
#1286=EDGE_LOOP('',(#6094,#6095,#6096,#6097));
#1287=EDGE_LOOP('',(#6098,#6099,#6100,#6101));
#1288=EDGE_LOOP('',(#6102,#6103,#6104,#6105));
#1289=EDGE_LOOP('',(#6106,#6107,#6108,#6109,#6110,#6111,#6112,#6113));
#1290=EDGE_LOOP('',(#6114,#6115,#6116,#6117,#6118,#6119,#6120,#6121,#6122,
#6123,#6124,#6125,#6126,#6127,#6128,#6129,#6130,#6131,#6132,#6133,#6134,
#6135,#6136,#6137,#6138,#6139,#6140,#6141,#6142,#6143,#6144,#6145,#6146,
#6147,#6148,#6149));
#1291=EDGE_LOOP('',(#6150,#6151,#6152,#6153,#6154));
#1292=EDGE_LOOP('',(#6155,#6156,#6157,#6158,#6159));
#1293=EDGE_LOOP('',(#6160,#6161,#6162,#6163,#6164,#6165));
#1294=EDGE_LOOP('',(#6166,#6167,#6168,#6169));
#1295=EDGE_LOOP('',(#6170,#6171,#6172,#6173,#6174,#6175));
#1296=EDGE_LOOP('',(#6176,#6177,#6178,#6179));
#1297=EDGE_LOOP('',(#6180,#6181,#6182,#6183));
#1298=EDGE_LOOP('',(#6184,#6185,#6186,#6187));
#1299=EDGE_LOOP('',(#6188,#6189,#6190,#6191));
#1300=EDGE_LOOP('',(#6192,#6193,#6194,#6195));
#1301=EDGE_LOOP('',(#6196,#6197,#6198,#6199,#6200,#6201));
#1302=EDGE_LOOP('',(#6202,#6203,#6204,#6205));
#1303=EDGE_LOOP('',(#6206,#6207,#6208,#6209,#6210,#6211));
#1304=EDGE_LOOP('',(#6212,#6213,#6214,#6215));
#1305=EDGE_LOOP('',(#6216,#6217,#6218,#6219));
#1306=EDGE_LOOP('',(#6220,#6221,#6222,#6223));
#1307=EDGE_LOOP('',(#6224,#6225,#6226,#6227));
#1308=EDGE_LOOP('',(#6228,#6229,#6230,#6231));
#1309=EDGE_LOOP('',(#6232,#6233,#6234,#6235,#6236,#6237));
#1310=EDGE_LOOP('',(#6238,#6239,#6240,#6241));
#1311=EDGE_LOOP('',(#6242,#6243,#6244,#6245,#6246,#6247));
#1312=EDGE_LOOP('',(#6248,#6249,#6250,#6251));
#1313=EDGE_LOOP('',(#6252,#6253,#6254,#6255));
#1314=EDGE_LOOP('',(#6256,#6257,#6258,#6259));
#1315=EDGE_LOOP('',(#6260,#6261,#6262,#6263));
#1316=EDGE_LOOP('',(#6264,#6265,#6266,#6267));
#1317=EDGE_LOOP('',(#6268,#6269,#6270,#6271,#6272,#6273));
#1318=EDGE_LOOP('',(#6274,#6275,#6276,#6277));
#1319=EDGE_LOOP('',(#6278,#6279,#6280,#6281,#6282,#6283));
#1320=EDGE_LOOP('',(#6284,#6285,#6286,#6287));
#1321=EDGE_LOOP('',(#6288,#6289,#6290,#6291));
#1322=EDGE_LOOP('',(#6292,#6293,#6294,#6295));
#1323=EDGE_LOOP('',(#6296,#6297,#6298,#6299));
#1324=EDGE_LOOP('',(#6300,#6301,#6302,#6303));
#1325=EDGE_LOOP('',(#6304,#6305,#6306,#6307,#6308,#6309));
#1326=EDGE_LOOP('',(#6310,#6311,#6312,#6313));
#1327=EDGE_LOOP('',(#6314,#6315,#6316,#6317,#6318,#6319));
#1328=EDGE_LOOP('',(#6320,#6321,#6322,#6323));
#1329=EDGE_LOOP('',(#6324,#6325,#6326,#6327));
#1330=EDGE_LOOP('',(#6328,#6329,#6330,#6331));
#1331=EDGE_LOOP('',(#6332,#6333,#6334,#6335));
#1332=EDGE_LOOP('',(#6336,#6337,#6338,#6339));
#1333=EDGE_LOOP('',(#6340,#6341,#6342,#6343,#6344,#6345));
#1334=EDGE_LOOP('',(#6346,#6347,#6348,#6349));
#1335=EDGE_LOOP('',(#6350,#6351,#6352,#6353,#6354,#6355));
#1336=EDGE_LOOP('',(#6356,#6357,#6358,#6359));
#1337=EDGE_LOOP('',(#6360,#6361,#6362,#6363));
#1338=EDGE_LOOP('',(#6364,#6365,#6366,#6367));
#1339=EDGE_LOOP('',(#6368,#6369,#6370,#6371));
#1340=EDGE_LOOP('',(#6372,#6373,#6374,#6375));
#1341=EDGE_LOOP('',(#6376,#6377,#6378,#6379,#6380,#6381));
#1342=EDGE_LOOP('',(#6382,#6383,#6384,#6385));
#1343=EDGE_LOOP('',(#6386,#6387,#6388,#6389,#6390,#6391));
#1344=EDGE_LOOP('',(#6392,#6393,#6394,#6395));
#1345=EDGE_LOOP('',(#6396,#6397,#6398,#6399));
#1346=EDGE_LOOP('',(#6400,#6401,#6402,#6403));
#1347=EDGE_LOOP('',(#6404,#6405,#6406,#6407));
#1348=EDGE_LOOP('',(#6408,#6409,#6410,#6411));
#1349=EDGE_LOOP('',(#6412,#6413,#6414,#6415,#6416,#6417));
#1350=EDGE_LOOP('',(#6418,#6419,#6420,#6421));
#1351=EDGE_LOOP('',(#6422,#6423,#6424,#6425,#6426,#6427));
#1352=EDGE_LOOP('',(#6428,#6429,#6430,#6431));
#1353=EDGE_LOOP('',(#6432,#6433,#6434,#6435));
#1354=EDGE_LOOP('',(#6436,#6437,#6438,#6439));
#1355=EDGE_LOOP('',(#6440,#6441,#6442,#6443));
#1356=EDGE_LOOP('',(#6444,#6445,#6446,#6447));
#1357=EDGE_LOOP('',(#6448,#6449,#6450,#6451,#6452,#6453));
#1358=EDGE_LOOP('',(#6454,#6455,#6456,#6457));
#1359=EDGE_LOOP('',(#6458,#6459,#6460,#6461,#6462,#6463));
#1360=EDGE_LOOP('',(#6464,#6465,#6466,#6467));
#1361=EDGE_LOOP('',(#6468,#6469,#6470,#6471));
#1362=EDGE_LOOP('',(#6472,#6473,#6474,#6475));
#1363=EDGE_LOOP('',(#6476,#6477,#6478,#6479));
#1364=EDGE_LOOP('',(#6480,#6481,#6482,#6483));
#1365=EDGE_LOOP('',(#6484,#6485,#6486,#6487,#6488,#6489));
#1366=EDGE_LOOP('',(#6490,#6491,#6492,#6493));
#1367=EDGE_LOOP('',(#6494,#6495,#6496,#6497,#6498,#6499));
#1368=EDGE_LOOP('',(#6500,#6501,#6502,#6503));
#1369=EDGE_LOOP('',(#6504,#6505,#6506,#6507));
#1370=EDGE_LOOP('',(#6508,#6509,#6510,#6511));
#1371=EDGE_LOOP('',(#6512,#6513,#6514,#6515));
#1372=EDGE_LOOP('',(#6516,#6517,#6518,#6519));
#1373=EDGE_LOOP('',(#6520,#6521,#6522,#6523,#6524,#6525));
#1374=EDGE_LOOP('',(#6526,#6527,#6528,#6529));
#1375=EDGE_LOOP('',(#6530,#6531,#6532,#6533,#6534,#6535));
#1376=EDGE_LOOP('',(#6536,#6537,#6538,#6539));
#1377=EDGE_LOOP('',(#6540,#6541,#6542,#6543));
#1378=EDGE_LOOP('',(#6544,#6545,#6546,#6547));
#1379=EDGE_LOOP('',(#6548,#6549,#6550,#6551));
#1380=EDGE_LOOP('',(#6552,#6553,#6554,#6555));
#1381=EDGE_LOOP('',(#6556,#6557,#6558,#6559,#6560,#6561));
#1382=EDGE_LOOP('',(#6562,#6563,#6564,#6565));
#1383=EDGE_LOOP('',(#6566,#6567,#6568,#6569,#6570,#6571));
#1384=EDGE_LOOP('',(#6572,#6573,#6574,#6575));
#1385=EDGE_LOOP('',(#6576,#6577,#6578,#6579));
#1386=EDGE_LOOP('',(#6580,#6581,#6582,#6583));
#1387=EDGE_LOOP('',(#6584,#6585,#6586,#6587));
#1388=EDGE_LOOP('',(#6588,#6589,#6590,#6591));
#1389=EDGE_LOOP('',(#6592,#6593,#6594,#6595,#6596,#6597));
#1390=EDGE_LOOP('',(#6598,#6599,#6600,#6601));
#1391=EDGE_LOOP('',(#6602,#6603,#6604,#6605,#6606,#6607));
#1392=EDGE_LOOP('',(#6608,#6609,#6610,#6611));
#1393=EDGE_LOOP('',(#6612,#6613,#6614,#6615));
#1394=EDGE_LOOP('',(#6616,#6617,#6618,#6619));
#1395=EDGE_LOOP('',(#6620,#6621,#6622,#6623));
#1396=EDGE_LOOP('',(#6624,#6625,#6626,#6627));
#1397=EDGE_LOOP('',(#6628,#6629,#6630,#6631,#6632,#6633));
#1398=EDGE_LOOP('',(#6634,#6635,#6636,#6637));
#1399=EDGE_LOOP('',(#6638,#6639,#6640,#6641,#6642,#6643));
#1400=EDGE_LOOP('',(#6644,#6645,#6646,#6647));
#1401=EDGE_LOOP('',(#6648,#6649,#6650,#6651));
#1402=EDGE_LOOP('',(#6652,#6653,#6654,#6655));
#1403=EDGE_LOOP('',(#6656,#6657,#6658,#6659));
#1404=EDGE_LOOP('',(#6660,#6661,#6662,#6663));
#1405=EDGE_LOOP('',(#6664,#6665,#6666,#6667,#6668,#6669));
#1406=EDGE_LOOP('',(#6670,#6671,#6672,#6673));
#1407=EDGE_LOOP('',(#6674,#6675,#6676,#6677,#6678,#6679));
#1408=EDGE_LOOP('',(#6680,#6681,#6682,#6683));
#1409=EDGE_LOOP('',(#6684,#6685,#6686,#6687));
#1410=EDGE_LOOP('',(#6688,#6689,#6690,#6691));
#1411=EDGE_LOOP('',(#6692,#6693,#6694,#6695));
#1412=EDGE_LOOP('',(#6696,#6697,#6698,#6699));
#1413=EDGE_LOOP('',(#6700,#6701,#6702,#6703));
#1414=EDGE_LOOP('',(#6704,#6705,#6706,#6707));
#1415=EDGE_LOOP('',(#6708,#6709,#6710,#6711));
#1416=EDGE_LOOP('',(#6712,#6713,#6714,#6715,#6716,#6717,#6718,#6719,#6720,
#6721));
#1417=EDGE_LOOP('',(#6722));
#1418=EDGE_LOOP('',(#6723));
#1419=EDGE_LOOP('',(#6724));
#1420=EDGE_LOOP('',(#6725));
#1421=EDGE_LOOP('',(#6726));
#1422=EDGE_LOOP('',(#6727));
#1423=EDGE_LOOP('',(#6728));
#1424=EDGE_LOOP('',(#6729));
#1425=EDGE_LOOP('',(#6730,#6731,#6732,#6733));
#1426=EDGE_LOOP('',(#6734,#6735,#6736,#6737));
#1427=EDGE_LOOP('',(#6738,#6739,#6740,#6741,#6742,#6743,#6744,#6745,#6746,
#6747));
#1428=EDGE_LOOP('',(#6748));
#1429=EDGE_LOOP('',(#6749));
#1430=EDGE_LOOP('',(#6750));
#1431=EDGE_LOOP('',(#6751));
#1432=EDGE_LOOP('',(#6752));
#1433=EDGE_LOOP('',(#6753));
#1434=EDGE_LOOP('',(#6754));
#1435=EDGE_LOOP('',(#6755));
#1436=EDGE_LOOP('',(#6756,#6757,#6758,#6759));
#1437=EDGE_LOOP('',(#6760,#6761,#6762,#6763));
#1438=EDGE_LOOP('',(#6764,#6765,#6766,#6767));
#1439=EDGE_LOOP('',(#6768,#6769,#6770,#6771));
#1440=EDGE_LOOP('',(#6772,#6773,#6774,#6775));
#1441=EDGE_LOOP('',(#6776,#6777,#6778,#6779));
#1442=EDGE_LOOP('',(#6780,#6781,#6782,#6783));
#1443=EDGE_LOOP('',(#6784,#6785,#6786,#6787));
#1444=EDGE_LOOP('',(#6788,#6789,#6790,#6791));
#1445=EDGE_LOOP('',(#6792,#6793,#6794,#6795));
#1446=EDGE_LOOP('',(#6796,#6797,#6798,#6799));
#1447=EDGE_LOOP('',(#6800,#6801,#6802,#6803));
#1448=EDGE_LOOP('',(#6804,#6805,#6806,#6807));
#1449=EDGE_LOOP('',(#6808,#6809,#6810,#6811));
#1450=EDGE_LOOP('',(#6812));
#1451=EDGE_LOOP('',(#6813));
#1452=EDGE_LOOP('',(#6814));
#1453=EDGE_LOOP('',(#6815));
#1454=EDGE_LOOP('',(#6816,#6817,#6818,#6819));
#1455=EDGE_LOOP('',(#6820,#6821,#6822,#6823));
#1456=EDGE_LOOP('',(#6824));
#1457=EDGE_LOOP('',(#6825));
#1458=EDGE_LOOP('',(#6826));
#1459=EDGE_LOOP('',(#6827));
#1460=EDGE_LOOP('',(#6828,#6829,#6830,#6831));
#1461=EDGE_LOOP('',(#6832,#6833,#6834,#6835));
#1462=EDGE_LOOP('',(#6836));
#1463=EDGE_LOOP('',(#6837));
#1464=EDGE_LOOP('',(#6838));
#1465=EDGE_LOOP('',(#6839));
#1466=EDGE_LOOP('',(#6840,#6841,#6842,#6843));
#1467=EDGE_LOOP('',(#6844,#6845,#6846,#6847));
#1468=EDGE_LOOP('',(#6848));
#1469=EDGE_LOOP('',(#6849));
#1470=EDGE_LOOP('',(#6850));
#1471=EDGE_LOOP('',(#6851));
#1472=EDGE_LOOP('',(#6852,#6853,#6854,#6855));
#1473=EDGE_LOOP('',(#6856,#6857,#6858,#6859,#6860,#6861,#6862,#6863,#6864,
#6865,#6866,#6867,#6868,#6869,#6870,#6871));
#1474=EDGE_LOOP('',(#6872,#6873));
#1475=EDGE_LOOP('',(#6874,#6875,#6876,#6877));
#1476=EDGE_LOOP('',(#6878,#6879,#6880,#6881));
#1477=EDGE_LOOP('',(#6882,#6883,#6884,#6885));
#1478=EDGE_LOOP('',(#6886,#6887,#6888,#6889,#6890));
#1479=EDGE_LOOP('',(#6891,#6892,#6893,#6894));
#1480=EDGE_LOOP('',(#6895,#6896,#6897,#6898));
#1481=EDGE_LOOP('',(#6899,#6900,#6901,#6902));
#1482=EDGE_LOOP('',(#6903,#6904,#6905,#6906));
#1483=EDGE_LOOP('',(#6907,#6908,#6909,#6910));
#1484=EDGE_LOOP('',(#6911,#6912,#6913,#6914));
#1485=EDGE_LOOP('',(#6915,#6916,#6917,#6918));
#1486=EDGE_LOOP('',(#6919,#6920,#6921,#6922));
#1487=EDGE_LOOP('',(#6923,#6924,#6925,#6926));
#1488=EDGE_LOOP('',(#6927,#6928,#6929,#6930));
#1489=EDGE_LOOP('',(#6931,#6932,#6933,#6934));
#1490=EDGE_LOOP('',(#6935,#6936,#6937,#6938,#6939));
#1491=EDGE_LOOP('',(#6940,#6941,#6942,#6943));
#1492=EDGE_LOOP('',(#6944,#6945,#6946,#6947));
#1493=EDGE_LOOP('',(#6948,#6949,#6950,#6951));
#1494=EDGE_LOOP('',(#6952,#6953,#6954,#6955));
#1495=EDGE_LOOP('',(#6956,#6957,#6958,#6959));
#1496=EDGE_LOOP('',(#6960,#6961,#6962,#6963));
#1497=EDGE_LOOP('',(#6964,#6965,#6966,#6967));
#1498=EDGE_LOOP('',(#6968,#6969,#6970,#6971));
#1499=EDGE_LOOP('',(#6972,#6973,#6974,#6975,#6976,#6977,#6978,#6979,#6980,
#6981,#6982,#6983,#6984,#6985,#6986,#6987,#6988,#6989,#6990,#6991,#6992,
#6993,#6994,#6995));
#1500=EDGE_LOOP('',(#6996,#6997,#6998,#6999,#7000,#7001,#7002,#7003,#7004,
#7005,#7006,#7007,#7008,#7009,#7010,#7011));
#1501=EDGE_LOOP('',(#7012,#7013,#7014,#7015,#7016,#7017,#7018,#7019,#7020,
#7021,#7022,#7023,#7024,#7025,#7026,#7027));
#1502=EDGE_LOOP('',(#7028,#7029));
#1503=EDGE_LOOP('',(#7030,#7031,#7032,#7033));
#1504=EDGE_LOOP('',(#7034,#7035,#7036,#7037));
#1505=EDGE_LOOP('',(#7038,#7039,#7040,#7041));
#1506=EDGE_LOOP('',(#7042,#7043,#7044,#7045,#7046));
#1507=EDGE_LOOP('',(#7047,#7048,#7049,#7050));
#1508=EDGE_LOOP('',(#7051,#7052,#7053,#7054));
#1509=EDGE_LOOP('',(#7055,#7056,#7057,#7058));
#1510=EDGE_LOOP('',(#7059,#7060,#7061,#7062));
#1511=EDGE_LOOP('',(#7063,#7064,#7065,#7066));
#1512=EDGE_LOOP('',(#7067,#7068,#7069,#7070));
#1513=EDGE_LOOP('',(#7071,#7072,#7073,#7074));
#1514=EDGE_LOOP('',(#7075,#7076,#7077,#7078));
#1515=EDGE_LOOP('',(#7079,#7080,#7081,#7082));
#1516=EDGE_LOOP('',(#7083,#7084,#7085,#7086));
#1517=EDGE_LOOP('',(#7087,#7088,#7089,#7090));
#1518=EDGE_LOOP('',(#7091,#7092,#7093,#7094,#7095));
#1519=EDGE_LOOP('',(#7096,#7097,#7098,#7099));
#1520=EDGE_LOOP('',(#7100,#7101,#7102,#7103));
#1521=EDGE_LOOP('',(#7104,#7105,#7106,#7107));
#1522=EDGE_LOOP('',(#7108,#7109,#7110,#7111));
#1523=EDGE_LOOP('',(#7112,#7113,#7114,#7115));
#1524=EDGE_LOOP('',(#7116,#7117,#7118,#7119));
#1525=EDGE_LOOP('',(#7120,#7121,#7122,#7123));
#1526=EDGE_LOOP('',(#7124,#7125,#7126,#7127));
#1527=EDGE_LOOP('',(#7128,#7129,#7130,#7131,#7132,#7133,#7134,#7135,#7136,
#7137,#7138,#7139,#7140,#7141,#7142,#7143,#7144,#7145,#7146,#7147,#7148,
#7149,#7150,#7151));
#1528=EDGE_LOOP('',(#7152,#7153,#7154,#7155,#7156,#7157,#7158,#7159,#7160,
#7161,#7162,#7163,#7164,#7165,#7166,#7167));
#1529=EDGE_LOOP('',(#7168,#7169,#7170,#7171));
#1530=EDGE_LOOP('',(#7172));
#1531=EDGE_LOOP('',(#7173));
#1532=EDGE_LOOP('',(#7174));
#1533=EDGE_LOOP('',(#7175));
#1534=EDGE_LOOP('',(#7176,#7177,#7178,#7179));
#1535=EDGE_LOOP('',(#7180,#7181,#7182,#7183));
#1536=EDGE_LOOP('',(#7184));
#1537=EDGE_LOOP('',(#7185));
#1538=EDGE_LOOP('',(#7186));
#1539=EDGE_LOOP('',(#7187));
#1540=EDGE_LOOP('',(#7188,#7189,#7190,#7191));
#1541=EDGE_LOOP('',(#7192,#7193,#7194,#7195));
#1542=EDGE_LOOP('',(#7196));
#1543=EDGE_LOOP('',(#7197));
#1544=EDGE_LOOP('',(#7198));
#1545=EDGE_LOOP('',(#7199));
#1546=EDGE_LOOP('',(#7200,#7201,#7202,#7203));
#1547=EDGE_LOOP('',(#7204,#7205,#7206,#7207));
#1548=EDGE_LOOP('',(#7208));
#1549=EDGE_LOOP('',(#7209));
#1550=EDGE_LOOP('',(#7210));
#1551=EDGE_LOOP('',(#7211));
#1552=EDGE_LOOP('',(#7212,#7213,#7214,#7215));
#1553=EDGE_LOOP('',(#7216,#7217));
#1554=EDGE_LOOP('',(#7218,#7219));
#1555=EDGE_LOOP('',(#7220,#7221,#7222,#7223));
#1556=EDGE_LOOP('',(#7224));
#1557=EDGE_LOOP('',(#7225));
#1558=EDGE_LOOP('',(#7226));
#1559=EDGE_LOOP('',(#7227));
#1560=EDGE_LOOP('',(#7228,#7229,#7230,#7231));
#1561=EDGE_LOOP('',(#7232,#7233,#7234,#7235));
#1562=EDGE_LOOP('',(#7236));
#1563=EDGE_LOOP('',(#7237));
#1564=EDGE_LOOP('',(#7238));
#1565=EDGE_LOOP('',(#7239));
#1566=EDGE_LOOP('',(#7240,#7241,#7242,#7243));
#1567=EDGE_LOOP('',(#7244,#7245,#7246,#7247));
#1568=EDGE_LOOP('',(#7248));
#1569=EDGE_LOOP('',(#7249));
#1570=EDGE_LOOP('',(#7250,#7251,#7252,#7253));
#1571=EDGE_LOOP('',(#7254,#7255,#7256,#7257));
#1572=EDGE_LOOP('',(#7258,#7259,#7260,#7261));
#1573=EDGE_LOOP('',(#7262,#7263,#7264,#7265));
#1574=EDGE_LOOP('',(#7266,#7267,#7268,#7269));
#1575=EDGE_LOOP('',(#7270,#7271,#7272,#7273));
#1576=EDGE_LOOP('',(#7274,#7275,#7276,#7277));
#1577=EDGE_LOOP('',(#7278,#7279,#7280,#7281));
#1578=EDGE_LOOP('',(#7282,#7283,#7284,#7285));
#1579=EDGE_LOOP('',(#7286,#7287,#7288,#7289));
#1580=EDGE_LOOP('',(#7290,#7291,#7292,#7293));
#1581=EDGE_LOOP('',(#7294,#7295,#7296,#7297));
#1582=EDGE_LOOP('',(#7298,#7299,#7300,#7301));
#1583=EDGE_LOOP('',(#7302,#7303,#7304,#7305));
#1584=EDGE_LOOP('',(#7306,#7307,#7308,#7309));
#1585=EDGE_LOOP('',(#7310,#7311,#7312,#7313));
#1586=EDGE_LOOP('',(#7314,#7315,#7316,#7317));
#1587=EDGE_LOOP('',(#7318,#7319,#7320,#7321));
#1588=EDGE_LOOP('',(#7322,#7323,#7324,#7325));
#1589=EDGE_LOOP('',(#7326,#7327,#7328,#7329));
#1590=EDGE_LOOP('',(#7330,#7331,#7332,#7333,#7334,#7335,#7336,#7337,#7338,
#7339,#7340,#7341,#7342,#7343,#7344,#7345,#7346,#7347,#7348,#7349));
#1591=EDGE_LOOP('',(#7350,#7351,#7352,#7353,#7354,#7355,#7356,#7357));
#1592=EDGE_LOOP('',(#7358));
#1593=EDGE_LOOP('',(#7359));
#1594=EDGE_LOOP('',(#7360,#7361,#7362,#7363,#7364,#7365,#7366,#7367,#7368,
#7369,#7370,#7371,#7372,#7373,#7374,#7375,#7376,#7377,#7378,#7379));
#1595=EDGE_LOOP('',(#7380));
#1596=EDGE_LOOP('',(#7381));
#1597=EDGE_LOOP('',(#7382));
#1598=EDGE_LOOP('',(#7383,#7384,#7385,#7386,#7387,#7388,#7389,#7390));
#1599=EDGE_LOOP('',(#7391));
#1600=EDGE_LOOP('',(#7392,#7393,#7394,#7395));
#1601=EDGE_LOOP('',(#7396,#7397,#7398,#7399));
#1602=EDGE_LOOP('',(#7400,#7401,#7402,#7403));
#1603=EDGE_LOOP('',(#7404,#7405,#7406,#7407));
#1604=EDGE_LOOP('',(#7408,#7409,#7410,#7411));
#1605=EDGE_LOOP('',(#7412,#7413,#7414,#7415));
#1606=EDGE_LOOP('',(#7416,#7417,#7418,#7419));
#1607=EDGE_LOOP('',(#7420,#7421,#7422,#7423));
#1608=EDGE_LOOP('',(#7424,#7425,#7426,#7427));
#1609=EDGE_LOOP('',(#7428,#7429,#7430,#7431));
#1610=EDGE_LOOP('',(#7432,#7433,#7434,#7435));
#1611=LINE('',#11274,#2450);
#1612=LINE('',#11276,#2451);
#1613=LINE('',#11278,#2452);
#1614=LINE('',#11279,#2453);
#1615=LINE('',#11283,#2454);
#1616=LINE('',#11285,#2455);
#1617=LINE('',#11287,#2456);
#1618=LINE('',#11288,#2457);
#1619=LINE('',#11292,#2458);
#1620=LINE('',#11294,#2459);
#1621=LINE('',#11296,#2460);
#1622=LINE('',#11297,#2461);
#1623=LINE('',#11301,#2462);
#1624=LINE('',#11303,#2463);
#1625=LINE('',#11305,#2464);
#1626=LINE('',#11306,#2465);
#1627=LINE('',#11310,#2466);
#1628=LINE('',#11312,#2467);
#1629=LINE('',#11314,#2468);
#1630=LINE('',#11315,#2469);
#1631=LINE('',#11319,#2470);
#1632=LINE('',#11321,#2471);
#1633=LINE('',#11323,#2472);
#1634=LINE('',#11324,#2473);
#1635=LINE('',#11372,#2474);
#1636=LINE('',#11374,#2475);
#1637=LINE('',#11376,#2476);
#1638=LINE('',#11377,#2477);
#1639=LINE('',#11381,#2478);
#1640=LINE('',#11383,#2479);
#1641=LINE('',#11385,#2480);
#1642=LINE('',#11386,#2481);
#1643=LINE('',#11390,#2482);
#1644=LINE('',#11392,#2483);
#1645=LINE('',#11394,#2484);
#1646=LINE('',#11395,#2485);
#1647=LINE('',#11399,#2486);
#1648=LINE('',#11401,#2487);
#1649=LINE('',#11403,#2488);
#1650=LINE('',#11404,#2489);
#1651=LINE('',#11408,#2490);
#1652=LINE('',#11410,#2491);
#1653=LINE('',#11412,#2492);
#1654=LINE('',#11413,#2493);
#1655=LINE('',#11417,#2494);
#1656=LINE('',#11419,#2495);
#1657=LINE('',#11421,#2496);
#1658=LINE('',#11422,#2497);
#1659=LINE('',#11470,#2498);
#1660=LINE('',#11472,#2499);
#1661=LINE('',#11474,#2500);
#1662=LINE('',#11475,#2501);
#1663=LINE('',#11478,#2502);
#1664=LINE('',#11480,#2503);
#1665=LINE('',#11481,#2504);
#1666=LINE('',#11485,#2505);
#1667=LINE('',#11486,#2506);
#1668=LINE('',#11487,#2507);
#1669=LINE('',#11490,#2508);
#1670=LINE('',#11492,#2509);
#1671=LINE('',#11493,#2510);
#1672=LINE('',#11496,#2511);
#1673=LINE('',#11498,#2512);
#1674=LINE('',#11499,#2513);
#1675=LINE('',#11503,#2514);
#1676=LINE('',#11505,#2515);
#1677=LINE('',#11507,#2516);
#1678=LINE('',#11509,#2517);
#1679=LINE('',#11511,#2518);
#1680=LINE('',#11513,#2519);
#1681=LINE('',#11515,#2520);
#1682=LINE('',#11517,#2521);
#1683=LINE('',#11519,#2522);
#1684=LINE('',#11521,#2523);
#1685=LINE('',#11523,#2524);
#1686=LINE('',#11524,#2525);
#1687=LINE('',#11528,#2526);
#1688=LINE('',#11530,#2527);
#1689=LINE('',#11532,#2528);
#1690=LINE('',#11534,#2529);
#1691=LINE('',#11536,#2530);
#1692=LINE('',#11538,#2531);
#1693=LINE('',#11540,#2532);
#1694=LINE('',#11542,#2533);
#1695=LINE('',#11544,#2534);
#1696=LINE('',#11546,#2535);
#1697=LINE('',#11548,#2536);
#1698=LINE('',#11549,#2537);
#1699=LINE('',#11551,#2538);
#1700=LINE('',#11552,#2539);
#1701=LINE('',#11554,#2540);
#1702=LINE('',#11555,#2541);
#1703=LINE('',#11556,#2542);
#1704=LINE('',#11559,#2543);
#1705=LINE('',#11561,#2544);
#1706=LINE('',#11563,#2545);
#1707=LINE('',#11564,#2546);
#1708=LINE('',#11567,#2547);
#1709=LINE('',#11568,#2548);
#1710=LINE('',#11571,#2549);
#1711=LINE('',#11573,#2550);
#1712=LINE('',#11575,#2551);
#1713=LINE('',#11577,#2552);
#1714=LINE('',#11579,#2553);
#1715=LINE('',#11584,#2554);
#1716=LINE('',#11586,#2555);
#1717=LINE('',#11588,#2556);
#1718=LINE('',#11590,#2557);
#1719=LINE('',#11592,#2558);
#1720=LINE('',#11594,#2559);
#1721=LINE('',#11596,#2560);
#1722=LINE('',#11598,#2561);
#1723=LINE('',#11600,#2562);
#1724=LINE('',#11602,#2563);
#1725=LINE('',#11604,#2564);
#1726=LINE('',#11605,#2565);
#1727=LINE('',#11609,#2566);
#1728=LINE('',#11611,#2567);
#1729=LINE('',#11613,#2568);
#1730=LINE('',#11615,#2569);
#1731=LINE('',#11617,#2570);
#1732=LINE('',#11619,#2571);
#1733=LINE('',#11621,#2572);
#1734=LINE('',#11623,#2573);
#1735=LINE('',#11625,#2574);
#1736=LINE('',#11627,#2575);
#1737=LINE('',#11629,#2576);
#1738=LINE('',#11630,#2577);
#1739=LINE('',#11632,#2578);
#1740=LINE('',#11633,#2579);
#1741=LINE('',#11635,#2580);
#1742=LINE('',#11636,#2581);
#1743=LINE('',#11638,#2582);
#1744=LINE('',#11640,#2583);
#1745=LINE('',#11642,#2584);
#1746=LINE('',#11644,#2585);
#1747=LINE('',#11649,#2586);
#1748=LINE('',#11651,#2587);
#1749=LINE('',#11652,#2588);
#1750=LINE('',#11654,#2589);
#1751=LINE('',#11655,#2590);
#1752=LINE('',#11658,#2591);
#1753=LINE('',#11660,#2592);
#1754=LINE('',#11661,#2593);
#1755=LINE('',#11664,#2594);
#1756=LINE('',#11666,#2595);
#1757=LINE('',#11667,#2596);
#1758=LINE('',#11670,#2597);
#1759=LINE('',#11672,#2598);
#1760=LINE('',#11673,#2599);
#1761=LINE('',#11677,#2600);
#1762=LINE('',#11679,#2601);
#1763=LINE('',#11680,#2602);
#1764=LINE('',#11682,#2603);
#1765=LINE('',#11683,#2604);
#1766=LINE('',#11685,#2605);
#1767=LINE('',#11687,#2606);
#1768=LINE('',#11691,#2607);
#1769=LINE('',#11693,#2608);
#1770=LINE('',#11695,#2609);
#1771=LINE('',#11696,#2610);
#1772=LINE('',#11700,#2611);
#1773=LINE('',#11702,#2612);
#1774=LINE('',#11704,#2613);
#1775=LINE('',#11706,#2614);
#1776=LINE('',#11707,#2615);
#1777=LINE('',#11711,#2616);
#1778=LINE('',#11713,#2617);
#1779=LINE('',#11715,#2618);
#1780=LINE('',#11716,#2619);
#1781=LINE('',#11720,#2620);
#1782=LINE('',#11722,#2621);
#1783=LINE('',#11724,#2622);
#1784=LINE('',#11726,#2623);
#1785=LINE('',#11727,#2624);
#1786=LINE('',#11731,#2625);
#1787=LINE('',#11733,#2626);
#1788=LINE('',#11735,#2627);
#1789=LINE('',#11736,#2628);
#1790=LINE('',#11754,#2629);
#1791=LINE('',#11760,#2630);
#1792=LINE('',#11766,#2631);
#1793=LINE('',#11824,#2632);
#1794=LINE('',#11826,#2633);
#1795=LINE('',#11828,#2634);
#1796=LINE('',#11830,#2635);
#1797=LINE('',#11831,#2636);
#1798=LINE('',#11835,#2637);
#1799=LINE('',#11837,#2638);
#1800=LINE('',#11839,#2639);
#1801=LINE('',#11840,#2640);
#1802=LINE('',#11844,#2641);
#1803=LINE('',#11846,#2642);
#1804=LINE('',#11848,#2643);
#1805=LINE('',#11850,#2644);
#1806=LINE('',#11851,#2645);
#1807=LINE('',#11855,#2646);
#1808=LINE('',#11857,#2647);
#1809=LINE('',#11859,#2648);
#1810=LINE('',#11860,#2649);
#1811=LINE('',#11864,#2650);
#1812=LINE('',#11866,#2651);
#1813=LINE('',#11868,#2652);
#1814=LINE('',#11869,#2653);
#1815=LINE('',#11887,#2654);
#1816=LINE('',#11893,#2655);
#1817=LINE('',#11899,#2656);
#1818=LINE('',#11956,#2657);
#1819=LINE('',#11958,#2658);
#1820=LINE('',#11959,#2659);
#1821=LINE('',#11963,#2660);
#1822=LINE('',#11965,#2661);
#1823=LINE('',#11967,#2662);
#1824=LINE('',#11968,#2663);
#1825=LINE('',#11971,#2664);
#1826=LINE('',#11973,#2665);
#1827=LINE('',#11974,#2666);
#1828=LINE('',#11977,#2667);
#1829=LINE('',#11979,#2668);
#1830=LINE('',#11980,#2669);
#1831=LINE('',#11984,#2670);
#1832=LINE('',#11986,#2671);
#1833=LINE('',#11988,#2672);
#1834=LINE('',#11989,#2673);
#1835=LINE('',#11992,#2674);
#1836=LINE('',#11994,#2675);
#1837=LINE('',#11995,#2676);
#1838=LINE('',#11998,#2677);
#1839=LINE('',#12000,#2678);
#1840=LINE('',#12001,#2679);
#1841=LINE('',#12005,#2680);
#1842=LINE('',#12007,#2681);
#1843=LINE('',#12009,#2682);
#1844=LINE('',#12010,#2683);
#1845=LINE('',#12013,#2684);
#1846=LINE('',#12015,#2685);
#1847=LINE('',#12016,#2686);
#1848=LINE('',#12019,#2687);
#1849=LINE('',#12021,#2688);
#1850=LINE('',#12022,#2689);
#1851=LINE('',#12026,#2690);
#1852=LINE('',#12028,#2691);
#1853=LINE('',#12030,#2692);
#1854=LINE('',#12031,#2693);
#1855=LINE('',#12034,#2694);
#1856=LINE('',#12036,#2695);
#1857=LINE('',#12037,#2696);
#1858=LINE('',#12040,#2697);
#1859=LINE('',#12042,#2698);
#1860=LINE('',#12043,#2699);
#1861=LINE('',#12047,#2700);
#1862=LINE('',#12049,#2701);
#1863=LINE('',#12051,#2702);
#1864=LINE('',#12052,#2703);
#1865=LINE('',#12055,#2704);
#1866=LINE('',#12057,#2705);
#1867=LINE('',#12058,#2706);
#1868=LINE('',#12061,#2707);
#1869=LINE('',#12063,#2708);
#1870=LINE('',#12064,#2709);
#1871=LINE('',#12068,#2710);
#1872=LINE('',#12070,#2711);
#1873=LINE('',#12072,#2712);
#1874=LINE('',#12073,#2713);
#1875=LINE('',#12076,#2714);
#1876=LINE('',#12078,#2715);
#1877=LINE('',#12079,#2716);
#1878=LINE('',#12082,#2717);
#1879=LINE('',#12084,#2718);
#1880=LINE('',#12085,#2719);
#1881=LINE('',#12089,#2720);
#1882=LINE('',#12091,#2721);
#1883=LINE('',#12093,#2722);
#1884=LINE('',#12094,#2723);
#1885=LINE('',#12097,#2724);
#1886=LINE('',#12099,#2725);
#1887=LINE('',#12100,#2726);
#1888=LINE('',#12103,#2727);
#1889=LINE('',#12105,#2728);
#1890=LINE('',#12106,#2729);
#1891=LINE('',#12110,#2730);
#1892=LINE('',#12112,#2731);
#1893=LINE('',#12114,#2732);
#1894=LINE('',#12115,#2733);
#1895=LINE('',#12118,#2734);
#1896=LINE('',#12120,#2735);
#1897=LINE('',#12121,#2736);
#1898=LINE('',#12124,#2737);
#1899=LINE('',#12126,#2738);
#1900=LINE('',#12127,#2739);
#1901=LINE('',#12131,#2740);
#1902=LINE('',#12133,#2741);
#1903=LINE('',#12135,#2742);
#1904=LINE('',#12136,#2743);
#1905=LINE('',#12139,#2744);
#1906=LINE('',#12141,#2745);
#1907=LINE('',#12142,#2746);
#1908=LINE('',#12145,#2747);
#1909=LINE('',#12147,#2748);
#1910=LINE('',#12148,#2749);
#1911=LINE('',#12152,#2750);
#1912=LINE('',#12154,#2751);
#1913=LINE('',#12156,#2752);
#1914=LINE('',#12157,#2753);
#1915=LINE('',#12160,#2754);
#1916=LINE('',#12162,#2755);
#1917=LINE('',#12163,#2756);
#1918=LINE('',#12166,#2757);
#1919=LINE('',#12168,#2758);
#1920=LINE('',#12169,#2759);
#1921=LINE('',#12173,#2760);
#1922=LINE('',#12175,#2761);
#1923=LINE('',#12177,#2762);
#1924=LINE('',#12178,#2763);
#1925=LINE('',#12181,#2764);
#1926=LINE('',#12183,#2765);
#1927=LINE('',#12184,#2766);
#1928=LINE('',#12187,#2767);
#1929=LINE('',#12189,#2768);
#1930=LINE('',#12190,#2769);
#1931=LINE('',#12194,#2770);
#1932=LINE('',#12196,#2771);
#1933=LINE('',#12198,#2772);
#1934=LINE('',#12199,#2773);
#1935=LINE('',#12202,#2774);
#1936=LINE('',#12204,#2775);
#1937=LINE('',#12205,#2776);
#1938=LINE('',#12208,#2777);
#1939=LINE('',#12210,#2778);
#1940=LINE('',#12211,#2779);
#1941=LINE('',#12215,#2780);
#1942=LINE('',#12217,#2781);
#1943=LINE('',#12219,#2782);
#1944=LINE('',#12220,#2783);
#1945=LINE('',#12223,#2784);
#1946=LINE('',#12225,#2785);
#1947=LINE('',#12226,#2786);
#1948=LINE('',#12229,#2787);
#1949=LINE('',#12231,#2788);
#1950=LINE('',#12232,#2789);
#1951=LINE('',#12236,#2790);
#1952=LINE('',#12238,#2791);
#1953=LINE('',#12240,#2792);
#1954=LINE('',#12241,#2793);
#1955=LINE('',#12244,#2794);
#1956=LINE('',#12246,#2795);
#1957=LINE('',#12247,#2796);
#1958=LINE('',#12250,#2797);
#1959=LINE('',#12252,#2798);
#1960=LINE('',#12253,#2799);
#1961=LINE('',#12257,#2800);
#1962=LINE('',#12259,#2801);
#1963=LINE('',#12261,#2802);
#1964=LINE('',#12262,#2803);
#1965=LINE('',#12264,#2804);
#1966=LINE('',#12265,#2805);
#1967=LINE('',#12266,#2806);
#1968=LINE('',#12267,#2807);
#1969=LINE('',#12268,#2808);
#1970=LINE('',#12269,#2809);
#1971=LINE('',#12270,#2810);
#1972=LINE('',#12271,#2811);
#1973=LINE('',#12272,#2812);
#1974=LINE('',#12273,#2813);
#1975=LINE('',#12274,#2814);
#1976=LINE('',#12275,#2815);
#1977=LINE('',#12276,#2816);
#1978=LINE('',#12277,#2817);
#1979=LINE('',#12278,#2818);
#1980=LINE('',#12279,#2819);
#1981=LINE('',#12281,#2820);
#1982=LINE('',#12282,#2821);
#1983=LINE('',#12283,#2822);
#1984=LINE('',#12285,#2823);
#1985=LINE('',#12287,#2824);
#1986=LINE('',#12289,#2825);
#1987=LINE('',#12291,#2826);
#1988=LINE('',#12293,#2827);
#1989=LINE('',#12295,#2828);
#1990=LINE('',#12297,#2829);
#1991=LINE('',#12299,#2830);
#1992=LINE('',#12301,#2831);
#1993=LINE('',#12303,#2832);
#1994=LINE('',#12305,#2833);
#1995=LINE('',#12307,#2834);
#1996=LINE('',#12309,#2835);
#1997=LINE('',#12311,#2836);
#1998=LINE('',#12313,#2837);
#1999=LINE('',#12315,#2838);
#2000=LINE('',#12317,#2839);
#2001=LINE('',#12319,#2840);
#2002=LINE('',#12321,#2841);
#2003=LINE('',#12323,#2842);
#2004=LINE('',#12325,#2843);
#2005=LINE('',#12327,#2844);
#2006=LINE('',#12329,#2845);
#2007=LINE('',#12331,#2846);
#2008=LINE('',#12333,#2847);
#2009=LINE('',#12335,#2848);
#2010=LINE('',#12337,#2849);
#2011=LINE('',#12338,#2850);
#2012=LINE('',#12340,#2851);
#2013=LINE('',#12342,#2852);
#2014=LINE('',#12344,#2853);
#2015=LINE('',#12346,#2854);
#2016=LINE('',#12348,#2855);
#2017=LINE('',#12349,#2856);
#2018=LINE('',#12356,#2857);
#2019=LINE('',#12358,#2858);
#2020=LINE('',#12360,#2859);
#2021=LINE('',#12362,#2860);
#2022=LINE('',#12364,#2861);
#2023=LINE('',#12365,#2862);
#2024=LINE('',#12368,#2863);
#2025=LINE('',#12370,#2864);
#2026=LINE('',#12371,#2865);
#2027=LINE('',#12375,#2866);
#2028=LINE('',#12377,#2867);
#2029=LINE('',#12378,#2868);
#2030=LINE('',#12380,#2869);
#2031=LINE('',#12381,#2870);
#2032=LINE('',#12383,#2871);
#2033=LINE('',#12385,#2872);
#2034=LINE('',#12387,#2873);
#2035=LINE('',#12389,#2874);
#2036=LINE('',#12394,#2875);
#2037=LINE('',#12396,#2876);
#2038=LINE('',#12398,#2877);
#2039=LINE('',#12400,#2878);
#2040=LINE('',#12402,#2879);
#2041=LINE('',#12403,#2880);
#2042=LINE('',#12406,#2881);
#2043=LINE('',#12408,#2882);
#2044=LINE('',#12409,#2883);
#2045=LINE('',#12413,#2884);
#2046=LINE('',#12415,#2885);
#2047=LINE('',#12416,#2886);
#2048=LINE('',#12418,#2887);
#2049=LINE('',#12419,#2888);
#2050=LINE('',#12421,#2889);
#2051=LINE('',#12423,#2890);
#2052=LINE('',#12425,#2891);
#2053=LINE('',#12427,#2892);
#2054=LINE('',#12432,#2893);
#2055=LINE('',#12434,#2894);
#2056=LINE('',#12436,#2895);
#2057=LINE('',#12438,#2896);
#2058=LINE('',#12440,#2897);
#2059=LINE('',#12441,#2898);
#2060=LINE('',#12444,#2899);
#2061=LINE('',#12446,#2900);
#2062=LINE('',#12447,#2901);
#2063=LINE('',#12451,#2902);
#2064=LINE('',#12453,#2903);
#2065=LINE('',#12454,#2904);
#2066=LINE('',#12456,#2905);
#2067=LINE('',#12457,#2906);
#2068=LINE('',#12459,#2907);
#2069=LINE('',#12461,#2908);
#2070=LINE('',#12463,#2909);
#2071=LINE('',#12465,#2910);
#2072=LINE('',#12470,#2911);
#2073=LINE('',#12472,#2912);
#2074=LINE('',#12474,#2913);
#2075=LINE('',#12476,#2914);
#2076=LINE('',#12478,#2915);
#2077=LINE('',#12479,#2916);
#2078=LINE('',#12482,#2917);
#2079=LINE('',#12484,#2918);
#2080=LINE('',#12485,#2919);
#2081=LINE('',#12489,#2920);
#2082=LINE('',#12491,#2921);
#2083=LINE('',#12492,#2922);
#2084=LINE('',#12494,#2923);
#2085=LINE('',#12495,#2924);
#2086=LINE('',#12497,#2925);
#2087=LINE('',#12499,#2926);
#2088=LINE('',#12501,#2927);
#2089=LINE('',#12503,#2928);
#2090=LINE('',#12508,#2929);
#2091=LINE('',#12510,#2930);
#2092=LINE('',#12512,#2931);
#2093=LINE('',#12514,#2932);
#2094=LINE('',#12516,#2933);
#2095=LINE('',#12517,#2934);
#2096=LINE('',#12520,#2935);
#2097=LINE('',#12522,#2936);
#2098=LINE('',#12523,#2937);
#2099=LINE('',#12527,#2938);
#2100=LINE('',#12529,#2939);
#2101=LINE('',#12530,#2940);
#2102=LINE('',#12532,#2941);
#2103=LINE('',#12533,#2942);
#2104=LINE('',#12535,#2943);
#2105=LINE('',#12537,#2944);
#2106=LINE('',#12539,#2945);
#2107=LINE('',#12541,#2946);
#2108=LINE('',#12546,#2947);
#2109=LINE('',#12548,#2948);
#2110=LINE('',#12550,#2949);
#2111=LINE('',#12552,#2950);
#2112=LINE('',#12554,#2951);
#2113=LINE('',#12555,#2952);
#2114=LINE('',#12558,#2953);
#2115=LINE('',#12560,#2954);
#2116=LINE('',#12561,#2955);
#2117=LINE('',#12565,#2956);
#2118=LINE('',#12567,#2957);
#2119=LINE('',#12568,#2958);
#2120=LINE('',#12570,#2959);
#2121=LINE('',#12571,#2960);
#2122=LINE('',#12573,#2961);
#2123=LINE('',#12575,#2962);
#2124=LINE('',#12577,#2963);
#2125=LINE('',#12579,#2964);
#2126=LINE('',#12584,#2965);
#2127=LINE('',#12586,#2966);
#2128=LINE('',#12588,#2967);
#2129=LINE('',#12590,#2968);
#2130=LINE('',#12592,#2969);
#2131=LINE('',#12593,#2970);
#2132=LINE('',#12596,#2971);
#2133=LINE('',#12598,#2972);
#2134=LINE('',#12599,#2973);
#2135=LINE('',#12603,#2974);
#2136=LINE('',#12605,#2975);
#2137=LINE('',#12606,#2976);
#2138=LINE('',#12608,#2977);
#2139=LINE('',#12609,#2978);
#2140=LINE('',#12611,#2979);
#2141=LINE('',#12613,#2980);
#2142=LINE('',#12615,#2981);
#2143=LINE('',#12617,#2982);
#2144=LINE('',#12622,#2983);
#2145=LINE('',#12624,#2984);
#2146=LINE('',#12626,#2985);
#2147=LINE('',#12628,#2986);
#2148=LINE('',#12630,#2987);
#2149=LINE('',#12631,#2988);
#2150=LINE('',#12634,#2989);
#2151=LINE('',#12636,#2990);
#2152=LINE('',#12637,#2991);
#2153=LINE('',#12641,#2992);
#2154=LINE('',#12643,#2993);
#2155=LINE('',#12644,#2994);
#2156=LINE('',#12646,#2995);
#2157=LINE('',#12647,#2996);
#2158=LINE('',#12649,#2997);
#2159=LINE('',#12651,#2998);
#2160=LINE('',#12653,#2999);
#2161=LINE('',#12655,#3000);
#2162=LINE('',#12660,#3001);
#2163=LINE('',#12662,#3002);
#2164=LINE('',#12664,#3003);
#2165=LINE('',#12666,#3004);
#2166=LINE('',#12668,#3005);
#2167=LINE('',#12669,#3006);
#2168=LINE('',#12672,#3007);
#2169=LINE('',#12674,#3008);
#2170=LINE('',#12675,#3009);
#2171=LINE('',#12679,#3010);
#2172=LINE('',#12681,#3011);
#2173=LINE('',#12682,#3012);
#2174=LINE('',#12684,#3013);
#2175=LINE('',#12685,#3014);
#2176=LINE('',#12687,#3015);
#2177=LINE('',#12689,#3016);
#2178=LINE('',#12691,#3017);
#2179=LINE('',#12693,#3018);
#2180=LINE('',#12698,#3019);
#2181=LINE('',#12700,#3020);
#2182=LINE('',#12702,#3021);
#2183=LINE('',#12704,#3022);
#2184=LINE('',#12706,#3023);
#2185=LINE('',#12707,#3024);
#2186=LINE('',#12710,#3025);
#2187=LINE('',#12712,#3026);
#2188=LINE('',#12713,#3027);
#2189=LINE('',#12717,#3028);
#2190=LINE('',#12719,#3029);
#2191=LINE('',#12720,#3030);
#2192=LINE('',#12722,#3031);
#2193=LINE('',#12723,#3032);
#2194=LINE('',#12725,#3033);
#2195=LINE('',#12727,#3034);
#2196=LINE('',#12729,#3035);
#2197=LINE('',#12731,#3036);
#2198=LINE('',#12736,#3037);
#2199=LINE('',#12738,#3038);
#2200=LINE('',#12740,#3039);
#2201=LINE('',#12742,#3040);
#2202=LINE('',#12744,#3041);
#2203=LINE('',#12745,#3042);
#2204=LINE('',#12748,#3043);
#2205=LINE('',#12750,#3044);
#2206=LINE('',#12751,#3045);
#2207=LINE('',#12755,#3046);
#2208=LINE('',#12757,#3047);
#2209=LINE('',#12758,#3048);
#2210=LINE('',#12760,#3049);
#2211=LINE('',#12761,#3050);
#2212=LINE('',#12763,#3051);
#2213=LINE('',#12765,#3052);
#2214=LINE('',#12767,#3053);
#2215=LINE('',#12769,#3054);
#2216=LINE('',#12774,#3055);
#2217=LINE('',#12776,#3056);
#2218=LINE('',#12778,#3057);
#2219=LINE('',#12780,#3058);
#2220=LINE('',#12782,#3059);
#2221=LINE('',#12783,#3060);
#2222=LINE('',#12786,#3061);
#2223=LINE('',#12788,#3062);
#2224=LINE('',#12789,#3063);
#2225=LINE('',#12793,#3064);
#2226=LINE('',#12795,#3065);
#2227=LINE('',#12796,#3066);
#2228=LINE('',#12798,#3067);
#2229=LINE('',#12799,#3068);
#2230=LINE('',#12801,#3069);
#2231=LINE('',#12803,#3070);
#2232=LINE('',#12805,#3071);
#2233=LINE('',#12807,#3072);
#2234=LINE('',#12812,#3073);
#2235=LINE('',#12814,#3074);
#2236=LINE('',#12816,#3075);
#2237=LINE('',#12818,#3076);
#2238=LINE('',#12820,#3077);
#2239=LINE('',#12821,#3078);
#2240=LINE('',#12824,#3079);
#2241=LINE('',#12826,#3080);
#2242=LINE('',#12827,#3081);
#2243=LINE('',#12831,#3082);
#2244=LINE('',#12833,#3083);
#2245=LINE('',#12834,#3084);
#2246=LINE('',#12836,#3085);
#2247=LINE('',#12837,#3086);
#2248=LINE('',#12839,#3087);
#2249=LINE('',#12841,#3088);
#2250=LINE('',#12843,#3089);
#2251=LINE('',#12845,#3090);
#2252=LINE('',#12850,#3091);
#2253=LINE('',#12852,#3092);
#2254=LINE('',#12854,#3093);
#2255=LINE('',#12856,#3094);
#2256=LINE('',#12858,#3095);
#2257=LINE('',#12859,#3096);
#2258=LINE('',#12862,#3097);
#2259=LINE('',#12864,#3098);
#2260=LINE('',#12865,#3099);
#2261=LINE('',#12869,#3100);
#2262=LINE('',#12871,#3101);
#2263=LINE('',#12872,#3102);
#2264=LINE('',#12874,#3103);
#2265=LINE('',#12875,#3104);
#2266=LINE('',#12877,#3105);
#2267=LINE('',#12879,#3106);
#2268=LINE('',#12881,#3107);
#2269=LINE('',#12883,#3108);
#2270=LINE('',#12888,#3109);
#2271=LINE('',#12890,#3110);
#2272=LINE('',#12892,#3111);
#2273=LINE('',#12894,#3112);
#2274=LINE('',#12896,#3113);
#2275=LINE('',#12897,#3114);
#2276=LINE('',#12900,#3115);
#2277=LINE('',#12902,#3116);
#2278=LINE('',#12903,#3117);
#2279=LINE('',#12907,#3118);
#2280=LINE('',#12909,#3119);
#2281=LINE('',#12910,#3120);
#2282=LINE('',#12912,#3121);
#2283=LINE('',#12913,#3122);
#2284=LINE('',#12915,#3123);
#2285=LINE('',#12917,#3124);
#2286=LINE('',#12919,#3125);
#2287=LINE('',#12921,#3126);
#2288=LINE('',#13133,#3127);
#2289=LINE('',#13152,#3128);
#2290=LINE('',#13208,#3129);
#2291=LINE('',#13210,#3130);
#2292=LINE('',#13212,#3131);
#2293=LINE('',#13214,#3132);
#2294=LINE('',#13216,#3133);
#2295=LINE('',#13218,#3134);
#2296=LINE('',#13220,#3135);
#2297=LINE('',#13222,#3136);
#2298=LINE('',#13227,#3137);
#2299=LINE('',#13236,#3138);
#2300=LINE('',#13241,#3139);
#2301=LINE('',#13250,#3140);
#2302=LINE('',#13255,#3141);
#2303=LINE('',#13264,#3142);
#2304=LINE('',#13269,#3143);
#2305=LINE('',#13278,#3144);
#2306=LINE('',#13446,#3145);
#2307=LINE('',#13449,#3146);
#2308=LINE('',#13459,#3147);
#2309=LINE('',#13460,#3148);
#2310=LINE('',#13477,#3149);
#2311=LINE('',#13481,#3150);
#2312=LINE('',#13482,#3151);
#2313=LINE('',#13486,#3152);
#2314=LINE('',#13489,#3153);
#2315=LINE('',#13490,#3154);
#2316=LINE('',#13494,#3155);
#2317=LINE('',#13497,#3156);
#2318=LINE('',#13498,#3157);
#2319=LINE('',#13502,#3158);
#2320=LINE('',#13505,#3159);
#2321=LINE('',#13506,#3160);
#2322=LINE('',#13510,#3161);
#2323=LINE('',#13513,#3162);
#2324=LINE('',#13514,#3163);
#2325=LINE('',#13518,#3164);
#2326=LINE('',#13521,#3165);
#2327=LINE('',#13522,#3166);
#2328=LINE('',#13526,#3167);
#2329=LINE('',#13529,#3168);
#2330=LINE('',#13531,#3169);
#2331=LINE('',#13549,#3170);
#2332=LINE('',#13559,#3171);
#2333=LINE('',#13560,#3172);
#2334=LINE('',#13579,#3173);
#2335=LINE('',#13589,#3174);
#2336=LINE('',#13590,#3175);
#2337=LINE('',#13607,#3176);
#2338=LINE('',#13612,#3177);
#2339=LINE('',#13613,#3178);
#2340=LINE('',#13630,#3179);
#2341=LINE('',#13638,#3180);
#2342=LINE('',#13817,#3181);
#2343=LINE('',#13821,#3182);
#2344=LINE('',#13839,#3183);
#2345=LINE('',#13840,#3184);
#2346=LINE('',#13850,#3185);
#2347=LINE('',#13866,#3186);
#2348=LINE('',#13867,#3187);
#2349=LINE('',#13871,#3188);
#2350=LINE('',#13875,#3189);
#2351=LINE('',#13876,#3190);
#2352=LINE('',#13879,#3191);
#2353=LINE('',#13883,#3192);
#2354=LINE('',#13884,#3193);
#2355=LINE('',#13887,#3194);
#2356=LINE('',#13891,#3195);
#2357=LINE('',#13892,#3196);
#2358=LINE('',#13895,#3197);
#2359=LINE('',#13899,#3198);
#2360=LINE('',#13900,#3199);
#2361=LINE('',#13903,#3200);
#2362=LINE('',#13907,#3201);
#2363=LINE('',#13908,#3202);
#2364=LINE('',#13911,#3203);
#2365=LINE('',#13917,#3204);
#2366=LINE('',#13918,#3205);
#2367=LINE('',#13922,#3206);
#2368=LINE('',#13939,#3207);
#2369=LINE('',#13940,#3208);
#2370=LINE('',#13950,#3209);
#2371=LINE('',#13969,#3210);
#2372=LINE('',#13970,#3211);
#2373=LINE('',#13980,#3212);
#2374=LINE('',#13997,#3213);
#2375=LINE('',#13998,#3214);
#2376=LINE('',#14003,#3215);
#2377=LINE('',#14018,#3216);
#2378=LINE('',#14055,#3217);
#2379=LINE('',#14064,#3218);
#2380=LINE('',#14069,#3219);
#2381=LINE('',#14078,#3220);
#2382=LINE('',#14083,#3221);
#2383=LINE('',#14092,#3222);
#2384=LINE('',#14097,#3223);
#2385=LINE('',#14106,#3224);
#2386=LINE('',#14119,#3225);
#2387=LINE('',#14128,#3226);
#2388=LINE('',#14133,#3227);
#2389=LINE('',#14142,#3228);
#2390=LINE('',#14147,#3229);
#2391=LINE('',#14157,#3230);
#2392=LINE('',#14160,#3231);
#2393=LINE('',#14163,#3232);
#2394=LINE('',#14165,#3233);
#2395=LINE('',#14166,#3234);
#2396=LINE('',#14171,#3235);
#2397=LINE('',#14175,#3236);
#2398=LINE('',#14177,#3237);
#2399=LINE('',#14178,#3238);
#2400=LINE('',#14183,#3239);
#2401=LINE('',#14187,#3240);
#2402=LINE('',#14189,#3241);
#2403=LINE('',#14190,#3242);
#2404=LINE('',#14195,#3243);
#2405=LINE('',#14199,#3244);
#2406=LINE('',#14201,#3245);
#2407=LINE('',#14202,#3246);
#2408=LINE('',#14207,#3247);
#2409=LINE('',#14211,#3248);
#2410=LINE('',#14213,#3249);
#2411=LINE('',#14214,#3250);
#2412=LINE('',#14219,#3251);
#2413=LINE('',#14223,#3252);
#2414=LINE('',#14225,#3253);
#2415=LINE('',#14226,#3254);
#2416=LINE('',#14231,#3255);
#2417=LINE('',#14235,#3256);
#2418=LINE('',#14237,#3257);
#2419=LINE('',#14238,#3258);
#2420=LINE('',#14243,#3259);
#2421=LINE('',#14247,#3260);
#2422=LINE('',#14249,#3261);
#2423=LINE('',#14250,#3262);
#2424=LINE('',#14255,#3263);
#2425=LINE('',#14259,#3264);
#2426=LINE('',#14261,#3265);
#2427=LINE('',#14262,#3266);
#2428=LINE('',#14267,#3267);
#2429=LINE('',#14270,#3268);
#2430=LINE('',#14271,#3269);
#2431=LINE('',#14277,#3270);
#2432=LINE('',#14281,#3271);
#2433=LINE('',#14285,#3272);
#2434=LINE('',#14288,#3273);
#2435=LINE('',#14303,#3274);
#2436=LINE('',#14307,#3275);
#2437=LINE('',#14311,#3276);
#2438=LINE('',#14314,#3277);
#2439=LINE('',#14318,#3278);
#2440=LINE('',#14319,#3279);
#2441=LINE('',#14321,#3280);
#2442=LINE('',#14323,#3281);
#2443=LINE('',#14325,#3282);
#2444=LINE('',#14327,#3283);
#2445=LINE('',#14329,#3284);
#2446=LINE('',#14331,#3285);
#2447=LINE('',#14334,#3286);
#2448=LINE('',#14336,#3287);
#2449=LINE('',#14338,#3288);
#2450=VECTOR('',#9015,10.);
#2451=VECTOR('',#9016,10.);
#2452=VECTOR('',#9017,10.);
#2453=VECTOR('',#9018,10.);
#2454=VECTOR('',#9021,10.);
#2455=VECTOR('',#9022,10.);
#2456=VECTOR('',#9023,10.);
#2457=VECTOR('',#9024,10.);
#2458=VECTOR('',#9027,10.);
#2459=VECTOR('',#9028,10.);
#2460=VECTOR('',#9029,10.);
#2461=VECTOR('',#9030,10.);
#2462=VECTOR('',#9033,10.);
#2463=VECTOR('',#9034,10.);
#2464=VECTOR('',#9035,10.);
#2465=VECTOR('',#9036,10.);
#2466=VECTOR('',#9039,10.);
#2467=VECTOR('',#9040,10.);
#2468=VECTOR('',#9041,10.);
#2469=VECTOR('',#9042,10.);
#2470=VECTOR('',#9045,10.);
#2471=VECTOR('',#9046,10.);
#2472=VECTOR('',#9047,10.);
#2473=VECTOR('',#9048,10.);
#2474=VECTOR('',#9139,10.);
#2475=VECTOR('',#9140,10.);
#2476=VECTOR('',#9141,10.);
#2477=VECTOR('',#9142,10.);
#2478=VECTOR('',#9145,10.);
#2479=VECTOR('',#9146,10.);
#2480=VECTOR('',#9147,10.);
#2481=VECTOR('',#9148,10.);
#2482=VECTOR('',#9151,10.);
#2483=VECTOR('',#9152,10.);
#2484=VECTOR('',#9153,10.);
#2485=VECTOR('',#9154,10.);
#2486=VECTOR('',#9157,10.);
#2487=VECTOR('',#9158,10.);
#2488=VECTOR('',#9159,10.);
#2489=VECTOR('',#9160,10.);
#2490=VECTOR('',#9163,10.);
#2491=VECTOR('',#9164,10.);
#2492=VECTOR('',#9165,10.);
#2493=VECTOR('',#9166,10.);
#2494=VECTOR('',#9169,10.);
#2495=VECTOR('',#9170,10.);
#2496=VECTOR('',#9171,10.);
#2497=VECTOR('',#9172,10.);
#2498=VECTOR('',#9263,10.);
#2499=VECTOR('',#9264,10.);
#2500=VECTOR('',#9265,10.);
#2501=VECTOR('',#9266,10.);
#2502=VECTOR('',#9269,10.);
#2503=VECTOR('',#9270,10.);
#2504=VECTOR('',#9271,10.);
#2505=VECTOR('',#9274,10.);
#2506=VECTOR('',#9275,10.);
#2507=VECTOR('',#9276,10.);
#2508=VECTOR('',#9279,10.);
#2509=VECTOR('',#9280,10.);
#2510=VECTOR('',#9281,10.);
#2511=VECTOR('',#9284,10.);
#2512=VECTOR('',#9285,10.);
#2513=VECTOR('',#9286,10.);
#2514=VECTOR('',#9289,10.);
#2515=VECTOR('',#9290,10.);
#2516=VECTOR('',#9291,10.);
#2517=VECTOR('',#9292,10.);
#2518=VECTOR('',#9293,10.);
#2519=VECTOR('',#9294,10.);
#2520=VECTOR('',#9295,10.);
#2521=VECTOR('',#9296,10.);
#2522=VECTOR('',#9297,10.);
#2523=VECTOR('',#9298,10.);
#2524=VECTOR('',#9299,10.);
#2525=VECTOR('',#9300,10.);
#2526=VECTOR('',#9303,10.);
#2527=VECTOR('',#9304,10.);
#2528=VECTOR('',#9305,10.);
#2529=VECTOR('',#9306,10.);
#2530=VECTOR('',#9307,10.);
#2531=VECTOR('',#9308,10.);
#2532=VECTOR('',#9309,10.);
#2533=VECTOR('',#9310,10.);
#2534=VECTOR('',#9311,10.);
#2535=VECTOR('',#9312,10.);
#2536=VECTOR('',#9313,10.);
#2537=VECTOR('',#9314,10.);
#2538=VECTOR('',#9317,10.);
#2539=VECTOR('',#9318,10.);
#2540=VECTOR('',#9321,10.);
#2541=VECTOR('',#9322,10.);
#2542=VECTOR('',#9323,10.);
#2543=VECTOR('',#9328,10.);
#2544=VECTOR('',#9331,10.);
#2545=VECTOR('',#9334,10.);
#2546=VECTOR('',#9335,10.);
#2547=VECTOR('',#9340,10.);
#2548=VECTOR('',#9341,10.);
#2549=VECTOR('',#9346,10.);
#2550=VECTOR('',#9349,10.);
#2551=VECTOR('',#9352,10.);
#2552=VECTOR('',#9355,10.);
#2553=VECTOR('',#9358,10.);
#2554=VECTOR('',#9363,10.);
#2555=VECTOR('',#9364,10.);
#2556=VECTOR('',#9365,10.);
#2557=VECTOR('',#9366,10.);
#2558=VECTOR('',#9367,10.);
#2559=VECTOR('',#9368,10.);
#2560=VECTOR('',#9369,10.);
#2561=VECTOR('',#9370,10.);
#2562=VECTOR('',#9371,10.);
#2563=VECTOR('',#9372,10.);
#2564=VECTOR('',#9373,10.);
#2565=VECTOR('',#9374,10.);
#2566=VECTOR('',#9377,10.);
#2567=VECTOR('',#9378,10.);
#2568=VECTOR('',#9379,10.);
#2569=VECTOR('',#9380,10.);
#2570=VECTOR('',#9381,10.);
#2571=VECTOR('',#9382,10.);
#2572=VECTOR('',#9383,10.);
#2573=VECTOR('',#9384,10.);
#2574=VECTOR('',#9385,10.);
#2575=VECTOR('',#9386,10.);
#2576=VECTOR('',#9387,10.);
#2577=VECTOR('',#9388,10.);
#2578=VECTOR('',#9391,10.);
#2579=VECTOR('',#9392,10.);
#2580=VECTOR('',#9395,10.);
#2581=VECTOR('',#9396,10.);
#2582=VECTOR('',#9399,10.);
#2583=VECTOR('',#9402,10.);
#2584=VECTOR('',#9405,10.);
#2585=VECTOR('',#9408,10.);
#2586=VECTOR('',#9413,10.);
#2587=VECTOR('',#9414,10.);
#2588=VECTOR('',#9415,10.);
#2589=VECTOR('',#9416,10.);
#2590=VECTOR('',#9417,10.);
#2591=VECTOR('',#9420,10.);
#2592=VECTOR('',#9421,10.);
#2593=VECTOR('',#9422,10.);
#2594=VECTOR('',#9425,10.);
#2595=VECTOR('',#9426,10.);
#2596=VECTOR('',#9427,10.);
#2597=VECTOR('',#9430,10.);
#2598=VECTOR('',#9431,10.);
#2599=VECTOR('',#9432,10.);
#2600=VECTOR('',#9435,10.);
#2601=VECTOR('',#9436,10.);
#2602=VECTOR('',#9437,10.);
#2603=VECTOR('',#9438,10.);
#2604=VECTOR('',#9439,10.);
#2605=VECTOR('',#9442,10.);
#2606=VECTOR('',#9445,10.);
#2607=VECTOR('',#9448,10.);
#2608=VECTOR('',#9449,10.);
#2609=VECTOR('',#9450,10.);
#2610=VECTOR('',#9451,10.);
#2611=VECTOR('',#9454,10.);
#2612=VECTOR('',#9455,10.);
#2613=VECTOR('',#9456,10.);
#2614=VECTOR('',#9457,10.);
#2615=VECTOR('',#9458,10.);
#2616=VECTOR('',#9461,10.);
#2617=VECTOR('',#9462,10.);
#2618=VECTOR('',#9463,10.);
#2619=VECTOR('',#9464,10.);
#2620=VECTOR('',#9467,10.);
#2621=VECTOR('',#9468,10.);
#2622=VECTOR('',#9469,10.);
#2623=VECTOR('',#9470,10.);
#2624=VECTOR('',#9471,10.);
#2625=VECTOR('',#9474,10.);
#2626=VECTOR('',#9475,10.);
#2627=VECTOR('',#9476,10.);
#2628=VECTOR('',#9477,10.);
#2629=VECTOR('',#9508,10.);
#2630=VECTOR('',#9515,10.);
#2631=VECTOR('',#9522,10.);
#2632=VECTOR('',#9553,10.);
#2633=VECTOR('',#9554,10.);
#2634=VECTOR('',#9555,10.);
#2635=VECTOR('',#9556,10.);
#2636=VECTOR('',#9557,10.);
#2637=VECTOR('',#9560,10.);
#2638=VECTOR('',#9561,10.);
#2639=VECTOR('',#9562,10.);
#2640=VECTOR('',#9563,10.);
#2641=VECTOR('',#9566,10.);
#2642=VECTOR('',#9567,10.);
#2643=VECTOR('',#9568,10.);
#2644=VECTOR('',#9569,10.);
#2645=VECTOR('',#9570,10.);
#2646=VECTOR('',#9573,10.);
#2647=VECTOR('',#9574,10.);
#2648=VECTOR('',#9575,10.);
#2649=VECTOR('',#9576,10.);
#2650=VECTOR('',#9579,10.);
#2651=VECTOR('',#9580,10.);
#2652=VECTOR('',#9581,10.);
#2653=VECTOR('',#9582,10.);
#2654=VECTOR('',#9613,10.);
#2655=VECTOR('',#9620,10.);
#2656=VECTOR('',#9627,10.);
#2657=VECTOR('',#9658,10.);
#2658=VECTOR('',#9659,10.);
#2659=VECTOR('',#9660,10.);
#2660=VECTOR('',#9663,10.);
#2661=VECTOR('',#9664,10.);
#2662=VECTOR('',#9665,10.);
#2663=VECTOR('',#9666,10.);
#2664=VECTOR('',#9669,10.);
#2665=VECTOR('',#9670,10.);
#2666=VECTOR('',#9671,10.);
#2667=VECTOR('',#9674,10.);
#2668=VECTOR('',#9675,10.);
#2669=VECTOR('',#9676,10.);
#2670=VECTOR('',#9679,10.);
#2671=VECTOR('',#9680,10.);
#2672=VECTOR('',#9681,10.);
#2673=VECTOR('',#9682,10.);
#2674=VECTOR('',#9685,10.);
#2675=VECTOR('',#9686,10.);
#2676=VECTOR('',#9687,10.);
#2677=VECTOR('',#9690,10.);
#2678=VECTOR('',#9691,10.);
#2679=VECTOR('',#9692,10.);
#2680=VECTOR('',#9695,10.);
#2681=VECTOR('',#9696,10.);
#2682=VECTOR('',#9697,10.);
#2683=VECTOR('',#9698,10.);
#2684=VECTOR('',#9701,10.);
#2685=VECTOR('',#9702,10.);
#2686=VECTOR('',#9703,10.);
#2687=VECTOR('',#9706,10.);
#2688=VECTOR('',#9707,10.);
#2689=VECTOR('',#9708,10.);
#2690=VECTOR('',#9711,10.);
#2691=VECTOR('',#9712,10.);
#2692=VECTOR('',#9713,10.);
#2693=VECTOR('',#9714,10.);
#2694=VECTOR('',#9717,10.);
#2695=VECTOR('',#9718,10.);
#2696=VECTOR('',#9719,10.);
#2697=VECTOR('',#9722,10.);
#2698=VECTOR('',#9723,10.);
#2699=VECTOR('',#9724,10.);
#2700=VECTOR('',#9727,10.);
#2701=VECTOR('',#9728,10.);
#2702=VECTOR('',#9729,10.);
#2703=VECTOR('',#9730,10.);
#2704=VECTOR('',#9733,10.);
#2705=VECTOR('',#9734,10.);
#2706=VECTOR('',#9735,10.);
#2707=VECTOR('',#9738,10.);
#2708=VECTOR('',#9739,10.);
#2709=VECTOR('',#9740,10.);
#2710=VECTOR('',#9743,10.);
#2711=VECTOR('',#9744,10.);
#2712=VECTOR('',#9745,10.);
#2713=VECTOR('',#9746,10.);
#2714=VECTOR('',#9749,10.);
#2715=VECTOR('',#9750,10.);
#2716=VECTOR('',#9751,10.);
#2717=VECTOR('',#9754,10.);
#2718=VECTOR('',#9755,10.);
#2719=VECTOR('',#9756,10.);
#2720=VECTOR('',#9759,10.);
#2721=VECTOR('',#9760,10.);
#2722=VECTOR('',#9761,10.);
#2723=VECTOR('',#9762,10.);
#2724=VECTOR('',#9765,10.);
#2725=VECTOR('',#9766,10.);
#2726=VECTOR('',#9767,10.);
#2727=VECTOR('',#9770,10.);
#2728=VECTOR('',#9771,10.);
#2729=VECTOR('',#9772,10.);
#2730=VECTOR('',#9775,10.);
#2731=VECTOR('',#9776,10.);
#2732=VECTOR('',#9777,10.);
#2733=VECTOR('',#9778,10.);
#2734=VECTOR('',#9781,10.);
#2735=VECTOR('',#9782,10.);
#2736=VECTOR('',#9783,10.);
#2737=VECTOR('',#9786,10.);
#2738=VECTOR('',#9787,10.);
#2739=VECTOR('',#9788,10.);
#2740=VECTOR('',#9791,10.);
#2741=VECTOR('',#9792,10.);
#2742=VECTOR('',#9793,10.);
#2743=VECTOR('',#9794,10.);
#2744=VECTOR('',#9797,10.);
#2745=VECTOR('',#9798,10.);
#2746=VECTOR('',#9799,10.);
#2747=VECTOR('',#9802,10.);
#2748=VECTOR('',#9803,10.);
#2749=VECTOR('',#9804,10.);
#2750=VECTOR('',#9807,10.);
#2751=VECTOR('',#9808,10.);
#2752=VECTOR('',#9809,10.);
#2753=VECTOR('',#9810,10.);
#2754=VECTOR('',#9813,10.);
#2755=VECTOR('',#9814,10.);
#2756=VECTOR('',#9815,10.);
#2757=VECTOR('',#9818,10.);
#2758=VECTOR('',#9819,10.);
#2759=VECTOR('',#9820,10.);
#2760=VECTOR('',#9823,10.);
#2761=VECTOR('',#9824,10.);
#2762=VECTOR('',#9825,10.);
#2763=VECTOR('',#9826,10.);
#2764=VECTOR('',#9829,10.);
#2765=VECTOR('',#9830,10.);
#2766=VECTOR('',#9831,10.);
#2767=VECTOR('',#9834,10.);
#2768=VECTOR('',#9835,10.);
#2769=VECTOR('',#9836,10.);
#2770=VECTOR('',#9839,10.);
#2771=VECTOR('',#9840,10.);
#2772=VECTOR('',#9841,10.);
#2773=VECTOR('',#9842,10.);
#2774=VECTOR('',#9845,10.);
#2775=VECTOR('',#9846,10.);
#2776=VECTOR('',#9847,10.);
#2777=VECTOR('',#9850,10.);
#2778=VECTOR('',#9851,10.);
#2779=VECTOR('',#9852,10.);
#2780=VECTOR('',#9855,10.);
#2781=VECTOR('',#9856,10.);
#2782=VECTOR('',#9857,10.);
#2783=VECTOR('',#9858,10.);
#2784=VECTOR('',#9861,10.);
#2785=VECTOR('',#9862,10.);
#2786=VECTOR('',#9863,10.);
#2787=VECTOR('',#9866,10.);
#2788=VECTOR('',#9867,10.);
#2789=VECTOR('',#9868,10.);
#2790=VECTOR('',#9871,10.);
#2791=VECTOR('',#9872,10.);
#2792=VECTOR('',#9873,10.);
#2793=VECTOR('',#9874,10.);
#2794=VECTOR('',#9877,10.);
#2795=VECTOR('',#9878,10.);
#2796=VECTOR('',#9879,10.);
#2797=VECTOR('',#9882,10.);
#2798=VECTOR('',#9883,10.);
#2799=VECTOR('',#9884,10.);
#2800=VECTOR('',#9887,10.);
#2801=VECTOR('',#9888,10.);
#2802=VECTOR('',#9889,10.);
#2803=VECTOR('',#9890,10.);
#2804=VECTOR('',#9893,10.);
#2805=VECTOR('',#9894,10.);
#2806=VECTOR('',#9895,10.);
#2807=VECTOR('',#9896,10.);
#2808=VECTOR('',#9897,10.);
#2809=VECTOR('',#9898,10.);
#2810=VECTOR('',#9899,10.);
#2811=VECTOR('',#9900,10.);
#2812=VECTOR('',#9901,10.);
#2813=VECTOR('',#9902,10.);
#2814=VECTOR('',#9903,10.);
#2815=VECTOR('',#9904,10.);
#2816=VECTOR('',#9905,10.);
#2817=VECTOR('',#9906,10.);
#2818=VECTOR('',#9907,10.);
#2819=VECTOR('',#9908,10.);
#2820=VECTOR('',#9911,10.);
#2821=VECTOR('',#9912,10.);
#2822=VECTOR('',#9913,10.);
#2823=VECTOR('',#9916,10.);
#2824=VECTOR('',#9919,10.);
#2825=VECTOR('',#9922,10.);
#2826=VECTOR('',#9925,10.);
#2827=VECTOR('',#9928,10.);
#2828=VECTOR('',#9931,10.);
#2829=VECTOR('',#9934,10.);
#2830=VECTOR('',#9937,10.);
#2831=VECTOR('',#9940,10.);
#2832=VECTOR('',#9943,10.);
#2833=VECTOR('',#9946,10.);
#2834=VECTOR('',#9949,10.);
#2835=VECTOR('',#9952,10.);
#2836=VECTOR('',#9955,10.);
#2837=VECTOR('',#9958,10.);
#2838=VECTOR('',#9961,10.);
#2839=VECTOR('',#9964,10.);
#2840=VECTOR('',#9967,10.);
#2841=VECTOR('',#9970,10.);
#2842=VECTOR('',#9973,10.);
#2843=VECTOR('',#9976,10.);
#2844=VECTOR('',#9979,10.);
#2845=VECTOR('',#9982,10.);
#2846=VECTOR('',#9985,10.);
#2847=VECTOR('',#9988,10.);
#2848=VECTOR('',#9991,10.);
#2849=VECTOR('',#9994,10.);
#2850=VECTOR('',#9995,10.);
#2851=VECTOR('',#9998,10.);
#2852=VECTOR('',#10001,10.);
#2853=VECTOR('',#10004,10.);
#2854=VECTOR('',#10007,10.);
#2855=VECTOR('',#10010,10.);
#2856=VECTOR('',#10011,10.);
#2857=VECTOR('',#10020,10.);
#2858=VECTOR('',#10021,10.);
#2859=VECTOR('',#10022,10.);
#2860=VECTOR('',#10023,10.);
#2861=VECTOR('',#10024,10.);
#2862=VECTOR('',#10025,10.);
#2863=VECTOR('',#10028,10.);
#2864=VECTOR('',#10029,10.);
#2865=VECTOR('',#10030,10.);
#2866=VECTOR('',#10033,10.);
#2867=VECTOR('',#10034,10.);
#2868=VECTOR('',#10035,10.);
#2869=VECTOR('',#10036,10.);
#2870=VECTOR('',#10037,10.);
#2871=VECTOR('',#10040,10.);
#2872=VECTOR('',#10043,10.);
#2873=VECTOR('',#10046,10.);
#2874=VECTOR('',#10049,10.);
#2875=VECTOR('',#10054,10.);
#2876=VECTOR('',#10055,10.);
#2877=VECTOR('',#10056,10.);
#2878=VECTOR('',#10057,10.);
#2879=VECTOR('',#10058,10.);
#2880=VECTOR('',#10059,10.);
#2881=VECTOR('',#10062,10.);
#2882=VECTOR('',#10063,10.);
#2883=VECTOR('',#10064,10.);
#2884=VECTOR('',#10067,10.);
#2885=VECTOR('',#10068,10.);
#2886=VECTOR('',#10069,10.);
#2887=VECTOR('',#10070,10.);
#2888=VECTOR('',#10071,10.);
#2889=VECTOR('',#10074,10.);
#2890=VECTOR('',#10077,10.);
#2891=VECTOR('',#10080,10.);
#2892=VECTOR('',#10083,10.);
#2893=VECTOR('',#10088,10.);
#2894=VECTOR('',#10089,10.);
#2895=VECTOR('',#10090,10.);
#2896=VECTOR('',#10091,10.);
#2897=VECTOR('',#10092,10.);
#2898=VECTOR('',#10093,10.);
#2899=VECTOR('',#10096,10.);
#2900=VECTOR('',#10097,10.);
#2901=VECTOR('',#10098,10.);
#2902=VECTOR('',#10101,10.);
#2903=VECTOR('',#10102,10.);
#2904=VECTOR('',#10103,10.);
#2905=VECTOR('',#10104,10.);
#2906=VECTOR('',#10105,10.);
#2907=VECTOR('',#10108,10.);
#2908=VECTOR('',#10111,10.);
#2909=VECTOR('',#10114,10.);
#2910=VECTOR('',#10117,10.);
#2911=VECTOR('',#10122,10.);
#2912=VECTOR('',#10123,10.);
#2913=VECTOR('',#10124,10.);
#2914=VECTOR('',#10125,10.);
#2915=VECTOR('',#10126,10.);
#2916=VECTOR('',#10127,10.);
#2917=VECTOR('',#10130,10.);
#2918=VECTOR('',#10131,10.);
#2919=VECTOR('',#10132,10.);
#2920=VECTOR('',#10135,10.);
#2921=VECTOR('',#10136,10.);
#2922=VECTOR('',#10137,10.);
#2923=VECTOR('',#10138,10.);
#2924=VECTOR('',#10139,10.);
#2925=VECTOR('',#10142,10.);
#2926=VECTOR('',#10145,10.);
#2927=VECTOR('',#10148,10.);
#2928=VECTOR('',#10151,10.);
#2929=VECTOR('',#10156,10.);
#2930=VECTOR('',#10157,10.);
#2931=VECTOR('',#10158,10.);
#2932=VECTOR('',#10159,10.);
#2933=VECTOR('',#10160,10.);
#2934=VECTOR('',#10161,10.);
#2935=VECTOR('',#10164,10.);
#2936=VECTOR('',#10165,10.);
#2937=VECTOR('',#10166,10.);
#2938=VECTOR('',#10169,10.);
#2939=VECTOR('',#10170,10.);
#2940=VECTOR('',#10171,10.);
#2941=VECTOR('',#10172,10.);
#2942=VECTOR('',#10173,10.);
#2943=VECTOR('',#10176,10.);
#2944=VECTOR('',#10179,10.);
#2945=VECTOR('',#10182,10.);
#2946=VECTOR('',#10185,10.);
#2947=VECTOR('',#10190,10.);
#2948=VECTOR('',#10191,10.);
#2949=VECTOR('',#10192,10.);
#2950=VECTOR('',#10193,10.);
#2951=VECTOR('',#10194,10.);
#2952=VECTOR('',#10195,10.);
#2953=VECTOR('',#10198,10.);
#2954=VECTOR('',#10199,10.);
#2955=VECTOR('',#10200,10.);
#2956=VECTOR('',#10203,10.);
#2957=VECTOR('',#10204,10.);
#2958=VECTOR('',#10205,10.);
#2959=VECTOR('',#10206,10.);
#2960=VECTOR('',#10207,10.);
#2961=VECTOR('',#10210,10.);
#2962=VECTOR('',#10213,10.);
#2963=VECTOR('',#10216,10.);
#2964=VECTOR('',#10219,10.);
#2965=VECTOR('',#10224,10.);
#2966=VECTOR('',#10225,10.);
#2967=VECTOR('',#10226,10.);
#2968=VECTOR('',#10227,10.);
#2969=VECTOR('',#10228,10.);
#2970=VECTOR('',#10229,10.);
#2971=VECTOR('',#10232,10.);
#2972=VECTOR('',#10233,10.);
#2973=VECTOR('',#10234,10.);
#2974=VECTOR('',#10237,10.);
#2975=VECTOR('',#10238,10.);
#2976=VECTOR('',#10239,10.);
#2977=VECTOR('',#10240,10.);
#2978=VECTOR('',#10241,10.);
#2979=VECTOR('',#10244,10.);
#2980=VECTOR('',#10247,10.);
#2981=VECTOR('',#10250,10.);
#2982=VECTOR('',#10253,10.);
#2983=VECTOR('',#10258,10.);
#2984=VECTOR('',#10259,10.);
#2985=VECTOR('',#10260,10.);
#2986=VECTOR('',#10261,10.);
#2987=VECTOR('',#10262,10.);
#2988=VECTOR('',#10263,10.);
#2989=VECTOR('',#10266,10.);
#2990=VECTOR('',#10267,10.);
#2991=VECTOR('',#10268,10.);
#2992=VECTOR('',#10271,10.);
#2993=VECTOR('',#10272,10.);
#2994=VECTOR('',#10273,10.);
#2995=VECTOR('',#10274,10.);
#2996=VECTOR('',#10275,10.);
#2997=VECTOR('',#10278,10.);
#2998=VECTOR('',#10281,10.);
#2999=VECTOR('',#10284,10.);
#3000=VECTOR('',#10287,10.);
#3001=VECTOR('',#10292,10.);
#3002=VECTOR('',#10293,10.);
#3003=VECTOR('',#10294,10.);
#3004=VECTOR('',#10295,10.);
#3005=VECTOR('',#10296,10.);
#3006=VECTOR('',#10297,10.);
#3007=VECTOR('',#10300,10.);
#3008=VECTOR('',#10301,10.);
#3009=VECTOR('',#10302,10.);
#3010=VECTOR('',#10305,10.);
#3011=VECTOR('',#10306,10.);
#3012=VECTOR('',#10307,10.);
#3013=VECTOR('',#10308,10.);
#3014=VECTOR('',#10309,10.);
#3015=VECTOR('',#10312,10.);
#3016=VECTOR('',#10315,10.);
#3017=VECTOR('',#10318,10.);
#3018=VECTOR('',#10321,10.);
#3019=VECTOR('',#10326,10.);
#3020=VECTOR('',#10327,10.);
#3021=VECTOR('',#10328,10.);
#3022=VECTOR('',#10329,10.);
#3023=VECTOR('',#10330,10.);
#3024=VECTOR('',#10331,10.);
#3025=VECTOR('',#10334,10.);
#3026=VECTOR('',#10335,10.);
#3027=VECTOR('',#10336,10.);
#3028=VECTOR('',#10339,10.);
#3029=VECTOR('',#10340,10.);
#3030=VECTOR('',#10341,10.);
#3031=VECTOR('',#10342,10.);
#3032=VECTOR('',#10343,10.);
#3033=VECTOR('',#10346,10.);
#3034=VECTOR('',#10349,10.);
#3035=VECTOR('',#10352,10.);
#3036=VECTOR('',#10355,10.);
#3037=VECTOR('',#10360,10.);
#3038=VECTOR('',#10361,10.);
#3039=VECTOR('',#10362,10.);
#3040=VECTOR('',#10363,10.);
#3041=VECTOR('',#10364,10.);
#3042=VECTOR('',#10365,10.);
#3043=VECTOR('',#10368,10.);
#3044=VECTOR('',#10369,10.);
#3045=VECTOR('',#10370,10.);
#3046=VECTOR('',#10373,10.);
#3047=VECTOR('',#10374,10.);
#3048=VECTOR('',#10375,10.);
#3049=VECTOR('',#10376,10.);
#3050=VECTOR('',#10377,10.);
#3051=VECTOR('',#10380,10.);
#3052=VECTOR('',#10383,10.);
#3053=VECTOR('',#10386,10.);
#3054=VECTOR('',#10389,10.);
#3055=VECTOR('',#10394,10.);
#3056=VECTOR('',#10395,10.);
#3057=VECTOR('',#10396,10.);
#3058=VECTOR('',#10397,10.);
#3059=VECTOR('',#10398,10.);
#3060=VECTOR('',#10399,10.);
#3061=VECTOR('',#10402,10.);
#3062=VECTOR('',#10403,10.);
#3063=VECTOR('',#10404,10.);
#3064=VECTOR('',#10407,10.);
#3065=VECTOR('',#10408,10.);
#3066=VECTOR('',#10409,10.);
#3067=VECTOR('',#10410,10.);
#3068=VECTOR('',#10411,10.);
#3069=VECTOR('',#10414,10.);
#3070=VECTOR('',#10417,10.);
#3071=VECTOR('',#10420,10.);
#3072=VECTOR('',#10423,10.);
#3073=VECTOR('',#10428,10.);
#3074=VECTOR('',#10429,10.);
#3075=VECTOR('',#10430,10.);
#3076=VECTOR('',#10431,10.);
#3077=VECTOR('',#10432,10.);
#3078=VECTOR('',#10433,10.);
#3079=VECTOR('',#10436,10.);
#3080=VECTOR('',#10437,10.);
#3081=VECTOR('',#10438,10.);
#3082=VECTOR('',#10441,10.);
#3083=VECTOR('',#10442,10.);
#3084=VECTOR('',#10443,10.);
#3085=VECTOR('',#10444,10.);
#3086=VECTOR('',#10445,10.);
#3087=VECTOR('',#10448,10.);
#3088=VECTOR('',#10451,10.);
#3089=VECTOR('',#10454,10.);
#3090=VECTOR('',#10457,10.);
#3091=VECTOR('',#10462,10.);
#3092=VECTOR('',#10463,10.);
#3093=VECTOR('',#10464,10.);
#3094=VECTOR('',#10465,10.);
#3095=VECTOR('',#10466,10.);
#3096=VECTOR('',#10467,10.);
#3097=VECTOR('',#10470,10.);
#3098=VECTOR('',#10471,10.);
#3099=VECTOR('',#10472,10.);
#3100=VECTOR('',#10475,10.);
#3101=VECTOR('',#10476,10.);
#3102=VECTOR('',#10477,10.);
#3103=VECTOR('',#10478,10.);
#3104=VECTOR('',#10479,10.);
#3105=VECTOR('',#10482,10.);
#3106=VECTOR('',#10485,10.);
#3107=VECTOR('',#10488,10.);
#3108=VECTOR('',#10491,10.);
#3109=VECTOR('',#10496,10.);
#3110=VECTOR('',#10497,10.);
#3111=VECTOR('',#10498,10.);
#3112=VECTOR('',#10499,10.);
#3113=VECTOR('',#10500,10.);
#3114=VECTOR('',#10501,10.);
#3115=VECTOR('',#10504,10.);
#3116=VECTOR('',#10505,10.);
#3117=VECTOR('',#10506,10.);
#3118=VECTOR('',#10509,10.);
#3119=VECTOR('',#10510,10.);
#3120=VECTOR('',#10511,10.);
#3121=VECTOR('',#10512,10.);
#3122=VECTOR('',#10513,10.);
#3123=VECTOR('',#10516,10.);
#3124=VECTOR('',#10519,10.);
#3125=VECTOR('',#10522,10.);
#3126=VECTOR('',#10525,10.);
#3127=VECTOR('',#10588,10.);
#3128=VECTOR('',#10589,10.);
#3129=VECTOR('',#10592,0.755000000000001);
#3130=VECTOR('',#10595,0.755000000000001);
#3131=VECTOR('',#10598,2.);
#3132=VECTOR('',#10601,2.);
#3133=VECTOR('',#10604,0.799999999999999);
#3134=VECTOR('',#10607,0.799999999999999);
#3135=VECTOR('',#10610,0.799999999999999);
#3136=VECTOR('',#10613,0.799999999999999);
#3137=VECTOR('',#10618,0.6);
#3138=VECTOR('',#10631,0.799999999999999);
#3139=VECTOR('',#10636,0.6);
#3140=VECTOR('',#10649,0.799999999999999);
#3141=VECTOR('',#10654,0.6);
#3142=VECTOR('',#10667,0.799999999999999);
#3143=VECTOR('',#10672,0.6);
#3144=VECTOR('',#10685,0.799999999999999);
#3145=VECTOR('',#10704,10.);
#3146=VECTOR('',#10707,10.);
#3147=VECTOR('',#10710,10.);
#3148=VECTOR('',#10711,10.);
#3149=VECTOR('',#10716,10.);
#3150=VECTOR('',#10721,10.);
#3151=VECTOR('',#10722,10.);
#3152=VECTOR('',#10727,10.);
#3153=VECTOR('',#10730,10.);
#3154=VECTOR('',#10731,10.);
#3155=VECTOR('',#10736,10.);
#3156=VECTOR('',#10739,10.);
#3157=VECTOR('',#10740,10.);
#3158=VECTOR('',#10745,10.);
#3159=VECTOR('',#10748,10.);
#3160=VECTOR('',#10749,10.);
#3161=VECTOR('',#10754,10.);
#3162=VECTOR('',#10757,10.);
#3163=VECTOR('',#10758,10.);
#3164=VECTOR('',#10763,10.);
#3165=VECTOR('',#10766,10.);
#3166=VECTOR('',#10767,10.);
#3167=VECTOR('',#10772,10.);
#3168=VECTOR('',#10775,10.);
#3169=VECTOR('',#10776,10.);
#3170=VECTOR('',#10783,10.);
#3171=VECTOR('',#10786,10.);
#3172=VECTOR('',#10787,10.);
#3173=VECTOR('',#10792,10.);
#3174=VECTOR('',#10795,10.);
#3175=VECTOR('',#10796,10.);
#3176=VECTOR('',#10801,10.);
#3177=VECTOR('',#10806,10.);
#3178=VECTOR('',#10807,10.);
#3179=VECTOR('',#10812,10.);
#3180=VECTOR('',#10815,10.);
#3181=VECTOR('',#10836,10.);
#3182=VECTOR('',#10839,10.);
#3183=VECTOR('',#10842,10.);
#3184=VECTOR('',#10843,10.);
#3185=VECTOR('',#10846,10.);
#3186=VECTOR('',#10851,10.);
#3187=VECTOR('',#10852,10.);
#3188=VECTOR('',#10857,10.);
#3189=VECTOR('',#10862,10.);
#3190=VECTOR('',#10863,10.);
#3191=VECTOR('',#10866,10.);
#3192=VECTOR('',#10871,10.);
#3193=VECTOR('',#10872,10.);
#3194=VECTOR('',#10875,10.);
#3195=VECTOR('',#10880,10.);
#3196=VECTOR('',#10881,10.);
#3197=VECTOR('',#10884,10.);
#3198=VECTOR('',#10889,10.);
#3199=VECTOR('',#10890,10.);
#3200=VECTOR('',#10893,10.);
#3201=VECTOR('',#10898,10.);
#3202=VECTOR('',#10899,10.);
#3203=VECTOR('',#10902,10.);
#3204=VECTOR('',#10909,10.);
#3205=VECTOR('',#10910,10.);
#3206=VECTOR('',#10913,10.);
#3207=VECTOR('',#10918,10.);
#3208=VECTOR('',#10919,10.);
#3209=VECTOR('',#10922,10.);
#3210=VECTOR('',#10927,10.);
#3211=VECTOR('',#10928,10.);
#3212=VECTOR('',#10931,10.);
#3213=VECTOR('',#10936,10.);
#3214=VECTOR('',#10937,10.);
#3215=VECTOR('',#10942,10.);
#3216=VECTOR('',#10947,10.);
#3217=VECTOR('',#10954,1.);
#3218=VECTOR('',#10967,2.);
#3219=VECTOR('',#10972,1.);
#3220=VECTOR('',#10985,2.);
#3221=VECTOR('',#10990,1.);
#3222=VECTOR('',#11003,2.);
#3223=VECTOR('',#11008,1.);
#3224=VECTOR('',#11021,2.);
#3225=VECTOR('',#11034,1.);
#3226=VECTOR('',#11047,2.);
#3227=VECTOR('',#11052,1.);
#3228=VECTOR('',#11065,2.);
#3229=VECTOR('',#11070,7.);
#3230=VECTOR('',#11081,10.);
#3231=VECTOR('',#11084,10.);
#3232=VECTOR('',#11087,10.);
#3233=VECTOR('',#11088,10.);
#3234=VECTOR('',#11089,10.);
#3235=VECTOR('',#11094,10.);
#3236=VECTOR('',#11099,10.);
#3237=VECTOR('',#11100,10.);
#3238=VECTOR('',#11101,10.);
#3239=VECTOR('',#11106,10.);
#3240=VECTOR('',#11111,10.);
#3241=VECTOR('',#11112,10.);
#3242=VECTOR('',#11113,10.);
#3243=VECTOR('',#11118,10.);
#3244=VECTOR('',#11123,10.);
#3245=VECTOR('',#11124,10.);
#3246=VECTOR('',#11125,10.);
#3247=VECTOR('',#11130,10.);
#3248=VECTOR('',#11135,10.);
#3249=VECTOR('',#11136,10.);
#3250=VECTOR('',#11137,10.);
#3251=VECTOR('',#11142,10.);
#3252=VECTOR('',#11147,10.);
#3253=VECTOR('',#11148,10.);
#3254=VECTOR('',#11149,10.);
#3255=VECTOR('',#11154,10.);
#3256=VECTOR('',#11159,10.);
#3257=VECTOR('',#11160,10.);
#3258=VECTOR('',#11161,10.);
#3259=VECTOR('',#11166,10.);
#3260=VECTOR('',#11171,10.);
#3261=VECTOR('',#11172,10.);
#3262=VECTOR('',#11173,10.);
#3263=VECTOR('',#11178,10.);
#3264=VECTOR('',#11183,10.);
#3265=VECTOR('',#11184,10.);
#3266=VECTOR('',#11185,10.);
#3267=VECTOR('',#11190,10.);
#3268=VECTOR('',#11195,10.);
#3269=VECTOR('',#11196,10.);
#3270=VECTOR('',#11201,10.);
#3271=VECTOR('',#11204,10.);
#3272=VECTOR('',#11207,10.);
#3273=VECTOR('',#11210,10.);
#3274=VECTOR('',#11225,10.);
#3275=VECTOR('',#11228,10.);
#3276=VECTOR('',#11231,10.);
#3277=VECTOR('',#11234,10.);
#3278=VECTOR('',#11239,10.);
#3279=VECTOR('',#11240,10.);
#3280=VECTOR('',#11243,10.);
#3281=VECTOR('',#11246,10.);
#3282=VECTOR('',#11249,10.);
#3283=VECTOR('',#11252,10.);
#3284=VECTOR('',#11255,10.);
#3285=VECTOR('',#11258,10.);
#3286=VECTOR('',#11263,6.);
#3287=VECTOR('',#11266,0.85);
#3288=VECTOR('',#11269,0.85);
#3289=VERTEX_POINT('',#11272);
#3290=VERTEX_POINT('',#11273);
#3291=VERTEX_POINT('',#11275);
#3292=VERTEX_POINT('',#11277);
#3293=VERTEX_POINT('',#11281);
#3294=VERTEX_POINT('',#11282);
#3295=VERTEX_POINT('',#11284);
#3296=VERTEX_POINT('',#11286);
#3297=VERTEX_POINT('',#11290);
#3298=VERTEX_POINT('',#11291);
#3299=VERTEX_POINT('',#11293);
#3300=VERTEX_POINT('',#11295);
#3301=VERTEX_POINT('',#11299);
#3302=VERTEX_POINT('',#11300);
#3303=VERTEX_POINT('',#11302);
#3304=VERTEX_POINT('',#11304);
#3305=VERTEX_POINT('',#11308);
#3306=VERTEX_POINT('',#11309);
#3307=VERTEX_POINT('',#11311);
#3308=VERTEX_POINT('',#11313);
#3309=VERTEX_POINT('',#11317);
#3310=VERTEX_POINT('',#11318);
#3311=VERTEX_POINT('',#11320);
#3312=VERTEX_POINT('',#11322);
#3313=VERTEX_POINT('',#11370);
#3314=VERTEX_POINT('',#11371);
#3315=VERTEX_POINT('',#11373);
#3316=VERTEX_POINT('',#11375);
#3317=VERTEX_POINT('',#11379);
#3318=VERTEX_POINT('',#11380);
#3319=VERTEX_POINT('',#11382);
#3320=VERTEX_POINT('',#11384);
#3321=VERTEX_POINT('',#11388);
#3322=VERTEX_POINT('',#11389);
#3323=VERTEX_POINT('',#11391);
#3324=VERTEX_POINT('',#11393);
#3325=VERTEX_POINT('',#11397);
#3326=VERTEX_POINT('',#11398);
#3327=VERTEX_POINT('',#11400);
#3328=VERTEX_POINT('',#11402);
#3329=VERTEX_POINT('',#11406);
#3330=VERTEX_POINT('',#11407);
#3331=VERTEX_POINT('',#11409);
#3332=VERTEX_POINT('',#11411);
#3333=VERTEX_POINT('',#11415);
#3334=VERTEX_POINT('',#11416);
#3335=VERTEX_POINT('',#11418);
#3336=VERTEX_POINT('',#11420);
#3337=VERTEX_POINT('',#11468);
#3338=VERTEX_POINT('',#11469);
#3339=VERTEX_POINT('',#11471);
#3340=VERTEX_POINT('',#11473);
#3341=VERTEX_POINT('',#11477);
#3342=VERTEX_POINT('',#11479);
#3343=VERTEX_POINT('',#11483);
#3344=VERTEX_POINT('',#11484);
#3345=VERTEX_POINT('',#11489);
#3346=VERTEX_POINT('',#11491);
#3347=VERTEX_POINT('',#11495);
#3348=VERTEX_POINT('',#11497);
#3349=VERTEX_POINT('',#11501);
#3350=VERTEX_POINT('',#11502);
#3351=VERTEX_POINT('',#11504);
#3352=VERTEX_POINT('',#11506);
#3353=VERTEX_POINT('',#11508);
#3354=VERTEX_POINT('',#11510);
#3355=VERTEX_POINT('',#11512);
#3356=VERTEX_POINT('',#11514);
#3357=VERTEX_POINT('',#11516);
#3358=VERTEX_POINT('',#11518);
#3359=VERTEX_POINT('',#11520);
#3360=VERTEX_POINT('',#11522);
#3361=VERTEX_POINT('',#11526);
#3362=VERTEX_POINT('',#11527);
#3363=VERTEX_POINT('',#11529);
#3364=VERTEX_POINT('',#11531);
#3365=VERTEX_POINT('',#11533);
#3366=VERTEX_POINT('',#11535);
#3367=VERTEX_POINT('',#11537);
#3368=VERTEX_POINT('',#11539);
#3369=VERTEX_POINT('',#11541);
#3370=VERTEX_POINT('',#11543);
#3371=VERTEX_POINT('',#11545);
#3372=VERTEX_POINT('',#11547);
#3373=VERTEX_POINT('',#11582);
#3374=VERTEX_POINT('',#11583);
#3375=VERTEX_POINT('',#11585);
#3376=VERTEX_POINT('',#11587);
#3377=VERTEX_POINT('',#11589);
#3378=VERTEX_POINT('',#11591);
#3379=VERTEX_POINT('',#11593);
#3380=VERTEX_POINT('',#11595);
#3381=VERTEX_POINT('',#11597);
#3382=VERTEX_POINT('',#11599);
#3383=VERTEX_POINT('',#11601);
#3384=VERTEX_POINT('',#11603);
#3385=VERTEX_POINT('',#11607);
#3386=VERTEX_POINT('',#11608);
#3387=VERTEX_POINT('',#11610);
#3388=VERTEX_POINT('',#11612);
#3389=VERTEX_POINT('',#11614);
#3390=VERTEX_POINT('',#11616);
#3391=VERTEX_POINT('',#11618);
#3392=VERTEX_POINT('',#11620);
#3393=VERTEX_POINT('',#11622);
#3394=VERTEX_POINT('',#11624);
#3395=VERTEX_POINT('',#11626);
#3396=VERTEX_POINT('',#11628);
#3397=VERTEX_POINT('',#11647);
#3398=VERTEX_POINT('',#11648);
#3399=VERTEX_POINT('',#11650);
#3400=VERTEX_POINT('',#11653);
#3401=VERTEX_POINT('',#11657);
#3402=VERTEX_POINT('',#11659);
#3403=VERTEX_POINT('',#11663);
#3404=VERTEX_POINT('',#11665);
#3405=VERTEX_POINT('',#11669);
#3406=VERTEX_POINT('',#11671);
#3407=VERTEX_POINT('',#11675);
#3408=VERTEX_POINT('',#11676);
#3409=VERTEX_POINT('',#11678);
#3410=VERTEX_POINT('',#11681);
#3411=VERTEX_POINT('',#11689);
#3412=VERTEX_POINT('',#11690);
#3413=VERTEX_POINT('',#11692);
#3414=VERTEX_POINT('',#11694);
#3415=VERTEX_POINT('',#11698);
#3416=VERTEX_POINT('',#11699);
#3417=VERTEX_POINT('',#11701);
#3418=VERTEX_POINT('',#11703);
#3419=VERTEX_POINT('',#11705);
#3420=VERTEX_POINT('',#11709);
#3421=VERTEX_POINT('',#11710);
#3422=VERTEX_POINT('',#11712);
#3423=VERTEX_POINT('',#11714);
#3424=VERTEX_POINT('',#11718);
#3425=VERTEX_POINT('',#11719);
#3426=VERTEX_POINT('',#11721);
#3427=VERTEX_POINT('',#11723);
#3428=VERTEX_POINT('',#11725);
#3429=VERTEX_POINT('',#11729);
#3430=VERTEX_POINT('',#11730);
#3431=VERTEX_POINT('',#11732);
#3432=VERTEX_POINT('',#11734);
#3433=VERTEX_POINT('',#11750);
#3434=VERTEX_POINT('',#11752);
#3435=VERTEX_POINT('',#11756);
#3436=VERTEX_POINT('',#11758);
#3437=VERTEX_POINT('',#11762);
#3438=VERTEX_POINT('',#11764);
#3439=VERTEX_POINT('',#11822);
#3440=VERTEX_POINT('',#11823);
#3441=VERTEX_POINT('',#11825);
#3442=VERTEX_POINT('',#11827);
#3443=VERTEX_POINT('',#11829);
#3444=VERTEX_POINT('',#11833);
#3445=VERTEX_POINT('',#11834);
#3446=VERTEX_POINT('',#11836);
#3447=VERTEX_POINT('',#11838);
#3448=VERTEX_POINT('',#11842);
#3449=VERTEX_POINT('',#11843);
#3450=VERTEX_POINT('',#11845);
#3451=VERTEX_POINT('',#11847);
#3452=VERTEX_POINT('',#11849);
#3453=VERTEX_POINT('',#11853);
#3454=VERTEX_POINT('',#11854);
#3455=VERTEX_POINT('',#11856);
#3456=VERTEX_POINT('',#11858);
#3457=VERTEX_POINT('',#11862);
#3458=VERTEX_POINT('',#11863);
#3459=VERTEX_POINT('',#11865);
#3460=VERTEX_POINT('',#11867);
#3461=VERTEX_POINT('',#11883);
#3462=VERTEX_POINT('',#11885);
#3463=VERTEX_POINT('',#11889);
#3464=VERTEX_POINT('',#11891);
#3465=VERTEX_POINT('',#11895);
#3466=VERTEX_POINT('',#11897);
#3467=VERTEX_POINT('',#11955);
#3468=VERTEX_POINT('',#11957);
#3469=VERTEX_POINT('',#11961);
#3470=VERTEX_POINT('',#11962);
#3471=VERTEX_POINT('',#11964);
#3472=VERTEX_POINT('',#11966);
#3473=VERTEX_POINT('',#11970);
#3474=VERTEX_POINT('',#11972);
#3475=VERTEX_POINT('',#11976);
#3476=VERTEX_POINT('',#11978);
#3477=VERTEX_POINT('',#11982);
#3478=VERTEX_POINT('',#11983);
#3479=VERTEX_POINT('',#11985);
#3480=VERTEX_POINT('',#11987);
#3481=VERTEX_POINT('',#11991);
#3482=VERTEX_POINT('',#11993);
#3483=VERTEX_POINT('',#11997);
#3484=VERTEX_POINT('',#11999);
#3485=VERTEX_POINT('',#12003);
#3486=VERTEX_POINT('',#12004);
#3487=VERTEX_POINT('',#12006);
#3488=VERTEX_POINT('',#12008);
#3489=VERTEX_POINT('',#12012);
#3490=VERTEX_POINT('',#12014);
#3491=VERTEX_POINT('',#12018);
#3492=VERTEX_POINT('',#12020);
#3493=VERTEX_POINT('',#12024);
#3494=VERTEX_POINT('',#12025);
#3495=VERTEX_POINT('',#12027);
#3496=VERTEX_POINT('',#12029);
#3497=VERTEX_POINT('',#12033);
#3498=VERTEX_POINT('',#12035);
#3499=VERTEX_POINT('',#12039);
#3500=VERTEX_POINT('',#12041);
#3501=VERTEX_POINT('',#12045);
#3502=VERTEX_POINT('',#12046);
#3503=VERTEX_POINT('',#12048);
#3504=VERTEX_POINT('',#12050);
#3505=VERTEX_POINT('',#12054);
#3506=VERTEX_POINT('',#12056);
#3507=VERTEX_POINT('',#12060);
#3508=VERTEX_POINT('',#12062);
#3509=VERTEX_POINT('',#12066);
#3510=VERTEX_POINT('',#12067);
#3511=VERTEX_POINT('',#12069);
#3512=VERTEX_POINT('',#12071);
#3513=VERTEX_POINT('',#12075);
#3514=VERTEX_POINT('',#12077);
#3515=VERTEX_POINT('',#12081);
#3516=VERTEX_POINT('',#12083);
#3517=VERTEX_POINT('',#12087);
#3518=VERTEX_POINT('',#12088);
#3519=VERTEX_POINT('',#12090);
#3520=VERTEX_POINT('',#12092);
#3521=VERTEX_POINT('',#12096);
#3522=VERTEX_POINT('',#12098);
#3523=VERTEX_POINT('',#12102);
#3524=VERTEX_POINT('',#12104);
#3525=VERTEX_POINT('',#12108);
#3526=VERTEX_POINT('',#12109);
#3527=VERTEX_POINT('',#12111);
#3528=VERTEX_POINT('',#12113);
#3529=VERTEX_POINT('',#12117);
#3530=VERTEX_POINT('',#12119);
#3531=VERTEX_POINT('',#12123);
#3532=VERTEX_POINT('',#12125);
#3533=VERTEX_POINT('',#12129);
#3534=VERTEX_POINT('',#12130);
#3535=VERTEX_POINT('',#12132);
#3536=VERTEX_POINT('',#12134);
#3537=VERTEX_POINT('',#12138);
#3538=VERTEX_POINT('',#12140);
#3539=VERTEX_POINT('',#12144);
#3540=VERTEX_POINT('',#12146);
#3541=VERTEX_POINT('',#12150);
#3542=VERTEX_POINT('',#12151);
#3543=VERTEX_POINT('',#12153);
#3544=VERTEX_POINT('',#12155);
#3545=VERTEX_POINT('',#12159);
#3546=VERTEX_POINT('',#12161);
#3547=VERTEX_POINT('',#12165);
#3548=VERTEX_POINT('',#12167);
#3549=VERTEX_POINT('',#12171);
#3550=VERTEX_POINT('',#12172);
#3551=VERTEX_POINT('',#12174);
#3552=VERTEX_POINT('',#12176);
#3553=VERTEX_POINT('',#12180);
#3554=VERTEX_POINT('',#12182);
#3555=VERTEX_POINT('',#12186);
#3556=VERTEX_POINT('',#12188);
#3557=VERTEX_POINT('',#12192);
#3558=VERTEX_POINT('',#12193);
#3559=VERTEX_POINT('',#12195);
#3560=VERTEX_POINT('',#12197);
#3561=VERTEX_POINT('',#12201);
#3562=VERTEX_POINT('',#12203);
#3563=VERTEX_POINT('',#12207);
#3564=VERTEX_POINT('',#12209);
#3565=VERTEX_POINT('',#12213);
#3566=VERTEX_POINT('',#12214);
#3567=VERTEX_POINT('',#12216);
#3568=VERTEX_POINT('',#12218);
#3569=VERTEX_POINT('',#12222);
#3570=VERTEX_POINT('',#12224);
#3571=VERTEX_POINT('',#12228);
#3572=VERTEX_POINT('',#12230);
#3573=VERTEX_POINT('',#12234);
#3574=VERTEX_POINT('',#12235);
#3575=VERTEX_POINT('',#12237);
#3576=VERTEX_POINT('',#12239);
#3577=VERTEX_POINT('',#12243);
#3578=VERTEX_POINT('',#12245);
#3579=VERTEX_POINT('',#12249);
#3580=VERTEX_POINT('',#12251);
#3581=VERTEX_POINT('',#12255);
#3582=VERTEX_POINT('',#12256);
#3583=VERTEX_POINT('',#12258);
#3584=VERTEX_POINT('',#12260);
#3585=VERTEX_POINT('',#12354);
#3586=VERTEX_POINT('',#12355);
#3587=VERTEX_POINT('',#12357);
#3588=VERTEX_POINT('',#12359);
#3589=VERTEX_POINT('',#12361);
#3590=VERTEX_POINT('',#12363);
#3591=VERTEX_POINT('',#12367);
#3592=VERTEX_POINT('',#12369);
#3593=VERTEX_POINT('',#12373);
#3594=VERTEX_POINT('',#12374);
#3595=VERTEX_POINT('',#12376);
#3596=VERTEX_POINT('',#12379);
#3597=VERTEX_POINT('',#12392);
#3598=VERTEX_POINT('',#12393);
#3599=VERTEX_POINT('',#12395);
#3600=VERTEX_POINT('',#12397);
#3601=VERTEX_POINT('',#12399);
#3602=VERTEX_POINT('',#12401);
#3603=VERTEX_POINT('',#12405);
#3604=VERTEX_POINT('',#12407);
#3605=VERTEX_POINT('',#12411);
#3606=VERTEX_POINT('',#12412);
#3607=VERTEX_POINT('',#12414);
#3608=VERTEX_POINT('',#12417);
#3609=VERTEX_POINT('',#12430);
#3610=VERTEX_POINT('',#12431);
#3611=VERTEX_POINT('',#12433);
#3612=VERTEX_POINT('',#12435);
#3613=VERTEX_POINT('',#12437);
#3614=VERTEX_POINT('',#12439);
#3615=VERTEX_POINT('',#12443);
#3616=VERTEX_POINT('',#12445);
#3617=VERTEX_POINT('',#12449);
#3618=VERTEX_POINT('',#12450);
#3619=VERTEX_POINT('',#12452);
#3620=VERTEX_POINT('',#12455);
#3621=VERTEX_POINT('',#12468);
#3622=VERTEX_POINT('',#12469);
#3623=VERTEX_POINT('',#12471);
#3624=VERTEX_POINT('',#12473);
#3625=VERTEX_POINT('',#12475);
#3626=VERTEX_POINT('',#12477);
#3627=VERTEX_POINT('',#12481);
#3628=VERTEX_POINT('',#12483);
#3629=VERTEX_POINT('',#12487);
#3630=VERTEX_POINT('',#12488);
#3631=VERTEX_POINT('',#12490);
#3632=VERTEX_POINT('',#12493);
#3633=VERTEX_POINT('',#12506);
#3634=VERTEX_POINT('',#12507);
#3635=VERTEX_POINT('',#12509);
#3636=VERTEX_POINT('',#12511);
#3637=VERTEX_POINT('',#12513);
#3638=VERTEX_POINT('',#12515);
#3639=VERTEX_POINT('',#12519);
#3640=VERTEX_POINT('',#12521);
#3641=VERTEX_POINT('',#12525);
#3642=VERTEX_POINT('',#12526);
#3643=VERTEX_POINT('',#12528);
#3644=VERTEX_POINT('',#12531);
#3645=VERTEX_POINT('',#12544);
#3646=VERTEX_POINT('',#12545);
#3647=VERTEX_POINT('',#12547);
#3648=VERTEX_POINT('',#12549);
#3649=VERTEX_POINT('',#12551);
#3650=VERTEX_POINT('',#12553);
#3651=VERTEX_POINT('',#12557);
#3652=VERTEX_POINT('',#12559);
#3653=VERTEX_POINT('',#12563);
#3654=VERTEX_POINT('',#12564);
#3655=VERTEX_POINT('',#12566);
#3656=VERTEX_POINT('',#12569);
#3657=VERTEX_POINT('',#12582);
#3658=VERTEX_POINT('',#12583);
#3659=VERTEX_POINT('',#12585);
#3660=VERTEX_POINT('',#12587);
#3661=VERTEX_POINT('',#12589);
#3662=VERTEX_POINT('',#12591);
#3663=VERTEX_POINT('',#12595);
#3664=VERTEX_POINT('',#12597);
#3665=VERTEX_POINT('',#12601);
#3666=VERTEX_POINT('',#12602);
#3667=VERTEX_POINT('',#12604);
#3668=VERTEX_POINT('',#12607);
#3669=VERTEX_POINT('',#12620);
#3670=VERTEX_POINT('',#12621);
#3671=VERTEX_POINT('',#12623);
#3672=VERTEX_POINT('',#12625);
#3673=VERTEX_POINT('',#12627);
#3674=VERTEX_POINT('',#12629);
#3675=VERTEX_POINT('',#12633);
#3676=VERTEX_POINT('',#12635);
#3677=VERTEX_POINT('',#12639);
#3678=VERTEX_POINT('',#12640);
#3679=VERTEX_POINT('',#12642);
#3680=VERTEX_POINT('',#12645);
#3681=VERTEX_POINT('',#12658);
#3682=VERTEX_POINT('',#12659);
#3683=VERTEX_POINT('',#12661);
#3684=VERTEX_POINT('',#12663);
#3685=VERTEX_POINT('',#12665);
#3686=VERTEX_POINT('',#12667);
#3687=VERTEX_POINT('',#12671);
#3688=VERTEX_POINT('',#12673);
#3689=VERTEX_POINT('',#12677);
#3690=VERTEX_POINT('',#12678);
#3691=VERTEX_POINT('',#12680);
#3692=VERTEX_POINT('',#12683);
#3693=VERTEX_POINT('',#12696);
#3694=VERTEX_POINT('',#12697);
#3695=VERTEX_POINT('',#12699);
#3696=VERTEX_POINT('',#12701);
#3697=VERTEX_POINT('',#12703);
#3698=VERTEX_POINT('',#12705);
#3699=VERTEX_POINT('',#12709);
#3700=VERTEX_POINT('',#12711);
#3701=VERTEX_POINT('',#12715);
#3702=VERTEX_POINT('',#12716);
#3703=VERTEX_POINT('',#12718);
#3704=VERTEX_POINT('',#12721);
#3705=VERTEX_POINT('',#12734);
#3706=VERTEX_POINT('',#12735);
#3707=VERTEX_POINT('',#12737);
#3708=VERTEX_POINT('',#12739);
#3709=VERTEX_POINT('',#12741);
#3710=VERTEX_POINT('',#12743);
#3711=VERTEX_POINT('',#12747);
#3712=VERTEX_POINT('',#12749);
#3713=VERTEX_POINT('',#12753);
#3714=VERTEX_POINT('',#12754);
#3715=VERTEX_POINT('',#12756);
#3716=VERTEX_POINT('',#12759);
#3717=VERTEX_POINT('',#12772);
#3718=VERTEX_POINT('',#12773);
#3719=VERTEX_POINT('',#12775);
#3720=VERTEX_POINT('',#12777);
#3721=VERTEX_POINT('',#12779);
#3722=VERTEX_POINT('',#12781);
#3723=VERTEX_POINT('',#12785);
#3724=VERTEX_POINT('',#12787);
#3725=VERTEX_POINT('',#12791);
#3726=VERTEX_POINT('',#12792);
#3727=VERTEX_POINT('',#12794);
#3728=VERTEX_POINT('',#12797);
#3729=VERTEX_POINT('',#12810);
#3730=VERTEX_POINT('',#12811);
#3731=VERTEX_POINT('',#12813);
#3732=VERTEX_POINT('',#12815);
#3733=VERTEX_POINT('',#12817);
#3734=VERTEX_POINT('',#12819);
#3735=VERTEX_POINT('',#12823);
#3736=VERTEX_POINT('',#12825);
#3737=VERTEX_POINT('',#12829);
#3738=VERTEX_POINT('',#12830);
#3739=VERTEX_POINT('',#12832);
#3740=VERTEX_POINT('',#12835);
#3741=VERTEX_POINT('',#12848);
#3742=VERTEX_POINT('',#12849);
#3743=VERTEX_POINT('',#12851);
#3744=VERTEX_POINT('',#12853);
#3745=VERTEX_POINT('',#12855);
#3746=VERTEX_POINT('',#12857);
#3747=VERTEX_POINT('',#12861);
#3748=VERTEX_POINT('',#12863);
#3749=VERTEX_POINT('',#12867);
#3750=VERTEX_POINT('',#12868);
#3751=VERTEX_POINT('',#12870);
#3752=VERTEX_POINT('',#12873);
#3753=VERTEX_POINT('',#12886);
#3754=VERTEX_POINT('',#12887);
#3755=VERTEX_POINT('',#12889);
#3756=VERTEX_POINT('',#12891);
#3757=VERTEX_POINT('',#12893);
#3758=VERTEX_POINT('',#12895);
#3759=VERTEX_POINT('',#12899);
#3760=VERTEX_POINT('',#12901);
#3761=VERTEX_POINT('',#12905);
#3762=VERTEX_POINT('',#12906);
#3763=VERTEX_POINT('',#12908);
#3764=VERTEX_POINT('',#12911);
#3765=VERTEX_POINT('',#12924);
#3766=VERTEX_POINT('',#12925);
#3767=VERTEX_POINT('',#12927);
#3768=VERTEX_POINT('',#12934);
#3769=VERTEX_POINT('',#12943);
#3770=VERTEX_POINT('',#12944);
#3771=VERTEX_POINT('',#12946);
#3772=VERTEX_POINT('',#12953);
#3773=VERTEX_POINT('',#12962);
#3774=VERTEX_POINT('',#12963);
#3775=VERTEX_POINT('',#12965);
#3776=VERTEX_POINT('',#12972);
#3777=VERTEX_POINT('',#12981);
#3778=VERTEX_POINT('',#12989);
#3779=VERTEX_POINT('',#12991);
#3780=VERTEX_POINT('',#13007);
#3781=VERTEX_POINT('',#13016);
#3782=VERTEX_POINT('',#13018);
#3783=VERTEX_POINT('',#13020);
#3784=VERTEX_POINT('',#13022);
#3785=VERTEX_POINT('',#13024);
#3786=VERTEX_POINT('',#13026);
#3787=VERTEX_POINT('',#13028);
#3788=VERTEX_POINT('',#13030);
#3789=VERTEX_POINT('',#13050);
#3790=VERTEX_POINT('',#13065);
#3791=VERTEX_POINT('',#13074);
#3792=VERTEX_POINT('',#13090);
#3793=VERTEX_POINT('',#13099);
#3794=VERTEX_POINT('',#13101);
#3795=VERTEX_POINT('',#13103);
#3796=VERTEX_POINT('',#13105);
#3797=VERTEX_POINT('',#13107);
#3798=VERTEX_POINT('',#13109);
#3799=VERTEX_POINT('',#13111);
#3800=VERTEX_POINT('',#13113);
#3801=VERTEX_POINT('',#13224);
#3802=VERTEX_POINT('',#13226);
#3803=VERTEX_POINT('',#13230);
#3804=VERTEX_POINT('',#13233);
#3805=VERTEX_POINT('',#13238);
#3806=VERTEX_POINT('',#13240);
#3807=VERTEX_POINT('',#13244);
#3808=VERTEX_POINT('',#13247);
#3809=VERTEX_POINT('',#13252);
#3810=VERTEX_POINT('',#13254);
#3811=VERTEX_POINT('',#13258);
#3812=VERTEX_POINT('',#13261);
#3813=VERTEX_POINT('',#13266);
#3814=VERTEX_POINT('',#13268);
#3815=VERTEX_POINT('',#13272);
#3816=VERTEX_POINT('',#13275);
#3817=VERTEX_POINT('',#13304);
#3818=VERTEX_POINT('',#13305);
#3819=VERTEX_POINT('',#13307);
#3820=VERTEX_POINT('',#13320);
#3821=VERTEX_POINT('',#13327);
#3822=VERTEX_POINT('',#13342);
#3823=VERTEX_POINT('',#13349);
#3824=VERTEX_POINT('',#13362);
#3825=VERTEX_POINT('',#13364);
#3826=VERTEX_POINT('',#13377);
#3827=VERTEX_POINT('',#13384);
#3828=VERTEX_POINT('',#13399);
#3829=VERTEX_POINT('',#13406);
#3830=VERTEX_POINT('',#13419);
#3831=VERTEX_POINT('',#13421);
#3832=VERTEX_POINT('',#13423);
#3833=VERTEX_POINT('',#13429);
#3834=VERTEX_POINT('',#13430);
#3835=VERTEX_POINT('',#13445);
#3836=VERTEX_POINT('',#13447);
#3837=VERTEX_POINT('',#13451);
#3838=VERTEX_POINT('',#13458);
#3839=VERTEX_POINT('',#13462);
#3840=VERTEX_POINT('',#13475);
#3841=VERTEX_POINT('',#13480);
#3842=VERTEX_POINT('',#13484);
#3843=VERTEX_POINT('',#13488);
#3844=VERTEX_POINT('',#13492);
#3845=VERTEX_POINT('',#13496);
#3846=VERTEX_POINT('',#13500);
#3847=VERTEX_POINT('',#13504);
#3848=VERTEX_POINT('',#13508);
#3849=VERTEX_POINT('',#13512);
#3850=VERTEX_POINT('',#13516);
#3851=VERTEX_POINT('',#13520);
#3852=VERTEX_POINT('',#13524);
#3853=VERTEX_POINT('',#13528);
#3854=VERTEX_POINT('',#13530);
#3855=VERTEX_POINT('',#13534);
#3856=VERTEX_POINT('',#13547);
#3857=VERTEX_POINT('',#13551);
#3858=VERTEX_POINT('',#13558);
#3859=VERTEX_POINT('',#13562);
#3860=VERTEX_POINT('',#13577);
#3861=VERTEX_POINT('',#13581);
#3862=VERTEX_POINT('',#13588);
#3863=VERTEX_POINT('',#13592);
#3864=VERTEX_POINT('',#13605);
#3865=VERTEX_POINT('',#13609);
#3866=VERTEX_POINT('',#13611);
#3867=VERTEX_POINT('',#13615);
#3868=VERTEX_POINT('',#13628);
#3869=VERTEX_POINT('',#13690);
#3870=VERTEX_POINT('',#13691);
#3871=VERTEX_POINT('',#13693);
#3872=VERTEX_POINT('',#13695);
#3873=VERTEX_POINT('',#13697);
#3874=VERTEX_POINT('',#13699);
#3875=VERTEX_POINT('',#13712);
#3876=VERTEX_POINT('',#13719);
#3877=VERTEX_POINT('',#13734);
#3878=VERTEX_POINT('',#13741);
#3879=VERTEX_POINT('',#13754);
#3880=VERTEX_POINT('',#13756);
#3881=VERTEX_POINT('',#13769);
#3882=VERTEX_POINT('',#13776);
#3883=VERTEX_POINT('',#13791);
#3884=VERTEX_POINT('',#13798);
#3885=VERTEX_POINT('',#13815);
#3886=VERTEX_POINT('',#13816);
#3887=VERTEX_POINT('',#13818);
#3888=VERTEX_POINT('',#13820);
#3889=VERTEX_POINT('',#13837);
#3890=VERTEX_POINT('',#13838);
#3891=VERTEX_POINT('',#13848);
#3892=VERTEX_POINT('',#13849);
#3893=VERTEX_POINT('',#13865);
#3894=VERTEX_POINT('',#13870);
#3895=VERTEX_POINT('',#13874);
#3896=VERTEX_POINT('',#13878);
#3897=VERTEX_POINT('',#13882);
#3898=VERTEX_POINT('',#13886);
#3899=VERTEX_POINT('',#13890);
#3900=VERTEX_POINT('',#13894);
#3901=VERTEX_POINT('',#13898);
#3902=VERTEX_POINT('',#13902);
#3903=VERTEX_POINT('',#13906);
#3904=VERTEX_POINT('',#13910);
#3905=VERTEX_POINT('',#13914);
#3906=VERTEX_POINT('',#13916);
#3907=VERTEX_POINT('',#13920);
#3908=VERTEX_POINT('',#13921);
#3909=VERTEX_POINT('',#13937);
#3910=VERTEX_POINT('',#13938);
#3911=VERTEX_POINT('',#13948);
#3912=VERTEX_POINT('',#13949);
#3913=VERTEX_POINT('',#13967);
#3914=VERTEX_POINT('',#13968);
#3915=VERTEX_POINT('',#13978);
#3916=VERTEX_POINT('',#13979);
#3917=VERTEX_POINT('',#13995);
#3918=VERTEX_POINT('',#13996);
#3919=VERTEX_POINT('',#14001);
#3920=VERTEX_POINT('',#14002);
#3921=VERTEX_POINT('',#14052);
#3922=VERTEX_POINT('',#14054);
#3923=VERTEX_POINT('',#14058);
#3924=VERTEX_POINT('',#14061);
#3925=VERTEX_POINT('',#14066);
#3926=VERTEX_POINT('',#14068);
#3927=VERTEX_POINT('',#14072);
#3928=VERTEX_POINT('',#14075);
#3929=VERTEX_POINT('',#14080);
#3930=VERTEX_POINT('',#14082);
#3931=VERTEX_POINT('',#14086);
#3932=VERTEX_POINT('',#14089);
#3933=VERTEX_POINT('',#14094);
#3934=VERTEX_POINT('',#14096);
#3935=VERTEX_POINT('',#14100);
#3936=VERTEX_POINT('',#14103);
#3937=VERTEX_POINT('',#14108);
#3938=VERTEX_POINT('',#14109);
#3939=VERTEX_POINT('',#14112);
#3940=VERTEX_POINT('',#14113);
#3941=VERTEX_POINT('',#14116);
#3942=VERTEX_POINT('',#14118);
#3943=VERTEX_POINT('',#14122);
#3944=VERTEX_POINT('',#14125);
#3945=VERTEX_POINT('',#14130);
#3946=VERTEX_POINT('',#14132);
#3947=VERTEX_POINT('',#14136);
#3948=VERTEX_POINT('',#14139);
#3949=VERTEX_POINT('',#14144);
#3950=VERTEX_POINT('',#14146);
#3951=VERTEX_POINT('',#14150);
#3952=VERTEX_POINT('',#14153);
#3953=VERTEX_POINT('',#14154);
#3954=VERTEX_POINT('',#14156);
#3955=VERTEX_POINT('',#14158);
#3956=VERTEX_POINT('',#14162);
#3957=VERTEX_POINT('',#14164);
#3958=VERTEX_POINT('',#14168);
#3959=VERTEX_POINT('',#14170);
#3960=VERTEX_POINT('',#14174);
#3961=VERTEX_POINT('',#14176);
#3962=VERTEX_POINT('',#14180);
#3963=VERTEX_POINT('',#14182);
#3964=VERTEX_POINT('',#14186);
#3965=VERTEX_POINT('',#14188);
#3966=VERTEX_POINT('',#14192);
#3967=VERTEX_POINT('',#14194);
#3968=VERTEX_POINT('',#14198);
#3969=VERTEX_POINT('',#14200);
#3970=VERTEX_POINT('',#14204);
#3971=VERTEX_POINT('',#14206);
#3972=VERTEX_POINT('',#14210);
#3973=VERTEX_POINT('',#14212);
#3974=VERTEX_POINT('',#14216);
#3975=VERTEX_POINT('',#14218);
#3976=VERTEX_POINT('',#14222);
#3977=VERTEX_POINT('',#14224);
#3978=VERTEX_POINT('',#14228);
#3979=VERTEX_POINT('',#14230);
#3980=VERTEX_POINT('',#14234);
#3981=VERTEX_POINT('',#14236);
#3982=VERTEX_POINT('',#14240);
#3983=VERTEX_POINT('',#14242);
#3984=VERTEX_POINT('',#14246);
#3985=VERTEX_POINT('',#14248);
#3986=VERTEX_POINT('',#14252);
#3987=VERTEX_POINT('',#14254);
#3988=VERTEX_POINT('',#14258);
#3989=VERTEX_POINT('',#14260);
#3990=VERTEX_POINT('',#14264);
#3991=VERTEX_POINT('',#14266);
#3992=VERTEX_POINT('',#14273);
#3993=VERTEX_POINT('',#14274);
#3994=VERTEX_POINT('',#14276);
#3995=VERTEX_POINT('',#14278);
#3996=VERTEX_POINT('',#14280);
#3997=VERTEX_POINT('',#14282);
#3998=VERTEX_POINT('',#14284);
#3999=VERTEX_POINT('',#14286);
#4000=VERTEX_POINT('',#14289);
#4001=VERTEX_POINT('',#14291);
#4002=VERTEX_POINT('',#14294);
#4003=VERTEX_POINT('',#14296);
#4004=VERTEX_POINT('',#14299);
#4005=VERTEX_POINT('',#14300);
#4006=VERTEX_POINT('',#14302);
#4007=VERTEX_POINT('',#14304);
#4008=VERTEX_POINT('',#14306);
#4009=VERTEX_POINT('',#14308);
#4010=VERTEX_POINT('',#14310);
#4011=VERTEX_POINT('',#14312);
#4012=VERTEX_POINT('',#14315);
#4013=EDGE_CURVE('',#3289,#3290,#1611,.T.);
#4014=EDGE_CURVE('',#3289,#3291,#1612,.T.);
#4015=EDGE_CURVE('',#3292,#3291,#1613,.T.);
#4016=EDGE_CURVE('',#3290,#3292,#1614,.T.);
#4017=EDGE_CURVE('',#3293,#3294,#1615,.T.);
#4018=EDGE_CURVE('',#3293,#3295,#1616,.T.);
#4019=EDGE_CURVE('',#3295,#3296,#1617,.T.);
#4020=EDGE_CURVE('',#3294,#3296,#1618,.T.);
#4021=EDGE_CURVE('',#3297,#3298,#1619,.T.);
#4022=EDGE_CURVE('',#3297,#3299,#1620,.T.);
#4023=EDGE_CURVE('',#3299,#3300,#1621,.T.);
#4024=EDGE_CURVE('',#3298,#3300,#1622,.T.);
#4025=EDGE_CURVE('',#3301,#3302,#1623,.T.);
#4026=EDGE_CURVE('',#3302,#3303,#1624,.T.);
#4027=EDGE_CURVE('',#3303,#3304,#1625,.T.);
#4028=EDGE_CURVE('',#3301,#3304,#1626,.T.);
#4029=EDGE_CURVE('',#3305,#3306,#1627,.T.);
#4030=EDGE_CURVE('',#3306,#3307,#1628,.T.);
#4031=EDGE_CURVE('',#3307,#3308,#1629,.T.);
#4032=EDGE_CURVE('',#3308,#3305,#1630,.T.);
#4033=EDGE_CURVE('',#3309,#3310,#1631,.T.);
#4034=EDGE_CURVE('',#3311,#3309,#1632,.T.);
#4035=EDGE_CURVE('',#3312,#3311,#1633,.T.);
#4036=EDGE_CURVE('',#3310,#3312,#1634,.T.);
#4037=EDGE_CURVE('',#3308,#3292,#251,.T.);
#4038=EDGE_CURVE('',#3307,#3290,#252,.T.);
#4039=EDGE_CURVE('',#3305,#3294,#253,.T.);
#4040=EDGE_CURVE('',#3293,#3308,#254,.T.);
#4041=EDGE_CURVE('',#3306,#3298,#255,.T.);
#4042=EDGE_CURVE('',#3297,#3305,#256,.T.);
#4043=EDGE_CURVE('',#3304,#3307,#257,.T.);
#4044=EDGE_CURVE('',#3301,#3306,#258,.T.);
#4045=EDGE_CURVE('',#3291,#3311,#259,.T.);
#4046=EDGE_CURVE('',#3289,#3312,#260,.T.);
#4047=EDGE_CURVE('',#3296,#3309,#261,.T.);
#4048=EDGE_CURVE('',#3311,#3295,#262,.T.);
#4049=EDGE_CURVE('',#3300,#3310,#263,.T.);
#4050=EDGE_CURVE('',#3299,#3309,#264,.T.);
#4051=EDGE_CURVE('',#3312,#3303,#265,.T.);
#4052=EDGE_CURVE('',#3310,#3302,#266,.T.);
#4053=EDGE_CURVE('',#3295,#3291,#267,.T.);
#4054=EDGE_CURVE('',#3293,#3292,#268,.T.);
#4055=EDGE_CURVE('',#3290,#3304,#269,.T.);
#4056=EDGE_CURVE('',#3303,#3289,#270,.T.);
#4057=EDGE_CURVE('',#3296,#3299,#271,.T.);
#4058=EDGE_CURVE('',#3297,#3294,#272,.T.);
#4059=EDGE_CURVE('',#3302,#3300,#273,.T.);
#4060=EDGE_CURVE('',#3298,#3301,#274,.T.);
#4061=EDGE_CURVE('',#3313,#3314,#1635,.T.);
#4062=EDGE_CURVE('',#3313,#3315,#1636,.T.);
#4063=EDGE_CURVE('',#3316,#3315,#1637,.T.);
#4064=EDGE_CURVE('',#3314,#3316,#1638,.T.);
#4065=EDGE_CURVE('',#3317,#3318,#1639,.T.);
#4066=EDGE_CURVE('',#3317,#3319,#1640,.T.);
#4067=EDGE_CURVE('',#3319,#3320,#1641,.T.);
#4068=EDGE_CURVE('',#3318,#3320,#1642,.T.);
#4069=EDGE_CURVE('',#3321,#3322,#1643,.T.);
#4070=EDGE_CURVE('',#3321,#3323,#1644,.T.);
#4071=EDGE_CURVE('',#3323,#3324,#1645,.T.);
#4072=EDGE_CURVE('',#3322,#3324,#1646,.T.);
#4073=EDGE_CURVE('',#3325,#3326,#1647,.T.);
#4074=EDGE_CURVE('',#3326,#3327,#1648,.T.);
#4075=EDGE_CURVE('',#3327,#3328,#1649,.T.);
#4076=EDGE_CURVE('',#3325,#3328,#1650,.T.);
#4077=EDGE_CURVE('',#3329,#3330,#1651,.T.);
#4078=EDGE_CURVE('',#3330,#3331,#1652,.T.);
#4079=EDGE_CURVE('',#3331,#3332,#1653,.T.);
#4080=EDGE_CURVE('',#3332,#3329,#1654,.T.);
#4081=EDGE_CURVE('',#3333,#3334,#1655,.T.);
#4082=EDGE_CURVE('',#3335,#3333,#1656,.T.);
#4083=EDGE_CURVE('',#3336,#3335,#1657,.T.);
#4084=EDGE_CURVE('',#3334,#3336,#1658,.T.);
#4085=EDGE_CURVE('',#3332,#3316,#275,.T.);
#4086=EDGE_CURVE('',#3331,#3314,#276,.T.);
#4087=EDGE_CURVE('',#3329,#3318,#277,.T.);
#4088=EDGE_CURVE('',#3332,#3317,#278,.T.);
#4089=EDGE_CURVE('',#3330,#3322,#279,.T.);
#4090=EDGE_CURVE('',#3321,#3329,#280,.T.);
#4091=EDGE_CURVE('',#3328,#3331,#281,.T.);
#4092=EDGE_CURVE('',#3325,#3330,#282,.T.);
#4093=EDGE_CURVE('',#3335,#3315,#283,.T.);
#4094=EDGE_CURVE('',#3313,#3336,#284,.T.);
#4095=EDGE_CURVE('',#3320,#3333,#285,.T.);
#4096=EDGE_CURVE('',#3335,#3319,#286,.T.);
#4097=EDGE_CURVE('',#3324,#3334,#287,.T.);
#4098=EDGE_CURVE('',#3333,#3323,#288,.T.);
#4099=EDGE_CURVE('',#3336,#3327,#289,.T.);
#4100=EDGE_CURVE('',#3334,#3326,#290,.T.);
#4101=EDGE_CURVE('',#3315,#3319,#291,.T.);
#4102=EDGE_CURVE('',#3316,#3317,#292,.T.);
#4103=EDGE_CURVE('',#3314,#3328,#293,.T.);
#4104=EDGE_CURVE('',#3327,#3313,#294,.T.);
#4105=EDGE_CURVE('',#3323,#3320,#295,.T.);
#4106=EDGE_CURVE('',#3321,#3318,#296,.T.);
#4107=EDGE_CURVE('',#3324,#3326,#297,.T.);
#4108=EDGE_CURVE('',#3325,#3322,#298,.T.);
#4109=EDGE_CURVE('',#3337,#3338,#1659,.T.);
#4110=EDGE_CURVE('',#3338,#3339,#1660,.T.);
#4111=EDGE_CURVE('',#3340,#3339,#1661,.T.);
#4112=EDGE_CURVE('',#3340,#3337,#1662,.T.);
#4113=EDGE_CURVE('',#3338,#3341,#1663,.T.);
#4114=EDGE_CURVE('',#3341,#3342,#1664,.T.);
#4115=EDGE_CURVE('',#3339,#3342,#1665,.T.);
#4116=EDGE_CURVE('',#3343,#3344,#1666,.T.);
#4117=EDGE_CURVE('',#3342,#3344,#1667,.T.);
#4118=EDGE_CURVE('',#3341,#3343,#1668,.T.);
#4119=EDGE_CURVE('',#3345,#3337,#1669,.T.);
#4120=EDGE_CURVE('',#3346,#3345,#1670,.T.);
#4121=EDGE_CURVE('',#3343,#3346,#1671,.T.);
#4122=EDGE_CURVE('',#3344,#3347,#1672,.T.);
#4123=EDGE_CURVE('',#3347,#3348,#1673,.T.);
#4124=EDGE_CURVE('',#3348,#3340,#1674,.T.);
#4125=EDGE_CURVE('',#3349,#3350,#1675,.T.);
#4126=EDGE_CURVE('',#3351,#3349,#1676,.T.);
#4127=EDGE_CURVE('',#3352,#3351,#1677,.T.);
#4128=EDGE_CURVE('',#3352,#3353,#1678,.T.);
#4129=EDGE_CURVE('',#3354,#3353,#1679,.T.);
#4130=EDGE_CURVE('',#3355,#3354,#1680,.T.);
#4131=EDGE_CURVE('',#3356,#3355,#1681,.T.);
#4132=EDGE_CURVE('',#3357,#3356,#1682,.T.);
#4133=EDGE_CURVE('',#3358,#3357,#1683,.T.);
#4134=EDGE_CURVE('',#3359,#3358,#1684,.T.);
#4135=EDGE_CURVE('',#3360,#3359,#1685,.T.);
#4136=EDGE_CURVE('',#3350,#3360,#1686,.T.);
#4137=EDGE_CURVE('',#3361,#3362,#1687,.T.);
#4138=EDGE_CURVE('',#3363,#3361,#1688,.T.);
#4139=EDGE_CURVE('',#3364,#3363,#1689,.T.);
#4140=EDGE_CURVE('',#3365,#3364,#1690,.T.);
#4141=EDGE_CURVE('',#3366,#3365,#1691,.T.);
#4142=EDGE_CURVE('',#3367,#3366,#1692,.T.);
#4143=EDGE_CURVE('',#3368,#3367,#1693,.T.);
#4144=EDGE_CURVE('',#3369,#3368,#1694,.T.);
#4145=EDGE_CURVE('',#3370,#3369,#1695,.T.);
#4146=EDGE_CURVE('',#3371,#3370,#1696,.T.);
#4147=EDGE_CURVE('',#3372,#3371,#1697,.T.);
#4148=EDGE_CURVE('',#3362,#3372,#1698,.T.);
#4149=EDGE_CURVE('',#3349,#3372,#1699,.T.);
#4150=EDGE_CURVE('',#3351,#3371,#1700,.T.);
#4151=EDGE_CURVE('',#3348,#3352,#1701,.T.);
#4152=EDGE_CURVE('',#3352,#3370,#1702,.T.);
#4153=EDGE_CURVE('',#3370,#3345,#1703,.T.);
#4154=EDGE_CURVE('',#3347,#3353,#1704,.T.);
#4155=EDGE_CURVE('',#3369,#3346,#1705,.T.);
#4156=EDGE_CURVE('',#3354,#3368,#1706,.T.);
#4157=EDGE_CURVE('',#3353,#3369,#1707,.T.);
#4158=EDGE_CURVE('',#3366,#3356,#1708,.T.);
#4159=EDGE_CURVE('',#3367,#3355,#1709,.T.);
#4160=EDGE_CURVE('',#3362,#3350,#1710,.T.);
#4161=EDGE_CURVE('',#3361,#3360,#1711,.T.);
#4162=EDGE_CURVE('',#3363,#3359,#1712,.T.);
#4163=EDGE_CURVE('',#3364,#3358,#1713,.T.);
#4164=EDGE_CURVE('',#3365,#3357,#1714,.T.);
#4165=EDGE_CURVE('',#3373,#3374,#1715,.T.);
#4166=EDGE_CURVE('',#3374,#3375,#1716,.T.);
#4167=EDGE_CURVE('',#3375,#3376,#1717,.T.);
#4168=EDGE_CURVE('',#3376,#3377,#1718,.T.);
#4169=EDGE_CURVE('',#3377,#3378,#1719,.T.);
#4170=EDGE_CURVE('',#3378,#3379,#1720,.T.);
#4171=EDGE_CURVE('',#3379,#3380,#1721,.T.);
#4172=EDGE_CURVE('',#3380,#3381,#1722,.T.);
#4173=EDGE_CURVE('',#3381,#3382,#1723,.T.);
#4174=EDGE_CURVE('',#3382,#3383,#1724,.T.);
#4175=EDGE_CURVE('',#3383,#3384,#1725,.T.);
#4176=EDGE_CURVE('',#3373,#3384,#1726,.T.);
#4177=EDGE_CURVE('',#3385,#3386,#1727,.T.);
#4178=EDGE_CURVE('',#3386,#3387,#1728,.T.);
#4179=EDGE_CURVE('',#3387,#3388,#1729,.T.);
#4180=EDGE_CURVE('',#3388,#3389,#1730,.T.);
#4181=EDGE_CURVE('',#3389,#3390,#1731,.T.);
#4182=EDGE_CURVE('',#3390,#3391,#1732,.T.);
#4183=EDGE_CURVE('',#3391,#3392,#1733,.T.);
#4184=EDGE_CURVE('',#3392,#3393,#1734,.T.);
#4185=EDGE_CURVE('',#3393,#3394,#1735,.T.);
#4186=EDGE_CURVE('',#3394,#3395,#1736,.T.);
#4187=EDGE_CURVE('',#3395,#3396,#1737,.T.);
#4188=EDGE_CURVE('',#3396,#3385,#1738,.T.);
#4189=EDGE_CURVE('',#3387,#3382,#1739,.T.);
#4190=EDGE_CURVE('',#3388,#3381,#1740,.T.);
#4191=EDGE_CURVE('',#3393,#3376,#1741,.T.);
#4192=EDGE_CURVE('',#3375,#3394,#1742,.T.);
#4193=EDGE_CURVE('',#3392,#3377,#1743,.T.);
#4194=EDGE_CURVE('',#3391,#3378,#1744,.T.);
#4195=EDGE_CURVE('',#3390,#3379,#1745,.T.);
#4196=EDGE_CURVE('',#3389,#3380,#1746,.T.);
#4197=EDGE_CURVE('',#3397,#3398,#1747,.T.);
#4198=EDGE_CURVE('',#3399,#3398,#1748,.T.);
#4199=EDGE_CURVE('',#3384,#3399,#1749,.T.);
#4200=EDGE_CURVE('',#3383,#3400,#1750,.T.);
#4201=EDGE_CURVE('',#3400,#3397,#1751,.T.);
#4202=EDGE_CURVE('',#3401,#3385,#1752,.T.);
#4203=EDGE_CURVE('',#3401,#3402,#1753,.T.);
#4204=EDGE_CURVE('',#3402,#3386,#1754,.T.);
#4205=EDGE_CURVE('',#3403,#3400,#1755,.T.);
#4206=EDGE_CURVE('',#3402,#3404,#1756,.T.);
#4207=EDGE_CURVE('',#3404,#3403,#1757,.T.);
#4208=EDGE_CURVE('',#3405,#3395,#1758,.T.);
#4209=EDGE_CURVE('',#3405,#3406,#1759,.T.);
#4210=EDGE_CURVE('',#3406,#3396,#1760,.T.);
#4211=EDGE_CURVE('',#3407,#3408,#1761,.T.);
#4212=EDGE_CURVE('',#3408,#3409,#1762,.T.);
#4213=EDGE_CURVE('',#3374,#3409,#1763,.T.);
#4214=EDGE_CURVE('',#3373,#3410,#1764,.T.);
#4215=EDGE_CURVE('',#3407,#3410,#1765,.T.);
#4216=EDGE_CURVE('',#3399,#3410,#1766,.T.);
#4217=EDGE_CURVE('',#3401,#3406,#1767,.T.);
#4218=EDGE_CURVE('',#3411,#3412,#1768,.T.);
#4219=EDGE_CURVE('',#3412,#3413,#1769,.T.);
#4220=EDGE_CURVE('',#3413,#3414,#1770,.T.);
#4221=EDGE_CURVE('',#3411,#3414,#1771,.T.);
#4222=EDGE_CURVE('',#3415,#3416,#1772,.T.);
#4223=EDGE_CURVE('',#3416,#3417,#1773,.T.);
#4224=EDGE_CURVE('',#3418,#3417,#1774,.T.);
#4225=EDGE_CURVE('',#3419,#3418,#1775,.T.);
#4226=EDGE_CURVE('',#3415,#3419,#1776,.T.);
#4227=EDGE_CURVE('',#3420,#3421,#1777,.T.);
#4228=EDGE_CURVE('',#3421,#3422,#1778,.T.);
#4229=EDGE_CURVE('',#3423,#3422,#1779,.T.);
#4230=EDGE_CURVE('',#3420,#3423,#1780,.T.);
#4231=EDGE_CURVE('',#3424,#3425,#1781,.T.);
#4232=EDGE_CURVE('',#3426,#3425,#1782,.T.);
#4233=EDGE_CURVE('',#3427,#3426,#1783,.T.);
#4234=EDGE_CURVE('',#3428,#3427,#1784,.T.);
#4235=EDGE_CURVE('',#3424,#3428,#1785,.T.);
#4236=EDGE_CURVE('',#3429,#3430,#1786,.T.);
#4237=EDGE_CURVE('',#3431,#3429,#1787,.T.);
#4238=EDGE_CURVE('',#3432,#3431,#1788,.T.);
#4239=EDGE_CURVE('',#3430,#3432,#1789,.T.);
#4240=EDGE_CURVE('',#3431,#3412,#299,.T.);
#4241=EDGE_CURVE('',#3429,#3413,#300,.T.);
#4242=EDGE_CURVE('',#3415,#3429,#301,.T.);
#4243=EDGE_CURVE('',#3430,#3416,#302,.T.);
#4244=EDGE_CURVE('',#3420,#3430,#303,.T.);
#4245=EDGE_CURVE('',#3432,#3421,#304,.T.);
#4246=EDGE_CURVE('',#3424,#3432,#305,.T.);
#4247=EDGE_CURVE('',#3425,#3431,#306,.T.);
#4248=EDGE_CURVE('',#3418,#3433,#307,.T.);
#4249=EDGE_CURVE('',#3434,#3417,#308,.T.);
#4250=EDGE_CURVE('',#3433,#3434,#1790,.T.);
#4251=EDGE_CURVE('',#3423,#3435,#309,.T.);
#4252=EDGE_CURVE('',#3436,#3422,#310,.T.);
#4253=EDGE_CURVE('',#3435,#3436,#1791,.T.);
#4254=EDGE_CURVE('',#3428,#3437,#311,.T.);
#4255=EDGE_CURVE('',#3427,#3438,#312,.T.);
#4256=EDGE_CURVE('',#3437,#3438,#1792,.T.);
#4257=EDGE_CURVE('',#3415,#3413,#313,.T.);
#4258=EDGE_CURVE('',#3414,#3419,#314,.T.);
#4259=EDGE_CURVE('',#3412,#3425,#315,.T.);
#4260=EDGE_CURVE('',#3426,#3411,#316,.T.);
#4261=EDGE_CURVE('',#3420,#3416,#317,.T.);
#4262=EDGE_CURVE('',#3417,#3423,#139,.T.);
#4263=EDGE_CURVE('',#3421,#3424,#318,.T.);
#4264=EDGE_CURVE('',#3422,#3428,#87,.T.);
#4265=EDGE_CURVE('',#3434,#3435,#140,.T.);
#4266=EDGE_CURVE('',#3436,#3437,#88,.T.);
#4267=EDGE_CURVE('',#3439,#3440,#1793,.T.);
#4268=EDGE_CURVE('',#3440,#3441,#1794,.T.);
#4269=EDGE_CURVE('',#3441,#3442,#1795,.T.);
#4270=EDGE_CURVE('',#3442,#3443,#1796,.T.);
#4271=EDGE_CURVE('',#3439,#3443,#1797,.T.);
#4272=EDGE_CURVE('',#3444,#3445,#1798,.T.);
#4273=EDGE_CURVE('',#3445,#3446,#1799,.T.);
#4274=EDGE_CURVE('',#3447,#3446,#1800,.T.);
#4275=EDGE_CURVE('',#3444,#3447,#1801,.T.);
#4276=EDGE_CURVE('',#3448,#3449,#1802,.T.);
#4277=EDGE_CURVE('',#3449,#3450,#1803,.T.);
#4278=EDGE_CURVE('',#3450,#3451,#1804,.T.);
#4279=EDGE_CURVE('',#3452,#3451,#1805,.T.);
#4280=EDGE_CURVE('',#3448,#3452,#1806,.T.);
#4281=EDGE_CURVE('',#3453,#3454,#1807,.T.);
#4282=EDGE_CURVE('',#3453,#3455,#1808,.T.);
#4283=EDGE_CURVE('',#3456,#3455,#1809,.T.);
#4284=EDGE_CURVE('',#3454,#3456,#1810,.T.);
#4285=EDGE_CURVE('',#3457,#3458,#1811,.T.);
#4286=EDGE_CURVE('',#3459,#3457,#1812,.T.);
#4287=EDGE_CURVE('',#3460,#3459,#1813,.T.);
#4288=EDGE_CURVE('',#3458,#3460,#1814,.T.);
#4289=EDGE_CURVE('',#3459,#3441,#319,.T.);
#4290=EDGE_CURVE('',#3457,#3442,#320,.T.);
#4291=EDGE_CURVE('',#3457,#3444,#321,.T.);
#4292=EDGE_CURVE('',#3458,#3445,#322,.T.);
#4293=EDGE_CURVE('',#3448,#3458,#323,.T.);
#4294=EDGE_CURVE('',#3460,#3449,#324,.T.);
#4295=EDGE_CURVE('',#3453,#3460,#325,.T.);
#4296=EDGE_CURVE('',#3455,#3459,#326,.T.);
#4297=EDGE_CURVE('',#3439,#3461,#327,.T.);
#4298=EDGE_CURVE('',#3462,#3443,#328,.T.);
#4299=EDGE_CURVE('',#3461,#3462,#1815,.T.);
#4300=EDGE_CURVE('',#3447,#3463,#329,.T.);
#4301=EDGE_CURVE('',#3464,#3446,#330,.T.);
#4302=EDGE_CURVE('',#3463,#3464,#1816,.T.);
#4303=EDGE_CURVE('',#3452,#3465,#331,.T.);
#4304=EDGE_CURVE('',#3466,#3451,#332,.T.);
#4305=EDGE_CURVE('',#3465,#3466,#1817,.T.);
#4306=EDGE_CURVE('',#3442,#3444,#333,.T.);
#4307=EDGE_CURVE('',#3443,#3447,#89,.T.);
#4308=EDGE_CURVE('',#3441,#3455,#334,.T.);
#4309=EDGE_CURVE('',#3456,#3440,#335,.T.);
#4310=EDGE_CURVE('',#3448,#3445,#336,.T.);
#4311=EDGE_CURVE('',#3446,#3452,#141,.T.);
#4312=EDGE_CURVE('',#3453,#3449,#337,.T.);
#4313=EDGE_CURVE('',#3450,#3454,#338,.T.);
#4314=EDGE_CURVE('',#3462,#3463,#90,.T.);
#4315=EDGE_CURVE('',#3464,#3465,#142,.T.);
#4316=EDGE_CURVE('',#3467,#3404,#1818,.T.);
#4317=EDGE_CURVE('',#3467,#3468,#1819,.T.);
#4318=EDGE_CURVE('',#3403,#3468,#1820,.T.);
#4319=EDGE_CURVE('',#3469,#3470,#1821,.T.);
#4320=EDGE_CURVE('',#3471,#3469,#1822,.T.);
#4321=EDGE_CURVE('',#3472,#3471,#1823,.T.);
#4322=EDGE_CURVE('',#3470,#3472,#1824,.T.);
#4323=EDGE_CURVE('',#3473,#3472,#1825,.T.);
#4324=EDGE_CURVE('',#3471,#3474,#1826,.T.);
#4325=EDGE_CURVE('',#3474,#3473,#1827,.T.);
#4326=EDGE_CURVE('',#3475,#3474,#1828,.T.);
#4327=EDGE_CURVE('',#3475,#3476,#1829,.T.);
#4328=EDGE_CURVE('',#3473,#3476,#1830,.T.);
#4329=EDGE_CURVE('',#3477,#3478,#1831,.T.);
#4330=EDGE_CURVE('',#3479,#3477,#1832,.T.);
#4331=EDGE_CURVE('',#3480,#3479,#1833,.T.);
#4332=EDGE_CURVE('',#3478,#3480,#1834,.T.);
#4333=EDGE_CURVE('',#3481,#3480,#1835,.T.);
#4334=EDGE_CURVE('',#3479,#3482,#1836,.T.);
#4335=EDGE_CURVE('',#3482,#3481,#1837,.T.);
#4336=EDGE_CURVE('',#3483,#3482,#1838,.T.);
#4337=EDGE_CURVE('',#3483,#3484,#1839,.T.);
#4338=EDGE_CURVE('',#3481,#3484,#1840,.T.);
#4339=EDGE_CURVE('',#3485,#3486,#1841,.T.);
#4340=EDGE_CURVE('',#3487,#3485,#1842,.T.);
#4341=EDGE_CURVE('',#3488,#3487,#1843,.T.);
#4342=EDGE_CURVE('',#3486,#3488,#1844,.T.);
#4343=EDGE_CURVE('',#3489,#3488,#1845,.T.);
#4344=EDGE_CURVE('',#3487,#3490,#1846,.T.);
#4345=EDGE_CURVE('',#3490,#3489,#1847,.T.);
#4346=EDGE_CURVE('',#3491,#3490,#1848,.T.);
#4347=EDGE_CURVE('',#3491,#3492,#1849,.T.);
#4348=EDGE_CURVE('',#3489,#3492,#1850,.T.);
#4349=EDGE_CURVE('',#3493,#3494,#1851,.T.);
#4350=EDGE_CURVE('',#3495,#3493,#1852,.T.);
#4351=EDGE_CURVE('',#3496,#3495,#1853,.T.);
#4352=EDGE_CURVE('',#3494,#3496,#1854,.T.);
#4353=EDGE_CURVE('',#3497,#3496,#1855,.T.);
#4354=EDGE_CURVE('',#3495,#3498,#1856,.T.);
#4355=EDGE_CURVE('',#3498,#3497,#1857,.T.);
#4356=EDGE_CURVE('',#3499,#3498,#1858,.T.);
#4357=EDGE_CURVE('',#3499,#3500,#1859,.T.);
#4358=EDGE_CURVE('',#3497,#3500,#1860,.T.);
#4359=EDGE_CURVE('',#3501,#3502,#1861,.T.);
#4360=EDGE_CURVE('',#3503,#3501,#1862,.T.);
#4361=EDGE_CURVE('',#3504,#3503,#1863,.T.);
#4362=EDGE_CURVE('',#3502,#3504,#1864,.T.);
#4363=EDGE_CURVE('',#3505,#3504,#1865,.T.);
#4364=EDGE_CURVE('',#3503,#3506,#1866,.T.);
#4365=EDGE_CURVE('',#3506,#3505,#1867,.T.);
#4366=EDGE_CURVE('',#3507,#3506,#1868,.T.);
#4367=EDGE_CURVE('',#3507,#3508,#1869,.T.);
#4368=EDGE_CURVE('',#3505,#3508,#1870,.T.);
#4369=EDGE_CURVE('',#3509,#3510,#1871,.T.);
#4370=EDGE_CURVE('',#3511,#3509,#1872,.T.);
#4371=EDGE_CURVE('',#3512,#3511,#1873,.T.);
#4372=EDGE_CURVE('',#3510,#3512,#1874,.T.);
#4373=EDGE_CURVE('',#3513,#3512,#1875,.T.);
#4374=EDGE_CURVE('',#3511,#3514,#1876,.T.);
#4375=EDGE_CURVE('',#3514,#3513,#1877,.T.);
#4376=EDGE_CURVE('',#3515,#3514,#1878,.T.);
#4377=EDGE_CURVE('',#3515,#3516,#1879,.T.);
#4378=EDGE_CURVE('',#3513,#3516,#1880,.T.);
#4379=EDGE_CURVE('',#3517,#3518,#1881,.T.);
#4380=EDGE_CURVE('',#3519,#3517,#1882,.T.);
#4381=EDGE_CURVE('',#3520,#3519,#1883,.T.);
#4382=EDGE_CURVE('',#3518,#3520,#1884,.T.);
#4383=EDGE_CURVE('',#3521,#3520,#1885,.T.);
#4384=EDGE_CURVE('',#3519,#3522,#1886,.T.);
#4385=EDGE_CURVE('',#3522,#3521,#1887,.T.);
#4386=EDGE_CURVE('',#3523,#3522,#1888,.T.);
#4387=EDGE_CURVE('',#3523,#3524,#1889,.T.);
#4388=EDGE_CURVE('',#3521,#3524,#1890,.T.);
#4389=EDGE_CURVE('',#3525,#3526,#1891,.T.);
#4390=EDGE_CURVE('',#3527,#3525,#1892,.T.);
#4391=EDGE_CURVE('',#3528,#3527,#1893,.T.);
#4392=EDGE_CURVE('',#3526,#3528,#1894,.T.);
#4393=EDGE_CURVE('',#3529,#3528,#1895,.T.);
#4394=EDGE_CURVE('',#3527,#3530,#1896,.T.);
#4395=EDGE_CURVE('',#3530,#3529,#1897,.T.);
#4396=EDGE_CURVE('',#3531,#3530,#1898,.T.);
#4397=EDGE_CURVE('',#3531,#3532,#1899,.T.);
#4398=EDGE_CURVE('',#3529,#3532,#1900,.T.);
#4399=EDGE_CURVE('',#3533,#3534,#1901,.T.);
#4400=EDGE_CURVE('',#3535,#3533,#1902,.T.);
#4401=EDGE_CURVE('',#3536,#3535,#1903,.T.);
#4402=EDGE_CURVE('',#3534,#3536,#1904,.T.);
#4403=EDGE_CURVE('',#3537,#3536,#1905,.T.);
#4404=EDGE_CURVE('',#3535,#3538,#1906,.T.);
#4405=EDGE_CURVE('',#3538,#3537,#1907,.T.);
#4406=EDGE_CURVE('',#3539,#3538,#1908,.T.);
#4407=EDGE_CURVE('',#3539,#3540,#1909,.T.);
#4408=EDGE_CURVE('',#3537,#3540,#1910,.T.);
#4409=EDGE_CURVE('',#3541,#3542,#1911,.T.);
#4410=EDGE_CURVE('',#3543,#3541,#1912,.T.);
#4411=EDGE_CURVE('',#3544,#3543,#1913,.T.);
#4412=EDGE_CURVE('',#3542,#3544,#1914,.T.);
#4413=EDGE_CURVE('',#3545,#3544,#1915,.T.);
#4414=EDGE_CURVE('',#3543,#3546,#1916,.T.);
#4415=EDGE_CURVE('',#3546,#3545,#1917,.T.);
#4416=EDGE_CURVE('',#3547,#3546,#1918,.T.);
#4417=EDGE_CURVE('',#3547,#3548,#1919,.T.);
#4418=EDGE_CURVE('',#3545,#3548,#1920,.T.);
#4419=EDGE_CURVE('',#3549,#3550,#1921,.T.);
#4420=EDGE_CURVE('',#3551,#3549,#1922,.T.);
#4421=EDGE_CURVE('',#3552,#3551,#1923,.T.);
#4422=EDGE_CURVE('',#3550,#3552,#1924,.T.);
#4423=EDGE_CURVE('',#3553,#3552,#1925,.T.);
#4424=EDGE_CURVE('',#3551,#3554,#1926,.T.);
#4425=EDGE_CURVE('',#3554,#3553,#1927,.T.);
#4426=EDGE_CURVE('',#3555,#3554,#1928,.T.);
#4427=EDGE_CURVE('',#3555,#3556,#1929,.T.);
#4428=EDGE_CURVE('',#3553,#3556,#1930,.T.);
#4429=EDGE_CURVE('',#3557,#3558,#1931,.T.);
#4430=EDGE_CURVE('',#3559,#3557,#1932,.T.);
#4431=EDGE_CURVE('',#3560,#3559,#1933,.T.);
#4432=EDGE_CURVE('',#3558,#3560,#1934,.T.);
#4433=EDGE_CURVE('',#3561,#3560,#1935,.T.);
#4434=EDGE_CURVE('',#3559,#3562,#1936,.T.);
#4435=EDGE_CURVE('',#3562,#3561,#1937,.T.);
#4436=EDGE_CURVE('',#3563,#3562,#1938,.T.);
#4437=EDGE_CURVE('',#3563,#3564,#1939,.T.);
#4438=EDGE_CURVE('',#3561,#3564,#1940,.T.);
#4439=EDGE_CURVE('',#3565,#3566,#1941,.T.);
#4440=EDGE_CURVE('',#3567,#3565,#1942,.T.);
#4441=EDGE_CURVE('',#3568,#3567,#1943,.T.);
#4442=EDGE_CURVE('',#3566,#3568,#1944,.T.);
#4443=EDGE_CURVE('',#3569,#3568,#1945,.T.);
#4444=EDGE_CURVE('',#3567,#3570,#1946,.T.);
#4445=EDGE_CURVE('',#3570,#3569,#1947,.T.);
#4446=EDGE_CURVE('',#3571,#3570,#1948,.T.);
#4447=EDGE_CURVE('',#3571,#3572,#1949,.T.);
#4448=EDGE_CURVE('',#3569,#3572,#1950,.T.);
#4449=EDGE_CURVE('',#3573,#3574,#1951,.T.);
#4450=EDGE_CURVE('',#3575,#3573,#1952,.T.);
#4451=EDGE_CURVE('',#3576,#3575,#1953,.T.);
#4452=EDGE_CURVE('',#3574,#3576,#1954,.T.);
#4453=EDGE_CURVE('',#3577,#3576,#1955,.T.);
#4454=EDGE_CURVE('',#3575,#3578,#1956,.T.);
#4455=EDGE_CURVE('',#3578,#3577,#1957,.T.);
#4456=EDGE_CURVE('',#3579,#3578,#1958,.T.);
#4457=EDGE_CURVE('',#3579,#3580,#1959,.T.);
#4458=EDGE_CURVE('',#3577,#3580,#1960,.T.);
#4459=EDGE_CURVE('',#3581,#3582,#1961,.T.);
#4460=EDGE_CURVE('',#3583,#3581,#1962,.T.);
#4461=EDGE_CURVE('',#3584,#3583,#1963,.T.);
#4462=EDGE_CURVE('',#3582,#3584,#1964,.T.);
#4463=EDGE_CURVE('',#3581,#3579,#1965,.T.);
#4464=EDGE_CURVE('',#3573,#3571,#1966,.T.);
#4465=EDGE_CURVE('',#3565,#3563,#1967,.T.);
#4466=EDGE_CURVE('',#3557,#3555,#1968,.T.);
#4467=EDGE_CURVE('',#3549,#3547,#1969,.T.);
#4468=EDGE_CURVE('',#3541,#3539,#1970,.T.);
#4469=EDGE_CURVE('',#3533,#3531,#1971,.T.);
#4470=EDGE_CURVE('',#3525,#3523,#1972,.T.);
#4471=EDGE_CURVE('',#3517,#3515,#1973,.T.);
#4472=EDGE_CURVE('',#3509,#3507,#1974,.T.);
#4473=EDGE_CURVE('',#3501,#3499,#1975,.T.);
#4474=EDGE_CURVE('',#3493,#3491,#1976,.T.);
#4475=EDGE_CURVE('',#3485,#3483,#1977,.T.);
#4476=EDGE_CURVE('',#3477,#3475,#1978,.T.);
#4477=EDGE_CURVE('',#3469,#3467,#1979,.T.);
#4478=EDGE_CURVE('',#3583,#3405,#1980,.T.);
#4479=EDGE_CURVE('',#3398,#3461,#1981,.T.);
#4480=EDGE_CURVE('',#3433,#3466,#1982,.T.);
#4481=EDGE_CURVE('',#3438,#3407,#1983,.T.);
#4482=EDGE_CURVE('',#3409,#3584,#1984,.T.);
#4483=EDGE_CURVE('',#3484,#3478,#1985,.T.);
#4484=EDGE_CURVE('',#3470,#3468,#1986,.T.);
#4485=EDGE_CURVE('',#3478,#3476,#1987,.T.);
#4486=EDGE_CURVE('',#3486,#3484,#1988,.T.);
#4487=EDGE_CURVE('',#3494,#3492,#1989,.T.);
#4488=EDGE_CURVE('',#3502,#3500,#1990,.T.);
#4489=EDGE_CURVE('',#3510,#3508,#1991,.T.);
#4490=EDGE_CURVE('',#3518,#3516,#1992,.T.);
#4491=EDGE_CURVE('',#3526,#3524,#1993,.T.);
#4492=EDGE_CURVE('',#3534,#3532,#1994,.T.);
#4493=EDGE_CURVE('',#3542,#3540,#1995,.T.);
#4494=EDGE_CURVE('',#3550,#3548,#1996,.T.);
#4495=EDGE_CURVE('',#3558,#3556,#1997,.T.);
#4496=EDGE_CURVE('',#3566,#3564,#1998,.T.);
#4497=EDGE_CURVE('',#3574,#3572,#1999,.T.);
#4498=EDGE_CURVE('',#3582,#3580,#2000,.T.);
#4499=EDGE_CURVE('',#3532,#3526,#2001,.T.);
#4500=EDGE_CURVE('',#3572,#3566,#2002,.T.);
#4501=EDGE_CURVE('',#3524,#3518,#2003,.T.);
#4502=EDGE_CURVE('',#3516,#3510,#2004,.T.);
#4503=EDGE_CURVE('',#3580,#3574,#2005,.T.);
#4504=EDGE_CURVE('',#3500,#3494,#2006,.T.);
#4505=EDGE_CURVE('',#3556,#3550,#2007,.T.);
#4506=EDGE_CURVE('',#3564,#3558,#2008,.T.);
#4507=EDGE_CURVE('',#3508,#3502,#2009,.T.);
#4508=EDGE_CURVE('',#3419,#3582,#2010,.T.);
#4509=EDGE_CURVE('',#3408,#3426,#2011,.T.);
#4510=EDGE_CURVE('',#3492,#3486,#2012,.T.);
#4511=EDGE_CURVE('',#3476,#3470,#2013,.T.);
#4512=EDGE_CURVE('',#3548,#3542,#2014,.T.);
#4513=EDGE_CURVE('',#3540,#3534,#2015,.T.);
#4514=EDGE_CURVE('',#3440,#3397,#2016,.T.);
#4515=EDGE_CURVE('',#3468,#3450,#2017,.T.);
#4516=EDGE_CURVE('',#3585,#3586,#2018,.T.);
#4517=EDGE_CURVE('',#3587,#3586,#2019,.T.);
#4518=EDGE_CURVE('',#3587,#3588,#2020,.T.);
#4519=EDGE_CURVE('',#3588,#3589,#2021,.T.);
#4520=EDGE_CURVE('',#3589,#3590,#2022,.T.);
#4521=EDGE_CURVE('',#3590,#3585,#2023,.T.);
#4522=EDGE_CURVE('',#3591,#3589,#2024,.T.);
#4523=EDGE_CURVE('',#3588,#3592,#2025,.T.);
#4524=EDGE_CURVE('',#3592,#3591,#2026,.T.);
#4525=EDGE_CURVE('',#3593,#3594,#2027,.T.);
#4526=EDGE_CURVE('',#3594,#3595,#2028,.T.);
#4527=EDGE_CURVE('',#3595,#3591,#2029,.T.);
#4528=EDGE_CURVE('',#3592,#3596,#2030,.T.);
#4529=EDGE_CURVE('',#3596,#3593,#2031,.T.);
#4530=EDGE_CURVE('',#3596,#3587,#2032,.T.);
#4531=EDGE_CURVE('',#3595,#3590,#2033,.T.);
#4532=EDGE_CURVE('',#3585,#3594,#2034,.T.);
#4533=EDGE_CURVE('',#3593,#3586,#2035,.T.);
#4534=EDGE_CURVE('',#3597,#3598,#2036,.T.);
#4535=EDGE_CURVE('',#3599,#3598,#2037,.T.);
#4536=EDGE_CURVE('',#3599,#3600,#2038,.T.);
#4537=EDGE_CURVE('',#3600,#3601,#2039,.T.);
#4538=EDGE_CURVE('',#3601,#3602,#2040,.T.);
#4539=EDGE_CURVE('',#3602,#3597,#2041,.T.);
#4540=EDGE_CURVE('',#3603,#3601,#2042,.T.);
#4541=EDGE_CURVE('',#3600,#3604,#2043,.T.);
#4542=EDGE_CURVE('',#3604,#3603,#2044,.T.);
#4543=EDGE_CURVE('',#3605,#3606,#2045,.T.);
#4544=EDGE_CURVE('',#3606,#3607,#2046,.T.);
#4545=EDGE_CURVE('',#3607,#3603,#2047,.T.);
#4546=EDGE_CURVE('',#3604,#3608,#2048,.T.);
#4547=EDGE_CURVE('',#3608,#3605,#2049,.T.);
#4548=EDGE_CURVE('',#3608,#3599,#2050,.T.);
#4549=EDGE_CURVE('',#3607,#3602,#2051,.T.);
#4550=EDGE_CURVE('',#3597,#3606,#2052,.T.);
#4551=EDGE_CURVE('',#3605,#3598,#2053,.T.);
#4552=EDGE_CURVE('',#3609,#3610,#2054,.T.);
#4553=EDGE_CURVE('',#3611,#3610,#2055,.T.);
#4554=EDGE_CURVE('',#3611,#3612,#2056,.T.);
#4555=EDGE_CURVE('',#3612,#3613,#2057,.T.);
#4556=EDGE_CURVE('',#3613,#3614,#2058,.T.);
#4557=EDGE_CURVE('',#3614,#3609,#2059,.T.);
#4558=EDGE_CURVE('',#3615,#3613,#2060,.T.);
#4559=EDGE_CURVE('',#3612,#3616,#2061,.T.);
#4560=EDGE_CURVE('',#3616,#3615,#2062,.T.);
#4561=EDGE_CURVE('',#3617,#3618,#2063,.T.);
#4562=EDGE_CURVE('',#3618,#3619,#2064,.T.);
#4563=EDGE_CURVE('',#3619,#3615,#2065,.T.);
#4564=EDGE_CURVE('',#3616,#3620,#2066,.T.);
#4565=EDGE_CURVE('',#3620,#3617,#2067,.T.);
#4566=EDGE_CURVE('',#3620,#3611,#2068,.T.);
#4567=EDGE_CURVE('',#3619,#3614,#2069,.T.);
#4568=EDGE_CURVE('',#3609,#3618,#2070,.T.);
#4569=EDGE_CURVE('',#3617,#3610,#2071,.T.);
#4570=EDGE_CURVE('',#3621,#3622,#2072,.T.);
#4571=EDGE_CURVE('',#3623,#3622,#2073,.T.);
#4572=EDGE_CURVE('',#3623,#3624,#2074,.T.);
#4573=EDGE_CURVE('',#3624,#3625,#2075,.T.);
#4574=EDGE_CURVE('',#3625,#3626,#2076,.T.);
#4575=EDGE_CURVE('',#3626,#3621,#2077,.T.);
#4576=EDGE_CURVE('',#3627,#3625,#2078,.T.);
#4577=EDGE_CURVE('',#3624,#3628,#2079,.T.);
#4578=EDGE_CURVE('',#3628,#3627,#2080,.T.);
#4579=EDGE_CURVE('',#3629,#3630,#2081,.T.);
#4580=EDGE_CURVE('',#3630,#3631,#2082,.T.);
#4581=EDGE_CURVE('',#3631,#3627,#2083,.T.);
#4582=EDGE_CURVE('',#3628,#3632,#2084,.T.);
#4583=EDGE_CURVE('',#3632,#3629,#2085,.T.);
#4584=EDGE_CURVE('',#3632,#3623,#2086,.T.);
#4585=EDGE_CURVE('',#3631,#3626,#2087,.T.);
#4586=EDGE_CURVE('',#3621,#3630,#2088,.T.);
#4587=EDGE_CURVE('',#3629,#3622,#2089,.T.);
#4588=EDGE_CURVE('',#3633,#3634,#2090,.T.);
#4589=EDGE_CURVE('',#3635,#3634,#2091,.T.);
#4590=EDGE_CURVE('',#3635,#3636,#2092,.T.);
#4591=EDGE_CURVE('',#3636,#3637,#2093,.T.);
#4592=EDGE_CURVE('',#3637,#3638,#2094,.T.);
#4593=EDGE_CURVE('',#3638,#3633,#2095,.T.);
#4594=EDGE_CURVE('',#3639,#3637,#2096,.T.);
#4595=EDGE_CURVE('',#3636,#3640,#2097,.T.);
#4596=EDGE_CURVE('',#3640,#3639,#2098,.T.);
#4597=EDGE_CURVE('',#3641,#3642,#2099,.T.);
#4598=EDGE_CURVE('',#3642,#3643,#2100,.T.);
#4599=EDGE_CURVE('',#3643,#3639,#2101,.T.);
#4600=EDGE_CURVE('',#3640,#3644,#2102,.T.);
#4601=EDGE_CURVE('',#3644,#3641,#2103,.T.);
#4602=EDGE_CURVE('',#3644,#3635,#2104,.T.);
#4603=EDGE_CURVE('',#3643,#3638,#2105,.T.);
#4604=EDGE_CURVE('',#3633,#3642,#2106,.T.);
#4605=EDGE_CURVE('',#3641,#3634,#2107,.T.);
#4606=EDGE_CURVE('',#3645,#3646,#2108,.T.);
#4607=EDGE_CURVE('',#3647,#3646,#2109,.T.);
#4608=EDGE_CURVE('',#3647,#3648,#2110,.T.);
#4609=EDGE_CURVE('',#3648,#3649,#2111,.T.);
#4610=EDGE_CURVE('',#3649,#3650,#2112,.T.);
#4611=EDGE_CURVE('',#3650,#3645,#2113,.T.);
#4612=EDGE_CURVE('',#3651,#3649,#2114,.T.);
#4613=EDGE_CURVE('',#3648,#3652,#2115,.T.);
#4614=EDGE_CURVE('',#3652,#3651,#2116,.T.);
#4615=EDGE_CURVE('',#3653,#3654,#2117,.T.);
#4616=EDGE_CURVE('',#3654,#3655,#2118,.T.);
#4617=EDGE_CURVE('',#3655,#3651,#2119,.T.);
#4618=EDGE_CURVE('',#3652,#3656,#2120,.T.);
#4619=EDGE_CURVE('',#3656,#3653,#2121,.T.);
#4620=EDGE_CURVE('',#3656,#3647,#2122,.T.);
#4621=EDGE_CURVE('',#3655,#3650,#2123,.T.);
#4622=EDGE_CURVE('',#3645,#3654,#2124,.T.);
#4623=EDGE_CURVE('',#3653,#3646,#2125,.T.);
#4624=EDGE_CURVE('',#3657,#3658,#2126,.T.);
#4625=EDGE_CURVE('',#3659,#3658,#2127,.T.);
#4626=EDGE_CURVE('',#3659,#3660,#2128,.T.);
#4627=EDGE_CURVE('',#3660,#3661,#2129,.T.);
#4628=EDGE_CURVE('',#3661,#3662,#2130,.T.);
#4629=EDGE_CURVE('',#3662,#3657,#2131,.T.);
#4630=EDGE_CURVE('',#3663,#3661,#2132,.T.);
#4631=EDGE_CURVE('',#3660,#3664,#2133,.T.);
#4632=EDGE_CURVE('',#3664,#3663,#2134,.T.);
#4633=EDGE_CURVE('',#3665,#3666,#2135,.T.);
#4634=EDGE_CURVE('',#3666,#3667,#2136,.T.);
#4635=EDGE_CURVE('',#3667,#3663,#2137,.T.);
#4636=EDGE_CURVE('',#3664,#3668,#2138,.T.);
#4637=EDGE_CURVE('',#3668,#3665,#2139,.T.);
#4638=EDGE_CURVE('',#3668,#3659,#2140,.T.);
#4639=EDGE_CURVE('',#3667,#3662,#2141,.T.);
#4640=EDGE_CURVE('',#3657,#3666,#2142,.T.);
#4641=EDGE_CURVE('',#3665,#3658,#2143,.T.);
#4642=EDGE_CURVE('',#3669,#3670,#2144,.T.);
#4643=EDGE_CURVE('',#3671,#3670,#2145,.T.);
#4644=EDGE_CURVE('',#3671,#3672,#2146,.T.);
#4645=EDGE_CURVE('',#3672,#3673,#2147,.T.);
#4646=EDGE_CURVE('',#3673,#3674,#2148,.T.);
#4647=EDGE_CURVE('',#3674,#3669,#2149,.T.);
#4648=EDGE_CURVE('',#3675,#3673,#2150,.T.);
#4649=EDGE_CURVE('',#3672,#3676,#2151,.T.);
#4650=EDGE_CURVE('',#3676,#3675,#2152,.T.);
#4651=EDGE_CURVE('',#3677,#3678,#2153,.T.);
#4652=EDGE_CURVE('',#3678,#3679,#2154,.T.);
#4653=EDGE_CURVE('',#3679,#3675,#2155,.T.);
#4654=EDGE_CURVE('',#3676,#3680,#2156,.T.);
#4655=EDGE_CURVE('',#3680,#3677,#2157,.T.);
#4656=EDGE_CURVE('',#3680,#3671,#2158,.T.);
#4657=EDGE_CURVE('',#3679,#3674,#2159,.T.);
#4658=EDGE_CURVE('',#3669,#3678,#2160,.T.);
#4659=EDGE_CURVE('',#3677,#3670,#2161,.T.);
#4660=EDGE_CURVE('',#3681,#3682,#2162,.T.);
#4661=EDGE_CURVE('',#3683,#3682,#2163,.T.);
#4662=EDGE_CURVE('',#3683,#3684,#2164,.T.);
#4663=EDGE_CURVE('',#3684,#3685,#2165,.T.);
#4664=EDGE_CURVE('',#3685,#3686,#2166,.T.);
#4665=EDGE_CURVE('',#3686,#3681,#2167,.T.);
#4666=EDGE_CURVE('',#3687,#3685,#2168,.T.);
#4667=EDGE_CURVE('',#3684,#3688,#2169,.T.);
#4668=EDGE_CURVE('',#3688,#3687,#2170,.T.);
#4669=EDGE_CURVE('',#3689,#3690,#2171,.T.);
#4670=EDGE_CURVE('',#3690,#3691,#2172,.T.);
#4671=EDGE_CURVE('',#3691,#3687,#2173,.T.);
#4672=EDGE_CURVE('',#3688,#3692,#2174,.T.);
#4673=EDGE_CURVE('',#3692,#3689,#2175,.T.);
#4674=EDGE_CURVE('',#3692,#3683,#2176,.T.);
#4675=EDGE_CURVE('',#3691,#3686,#2177,.T.);
#4676=EDGE_CURVE('',#3681,#3690,#2178,.T.);
#4677=EDGE_CURVE('',#3689,#3682,#2179,.T.);
#4678=EDGE_CURVE('',#3693,#3694,#2180,.T.);
#4679=EDGE_CURVE('',#3695,#3694,#2181,.T.);
#4680=EDGE_CURVE('',#3695,#3696,#2182,.T.);
#4681=EDGE_CURVE('',#3696,#3697,#2183,.T.);
#4682=EDGE_CURVE('',#3697,#3698,#2184,.T.);
#4683=EDGE_CURVE('',#3698,#3693,#2185,.T.);
#4684=EDGE_CURVE('',#3699,#3697,#2186,.T.);
#4685=EDGE_CURVE('',#3696,#3700,#2187,.T.);
#4686=EDGE_CURVE('',#3700,#3699,#2188,.T.);
#4687=EDGE_CURVE('',#3701,#3702,#2189,.T.);
#4688=EDGE_CURVE('',#3702,#3703,#2190,.T.);
#4689=EDGE_CURVE('',#3703,#3699,#2191,.T.);
#4690=EDGE_CURVE('',#3700,#3704,#2192,.T.);
#4691=EDGE_CURVE('',#3704,#3701,#2193,.T.);
#4692=EDGE_CURVE('',#3704,#3695,#2194,.T.);
#4693=EDGE_CURVE('',#3703,#3698,#2195,.T.);
#4694=EDGE_CURVE('',#3693,#3702,#2196,.T.);
#4695=EDGE_CURVE('',#3701,#3694,#2197,.T.);
#4696=EDGE_CURVE('',#3705,#3706,#2198,.T.);
#4697=EDGE_CURVE('',#3707,#3706,#2199,.T.);
#4698=EDGE_CURVE('',#3707,#3708,#2200,.T.);
#4699=EDGE_CURVE('',#3708,#3709,#2201,.T.);
#4700=EDGE_CURVE('',#3709,#3710,#2202,.T.);
#4701=EDGE_CURVE('',#3710,#3705,#2203,.T.);
#4702=EDGE_CURVE('',#3711,#3709,#2204,.T.);
#4703=EDGE_CURVE('',#3708,#3712,#2205,.T.);
#4704=EDGE_CURVE('',#3712,#3711,#2206,.T.);
#4705=EDGE_CURVE('',#3713,#3714,#2207,.T.);
#4706=EDGE_CURVE('',#3714,#3715,#2208,.T.);
#4707=EDGE_CURVE('',#3715,#3711,#2209,.T.);
#4708=EDGE_CURVE('',#3712,#3716,#2210,.T.);
#4709=EDGE_CURVE('',#3716,#3713,#2211,.T.);
#4710=EDGE_CURVE('',#3716,#3707,#2212,.T.);
#4711=EDGE_CURVE('',#3715,#3710,#2213,.T.);
#4712=EDGE_CURVE('',#3705,#3714,#2214,.T.);
#4713=EDGE_CURVE('',#3713,#3706,#2215,.T.);
#4714=EDGE_CURVE('',#3717,#3718,#2216,.T.);
#4715=EDGE_CURVE('',#3719,#3718,#2217,.T.);
#4716=EDGE_CURVE('',#3719,#3720,#2218,.T.);
#4717=EDGE_CURVE('',#3720,#3721,#2219,.T.);
#4718=EDGE_CURVE('',#3721,#3722,#2220,.T.);
#4719=EDGE_CURVE('',#3722,#3717,#2221,.T.);
#4720=EDGE_CURVE('',#3723,#3721,#2222,.T.);
#4721=EDGE_CURVE('',#3720,#3724,#2223,.T.);
#4722=EDGE_CURVE('',#3724,#3723,#2224,.T.);
#4723=EDGE_CURVE('',#3725,#3726,#2225,.T.);
#4724=EDGE_CURVE('',#3726,#3727,#2226,.T.);
#4725=EDGE_CURVE('',#3727,#3723,#2227,.T.);
#4726=EDGE_CURVE('',#3724,#3728,#2228,.T.);
#4727=EDGE_CURVE('',#3728,#3725,#2229,.T.);
#4728=EDGE_CURVE('',#3728,#3719,#2230,.T.);
#4729=EDGE_CURVE('',#3727,#3722,#2231,.T.);
#4730=EDGE_CURVE('',#3717,#3726,#2232,.T.);
#4731=EDGE_CURVE('',#3725,#3718,#2233,.T.);
#4732=EDGE_CURVE('',#3729,#3730,#2234,.T.);
#4733=EDGE_CURVE('',#3731,#3730,#2235,.T.);
#4734=EDGE_CURVE('',#3731,#3732,#2236,.T.);
#4735=EDGE_CURVE('',#3732,#3733,#2237,.T.);
#4736=EDGE_CURVE('',#3733,#3734,#2238,.T.);
#4737=EDGE_CURVE('',#3734,#3729,#2239,.T.);
#4738=EDGE_CURVE('',#3735,#3733,#2240,.T.);
#4739=EDGE_CURVE('',#3732,#3736,#2241,.T.);
#4740=EDGE_CURVE('',#3736,#3735,#2242,.T.);
#4741=EDGE_CURVE('',#3737,#3738,#2243,.T.);
#4742=EDGE_CURVE('',#3738,#3739,#2244,.T.);
#4743=EDGE_CURVE('',#3739,#3735,#2245,.T.);
#4744=EDGE_CURVE('',#3736,#3740,#2246,.T.);
#4745=EDGE_CURVE('',#3740,#3737,#2247,.T.);
#4746=EDGE_CURVE('',#3740,#3731,#2248,.T.);
#4747=EDGE_CURVE('',#3739,#3734,#2249,.T.);
#4748=EDGE_CURVE('',#3729,#3738,#2250,.T.);
#4749=EDGE_CURVE('',#3737,#3730,#2251,.T.);
#4750=EDGE_CURVE('',#3741,#3742,#2252,.T.);
#4751=EDGE_CURVE('',#3743,#3742,#2253,.T.);
#4752=EDGE_CURVE('',#3743,#3744,#2254,.T.);
#4753=EDGE_CURVE('',#3744,#3745,#2255,.T.);
#4754=EDGE_CURVE('',#3745,#3746,#2256,.T.);
#4755=EDGE_CURVE('',#3746,#3741,#2257,.T.);
#4756=EDGE_CURVE('',#3747,#3745,#2258,.T.);
#4757=EDGE_CURVE('',#3744,#3748,#2259,.T.);
#4758=EDGE_CURVE('',#3748,#3747,#2260,.T.);
#4759=EDGE_CURVE('',#3749,#3750,#2261,.T.);
#4760=EDGE_CURVE('',#3750,#3751,#2262,.T.);
#4761=EDGE_CURVE('',#3751,#3747,#2263,.T.);
#4762=EDGE_CURVE('',#3748,#3752,#2264,.T.);
#4763=EDGE_CURVE('',#3752,#3749,#2265,.T.);
#4764=EDGE_CURVE('',#3752,#3743,#2266,.T.);
#4765=EDGE_CURVE('',#3751,#3746,#2267,.T.);
#4766=EDGE_CURVE('',#3741,#3750,#2268,.T.);
#4767=EDGE_CURVE('',#3749,#3742,#2269,.T.);
#4768=EDGE_CURVE('',#3753,#3754,#2270,.T.);
#4769=EDGE_CURVE('',#3755,#3754,#2271,.T.);
#4770=EDGE_CURVE('',#3755,#3756,#2272,.T.);
#4771=EDGE_CURVE('',#3756,#3757,#2273,.T.);
#4772=EDGE_CURVE('',#3757,#3758,#2274,.T.);
#4773=EDGE_CURVE('',#3758,#3753,#2275,.T.);
#4774=EDGE_CURVE('',#3759,#3757,#2276,.T.);
#4775=EDGE_CURVE('',#3756,#3760,#2277,.T.);
#4776=EDGE_CURVE('',#3760,#3759,#2278,.T.);
#4777=EDGE_CURVE('',#3761,#3762,#2279,.T.);
#4778=EDGE_CURVE('',#3762,#3763,#2280,.T.);
#4779=EDGE_CURVE('',#3763,#3759,#2281,.T.);
#4780=EDGE_CURVE('',#3760,#3764,#2282,.T.);
#4781=EDGE_CURVE('',#3764,#3761,#2283,.T.);
#4782=EDGE_CURVE('',#3764,#3755,#2284,.T.);
#4783=EDGE_CURVE('',#3763,#3758,#2285,.T.);
#4784=EDGE_CURVE('',#3753,#3762,#2286,.T.);
#4785=EDGE_CURVE('',#3761,#3754,#2287,.T.);
#4786=EDGE_CURVE('',#3765,#3766,#339,.T.);
#4787=EDGE_CURVE('',#3767,#3765,#91,.T.);
#4788=EDGE_CURVE('',#3768,#3767,#340,.T.);
#4789=EDGE_CURVE('',#3766,#3768,#92,.T.);
#4790=EDGE_CURVE('',#3769,#3770,#341,.T.);
#4791=EDGE_CURVE('',#3771,#3769,#93,.T.);
#4792=EDGE_CURVE('',#3772,#3771,#342,.T.);
#4793=EDGE_CURVE('',#3770,#3772,#94,.T.);
#4794=EDGE_CURVE('',#3773,#3774,#343,.T.);
#4795=EDGE_CURVE('',#3775,#3773,#95,.T.);
#4796=EDGE_CURVE('',#3776,#3775,#344,.T.);
#4797=EDGE_CURVE('',#3774,#3776,#96,.T.);
#4798=EDGE_CURVE('',#3777,#3775,#143,.T.);
#4799=EDGE_CURVE('',#3777,#3778,#345,.T.);
#4800=EDGE_CURVE('',#3779,#3778,#144,.T.);
#4801=EDGE_CURVE('',#3772,#3779,#145,.T.);
#4802=EDGE_CURVE('',#3768,#3771,#146,.T.);
#4803=EDGE_CURVE('',#3780,#3767,#147,.T.);
#4804=EDGE_CURVE('',#3776,#3780,#148,.T.);
#4805=EDGE_CURVE('',#3781,#3781,#346,.T.);
#4806=EDGE_CURVE('',#3782,#3782,#347,.T.);
#4807=EDGE_CURVE('',#3783,#3783,#348,.T.);
#4808=EDGE_CURVE('',#3784,#3784,#349,.T.);
#4809=EDGE_CURVE('',#3785,#3785,#350,.T.);
#4810=EDGE_CURVE('',#3786,#3786,#351,.T.);
#4811=EDGE_CURVE('',#3787,#3787,#352,.T.);
#4812=EDGE_CURVE('',#3788,#3788,#353,.T.);
#4813=EDGE_CURVE('',#3773,#3789,#149,.T.);
#4814=EDGE_CURVE('',#3789,#3777,#97,.T.);
#4815=EDGE_CURVE('',#3790,#3789,#354,.T.);
#4816=EDGE_CURVE('',#3778,#3790,#98,.T.);
#4817=EDGE_CURVE('',#3791,#3774,#150,.T.);
#4818=EDGE_CURVE('',#3765,#3791,#151,.T.);
#4819=EDGE_CURVE('',#3769,#3766,#152,.T.);
#4820=EDGE_CURVE('',#3792,#3770,#153,.T.);
#4821=EDGE_CURVE('',#3790,#3792,#154,.T.);
#4822=EDGE_CURVE('',#3793,#3793,#355,.T.);
#4823=EDGE_CURVE('',#3794,#3794,#356,.T.);
#4824=EDGE_CURVE('',#3795,#3795,#357,.T.);
#4825=EDGE_CURVE('',#3796,#3796,#358,.T.);
#4826=EDGE_CURVE('',#3797,#3797,#359,.T.);
#4827=EDGE_CURVE('',#3798,#3798,#360,.T.);
#4828=EDGE_CURVE('',#3799,#3799,#361,.T.);
#4829=EDGE_CURVE('',#3800,#3800,#362,.T.);
#4830=EDGE_CURVE('',#3792,#3779,#2288,.T.);
#4831=EDGE_CURVE('',#3791,#3780,#2289,.T.);
#4832=EDGE_CURVE('',#3782,#3794,#2290,.T.);
#4833=EDGE_CURVE('',#3781,#3793,#2291,.T.);
#4834=EDGE_CURVE('',#3784,#3796,#2292,.T.);
#4835=EDGE_CURVE('',#3783,#3795,#2293,.T.);
#4836=EDGE_CURVE('',#3785,#3797,#2294,.T.);
#4837=EDGE_CURVE('',#3786,#3798,#2295,.T.);
#4838=EDGE_CURVE('',#3787,#3799,#2296,.T.);
#4839=EDGE_CURVE('',#3788,#3800,#2297,.T.);
#4840=EDGE_CURVE('',#3801,#3801,#363,.T.);
#4841=EDGE_CURVE('',#3801,#3802,#2298,.T.);
#4842=EDGE_CURVE('',#3802,#3802,#364,.T.);
#4843=EDGE_CURVE('',#3803,#3803,#365,.T.);
#4844=EDGE_CURVE('',#3804,#3804,#366,.T.);
#4845=EDGE_CURVE('',#3804,#3803,#2299,.T.);
#4846=EDGE_CURVE('',#3805,#3805,#367,.T.);
#4847=EDGE_CURVE('',#3805,#3806,#2300,.T.);
#4848=EDGE_CURVE('',#3806,#3806,#368,.T.);
#4849=EDGE_CURVE('',#3807,#3807,#369,.T.);
#4850=EDGE_CURVE('',#3808,#3808,#370,.T.);
#4851=EDGE_CURVE('',#3808,#3807,#2301,.T.);
#4852=EDGE_CURVE('',#3809,#3809,#371,.T.);
#4853=EDGE_CURVE('',#3809,#3810,#2302,.T.);
#4854=EDGE_CURVE('',#3810,#3810,#372,.T.);
#4855=EDGE_CURVE('',#3811,#3811,#373,.T.);
#4856=EDGE_CURVE('',#3812,#3812,#374,.T.);
#4857=EDGE_CURVE('',#3812,#3811,#2303,.T.);
#4858=EDGE_CURVE('',#3813,#3813,#375,.T.);
#4859=EDGE_CURVE('',#3813,#3814,#2304,.T.);
#4860=EDGE_CURVE('',#3814,#3814,#376,.T.);
#4861=EDGE_CURVE('',#3815,#3815,#377,.T.);
#4862=EDGE_CURVE('',#3816,#3816,#378,.T.);
#4863=EDGE_CURVE('',#3816,#3815,#2305,.T.);
#4864=EDGE_CURVE('',#3817,#3818,#13,.T.);
#4865=EDGE_CURVE('',#3819,#3817,#99,.T.);
#4866=EDGE_CURVE('',#3820,#3819,#100,.T.);
#4867=EDGE_CURVE('',#3821,#3820,#101,.T.);
#4868=EDGE_CURVE('',#3822,#3821,#102,.T.);
#4869=EDGE_CURVE('',#3823,#3822,#103,.T.);
#4870=EDGE_CURVE('',#3824,#3823,#14,.T.);
#4871=EDGE_CURVE('',#3825,#3824,#104,.T.);
#4872=EDGE_CURVE('',#3826,#3825,#105,.T.);
#4873=EDGE_CURVE('',#3827,#3826,#106,.T.);
#4874=EDGE_CURVE('',#3828,#3827,#107,.T.);
#4875=EDGE_CURVE('',#3829,#3828,#108,.T.);
#4876=EDGE_CURVE('',#3830,#3829,#15,.T.);
#4877=EDGE_CURVE('',#3830,#3831,#16,.T.);
#4878=EDGE_CURVE('',#3832,#3831,#379,.T.);
#4879=EDGE_CURVE('',#3818,#3832,#17,.T.);
#4880=EDGE_CURVE('',#3831,#3832,#380,.T.);
#4881=EDGE_CURVE('',#3833,#3834,#109,.T.);
#4882=EDGE_CURVE('',#3835,#3834,#2306,.T.);
#4883=EDGE_CURVE('',#3835,#3836,#381,.T.);
#4884=EDGE_CURVE('',#3836,#3833,#2307,.T.);
#4885=EDGE_CURVE('',#3837,#3833,#110,.T.);
#4886=EDGE_CURVE('',#3836,#3838,#2308,.T.);
#4887=EDGE_CURVE('',#3838,#3837,#2309,.T.);
#4888=EDGE_CURVE('',#3839,#3837,#111,.T.);
#4889=EDGE_CURVE('',#3838,#3840,#382,.T.);
#4890=EDGE_CURVE('',#3840,#3839,#2310,.T.);
#4891=EDGE_CURVE('',#3818,#3839,#18,.T.);
#4892=EDGE_CURVE('',#3840,#3841,#2311,.T.);
#4893=EDGE_CURVE('',#3841,#3817,#2312,.T.);
#4894=EDGE_CURVE('',#3841,#3842,#383,.T.);
#4895=EDGE_CURVE('',#3842,#3819,#2313,.T.);
#4896=EDGE_CURVE('',#3842,#3843,#2314,.T.);
#4897=EDGE_CURVE('',#3843,#3820,#2315,.T.);
#4898=EDGE_CURVE('',#3843,#3844,#384,.T.);
#4899=EDGE_CURVE('',#3844,#3821,#2316,.T.);
#4900=EDGE_CURVE('',#3844,#3845,#2317,.T.);
#4901=EDGE_CURVE('',#3845,#3822,#2318,.T.);
#4902=EDGE_CURVE('',#3845,#3846,#385,.T.);
#4903=EDGE_CURVE('',#3846,#3823,#2319,.T.);
#4904=EDGE_CURVE('',#3846,#3847,#2320,.T.);
#4905=EDGE_CURVE('',#3847,#3824,#2321,.T.);
#4906=EDGE_CURVE('',#3847,#3848,#386,.T.);
#4907=EDGE_CURVE('',#3848,#3825,#2322,.T.);
#4908=EDGE_CURVE('',#3848,#3849,#2323,.T.);
#4909=EDGE_CURVE('',#3849,#3826,#2324,.T.);
#4910=EDGE_CURVE('',#3849,#3850,#387,.T.);
#4911=EDGE_CURVE('',#3850,#3827,#2325,.T.);
#4912=EDGE_CURVE('',#3850,#3851,#2326,.T.);
#4913=EDGE_CURVE('',#3851,#3828,#2327,.T.);
#4914=EDGE_CURVE('',#3851,#3852,#388,.T.);
#4915=EDGE_CURVE('',#3852,#3829,#2328,.T.);
#4916=EDGE_CURVE('',#3852,#3853,#2329,.T.);
#4917=EDGE_CURVE('',#3853,#3854,#2330,.T.);
#4918=EDGE_CURVE('',#3854,#3830,#19,.T.);
#4919=EDGE_CURVE('',#3855,#3854,#112,.T.);
#4920=EDGE_CURVE('',#3853,#3856,#389,.T.);
#4921=EDGE_CURVE('',#3856,#3855,#2331,.T.);
#4922=EDGE_CURVE('',#3857,#3855,#113,.T.);
#4923=EDGE_CURVE('',#3856,#3858,#2332,.T.);
#4924=EDGE_CURVE('',#3858,#3857,#2333,.T.);
#4925=EDGE_CURVE('',#3859,#3857,#114,.T.);
#4926=EDGE_CURVE('',#3858,#3860,#390,.T.);
#4927=EDGE_CURVE('',#3860,#3859,#2334,.T.);
#4928=EDGE_CURVE('',#3861,#3859,#115,.T.);
#4929=EDGE_CURVE('',#3860,#3862,#2335,.T.);
#4930=EDGE_CURVE('',#3862,#3861,#2336,.T.);
#4931=EDGE_CURVE('',#3863,#3861,#116,.T.);
#4932=EDGE_CURVE('',#3862,#3864,#391,.T.);
#4933=EDGE_CURVE('',#3864,#3863,#2337,.T.);
#4934=EDGE_CURVE('',#3865,#3863,#20,.T.);
#4935=EDGE_CURVE('',#3864,#3866,#2338,.T.);
#4936=EDGE_CURVE('',#3866,#3865,#2339,.T.);
#4937=EDGE_CURVE('',#3867,#3865,#117,.T.);
#4938=EDGE_CURVE('',#3866,#3868,#392,.T.);
#4939=EDGE_CURVE('',#3868,#3867,#2340,.T.);
#4940=EDGE_CURVE('',#3834,#3867,#118,.T.);
#4941=EDGE_CURVE('',#3868,#3835,#2341,.T.);
#4942=EDGE_CURVE('',#3869,#3870,#21,.T.);
#4943=EDGE_CURVE('',#3870,#3871,#393,.T.);
#4944=EDGE_CURVE('',#3872,#3871,#22,.T.);
#4945=EDGE_CURVE('',#3872,#3873,#23,.T.);
#4946=EDGE_CURVE('',#3873,#3874,#119,.T.);
#4947=EDGE_CURVE('',#3874,#3875,#120,.T.);
#4948=EDGE_CURVE('',#3875,#3876,#121,.T.);
#4949=EDGE_CURVE('',#3876,#3877,#122,.T.);
#4950=EDGE_CURVE('',#3877,#3878,#123,.T.);
#4951=EDGE_CURVE('',#3878,#3879,#24,.T.);
#4952=EDGE_CURVE('',#3879,#3880,#124,.T.);
#4953=EDGE_CURVE('',#3880,#3881,#125,.T.);
#4954=EDGE_CURVE('',#3881,#3882,#126,.T.);
#4955=EDGE_CURVE('',#3882,#3883,#127,.T.);
#4956=EDGE_CURVE('',#3883,#3884,#128,.T.);
#4957=EDGE_CURVE('',#3884,#3869,#25,.T.);
#4958=EDGE_CURVE('',#3871,#3870,#394,.T.);
#4959=EDGE_CURVE('',#3885,#3886,#2342,.T.);
#4960=EDGE_CURVE('',#3887,#3885,#395,.T.);
#4961=EDGE_CURVE('',#3887,#3888,#2343,.T.);
#4962=EDGE_CURVE('',#3886,#3888,#129,.T.);
#4963=EDGE_CURVE('',#3889,#3890,#2344,.T.);
#4964=EDGE_CURVE('',#3885,#3889,#2345,.T.);
#4965=EDGE_CURVE('',#3890,#3886,#130,.T.);
#4966=EDGE_CURVE('',#3891,#3892,#2346,.T.);
#4967=EDGE_CURVE('',#3889,#3891,#396,.T.);
#4968=EDGE_CURVE('',#3892,#3890,#131,.T.);
#4969=EDGE_CURVE('',#3893,#3884,#2347,.T.);
#4970=EDGE_CURVE('',#3891,#3893,#2348,.T.);
#4971=EDGE_CURVE('',#3869,#3892,#26,.T.);
#4972=EDGE_CURVE('',#3894,#3883,#2349,.T.);
#4973=EDGE_CURVE('',#3893,#3894,#397,.T.);
#4974=EDGE_CURVE('',#3895,#3882,#2350,.T.);
#4975=EDGE_CURVE('',#3894,#3895,#2351,.T.);
#4976=EDGE_CURVE('',#3896,#3881,#2352,.T.);
#4977=EDGE_CURVE('',#3895,#3896,#398,.T.);
#4978=EDGE_CURVE('',#3897,#3880,#2353,.T.);
#4979=EDGE_CURVE('',#3896,#3897,#2354,.T.);
#4980=EDGE_CURVE('',#3898,#3879,#2355,.T.);
#4981=EDGE_CURVE('',#3897,#3898,#399,.T.);
#4982=EDGE_CURVE('',#3899,#3878,#2356,.T.);
#4983=EDGE_CURVE('',#3898,#3899,#2357,.T.);
#4984=EDGE_CURVE('',#3900,#3877,#2358,.T.);
#4985=EDGE_CURVE('',#3899,#3900,#400,.T.);
#4986=EDGE_CURVE('',#3901,#3876,#2359,.T.);
#4987=EDGE_CURVE('',#3900,#3901,#2360,.T.);
#4988=EDGE_CURVE('',#3902,#3875,#2361,.T.);
#4989=EDGE_CURVE('',#3901,#3902,#401,.T.);
#4990=EDGE_CURVE('',#3903,#3874,#2362,.T.);
#4991=EDGE_CURVE('',#3902,#3903,#2363,.T.);
#4992=EDGE_CURVE('',#3904,#3873,#2364,.T.);
#4993=EDGE_CURVE('',#3903,#3904,#402,.T.);
#4994=EDGE_CURVE('',#3905,#3872,#27,.T.);
#4995=EDGE_CURVE('',#3906,#3905,#2365,.T.);
#4996=EDGE_CURVE('',#3904,#3906,#2366,.T.);
#4997=EDGE_CURVE('',#3907,#3908,#2367,.T.);
#4998=EDGE_CURVE('',#3906,#3907,#403,.T.);
#4999=EDGE_CURVE('',#3908,#3905,#132,.T.);
#5000=EDGE_CURVE('',#3909,#3910,#2368,.T.);
#5001=EDGE_CURVE('',#3907,#3909,#2369,.T.);
#5002=EDGE_CURVE('',#3910,#3908,#133,.T.);
#5003=EDGE_CURVE('',#3911,#3912,#2370,.T.);
#5004=EDGE_CURVE('',#3909,#3911,#404,.T.);
#5005=EDGE_CURVE('',#3912,#3910,#134,.T.);
#5006=EDGE_CURVE('',#3913,#3914,#2371,.T.);
#5007=EDGE_CURVE('',#3911,#3913,#2372,.T.);
#5008=EDGE_CURVE('',#3914,#3912,#135,.T.);
#5009=EDGE_CURVE('',#3915,#3916,#2373,.T.);
#5010=EDGE_CURVE('',#3913,#3915,#405,.T.);
#5011=EDGE_CURVE('',#3916,#3914,#136,.T.);
#5012=EDGE_CURVE('',#3917,#3918,#2374,.T.);
#5013=EDGE_CURVE('',#3915,#3917,#2375,.T.);
#5014=EDGE_CURVE('',#3918,#3916,#28,.T.);
#5015=EDGE_CURVE('',#3919,#3920,#2376,.T.);
#5016=EDGE_CURVE('',#3917,#3919,#406,.T.);
#5017=EDGE_CURVE('',#3920,#3918,#137,.T.);
#5018=EDGE_CURVE('',#3919,#3887,#2377,.T.);
#5019=EDGE_CURVE('',#3888,#3920,#138,.T.);
#5020=EDGE_CURVE('',#3921,#3921,#407,.T.);
#5021=EDGE_CURVE('',#3921,#3922,#2378,.T.);
#5022=EDGE_CURVE('',#3922,#3922,#408,.T.);
#5023=EDGE_CURVE('',#3923,#3923,#409,.T.);
#5024=EDGE_CURVE('',#3924,#3924,#410,.T.);
#5025=EDGE_CURVE('',#3924,#3923,#2379,.T.);
#5026=EDGE_CURVE('',#3925,#3925,#411,.T.);
#5027=EDGE_CURVE('',#3925,#3926,#2380,.T.);
#5028=EDGE_CURVE('',#3926,#3926,#412,.T.);
#5029=EDGE_CURVE('',#3927,#3927,#413,.T.);
#5030=EDGE_CURVE('',#3928,#3928,#414,.T.);
#5031=EDGE_CURVE('',#3928,#3927,#2381,.T.);
#5032=EDGE_CURVE('',#3929,#3929,#415,.T.);
#5033=EDGE_CURVE('',#3929,#3930,#2382,.T.);
#5034=EDGE_CURVE('',#3930,#3930,#416,.T.);
#5035=EDGE_CURVE('',#3931,#3931,#417,.T.);
#5036=EDGE_CURVE('',#3932,#3932,#418,.T.);
#5037=EDGE_CURVE('',#3932,#3931,#2383,.T.);
#5038=EDGE_CURVE('',#3933,#3933,#419,.T.);
#5039=EDGE_CURVE('',#3933,#3934,#2384,.T.);
#5040=EDGE_CURVE('',#3934,#3934,#420,.T.);
#5041=EDGE_CURVE('',#3935,#3935,#421,.T.);
#5042=EDGE_CURVE('',#3936,#3936,#422,.T.);
#5043=EDGE_CURVE('',#3936,#3935,#2385,.T.);
#5044=EDGE_CURVE('',#3937,#3938,#423,.T.);
#5045=EDGE_CURVE('',#3939,#3940,#424,.T.);
#5046=EDGE_CURVE('',#3941,#3941,#425,.T.);
#5047=EDGE_CURVE('',#3941,#3942,#2386,.T.);
#5048=EDGE_CURVE('',#3942,#3942,#426,.T.);
#5049=EDGE_CURVE('',#3943,#3943,#427,.T.);
#5050=EDGE_CURVE('',#3944,#3944,#428,.T.);
#5051=EDGE_CURVE('',#3944,#3943,#2387,.T.);
#5052=EDGE_CURVE('',#3945,#3945,#429,.T.);
#5053=EDGE_CURVE('',#3945,#3946,#2388,.T.);
#5054=EDGE_CURVE('',#3946,#3946,#430,.T.);
#5055=EDGE_CURVE('',#3947,#3947,#431,.T.);
#5056=EDGE_CURVE('',#3948,#3948,#432,.T.);
#5057=EDGE_CURVE('',#3948,#3947,#2389,.T.);
#5058=EDGE_CURVE('',#3949,#3949,#433,.T.);
#5059=EDGE_CURVE('',#3949,#3950,#2390,.T.);
#5060=EDGE_CURVE('',#3950,#3950,#434,.T.);
#5061=EDGE_CURVE('',#3951,#3951,#435,.T.);
#5062=EDGE_CURVE('',#3952,#3953,#436,.T.);
#5063=EDGE_CURVE('',#3953,#3954,#2391,.T.);
#5064=EDGE_CURVE('',#3955,#3954,#437,.T.);
#5065=EDGE_CURVE('',#3952,#3955,#2392,.T.);
#5066=EDGE_CURVE('',#3953,#3956,#2393,.T.);
#5067=EDGE_CURVE('',#3956,#3957,#2394,.T.);
#5068=EDGE_CURVE('',#3954,#3957,#2395,.T.);
#5069=EDGE_CURVE('',#3956,#3958,#438,.T.);
#5070=EDGE_CURVE('',#3958,#3959,#2396,.T.);
#5071=EDGE_CURVE('',#3957,#3959,#439,.T.);
#5072=EDGE_CURVE('',#3958,#3960,#2397,.T.);
#5073=EDGE_CURVE('',#3960,#3961,#2398,.T.);
#5074=EDGE_CURVE('',#3959,#3961,#2399,.T.);
#5075=EDGE_CURVE('',#3960,#3962,#440,.T.);
#5076=EDGE_CURVE('',#3962,#3963,#2400,.T.);
#5077=EDGE_CURVE('',#3961,#3963,#441,.T.);
#5078=EDGE_CURVE('',#3962,#3964,#2401,.T.);
#5079=EDGE_CURVE('',#3964,#3965,#2402,.T.);
#5080=EDGE_CURVE('',#3963,#3965,#2403,.T.);
#5081=EDGE_CURVE('',#3964,#3966,#442,.T.);
#5082=EDGE_CURVE('',#3966,#3967,#2404,.T.);
#5083=EDGE_CURVE('',#3965,#3967,#443,.T.);
#5084=EDGE_CURVE('',#3966,#3968,#2405,.T.);
#5085=EDGE_CURVE('',#3968,#3969,#2406,.T.);
#5086=EDGE_CURVE('',#3967,#3969,#2407,.T.);
#5087=EDGE_CURVE('',#3968,#3970,#444,.T.);
#5088=EDGE_CURVE('',#3970,#3971,#2408,.T.);
#5089=EDGE_CURVE('',#3969,#3971,#445,.T.);
#5090=EDGE_CURVE('',#3970,#3972,#2409,.T.);
#5091=EDGE_CURVE('',#3972,#3973,#2410,.T.);
#5092=EDGE_CURVE('',#3971,#3973,#2411,.T.);
#5093=EDGE_CURVE('',#3972,#3974,#446,.T.);
#5094=EDGE_CURVE('',#3974,#3975,#2412,.T.);
#5095=EDGE_CURVE('',#3973,#3975,#447,.T.);
#5096=EDGE_CURVE('',#3974,#3976,#2413,.T.);
#5097=EDGE_CURVE('',#3976,#3977,#2414,.T.);
#5098=EDGE_CURVE('',#3975,#3977,#2415,.T.);
#5099=EDGE_CURVE('',#3976,#3978,#448,.T.);
#5100=EDGE_CURVE('',#3978,#3979,#2416,.T.);
#5101=EDGE_CURVE('',#3977,#3979,#449,.T.);
#5102=EDGE_CURVE('',#3978,#3980,#2417,.T.);
#5103=EDGE_CURVE('',#3980,#3981,#2418,.T.);
#5104=EDGE_CURVE('',#3979,#3981,#2419,.T.);
#5105=EDGE_CURVE('',#3980,#3982,#450,.T.);
#5106=EDGE_CURVE('',#3982,#3983,#2420,.T.);
#5107=EDGE_CURVE('',#3981,#3983,#451,.T.);
#5108=EDGE_CURVE('',#3982,#3984,#2421,.T.);
#5109=EDGE_CURVE('',#3984,#3985,#2422,.T.);
#5110=EDGE_CURVE('',#3983,#3985,#2423,.T.);
#5111=EDGE_CURVE('',#3984,#3986,#452,.T.);
#5112=EDGE_CURVE('',#3986,#3987,#2424,.T.);
#5113=EDGE_CURVE('',#3985,#3987,#453,.T.);
#5114=EDGE_CURVE('',#3986,#3988,#2425,.T.);
#5115=EDGE_CURVE('',#3988,#3989,#2426,.T.);
#5116=EDGE_CURVE('',#3987,#3989,#2427,.T.);
#5117=EDGE_CURVE('',#3988,#3990,#454,.T.);
#5118=EDGE_CURVE('',#3990,#3991,#2428,.T.);
#5119=EDGE_CURVE('',#3989,#3991,#455,.T.);
#5120=EDGE_CURVE('',#3990,#3952,#2429,.T.);
#5121=EDGE_CURVE('',#3991,#3955,#2430,.T.);
#5122=EDGE_CURVE('',#3992,#3993,#456,.T.);
#5123=EDGE_CURVE('',#3994,#3992,#2431,.T.);
#5124=EDGE_CURVE('',#3995,#3994,#457,.T.);
#5125=EDGE_CURVE('',#3996,#3995,#2432,.T.);
#5126=EDGE_CURVE('',#3997,#3996,#458,.T.);
#5127=EDGE_CURVE('',#3998,#3997,#2433,.T.);
#5128=EDGE_CURVE('',#3999,#3998,#459,.T.);
#5129=EDGE_CURVE('',#3993,#3999,#2434,.T.);
#5130=EDGE_CURVE('',#4000,#4000,#460,.T.);
#5131=EDGE_CURVE('',#4001,#4001,#461,.T.);
#5132=EDGE_CURVE('',#4002,#4002,#462,.T.);
#5133=EDGE_CURVE('',#4003,#4003,#463,.T.);
#5134=EDGE_CURVE('',#4004,#4005,#464,.T.);
#5135=EDGE_CURVE('',#4006,#4004,#2435,.T.);
#5136=EDGE_CURVE('',#4007,#4006,#465,.T.);
#5137=EDGE_CURVE('',#4008,#4007,#2436,.T.);
#5138=EDGE_CURVE('',#4009,#4008,#466,.T.);
#5139=EDGE_CURVE('',#4010,#4009,#2437,.T.);
#5140=EDGE_CURVE('',#4011,#4010,#467,.T.);
#5141=EDGE_CURVE('',#4005,#4011,#2438,.T.);
#5142=EDGE_CURVE('',#4012,#4012,#468,.T.);
#5143=EDGE_CURVE('',#3999,#4005,#2439,.T.);
#5144=EDGE_CURVE('',#3993,#4011,#2440,.T.);
#5145=EDGE_CURVE('',#3992,#4010,#2441,.T.);
#5146=EDGE_CURVE('',#3994,#4009,#2442,.T.);
#5147=EDGE_CURVE('',#3995,#4008,#2443,.T.);
#5148=EDGE_CURVE('',#3996,#4007,#2444,.T.);
#5149=EDGE_CURVE('',#3997,#4006,#2445,.T.);
#5150=EDGE_CURVE('',#3998,#4004,#2446,.T.);
#5151=EDGE_CURVE('',#4012,#3951,#2447,.T.);
#5152=EDGE_CURVE('',#4000,#4002,#2448,.T.);
#5153=EDGE_CURVE('',#4001,#4003,#2449,.T.);
#5154=ORIENTED_EDGE('',*,*,#4013,.F.);
#5155=ORIENTED_EDGE('',*,*,#4014,.T.);
#5156=ORIENTED_EDGE('',*,*,#4015,.F.);
#5157=ORIENTED_EDGE('',*,*,#4016,.F.);
#5158=ORIENTED_EDGE('',*,*,#4017,.F.);
#5159=ORIENTED_EDGE('',*,*,#4018,.T.);
#5160=ORIENTED_EDGE('',*,*,#4019,.T.);
#5161=ORIENTED_EDGE('',*,*,#4020,.F.);
#5162=ORIENTED_EDGE('',*,*,#4021,.F.);
#5163=ORIENTED_EDGE('',*,*,#4022,.T.);
#5164=ORIENTED_EDGE('',*,*,#4023,.T.);
#5165=ORIENTED_EDGE('',*,*,#4024,.F.);
#5166=ORIENTED_EDGE('',*,*,#4025,.T.);
#5167=ORIENTED_EDGE('',*,*,#4026,.T.);
#5168=ORIENTED_EDGE('',*,*,#4027,.T.);
#5169=ORIENTED_EDGE('',*,*,#4028,.F.);
#5170=ORIENTED_EDGE('',*,*,#4029,.T.);
#5171=ORIENTED_EDGE('',*,*,#4030,.T.);
#5172=ORIENTED_EDGE('',*,*,#4031,.T.);
#5173=ORIENTED_EDGE('',*,*,#4032,.T.);
#5174=ORIENTED_EDGE('',*,*,#4033,.F.);
#5175=ORIENTED_EDGE('',*,*,#4034,.F.);
#5176=ORIENTED_EDGE('',*,*,#4035,.F.);
#5177=ORIENTED_EDGE('',*,*,#4036,.F.);
#5178=ORIENTED_EDGE('',*,*,#4016,.T.);
#5179=ORIENTED_EDGE('',*,*,#4037,.F.);
#5180=ORIENTED_EDGE('',*,*,#4031,.F.);
#5181=ORIENTED_EDGE('',*,*,#4038,.T.);
#5182=ORIENTED_EDGE('',*,*,#4017,.T.);
#5183=ORIENTED_EDGE('',*,*,#4039,.F.);
#5184=ORIENTED_EDGE('',*,*,#4032,.F.);
#5185=ORIENTED_EDGE('',*,*,#4040,.F.);
#5186=ORIENTED_EDGE('',*,*,#4021,.T.);
#5187=ORIENTED_EDGE('',*,*,#4041,.F.);
#5188=ORIENTED_EDGE('',*,*,#4029,.F.);
#5189=ORIENTED_EDGE('',*,*,#4042,.F.);
#5190=ORIENTED_EDGE('',*,*,#4028,.T.);
#5191=ORIENTED_EDGE('',*,*,#4043,.T.);
#5192=ORIENTED_EDGE('',*,*,#4030,.F.);
#5193=ORIENTED_EDGE('',*,*,#4044,.F.);
#5194=ORIENTED_EDGE('',*,*,#4035,.T.);
#5195=ORIENTED_EDGE('',*,*,#4045,.F.);
#5196=ORIENTED_EDGE('',*,*,#4014,.F.);
#5197=ORIENTED_EDGE('',*,*,#4046,.T.);
#5198=ORIENTED_EDGE('',*,*,#4034,.T.);
#5199=ORIENTED_EDGE('',*,*,#4047,.F.);
#5200=ORIENTED_EDGE('',*,*,#4019,.F.);
#5201=ORIENTED_EDGE('',*,*,#4048,.F.);
#5202=ORIENTED_EDGE('',*,*,#4033,.T.);
#5203=ORIENTED_EDGE('',*,*,#4049,.F.);
#5204=ORIENTED_EDGE('',*,*,#4023,.F.);
#5205=ORIENTED_EDGE('',*,*,#4050,.T.);
#5206=ORIENTED_EDGE('',*,*,#4036,.T.);
#5207=ORIENTED_EDGE('',*,*,#4051,.T.);
#5208=ORIENTED_EDGE('',*,*,#4026,.F.);
#5209=ORIENTED_EDGE('',*,*,#4052,.F.);
#5210=ORIENTED_EDGE('',*,*,#4015,.T.);
#5211=ORIENTED_EDGE('',*,*,#4053,.F.);
#5212=ORIENTED_EDGE('',*,*,#4018,.F.);
#5213=ORIENTED_EDGE('',*,*,#4054,.T.);
#5214=ORIENTED_EDGE('',*,*,#4013,.T.);
#5215=ORIENTED_EDGE('',*,*,#4055,.T.);
#5216=ORIENTED_EDGE('',*,*,#4027,.F.);
#5217=ORIENTED_EDGE('',*,*,#4056,.T.);
#5218=ORIENTED_EDGE('',*,*,#4020,.T.);
#5219=ORIENTED_EDGE('',*,*,#4057,.T.);
#5220=ORIENTED_EDGE('',*,*,#4022,.F.);
#5221=ORIENTED_EDGE('',*,*,#4058,.T.);
#5222=ORIENTED_EDGE('',*,*,#4024,.T.);
#5223=ORIENTED_EDGE('',*,*,#4059,.F.);
#5224=ORIENTED_EDGE('',*,*,#4025,.F.);
#5225=ORIENTED_EDGE('',*,*,#4060,.F.);
#5226=ORIENTED_EDGE('',*,*,#4054,.F.);
#5227=ORIENTED_EDGE('',*,*,#4040,.T.);
#5228=ORIENTED_EDGE('',*,*,#4037,.T.);
#5229=ORIENTED_EDGE('',*,*,#4038,.F.);
#5230=ORIENTED_EDGE('',*,*,#4043,.F.);
#5231=ORIENTED_EDGE('',*,*,#4055,.F.);
#5232=ORIENTED_EDGE('',*,*,#4058,.F.);
#5233=ORIENTED_EDGE('',*,*,#4042,.T.);
#5234=ORIENTED_EDGE('',*,*,#4039,.T.);
#5235=ORIENTED_EDGE('',*,*,#4060,.T.);
#5236=ORIENTED_EDGE('',*,*,#4044,.T.);
#5237=ORIENTED_EDGE('',*,*,#4041,.T.);
#5238=ORIENTED_EDGE('',*,*,#4046,.F.);
#5239=ORIENTED_EDGE('',*,*,#4056,.F.);
#5240=ORIENTED_EDGE('',*,*,#4051,.F.);
#5241=ORIENTED_EDGE('',*,*,#4048,.T.);
#5242=ORIENTED_EDGE('',*,*,#4053,.T.);
#5243=ORIENTED_EDGE('',*,*,#4045,.T.);
#5244=ORIENTED_EDGE('',*,*,#4050,.F.);
#5245=ORIENTED_EDGE('',*,*,#4057,.F.);
#5246=ORIENTED_EDGE('',*,*,#4047,.T.);
#5247=ORIENTED_EDGE('',*,*,#4052,.T.);
#5248=ORIENTED_EDGE('',*,*,#4059,.T.);
#5249=ORIENTED_EDGE('',*,*,#4049,.T.);
#5250=ORIENTED_EDGE('',*,*,#4061,.F.);
#5251=ORIENTED_EDGE('',*,*,#4062,.T.);
#5252=ORIENTED_EDGE('',*,*,#4063,.F.);
#5253=ORIENTED_EDGE('',*,*,#4064,.F.);
#5254=ORIENTED_EDGE('',*,*,#4065,.F.);
#5255=ORIENTED_EDGE('',*,*,#4066,.T.);
#5256=ORIENTED_EDGE('',*,*,#4067,.T.);
#5257=ORIENTED_EDGE('',*,*,#4068,.F.);
#5258=ORIENTED_EDGE('',*,*,#4069,.F.);
#5259=ORIENTED_EDGE('',*,*,#4070,.T.);
#5260=ORIENTED_EDGE('',*,*,#4071,.T.);
#5261=ORIENTED_EDGE('',*,*,#4072,.F.);
#5262=ORIENTED_EDGE('',*,*,#4073,.T.);
#5263=ORIENTED_EDGE('',*,*,#4074,.T.);
#5264=ORIENTED_EDGE('',*,*,#4075,.T.);
#5265=ORIENTED_EDGE('',*,*,#4076,.F.);
#5266=ORIENTED_EDGE('',*,*,#4077,.T.);
#5267=ORIENTED_EDGE('',*,*,#4078,.T.);
#5268=ORIENTED_EDGE('',*,*,#4079,.T.);
#5269=ORIENTED_EDGE('',*,*,#4080,.T.);
#5270=ORIENTED_EDGE('',*,*,#4081,.F.);
#5271=ORIENTED_EDGE('',*,*,#4082,.F.);
#5272=ORIENTED_EDGE('',*,*,#4083,.F.);
#5273=ORIENTED_EDGE('',*,*,#4084,.F.);
#5274=ORIENTED_EDGE('',*,*,#4064,.T.);
#5275=ORIENTED_EDGE('',*,*,#4085,.F.);
#5276=ORIENTED_EDGE('',*,*,#4079,.F.);
#5277=ORIENTED_EDGE('',*,*,#4086,.T.);
#5278=ORIENTED_EDGE('',*,*,#4065,.T.);
#5279=ORIENTED_EDGE('',*,*,#4087,.F.);
#5280=ORIENTED_EDGE('',*,*,#4080,.F.);
#5281=ORIENTED_EDGE('',*,*,#4088,.T.);
#5282=ORIENTED_EDGE('',*,*,#4069,.T.);
#5283=ORIENTED_EDGE('',*,*,#4089,.F.);
#5284=ORIENTED_EDGE('',*,*,#4077,.F.);
#5285=ORIENTED_EDGE('',*,*,#4090,.F.);
#5286=ORIENTED_EDGE('',*,*,#4076,.T.);
#5287=ORIENTED_EDGE('',*,*,#4091,.T.);
#5288=ORIENTED_EDGE('',*,*,#4078,.F.);
#5289=ORIENTED_EDGE('',*,*,#4092,.F.);
#5290=ORIENTED_EDGE('',*,*,#4083,.T.);
#5291=ORIENTED_EDGE('',*,*,#4093,.T.);
#5292=ORIENTED_EDGE('',*,*,#4062,.F.);
#5293=ORIENTED_EDGE('',*,*,#4094,.T.);
#5294=ORIENTED_EDGE('',*,*,#4082,.T.);
#5295=ORIENTED_EDGE('',*,*,#4095,.F.);
#5296=ORIENTED_EDGE('',*,*,#4067,.F.);
#5297=ORIENTED_EDGE('',*,*,#4096,.F.);
#5298=ORIENTED_EDGE('',*,*,#4081,.T.);
#5299=ORIENTED_EDGE('',*,*,#4097,.F.);
#5300=ORIENTED_EDGE('',*,*,#4071,.F.);
#5301=ORIENTED_EDGE('',*,*,#4098,.F.);
#5302=ORIENTED_EDGE('',*,*,#4084,.T.);
#5303=ORIENTED_EDGE('',*,*,#4099,.T.);
#5304=ORIENTED_EDGE('',*,*,#4074,.F.);
#5305=ORIENTED_EDGE('',*,*,#4100,.F.);
#5306=ORIENTED_EDGE('',*,*,#4063,.T.);
#5307=ORIENTED_EDGE('',*,*,#4101,.T.);
#5308=ORIENTED_EDGE('',*,*,#4066,.F.);
#5309=ORIENTED_EDGE('',*,*,#4102,.F.);
#5310=ORIENTED_EDGE('',*,*,#4061,.T.);
#5311=ORIENTED_EDGE('',*,*,#4103,.T.);
#5312=ORIENTED_EDGE('',*,*,#4075,.F.);
#5313=ORIENTED_EDGE('',*,*,#4104,.T.);
#5314=ORIENTED_EDGE('',*,*,#4068,.T.);
#5315=ORIENTED_EDGE('',*,*,#4105,.F.);
#5316=ORIENTED_EDGE('',*,*,#4070,.F.);
#5317=ORIENTED_EDGE('',*,*,#4106,.T.);
#5318=ORIENTED_EDGE('',*,*,#4072,.T.);
#5319=ORIENTED_EDGE('',*,*,#4107,.T.);
#5320=ORIENTED_EDGE('',*,*,#4073,.F.);
#5321=ORIENTED_EDGE('',*,*,#4108,.T.);
#5322=ORIENTED_EDGE('',*,*,#4102,.T.);
#5323=ORIENTED_EDGE('',*,*,#4088,.F.);
#5324=ORIENTED_EDGE('',*,*,#4085,.T.);
#5325=ORIENTED_EDGE('',*,*,#4086,.F.);
#5326=ORIENTED_EDGE('',*,*,#4091,.F.);
#5327=ORIENTED_EDGE('',*,*,#4103,.F.);
#5328=ORIENTED_EDGE('',*,*,#4106,.F.);
#5329=ORIENTED_EDGE('',*,*,#4090,.T.);
#5330=ORIENTED_EDGE('',*,*,#4087,.T.);
#5331=ORIENTED_EDGE('',*,*,#4108,.F.);
#5332=ORIENTED_EDGE('',*,*,#4092,.T.);
#5333=ORIENTED_EDGE('',*,*,#4089,.T.);
#5334=ORIENTED_EDGE('',*,*,#4094,.F.);
#5335=ORIENTED_EDGE('',*,*,#4104,.F.);
#5336=ORIENTED_EDGE('',*,*,#4099,.F.);
#5337=ORIENTED_EDGE('',*,*,#4096,.T.);
#5338=ORIENTED_EDGE('',*,*,#4101,.F.);
#5339=ORIENTED_EDGE('',*,*,#4093,.F.);
#5340=ORIENTED_EDGE('',*,*,#4098,.T.);
#5341=ORIENTED_EDGE('',*,*,#4105,.T.);
#5342=ORIENTED_EDGE('',*,*,#4095,.T.);
#5343=ORIENTED_EDGE('',*,*,#4100,.T.);
#5344=ORIENTED_EDGE('',*,*,#4107,.F.);
#5345=ORIENTED_EDGE('',*,*,#4097,.T.);
#5346=ORIENTED_EDGE('',*,*,#4109,.T.);
#5347=ORIENTED_EDGE('',*,*,#4110,.T.);
#5348=ORIENTED_EDGE('',*,*,#4111,.F.);
#5349=ORIENTED_EDGE('',*,*,#4112,.T.);
#5350=ORIENTED_EDGE('',*,*,#4113,.T.);
#5351=ORIENTED_EDGE('',*,*,#4114,.T.);
#5352=ORIENTED_EDGE('',*,*,#4115,.F.);
#5353=ORIENTED_EDGE('',*,*,#4110,.F.);
#5354=ORIENTED_EDGE('',*,*,#4116,.T.);
#5355=ORIENTED_EDGE('',*,*,#4117,.F.);
#5356=ORIENTED_EDGE('',*,*,#4114,.F.);
#5357=ORIENTED_EDGE('',*,*,#4118,.T.);
#5358=ORIENTED_EDGE('',*,*,#4118,.F.);
#5359=ORIENTED_EDGE('',*,*,#4113,.F.);
#5360=ORIENTED_EDGE('',*,*,#4109,.F.);
#5361=ORIENTED_EDGE('',*,*,#4119,.F.);
#5362=ORIENTED_EDGE('',*,*,#4120,.F.);
#5363=ORIENTED_EDGE('',*,*,#4121,.F.);
#5364=ORIENTED_EDGE('',*,*,#4122,.T.);
#5365=ORIENTED_EDGE('',*,*,#4123,.T.);
#5366=ORIENTED_EDGE('',*,*,#4124,.T.);
#5367=ORIENTED_EDGE('',*,*,#4111,.T.);
#5368=ORIENTED_EDGE('',*,*,#4115,.T.);
#5369=ORIENTED_EDGE('',*,*,#4117,.T.);
#5370=ORIENTED_EDGE('',*,*,#4125,.F.);
#5371=ORIENTED_EDGE('',*,*,#4126,.F.);
#5372=ORIENTED_EDGE('',*,*,#4127,.F.);
#5373=ORIENTED_EDGE('',*,*,#4128,.T.);
#5374=ORIENTED_EDGE('',*,*,#4129,.F.);
#5375=ORIENTED_EDGE('',*,*,#4130,.F.);
#5376=ORIENTED_EDGE('',*,*,#4131,.F.);
#5377=ORIENTED_EDGE('',*,*,#4132,.F.);
#5378=ORIENTED_EDGE('',*,*,#4133,.F.);
#5379=ORIENTED_EDGE('',*,*,#4134,.F.);
#5380=ORIENTED_EDGE('',*,*,#4135,.F.);
#5381=ORIENTED_EDGE('',*,*,#4136,.F.);
#5382=ORIENTED_EDGE('',*,*,#4137,.F.);
#5383=ORIENTED_EDGE('',*,*,#4138,.F.);
#5384=ORIENTED_EDGE('',*,*,#4139,.F.);
#5385=ORIENTED_EDGE('',*,*,#4140,.F.);
#5386=ORIENTED_EDGE('',*,*,#4141,.F.);
#5387=ORIENTED_EDGE('',*,*,#4142,.F.);
#5388=ORIENTED_EDGE('',*,*,#4143,.F.);
#5389=ORIENTED_EDGE('',*,*,#4144,.F.);
#5390=ORIENTED_EDGE('',*,*,#4145,.F.);
#5391=ORIENTED_EDGE('',*,*,#4146,.F.);
#5392=ORIENTED_EDGE('',*,*,#4147,.F.);
#5393=ORIENTED_EDGE('',*,*,#4148,.F.);
#5394=ORIENTED_EDGE('',*,*,#4149,.T.);
#5395=ORIENTED_EDGE('',*,*,#4147,.T.);
#5396=ORIENTED_EDGE('',*,*,#4150,.F.);
#5397=ORIENTED_EDGE('',*,*,#4126,.T.);
#5398=ORIENTED_EDGE('',*,*,#4112,.F.);
#5399=ORIENTED_EDGE('',*,*,#4124,.F.);
#5400=ORIENTED_EDGE('',*,*,#4151,.T.);
#5401=ORIENTED_EDGE('',*,*,#4152,.T.);
#5402=ORIENTED_EDGE('',*,*,#4153,.T.);
#5403=ORIENTED_EDGE('',*,*,#4119,.T.);
#5404=ORIENTED_EDGE('',*,*,#4146,.T.);
#5405=ORIENTED_EDGE('',*,*,#4152,.F.);
#5406=ORIENTED_EDGE('',*,*,#4127,.T.);
#5407=ORIENTED_EDGE('',*,*,#4150,.T.);
#5408=ORIENTED_EDGE('',*,*,#4154,.T.);
#5409=ORIENTED_EDGE('',*,*,#4128,.F.);
#5410=ORIENTED_EDGE('',*,*,#4151,.F.);
#5411=ORIENTED_EDGE('',*,*,#4123,.F.);
#5412=ORIENTED_EDGE('',*,*,#4155,.T.);
#5413=ORIENTED_EDGE('',*,*,#4120,.T.);
#5414=ORIENTED_EDGE('',*,*,#4153,.F.);
#5415=ORIENTED_EDGE('',*,*,#4145,.T.);
#5416=ORIENTED_EDGE('',*,*,#4144,.T.);
#5417=ORIENTED_EDGE('',*,*,#4156,.F.);
#5418=ORIENTED_EDGE('',*,*,#4129,.T.);
#5419=ORIENTED_EDGE('',*,*,#4157,.T.);
#5420=ORIENTED_EDGE('',*,*,#4154,.F.);
#5421=ORIENTED_EDGE('',*,*,#4122,.F.);
#5422=ORIENTED_EDGE('',*,*,#4116,.F.);
#5423=ORIENTED_EDGE('',*,*,#4121,.T.);
#5424=ORIENTED_EDGE('',*,*,#4155,.F.);
#5425=ORIENTED_EDGE('',*,*,#4157,.F.);
#5426=ORIENTED_EDGE('',*,*,#4142,.T.);
#5427=ORIENTED_EDGE('',*,*,#4158,.T.);
#5428=ORIENTED_EDGE('',*,*,#4131,.T.);
#5429=ORIENTED_EDGE('',*,*,#4159,.F.);
#5430=ORIENTED_EDGE('',*,*,#4159,.T.);
#5431=ORIENTED_EDGE('',*,*,#4130,.T.);
#5432=ORIENTED_EDGE('',*,*,#4156,.T.);
#5433=ORIENTED_EDGE('',*,*,#4143,.T.);
#5434=ORIENTED_EDGE('',*,*,#4148,.T.);
#5435=ORIENTED_EDGE('',*,*,#4149,.F.);
#5436=ORIENTED_EDGE('',*,*,#4125,.T.);
#5437=ORIENTED_EDGE('',*,*,#4160,.F.);
#5438=ORIENTED_EDGE('',*,*,#4136,.T.);
#5439=ORIENTED_EDGE('',*,*,#4161,.F.);
#5440=ORIENTED_EDGE('',*,*,#4137,.T.);
#5441=ORIENTED_EDGE('',*,*,#4160,.T.);
#5442=ORIENTED_EDGE('',*,*,#4138,.T.);
#5443=ORIENTED_EDGE('',*,*,#4161,.T.);
#5444=ORIENTED_EDGE('',*,*,#4135,.T.);
#5445=ORIENTED_EDGE('',*,*,#4162,.F.);
#5446=ORIENTED_EDGE('',*,*,#4134,.T.);
#5447=ORIENTED_EDGE('',*,*,#4163,.F.);
#5448=ORIENTED_EDGE('',*,*,#4139,.T.);
#5449=ORIENTED_EDGE('',*,*,#4162,.T.);
#5450=ORIENTED_EDGE('',*,*,#4133,.T.);
#5451=ORIENTED_EDGE('',*,*,#4164,.F.);
#5452=ORIENTED_EDGE('',*,*,#4140,.T.);
#5453=ORIENTED_EDGE('',*,*,#4163,.T.);
#5454=ORIENTED_EDGE('',*,*,#4132,.T.);
#5455=ORIENTED_EDGE('',*,*,#4158,.F.);
#5456=ORIENTED_EDGE('',*,*,#4141,.T.);
#5457=ORIENTED_EDGE('',*,*,#4164,.T.);
#5458=ORIENTED_EDGE('',*,*,#4165,.T.);
#5459=ORIENTED_EDGE('',*,*,#4166,.T.);
#5460=ORIENTED_EDGE('',*,*,#4167,.T.);
#5461=ORIENTED_EDGE('',*,*,#4168,.T.);
#5462=ORIENTED_EDGE('',*,*,#4169,.T.);
#5463=ORIENTED_EDGE('',*,*,#4170,.T.);
#5464=ORIENTED_EDGE('',*,*,#4171,.T.);
#5465=ORIENTED_EDGE('',*,*,#4172,.T.);
#5466=ORIENTED_EDGE('',*,*,#4173,.T.);
#5467=ORIENTED_EDGE('',*,*,#4174,.T.);
#5468=ORIENTED_EDGE('',*,*,#4175,.T.);
#5469=ORIENTED_EDGE('',*,*,#4176,.F.);
#5470=ORIENTED_EDGE('',*,*,#4177,.T.);
#5471=ORIENTED_EDGE('',*,*,#4178,.T.);
#5472=ORIENTED_EDGE('',*,*,#4179,.T.);
#5473=ORIENTED_EDGE('',*,*,#4180,.T.);
#5474=ORIENTED_EDGE('',*,*,#4181,.T.);
#5475=ORIENTED_EDGE('',*,*,#4182,.T.);
#5476=ORIENTED_EDGE('',*,*,#4183,.T.);
#5477=ORIENTED_EDGE('',*,*,#4184,.T.);
#5478=ORIENTED_EDGE('',*,*,#4185,.T.);
#5479=ORIENTED_EDGE('',*,*,#4186,.T.);
#5480=ORIENTED_EDGE('',*,*,#4187,.T.);
#5481=ORIENTED_EDGE('',*,*,#4188,.T.);
#5482=ORIENTED_EDGE('',*,*,#4189,.T.);
#5483=ORIENTED_EDGE('',*,*,#4173,.F.);
#5484=ORIENTED_EDGE('',*,*,#4190,.F.);
#5485=ORIENTED_EDGE('',*,*,#4179,.F.);
#5486=ORIENTED_EDGE('',*,*,#4191,.T.);
#5487=ORIENTED_EDGE('',*,*,#4167,.F.);
#5488=ORIENTED_EDGE('',*,*,#4192,.T.);
#5489=ORIENTED_EDGE('',*,*,#4185,.F.);
#5490=ORIENTED_EDGE('',*,*,#4191,.F.);
#5491=ORIENTED_EDGE('',*,*,#4184,.F.);
#5492=ORIENTED_EDGE('',*,*,#4193,.T.);
#5493=ORIENTED_EDGE('',*,*,#4168,.F.);
#5494=ORIENTED_EDGE('',*,*,#4194,.T.);
#5495=ORIENTED_EDGE('',*,*,#4169,.F.);
#5496=ORIENTED_EDGE('',*,*,#4193,.F.);
#5497=ORIENTED_EDGE('',*,*,#4183,.F.);
#5498=ORIENTED_EDGE('',*,*,#4194,.F.);
#5499=ORIENTED_EDGE('',*,*,#4182,.F.);
#5500=ORIENTED_EDGE('',*,*,#4195,.T.);
#5501=ORIENTED_EDGE('',*,*,#4170,.F.);
#5502=ORIENTED_EDGE('',*,*,#4195,.F.);
#5503=ORIENTED_EDGE('',*,*,#4181,.F.);
#5504=ORIENTED_EDGE('',*,*,#4196,.T.);
#5505=ORIENTED_EDGE('',*,*,#4171,.F.);
#5506=ORIENTED_EDGE('',*,*,#4196,.F.);
#5507=ORIENTED_EDGE('',*,*,#4180,.F.);
#5508=ORIENTED_EDGE('',*,*,#4190,.T.);
#5509=ORIENTED_EDGE('',*,*,#4172,.F.);
#5510=ORIENTED_EDGE('',*,*,#4197,.T.);
#5511=ORIENTED_EDGE('',*,*,#4198,.F.);
#5512=ORIENTED_EDGE('',*,*,#4199,.F.);
#5513=ORIENTED_EDGE('',*,*,#4175,.F.);
#5514=ORIENTED_EDGE('',*,*,#4200,.T.);
#5515=ORIENTED_EDGE('',*,*,#4201,.T.);
#5516=ORIENTED_EDGE('',*,*,#4202,.F.);
#5517=ORIENTED_EDGE('',*,*,#4203,.T.);
#5518=ORIENTED_EDGE('',*,*,#4204,.T.);
#5519=ORIENTED_EDGE('',*,*,#4177,.F.);
#5520=ORIENTED_EDGE('',*,*,#4205,.T.);
#5521=ORIENTED_EDGE('',*,*,#4200,.F.);
#5522=ORIENTED_EDGE('',*,*,#4174,.F.);
#5523=ORIENTED_EDGE('',*,*,#4189,.F.);
#5524=ORIENTED_EDGE('',*,*,#4178,.F.);
#5525=ORIENTED_EDGE('',*,*,#4204,.F.);
#5526=ORIENTED_EDGE('',*,*,#4206,.T.);
#5527=ORIENTED_EDGE('',*,*,#4207,.T.);
#5528=ORIENTED_EDGE('',*,*,#4208,.F.);
#5529=ORIENTED_EDGE('',*,*,#4209,.T.);
#5530=ORIENTED_EDGE('',*,*,#4210,.T.);
#5531=ORIENTED_EDGE('',*,*,#4187,.F.);
#5532=ORIENTED_EDGE('',*,*,#4211,.T.);
#5533=ORIENTED_EDGE('',*,*,#4212,.T.);
#5534=ORIENTED_EDGE('',*,*,#4213,.F.);
#5535=ORIENTED_EDGE('',*,*,#4165,.F.);
#5536=ORIENTED_EDGE('',*,*,#4214,.T.);
#5537=ORIENTED_EDGE('',*,*,#4215,.F.);
#5538=ORIENTED_EDGE('',*,*,#4199,.T.);
#5539=ORIENTED_EDGE('',*,*,#4216,.T.);
#5540=ORIENTED_EDGE('',*,*,#4214,.F.);
#5541=ORIENTED_EDGE('',*,*,#4176,.T.);
#5542=ORIENTED_EDGE('',*,*,#4217,.F.);
#5543=ORIENTED_EDGE('',*,*,#4202,.T.);
#5544=ORIENTED_EDGE('',*,*,#4188,.F.);
#5545=ORIENTED_EDGE('',*,*,#4210,.F.);
#5546=ORIENTED_EDGE('',*,*,#4218,.T.);
#5547=ORIENTED_EDGE('',*,*,#4219,.T.);
#5548=ORIENTED_EDGE('',*,*,#4220,.T.);
#5549=ORIENTED_EDGE('',*,*,#4221,.F.);
#5550=ORIENTED_EDGE('',*,*,#4222,.T.);
#5551=ORIENTED_EDGE('',*,*,#4223,.T.);
#5552=ORIENTED_EDGE('',*,*,#4224,.F.);
#5553=ORIENTED_EDGE('',*,*,#4225,.F.);
#5554=ORIENTED_EDGE('',*,*,#4226,.F.);
#5555=ORIENTED_EDGE('',*,*,#4227,.T.);
#5556=ORIENTED_EDGE('',*,*,#4228,.T.);
#5557=ORIENTED_EDGE('',*,*,#4229,.F.);
#5558=ORIENTED_EDGE('',*,*,#4230,.F.);
#5559=ORIENTED_EDGE('',*,*,#4231,.T.);
#5560=ORIENTED_EDGE('',*,*,#4232,.F.);
#5561=ORIENTED_EDGE('',*,*,#4233,.F.);
#5562=ORIENTED_EDGE('',*,*,#4234,.F.);
#5563=ORIENTED_EDGE('',*,*,#4235,.F.);
#5564=ORIENTED_EDGE('',*,*,#4236,.F.);
#5565=ORIENTED_EDGE('',*,*,#4237,.F.);
#5566=ORIENTED_EDGE('',*,*,#4238,.F.);
#5567=ORIENTED_EDGE('',*,*,#4239,.F.);
#5568=ORIENTED_EDGE('',*,*,#4240,.F.);
#5569=ORIENTED_EDGE('',*,*,#4237,.T.);
#5570=ORIENTED_EDGE('',*,*,#4241,.T.);
#5571=ORIENTED_EDGE('',*,*,#4219,.F.);
#5572=ORIENTED_EDGE('',*,*,#4242,.T.);
#5573=ORIENTED_EDGE('',*,*,#4236,.T.);
#5574=ORIENTED_EDGE('',*,*,#4243,.T.);
#5575=ORIENTED_EDGE('',*,*,#4222,.F.);
#5576=ORIENTED_EDGE('',*,*,#4244,.T.);
#5577=ORIENTED_EDGE('',*,*,#4239,.T.);
#5578=ORIENTED_EDGE('',*,*,#4245,.T.);
#5579=ORIENTED_EDGE('',*,*,#4227,.F.);
#5580=ORIENTED_EDGE('',*,*,#4246,.T.);
#5581=ORIENTED_EDGE('',*,*,#4238,.T.);
#5582=ORIENTED_EDGE('',*,*,#4247,.F.);
#5583=ORIENTED_EDGE('',*,*,#4231,.F.);
#5584=ORIENTED_EDGE('',*,*,#4248,.F.);
#5585=ORIENTED_EDGE('',*,*,#4224,.T.);
#5586=ORIENTED_EDGE('',*,*,#4249,.F.);
#5587=ORIENTED_EDGE('',*,*,#4250,.F.);
#5588=ORIENTED_EDGE('',*,*,#4251,.F.);
#5589=ORIENTED_EDGE('',*,*,#4229,.T.);
#5590=ORIENTED_EDGE('',*,*,#4252,.F.);
#5591=ORIENTED_EDGE('',*,*,#4253,.F.);
#5592=ORIENTED_EDGE('',*,*,#4254,.F.);
#5593=ORIENTED_EDGE('',*,*,#4234,.T.);
#5594=ORIENTED_EDGE('',*,*,#4255,.T.);
#5595=ORIENTED_EDGE('',*,*,#4256,.F.);
#5596=ORIENTED_EDGE('',*,*,#4220,.F.);
#5597=ORIENTED_EDGE('',*,*,#4257,.F.);
#5598=ORIENTED_EDGE('',*,*,#4226,.T.);
#5599=ORIENTED_EDGE('',*,*,#4258,.F.);
#5600=ORIENTED_EDGE('',*,*,#4232,.T.);
#5601=ORIENTED_EDGE('',*,*,#4259,.F.);
#5602=ORIENTED_EDGE('',*,*,#4218,.F.);
#5603=ORIENTED_EDGE('',*,*,#4260,.F.);
#5604=ORIENTED_EDGE('',*,*,#4261,.F.);
#5605=ORIENTED_EDGE('',*,*,#4230,.T.);
#5606=ORIENTED_EDGE('',*,*,#4262,.F.);
#5607=ORIENTED_EDGE('',*,*,#4223,.F.);
#5608=ORIENTED_EDGE('',*,*,#4263,.T.);
#5609=ORIENTED_EDGE('',*,*,#4235,.T.);
#5610=ORIENTED_EDGE('',*,*,#4264,.F.);
#5611=ORIENTED_EDGE('',*,*,#4228,.F.);
#5612=ORIENTED_EDGE('',*,*,#4241,.F.);
#5613=ORIENTED_EDGE('',*,*,#4242,.F.);
#5614=ORIENTED_EDGE('',*,*,#4257,.T.);
#5615=ORIENTED_EDGE('',*,*,#4259,.T.);
#5616=ORIENTED_EDGE('',*,*,#4247,.T.);
#5617=ORIENTED_EDGE('',*,*,#4240,.T.);
#5618=ORIENTED_EDGE('',*,*,#4243,.F.);
#5619=ORIENTED_EDGE('',*,*,#4244,.F.);
#5620=ORIENTED_EDGE('',*,*,#4261,.T.);
#5621=ORIENTED_EDGE('',*,*,#4245,.F.);
#5622=ORIENTED_EDGE('',*,*,#4246,.F.);
#5623=ORIENTED_EDGE('',*,*,#4263,.F.);
#5624=ORIENTED_EDGE('',*,*,#4262,.T.);
#5625=ORIENTED_EDGE('',*,*,#4251,.T.);
#5626=ORIENTED_EDGE('',*,*,#4265,.F.);
#5627=ORIENTED_EDGE('',*,*,#4249,.T.);
#5628=ORIENTED_EDGE('',*,*,#4264,.T.);
#5629=ORIENTED_EDGE('',*,*,#4254,.T.);
#5630=ORIENTED_EDGE('',*,*,#4266,.F.);
#5631=ORIENTED_EDGE('',*,*,#4252,.T.);
#5632=ORIENTED_EDGE('',*,*,#4267,.T.);
#5633=ORIENTED_EDGE('',*,*,#4268,.T.);
#5634=ORIENTED_EDGE('',*,*,#4269,.T.);
#5635=ORIENTED_EDGE('',*,*,#4270,.T.);
#5636=ORIENTED_EDGE('',*,*,#4271,.F.);
#5637=ORIENTED_EDGE('',*,*,#4272,.T.);
#5638=ORIENTED_EDGE('',*,*,#4273,.T.);
#5639=ORIENTED_EDGE('',*,*,#4274,.F.);
#5640=ORIENTED_EDGE('',*,*,#4275,.F.);
#5641=ORIENTED_EDGE('',*,*,#4276,.T.);
#5642=ORIENTED_EDGE('',*,*,#4277,.T.);
#5643=ORIENTED_EDGE('',*,*,#4278,.T.);
#5644=ORIENTED_EDGE('',*,*,#4279,.F.);
#5645=ORIENTED_EDGE('',*,*,#4280,.F.);
#5646=ORIENTED_EDGE('',*,*,#4281,.F.);
#5647=ORIENTED_EDGE('',*,*,#4282,.T.);
#5648=ORIENTED_EDGE('',*,*,#4283,.F.);
#5649=ORIENTED_EDGE('',*,*,#4284,.F.);
#5650=ORIENTED_EDGE('',*,*,#4285,.F.);
#5651=ORIENTED_EDGE('',*,*,#4286,.F.);
#5652=ORIENTED_EDGE('',*,*,#4287,.F.);
#5653=ORIENTED_EDGE('',*,*,#4288,.F.);
#5654=ORIENTED_EDGE('',*,*,#4289,.F.);
#5655=ORIENTED_EDGE('',*,*,#4286,.T.);
#5656=ORIENTED_EDGE('',*,*,#4290,.T.);
#5657=ORIENTED_EDGE('',*,*,#4269,.F.);
#5658=ORIENTED_EDGE('',*,*,#4291,.F.);
#5659=ORIENTED_EDGE('',*,*,#4285,.T.);
#5660=ORIENTED_EDGE('',*,*,#4292,.T.);
#5661=ORIENTED_EDGE('',*,*,#4272,.F.);
#5662=ORIENTED_EDGE('',*,*,#4293,.T.);
#5663=ORIENTED_EDGE('',*,*,#4288,.T.);
#5664=ORIENTED_EDGE('',*,*,#4294,.T.);
#5665=ORIENTED_EDGE('',*,*,#4276,.F.);
#5666=ORIENTED_EDGE('',*,*,#4295,.T.);
#5667=ORIENTED_EDGE('',*,*,#4287,.T.);
#5668=ORIENTED_EDGE('',*,*,#4296,.F.);
#5669=ORIENTED_EDGE('',*,*,#4282,.F.);
#5670=ORIENTED_EDGE('',*,*,#4297,.F.);
#5671=ORIENTED_EDGE('',*,*,#4271,.T.);
#5672=ORIENTED_EDGE('',*,*,#4298,.F.);
#5673=ORIENTED_EDGE('',*,*,#4299,.F.);
#5674=ORIENTED_EDGE('',*,*,#4300,.F.);
#5675=ORIENTED_EDGE('',*,*,#4274,.T.);
#5676=ORIENTED_EDGE('',*,*,#4301,.F.);
#5677=ORIENTED_EDGE('',*,*,#4302,.F.);
#5678=ORIENTED_EDGE('',*,*,#4303,.F.);
#5679=ORIENTED_EDGE('',*,*,#4279,.T.);
#5680=ORIENTED_EDGE('',*,*,#4304,.F.);
#5681=ORIENTED_EDGE('',*,*,#4305,.F.);
#5682=ORIENTED_EDGE('',*,*,#4306,.T.);
#5683=ORIENTED_EDGE('',*,*,#4275,.T.);
#5684=ORIENTED_EDGE('',*,*,#4307,.F.);
#5685=ORIENTED_EDGE('',*,*,#4270,.F.);
#5686=ORIENTED_EDGE('',*,*,#4283,.T.);
#5687=ORIENTED_EDGE('',*,*,#4308,.F.);
#5688=ORIENTED_EDGE('',*,*,#4268,.F.);
#5689=ORIENTED_EDGE('',*,*,#4309,.F.);
#5690=ORIENTED_EDGE('',*,*,#4310,.F.);
#5691=ORIENTED_EDGE('',*,*,#4280,.T.);
#5692=ORIENTED_EDGE('',*,*,#4311,.F.);
#5693=ORIENTED_EDGE('',*,*,#4273,.F.);
#5694=ORIENTED_EDGE('',*,*,#4277,.F.);
#5695=ORIENTED_EDGE('',*,*,#4312,.F.);
#5696=ORIENTED_EDGE('',*,*,#4281,.T.);
#5697=ORIENTED_EDGE('',*,*,#4313,.F.);
#5698=ORIENTED_EDGE('',*,*,#4290,.F.);
#5699=ORIENTED_EDGE('',*,*,#4291,.T.);
#5700=ORIENTED_EDGE('',*,*,#4306,.F.);
#5701=ORIENTED_EDGE('',*,*,#4308,.T.);
#5702=ORIENTED_EDGE('',*,*,#4296,.T.);
#5703=ORIENTED_EDGE('',*,*,#4289,.T.);
#5704=ORIENTED_EDGE('',*,*,#4292,.F.);
#5705=ORIENTED_EDGE('',*,*,#4293,.F.);
#5706=ORIENTED_EDGE('',*,*,#4310,.T.);
#5707=ORIENTED_EDGE('',*,*,#4294,.F.);
#5708=ORIENTED_EDGE('',*,*,#4295,.F.);
#5709=ORIENTED_EDGE('',*,*,#4312,.T.);
#5710=ORIENTED_EDGE('',*,*,#4307,.T.);
#5711=ORIENTED_EDGE('',*,*,#4300,.T.);
#5712=ORIENTED_EDGE('',*,*,#4314,.F.);
#5713=ORIENTED_EDGE('',*,*,#4298,.T.);
#5714=ORIENTED_EDGE('',*,*,#4311,.T.);
#5715=ORIENTED_EDGE('',*,*,#4303,.T.);
#5716=ORIENTED_EDGE('',*,*,#4315,.F.);
#5717=ORIENTED_EDGE('',*,*,#4301,.T.);
#5718=ORIENTED_EDGE('',*,*,#4207,.F.);
#5719=ORIENTED_EDGE('',*,*,#4316,.F.);
#5720=ORIENTED_EDGE('',*,*,#4317,.T.);
#5721=ORIENTED_EDGE('',*,*,#4318,.F.);
#5722=ORIENTED_EDGE('',*,*,#4319,.F.);
#5723=ORIENTED_EDGE('',*,*,#4320,.F.);
#5724=ORIENTED_EDGE('',*,*,#4321,.F.);
#5725=ORIENTED_EDGE('',*,*,#4322,.F.);
#5726=ORIENTED_EDGE('',*,*,#4323,.T.);
#5727=ORIENTED_EDGE('',*,*,#4321,.T.);
#5728=ORIENTED_EDGE('',*,*,#4324,.T.);
#5729=ORIENTED_EDGE('',*,*,#4325,.T.);
#5730=ORIENTED_EDGE('',*,*,#4325,.F.);
#5731=ORIENTED_EDGE('',*,*,#4326,.F.);
#5732=ORIENTED_EDGE('',*,*,#4327,.T.);
#5733=ORIENTED_EDGE('',*,*,#4328,.F.);
#5734=ORIENTED_EDGE('',*,*,#4329,.F.);
#5735=ORIENTED_EDGE('',*,*,#4330,.F.);
#5736=ORIENTED_EDGE('',*,*,#4331,.F.);
#5737=ORIENTED_EDGE('',*,*,#4332,.F.);
#5738=ORIENTED_EDGE('',*,*,#4333,.T.);
#5739=ORIENTED_EDGE('',*,*,#4331,.T.);
#5740=ORIENTED_EDGE('',*,*,#4334,.T.);
#5741=ORIENTED_EDGE('',*,*,#4335,.T.);
#5742=ORIENTED_EDGE('',*,*,#4335,.F.);
#5743=ORIENTED_EDGE('',*,*,#4336,.F.);
#5744=ORIENTED_EDGE('',*,*,#4337,.T.);
#5745=ORIENTED_EDGE('',*,*,#4338,.F.);
#5746=ORIENTED_EDGE('',*,*,#4339,.F.);
#5747=ORIENTED_EDGE('',*,*,#4340,.F.);
#5748=ORIENTED_EDGE('',*,*,#4341,.F.);
#5749=ORIENTED_EDGE('',*,*,#4342,.F.);
#5750=ORIENTED_EDGE('',*,*,#4343,.T.);
#5751=ORIENTED_EDGE('',*,*,#4341,.T.);
#5752=ORIENTED_EDGE('',*,*,#4344,.T.);
#5753=ORIENTED_EDGE('',*,*,#4345,.T.);
#5754=ORIENTED_EDGE('',*,*,#4345,.F.);
#5755=ORIENTED_EDGE('',*,*,#4346,.F.);
#5756=ORIENTED_EDGE('',*,*,#4347,.T.);
#5757=ORIENTED_EDGE('',*,*,#4348,.F.);
#5758=ORIENTED_EDGE('',*,*,#4349,.F.);
#5759=ORIENTED_EDGE('',*,*,#4350,.F.);
#5760=ORIENTED_EDGE('',*,*,#4351,.F.);
#5761=ORIENTED_EDGE('',*,*,#4352,.F.);
#5762=ORIENTED_EDGE('',*,*,#4353,.T.);
#5763=ORIENTED_EDGE('',*,*,#4351,.T.);
#5764=ORIENTED_EDGE('',*,*,#4354,.T.);
#5765=ORIENTED_EDGE('',*,*,#4355,.T.);
#5766=ORIENTED_EDGE('',*,*,#4355,.F.);
#5767=ORIENTED_EDGE('',*,*,#4356,.F.);
#5768=ORIENTED_EDGE('',*,*,#4357,.T.);
#5769=ORIENTED_EDGE('',*,*,#4358,.F.);
#5770=ORIENTED_EDGE('',*,*,#4359,.F.);
#5771=ORIENTED_EDGE('',*,*,#4360,.F.);
#5772=ORIENTED_EDGE('',*,*,#4361,.F.);
#5773=ORIENTED_EDGE('',*,*,#4362,.F.);
#5774=ORIENTED_EDGE('',*,*,#4363,.T.);
#5775=ORIENTED_EDGE('',*,*,#4361,.T.);
#5776=ORIENTED_EDGE('',*,*,#4364,.T.);
#5777=ORIENTED_EDGE('',*,*,#4365,.T.);
#5778=ORIENTED_EDGE('',*,*,#4365,.F.);
#5779=ORIENTED_EDGE('',*,*,#4366,.F.);
#5780=ORIENTED_EDGE('',*,*,#4367,.T.);
#5781=ORIENTED_EDGE('',*,*,#4368,.F.);
#5782=ORIENTED_EDGE('',*,*,#4369,.F.);
#5783=ORIENTED_EDGE('',*,*,#4370,.F.);
#5784=ORIENTED_EDGE('',*,*,#4371,.F.);
#5785=ORIENTED_EDGE('',*,*,#4372,.F.);
#5786=ORIENTED_EDGE('',*,*,#4373,.T.);
#5787=ORIENTED_EDGE('',*,*,#4371,.T.);
#5788=ORIENTED_EDGE('',*,*,#4374,.T.);
#5789=ORIENTED_EDGE('',*,*,#4375,.T.);
#5790=ORIENTED_EDGE('',*,*,#4375,.F.);
#5791=ORIENTED_EDGE('',*,*,#4376,.F.);
#5792=ORIENTED_EDGE('',*,*,#4377,.T.);
#5793=ORIENTED_EDGE('',*,*,#4378,.F.);
#5794=ORIENTED_EDGE('',*,*,#4379,.F.);
#5795=ORIENTED_EDGE('',*,*,#4380,.F.);
#5796=ORIENTED_EDGE('',*,*,#4381,.F.);
#5797=ORIENTED_EDGE('',*,*,#4382,.F.);
#5798=ORIENTED_EDGE('',*,*,#4383,.T.);
#5799=ORIENTED_EDGE('',*,*,#4381,.T.);
#5800=ORIENTED_EDGE('',*,*,#4384,.T.);
#5801=ORIENTED_EDGE('',*,*,#4385,.T.);
#5802=ORIENTED_EDGE('',*,*,#4385,.F.);
#5803=ORIENTED_EDGE('',*,*,#4386,.F.);
#5804=ORIENTED_EDGE('',*,*,#4387,.T.);
#5805=ORIENTED_EDGE('',*,*,#4388,.F.);
#5806=ORIENTED_EDGE('',*,*,#4389,.F.);
#5807=ORIENTED_EDGE('',*,*,#4390,.F.);
#5808=ORIENTED_EDGE('',*,*,#4391,.F.);
#5809=ORIENTED_EDGE('',*,*,#4392,.F.);
#5810=ORIENTED_EDGE('',*,*,#4393,.T.);
#5811=ORIENTED_EDGE('',*,*,#4391,.T.);
#5812=ORIENTED_EDGE('',*,*,#4394,.T.);
#5813=ORIENTED_EDGE('',*,*,#4395,.T.);
#5814=ORIENTED_EDGE('',*,*,#4395,.F.);
#5815=ORIENTED_EDGE('',*,*,#4396,.F.);
#5816=ORIENTED_EDGE('',*,*,#4397,.T.);
#5817=ORIENTED_EDGE('',*,*,#4398,.F.);
#5818=ORIENTED_EDGE('',*,*,#4399,.F.);
#5819=ORIENTED_EDGE('',*,*,#4400,.F.);
#5820=ORIENTED_EDGE('',*,*,#4401,.F.);
#5821=ORIENTED_EDGE('',*,*,#4402,.F.);
#5822=ORIENTED_EDGE('',*,*,#4403,.T.);
#5823=ORIENTED_EDGE('',*,*,#4401,.T.);
#5824=ORIENTED_EDGE('',*,*,#4404,.T.);
#5825=ORIENTED_EDGE('',*,*,#4405,.T.);
#5826=ORIENTED_EDGE('',*,*,#4405,.F.);
#5827=ORIENTED_EDGE('',*,*,#4406,.F.);
#5828=ORIENTED_EDGE('',*,*,#4407,.T.);
#5829=ORIENTED_EDGE('',*,*,#4408,.F.);
#5830=ORIENTED_EDGE('',*,*,#4409,.F.);
#5831=ORIENTED_EDGE('',*,*,#4410,.F.);
#5832=ORIENTED_EDGE('',*,*,#4411,.F.);
#5833=ORIENTED_EDGE('',*,*,#4412,.F.);
#5834=ORIENTED_EDGE('',*,*,#4413,.T.);
#5835=ORIENTED_EDGE('',*,*,#4411,.T.);
#5836=ORIENTED_EDGE('',*,*,#4414,.T.);
#5837=ORIENTED_EDGE('',*,*,#4415,.T.);
#5838=ORIENTED_EDGE('',*,*,#4415,.F.);
#5839=ORIENTED_EDGE('',*,*,#4416,.F.);
#5840=ORIENTED_EDGE('',*,*,#4417,.T.);
#5841=ORIENTED_EDGE('',*,*,#4418,.F.);
#5842=ORIENTED_EDGE('',*,*,#4419,.F.);
#5843=ORIENTED_EDGE('',*,*,#4420,.F.);
#5844=ORIENTED_EDGE('',*,*,#4421,.F.);
#5845=ORIENTED_EDGE('',*,*,#4422,.F.);
#5846=ORIENTED_EDGE('',*,*,#4423,.T.);
#5847=ORIENTED_EDGE('',*,*,#4421,.T.);
#5848=ORIENTED_EDGE('',*,*,#4424,.T.);
#5849=ORIENTED_EDGE('',*,*,#4425,.T.);
#5850=ORIENTED_EDGE('',*,*,#4425,.F.);
#5851=ORIENTED_EDGE('',*,*,#4426,.F.);
#5852=ORIENTED_EDGE('',*,*,#4427,.T.);
#5853=ORIENTED_EDGE('',*,*,#4428,.F.);
#5854=ORIENTED_EDGE('',*,*,#4429,.F.);
#5855=ORIENTED_EDGE('',*,*,#4430,.F.);
#5856=ORIENTED_EDGE('',*,*,#4431,.F.);
#5857=ORIENTED_EDGE('',*,*,#4432,.F.);
#5858=ORIENTED_EDGE('',*,*,#4433,.T.);
#5859=ORIENTED_EDGE('',*,*,#4431,.T.);
#5860=ORIENTED_EDGE('',*,*,#4434,.T.);
#5861=ORIENTED_EDGE('',*,*,#4435,.T.);
#5862=ORIENTED_EDGE('',*,*,#4435,.F.);
#5863=ORIENTED_EDGE('',*,*,#4436,.F.);
#5864=ORIENTED_EDGE('',*,*,#4437,.T.);
#5865=ORIENTED_EDGE('',*,*,#4438,.F.);
#5866=ORIENTED_EDGE('',*,*,#4439,.F.);
#5867=ORIENTED_EDGE('',*,*,#4440,.F.);
#5868=ORIENTED_EDGE('',*,*,#4441,.F.);
#5869=ORIENTED_EDGE('',*,*,#4442,.F.);
#5870=ORIENTED_EDGE('',*,*,#4443,.T.);
#5871=ORIENTED_EDGE('',*,*,#4441,.T.);
#5872=ORIENTED_EDGE('',*,*,#4444,.T.);
#5873=ORIENTED_EDGE('',*,*,#4445,.T.);
#5874=ORIENTED_EDGE('',*,*,#4445,.F.);
#5875=ORIENTED_EDGE('',*,*,#4446,.F.);
#5876=ORIENTED_EDGE('',*,*,#4447,.T.);
#5877=ORIENTED_EDGE('',*,*,#4448,.F.);
#5878=ORIENTED_EDGE('',*,*,#4449,.F.);
#5879=ORIENTED_EDGE('',*,*,#4450,.F.);
#5880=ORIENTED_EDGE('',*,*,#4451,.F.);
#5881=ORIENTED_EDGE('',*,*,#4452,.F.);
#5882=ORIENTED_EDGE('',*,*,#4453,.T.);
#5883=ORIENTED_EDGE('',*,*,#4451,.T.);
#5884=ORIENTED_EDGE('',*,*,#4454,.T.);
#5885=ORIENTED_EDGE('',*,*,#4455,.T.);
#5886=ORIENTED_EDGE('',*,*,#4455,.F.);
#5887=ORIENTED_EDGE('',*,*,#4456,.F.);
#5888=ORIENTED_EDGE('',*,*,#4457,.T.);
#5889=ORIENTED_EDGE('',*,*,#4458,.F.);
#5890=ORIENTED_EDGE('',*,*,#4459,.F.);
#5891=ORIENTED_EDGE('',*,*,#4460,.F.);
#5892=ORIENTED_EDGE('',*,*,#4461,.F.);
#5893=ORIENTED_EDGE('',*,*,#4462,.F.);
#5894=ORIENTED_EDGE('',*,*,#4463,.T.);
#5895=ORIENTED_EDGE('',*,*,#4456,.T.);
#5896=ORIENTED_EDGE('',*,*,#4454,.F.);
#5897=ORIENTED_EDGE('',*,*,#4450,.T.);
#5898=ORIENTED_EDGE('',*,*,#4464,.T.);
#5899=ORIENTED_EDGE('',*,*,#4446,.T.);
#5900=ORIENTED_EDGE('',*,*,#4444,.F.);
#5901=ORIENTED_EDGE('',*,*,#4440,.T.);
#5902=ORIENTED_EDGE('',*,*,#4465,.T.);
#5903=ORIENTED_EDGE('',*,*,#4436,.T.);
#5904=ORIENTED_EDGE('',*,*,#4434,.F.);
#5905=ORIENTED_EDGE('',*,*,#4430,.T.);
#5906=ORIENTED_EDGE('',*,*,#4466,.T.);
#5907=ORIENTED_EDGE('',*,*,#4426,.T.);
#5908=ORIENTED_EDGE('',*,*,#4424,.F.);
#5909=ORIENTED_EDGE('',*,*,#4420,.T.);
#5910=ORIENTED_EDGE('',*,*,#4467,.T.);
#5911=ORIENTED_EDGE('',*,*,#4416,.T.);
#5912=ORIENTED_EDGE('',*,*,#4414,.F.);
#5913=ORIENTED_EDGE('',*,*,#4410,.T.);
#5914=ORIENTED_EDGE('',*,*,#4468,.T.);
#5915=ORIENTED_EDGE('',*,*,#4406,.T.);
#5916=ORIENTED_EDGE('',*,*,#4404,.F.);
#5917=ORIENTED_EDGE('',*,*,#4400,.T.);
#5918=ORIENTED_EDGE('',*,*,#4469,.T.);
#5919=ORIENTED_EDGE('',*,*,#4396,.T.);
#5920=ORIENTED_EDGE('',*,*,#4394,.F.);
#5921=ORIENTED_EDGE('',*,*,#4390,.T.);
#5922=ORIENTED_EDGE('',*,*,#4470,.T.);
#5923=ORIENTED_EDGE('',*,*,#4386,.T.);
#5924=ORIENTED_EDGE('',*,*,#4384,.F.);
#5925=ORIENTED_EDGE('',*,*,#4380,.T.);
#5926=ORIENTED_EDGE('',*,*,#4471,.T.);
#5927=ORIENTED_EDGE('',*,*,#4376,.T.);
#5928=ORIENTED_EDGE('',*,*,#4374,.F.);
#5929=ORIENTED_EDGE('',*,*,#4370,.T.);
#5930=ORIENTED_EDGE('',*,*,#4472,.T.);
#5931=ORIENTED_EDGE('',*,*,#4366,.T.);
#5932=ORIENTED_EDGE('',*,*,#4364,.F.);
#5933=ORIENTED_EDGE('',*,*,#4360,.T.);
#5934=ORIENTED_EDGE('',*,*,#4473,.T.);
#5935=ORIENTED_EDGE('',*,*,#4356,.T.);
#5936=ORIENTED_EDGE('',*,*,#4354,.F.);
#5937=ORIENTED_EDGE('',*,*,#4350,.T.);
#5938=ORIENTED_EDGE('',*,*,#4474,.T.);
#5939=ORIENTED_EDGE('',*,*,#4346,.T.);
#5940=ORIENTED_EDGE('',*,*,#4344,.F.);
#5941=ORIENTED_EDGE('',*,*,#4340,.T.);
#5942=ORIENTED_EDGE('',*,*,#4475,.T.);
#5943=ORIENTED_EDGE('',*,*,#4336,.T.);
#5944=ORIENTED_EDGE('',*,*,#4334,.F.);
#5945=ORIENTED_EDGE('',*,*,#4330,.T.);
#5946=ORIENTED_EDGE('',*,*,#4476,.T.);
#5947=ORIENTED_EDGE('',*,*,#4326,.T.);
#5948=ORIENTED_EDGE('',*,*,#4324,.F.);
#5949=ORIENTED_EDGE('',*,*,#4320,.T.);
#5950=ORIENTED_EDGE('',*,*,#4477,.T.);
#5951=ORIENTED_EDGE('',*,*,#4316,.T.);
#5952=ORIENTED_EDGE('',*,*,#4206,.F.);
#5953=ORIENTED_EDGE('',*,*,#4203,.F.);
#5954=ORIENTED_EDGE('',*,*,#4217,.T.);
#5955=ORIENTED_EDGE('',*,*,#4209,.F.);
#5956=ORIENTED_EDGE('',*,*,#4478,.F.);
#5957=ORIENTED_EDGE('',*,*,#4460,.T.);
#5958=ORIENTED_EDGE('',*,*,#4479,.T.);
#5959=ORIENTED_EDGE('',*,*,#4299,.T.);
#5960=ORIENTED_EDGE('',*,*,#4314,.T.);
#5961=ORIENTED_EDGE('',*,*,#4302,.T.);
#5962=ORIENTED_EDGE('',*,*,#4315,.T.);
#5963=ORIENTED_EDGE('',*,*,#4305,.T.);
#5964=ORIENTED_EDGE('',*,*,#4480,.F.);
#5965=ORIENTED_EDGE('',*,*,#4250,.T.);
#5966=ORIENTED_EDGE('',*,*,#4265,.T.);
#5967=ORIENTED_EDGE('',*,*,#4253,.T.);
#5968=ORIENTED_EDGE('',*,*,#4266,.T.);
#5969=ORIENTED_EDGE('',*,*,#4256,.T.);
#5970=ORIENTED_EDGE('',*,*,#4481,.T.);
#5971=ORIENTED_EDGE('',*,*,#4215,.T.);
#5972=ORIENTED_EDGE('',*,*,#4216,.F.);
#5973=ORIENTED_EDGE('',*,*,#4198,.T.);
#5974=ORIENTED_EDGE('',*,*,#4482,.T.);
#5975=ORIENTED_EDGE('',*,*,#4461,.T.);
#5976=ORIENTED_EDGE('',*,*,#4478,.T.);
#5977=ORIENTED_EDGE('',*,*,#4208,.T.);
#5978=ORIENTED_EDGE('',*,*,#4186,.F.);
#5979=ORIENTED_EDGE('',*,*,#4192,.F.);
#5980=ORIENTED_EDGE('',*,*,#4166,.F.);
#5981=ORIENTED_EDGE('',*,*,#4213,.T.);
#5982=ORIENTED_EDGE('',*,*,#4338,.T.);
#5983=ORIENTED_EDGE('',*,*,#4483,.T.);
#5984=ORIENTED_EDGE('',*,*,#4332,.T.);
#5985=ORIENTED_EDGE('',*,*,#4333,.F.);
#5986=ORIENTED_EDGE('',*,*,#4484,.T.);
#5987=ORIENTED_EDGE('',*,*,#4317,.F.);
#5988=ORIENTED_EDGE('',*,*,#4477,.F.);
#5989=ORIENTED_EDGE('',*,*,#4319,.T.);
#5990=ORIENTED_EDGE('',*,*,#4485,.T.);
#5991=ORIENTED_EDGE('',*,*,#4327,.F.);
#5992=ORIENTED_EDGE('',*,*,#4476,.F.);
#5993=ORIENTED_EDGE('',*,*,#4329,.T.);
#5994=ORIENTED_EDGE('',*,*,#4486,.T.);
#5995=ORIENTED_EDGE('',*,*,#4337,.F.);
#5996=ORIENTED_EDGE('',*,*,#4475,.F.);
#5997=ORIENTED_EDGE('',*,*,#4339,.T.);
#5998=ORIENTED_EDGE('',*,*,#4487,.T.);
#5999=ORIENTED_EDGE('',*,*,#4347,.F.);
#6000=ORIENTED_EDGE('',*,*,#4474,.F.);
#6001=ORIENTED_EDGE('',*,*,#4349,.T.);
#6002=ORIENTED_EDGE('',*,*,#4488,.T.);
#6003=ORIENTED_EDGE('',*,*,#4357,.F.);
#6004=ORIENTED_EDGE('',*,*,#4473,.F.);
#6005=ORIENTED_EDGE('',*,*,#4359,.T.);
#6006=ORIENTED_EDGE('',*,*,#4489,.T.);
#6007=ORIENTED_EDGE('',*,*,#4367,.F.);
#6008=ORIENTED_EDGE('',*,*,#4472,.F.);
#6009=ORIENTED_EDGE('',*,*,#4369,.T.);
#6010=ORIENTED_EDGE('',*,*,#4490,.T.);
#6011=ORIENTED_EDGE('',*,*,#4377,.F.);
#6012=ORIENTED_EDGE('',*,*,#4471,.F.);
#6013=ORIENTED_EDGE('',*,*,#4379,.T.);
#6014=ORIENTED_EDGE('',*,*,#4491,.T.);
#6015=ORIENTED_EDGE('',*,*,#4387,.F.);
#6016=ORIENTED_EDGE('',*,*,#4470,.F.);
#6017=ORIENTED_EDGE('',*,*,#4389,.T.);
#6018=ORIENTED_EDGE('',*,*,#4492,.T.);
#6019=ORIENTED_EDGE('',*,*,#4397,.F.);
#6020=ORIENTED_EDGE('',*,*,#4469,.F.);
#6021=ORIENTED_EDGE('',*,*,#4399,.T.);
#6022=ORIENTED_EDGE('',*,*,#4493,.T.);
#6023=ORIENTED_EDGE('',*,*,#4407,.F.);
#6024=ORIENTED_EDGE('',*,*,#4468,.F.);
#6025=ORIENTED_EDGE('',*,*,#4409,.T.);
#6026=ORIENTED_EDGE('',*,*,#4494,.T.);
#6027=ORIENTED_EDGE('',*,*,#4417,.F.);
#6028=ORIENTED_EDGE('',*,*,#4467,.F.);
#6029=ORIENTED_EDGE('',*,*,#4419,.T.);
#6030=ORIENTED_EDGE('',*,*,#4495,.T.);
#6031=ORIENTED_EDGE('',*,*,#4427,.F.);
#6032=ORIENTED_EDGE('',*,*,#4466,.F.);
#6033=ORIENTED_EDGE('',*,*,#4429,.T.);
#6034=ORIENTED_EDGE('',*,*,#4496,.T.);
#6035=ORIENTED_EDGE('',*,*,#4437,.F.);
#6036=ORIENTED_EDGE('',*,*,#4465,.F.);
#6037=ORIENTED_EDGE('',*,*,#4439,.T.);
#6038=ORIENTED_EDGE('',*,*,#4497,.T.);
#6039=ORIENTED_EDGE('',*,*,#4447,.F.);
#6040=ORIENTED_EDGE('',*,*,#4464,.F.);
#6041=ORIENTED_EDGE('',*,*,#4449,.T.);
#6042=ORIENTED_EDGE('',*,*,#4498,.T.);
#6043=ORIENTED_EDGE('',*,*,#4457,.F.);
#6044=ORIENTED_EDGE('',*,*,#4463,.F.);
#6045=ORIENTED_EDGE('',*,*,#4459,.T.);
#6046=ORIENTED_EDGE('',*,*,#4392,.T.);
#6047=ORIENTED_EDGE('',*,*,#4393,.F.);
#6048=ORIENTED_EDGE('',*,*,#4398,.T.);
#6049=ORIENTED_EDGE('',*,*,#4499,.T.);
#6050=ORIENTED_EDGE('',*,*,#4448,.T.);
#6051=ORIENTED_EDGE('',*,*,#4500,.T.);
#6052=ORIENTED_EDGE('',*,*,#4442,.T.);
#6053=ORIENTED_EDGE('',*,*,#4443,.F.);
#6054=ORIENTED_EDGE('',*,*,#4382,.T.);
#6055=ORIENTED_EDGE('',*,*,#4383,.F.);
#6056=ORIENTED_EDGE('',*,*,#4388,.T.);
#6057=ORIENTED_EDGE('',*,*,#4501,.T.);
#6058=ORIENTED_EDGE('',*,*,#4372,.T.);
#6059=ORIENTED_EDGE('',*,*,#4373,.F.);
#6060=ORIENTED_EDGE('',*,*,#4378,.T.);
#6061=ORIENTED_EDGE('',*,*,#4502,.T.);
#6062=ORIENTED_EDGE('',*,*,#4458,.T.);
#6063=ORIENTED_EDGE('',*,*,#4503,.T.);
#6064=ORIENTED_EDGE('',*,*,#4452,.T.);
#6065=ORIENTED_EDGE('',*,*,#4453,.F.);
#6066=ORIENTED_EDGE('',*,*,#4358,.T.);
#6067=ORIENTED_EDGE('',*,*,#4504,.T.);
#6068=ORIENTED_EDGE('',*,*,#4352,.T.);
#6069=ORIENTED_EDGE('',*,*,#4353,.F.);
#6070=ORIENTED_EDGE('',*,*,#4428,.T.);
#6071=ORIENTED_EDGE('',*,*,#4505,.T.);
#6072=ORIENTED_EDGE('',*,*,#4422,.T.);
#6073=ORIENTED_EDGE('',*,*,#4423,.F.);
#6074=ORIENTED_EDGE('',*,*,#4438,.T.);
#6075=ORIENTED_EDGE('',*,*,#4506,.T.);
#6076=ORIENTED_EDGE('',*,*,#4432,.T.);
#6077=ORIENTED_EDGE('',*,*,#4433,.F.);
#6078=ORIENTED_EDGE('',*,*,#4362,.T.);
#6079=ORIENTED_EDGE('',*,*,#4363,.F.);
#6080=ORIENTED_EDGE('',*,*,#4368,.T.);
#6081=ORIENTED_EDGE('',*,*,#4507,.T.);
#6082=ORIENTED_EDGE('',*,*,#4260,.T.);
#6083=ORIENTED_EDGE('',*,*,#4221,.T.);
#6084=ORIENTED_EDGE('',*,*,#4258,.T.);
#6085=ORIENTED_EDGE('',*,*,#4508,.T.);
#6086=ORIENTED_EDGE('',*,*,#4462,.T.);
#6087=ORIENTED_EDGE('',*,*,#4482,.F.);
#6088=ORIENTED_EDGE('',*,*,#4212,.F.);
#6089=ORIENTED_EDGE('',*,*,#4509,.T.);
#6090=ORIENTED_EDGE('',*,*,#4348,.T.);
#6091=ORIENTED_EDGE('',*,*,#4510,.T.);
#6092=ORIENTED_EDGE('',*,*,#4342,.T.);
#6093=ORIENTED_EDGE('',*,*,#4343,.F.);
#6094=ORIENTED_EDGE('',*,*,#4322,.T.);
#6095=ORIENTED_EDGE('',*,*,#4323,.F.);
#6096=ORIENTED_EDGE('',*,*,#4328,.T.);
#6097=ORIENTED_EDGE('',*,*,#4511,.T.);
#6098=ORIENTED_EDGE('',*,*,#4412,.T.);
#6099=ORIENTED_EDGE('',*,*,#4413,.F.);
#6100=ORIENTED_EDGE('',*,*,#4418,.T.);
#6101=ORIENTED_EDGE('',*,*,#4512,.T.);
#6102=ORIENTED_EDGE('',*,*,#4408,.T.);
#6103=ORIENTED_EDGE('',*,*,#4513,.T.);
#6104=ORIENTED_EDGE('',*,*,#4402,.T.);
#6105=ORIENTED_EDGE('',*,*,#4403,.F.);
#6106=ORIENTED_EDGE('',*,*,#4309,.T.);
#6107=ORIENTED_EDGE('',*,*,#4514,.T.);
#6108=ORIENTED_EDGE('',*,*,#4201,.F.);
#6109=ORIENTED_EDGE('',*,*,#4205,.F.);
#6110=ORIENTED_EDGE('',*,*,#4318,.T.);
#6111=ORIENTED_EDGE('',*,*,#4515,.T.);
#6112=ORIENTED_EDGE('',*,*,#4313,.T.);
#6113=ORIENTED_EDGE('',*,*,#4284,.T.);
#6114=ORIENTED_EDGE('',*,*,#4508,.F.);
#6115=ORIENTED_EDGE('',*,*,#4225,.T.);
#6116=ORIENTED_EDGE('',*,*,#4248,.T.);
#6117=ORIENTED_EDGE('',*,*,#4480,.T.);
#6118=ORIENTED_EDGE('',*,*,#4304,.T.);
#6119=ORIENTED_EDGE('',*,*,#4278,.F.);
#6120=ORIENTED_EDGE('',*,*,#4515,.F.);
#6121=ORIENTED_EDGE('',*,*,#4484,.F.);
#6122=ORIENTED_EDGE('',*,*,#4511,.F.);
#6123=ORIENTED_EDGE('',*,*,#4485,.F.);
#6124=ORIENTED_EDGE('',*,*,#4483,.F.);
#6125=ORIENTED_EDGE('',*,*,#4486,.F.);
#6126=ORIENTED_EDGE('',*,*,#4510,.F.);
#6127=ORIENTED_EDGE('',*,*,#4487,.F.);
#6128=ORIENTED_EDGE('',*,*,#4504,.F.);
#6129=ORIENTED_EDGE('',*,*,#4488,.F.);
#6130=ORIENTED_EDGE('',*,*,#4507,.F.);
#6131=ORIENTED_EDGE('',*,*,#4489,.F.);
#6132=ORIENTED_EDGE('',*,*,#4502,.F.);
#6133=ORIENTED_EDGE('',*,*,#4490,.F.);
#6134=ORIENTED_EDGE('',*,*,#4501,.F.);
#6135=ORIENTED_EDGE('',*,*,#4491,.F.);
#6136=ORIENTED_EDGE('',*,*,#4499,.F.);
#6137=ORIENTED_EDGE('',*,*,#4492,.F.);
#6138=ORIENTED_EDGE('',*,*,#4513,.F.);
#6139=ORIENTED_EDGE('',*,*,#4493,.F.);
#6140=ORIENTED_EDGE('',*,*,#4512,.F.);
#6141=ORIENTED_EDGE('',*,*,#4494,.F.);
#6142=ORIENTED_EDGE('',*,*,#4505,.F.);
#6143=ORIENTED_EDGE('',*,*,#4495,.F.);
#6144=ORIENTED_EDGE('',*,*,#4506,.F.);
#6145=ORIENTED_EDGE('',*,*,#4496,.F.);
#6146=ORIENTED_EDGE('',*,*,#4500,.F.);
#6147=ORIENTED_EDGE('',*,*,#4497,.F.);
#6148=ORIENTED_EDGE('',*,*,#4503,.F.);
#6149=ORIENTED_EDGE('',*,*,#4498,.F.);
#6150=ORIENTED_EDGE('',*,*,#4514,.F.);
#6151=ORIENTED_EDGE('',*,*,#4267,.F.);
#6152=ORIENTED_EDGE('',*,*,#4297,.T.);
#6153=ORIENTED_EDGE('',*,*,#4479,.F.);
#6154=ORIENTED_EDGE('',*,*,#4197,.F.);
#6155=ORIENTED_EDGE('',*,*,#4233,.T.);
#6156=ORIENTED_EDGE('',*,*,#4509,.F.);
#6157=ORIENTED_EDGE('',*,*,#4211,.F.);
#6158=ORIENTED_EDGE('',*,*,#4481,.F.);
#6159=ORIENTED_EDGE('',*,*,#4255,.F.);
#6160=ORIENTED_EDGE('',*,*,#4516,.T.);
#6161=ORIENTED_EDGE('',*,*,#4517,.F.);
#6162=ORIENTED_EDGE('',*,*,#4518,.T.);
#6163=ORIENTED_EDGE('',*,*,#4519,.T.);
#6164=ORIENTED_EDGE('',*,*,#4520,.T.);
#6165=ORIENTED_EDGE('',*,*,#4521,.T.);
#6166=ORIENTED_EDGE('',*,*,#4522,.T.);
#6167=ORIENTED_EDGE('',*,*,#4519,.F.);
#6168=ORIENTED_EDGE('',*,*,#4523,.T.);
#6169=ORIENTED_EDGE('',*,*,#4524,.T.);
#6170=ORIENTED_EDGE('',*,*,#4525,.T.);
#6171=ORIENTED_EDGE('',*,*,#4526,.T.);
#6172=ORIENTED_EDGE('',*,*,#4527,.T.);
#6173=ORIENTED_EDGE('',*,*,#4524,.F.);
#6174=ORIENTED_EDGE('',*,*,#4528,.T.);
#6175=ORIENTED_EDGE('',*,*,#4529,.T.);
#6176=ORIENTED_EDGE('',*,*,#4528,.F.);
#6177=ORIENTED_EDGE('',*,*,#4523,.F.);
#6178=ORIENTED_EDGE('',*,*,#4518,.F.);
#6179=ORIENTED_EDGE('',*,*,#4530,.F.);
#6180=ORIENTED_EDGE('',*,*,#4531,.T.);
#6181=ORIENTED_EDGE('',*,*,#4520,.F.);
#6182=ORIENTED_EDGE('',*,*,#4522,.F.);
#6183=ORIENTED_EDGE('',*,*,#4527,.F.);
#6184=ORIENTED_EDGE('',*,*,#4521,.F.);
#6185=ORIENTED_EDGE('',*,*,#4531,.F.);
#6186=ORIENTED_EDGE('',*,*,#4526,.F.);
#6187=ORIENTED_EDGE('',*,*,#4532,.F.);
#6188=ORIENTED_EDGE('',*,*,#4532,.T.);
#6189=ORIENTED_EDGE('',*,*,#4525,.F.);
#6190=ORIENTED_EDGE('',*,*,#4533,.T.);
#6191=ORIENTED_EDGE('',*,*,#4516,.F.);
#6192=ORIENTED_EDGE('',*,*,#4529,.F.);
#6193=ORIENTED_EDGE('',*,*,#4530,.T.);
#6194=ORIENTED_EDGE('',*,*,#4517,.T.);
#6195=ORIENTED_EDGE('',*,*,#4533,.F.);
#6196=ORIENTED_EDGE('',*,*,#4534,.T.);
#6197=ORIENTED_EDGE('',*,*,#4535,.F.);
#6198=ORIENTED_EDGE('',*,*,#4536,.T.);
#6199=ORIENTED_EDGE('',*,*,#4537,.T.);
#6200=ORIENTED_EDGE('',*,*,#4538,.T.);
#6201=ORIENTED_EDGE('',*,*,#4539,.T.);
#6202=ORIENTED_EDGE('',*,*,#4540,.T.);
#6203=ORIENTED_EDGE('',*,*,#4537,.F.);
#6204=ORIENTED_EDGE('',*,*,#4541,.T.);
#6205=ORIENTED_EDGE('',*,*,#4542,.T.);
#6206=ORIENTED_EDGE('',*,*,#4543,.T.);
#6207=ORIENTED_EDGE('',*,*,#4544,.T.);
#6208=ORIENTED_EDGE('',*,*,#4545,.T.);
#6209=ORIENTED_EDGE('',*,*,#4542,.F.);
#6210=ORIENTED_EDGE('',*,*,#4546,.T.);
#6211=ORIENTED_EDGE('',*,*,#4547,.T.);
#6212=ORIENTED_EDGE('',*,*,#4546,.F.);
#6213=ORIENTED_EDGE('',*,*,#4541,.F.);
#6214=ORIENTED_EDGE('',*,*,#4536,.F.);
#6215=ORIENTED_EDGE('',*,*,#4548,.F.);
#6216=ORIENTED_EDGE('',*,*,#4549,.T.);
#6217=ORIENTED_EDGE('',*,*,#4538,.F.);
#6218=ORIENTED_EDGE('',*,*,#4540,.F.);
#6219=ORIENTED_EDGE('',*,*,#4545,.F.);
#6220=ORIENTED_EDGE('',*,*,#4539,.F.);
#6221=ORIENTED_EDGE('',*,*,#4549,.F.);
#6222=ORIENTED_EDGE('',*,*,#4544,.F.);
#6223=ORIENTED_EDGE('',*,*,#4550,.F.);
#6224=ORIENTED_EDGE('',*,*,#4550,.T.);
#6225=ORIENTED_EDGE('',*,*,#4543,.F.);
#6226=ORIENTED_EDGE('',*,*,#4551,.T.);
#6227=ORIENTED_EDGE('',*,*,#4534,.F.);
#6228=ORIENTED_EDGE('',*,*,#4547,.F.);
#6229=ORIENTED_EDGE('',*,*,#4548,.T.);
#6230=ORIENTED_EDGE('',*,*,#4535,.T.);
#6231=ORIENTED_EDGE('',*,*,#4551,.F.);
#6232=ORIENTED_EDGE('',*,*,#4552,.T.);
#6233=ORIENTED_EDGE('',*,*,#4553,.F.);
#6234=ORIENTED_EDGE('',*,*,#4554,.T.);
#6235=ORIENTED_EDGE('',*,*,#4555,.T.);
#6236=ORIENTED_EDGE('',*,*,#4556,.T.);
#6237=ORIENTED_EDGE('',*,*,#4557,.T.);
#6238=ORIENTED_EDGE('',*,*,#4558,.T.);
#6239=ORIENTED_EDGE('',*,*,#4555,.F.);
#6240=ORIENTED_EDGE('',*,*,#4559,.T.);
#6241=ORIENTED_EDGE('',*,*,#4560,.T.);
#6242=ORIENTED_EDGE('',*,*,#4561,.T.);
#6243=ORIENTED_EDGE('',*,*,#4562,.T.);
#6244=ORIENTED_EDGE('',*,*,#4563,.T.);
#6245=ORIENTED_EDGE('',*,*,#4560,.F.);
#6246=ORIENTED_EDGE('',*,*,#4564,.T.);
#6247=ORIENTED_EDGE('',*,*,#4565,.T.);
#6248=ORIENTED_EDGE('',*,*,#4564,.F.);
#6249=ORIENTED_EDGE('',*,*,#4559,.F.);
#6250=ORIENTED_EDGE('',*,*,#4554,.F.);
#6251=ORIENTED_EDGE('',*,*,#4566,.F.);
#6252=ORIENTED_EDGE('',*,*,#4567,.T.);
#6253=ORIENTED_EDGE('',*,*,#4556,.F.);
#6254=ORIENTED_EDGE('',*,*,#4558,.F.);
#6255=ORIENTED_EDGE('',*,*,#4563,.F.);
#6256=ORIENTED_EDGE('',*,*,#4557,.F.);
#6257=ORIENTED_EDGE('',*,*,#4567,.F.);
#6258=ORIENTED_EDGE('',*,*,#4562,.F.);
#6259=ORIENTED_EDGE('',*,*,#4568,.F.);
#6260=ORIENTED_EDGE('',*,*,#4568,.T.);
#6261=ORIENTED_EDGE('',*,*,#4561,.F.);
#6262=ORIENTED_EDGE('',*,*,#4569,.T.);
#6263=ORIENTED_EDGE('',*,*,#4552,.F.);
#6264=ORIENTED_EDGE('',*,*,#4565,.F.);
#6265=ORIENTED_EDGE('',*,*,#4566,.T.);
#6266=ORIENTED_EDGE('',*,*,#4553,.T.);
#6267=ORIENTED_EDGE('',*,*,#4569,.F.);
#6268=ORIENTED_EDGE('',*,*,#4570,.T.);
#6269=ORIENTED_EDGE('',*,*,#4571,.F.);
#6270=ORIENTED_EDGE('',*,*,#4572,.T.);
#6271=ORIENTED_EDGE('',*,*,#4573,.T.);
#6272=ORIENTED_EDGE('',*,*,#4574,.T.);
#6273=ORIENTED_EDGE('',*,*,#4575,.T.);
#6274=ORIENTED_EDGE('',*,*,#4576,.T.);
#6275=ORIENTED_EDGE('',*,*,#4573,.F.);
#6276=ORIENTED_EDGE('',*,*,#4577,.T.);
#6277=ORIENTED_EDGE('',*,*,#4578,.T.);
#6278=ORIENTED_EDGE('',*,*,#4579,.T.);
#6279=ORIENTED_EDGE('',*,*,#4580,.T.);
#6280=ORIENTED_EDGE('',*,*,#4581,.T.);
#6281=ORIENTED_EDGE('',*,*,#4578,.F.);
#6282=ORIENTED_EDGE('',*,*,#4582,.T.);
#6283=ORIENTED_EDGE('',*,*,#4583,.T.);
#6284=ORIENTED_EDGE('',*,*,#4582,.F.);
#6285=ORIENTED_EDGE('',*,*,#4577,.F.);
#6286=ORIENTED_EDGE('',*,*,#4572,.F.);
#6287=ORIENTED_EDGE('',*,*,#4584,.F.);
#6288=ORIENTED_EDGE('',*,*,#4585,.T.);
#6289=ORIENTED_EDGE('',*,*,#4574,.F.);
#6290=ORIENTED_EDGE('',*,*,#4576,.F.);
#6291=ORIENTED_EDGE('',*,*,#4581,.F.);
#6292=ORIENTED_EDGE('',*,*,#4575,.F.);
#6293=ORIENTED_EDGE('',*,*,#4585,.F.);
#6294=ORIENTED_EDGE('',*,*,#4580,.F.);
#6295=ORIENTED_EDGE('',*,*,#4586,.F.);
#6296=ORIENTED_EDGE('',*,*,#4586,.T.);
#6297=ORIENTED_EDGE('',*,*,#4579,.F.);
#6298=ORIENTED_EDGE('',*,*,#4587,.T.);
#6299=ORIENTED_EDGE('',*,*,#4570,.F.);
#6300=ORIENTED_EDGE('',*,*,#4583,.F.);
#6301=ORIENTED_EDGE('',*,*,#4584,.T.);
#6302=ORIENTED_EDGE('',*,*,#4571,.T.);
#6303=ORIENTED_EDGE('',*,*,#4587,.F.);
#6304=ORIENTED_EDGE('',*,*,#4588,.T.);
#6305=ORIENTED_EDGE('',*,*,#4589,.F.);
#6306=ORIENTED_EDGE('',*,*,#4590,.T.);
#6307=ORIENTED_EDGE('',*,*,#4591,.T.);
#6308=ORIENTED_EDGE('',*,*,#4592,.T.);
#6309=ORIENTED_EDGE('',*,*,#4593,.T.);
#6310=ORIENTED_EDGE('',*,*,#4594,.T.);
#6311=ORIENTED_EDGE('',*,*,#4591,.F.);
#6312=ORIENTED_EDGE('',*,*,#4595,.T.);
#6313=ORIENTED_EDGE('',*,*,#4596,.T.);
#6314=ORIENTED_EDGE('',*,*,#4597,.T.);
#6315=ORIENTED_EDGE('',*,*,#4598,.T.);
#6316=ORIENTED_EDGE('',*,*,#4599,.T.);
#6317=ORIENTED_EDGE('',*,*,#4596,.F.);
#6318=ORIENTED_EDGE('',*,*,#4600,.T.);
#6319=ORIENTED_EDGE('',*,*,#4601,.T.);
#6320=ORIENTED_EDGE('',*,*,#4600,.F.);
#6321=ORIENTED_EDGE('',*,*,#4595,.F.);
#6322=ORIENTED_EDGE('',*,*,#4590,.F.);
#6323=ORIENTED_EDGE('',*,*,#4602,.F.);
#6324=ORIENTED_EDGE('',*,*,#4603,.T.);
#6325=ORIENTED_EDGE('',*,*,#4592,.F.);
#6326=ORIENTED_EDGE('',*,*,#4594,.F.);
#6327=ORIENTED_EDGE('',*,*,#4599,.F.);
#6328=ORIENTED_EDGE('',*,*,#4593,.F.);
#6329=ORIENTED_EDGE('',*,*,#4603,.F.);
#6330=ORIENTED_EDGE('',*,*,#4598,.F.);
#6331=ORIENTED_EDGE('',*,*,#4604,.F.);
#6332=ORIENTED_EDGE('',*,*,#4604,.T.);
#6333=ORIENTED_EDGE('',*,*,#4597,.F.);
#6334=ORIENTED_EDGE('',*,*,#4605,.T.);
#6335=ORIENTED_EDGE('',*,*,#4588,.F.);
#6336=ORIENTED_EDGE('',*,*,#4601,.F.);
#6337=ORIENTED_EDGE('',*,*,#4602,.T.);
#6338=ORIENTED_EDGE('',*,*,#4589,.T.);
#6339=ORIENTED_EDGE('',*,*,#4605,.F.);
#6340=ORIENTED_EDGE('',*,*,#4606,.T.);
#6341=ORIENTED_EDGE('',*,*,#4607,.F.);
#6342=ORIENTED_EDGE('',*,*,#4608,.T.);
#6343=ORIENTED_EDGE('',*,*,#4609,.T.);
#6344=ORIENTED_EDGE('',*,*,#4610,.T.);
#6345=ORIENTED_EDGE('',*,*,#4611,.T.);
#6346=ORIENTED_EDGE('',*,*,#4612,.T.);
#6347=ORIENTED_EDGE('',*,*,#4609,.F.);
#6348=ORIENTED_EDGE('',*,*,#4613,.T.);
#6349=ORIENTED_EDGE('',*,*,#4614,.T.);
#6350=ORIENTED_EDGE('',*,*,#4615,.T.);
#6351=ORIENTED_EDGE('',*,*,#4616,.T.);
#6352=ORIENTED_EDGE('',*,*,#4617,.T.);
#6353=ORIENTED_EDGE('',*,*,#4614,.F.);
#6354=ORIENTED_EDGE('',*,*,#4618,.T.);
#6355=ORIENTED_EDGE('',*,*,#4619,.T.);
#6356=ORIENTED_EDGE('',*,*,#4618,.F.);
#6357=ORIENTED_EDGE('',*,*,#4613,.F.);
#6358=ORIENTED_EDGE('',*,*,#4608,.F.);
#6359=ORIENTED_EDGE('',*,*,#4620,.F.);
#6360=ORIENTED_EDGE('',*,*,#4621,.T.);
#6361=ORIENTED_EDGE('',*,*,#4610,.F.);
#6362=ORIENTED_EDGE('',*,*,#4612,.F.);
#6363=ORIENTED_EDGE('',*,*,#4617,.F.);
#6364=ORIENTED_EDGE('',*,*,#4611,.F.);
#6365=ORIENTED_EDGE('',*,*,#4621,.F.);
#6366=ORIENTED_EDGE('',*,*,#4616,.F.);
#6367=ORIENTED_EDGE('',*,*,#4622,.F.);
#6368=ORIENTED_EDGE('',*,*,#4622,.T.);
#6369=ORIENTED_EDGE('',*,*,#4615,.F.);
#6370=ORIENTED_EDGE('',*,*,#4623,.T.);
#6371=ORIENTED_EDGE('',*,*,#4606,.F.);
#6372=ORIENTED_EDGE('',*,*,#4619,.F.);
#6373=ORIENTED_EDGE('',*,*,#4620,.T.);
#6374=ORIENTED_EDGE('',*,*,#4607,.T.);
#6375=ORIENTED_EDGE('',*,*,#4623,.F.);
#6376=ORIENTED_EDGE('',*,*,#4624,.T.);
#6377=ORIENTED_EDGE('',*,*,#4625,.F.);
#6378=ORIENTED_EDGE('',*,*,#4626,.T.);
#6379=ORIENTED_EDGE('',*,*,#4627,.T.);
#6380=ORIENTED_EDGE('',*,*,#4628,.T.);
#6381=ORIENTED_EDGE('',*,*,#4629,.T.);
#6382=ORIENTED_EDGE('',*,*,#4630,.T.);
#6383=ORIENTED_EDGE('',*,*,#4627,.F.);
#6384=ORIENTED_EDGE('',*,*,#4631,.T.);
#6385=ORIENTED_EDGE('',*,*,#4632,.T.);
#6386=ORIENTED_EDGE('',*,*,#4633,.T.);
#6387=ORIENTED_EDGE('',*,*,#4634,.T.);
#6388=ORIENTED_EDGE('',*,*,#4635,.T.);
#6389=ORIENTED_EDGE('',*,*,#4632,.F.);
#6390=ORIENTED_EDGE('',*,*,#4636,.T.);
#6391=ORIENTED_EDGE('',*,*,#4637,.T.);
#6392=ORIENTED_EDGE('',*,*,#4636,.F.);
#6393=ORIENTED_EDGE('',*,*,#4631,.F.);
#6394=ORIENTED_EDGE('',*,*,#4626,.F.);
#6395=ORIENTED_EDGE('',*,*,#4638,.F.);
#6396=ORIENTED_EDGE('',*,*,#4639,.T.);
#6397=ORIENTED_EDGE('',*,*,#4628,.F.);
#6398=ORIENTED_EDGE('',*,*,#4630,.F.);
#6399=ORIENTED_EDGE('',*,*,#4635,.F.);
#6400=ORIENTED_EDGE('',*,*,#4629,.F.);
#6401=ORIENTED_EDGE('',*,*,#4639,.F.);
#6402=ORIENTED_EDGE('',*,*,#4634,.F.);
#6403=ORIENTED_EDGE('',*,*,#4640,.F.);
#6404=ORIENTED_EDGE('',*,*,#4640,.T.);
#6405=ORIENTED_EDGE('',*,*,#4633,.F.);
#6406=ORIENTED_EDGE('',*,*,#4641,.T.);
#6407=ORIENTED_EDGE('',*,*,#4624,.F.);
#6408=ORIENTED_EDGE('',*,*,#4637,.F.);
#6409=ORIENTED_EDGE('',*,*,#4638,.T.);
#6410=ORIENTED_EDGE('',*,*,#4625,.T.);
#6411=ORIENTED_EDGE('',*,*,#4641,.F.);
#6412=ORIENTED_EDGE('',*,*,#4642,.T.);
#6413=ORIENTED_EDGE('',*,*,#4643,.F.);
#6414=ORIENTED_EDGE('',*,*,#4644,.T.);
#6415=ORIENTED_EDGE('',*,*,#4645,.T.);
#6416=ORIENTED_EDGE('',*,*,#4646,.T.);
#6417=ORIENTED_EDGE('',*,*,#4647,.T.);
#6418=ORIENTED_EDGE('',*,*,#4648,.T.);
#6419=ORIENTED_EDGE('',*,*,#4645,.F.);
#6420=ORIENTED_EDGE('',*,*,#4649,.T.);
#6421=ORIENTED_EDGE('',*,*,#4650,.T.);
#6422=ORIENTED_EDGE('',*,*,#4651,.T.);
#6423=ORIENTED_EDGE('',*,*,#4652,.T.);
#6424=ORIENTED_EDGE('',*,*,#4653,.T.);
#6425=ORIENTED_EDGE('',*,*,#4650,.F.);
#6426=ORIENTED_EDGE('',*,*,#4654,.T.);
#6427=ORIENTED_EDGE('',*,*,#4655,.T.);
#6428=ORIENTED_EDGE('',*,*,#4654,.F.);
#6429=ORIENTED_EDGE('',*,*,#4649,.F.);
#6430=ORIENTED_EDGE('',*,*,#4644,.F.);
#6431=ORIENTED_EDGE('',*,*,#4656,.F.);
#6432=ORIENTED_EDGE('',*,*,#4657,.T.);
#6433=ORIENTED_EDGE('',*,*,#4646,.F.);
#6434=ORIENTED_EDGE('',*,*,#4648,.F.);
#6435=ORIENTED_EDGE('',*,*,#4653,.F.);
#6436=ORIENTED_EDGE('',*,*,#4647,.F.);
#6437=ORIENTED_EDGE('',*,*,#4657,.F.);
#6438=ORIENTED_EDGE('',*,*,#4652,.F.);
#6439=ORIENTED_EDGE('',*,*,#4658,.F.);
#6440=ORIENTED_EDGE('',*,*,#4658,.T.);
#6441=ORIENTED_EDGE('',*,*,#4651,.F.);
#6442=ORIENTED_EDGE('',*,*,#4659,.T.);
#6443=ORIENTED_EDGE('',*,*,#4642,.F.);
#6444=ORIENTED_EDGE('',*,*,#4655,.F.);
#6445=ORIENTED_EDGE('',*,*,#4656,.T.);
#6446=ORIENTED_EDGE('',*,*,#4643,.T.);
#6447=ORIENTED_EDGE('',*,*,#4659,.F.);
#6448=ORIENTED_EDGE('',*,*,#4660,.T.);
#6449=ORIENTED_EDGE('',*,*,#4661,.F.);
#6450=ORIENTED_EDGE('',*,*,#4662,.T.);
#6451=ORIENTED_EDGE('',*,*,#4663,.T.);
#6452=ORIENTED_EDGE('',*,*,#4664,.T.);
#6453=ORIENTED_EDGE('',*,*,#4665,.T.);
#6454=ORIENTED_EDGE('',*,*,#4666,.T.);
#6455=ORIENTED_EDGE('',*,*,#4663,.F.);
#6456=ORIENTED_EDGE('',*,*,#4667,.T.);
#6457=ORIENTED_EDGE('',*,*,#4668,.T.);
#6458=ORIENTED_EDGE('',*,*,#4669,.T.);
#6459=ORIENTED_EDGE('',*,*,#4670,.T.);
#6460=ORIENTED_EDGE('',*,*,#4671,.T.);
#6461=ORIENTED_EDGE('',*,*,#4668,.F.);
#6462=ORIENTED_EDGE('',*,*,#4672,.T.);
#6463=ORIENTED_EDGE('',*,*,#4673,.T.);
#6464=ORIENTED_EDGE('',*,*,#4672,.F.);
#6465=ORIENTED_EDGE('',*,*,#4667,.F.);
#6466=ORIENTED_EDGE('',*,*,#4662,.F.);
#6467=ORIENTED_EDGE('',*,*,#4674,.F.);
#6468=ORIENTED_EDGE('',*,*,#4675,.T.);
#6469=ORIENTED_EDGE('',*,*,#4664,.F.);
#6470=ORIENTED_EDGE('',*,*,#4666,.F.);
#6471=ORIENTED_EDGE('',*,*,#4671,.F.);
#6472=ORIENTED_EDGE('',*,*,#4665,.F.);
#6473=ORIENTED_EDGE('',*,*,#4675,.F.);
#6474=ORIENTED_EDGE('',*,*,#4670,.F.);
#6475=ORIENTED_EDGE('',*,*,#4676,.F.);
#6476=ORIENTED_EDGE('',*,*,#4676,.T.);
#6477=ORIENTED_EDGE('',*,*,#4669,.F.);
#6478=ORIENTED_EDGE('',*,*,#4677,.T.);
#6479=ORIENTED_EDGE('',*,*,#4660,.F.);
#6480=ORIENTED_EDGE('',*,*,#4673,.F.);
#6481=ORIENTED_EDGE('',*,*,#4674,.T.);
#6482=ORIENTED_EDGE('',*,*,#4661,.T.);
#6483=ORIENTED_EDGE('',*,*,#4677,.F.);
#6484=ORIENTED_EDGE('',*,*,#4678,.T.);
#6485=ORIENTED_EDGE('',*,*,#4679,.F.);
#6486=ORIENTED_EDGE('',*,*,#4680,.T.);
#6487=ORIENTED_EDGE('',*,*,#4681,.T.);
#6488=ORIENTED_EDGE('',*,*,#4682,.T.);
#6489=ORIENTED_EDGE('',*,*,#4683,.T.);
#6490=ORIENTED_EDGE('',*,*,#4684,.T.);
#6491=ORIENTED_EDGE('',*,*,#4681,.F.);
#6492=ORIENTED_EDGE('',*,*,#4685,.T.);
#6493=ORIENTED_EDGE('',*,*,#4686,.T.);
#6494=ORIENTED_EDGE('',*,*,#4687,.T.);
#6495=ORIENTED_EDGE('',*,*,#4688,.T.);
#6496=ORIENTED_EDGE('',*,*,#4689,.T.);
#6497=ORIENTED_EDGE('',*,*,#4686,.F.);
#6498=ORIENTED_EDGE('',*,*,#4690,.T.);
#6499=ORIENTED_EDGE('',*,*,#4691,.T.);
#6500=ORIENTED_EDGE('',*,*,#4690,.F.);
#6501=ORIENTED_EDGE('',*,*,#4685,.F.);
#6502=ORIENTED_EDGE('',*,*,#4680,.F.);
#6503=ORIENTED_EDGE('',*,*,#4692,.F.);
#6504=ORIENTED_EDGE('',*,*,#4693,.T.);
#6505=ORIENTED_EDGE('',*,*,#4682,.F.);
#6506=ORIENTED_EDGE('',*,*,#4684,.F.);
#6507=ORIENTED_EDGE('',*,*,#4689,.F.);
#6508=ORIENTED_EDGE('',*,*,#4683,.F.);
#6509=ORIENTED_EDGE('',*,*,#4693,.F.);
#6510=ORIENTED_EDGE('',*,*,#4688,.F.);
#6511=ORIENTED_EDGE('',*,*,#4694,.F.);
#6512=ORIENTED_EDGE('',*,*,#4694,.T.);
#6513=ORIENTED_EDGE('',*,*,#4687,.F.);
#6514=ORIENTED_EDGE('',*,*,#4695,.T.);
#6515=ORIENTED_EDGE('',*,*,#4678,.F.);
#6516=ORIENTED_EDGE('',*,*,#4691,.F.);
#6517=ORIENTED_EDGE('',*,*,#4692,.T.);
#6518=ORIENTED_EDGE('',*,*,#4679,.T.);
#6519=ORIENTED_EDGE('',*,*,#4695,.F.);
#6520=ORIENTED_EDGE('',*,*,#4696,.T.);
#6521=ORIENTED_EDGE('',*,*,#4697,.F.);
#6522=ORIENTED_EDGE('',*,*,#4698,.T.);
#6523=ORIENTED_EDGE('',*,*,#4699,.T.);
#6524=ORIENTED_EDGE('',*,*,#4700,.T.);
#6525=ORIENTED_EDGE('',*,*,#4701,.T.);
#6526=ORIENTED_EDGE('',*,*,#4702,.T.);
#6527=ORIENTED_EDGE('',*,*,#4699,.F.);
#6528=ORIENTED_EDGE('',*,*,#4703,.T.);
#6529=ORIENTED_EDGE('',*,*,#4704,.T.);
#6530=ORIENTED_EDGE('',*,*,#4705,.T.);
#6531=ORIENTED_EDGE('',*,*,#4706,.T.);
#6532=ORIENTED_EDGE('',*,*,#4707,.T.);
#6533=ORIENTED_EDGE('',*,*,#4704,.F.);
#6534=ORIENTED_EDGE('',*,*,#4708,.T.);
#6535=ORIENTED_EDGE('',*,*,#4709,.T.);
#6536=ORIENTED_EDGE('',*,*,#4708,.F.);
#6537=ORIENTED_EDGE('',*,*,#4703,.F.);
#6538=ORIENTED_EDGE('',*,*,#4698,.F.);
#6539=ORIENTED_EDGE('',*,*,#4710,.F.);
#6540=ORIENTED_EDGE('',*,*,#4711,.T.);
#6541=ORIENTED_EDGE('',*,*,#4700,.F.);
#6542=ORIENTED_EDGE('',*,*,#4702,.F.);
#6543=ORIENTED_EDGE('',*,*,#4707,.F.);
#6544=ORIENTED_EDGE('',*,*,#4701,.F.);
#6545=ORIENTED_EDGE('',*,*,#4711,.F.);
#6546=ORIENTED_EDGE('',*,*,#4706,.F.);
#6547=ORIENTED_EDGE('',*,*,#4712,.F.);
#6548=ORIENTED_EDGE('',*,*,#4712,.T.);
#6549=ORIENTED_EDGE('',*,*,#4705,.F.);
#6550=ORIENTED_EDGE('',*,*,#4713,.T.);
#6551=ORIENTED_EDGE('',*,*,#4696,.F.);
#6552=ORIENTED_EDGE('',*,*,#4709,.F.);
#6553=ORIENTED_EDGE('',*,*,#4710,.T.);
#6554=ORIENTED_EDGE('',*,*,#4697,.T.);
#6555=ORIENTED_EDGE('',*,*,#4713,.F.);
#6556=ORIENTED_EDGE('',*,*,#4714,.T.);
#6557=ORIENTED_EDGE('',*,*,#4715,.F.);
#6558=ORIENTED_EDGE('',*,*,#4716,.T.);
#6559=ORIENTED_EDGE('',*,*,#4717,.T.);
#6560=ORIENTED_EDGE('',*,*,#4718,.T.);
#6561=ORIENTED_EDGE('',*,*,#4719,.T.);
#6562=ORIENTED_EDGE('',*,*,#4720,.T.);
#6563=ORIENTED_EDGE('',*,*,#4717,.F.);
#6564=ORIENTED_EDGE('',*,*,#4721,.T.);
#6565=ORIENTED_EDGE('',*,*,#4722,.T.);
#6566=ORIENTED_EDGE('',*,*,#4723,.T.);
#6567=ORIENTED_EDGE('',*,*,#4724,.T.);
#6568=ORIENTED_EDGE('',*,*,#4725,.T.);
#6569=ORIENTED_EDGE('',*,*,#4722,.F.);
#6570=ORIENTED_EDGE('',*,*,#4726,.T.);
#6571=ORIENTED_EDGE('',*,*,#4727,.T.);
#6572=ORIENTED_EDGE('',*,*,#4726,.F.);
#6573=ORIENTED_EDGE('',*,*,#4721,.F.);
#6574=ORIENTED_EDGE('',*,*,#4716,.F.);
#6575=ORIENTED_EDGE('',*,*,#4728,.F.);
#6576=ORIENTED_EDGE('',*,*,#4729,.T.);
#6577=ORIENTED_EDGE('',*,*,#4718,.F.);
#6578=ORIENTED_EDGE('',*,*,#4720,.F.);
#6579=ORIENTED_EDGE('',*,*,#4725,.F.);
#6580=ORIENTED_EDGE('',*,*,#4719,.F.);
#6581=ORIENTED_EDGE('',*,*,#4729,.F.);
#6582=ORIENTED_EDGE('',*,*,#4724,.F.);
#6583=ORIENTED_EDGE('',*,*,#4730,.F.);
#6584=ORIENTED_EDGE('',*,*,#4730,.T.);
#6585=ORIENTED_EDGE('',*,*,#4723,.F.);
#6586=ORIENTED_EDGE('',*,*,#4731,.T.);
#6587=ORIENTED_EDGE('',*,*,#4714,.F.);
#6588=ORIENTED_EDGE('',*,*,#4727,.F.);
#6589=ORIENTED_EDGE('',*,*,#4728,.T.);
#6590=ORIENTED_EDGE('',*,*,#4715,.T.);
#6591=ORIENTED_EDGE('',*,*,#4731,.F.);
#6592=ORIENTED_EDGE('',*,*,#4732,.T.);
#6593=ORIENTED_EDGE('',*,*,#4733,.F.);
#6594=ORIENTED_EDGE('',*,*,#4734,.T.);
#6595=ORIENTED_EDGE('',*,*,#4735,.T.);
#6596=ORIENTED_EDGE('',*,*,#4736,.T.);
#6597=ORIENTED_EDGE('',*,*,#4737,.T.);
#6598=ORIENTED_EDGE('',*,*,#4738,.T.);
#6599=ORIENTED_EDGE('',*,*,#4735,.F.);
#6600=ORIENTED_EDGE('',*,*,#4739,.T.);
#6601=ORIENTED_EDGE('',*,*,#4740,.T.);
#6602=ORIENTED_EDGE('',*,*,#4741,.T.);
#6603=ORIENTED_EDGE('',*,*,#4742,.T.);
#6604=ORIENTED_EDGE('',*,*,#4743,.T.);
#6605=ORIENTED_EDGE('',*,*,#4740,.F.);
#6606=ORIENTED_EDGE('',*,*,#4744,.T.);
#6607=ORIENTED_EDGE('',*,*,#4745,.T.);
#6608=ORIENTED_EDGE('',*,*,#4744,.F.);
#6609=ORIENTED_EDGE('',*,*,#4739,.F.);
#6610=ORIENTED_EDGE('',*,*,#4734,.F.);
#6611=ORIENTED_EDGE('',*,*,#4746,.F.);
#6612=ORIENTED_EDGE('',*,*,#4747,.T.);
#6613=ORIENTED_EDGE('',*,*,#4736,.F.);
#6614=ORIENTED_EDGE('',*,*,#4738,.F.);
#6615=ORIENTED_EDGE('',*,*,#4743,.F.);
#6616=ORIENTED_EDGE('',*,*,#4737,.F.);
#6617=ORIENTED_EDGE('',*,*,#4747,.F.);
#6618=ORIENTED_EDGE('',*,*,#4742,.F.);
#6619=ORIENTED_EDGE('',*,*,#4748,.F.);
#6620=ORIENTED_EDGE('',*,*,#4748,.T.);
#6621=ORIENTED_EDGE('',*,*,#4741,.F.);
#6622=ORIENTED_EDGE('',*,*,#4749,.T.);
#6623=ORIENTED_EDGE('',*,*,#4732,.F.);
#6624=ORIENTED_EDGE('',*,*,#4745,.F.);
#6625=ORIENTED_EDGE('',*,*,#4746,.T.);
#6626=ORIENTED_EDGE('',*,*,#4733,.T.);
#6627=ORIENTED_EDGE('',*,*,#4749,.F.);
#6628=ORIENTED_EDGE('',*,*,#4750,.T.);
#6629=ORIENTED_EDGE('',*,*,#4751,.F.);
#6630=ORIENTED_EDGE('',*,*,#4752,.T.);
#6631=ORIENTED_EDGE('',*,*,#4753,.T.);
#6632=ORIENTED_EDGE('',*,*,#4754,.T.);
#6633=ORIENTED_EDGE('',*,*,#4755,.T.);
#6634=ORIENTED_EDGE('',*,*,#4756,.T.);
#6635=ORIENTED_EDGE('',*,*,#4753,.F.);
#6636=ORIENTED_EDGE('',*,*,#4757,.T.);
#6637=ORIENTED_EDGE('',*,*,#4758,.T.);
#6638=ORIENTED_EDGE('',*,*,#4759,.T.);
#6639=ORIENTED_EDGE('',*,*,#4760,.T.);
#6640=ORIENTED_EDGE('',*,*,#4761,.T.);
#6641=ORIENTED_EDGE('',*,*,#4758,.F.);
#6642=ORIENTED_EDGE('',*,*,#4762,.T.);
#6643=ORIENTED_EDGE('',*,*,#4763,.T.);
#6644=ORIENTED_EDGE('',*,*,#4762,.F.);
#6645=ORIENTED_EDGE('',*,*,#4757,.F.);
#6646=ORIENTED_EDGE('',*,*,#4752,.F.);
#6647=ORIENTED_EDGE('',*,*,#4764,.F.);
#6648=ORIENTED_EDGE('',*,*,#4765,.T.);
#6649=ORIENTED_EDGE('',*,*,#4754,.F.);
#6650=ORIENTED_EDGE('',*,*,#4756,.F.);
#6651=ORIENTED_EDGE('',*,*,#4761,.F.);
#6652=ORIENTED_EDGE('',*,*,#4755,.F.);
#6653=ORIENTED_EDGE('',*,*,#4765,.F.);
#6654=ORIENTED_EDGE('',*,*,#4760,.F.);
#6655=ORIENTED_EDGE('',*,*,#4766,.F.);
#6656=ORIENTED_EDGE('',*,*,#4766,.T.);
#6657=ORIENTED_EDGE('',*,*,#4759,.F.);
#6658=ORIENTED_EDGE('',*,*,#4767,.T.);
#6659=ORIENTED_EDGE('',*,*,#4750,.F.);
#6660=ORIENTED_EDGE('',*,*,#4763,.F.);
#6661=ORIENTED_EDGE('',*,*,#4764,.T.);
#6662=ORIENTED_EDGE('',*,*,#4751,.T.);
#6663=ORIENTED_EDGE('',*,*,#4767,.F.);
#6664=ORIENTED_EDGE('',*,*,#4768,.T.);
#6665=ORIENTED_EDGE('',*,*,#4769,.F.);
#6666=ORIENTED_EDGE('',*,*,#4770,.T.);
#6667=ORIENTED_EDGE('',*,*,#4771,.T.);
#6668=ORIENTED_EDGE('',*,*,#4772,.T.);
#6669=ORIENTED_EDGE('',*,*,#4773,.T.);
#6670=ORIENTED_EDGE('',*,*,#4774,.T.);
#6671=ORIENTED_EDGE('',*,*,#4771,.F.);
#6672=ORIENTED_EDGE('',*,*,#4775,.T.);
#6673=ORIENTED_EDGE('',*,*,#4776,.T.);
#6674=ORIENTED_EDGE('',*,*,#4777,.T.);
#6675=ORIENTED_EDGE('',*,*,#4778,.T.);
#6676=ORIENTED_EDGE('',*,*,#4779,.T.);
#6677=ORIENTED_EDGE('',*,*,#4776,.F.);
#6678=ORIENTED_EDGE('',*,*,#4780,.T.);
#6679=ORIENTED_EDGE('',*,*,#4781,.T.);
#6680=ORIENTED_EDGE('',*,*,#4780,.F.);
#6681=ORIENTED_EDGE('',*,*,#4775,.F.);
#6682=ORIENTED_EDGE('',*,*,#4770,.F.);
#6683=ORIENTED_EDGE('',*,*,#4782,.F.);
#6684=ORIENTED_EDGE('',*,*,#4783,.T.);
#6685=ORIENTED_EDGE('',*,*,#4772,.F.);
#6686=ORIENTED_EDGE('',*,*,#4774,.F.);
#6687=ORIENTED_EDGE('',*,*,#4779,.F.);
#6688=ORIENTED_EDGE('',*,*,#4773,.F.);
#6689=ORIENTED_EDGE('',*,*,#4783,.F.);
#6690=ORIENTED_EDGE('',*,*,#4778,.F.);
#6691=ORIENTED_EDGE('',*,*,#4784,.F.);
#6692=ORIENTED_EDGE('',*,*,#4784,.T.);
#6693=ORIENTED_EDGE('',*,*,#4777,.F.);
#6694=ORIENTED_EDGE('',*,*,#4785,.T.);
#6695=ORIENTED_EDGE('',*,*,#4768,.F.);
#6696=ORIENTED_EDGE('',*,*,#4781,.F.);
#6697=ORIENTED_EDGE('',*,*,#4782,.T.);
#6698=ORIENTED_EDGE('',*,*,#4769,.T.);
#6699=ORIENTED_EDGE('',*,*,#4785,.F.);
#6700=ORIENTED_EDGE('',*,*,#4786,.F.);
#6701=ORIENTED_EDGE('',*,*,#4787,.F.);
#6702=ORIENTED_EDGE('',*,*,#4788,.F.);
#6703=ORIENTED_EDGE('',*,*,#4789,.F.);
#6704=ORIENTED_EDGE('',*,*,#4790,.F.);
#6705=ORIENTED_EDGE('',*,*,#4791,.F.);
#6706=ORIENTED_EDGE('',*,*,#4792,.F.);
#6707=ORIENTED_EDGE('',*,*,#4793,.F.);
#6708=ORIENTED_EDGE('',*,*,#4794,.F.);
#6709=ORIENTED_EDGE('',*,*,#4795,.F.);
#6710=ORIENTED_EDGE('',*,*,#4796,.F.);
#6711=ORIENTED_EDGE('',*,*,#4797,.F.);
#6712=ORIENTED_EDGE('',*,*,#4796,.T.);
#6713=ORIENTED_EDGE('',*,*,#4798,.F.);
#6714=ORIENTED_EDGE('',*,*,#4799,.T.);
#6715=ORIENTED_EDGE('',*,*,#4800,.F.);
#6716=ORIENTED_EDGE('',*,*,#4801,.F.);
#6717=ORIENTED_EDGE('',*,*,#4792,.T.);
#6718=ORIENTED_EDGE('',*,*,#4802,.F.);
#6719=ORIENTED_EDGE('',*,*,#4788,.T.);
#6720=ORIENTED_EDGE('',*,*,#4803,.F.);
#6721=ORIENTED_EDGE('',*,*,#4804,.F.);
#6722=ORIENTED_EDGE('',*,*,#4805,.F.);
#6723=ORIENTED_EDGE('',*,*,#4806,.F.);
#6724=ORIENTED_EDGE('',*,*,#4807,.F.);
#6725=ORIENTED_EDGE('',*,*,#4808,.F.);
#6726=ORIENTED_EDGE('',*,*,#4809,.F.);
#6727=ORIENTED_EDGE('',*,*,#4810,.F.);
#6728=ORIENTED_EDGE('',*,*,#4811,.F.);
#6729=ORIENTED_EDGE('',*,*,#4812,.F.);
#6730=ORIENTED_EDGE('',*,*,#4795,.T.);
#6731=ORIENTED_EDGE('',*,*,#4813,.T.);
#6732=ORIENTED_EDGE('',*,*,#4814,.T.);
#6733=ORIENTED_EDGE('',*,*,#4798,.T.);
#6734=ORIENTED_EDGE('',*,*,#4815,.F.);
#6735=ORIENTED_EDGE('',*,*,#4816,.F.);
#6736=ORIENTED_EDGE('',*,*,#4799,.F.);
#6737=ORIENTED_EDGE('',*,*,#4814,.F.);
#6738=ORIENTED_EDGE('',*,*,#4794,.T.);
#6739=ORIENTED_EDGE('',*,*,#4817,.F.);
#6740=ORIENTED_EDGE('',*,*,#4818,.F.);
#6741=ORIENTED_EDGE('',*,*,#4786,.T.);
#6742=ORIENTED_EDGE('',*,*,#4819,.F.);
#6743=ORIENTED_EDGE('',*,*,#4790,.T.);
#6744=ORIENTED_EDGE('',*,*,#4820,.F.);
#6745=ORIENTED_EDGE('',*,*,#4821,.F.);
#6746=ORIENTED_EDGE('',*,*,#4815,.T.);
#6747=ORIENTED_EDGE('',*,*,#4813,.F.);
#6748=ORIENTED_EDGE('',*,*,#4822,.T.);
#6749=ORIENTED_EDGE('',*,*,#4823,.T.);
#6750=ORIENTED_EDGE('',*,*,#4824,.T.);
#6751=ORIENTED_EDGE('',*,*,#4825,.T.);
#6752=ORIENTED_EDGE('',*,*,#4826,.T.);
#6753=ORIENTED_EDGE('',*,*,#4827,.T.);
#6754=ORIENTED_EDGE('',*,*,#4828,.T.);
#6755=ORIENTED_EDGE('',*,*,#4829,.T.);
#6756=ORIENTED_EDGE('',*,*,#4816,.T.);
#6757=ORIENTED_EDGE('',*,*,#4821,.T.);
#6758=ORIENTED_EDGE('',*,*,#4830,.T.);
#6759=ORIENTED_EDGE('',*,*,#4800,.T.);
#6760=ORIENTED_EDGE('',*,*,#4797,.T.);
#6761=ORIENTED_EDGE('',*,*,#4804,.T.);
#6762=ORIENTED_EDGE('',*,*,#4831,.F.);
#6763=ORIENTED_EDGE('',*,*,#4817,.T.);
#6764=ORIENTED_EDGE('',*,*,#4789,.T.);
#6765=ORIENTED_EDGE('',*,*,#4802,.T.);
#6766=ORIENTED_EDGE('',*,*,#4791,.T.);
#6767=ORIENTED_EDGE('',*,*,#4819,.T.);
#6768=ORIENTED_EDGE('',*,*,#4793,.T.);
#6769=ORIENTED_EDGE('',*,*,#4801,.T.);
#6770=ORIENTED_EDGE('',*,*,#4830,.F.);
#6771=ORIENTED_EDGE('',*,*,#4820,.T.);
#6772=ORIENTED_EDGE('',*,*,#4787,.T.);
#6773=ORIENTED_EDGE('',*,*,#4818,.T.);
#6774=ORIENTED_EDGE('',*,*,#4831,.T.);
#6775=ORIENTED_EDGE('',*,*,#4803,.T.);
#6776=ORIENTED_EDGE('',*,*,#4806,.T.);
#6777=ORIENTED_EDGE('',*,*,#4832,.T.);
#6778=ORIENTED_EDGE('',*,*,#4823,.F.);
#6779=ORIENTED_EDGE('',*,*,#4832,.F.);
#6780=ORIENTED_EDGE('',*,*,#4805,.T.);
#6781=ORIENTED_EDGE('',*,*,#4833,.T.);
#6782=ORIENTED_EDGE('',*,*,#4822,.F.);
#6783=ORIENTED_EDGE('',*,*,#4833,.F.);
#6784=ORIENTED_EDGE('',*,*,#4808,.T.);
#6785=ORIENTED_EDGE('',*,*,#4834,.T.);
#6786=ORIENTED_EDGE('',*,*,#4825,.F.);
#6787=ORIENTED_EDGE('',*,*,#4834,.F.);
#6788=ORIENTED_EDGE('',*,*,#4807,.T.);
#6789=ORIENTED_EDGE('',*,*,#4835,.T.);
#6790=ORIENTED_EDGE('',*,*,#4824,.F.);
#6791=ORIENTED_EDGE('',*,*,#4835,.F.);
#6792=ORIENTED_EDGE('',*,*,#4809,.T.);
#6793=ORIENTED_EDGE('',*,*,#4836,.T.);
#6794=ORIENTED_EDGE('',*,*,#4826,.F.);
#6795=ORIENTED_EDGE('',*,*,#4836,.F.);
#6796=ORIENTED_EDGE('',*,*,#4810,.T.);
#6797=ORIENTED_EDGE('',*,*,#4837,.T.);
#6798=ORIENTED_EDGE('',*,*,#4827,.F.);
#6799=ORIENTED_EDGE('',*,*,#4837,.F.);
#6800=ORIENTED_EDGE('',*,*,#4811,.T.);
#6801=ORIENTED_EDGE('',*,*,#4838,.T.);
#6802=ORIENTED_EDGE('',*,*,#4828,.F.);
#6803=ORIENTED_EDGE('',*,*,#4838,.F.);
#6804=ORIENTED_EDGE('',*,*,#4812,.T.);
#6805=ORIENTED_EDGE('',*,*,#4839,.T.);
#6806=ORIENTED_EDGE('',*,*,#4829,.F.);
#6807=ORIENTED_EDGE('',*,*,#4839,.F.);
#6808=ORIENTED_EDGE('',*,*,#4840,.T.);
#6809=ORIENTED_EDGE('',*,*,#4841,.T.);
#6810=ORIENTED_EDGE('',*,*,#4842,.F.);
#6811=ORIENTED_EDGE('',*,*,#4841,.F.);
#6812=ORIENTED_EDGE('',*,*,#4843,.T.);
#6813=ORIENTED_EDGE('',*,*,#4840,.F.);
#6814=ORIENTED_EDGE('',*,*,#4844,.F.);
#6815=ORIENTED_EDGE('',*,*,#4842,.T.);
#6816=ORIENTED_EDGE('',*,*,#4844,.T.);
#6817=ORIENTED_EDGE('',*,*,#4845,.T.);
#6818=ORIENTED_EDGE('',*,*,#4843,.F.);
#6819=ORIENTED_EDGE('',*,*,#4845,.F.);
#6820=ORIENTED_EDGE('',*,*,#4846,.T.);
#6821=ORIENTED_EDGE('',*,*,#4847,.T.);
#6822=ORIENTED_EDGE('',*,*,#4848,.F.);
#6823=ORIENTED_EDGE('',*,*,#4847,.F.);
#6824=ORIENTED_EDGE('',*,*,#4849,.T.);
#6825=ORIENTED_EDGE('',*,*,#4846,.F.);
#6826=ORIENTED_EDGE('',*,*,#4850,.F.);
#6827=ORIENTED_EDGE('',*,*,#4848,.T.);
#6828=ORIENTED_EDGE('',*,*,#4850,.T.);
#6829=ORIENTED_EDGE('',*,*,#4851,.T.);
#6830=ORIENTED_EDGE('',*,*,#4849,.F.);
#6831=ORIENTED_EDGE('',*,*,#4851,.F.);
#6832=ORIENTED_EDGE('',*,*,#4852,.T.);
#6833=ORIENTED_EDGE('',*,*,#4853,.T.);
#6834=ORIENTED_EDGE('',*,*,#4854,.F.);
#6835=ORIENTED_EDGE('',*,*,#4853,.F.);
#6836=ORIENTED_EDGE('',*,*,#4855,.T.);
#6837=ORIENTED_EDGE('',*,*,#4852,.F.);
#6838=ORIENTED_EDGE('',*,*,#4856,.F.);
#6839=ORIENTED_EDGE('',*,*,#4854,.T.);
#6840=ORIENTED_EDGE('',*,*,#4856,.T.);
#6841=ORIENTED_EDGE('',*,*,#4857,.T.);
#6842=ORIENTED_EDGE('',*,*,#4855,.F.);
#6843=ORIENTED_EDGE('',*,*,#4857,.F.);
#6844=ORIENTED_EDGE('',*,*,#4858,.T.);
#6845=ORIENTED_EDGE('',*,*,#4859,.T.);
#6846=ORIENTED_EDGE('',*,*,#4860,.F.);
#6847=ORIENTED_EDGE('',*,*,#4859,.F.);
#6848=ORIENTED_EDGE('',*,*,#4861,.T.);
#6849=ORIENTED_EDGE('',*,*,#4858,.F.);
#6850=ORIENTED_EDGE('',*,*,#4862,.F.);
#6851=ORIENTED_EDGE('',*,*,#4860,.T.);
#6852=ORIENTED_EDGE('',*,*,#4862,.T.);
#6853=ORIENTED_EDGE('',*,*,#4863,.T.);
#6854=ORIENTED_EDGE('',*,*,#4861,.F.);
#6855=ORIENTED_EDGE('',*,*,#4863,.F.);
#6856=ORIENTED_EDGE('',*,*,#4864,.F.);
#6857=ORIENTED_EDGE('',*,*,#4865,.F.);
#6858=ORIENTED_EDGE('',*,*,#4866,.F.);
#6859=ORIENTED_EDGE('',*,*,#4867,.F.);
#6860=ORIENTED_EDGE('',*,*,#4868,.F.);
#6861=ORIENTED_EDGE('',*,*,#4869,.F.);
#6862=ORIENTED_EDGE('',*,*,#4870,.F.);
#6863=ORIENTED_EDGE('',*,*,#4871,.F.);
#6864=ORIENTED_EDGE('',*,*,#4872,.F.);
#6865=ORIENTED_EDGE('',*,*,#4873,.F.);
#6866=ORIENTED_EDGE('',*,*,#4874,.F.);
#6867=ORIENTED_EDGE('',*,*,#4875,.F.);
#6868=ORIENTED_EDGE('',*,*,#4876,.F.);
#6869=ORIENTED_EDGE('',*,*,#4877,.T.);
#6870=ORIENTED_EDGE('',*,*,#4878,.F.);
#6871=ORIENTED_EDGE('',*,*,#4879,.F.);
#6872=ORIENTED_EDGE('',*,*,#4880,.T.);
#6873=ORIENTED_EDGE('',*,*,#4878,.T.);
#6874=ORIENTED_EDGE('',*,*,#4881,.T.);
#6875=ORIENTED_EDGE('',*,*,#4882,.F.);
#6876=ORIENTED_EDGE('',*,*,#4883,.T.);
#6877=ORIENTED_EDGE('',*,*,#4884,.T.);
#6878=ORIENTED_EDGE('',*,*,#4885,.T.);
#6879=ORIENTED_EDGE('',*,*,#4884,.F.);
#6880=ORIENTED_EDGE('',*,*,#4886,.T.);
#6881=ORIENTED_EDGE('',*,*,#4887,.T.);
#6882=ORIENTED_EDGE('',*,*,#4888,.T.);
#6883=ORIENTED_EDGE('',*,*,#4887,.F.);
#6884=ORIENTED_EDGE('',*,*,#4889,.T.);
#6885=ORIENTED_EDGE('',*,*,#4890,.T.);
#6886=ORIENTED_EDGE('',*,*,#4864,.T.);
#6887=ORIENTED_EDGE('',*,*,#4891,.T.);
#6888=ORIENTED_EDGE('',*,*,#4890,.F.);
#6889=ORIENTED_EDGE('',*,*,#4892,.T.);
#6890=ORIENTED_EDGE('',*,*,#4893,.T.);
#6891=ORIENTED_EDGE('',*,*,#4865,.T.);
#6892=ORIENTED_EDGE('',*,*,#4893,.F.);
#6893=ORIENTED_EDGE('',*,*,#4894,.T.);
#6894=ORIENTED_EDGE('',*,*,#4895,.T.);
#6895=ORIENTED_EDGE('',*,*,#4866,.T.);
#6896=ORIENTED_EDGE('',*,*,#4895,.F.);
#6897=ORIENTED_EDGE('',*,*,#4896,.T.);
#6898=ORIENTED_EDGE('',*,*,#4897,.T.);
#6899=ORIENTED_EDGE('',*,*,#4867,.T.);
#6900=ORIENTED_EDGE('',*,*,#4897,.F.);
#6901=ORIENTED_EDGE('',*,*,#4898,.T.);
#6902=ORIENTED_EDGE('',*,*,#4899,.T.);
#6903=ORIENTED_EDGE('',*,*,#4868,.T.);
#6904=ORIENTED_EDGE('',*,*,#4899,.F.);
#6905=ORIENTED_EDGE('',*,*,#4900,.T.);
#6906=ORIENTED_EDGE('',*,*,#4901,.T.);
#6907=ORIENTED_EDGE('',*,*,#4869,.T.);
#6908=ORIENTED_EDGE('',*,*,#4901,.F.);
#6909=ORIENTED_EDGE('',*,*,#4902,.T.);
#6910=ORIENTED_EDGE('',*,*,#4903,.T.);
#6911=ORIENTED_EDGE('',*,*,#4870,.T.);
#6912=ORIENTED_EDGE('',*,*,#4903,.F.);
#6913=ORIENTED_EDGE('',*,*,#4904,.T.);
#6914=ORIENTED_EDGE('',*,*,#4905,.T.);
#6915=ORIENTED_EDGE('',*,*,#4871,.T.);
#6916=ORIENTED_EDGE('',*,*,#4905,.F.);
#6917=ORIENTED_EDGE('',*,*,#4906,.T.);
#6918=ORIENTED_EDGE('',*,*,#4907,.T.);
#6919=ORIENTED_EDGE('',*,*,#4872,.T.);
#6920=ORIENTED_EDGE('',*,*,#4907,.F.);
#6921=ORIENTED_EDGE('',*,*,#4908,.T.);
#6922=ORIENTED_EDGE('',*,*,#4909,.T.);
#6923=ORIENTED_EDGE('',*,*,#4873,.T.);
#6924=ORIENTED_EDGE('',*,*,#4909,.F.);
#6925=ORIENTED_EDGE('',*,*,#4910,.T.);
#6926=ORIENTED_EDGE('',*,*,#4911,.T.);
#6927=ORIENTED_EDGE('',*,*,#4874,.T.);
#6928=ORIENTED_EDGE('',*,*,#4911,.F.);
#6929=ORIENTED_EDGE('',*,*,#4912,.T.);
#6930=ORIENTED_EDGE('',*,*,#4913,.T.);
#6931=ORIENTED_EDGE('',*,*,#4875,.T.);
#6932=ORIENTED_EDGE('',*,*,#4913,.F.);
#6933=ORIENTED_EDGE('',*,*,#4914,.T.);
#6934=ORIENTED_EDGE('',*,*,#4915,.T.);
#6935=ORIENTED_EDGE('',*,*,#4876,.T.);
#6936=ORIENTED_EDGE('',*,*,#4915,.F.);
#6937=ORIENTED_EDGE('',*,*,#4916,.T.);
#6938=ORIENTED_EDGE('',*,*,#4917,.T.);
#6939=ORIENTED_EDGE('',*,*,#4918,.T.);
#6940=ORIENTED_EDGE('',*,*,#4919,.T.);
#6941=ORIENTED_EDGE('',*,*,#4917,.F.);
#6942=ORIENTED_EDGE('',*,*,#4920,.T.);
#6943=ORIENTED_EDGE('',*,*,#4921,.T.);
#6944=ORIENTED_EDGE('',*,*,#4922,.T.);
#6945=ORIENTED_EDGE('',*,*,#4921,.F.);
#6946=ORIENTED_EDGE('',*,*,#4923,.T.);
#6947=ORIENTED_EDGE('',*,*,#4924,.T.);
#6948=ORIENTED_EDGE('',*,*,#4925,.T.);
#6949=ORIENTED_EDGE('',*,*,#4924,.F.);
#6950=ORIENTED_EDGE('',*,*,#4926,.T.);
#6951=ORIENTED_EDGE('',*,*,#4927,.T.);
#6952=ORIENTED_EDGE('',*,*,#4928,.T.);
#6953=ORIENTED_EDGE('',*,*,#4927,.F.);
#6954=ORIENTED_EDGE('',*,*,#4929,.T.);
#6955=ORIENTED_EDGE('',*,*,#4930,.T.);
#6956=ORIENTED_EDGE('',*,*,#4931,.T.);
#6957=ORIENTED_EDGE('',*,*,#4930,.F.);
#6958=ORIENTED_EDGE('',*,*,#4932,.T.);
#6959=ORIENTED_EDGE('',*,*,#4933,.T.);
#6960=ORIENTED_EDGE('',*,*,#4934,.T.);
#6961=ORIENTED_EDGE('',*,*,#4933,.F.);
#6962=ORIENTED_EDGE('',*,*,#4935,.T.);
#6963=ORIENTED_EDGE('',*,*,#4936,.T.);
#6964=ORIENTED_EDGE('',*,*,#4937,.T.);
#6965=ORIENTED_EDGE('',*,*,#4936,.F.);
#6966=ORIENTED_EDGE('',*,*,#4938,.T.);
#6967=ORIENTED_EDGE('',*,*,#4939,.T.);
#6968=ORIENTED_EDGE('',*,*,#4940,.T.);
#6969=ORIENTED_EDGE('',*,*,#4939,.F.);
#6970=ORIENTED_EDGE('',*,*,#4941,.T.);
#6971=ORIENTED_EDGE('',*,*,#4882,.T.);
#6972=ORIENTED_EDGE('',*,*,#4941,.F.);
#6973=ORIENTED_EDGE('',*,*,#4938,.F.);
#6974=ORIENTED_EDGE('',*,*,#4935,.F.);
#6975=ORIENTED_EDGE('',*,*,#4932,.F.);
#6976=ORIENTED_EDGE('',*,*,#4929,.F.);
#6977=ORIENTED_EDGE('',*,*,#4926,.F.);
#6978=ORIENTED_EDGE('',*,*,#4923,.F.);
#6979=ORIENTED_EDGE('',*,*,#4920,.F.);
#6980=ORIENTED_EDGE('',*,*,#4916,.F.);
#6981=ORIENTED_EDGE('',*,*,#4914,.F.);
#6982=ORIENTED_EDGE('',*,*,#4912,.F.);
#6983=ORIENTED_EDGE('',*,*,#4910,.F.);
#6984=ORIENTED_EDGE('',*,*,#4908,.F.);
#6985=ORIENTED_EDGE('',*,*,#4906,.F.);
#6986=ORIENTED_EDGE('',*,*,#4904,.F.);
#6987=ORIENTED_EDGE('',*,*,#4902,.F.);
#6988=ORIENTED_EDGE('',*,*,#4900,.F.);
#6989=ORIENTED_EDGE('',*,*,#4898,.F.);
#6990=ORIENTED_EDGE('',*,*,#4896,.F.);
#6991=ORIENTED_EDGE('',*,*,#4894,.F.);
#6992=ORIENTED_EDGE('',*,*,#4892,.F.);
#6993=ORIENTED_EDGE('',*,*,#4889,.F.);
#6994=ORIENTED_EDGE('',*,*,#4886,.F.);
#6995=ORIENTED_EDGE('',*,*,#4883,.F.);
#6996=ORIENTED_EDGE('',*,*,#4879,.T.);
#6997=ORIENTED_EDGE('',*,*,#4880,.F.);
#6998=ORIENTED_EDGE('',*,*,#4877,.F.);
#6999=ORIENTED_EDGE('',*,*,#4918,.F.);
#7000=ORIENTED_EDGE('',*,*,#4919,.F.);
#7001=ORIENTED_EDGE('',*,*,#4922,.F.);
#7002=ORIENTED_EDGE('',*,*,#4925,.F.);
#7003=ORIENTED_EDGE('',*,*,#4928,.F.);
#7004=ORIENTED_EDGE('',*,*,#4931,.F.);
#7005=ORIENTED_EDGE('',*,*,#4934,.F.);
#7006=ORIENTED_EDGE('',*,*,#4937,.F.);
#7007=ORIENTED_EDGE('',*,*,#4940,.F.);
#7008=ORIENTED_EDGE('',*,*,#4881,.F.);
#7009=ORIENTED_EDGE('',*,*,#4885,.F.);
#7010=ORIENTED_EDGE('',*,*,#4888,.F.);
#7011=ORIENTED_EDGE('',*,*,#4891,.F.);
#7012=ORIENTED_EDGE('',*,*,#4942,.T.);
#7013=ORIENTED_EDGE('',*,*,#4943,.T.);
#7014=ORIENTED_EDGE('',*,*,#4944,.F.);
#7015=ORIENTED_EDGE('',*,*,#4945,.T.);
#7016=ORIENTED_EDGE('',*,*,#4946,.T.);
#7017=ORIENTED_EDGE('',*,*,#4947,.T.);
#7018=ORIENTED_EDGE('',*,*,#4948,.T.);
#7019=ORIENTED_EDGE('',*,*,#4949,.T.);
#7020=ORIENTED_EDGE('',*,*,#4950,.T.);
#7021=ORIENTED_EDGE('',*,*,#4951,.T.);
#7022=ORIENTED_EDGE('',*,*,#4952,.T.);
#7023=ORIENTED_EDGE('',*,*,#4953,.T.);
#7024=ORIENTED_EDGE('',*,*,#4954,.T.);
#7025=ORIENTED_EDGE('',*,*,#4955,.T.);
#7026=ORIENTED_EDGE('',*,*,#4956,.T.);
#7027=ORIENTED_EDGE('',*,*,#4957,.T.);
#7028=ORIENTED_EDGE('',*,*,#4943,.F.);
#7029=ORIENTED_EDGE('',*,*,#4958,.F.);
#7030=ORIENTED_EDGE('',*,*,#4959,.F.);
#7031=ORIENTED_EDGE('',*,*,#4960,.F.);
#7032=ORIENTED_EDGE('',*,*,#4961,.T.);
#7033=ORIENTED_EDGE('',*,*,#4962,.F.);
#7034=ORIENTED_EDGE('',*,*,#4963,.F.);
#7035=ORIENTED_EDGE('',*,*,#4964,.F.);
#7036=ORIENTED_EDGE('',*,*,#4959,.T.);
#7037=ORIENTED_EDGE('',*,*,#4965,.F.);
#7038=ORIENTED_EDGE('',*,*,#4966,.F.);
#7039=ORIENTED_EDGE('',*,*,#4967,.F.);
#7040=ORIENTED_EDGE('',*,*,#4963,.T.);
#7041=ORIENTED_EDGE('',*,*,#4968,.F.);
#7042=ORIENTED_EDGE('',*,*,#4969,.F.);
#7043=ORIENTED_EDGE('',*,*,#4970,.F.);
#7044=ORIENTED_EDGE('',*,*,#4966,.T.);
#7045=ORIENTED_EDGE('',*,*,#4971,.F.);
#7046=ORIENTED_EDGE('',*,*,#4957,.F.);
#7047=ORIENTED_EDGE('',*,*,#4972,.F.);
#7048=ORIENTED_EDGE('',*,*,#4973,.F.);
#7049=ORIENTED_EDGE('',*,*,#4969,.T.);
#7050=ORIENTED_EDGE('',*,*,#4956,.F.);
#7051=ORIENTED_EDGE('',*,*,#4974,.F.);
#7052=ORIENTED_EDGE('',*,*,#4975,.F.);
#7053=ORIENTED_EDGE('',*,*,#4972,.T.);
#7054=ORIENTED_EDGE('',*,*,#4955,.F.);
#7055=ORIENTED_EDGE('',*,*,#4976,.F.);
#7056=ORIENTED_EDGE('',*,*,#4977,.F.);
#7057=ORIENTED_EDGE('',*,*,#4974,.T.);
#7058=ORIENTED_EDGE('',*,*,#4954,.F.);
#7059=ORIENTED_EDGE('',*,*,#4978,.F.);
#7060=ORIENTED_EDGE('',*,*,#4979,.F.);
#7061=ORIENTED_EDGE('',*,*,#4976,.T.);
#7062=ORIENTED_EDGE('',*,*,#4953,.F.);
#7063=ORIENTED_EDGE('',*,*,#4980,.F.);
#7064=ORIENTED_EDGE('',*,*,#4981,.F.);
#7065=ORIENTED_EDGE('',*,*,#4978,.T.);
#7066=ORIENTED_EDGE('',*,*,#4952,.F.);
#7067=ORIENTED_EDGE('',*,*,#4982,.F.);
#7068=ORIENTED_EDGE('',*,*,#4983,.F.);
#7069=ORIENTED_EDGE('',*,*,#4980,.T.);
#7070=ORIENTED_EDGE('',*,*,#4951,.F.);
#7071=ORIENTED_EDGE('',*,*,#4984,.F.);
#7072=ORIENTED_EDGE('',*,*,#4985,.F.);
#7073=ORIENTED_EDGE('',*,*,#4982,.T.);
#7074=ORIENTED_EDGE('',*,*,#4950,.F.);
#7075=ORIENTED_EDGE('',*,*,#4986,.F.);
#7076=ORIENTED_EDGE('',*,*,#4987,.F.);
#7077=ORIENTED_EDGE('',*,*,#4984,.T.);
#7078=ORIENTED_EDGE('',*,*,#4949,.F.);
#7079=ORIENTED_EDGE('',*,*,#4988,.F.);
#7080=ORIENTED_EDGE('',*,*,#4989,.F.);
#7081=ORIENTED_EDGE('',*,*,#4986,.T.);
#7082=ORIENTED_EDGE('',*,*,#4948,.F.);
#7083=ORIENTED_EDGE('',*,*,#4990,.F.);
#7084=ORIENTED_EDGE('',*,*,#4991,.F.);
#7085=ORIENTED_EDGE('',*,*,#4988,.T.);
#7086=ORIENTED_EDGE('',*,*,#4947,.F.);
#7087=ORIENTED_EDGE('',*,*,#4992,.F.);
#7088=ORIENTED_EDGE('',*,*,#4993,.F.);
#7089=ORIENTED_EDGE('',*,*,#4990,.T.);
#7090=ORIENTED_EDGE('',*,*,#4946,.F.);
#7091=ORIENTED_EDGE('',*,*,#4994,.F.);
#7092=ORIENTED_EDGE('',*,*,#4995,.F.);
#7093=ORIENTED_EDGE('',*,*,#4996,.F.);
#7094=ORIENTED_EDGE('',*,*,#4992,.T.);
#7095=ORIENTED_EDGE('',*,*,#4945,.F.);
#7096=ORIENTED_EDGE('',*,*,#4997,.F.);
#7097=ORIENTED_EDGE('',*,*,#4998,.F.);
#7098=ORIENTED_EDGE('',*,*,#4995,.T.);
#7099=ORIENTED_EDGE('',*,*,#4999,.F.);
#7100=ORIENTED_EDGE('',*,*,#5000,.F.);
#7101=ORIENTED_EDGE('',*,*,#5001,.F.);
#7102=ORIENTED_EDGE('',*,*,#4997,.T.);
#7103=ORIENTED_EDGE('',*,*,#5002,.F.);
#7104=ORIENTED_EDGE('',*,*,#5003,.F.);
#7105=ORIENTED_EDGE('',*,*,#5004,.F.);
#7106=ORIENTED_EDGE('',*,*,#5000,.T.);
#7107=ORIENTED_EDGE('',*,*,#5005,.F.);
#7108=ORIENTED_EDGE('',*,*,#5006,.F.);
#7109=ORIENTED_EDGE('',*,*,#5007,.F.);
#7110=ORIENTED_EDGE('',*,*,#5003,.T.);
#7111=ORIENTED_EDGE('',*,*,#5008,.F.);
#7112=ORIENTED_EDGE('',*,*,#5009,.F.);
#7113=ORIENTED_EDGE('',*,*,#5010,.F.);
#7114=ORIENTED_EDGE('',*,*,#5006,.T.);
#7115=ORIENTED_EDGE('',*,*,#5011,.F.);
#7116=ORIENTED_EDGE('',*,*,#5012,.F.);
#7117=ORIENTED_EDGE('',*,*,#5013,.F.);
#7118=ORIENTED_EDGE('',*,*,#5009,.T.);
#7119=ORIENTED_EDGE('',*,*,#5014,.F.);
#7120=ORIENTED_EDGE('',*,*,#5015,.F.);
#7121=ORIENTED_EDGE('',*,*,#5016,.F.);
#7122=ORIENTED_EDGE('',*,*,#5012,.T.);
#7123=ORIENTED_EDGE('',*,*,#5017,.F.);
#7124=ORIENTED_EDGE('',*,*,#4961,.F.);
#7125=ORIENTED_EDGE('',*,*,#5018,.F.);
#7126=ORIENTED_EDGE('',*,*,#5015,.T.);
#7127=ORIENTED_EDGE('',*,*,#5019,.F.);
#7128=ORIENTED_EDGE('',*,*,#4960,.T.);
#7129=ORIENTED_EDGE('',*,*,#4964,.T.);
#7130=ORIENTED_EDGE('',*,*,#4967,.T.);
#7131=ORIENTED_EDGE('',*,*,#4970,.T.);
#7132=ORIENTED_EDGE('',*,*,#4973,.T.);
#7133=ORIENTED_EDGE('',*,*,#4975,.T.);
#7134=ORIENTED_EDGE('',*,*,#4977,.T.);
#7135=ORIENTED_EDGE('',*,*,#4979,.T.);
#7136=ORIENTED_EDGE('',*,*,#4981,.T.);
#7137=ORIENTED_EDGE('',*,*,#4983,.T.);
#7138=ORIENTED_EDGE('',*,*,#4985,.T.);
#7139=ORIENTED_EDGE('',*,*,#4987,.T.);
#7140=ORIENTED_EDGE('',*,*,#4989,.T.);
#7141=ORIENTED_EDGE('',*,*,#4991,.T.);
#7142=ORIENTED_EDGE('',*,*,#4993,.T.);
#7143=ORIENTED_EDGE('',*,*,#4996,.T.);
#7144=ORIENTED_EDGE('',*,*,#4998,.T.);
#7145=ORIENTED_EDGE('',*,*,#5001,.T.);
#7146=ORIENTED_EDGE('',*,*,#5004,.T.);
#7147=ORIENTED_EDGE('',*,*,#5007,.T.);
#7148=ORIENTED_EDGE('',*,*,#5010,.T.);
#7149=ORIENTED_EDGE('',*,*,#5013,.T.);
#7150=ORIENTED_EDGE('',*,*,#5016,.T.);
#7151=ORIENTED_EDGE('',*,*,#5018,.T.);
#7152=ORIENTED_EDGE('',*,*,#4971,.T.);
#7153=ORIENTED_EDGE('',*,*,#4968,.T.);
#7154=ORIENTED_EDGE('',*,*,#4965,.T.);
#7155=ORIENTED_EDGE('',*,*,#4962,.T.);
#7156=ORIENTED_EDGE('',*,*,#5019,.T.);
#7157=ORIENTED_EDGE('',*,*,#5017,.T.);
#7158=ORIENTED_EDGE('',*,*,#5014,.T.);
#7159=ORIENTED_EDGE('',*,*,#5011,.T.);
#7160=ORIENTED_EDGE('',*,*,#5008,.T.);
#7161=ORIENTED_EDGE('',*,*,#5005,.T.);
#7162=ORIENTED_EDGE('',*,*,#5002,.T.);
#7163=ORIENTED_EDGE('',*,*,#4999,.T.);
#7164=ORIENTED_EDGE('',*,*,#4994,.T.);
#7165=ORIENTED_EDGE('',*,*,#4944,.T.);
#7166=ORIENTED_EDGE('',*,*,#4958,.T.);
#7167=ORIENTED_EDGE('',*,*,#4942,.F.);
#7168=ORIENTED_EDGE('',*,*,#5020,.F.);
#7169=ORIENTED_EDGE('',*,*,#5021,.T.);
#7170=ORIENTED_EDGE('',*,*,#5022,.T.);
#7171=ORIENTED_EDGE('',*,*,#5021,.F.);
#7172=ORIENTED_EDGE('',*,*,#5023,.T.);
#7173=ORIENTED_EDGE('',*,*,#5022,.F.);
#7174=ORIENTED_EDGE('',*,*,#5024,.F.);
#7175=ORIENTED_EDGE('',*,*,#5020,.T.);
#7176=ORIENTED_EDGE('',*,*,#5024,.T.);
#7177=ORIENTED_EDGE('',*,*,#5025,.T.);
#7178=ORIENTED_EDGE('',*,*,#5023,.F.);
#7179=ORIENTED_EDGE('',*,*,#5025,.F.);
#7180=ORIENTED_EDGE('',*,*,#5026,.F.);
#7181=ORIENTED_EDGE('',*,*,#5027,.T.);
#7182=ORIENTED_EDGE('',*,*,#5028,.T.);
#7183=ORIENTED_EDGE('',*,*,#5027,.F.);
#7184=ORIENTED_EDGE('',*,*,#5029,.T.);
#7185=ORIENTED_EDGE('',*,*,#5028,.F.);
#7186=ORIENTED_EDGE('',*,*,#5030,.F.);
#7187=ORIENTED_EDGE('',*,*,#5026,.T.);
#7188=ORIENTED_EDGE('',*,*,#5030,.T.);
#7189=ORIENTED_EDGE('',*,*,#5031,.T.);
#7190=ORIENTED_EDGE('',*,*,#5029,.F.);
#7191=ORIENTED_EDGE('',*,*,#5031,.F.);
#7192=ORIENTED_EDGE('',*,*,#5032,.F.);
#7193=ORIENTED_EDGE('',*,*,#5033,.T.);
#7194=ORIENTED_EDGE('',*,*,#5034,.T.);
#7195=ORIENTED_EDGE('',*,*,#5033,.F.);
#7196=ORIENTED_EDGE('',*,*,#5035,.T.);
#7197=ORIENTED_EDGE('',*,*,#5034,.F.);
#7198=ORIENTED_EDGE('',*,*,#5036,.F.);
#7199=ORIENTED_EDGE('',*,*,#5032,.T.);
#7200=ORIENTED_EDGE('',*,*,#5036,.T.);
#7201=ORIENTED_EDGE('',*,*,#5037,.T.);
#7202=ORIENTED_EDGE('',*,*,#5035,.F.);
#7203=ORIENTED_EDGE('',*,*,#5037,.F.);
#7204=ORIENTED_EDGE('',*,*,#5038,.F.);
#7205=ORIENTED_EDGE('',*,*,#5039,.T.);
#7206=ORIENTED_EDGE('',*,*,#5040,.T.);
#7207=ORIENTED_EDGE('',*,*,#5039,.F.);
#7208=ORIENTED_EDGE('',*,*,#5041,.T.);
#7209=ORIENTED_EDGE('',*,*,#5040,.F.);
#7210=ORIENTED_EDGE('',*,*,#5042,.F.);
#7211=ORIENTED_EDGE('',*,*,#5038,.T.);
#7212=ORIENTED_EDGE('',*,*,#5042,.T.);
#7213=ORIENTED_EDGE('',*,*,#5043,.T.);
#7214=ORIENTED_EDGE('',*,*,#5041,.F.);
#7215=ORIENTED_EDGE('',*,*,#5043,.F.);
#7216=ORIENTED_EDGE('',*,*,#5044,.T.);
#7217=ORIENTED_EDGE('',*,*,#5044,.F.);
#7218=ORIENTED_EDGE('',*,*,#5045,.T.);
#7219=ORIENTED_EDGE('',*,*,#5045,.F.);
#7220=ORIENTED_EDGE('',*,*,#5046,.T.);
#7221=ORIENTED_EDGE('',*,*,#5047,.T.);
#7222=ORIENTED_EDGE('',*,*,#5048,.F.);
#7223=ORIENTED_EDGE('',*,*,#5047,.F.);
#7224=ORIENTED_EDGE('',*,*,#5049,.T.);
#7225=ORIENTED_EDGE('',*,*,#5046,.F.);
#7226=ORIENTED_EDGE('',*,*,#5050,.F.);
#7227=ORIENTED_EDGE('',*,*,#5048,.T.);
#7228=ORIENTED_EDGE('',*,*,#5050,.T.);
#7229=ORIENTED_EDGE('',*,*,#5051,.T.);
#7230=ORIENTED_EDGE('',*,*,#5049,.F.);
#7231=ORIENTED_EDGE('',*,*,#5051,.F.);
#7232=ORIENTED_EDGE('',*,*,#5052,.T.);
#7233=ORIENTED_EDGE('',*,*,#5053,.T.);
#7234=ORIENTED_EDGE('',*,*,#5054,.F.);
#7235=ORIENTED_EDGE('',*,*,#5053,.F.);
#7236=ORIENTED_EDGE('',*,*,#5055,.T.);
#7237=ORIENTED_EDGE('',*,*,#5052,.F.);
#7238=ORIENTED_EDGE('',*,*,#5056,.F.);
#7239=ORIENTED_EDGE('',*,*,#5054,.T.);
#7240=ORIENTED_EDGE('',*,*,#5056,.T.);
#7241=ORIENTED_EDGE('',*,*,#5057,.T.);
#7242=ORIENTED_EDGE('',*,*,#5055,.F.);
#7243=ORIENTED_EDGE('',*,*,#5057,.F.);
#7244=ORIENTED_EDGE('',*,*,#5058,.F.);
#7245=ORIENTED_EDGE('',*,*,#5059,.T.);
#7246=ORIENTED_EDGE('',*,*,#5060,.T.);
#7247=ORIENTED_EDGE('',*,*,#5059,.F.);
#7248=ORIENTED_EDGE('',*,*,#5058,.T.);
#7249=ORIENTED_EDGE('',*,*,#5061,.T.);
#7250=ORIENTED_EDGE('',*,*,#5062,.T.);
#7251=ORIENTED_EDGE('',*,*,#5063,.T.);
#7252=ORIENTED_EDGE('',*,*,#5064,.F.);
#7253=ORIENTED_EDGE('',*,*,#5065,.F.);
#7254=ORIENTED_EDGE('',*,*,#5066,.T.);
#7255=ORIENTED_EDGE('',*,*,#5067,.T.);
#7256=ORIENTED_EDGE('',*,*,#5068,.F.);
#7257=ORIENTED_EDGE('',*,*,#5063,.F.);
#7258=ORIENTED_EDGE('',*,*,#5069,.T.);
#7259=ORIENTED_EDGE('',*,*,#5070,.T.);
#7260=ORIENTED_EDGE('',*,*,#5071,.F.);
#7261=ORIENTED_EDGE('',*,*,#5067,.F.);
#7262=ORIENTED_EDGE('',*,*,#5072,.T.);
#7263=ORIENTED_EDGE('',*,*,#5073,.T.);
#7264=ORIENTED_EDGE('',*,*,#5074,.F.);
#7265=ORIENTED_EDGE('',*,*,#5070,.F.);
#7266=ORIENTED_EDGE('',*,*,#5075,.T.);
#7267=ORIENTED_EDGE('',*,*,#5076,.T.);
#7268=ORIENTED_EDGE('',*,*,#5077,.F.);
#7269=ORIENTED_EDGE('',*,*,#5073,.F.);
#7270=ORIENTED_EDGE('',*,*,#5078,.T.);
#7271=ORIENTED_EDGE('',*,*,#5079,.T.);
#7272=ORIENTED_EDGE('',*,*,#5080,.F.);
#7273=ORIENTED_EDGE('',*,*,#5076,.F.);
#7274=ORIENTED_EDGE('',*,*,#5081,.T.);
#7275=ORIENTED_EDGE('',*,*,#5082,.T.);
#7276=ORIENTED_EDGE('',*,*,#5083,.F.);
#7277=ORIENTED_EDGE('',*,*,#5079,.F.);
#7278=ORIENTED_EDGE('',*,*,#5084,.T.);
#7279=ORIENTED_EDGE('',*,*,#5085,.T.);
#7280=ORIENTED_EDGE('',*,*,#5086,.F.);
#7281=ORIENTED_EDGE('',*,*,#5082,.F.);
#7282=ORIENTED_EDGE('',*,*,#5087,.T.);
#7283=ORIENTED_EDGE('',*,*,#5088,.T.);
#7284=ORIENTED_EDGE('',*,*,#5089,.F.);
#7285=ORIENTED_EDGE('',*,*,#5085,.F.);
#7286=ORIENTED_EDGE('',*,*,#5090,.T.);
#7287=ORIENTED_EDGE('',*,*,#5091,.T.);
#7288=ORIENTED_EDGE('',*,*,#5092,.F.);
#7289=ORIENTED_EDGE('',*,*,#5088,.F.);
#7290=ORIENTED_EDGE('',*,*,#5093,.T.);
#7291=ORIENTED_EDGE('',*,*,#5094,.T.);
#7292=ORIENTED_EDGE('',*,*,#5095,.F.);
#7293=ORIENTED_EDGE('',*,*,#5091,.F.);
#7294=ORIENTED_EDGE('',*,*,#5096,.T.);
#7295=ORIENTED_EDGE('',*,*,#5097,.T.);
#7296=ORIENTED_EDGE('',*,*,#5098,.F.);
#7297=ORIENTED_EDGE('',*,*,#5094,.F.);
#7298=ORIENTED_EDGE('',*,*,#5099,.T.);
#7299=ORIENTED_EDGE('',*,*,#5100,.T.);
#7300=ORIENTED_EDGE('',*,*,#5101,.F.);
#7301=ORIENTED_EDGE('',*,*,#5097,.F.);
#7302=ORIENTED_EDGE('',*,*,#5102,.T.);
#7303=ORIENTED_EDGE('',*,*,#5103,.T.);
#7304=ORIENTED_EDGE('',*,*,#5104,.F.);
#7305=ORIENTED_EDGE('',*,*,#5100,.F.);
#7306=ORIENTED_EDGE('',*,*,#5105,.T.);
#7307=ORIENTED_EDGE('',*,*,#5106,.T.);
#7308=ORIENTED_EDGE('',*,*,#5107,.F.);
#7309=ORIENTED_EDGE('',*,*,#5103,.F.);
#7310=ORIENTED_EDGE('',*,*,#5108,.T.);
#7311=ORIENTED_EDGE('',*,*,#5109,.T.);
#7312=ORIENTED_EDGE('',*,*,#5110,.F.);
#7313=ORIENTED_EDGE('',*,*,#5106,.F.);
#7314=ORIENTED_EDGE('',*,*,#5111,.T.);
#7315=ORIENTED_EDGE('',*,*,#5112,.T.);
#7316=ORIENTED_EDGE('',*,*,#5113,.F.);
#7317=ORIENTED_EDGE('',*,*,#5109,.F.);
#7318=ORIENTED_EDGE('',*,*,#5114,.T.);
#7319=ORIENTED_EDGE('',*,*,#5115,.T.);
#7320=ORIENTED_EDGE('',*,*,#5116,.F.);
#7321=ORIENTED_EDGE('',*,*,#5112,.F.);
#7322=ORIENTED_EDGE('',*,*,#5117,.T.);
#7323=ORIENTED_EDGE('',*,*,#5118,.T.);
#7324=ORIENTED_EDGE('',*,*,#5119,.F.);
#7325=ORIENTED_EDGE('',*,*,#5115,.F.);
#7326=ORIENTED_EDGE('',*,*,#5120,.T.);
#7327=ORIENTED_EDGE('',*,*,#5065,.T.);
#7328=ORIENTED_EDGE('',*,*,#5121,.F.);
#7329=ORIENTED_EDGE('',*,*,#5118,.F.);
#7330=ORIENTED_EDGE('',*,*,#5120,.F.);
#7331=ORIENTED_EDGE('',*,*,#5117,.F.);
#7332=ORIENTED_EDGE('',*,*,#5114,.F.);
#7333=ORIENTED_EDGE('',*,*,#5111,.F.);
#7334=ORIENTED_EDGE('',*,*,#5108,.F.);
#7335=ORIENTED_EDGE('',*,*,#5105,.F.);
#7336=ORIENTED_EDGE('',*,*,#5102,.F.);
#7337=ORIENTED_EDGE('',*,*,#5099,.F.);
#7338=ORIENTED_EDGE('',*,*,#5096,.F.);
#7339=ORIENTED_EDGE('',*,*,#5093,.F.);
#7340=ORIENTED_EDGE('',*,*,#5090,.F.);
#7341=ORIENTED_EDGE('',*,*,#5087,.F.);
#7342=ORIENTED_EDGE('',*,*,#5084,.F.);
#7343=ORIENTED_EDGE('',*,*,#5081,.F.);
#7344=ORIENTED_EDGE('',*,*,#5078,.F.);
#7345=ORIENTED_EDGE('',*,*,#5075,.F.);
#7346=ORIENTED_EDGE('',*,*,#5072,.F.);
#7347=ORIENTED_EDGE('',*,*,#5069,.F.);
#7348=ORIENTED_EDGE('',*,*,#5066,.F.);
#7349=ORIENTED_EDGE('',*,*,#5062,.F.);
#7350=ORIENTED_EDGE('',*,*,#5122,.F.);
#7351=ORIENTED_EDGE('',*,*,#5123,.F.);
#7352=ORIENTED_EDGE('',*,*,#5124,.F.);
#7353=ORIENTED_EDGE('',*,*,#5125,.F.);
#7354=ORIENTED_EDGE('',*,*,#5126,.F.);
#7355=ORIENTED_EDGE('',*,*,#5127,.F.);
#7356=ORIENTED_EDGE('',*,*,#5128,.F.);
#7357=ORIENTED_EDGE('',*,*,#5129,.F.);
#7358=ORIENTED_EDGE('',*,*,#5130,.F.);
#7359=ORIENTED_EDGE('',*,*,#5131,.F.);
#7360=ORIENTED_EDGE('',*,*,#5064,.T.);
#7361=ORIENTED_EDGE('',*,*,#5068,.T.);
#7362=ORIENTED_EDGE('',*,*,#5071,.T.);
#7363=ORIENTED_EDGE('',*,*,#5074,.T.);
#7364=ORIENTED_EDGE('',*,*,#5077,.T.);
#7365=ORIENTED_EDGE('',*,*,#5080,.T.);
#7366=ORIENTED_EDGE('',*,*,#5083,.T.);
#7367=ORIENTED_EDGE('',*,*,#5086,.T.);
#7368=ORIENTED_EDGE('',*,*,#5089,.T.);
#7369=ORIENTED_EDGE('',*,*,#5092,.T.);
#7370=ORIENTED_EDGE('',*,*,#5095,.T.);
#7371=ORIENTED_EDGE('',*,*,#5098,.T.);
#7372=ORIENTED_EDGE('',*,*,#5101,.T.);
#7373=ORIENTED_EDGE('',*,*,#5104,.T.);
#7374=ORIENTED_EDGE('',*,*,#5107,.T.);
#7375=ORIENTED_EDGE('',*,*,#5110,.T.);
#7376=ORIENTED_EDGE('',*,*,#5113,.T.);
#7377=ORIENTED_EDGE('',*,*,#5116,.T.);
#7378=ORIENTED_EDGE('',*,*,#5119,.T.);
#7379=ORIENTED_EDGE('',*,*,#5121,.T.);
#7380=ORIENTED_EDGE('',*,*,#5060,.F.);
#7381=ORIENTED_EDGE('',*,*,#5132,.T.);
#7382=ORIENTED_EDGE('',*,*,#5133,.T.);
#7383=ORIENTED_EDGE('',*,*,#5134,.F.);
#7384=ORIENTED_EDGE('',*,*,#5135,.F.);
#7385=ORIENTED_EDGE('',*,*,#5136,.F.);
#7386=ORIENTED_EDGE('',*,*,#5137,.F.);
#7387=ORIENTED_EDGE('',*,*,#5138,.F.);
#7388=ORIENTED_EDGE('',*,*,#5139,.F.);
#7389=ORIENTED_EDGE('',*,*,#5140,.F.);
#7390=ORIENTED_EDGE('',*,*,#5141,.F.);
#7391=ORIENTED_EDGE('',*,*,#5142,.F.);
#7392=ORIENTED_EDGE('',*,*,#5129,.T.);
#7393=ORIENTED_EDGE('',*,*,#5143,.T.);
#7394=ORIENTED_EDGE('',*,*,#5141,.T.);
#7395=ORIENTED_EDGE('',*,*,#5144,.F.);
#7396=ORIENTED_EDGE('',*,*,#5122,.T.);
#7397=ORIENTED_EDGE('',*,*,#5144,.T.);
#7398=ORIENTED_EDGE('',*,*,#5140,.T.);
#7399=ORIENTED_EDGE('',*,*,#5145,.F.);
#7400=ORIENTED_EDGE('',*,*,#5123,.T.);
#7401=ORIENTED_EDGE('',*,*,#5145,.T.);
#7402=ORIENTED_EDGE('',*,*,#5139,.T.);
#7403=ORIENTED_EDGE('',*,*,#5146,.F.);
#7404=ORIENTED_EDGE('',*,*,#5124,.T.);
#7405=ORIENTED_EDGE('',*,*,#5146,.T.);
#7406=ORIENTED_EDGE('',*,*,#5138,.T.);
#7407=ORIENTED_EDGE('',*,*,#5147,.F.);
#7408=ORIENTED_EDGE('',*,*,#5125,.T.);
#7409=ORIENTED_EDGE('',*,*,#5147,.T.);
#7410=ORIENTED_EDGE('',*,*,#5137,.T.);
#7411=ORIENTED_EDGE('',*,*,#5148,.F.);
#7412=ORIENTED_EDGE('',*,*,#5126,.T.);
#7413=ORIENTED_EDGE('',*,*,#5148,.T.);
#7414=ORIENTED_EDGE('',*,*,#5136,.T.);
#7415=ORIENTED_EDGE('',*,*,#5149,.F.);
#7416=ORIENTED_EDGE('',*,*,#5127,.T.);
#7417=ORIENTED_EDGE('',*,*,#5149,.T.);
#7418=ORIENTED_EDGE('',*,*,#5135,.T.);
#7419=ORIENTED_EDGE('',*,*,#5150,.F.);
#7420=ORIENTED_EDGE('',*,*,#5128,.T.);
#7421=ORIENTED_EDGE('',*,*,#5150,.T.);
#7422=ORIENTED_EDGE('',*,*,#5134,.T.);
#7423=ORIENTED_EDGE('',*,*,#5143,.F.);
#7424=ORIENTED_EDGE('',*,*,#5142,.T.);
#7425=ORIENTED_EDGE('',*,*,#5151,.T.);
#7426=ORIENTED_EDGE('',*,*,#5061,.F.);
#7427=ORIENTED_EDGE('',*,*,#5151,.F.);
#7428=ORIENTED_EDGE('',*,*,#5130,.T.);
#7429=ORIENTED_EDGE('',*,*,#5152,.T.);
#7430=ORIENTED_EDGE('',*,*,#5132,.F.);
#7431=ORIENTED_EDGE('',*,*,#5152,.F.);
#7432=ORIENTED_EDGE('',*,*,#5131,.T.);
#7433=ORIENTED_EDGE('',*,*,#5153,.T.);
#7434=ORIENTED_EDGE('',*,*,#5133,.F.);
#7435=ORIENTED_EDGE('',*,*,#5153,.F.);
#7436=PLANE('',#8302);
#7437=PLANE('',#8303);
#7438=PLANE('',#8304);
#7439=PLANE('',#8305);
#7440=PLANE('',#8306);
#7441=PLANE('',#8307);
#7442=PLANE('',#8352);
#7443=PLANE('',#8353);
#7444=PLANE('',#8354);
#7445=PLANE('',#8355);
#7446=PLANE('',#8356);
#7447=PLANE('',#8357);
#7448=PLANE('',#8402);
#7449=PLANE('',#8403);
#7450=PLANE('',#8404);
#7451=PLANE('',#8405);
#7452=PLANE('',#8406);
#7453=PLANE('',#8407);
#7454=PLANE('',#8408);
#7455=PLANE('',#8409);
#7456=PLANE('',#8410);
#7457=PLANE('',#8411);
#7458=PLANE('',#8412);
#7459=PLANE('',#8413);
#7460=PLANE('',#8414);
#7461=PLANE('',#8415);
#7462=PLANE('',#8416);
#7463=PLANE('',#8417);
#7464=PLANE('',#8418);
#7465=PLANE('',#8419);
#7466=PLANE('',#8420);
#7467=PLANE('',#8421);
#7468=PLANE('',#8422);
#7469=PLANE('',#8423);
#7470=PLANE('',#8424);
#7471=PLANE('',#8425);
#7472=PLANE('',#8426);
#7473=PLANE('',#8427);
#7474=PLANE('',#8428);
#7475=PLANE('',#8429);
#7476=PLANE('',#8430);
#7477=PLANE('',#8431);
#7478=PLANE('',#8432);
#7479=PLANE('',#8433);
#7480=PLANE('',#8434);
#7481=PLANE('',#8435);
#7482=PLANE('',#8436);
#7483=PLANE('',#8437);
#7484=PLANE('',#8438);
#7485=PLANE('',#8439);
#7486=PLANE('',#8440);
#7487=PLANE('',#8441);
#7488=PLANE('',#8442);
#7489=PLANE('',#8443);
#7490=PLANE('',#8444);
#7491=PLANE('',#8480);
#7492=PLANE('',#8481);
#7493=PLANE('',#8482);
#7494=PLANE('',#8483);
#7495=PLANE('',#8484);
#7496=PLANE('',#8520);
#7497=PLANE('',#8521);
#7498=PLANE('',#8522);
#7499=PLANE('',#8523);
#7500=PLANE('',#8524);
#7501=PLANE('',#8525);
#7502=PLANE('',#8526);
#7503=PLANE('',#8527);
#7504=PLANE('',#8528);
#7505=PLANE('',#8529);
#7506=PLANE('',#8530);
#7507=PLANE('',#8531);
#7508=PLANE('',#8532);
#7509=PLANE('',#8533);
#7510=PLANE('',#8534);
#7511=PLANE('',#8535);
#7512=PLANE('',#8536);
#7513=PLANE('',#8537);
#7514=PLANE('',#8538);
#7515=PLANE('',#8539);
#7516=PLANE('',#8540);
#7517=PLANE('',#8541);
#7518=PLANE('',#8542);
#7519=PLANE('',#8543);
#7520=PLANE('',#8544);
#7521=PLANE('',#8545);
#7522=PLANE('',#8546);
#7523=PLANE('',#8547);
#7524=PLANE('',#8548);
#7525=PLANE('',#8549);
#7526=PLANE('',#8550);
#7527=PLANE('',#8551);
#7528=PLANE('',#8552);
#7529=PLANE('',#8553);
#7530=PLANE('',#8554);
#7531=PLANE('',#8555);
#7532=PLANE('',#8556);
#7533=PLANE('',#8557);
#7534=PLANE('',#8558);
#7535=PLANE('',#8559);
#7536=PLANE('',#8560);
#7537=PLANE('',#8561);
#7538=PLANE('',#8562);
#7539=PLANE('',#8563);
#7540=PLANE('',#8564);
#7541=PLANE('',#8565);
#7542=PLANE('',#8566);
#7543=PLANE('',#8567);
#7544=PLANE('',#8568);
#7545=PLANE('',#8569);
#7546=PLANE('',#8570);
#7547=PLANE('',#8571);
#7548=PLANE('',#8572);
#7549=PLANE('',#8573);
#7550=PLANE('',#8574);
#7551=PLANE('',#8575);
#7552=PLANE('',#8576);
#7553=PLANE('',#8577);
#7554=PLANE('',#8578);
#7555=PLANE('',#8579);
#7556=PLANE('',#8580);
#7557=PLANE('',#8581);
#7558=PLANE('',#8582);
#7559=PLANE('',#8583);
#7560=PLANE('',#8584);
#7561=PLANE('',#8585);
#7562=PLANE('',#8586);
#7563=PLANE('',#8587);
#7564=PLANE('',#8588);
#7565=PLANE('',#8589);
#7566=PLANE('',#8590);
#7567=PLANE('',#8591);
#7568=PLANE('',#8592);
#7569=PLANE('',#8593);
#7570=PLANE('',#8594);
#7571=PLANE('',#8595);
#7572=PLANE('',#8596);
#7573=PLANE('',#8597);
#7574=PLANE('',#8598);
#7575=PLANE('',#8599);
#7576=PLANE('',#8600);
#7577=PLANE('',#8601);
#7578=PLANE('',#8602);
#7579=PLANE('',#8603);
#7580=PLANE('',#8604);
#7581=PLANE('',#8605);
#7582=PLANE('',#8606);
#7583=PLANE('',#8607);
#7584=PLANE('',#8608);
#7585=PLANE('',#8609);
#7586=PLANE('',#8610);
#7587=PLANE('',#8611);
#7588=PLANE('',#8612);
#7589=PLANE('',#8613);
#7590=PLANE('',#8614);
#7591=PLANE('',#8615);
#7592=PLANE('',#8616);
#7593=PLANE('',#8617);
#7594=PLANE('',#8618);
#7595=PLANE('',#8619);
#7596=PLANE('',#8620);
#7597=PLANE('',#8621);
#7598=PLANE('',#8622);
#7599=PLANE('',#8623);
#7600=PLANE('',#8624);
#7601=PLANE('',#8625);
#7602=PLANE('',#8626);
#7603=PLANE('',#8627);
#7604=PLANE('',#8628);
#7605=PLANE('',#8629);
#7606=PLANE('',#8630);
#7607=PLANE('',#8631);
#7608=PLANE('',#8632);
#7609=PLANE('',#8633);
#7610=PLANE('',#8634);
#7611=PLANE('',#8635);
#7612=PLANE('',#8636);
#7613=PLANE('',#8637);
#7614=PLANE('',#8638);
#7615=PLANE('',#8639);
#7616=PLANE('',#8640);
#7617=PLANE('',#8641);
#7618=PLANE('',#8642);
#7619=PLANE('',#8643);
#7620=PLANE('',#8644);
#7621=PLANE('',#8645);
#7622=PLANE('',#8646);
#7623=PLANE('',#8647);
#7624=PLANE('',#8648);
#7625=PLANE('',#8649);
#7626=PLANE('',#8650);
#7627=PLANE('',#8651);
#7628=PLANE('',#8652);
#7629=PLANE('',#8653);
#7630=PLANE('',#8654);
#7631=PLANE('',#8655);
#7632=PLANE('',#8656);
#7633=PLANE('',#8657);
#7634=PLANE('',#8658);
#7635=PLANE('',#8659);
#7636=PLANE('',#8660);
#7637=PLANE('',#8661);
#7638=PLANE('',#8662);
#7639=PLANE('',#8663);
#7640=PLANE('',#8664);
#7641=PLANE('',#8665);
#7642=PLANE('',#8666);
#7643=PLANE('',#8667);
#7644=PLANE('',#8668);
#7645=PLANE('',#8669);
#7646=PLANE('',#8670);
#7647=PLANE('',#8671);
#7648=PLANE('',#8672);
#7649=PLANE('',#8673);
#7650=PLANE('',#8674);
#7651=PLANE('',#8675);
#7652=PLANE('',#8676);
#7653=PLANE('',#8677);
#7654=PLANE('',#8678);
#7655=PLANE('',#8679);
#7656=PLANE('',#8680);
#7657=PLANE('',#8681);
#7658=PLANE('',#8682);
#7659=PLANE('',#8683);
#7660=PLANE('',#8684);
#7661=PLANE('',#8685);
#7662=PLANE('',#8686);
#7663=PLANE('',#8687);
#7664=PLANE('',#8688);
#7665=PLANE('',#8689);
#7666=PLANE('',#8690);
#7667=PLANE('',#8691);
#7668=PLANE('',#8692);
#7669=PLANE('',#8693);
#7670=PLANE('',#8694);
#7671=PLANE('',#8695);
#7672=PLANE('',#8696);
#7673=PLANE('',#8697);
#7674=PLANE('',#8698);
#7675=PLANE('',#8699);
#7676=PLANE('',#8700);
#7677=PLANE('',#8701);
#7678=PLANE('',#8702);
#7679=PLANE('',#8703);
#7680=PLANE('',#8704);
#7681=PLANE('',#8705);
#7682=PLANE('',#8706);
#7683=PLANE('',#8707);
#7684=PLANE('',#8708);
#7685=PLANE('',#8709);
#7686=PLANE('',#8710);
#7687=PLANE('',#8711);
#7688=PLANE('',#8712);
#7689=PLANE('',#8713);
#7690=PLANE('',#8714);
#7691=PLANE('',#8715);
#7692=PLANE('',#8716);
#7693=PLANE('',#8717);
#7694=PLANE('',#8718);
#7695=PLANE('',#8719);
#7696=PLANE('',#8720);
#7697=PLANE('',#8730);
#7698=PLANE('',#8742);
#7699=PLANE('',#8762);
#7700=PLANE('',#8764);
#7701=PLANE('',#8770);
#7702=PLANE('',#8772);
#7703=PLANE('',#8778);
#7704=PLANE('',#8780);
#7705=PLANE('',#8786);
#7706=PLANE('',#8788);
#7707=PLANE('',#8797);
#7708=PLANE('',#8801);
#7709=PLANE('',#8804);
#7710=PLANE('',#8808);
#7711=PLANE('',#8811);
#7712=PLANE('',#8814);
#7713=PLANE('',#8817);
#7714=PLANE('',#8820);
#7715=PLANE('',#8823);
#7716=PLANE('',#8827);
#7717=PLANE('',#8830);
#7718=PLANE('',#8833);
#7719=PLANE('',#8837);
#7720=PLANE('',#8838);
#7721=PLANE('',#8845);
#7722=PLANE('',#8849);
#7723=PLANE('',#8852);
#7724=PLANE('',#8856);
#7725=PLANE('',#8859);
#7726=PLANE('',#8862);
#7727=PLANE('',#8865);
#7728=PLANE('',#8868);
#7729=PLANE('',#8871);
#7730=PLANE('',#8875);
#7731=PLANE('',#8878);
#7732=PLANE('',#8881);
#7733=PLANE('',#8885);
#7734=PLANE('',#8886);
#7735=PLANE('',#8890);
#7736=PLANE('',#8892);
#7737=PLANE('',#8898);
#7738=PLANE('',#8900);
#7739=PLANE('',#8906);
#7740=PLANE('',#8908);
#7741=PLANE('',#8914);
#7742=PLANE('',#8916);
#7743=PLANE('',#8926);
#7744=PLANE('',#8928);
#7745=PLANE('',#8934);
#7746=PLANE('',#8936);
#7747=PLANE('',#8942);
#7748=PLANE('',#8947);
#7749=PLANE('',#8951);
#7750=PLANE('',#8955);
#7751=PLANE('',#8959);
#7752=PLANE('',#8963);
#7753=PLANE('',#8967);
#7754=PLANE('',#8971);
#7755=PLANE('',#8975);
#7756=PLANE('',#8979);
#7757=PLANE('',#8983);
#7758=PLANE('',#8984);
#7759=PLANE('',#8991);
#7760=PLANE('',#8994);
#7761=PLANE('',#9000);
#7762=PLANE('',#9002);
#7763=PLANE('',#9004);
#7764=PLANE('',#9006);
#7765=ADVANCED_FACE('',(#589),#7436,.T.);
#7766=ADVANCED_FACE('',(#590),#7437,.T.);
#7767=ADVANCED_FACE('',(#591),#7438,.T.);
#7768=ADVANCED_FACE('',(#592),#7439,.T.);
#7769=ADVANCED_FACE('',(#593),#7440,.T.);
#7770=ADVANCED_FACE('',(#594),#7441,.T.);
#7771=ADVANCED_FACE('',(#595),#469,.T.);
#7772=ADVANCED_FACE('',(#596),#470,.T.);
#7773=ADVANCED_FACE('',(#597),#471,.T.);
#7774=ADVANCED_FACE('',(#598),#472,.T.);
#7775=ADVANCED_FACE('',(#599),#473,.T.);
#7776=ADVANCED_FACE('',(#600),#474,.T.);
#7777=ADVANCED_FACE('',(#601),#475,.T.);
#7778=ADVANCED_FACE('',(#602),#476,.T.);
#7779=ADVANCED_FACE('',(#603),#477,.T.);
#7780=ADVANCED_FACE('',(#604),#478,.T.);
#7781=ADVANCED_FACE('',(#605),#479,.T.);
#7782=ADVANCED_FACE('',(#606),#480,.T.);
#7783=ADVANCED_FACE('',(#607),#225,.T.);
#7784=ADVANCED_FACE('',(#608),#226,.T.);
#7785=ADVANCED_FACE('',(#609),#227,.T.);
#7786=ADVANCED_FACE('',(#610),#228,.T.);
#7787=ADVANCED_FACE('',(#611),#229,.T.);
#7788=ADVANCED_FACE('',(#612),#230,.T.);
#7789=ADVANCED_FACE('',(#613),#231,.T.);
#7790=ADVANCED_FACE('',(#614),#232,.T.);
#7791=ADVANCED_FACE('',(#615),#7442,.T.);
#7792=ADVANCED_FACE('',(#616),#7443,.T.);
#7793=ADVANCED_FACE('',(#617),#7444,.T.);
#7794=ADVANCED_FACE('',(#618),#7445,.T.);
#7795=ADVANCED_FACE('',(#619),#7446,.T.);
#7796=ADVANCED_FACE('',(#620),#7447,.T.);
#7797=ADVANCED_FACE('',(#621),#481,.T.);
#7798=ADVANCED_FACE('',(#622),#482,.T.);
#7799=ADVANCED_FACE('',(#623),#483,.T.);
#7800=ADVANCED_FACE('',(#624),#484,.T.);
#7801=ADVANCED_FACE('',(#625),#485,.T.);
#7802=ADVANCED_FACE('',(#626),#486,.T.);
#7803=ADVANCED_FACE('',(#627),#487,.T.);
#7804=ADVANCED_FACE('',(#628),#488,.T.);
#7805=ADVANCED_FACE('',(#629),#489,.T.);
#7806=ADVANCED_FACE('',(#630),#490,.T.);
#7807=ADVANCED_FACE('',(#631),#491,.T.);
#7808=ADVANCED_FACE('',(#632),#492,.T.);
#7809=ADVANCED_FACE('',(#633),#233,.T.);
#7810=ADVANCED_FACE('',(#634),#234,.T.);
#7811=ADVANCED_FACE('',(#635),#235,.T.);
#7812=ADVANCED_FACE('',(#636),#236,.T.);
#7813=ADVANCED_FACE('',(#637),#237,.T.);
#7814=ADVANCED_FACE('',(#638),#238,.T.);
#7815=ADVANCED_FACE('',(#639),#239,.T.);
#7816=ADVANCED_FACE('',(#640),#240,.T.);
#7817=ADVANCED_FACE('',(#641),#7448,.T.);
#7818=ADVANCED_FACE('',(#642),#7449,.T.);
#7819=ADVANCED_FACE('',(#643),#7450,.T.);
#7820=ADVANCED_FACE('',(#644),#7451,.T.);
#7821=ADVANCED_FACE('',(#645),#7452,.T.);
#7822=ADVANCED_FACE('',(#646),#7453,.T.);
#7823=ADVANCED_FACE('',(#647),#7454,.T.);
#7824=ADVANCED_FACE('',(#648),#7455,.T.);
#7825=ADVANCED_FACE('',(#649),#7456,.T.);
#7826=ADVANCED_FACE('',(#650),#7457,.T.);
#7827=ADVANCED_FACE('',(#651),#7458,.T.);
#7828=ADVANCED_FACE('',(#652),#7459,.T.);
#7829=ADVANCED_FACE('',(#653),#7460,.T.);
#7830=ADVANCED_FACE('',(#654),#7461,.T.);
#7831=ADVANCED_FACE('',(#655),#7462,.T.);
#7832=ADVANCED_FACE('',(#656),#7463,.T.);
#7833=ADVANCED_FACE('',(#657),#7464,.T.);
#7834=ADVANCED_FACE('',(#658),#7465,.T.);
#7835=ADVANCED_FACE('',(#659),#7466,.T.);
#7836=ADVANCED_FACE('',(#660),#7467,.T.);
#7837=ADVANCED_FACE('',(#661),#7468,.T.);
#7838=ADVANCED_FACE('',(#662),#7469,.T.);
#7839=ADVANCED_FACE('',(#663),#7470,.T.);
#7840=ADVANCED_FACE('',(#664),#7471,.T.);
#7841=ADVANCED_FACE('',(#665),#7472,.T.);
#7842=ADVANCED_FACE('',(#666),#7473,.T.);
#7843=ADVANCED_FACE('',(#667),#7474,.T.);
#7844=ADVANCED_FACE('',(#668),#7475,.T.);
#7845=ADVANCED_FACE('',(#669),#7476,.T.);
#7846=ADVANCED_FACE('',(#670),#7477,.T.);
#7847=ADVANCED_FACE('',(#671),#7478,.T.);
#7848=ADVANCED_FACE('',(#672),#7479,.T.);
#7849=ADVANCED_FACE('',(#673),#7480,.T.);
#7850=ADVANCED_FACE('',(#674),#7481,.T.);
#7851=ADVANCED_FACE('',(#675),#7482,.T.);
#7852=ADVANCED_FACE('',(#676),#7483,.T.);
#7853=ADVANCED_FACE('',(#677),#7484,.T.);
#7854=ADVANCED_FACE('',(#678),#7485,.T.);
#7855=ADVANCED_FACE('',(#679),#7486,.T.);
#7856=ADVANCED_FACE('',(#680),#7487,.T.);
#7857=ADVANCED_FACE('',(#681),#7488,.T.);
#7858=ADVANCED_FACE('',(#682),#7489,.T.);
#7859=ADVANCED_FACE('',(#683),#7490,.T.);
#7860=ADVANCED_FACE('',(#684),#493,.F.);
#7861=ADVANCED_FACE('',(#685),#494,.F.);
#7862=ADVANCED_FACE('',(#686),#495,.F.);
#7863=ADVANCED_FACE('',(#687),#496,.F.);
#7864=ADVANCED_FACE('',(#688),#497,.T.);
#7865=ADVANCED_FACE('',(#689),#498,.T.);
#7866=ADVANCED_FACE('',(#690),#499,.T.);
#7867=ADVANCED_FACE('',(#691),#500,.F.);
#7868=ADVANCED_FACE('',(#692),#501,.F.);
#7869=ADVANCED_FACE('',(#693),#502,.F.);
#7870=ADVANCED_FACE('',(#694),#503,.F.);
#7871=ADVANCED_FACE('',(#695),#241,.F.);
#7872=ADVANCED_FACE('',(#696),#242,.F.);
#7873=ADVANCED_FACE('',(#697),#243,.F.);
#7874=ADVANCED_FACE('',(#698),#244,.F.);
#7875=ADVANCED_FACE('',(#699),#73,.T.);
#7876=ADVANCED_FACE('',(#700),#74,.T.);
#7877=ADVANCED_FACE('',(#701),#7491,.T.);
#7878=ADVANCED_FACE('',(#702),#7492,.T.);
#7879=ADVANCED_FACE('',(#703),#7493,.T.);
#7880=ADVANCED_FACE('',(#704),#7494,.T.);
#7881=ADVANCED_FACE('',(#705),#7495,.T.);
#7882=ADVANCED_FACE('',(#706),#504,.F.);
#7883=ADVANCED_FACE('',(#707),#505,.F.);
#7884=ADVANCED_FACE('',(#708),#506,.F.);
#7885=ADVANCED_FACE('',(#709),#507,.F.);
#7886=ADVANCED_FACE('',(#710),#508,.T.);
#7887=ADVANCED_FACE('',(#711),#509,.T.);
#7888=ADVANCED_FACE('',(#712),#510,.T.);
#7889=ADVANCED_FACE('',(#713),#511,.F.);
#7890=ADVANCED_FACE('',(#714),#512,.F.);
#7891=ADVANCED_FACE('',(#715),#513,.F.);
#7892=ADVANCED_FACE('',(#716),#514,.F.);
#7893=ADVANCED_FACE('',(#717),#245,.F.);
#7894=ADVANCED_FACE('',(#718),#246,.F.);
#7895=ADVANCED_FACE('',(#719),#247,.F.);
#7896=ADVANCED_FACE('',(#720),#248,.F.);
#7897=ADVANCED_FACE('',(#721),#75,.T.);
#7898=ADVANCED_FACE('',(#722),#76,.T.);
#7899=ADVANCED_FACE('',(#723),#7496,.T.);
#7900=ADVANCED_FACE('',(#724),#7497,.T.);
#7901=ADVANCED_FACE('',(#725),#7498,.T.);
#7902=ADVANCED_FACE('',(#726),#7499,.T.);
#7903=ADVANCED_FACE('',(#727),#7500,.T.);
#7904=ADVANCED_FACE('',(#728),#7501,.T.);
#7905=ADVANCED_FACE('',(#729),#7502,.T.);
#7906=ADVANCED_FACE('',(#730),#7503,.T.);
#7907=ADVANCED_FACE('',(#731),#7504,.T.);
#7908=ADVANCED_FACE('',(#732),#7505,.T.);
#7909=ADVANCED_FACE('',(#733),#7506,.T.);
#7910=ADVANCED_FACE('',(#734),#7507,.T.);
#7911=ADVANCED_FACE('',(#735),#7508,.T.);
#7912=ADVANCED_FACE('',(#736),#7509,.T.);
#7913=ADVANCED_FACE('',(#737),#7510,.T.);
#7914=ADVANCED_FACE('',(#738),#7511,.T.);
#7915=ADVANCED_FACE('',(#739),#7512,.T.);
#7916=ADVANCED_FACE('',(#740),#7513,.T.);
#7917=ADVANCED_FACE('',(#741),#7514,.T.);
#7918=ADVANCED_FACE('',(#742),#7515,.T.);
#7919=ADVANCED_FACE('',(#743),#7516,.T.);
#7920=ADVANCED_FACE('',(#744),#7517,.T.);
#7921=ADVANCED_FACE('',(#745),#7518,.T.);
#7922=ADVANCED_FACE('',(#746),#7519,.T.);
#7923=ADVANCED_FACE('',(#747),#7520,.T.);
#7924=ADVANCED_FACE('',(#748),#7521,.T.);
#7925=ADVANCED_FACE('',(#749),#7522,.T.);
#7926=ADVANCED_FACE('',(#750),#7523,.T.);
#7927=ADVANCED_FACE('',(#751),#7524,.T.);
#7928=ADVANCED_FACE('',(#752),#7525,.T.);
#7929=ADVANCED_FACE('',(#753),#7526,.T.);
#7930=ADVANCED_FACE('',(#754),#7527,.T.);
#7931=ADVANCED_FACE('',(#755),#7528,.T.);
#7932=ADVANCED_FACE('',(#756),#7529,.T.);
#7933=ADVANCED_FACE('',(#757),#7530,.T.);
#7934=ADVANCED_FACE('',(#758),#7531,.T.);
#7935=ADVANCED_FACE('',(#759),#7532,.T.);
#7936=ADVANCED_FACE('',(#760),#7533,.T.);
#7937=ADVANCED_FACE('',(#761),#7534,.T.);
#7938=ADVANCED_FACE('',(#762),#7535,.T.);
#7939=ADVANCED_FACE('',(#763),#7536,.T.);
#7940=ADVANCED_FACE('',(#764),#7537,.T.);
#7941=ADVANCED_FACE('',(#765),#7538,.T.);
#7942=ADVANCED_FACE('',(#766),#7539,.T.);
#7943=ADVANCED_FACE('',(#767),#7540,.T.);
#7944=ADVANCED_FACE('',(#768),#7541,.T.);
#7945=ADVANCED_FACE('',(#769),#7542,.T.);
#7946=ADVANCED_FACE('',(#770),#7543,.T.);
#7947=ADVANCED_FACE('',(#771),#7544,.T.);
#7948=ADVANCED_FACE('',(#772),#7545,.T.);
#7949=ADVANCED_FACE('',(#773),#7546,.T.);
#7950=ADVANCED_FACE('',(#774),#7547,.T.);
#7951=ADVANCED_FACE('',(#775),#7548,.T.);
#7952=ADVANCED_FACE('',(#776),#7549,.T.);
#7953=ADVANCED_FACE('',(#777),#7550,.T.);
#7954=ADVANCED_FACE('',(#778),#7551,.T.);
#7955=ADVANCED_FACE('',(#779),#7552,.T.);
#7956=ADVANCED_FACE('',(#780),#7553,.T.);
#7957=ADVANCED_FACE('',(#781),#7554,.T.);
#7958=ADVANCED_FACE('',(#782),#7555,.T.);
#7959=ADVANCED_FACE('',(#783),#7556,.T.);
#7960=ADVANCED_FACE('',(#784),#7557,.T.);
#7961=ADVANCED_FACE('',(#785),#7558,.T.);
#7962=ADVANCED_FACE('',(#786),#7559,.T.);
#7963=ADVANCED_FACE('',(#787),#7560,.T.);
#7964=ADVANCED_FACE('',(#788),#7561,.T.);
#7965=ADVANCED_FACE('',(#789),#7562,.T.);
#7966=ADVANCED_FACE('',(#790),#7563,.T.);
#7967=ADVANCED_FACE('',(#791),#7564,.T.);
#7968=ADVANCED_FACE('',(#792),#7565,.T.);
#7969=ADVANCED_FACE('',(#793),#7566,.T.);
#7970=ADVANCED_FACE('',(#794),#7567,.T.);
#7971=ADVANCED_FACE('',(#795),#7568,.T.);
#7972=ADVANCED_FACE('',(#796),#7569,.T.);
#7973=ADVANCED_FACE('',(#797),#7570,.T.);
#7974=ADVANCED_FACE('',(#798),#7571,.T.);
#7975=ADVANCED_FACE('',(#799),#7572,.T.);
#7976=ADVANCED_FACE('',(#800),#7573,.T.);
#7977=ADVANCED_FACE('',(#801),#7574,.T.);
#7978=ADVANCED_FACE('',(#802),#7575,.T.);
#7979=ADVANCED_FACE('',(#803),#7576,.T.);
#7980=ADVANCED_FACE('',(#804),#7577,.T.);
#7981=ADVANCED_FACE('',(#805),#7578,.T.);
#7982=ADVANCED_FACE('',(#806),#7579,.T.);
#7983=ADVANCED_FACE('',(#807),#7580,.T.);
#7984=ADVANCED_FACE('',(#808),#7581,.T.);
#7985=ADVANCED_FACE('',(#809),#7582,.T.);
#7986=ADVANCED_FACE('',(#810),#7583,.T.);
#7987=ADVANCED_FACE('',(#811),#7584,.T.);
#7988=ADVANCED_FACE('',(#812),#7585,.T.);
#7989=ADVANCED_FACE('',(#813),#7586,.T.);
#7990=ADVANCED_FACE('',(#814),#7587,.T.);
#7991=ADVANCED_FACE('',(#815),#7588,.T.);
#7992=ADVANCED_FACE('',(#816),#7589,.T.);
#7993=ADVANCED_FACE('',(#817),#7590,.T.);
#7994=ADVANCED_FACE('',(#818),#7591,.T.);
#7995=ADVANCED_FACE('',(#819),#7592,.T.);
#7996=ADVANCED_FACE('',(#820),#7593,.T.);
#7997=ADVANCED_FACE('',(#821),#7594,.T.);
#7998=ADVANCED_FACE('',(#822),#7595,.T.);
#7999=ADVANCED_FACE('',(#823),#7596,.T.);
#8000=ADVANCED_FACE('',(#824),#7597,.T.);
#8001=ADVANCED_FACE('',(#825),#7598,.T.);
#8002=ADVANCED_FACE('',(#826),#7599,.T.);
#8003=ADVANCED_FACE('',(#827),#7600,.T.);
#8004=ADVANCED_FACE('',(#828),#7601,.T.);
#8005=ADVANCED_FACE('',(#829),#7602,.T.);
#8006=ADVANCED_FACE('',(#830),#7603,.T.);
#8007=ADVANCED_FACE('',(#831),#7604,.T.);
#8008=ADVANCED_FACE('',(#832),#7605,.T.);
#8009=ADVANCED_FACE('',(#833),#7606,.T.);
#8010=ADVANCED_FACE('',(#834),#7607,.T.);
#8011=ADVANCED_FACE('',(#835),#7608,.T.);
#8012=ADVANCED_FACE('',(#836),#7609,.T.);
#8013=ADVANCED_FACE('',(#837),#7610,.T.);
#8014=ADVANCED_FACE('',(#838),#7611,.T.);
#8015=ADVANCED_FACE('',(#839),#7612,.T.);
#8016=ADVANCED_FACE('',(#840),#7613,.T.);
#8017=ADVANCED_FACE('',(#841),#7614,.T.);
#8018=ADVANCED_FACE('',(#842),#7615,.T.);
#8019=ADVANCED_FACE('',(#843),#7616,.T.);
#8020=ADVANCED_FACE('',(#844),#7617,.T.);
#8021=ADVANCED_FACE('',(#845),#7618,.T.);
#8022=ADVANCED_FACE('',(#846),#7619,.T.);
#8023=ADVANCED_FACE('',(#847),#7620,.T.);
#8024=ADVANCED_FACE('',(#848),#7621,.T.);
#8025=ADVANCED_FACE('',(#849),#7622,.T.);
#8026=ADVANCED_FACE('',(#850),#7623,.T.);
#8027=ADVANCED_FACE('',(#851),#7624,.T.);
#8028=ADVANCED_FACE('',(#852),#7625,.T.);
#8029=ADVANCED_FACE('',(#853),#7626,.T.);
#8030=ADVANCED_FACE('',(#854),#7627,.T.);
#8031=ADVANCED_FACE('',(#855),#7628,.T.);
#8032=ADVANCED_FACE('',(#856),#7629,.T.);
#8033=ADVANCED_FACE('',(#857),#7630,.T.);
#8034=ADVANCED_FACE('',(#858),#7631,.T.);
#8035=ADVANCED_FACE('',(#859),#7632,.T.);
#8036=ADVANCED_FACE('',(#860),#7633,.T.);
#8037=ADVANCED_FACE('',(#861),#7634,.T.);
#8038=ADVANCED_FACE('',(#862),#7635,.T.);
#8039=ADVANCED_FACE('',(#863),#7636,.T.);
#8040=ADVANCED_FACE('',(#864),#7637,.T.);
#8041=ADVANCED_FACE('',(#865),#7638,.T.);
#8042=ADVANCED_FACE('',(#866),#7639,.T.);
#8043=ADVANCED_FACE('',(#867),#7640,.T.);
#8044=ADVANCED_FACE('',(#868),#7641,.T.);
#8045=ADVANCED_FACE('',(#869),#7642,.T.);
#8046=ADVANCED_FACE('',(#870),#7643,.T.);
#8047=ADVANCED_FACE('',(#871),#7644,.T.);
#8048=ADVANCED_FACE('',(#872),#7645,.T.);
#8049=ADVANCED_FACE('',(#873),#7646,.T.);
#8050=ADVANCED_FACE('',(#874),#7647,.T.);
#8051=ADVANCED_FACE('',(#875),#7648,.T.);
#8052=ADVANCED_FACE('',(#876),#7649,.T.);
#8053=ADVANCED_FACE('',(#877),#7650,.T.);
#8054=ADVANCED_FACE('',(#878),#7651,.T.);
#8055=ADVANCED_FACE('',(#879),#7652,.T.);
#8056=ADVANCED_FACE('',(#880),#7653,.T.);
#8057=ADVANCED_FACE('',(#881),#7654,.T.);
#8058=ADVANCED_FACE('',(#882),#7655,.T.);
#8059=ADVANCED_FACE('',(#883),#7656,.T.);
#8060=ADVANCED_FACE('',(#884),#7657,.T.);
#8061=ADVANCED_FACE('',(#885),#7658,.T.);
#8062=ADVANCED_FACE('',(#886),#7659,.T.);
#8063=ADVANCED_FACE('',(#887),#7660,.T.);
#8064=ADVANCED_FACE('',(#888),#7661,.T.);
#8065=ADVANCED_FACE('',(#889),#7662,.T.);
#8066=ADVANCED_FACE('',(#890),#7663,.T.);
#8067=ADVANCED_FACE('',(#891),#7664,.T.);
#8068=ADVANCED_FACE('',(#892),#7665,.T.);
#8069=ADVANCED_FACE('',(#893),#7666,.T.);
#8070=ADVANCED_FACE('',(#894),#7667,.T.);
#8071=ADVANCED_FACE('',(#895),#7668,.T.);
#8072=ADVANCED_FACE('',(#896),#7669,.T.);
#8073=ADVANCED_FACE('',(#897),#7670,.T.);
#8074=ADVANCED_FACE('',(#898),#7671,.T.);
#8075=ADVANCED_FACE('',(#899),#7672,.T.);
#8076=ADVANCED_FACE('',(#900),#7673,.T.);
#8077=ADVANCED_FACE('',(#901),#7674,.T.);
#8078=ADVANCED_FACE('',(#902),#7675,.T.);
#8079=ADVANCED_FACE('',(#903),#7676,.T.);
#8080=ADVANCED_FACE('',(#904),#7677,.T.);
#8081=ADVANCED_FACE('',(#905),#7678,.T.);
#8082=ADVANCED_FACE('',(#906),#7679,.T.);
#8083=ADVANCED_FACE('',(#907),#7680,.T.);
#8084=ADVANCED_FACE('',(#908),#7681,.T.);
#8085=ADVANCED_FACE('',(#909),#7682,.T.);
#8086=ADVANCED_FACE('',(#910),#7683,.T.);
#8087=ADVANCED_FACE('',(#911),#7684,.T.);
#8088=ADVANCED_FACE('',(#912),#7685,.T.);
#8089=ADVANCED_FACE('',(#913),#7686,.T.);
#8090=ADVANCED_FACE('',(#914),#7687,.T.);
#8091=ADVANCED_FACE('',(#915),#7688,.T.);
#8092=ADVANCED_FACE('',(#916),#7689,.T.);
#8093=ADVANCED_FACE('',(#917),#7690,.T.);
#8094=ADVANCED_FACE('',(#918),#7691,.T.);
#8095=ADVANCED_FACE('',(#919),#7692,.T.);
#8096=ADVANCED_FACE('',(#920),#7693,.T.);
#8097=ADVANCED_FACE('',(#921),#7694,.T.);
#8098=ADVANCED_FACE('',(#922),#7695,.T.);
#8099=ADVANCED_FACE('',(#923),#7696,.T.);
#8100=ADVANCED_FACE('',(#924),#515,.F.);
#8101=ADVANCED_FACE('',(#925),#516,.F.);
#8102=ADVANCED_FACE('',(#926),#517,.F.);
#8103=ADVANCED_FACE('',(#927,#29,#30,#31,#32,#33,#34,#35,#36),#7697,.T.);
#8104=ADVANCED_FACE('',(#928),#77,.F.);
#8105=ADVANCED_FACE('',(#929),#518,.F.);
#8106=ADVANCED_FACE('',(#930,#37,#38,#39,#40,#41,#42,#43,#44),#7698,.T.);
#8107=ADVANCED_FACE('',(#931),#78,.F.);
#8108=ADVANCED_FACE('',(#932),#79,.F.);
#8109=ADVANCED_FACE('',(#933),#80,.F.);
#8110=ADVANCED_FACE('',(#934),#81,.F.);
#8111=ADVANCED_FACE('',(#935),#82,.F.);
#8112=ADVANCED_FACE('',(#936),#519,.F.);
#8113=ADVANCED_FACE('',(#937),#520,.F.);
#8114=ADVANCED_FACE('',(#938),#521,.F.);
#8115=ADVANCED_FACE('',(#939),#522,.F.);
#8116=ADVANCED_FACE('',(#940),#523,.F.);
#8117=ADVANCED_FACE('',(#941),#524,.F.);
#8118=ADVANCED_FACE('',(#942),#525,.F.);
#8119=ADVANCED_FACE('',(#943),#526,.F.);
#8120=ADVANCED_FACE('',(#944),#527,.F.);
#8121=ADVANCED_FACE('',(#945,#45),#7699,.T.);
#8122=ADVANCED_FACE('',(#946,#46),#7700,.T.);
#8123=ADVANCED_FACE('',(#947),#528,.T.);
#8124=ADVANCED_FACE('',(#948),#529,.F.);
#8125=ADVANCED_FACE('',(#949,#47),#7701,.T.);
#8126=ADVANCED_FACE('',(#950,#48),#7702,.T.);
#8127=ADVANCED_FACE('',(#951),#530,.T.);
#8128=ADVANCED_FACE('',(#952),#531,.F.);
#8129=ADVANCED_FACE('',(#953,#49),#7703,.T.);
#8130=ADVANCED_FACE('',(#954,#50),#7704,.T.);
#8131=ADVANCED_FACE('',(#955),#532,.T.);
#8132=ADVANCED_FACE('',(#956),#533,.F.);
#8133=ADVANCED_FACE('',(#957,#51),#7705,.T.);
#8134=ADVANCED_FACE('',(#958,#52),#7706,.T.);
#8135=ADVANCED_FACE('',(#959),#534,.T.);
#8136=ADVANCED_FACE('',(#960),#83,.T.);
#8137=ADVANCED_FACE('',(#961),#7707,.T.);
#8138=ADVANCED_FACE('',(#962),#535,.T.);
#8139=ADVANCED_FACE('',(#963),#7708,.T.);
#8140=ADVANCED_FACE('',(#964),#536,.F.);
#8141=ADVANCED_FACE('',(#965),#7709,.T.);
#8142=ADVANCED_FACE('',(#966),#537,.F.);
#8143=ADVANCED_FACE('',(#967),#7710,.T.);
#8144=ADVANCED_FACE('',(#968),#538,.T.);
#8145=ADVANCED_FACE('',(#969),#7711,.T.);
#8146=ADVANCED_FACE('',(#970),#539,.F.);
#8147=ADVANCED_FACE('',(#971),#7712,.T.);
#8148=ADVANCED_FACE('',(#972),#540,.F.);
#8149=ADVANCED_FACE('',(#973),#7713,.T.);
#8150=ADVANCED_FACE('',(#974),#541,.T.);
#8151=ADVANCED_FACE('',(#975),#7714,.T.);
#8152=ADVANCED_FACE('',(#976),#542,.F.);
#8153=ADVANCED_FACE('',(#977),#7715,.T.);
#8154=ADVANCED_FACE('',(#978),#543,.F.);
#8155=ADVANCED_FACE('',(#979),#7716,.T.);
#8156=ADVANCED_FACE('',(#980),#544,.T.);
#8157=ADVANCED_FACE('',(#981),#7717,.T.);
#8158=ADVANCED_FACE('',(#982),#545,.F.);
#8159=ADVANCED_FACE('',(#983),#7718,.T.);
#8160=ADVANCED_FACE('',(#984),#546,.F.);
#8161=ADVANCED_FACE('',(#985),#7719,.T.);
#8162=ADVANCED_FACE('',(#986),#7720,.T.);
#8163=ADVANCED_FACE('',(#987),#84,.T.);
#8164=ADVANCED_FACE('',(#988),#85,.T.);
#8165=ADVANCED_FACE('',(#989),#7721,.T.);
#8166=ADVANCED_FACE('',(#990),#547,.T.);
#8167=ADVANCED_FACE('',(#991),#7722,.T.);
#8168=ADVANCED_FACE('',(#992),#548,.F.);
#8169=ADVANCED_FACE('',(#993),#7723,.T.);
#8170=ADVANCED_FACE('',(#994),#549,.F.);
#8171=ADVANCED_FACE('',(#995),#7724,.T.);
#8172=ADVANCED_FACE('',(#996),#550,.T.);
#8173=ADVANCED_FACE('',(#997),#7725,.T.);
#8174=ADVANCED_FACE('',(#998),#551,.F.);
#8175=ADVANCED_FACE('',(#999),#7726,.T.);
#8176=ADVANCED_FACE('',(#1000),#552,.F.);
#8177=ADVANCED_FACE('',(#1001),#7727,.T.);
#8178=ADVANCED_FACE('',(#1002),#553,.T.);
#8179=ADVANCED_FACE('',(#1003),#7728,.T.);
#8180=ADVANCED_FACE('',(#1004),#554,.F.);
#8181=ADVANCED_FACE('',(#1005),#7729,.T.);
#8182=ADVANCED_FACE('',(#1006),#555,.F.);
#8183=ADVANCED_FACE('',(#1007),#7730,.T.);
#8184=ADVANCED_FACE('',(#1008),#556,.T.);
#8185=ADVANCED_FACE('',(#1009),#7731,.T.);
#8186=ADVANCED_FACE('',(#1010),#557,.F.);
#8187=ADVANCED_FACE('',(#1011),#7732,.T.);
#8188=ADVANCED_FACE('',(#1012),#558,.F.);
#8189=ADVANCED_FACE('',(#1013),#7733,.T.);
#8190=ADVANCED_FACE('',(#1014),#7734,.T.);
#8191=ADVANCED_FACE('',(#1015),#86,.T.);
#8192=ADVANCED_FACE('',(#1016),#559,.F.);
#8193=ADVANCED_FACE('',(#1017,#53),#7735,.T.);
#8194=ADVANCED_FACE('',(#1018,#54),#7736,.T.);
#8195=ADVANCED_FACE('',(#1019),#560,.T.);
#8196=ADVANCED_FACE('',(#1020),#561,.F.);
#8197=ADVANCED_FACE('',(#1021,#55),#7737,.T.);
#8198=ADVANCED_FACE('',(#1022,#56),#7738,.T.);
#8199=ADVANCED_FACE('',(#1023),#562,.T.);
#8200=ADVANCED_FACE('',(#1024),#563,.F.);
#8201=ADVANCED_FACE('',(#1025,#57),#7739,.T.);
#8202=ADVANCED_FACE('',(#1026,#58),#7740,.T.);
#8203=ADVANCED_FACE('',(#1027),#564,.T.);
#8204=ADVANCED_FACE('',(#1028),#565,.F.);
#8205=ADVANCED_FACE('',(#1029,#59),#7741,.T.);
#8206=ADVANCED_FACE('',(#1030,#60),#7742,.T.);
#8207=ADVANCED_FACE('',(#1031),#566,.T.);
#8208=ADVANCED_FACE('',(#1032),#249,.T.);
#8209=ADVANCED_FACE('',(#1033),#250,.T.);
#8210=ADVANCED_FACE('',(#1034),#567,.F.);
#8211=ADVANCED_FACE('',(#1035,#61),#7743,.T.);
#8212=ADVANCED_FACE('',(#1036,#62),#7744,.T.);
#8213=ADVANCED_FACE('',(#1037),#568,.T.);
#8214=ADVANCED_FACE('',(#1038),#569,.F.);
#8215=ADVANCED_FACE('',(#1039,#63),#7745,.T.);
#8216=ADVANCED_FACE('',(#1040,#64),#7746,.T.);
#8217=ADVANCED_FACE('',(#1041),#570,.T.);
#8218=ADVANCED_FACE('',(#1042),#571,.T.);
#8219=ADVANCED_FACE('',(#1043,#65),#7747,.T.);
#8220=ADVANCED_FACE('',(#1044),#572,.F.);
#8221=ADVANCED_FACE('',(#1045),#7748,.T.);
#8222=ADVANCED_FACE('',(#1046),#573,.T.);
#8223=ADVANCED_FACE('',(#1047),#7749,.T.);
#8224=ADVANCED_FACE('',(#1048),#574,.T.);
#8225=ADVANCED_FACE('',(#1049),#7750,.T.);
#8226=ADVANCED_FACE('',(#1050),#575,.F.);
#8227=ADVANCED_FACE('',(#1051),#7751,.T.);
#8228=ADVANCED_FACE('',(#1052),#576,.T.);
#8229=ADVANCED_FACE('',(#1053),#7752,.T.);
#8230=ADVANCED_FACE('',(#1054),#577,.F.);
#8231=ADVANCED_FACE('',(#1055),#7753,.T.);
#8232=ADVANCED_FACE('',(#1056),#578,.T.);
#8233=ADVANCED_FACE('',(#1057),#7754,.T.);
#8234=ADVANCED_FACE('',(#1058),#579,.T.);
#8235=ADVANCED_FACE('',(#1059),#7755,.T.);
#8236=ADVANCED_FACE('',(#1060),#580,.F.);
#8237=ADVANCED_FACE('',(#1061),#7756,.T.);
#8238=ADVANCED_FACE('',(#1062),#581,.T.);
#8239=ADVANCED_FACE('',(#1063),#7757,.T.);
#8240=ADVANCED_FACE('',(#1064,#66,#67,#68),#7758,.T.);
#8241=ADVANCED_FACE('',(#1065,#69,#70,#71),#7759,.T.);
#8242=ADVANCED_FACE('',(#1066,#72),#7760,.T.);
#8243=ADVANCED_FACE('',(#1067),#7761,.T.);
#8244=ADVANCED_FACE('',(#1068),#582,.F.);
#8245=ADVANCED_FACE('',(#1069),#7762,.T.);
#8246=ADVANCED_FACE('',(#1070),#583,.F.);
#8247=ADVANCED_FACE('',(#1071),#7763,.T.);
#8248=ADVANCED_FACE('',(#1072),#584,.F.);
#8249=ADVANCED_FACE('',(#1073),#7764,.T.);
#8250=ADVANCED_FACE('',(#1074),#585,.F.);
#8251=ADVANCED_FACE('',(#1075),#586,.F.);
#8252=ADVANCED_FACE('',(#1076),#587,.F.);
#8253=ADVANCED_FACE('',(#1077),#588,.F.);
#8254=CLOSED_SHELL('',(#7765,#7766,#7767,#7768,#7769,#7770,#7771,#7772,
#7773,#7774,#7775,#7776,#7777,#7778,#7779,#7780,#7781,#7782,#7783,#7784,
#7785,#7786,#7787,#7788,#7789,#7790));
#8255=CLOSED_SHELL('',(#7791,#7792,#7793,#7794,#7795,#7796,#7797,#7798,
#7799,#7800,#7801,#7802,#7803,#7804,#7805,#7806,#7807,#7808,#7809,#7810,
#7811,#7812,#7813,#7814,#7815,#7816));
#8256=CLOSED_SHELL('',(#7817,#7818,#7819,#7820,#7821,#7822,#7823,#7824,
#7825,#7826,#7827,#7828,#7829,#7830,#7831,#7832,#7833,#7834,#7835,#7836,
#7837,#7838));
#8257=CLOSED_SHELL('',(#7839,#7840,#7841,#7842,#7843,#7844,#7845,#7846,
#7847,#7848,#7849,#7850,#7851,#7852,#7853,#7854,#7855,#7856,#7857,#7858,
#7859,#7860,#7861,#7862,#7863,#7864,#7865,#7866,#7867,#7868,#7869,#7870,
#7871,#7872,#7873,#7874,#7875,#7876,#7877,#7878,#7879,#7880,#7881,#7882,
#7883,#7884,#7885,#7886,#7887,#7888,#7889,#7890,#7891,#7892,#7893,#7894,
#7895,#7896,#7897,#7898,#7899,#7900,#7901,#7902,#7903,#7904,#7905,#7906,
#7907,#7908,#7909,#7910,#7911,#7912,#7913,#7914,#7915,#7916,#7917,#7918,
#7919,#7920,#7921,#7922,#7923,#7924,#7925,#7926,#7927,#7928,#7929,#7930,
#7931,#7932,#7933,#7934,#7935,#7936,#7937,#7938,#7939,#7940,#7941,#7942,
#7943,#7944,#7945,#7946,#7947,#7948,#7949,#7950,#7951,#7952,#7953,#7954,
#7955,#7956,#7957,#7958,#7959,#7960,#7961,#7962,#7963,#7964,#7965,#7966,
#7967,#7968,#7969,#7970,#7971,#7972,#7973,#7974,#7975,#7976,#7977,#7978,
#7979));
#8258=CLOSED_SHELL('',(#7980,#7981,#7982,#7983,#7984,#7985,#7986,#7987));
#8259=CLOSED_SHELL('',(#7988,#7989,#7990,#7991,#7992,#7993,#7994,#7995));
#8260=CLOSED_SHELL('',(#7996,#7997,#7998,#7999,#8000,#8001,#8002,#8003));
#8261=CLOSED_SHELL('',(#8004,#8005,#8006,#8007,#8008,#8009,#8010,#8011));
#8262=CLOSED_SHELL('',(#8012,#8013,#8014,#8015,#8016,#8017,#8018,#8019));
#8263=CLOSED_SHELL('',(#8020,#8021,#8022,#8023,#8024,#8025,#8026,#8027));
#8264=CLOSED_SHELL('',(#8028,#8029,#8030,#8031,#8032,#8033,#8034,#8035));
#8265=CLOSED_SHELL('',(#8036,#8037,#8038,#8039,#8040,#8041,#8042,#8043));
#8266=CLOSED_SHELL('',(#8044,#8045,#8046,#8047,#8048,#8049,#8050,#8051));
#8267=CLOSED_SHELL('',(#8052,#8053,#8054,#8055,#8056,#8057,#8058,#8059));
#8268=CLOSED_SHELL('',(#8060,#8061,#8062,#8063,#8064,#8065,#8066,#8067));
#8269=CLOSED_SHELL('',(#8068,#8069,#8070,#8071,#8072,#8073,#8074,#8075));
#8270=CLOSED_SHELL('',(#8076,#8077,#8078,#8079,#8080,#8081,#8082,#8083));
#8271=CLOSED_SHELL('',(#8084,#8085,#8086,#8087,#8088,#8089,#8090,#8091));
#8272=CLOSED_SHELL('',(#8092,#8093,#8094,#8095,#8096,#8097,#8098,#8099));
#8273=CLOSED_SHELL('',(#8100,#8101,#8102,#8103,#8104,#8105,#8106,#8107,
#8108,#8109,#8110,#8111,#8112,#8113,#8114,#8115,#8116,#8117,#8118,#8119));
#8274=CLOSED_SHELL('',(#8120,#8121,#8122,#8123));
#8275=CLOSED_SHELL('',(#8124,#8125,#8126,#8127));
#8276=CLOSED_SHELL('',(#8128,#8129,#8130,#8131));
#8277=CLOSED_SHELL('',(#8132,#8133,#8134,#8135));
#8278=CLOSED_SHELL('',(#8136,#8137,#8138,#8139,#8140,#8141,#8142,#8143,
#8144,#8145,#8146,#8147,#8148,#8149,#8150,#8151,#8152,#8153,#8154,#8155,
#8156,#8157,#8158,#8159,#8160,#8161,#8162,#8163));
#8279=CLOSED_SHELL('',(#8164,#8165,#8166,#8167,#8168,#8169,#8170,#8171,
#8172,#8173,#8174,#8175,#8176,#8177,#8178,#8179,#8180,#8181,#8182,#8183,
#8184,#8185,#8186,#8187,#8188,#8189,#8190,#8191));
#8280=CLOSED_SHELL('',(#8192,#8193,#8194,#8195));
#8281=CLOSED_SHELL('',(#8196,#8197,#8198,#8199));
#8282=CLOSED_SHELL('',(#8200,#8201,#8202,#8203));
#8283=CLOSED_SHELL('',(#8204,#8205,#8206,#8207));
#8284=CLOSED_SHELL('',(#8208));
#8285=CLOSED_SHELL('',(#8209));
#8286=CLOSED_SHELL('',(#8210,#8211,#8212,#8213));
#8287=CLOSED_SHELL('',(#8214,#8215,#8216,#8217));
#8288=CLOSED_SHELL('',(#8218,#8219,#8220,#8221,#8222,#8223,#8224,#8225,
#8226,#8227,#8228,#8229,#8230,#8231,#8232,#8233,#8234,#8235,#8236,#8237,
#8238,#8239,#8240,#8241,#8242,#8243,#8244,#8245,#8246,#8247,#8248,#8249,
#8250,#8251,#8252,#8253));
#8289=DERIVED_UNIT_ELEMENT(#8291,1.);
#8290=DERIVED_UNIT_ELEMENT(#14344,-3.);
#8291=(
MASS_UNIT()
NAMED_UNIT(*)
SI_UNIT(.KILO.,.GRAM.)
);
#8292=DERIVED_UNIT((#8289,#8290));
#8293=MEASURE_REPRESENTATION_ITEM('density measure',
POSITIVE_RATIO_MEASURE(7850.),#8292);
#8294=PROPERTY_DEFINITION_REPRESENTATION(#8299,#8296);
#8295=PROPERTY_DEFINITION_REPRESENTATION(#8300,#8297);
#8296=REPRESENTATION('material name',(#8298),#14341);
#8297=REPRESENTATION('density',(#8293),#14341);
#8298=DESCRIPTIVE_REPRESENTATION_ITEM('Steel','Steel');
#8299=PROPERTY_DEFINITION('material property','material name',#14351);
#8300=PROPERTY_DEFINITION('material property','density of part',#14351);
#8301=AXIS2_PLACEMENT_3D('',#11270,#9011,#9012);
#8302=AXIS2_PLACEMENT_3D('',#11271,#9013,#9014);
#8303=AXIS2_PLACEMENT_3D('',#11280,#9019,#9020);
#8304=AXIS2_PLACEMENT_3D('',#11289,#9025,#9026);
#8305=AXIS2_PLACEMENT_3D('',#11298,#9031,#9032);
#8306=AXIS2_PLACEMENT_3D('',#11307,#9037,#9038);
#8307=AXIS2_PLACEMENT_3D('',#11316,#9043,#9044);
#8308=AXIS2_PLACEMENT_3D('',#11325,#9049,#9050);
#8309=AXIS2_PLACEMENT_3D('',#11326,#9051,#9052);
#8310=AXIS2_PLACEMENT_3D('',#11327,#9053,#9054);
#8311=AXIS2_PLACEMENT_3D('',#11328,#9055,#9056);
#8312=AXIS2_PLACEMENT_3D('',#11329,#9057,#9058);
#8313=AXIS2_PLACEMENT_3D('',#11330,#9059,#9060);
#8314=AXIS2_PLACEMENT_3D('',#11331,#9061,#9062);
#8315=AXIS2_PLACEMENT_3D('',#11332,#9063,#9064);
#8316=AXIS2_PLACEMENT_3D('',#11333,#9065,#9066);
#8317=AXIS2_PLACEMENT_3D('',#11334,#9067,#9068);
#8318=AXIS2_PLACEMENT_3D('',#11335,#9069,#9070);
#8319=AXIS2_PLACEMENT_3D('',#11336,#9071,#9072);
#8320=AXIS2_PLACEMENT_3D('',#11337,#9073,#9074);
#8321=AXIS2_PLACEMENT_3D('',#11338,#9075,#9076);
#8322=AXIS2_PLACEMENT_3D('',#11339,#9077,#9078);
#8323=AXIS2_PLACEMENT_3D('',#11340,#9079,#9080);
#8324=AXIS2_PLACEMENT_3D('',#11341,#9081,#9082);
#8325=AXIS2_PLACEMENT_3D('',#11342,#9083,#9084);
#8326=AXIS2_PLACEMENT_3D('',#11343,#9085,#9086);
#8327=AXIS2_PLACEMENT_3D('',#11344,#9087,#9088);
#8328=AXIS2_PLACEMENT_3D('',#11345,#9089,#9090);
#8329=AXIS2_PLACEMENT_3D('',#11346,#9091,#9092);
#8330=AXIS2_PLACEMENT_3D('',#11347,#9093,#9094);
#8331=AXIS2_PLACEMENT_3D('',#11348,#9095,#9096);
#8332=AXIS2_PLACEMENT_3D('',#11349,#9097,#9098);
#8333=AXIS2_PLACEMENT_3D('',#11350,#9099,#9100);
#8334=AXIS2_PLACEMENT_3D('',#11351,#9101,#9102);
#8335=AXIS2_PLACEMENT_3D('',#11352,#9103,#9104);
#8336=AXIS2_PLACEMENT_3D('',#11353,#9105,#9106);
#8337=AXIS2_PLACEMENT_3D('',#11354,#9107,#9108);
#8338=AXIS2_PLACEMENT_3D('',#11355,#9109,#9110);
#8339=AXIS2_PLACEMENT_3D('',#11356,#9111,#9112);
#8340=AXIS2_PLACEMENT_3D('',#11357,#9113,#9114);
#8341=AXIS2_PLACEMENT_3D('',#11358,#9115,#9116);
#8342=AXIS2_PLACEMENT_3D('',#11359,#9117,#9118);
#8343=AXIS2_PLACEMENT_3D('',#11360,#9119,#9120);
#8344=AXIS2_PLACEMENT_3D('',#11361,#9121,#9122);
#8345=AXIS2_PLACEMENT_3D('',#11362,#9123,#9124);
#8346=AXIS2_PLACEMENT_3D('',#11363,#9125,#9126);
#8347=AXIS2_PLACEMENT_3D('',#11364,#9127,#9128);
#8348=AXIS2_PLACEMENT_3D('',#11365,#9129,#9130);
#8349=AXIS2_PLACEMENT_3D('',#11366,#9131,#9132);
#8350=AXIS2_PLACEMENT_3D('',#11367,#9133,#9134);
#8351=AXIS2_PLACEMENT_3D('',#11368,#9135,#9136);
#8352=AXIS2_PLACEMENT_3D('',#11369,#9137,#9138);
#8353=AXIS2_PLACEMENT_3D('',#11378,#9143,#9144);
#8354=AXIS2_PLACEMENT_3D('',#11387,#9149,#9150);
#8355=AXIS2_PLACEMENT_3D('',#11396,#9155,#9156);
#8356=AXIS2_PLACEMENT_3D('',#11405,#9161,#9162);
#8357=AXIS2_PLACEMENT_3D('',#11414,#9167,#9168);
#8358=AXIS2_PLACEMENT_3D('',#11423,#9173,#9174);
#8359=AXIS2_PLACEMENT_3D('',#11424,#9175,#9176);
#8360=AXIS2_PLACEMENT_3D('',#11425,#9177,#9178);
#8361=AXIS2_PLACEMENT_3D('',#11426,#9179,#9180);
#8362=AXIS2_PLACEMENT_3D('',#11427,#9181,#9182);
#8363=AXIS2_PLACEMENT_3D('',#11428,#9183,#9184);
#8364=AXIS2_PLACEMENT_3D('',#11429,#9185,#9186);
#8365=AXIS2_PLACEMENT_3D('',#11430,#9187,#9188);
#8366=AXIS2_PLACEMENT_3D('',#11431,#9189,#9190);
#8367=AXIS2_PLACEMENT_3D('',#11432,#9191,#9192);
#8368=AXIS2_PLACEMENT_3D('',#11433,#9193,#9194);
#8369=AXIS2_PLACEMENT_3D('',#11434,#9195,#9196);
#8370=AXIS2_PLACEMENT_3D('',#11435,#9197,#9198);
#8371=AXIS2_PLACEMENT_3D('',#11436,#9199,#9200);
#8372=AXIS2_PLACEMENT_3D('',#11437,#9201,#9202);
#8373=AXIS2_PLACEMENT_3D('',#11438,#9203,#9204);
#8374=AXIS2_PLACEMENT_3D('',#11439,#9205,#9206);
#8375=AXIS2_PLACEMENT_3D('',#11440,#9207,#9208);
#8376=AXIS2_PLACEMENT_3D('',#11441,#9209,#9210);
#8377=AXIS2_PLACEMENT_3D('',#11442,#9211,#9212);
#8378=AXIS2_PLACEMENT_3D('',#11443,#9213,#9214);
#8379=AXIS2_PLACEMENT_3D('',#11444,#9215,#9216);
#8380=AXIS2_PLACEMENT_3D('',#11445,#9217,#9218);
#8381=AXIS2_PLACEMENT_3D('',#11446,#9219,#9220);
#8382=AXIS2_PLACEMENT_3D('',#11447,#9221,#9222);
#8383=AXIS2_PLACEMENT_3D('',#11448,#9223,#9224);
#8384=AXIS2_PLACEMENT_3D('',#11449,#9225,#9226);
#8385=AXIS2_PLACEMENT_3D('',#11450,#9227,#9228);
#8386=AXIS2_PLACEMENT_3D('',#11451,#9229,#9230);
#8387=AXIS2_PLACEMENT_3D('',#11452,#9231,#9232);
#8388=AXIS2_PLACEMENT_3D('',#11453,#9233,#9234);
#8389=AXIS2_PLACEMENT_3D('',#11454,#9235,#9236);
#8390=AXIS2_PLACEMENT_3D('',#11455,#9237,#9238);
#8391=AXIS2_PLACEMENT_3D('',#11456,#9239,#9240);
#8392=AXIS2_PLACEMENT_3D('',#11457,#9241,#9242);
#8393=AXIS2_PLACEMENT_3D('',#11458,#9243,#9244);
#8394=AXIS2_PLACEMENT_3D('',#11459,#9245,#9246);
#8395=AXIS2_PLACEMENT_3D('',#11460,#9247,#9248);
#8396=AXIS2_PLACEMENT_3D('',#11461,#9249,#9250);
#8397=AXIS2_PLACEMENT_3D('',#11462,#9251,#9252);
#8398=AXIS2_PLACEMENT_3D('',#11463,#9253,#9254);
#8399=AXIS2_PLACEMENT_3D('',#11464,#9255,#9256);
#8400=AXIS2_PLACEMENT_3D('',#11465,#9257,#9258);
#8401=AXIS2_PLACEMENT_3D('',#11466,#9259,#9260);
#8402=AXIS2_PLACEMENT_3D('',#11467,#9261,#9262);
#8403=AXIS2_PLACEMENT_3D('',#11476,#9267,#9268);
#8404=AXIS2_PLACEMENT_3D('',#11482,#9272,#9273);
#8405=AXIS2_PLACEMENT_3D('',#11488,#9277,#9278);
#8406=AXIS2_PLACEMENT_3D('',#11494,#9282,#9283);
#8407=AXIS2_PLACEMENT_3D('',#11500,#9287,#9288);
#8408=AXIS2_PLACEMENT_3D('',#11525,#9301,#9302);
#8409=AXIS2_PLACEMENT_3D('',#11550,#9315,#9316);
#8410=AXIS2_PLACEMENT_3D('',#11553,#9319,#9320);
#8411=AXIS2_PLACEMENT_3D('',#11557,#9324,#9325);
#8412=AXIS2_PLACEMENT_3D('',#11558,#9326,#9327);
#8413=AXIS2_PLACEMENT_3D('',#11560,#9329,#9330);
#8414=AXIS2_PLACEMENT_3D('',#11562,#9332,#9333);
#8415=AXIS2_PLACEMENT_3D('',#11565,#9336,#9337);
#8416=AXIS2_PLACEMENT_3D('',#11566,#9338,#9339);
#8417=AXIS2_PLACEMENT_3D('',#11569,#9342,#9343);
#8418=AXIS2_PLACEMENT_3D('',#11570,#9344,#9345);
#8419=AXIS2_PLACEMENT_3D('',#11572,#9347,#9348);
#8420=AXIS2_PLACEMENT_3D('',#11574,#9350,#9351);
#8421=AXIS2_PLACEMENT_3D('',#11576,#9353,#9354);
#8422=AXIS2_PLACEMENT_3D('',#11578,#9356,#9357);
#8423=AXIS2_PLACEMENT_3D('',#11580,#9359,#9360);
#8424=AXIS2_PLACEMENT_3D('',#11581,#9361,#9362);
#8425=AXIS2_PLACEMENT_3D('',#11606,#9375,#9376);
#8426=AXIS2_PLACEMENT_3D('',#11631,#9389,#9390);
#8427=AXIS2_PLACEMENT_3D('',#11634,#9393,#9394);
#8428=AXIS2_PLACEMENT_3D('',#11637,#9397,#9398);
#8429=AXIS2_PLACEMENT_3D('',#11639,#9400,#9401);
#8430=AXIS2_PLACEMENT_3D('',#11641,#9403,#9404);
#8431=AXIS2_PLACEMENT_3D('',#11643,#9406,#9407);
#8432=AXIS2_PLACEMENT_3D('',#11645,#9409,#9410);
#8433=AXIS2_PLACEMENT_3D('',#11646,#9411,#9412);
#8434=AXIS2_PLACEMENT_3D('',#11656,#9418,#9419);
#8435=AXIS2_PLACEMENT_3D('',#11662,#9423,#9424);
#8436=AXIS2_PLACEMENT_3D('',#11668,#9428,#9429);
#8437=AXIS2_PLACEMENT_3D('',#11674,#9433,#9434);
#8438=AXIS2_PLACEMENT_3D('',#11684,#9440,#9441);
#8439=AXIS2_PLACEMENT_3D('',#11686,#9443,#9444);
#8440=AXIS2_PLACEMENT_3D('',#11688,#9446,#9447);
#8441=AXIS2_PLACEMENT_3D('',#11697,#9452,#9453);
#8442=AXIS2_PLACEMENT_3D('',#11708,#9459,#9460);
#8443=AXIS2_PLACEMENT_3D('',#11717,#9465,#9466);
#8444=AXIS2_PLACEMENT_3D('',#11728,#9472,#9473);
#8445=AXIS2_PLACEMENT_3D('',#11737,#9478,#9479);
#8446=AXIS2_PLACEMENT_3D('',#11738,#9480,#9481);
#8447=AXIS2_PLACEMENT_3D('',#11739,#9482,#9483);
#8448=AXIS2_PLACEMENT_3D('',#11740,#9484,#9485);
#8449=AXIS2_PLACEMENT_3D('',#11741,#9486,#9487);
#8450=AXIS2_PLACEMENT_3D('',#11742,#9488,#9489);
#8451=AXIS2_PLACEMENT_3D('',#11743,#9490,#9491);
#8452=AXIS2_PLACEMENT_3D('',#11744,#9492,#9493);
#8453=AXIS2_PLACEMENT_3D('',#11745,#9494,#9495);
#8454=AXIS2_PLACEMENT_3D('',#11746,#9496,#9497);
#8455=AXIS2_PLACEMENT_3D('',#11747,#9498,#9499);
#8456=AXIS2_PLACEMENT_3D('',#11748,#9500,#9501);
#8457=AXIS2_PLACEMENT_3D('',#11749,#9502,#9503);
#8458=AXIS2_PLACEMENT_3D('',#11751,#9504,#9505);
#8459=AXIS2_PLACEMENT_3D('',#11753,#9506,#9507);
#8460=AXIS2_PLACEMENT_3D('',#11755,#9509,#9510);
#8461=AXIS2_PLACEMENT_3D('',#11757,#9511,#9512);
#8462=AXIS2_PLACEMENT_3D('',#11759,#9513,#9514);
#8463=AXIS2_PLACEMENT_3D('',#11761,#9516,#9517);
#8464=AXIS2_PLACEMENT_3D('',#11763,#9518,#9519);
#8465=AXIS2_PLACEMENT_3D('',#11765,#9520,#9521);
#8466=AXIS2_PLACEMENT_3D('',#11767,#9523,#9524);
#8467=AXIS2_PLACEMENT_3D('',#11768,#9525,#9526);
#8468=AXIS2_PLACEMENT_3D('',#11769,#9527,#9528);
#8469=AXIS2_PLACEMENT_3D('',#11770,#9529,#9530);
#8470=AXIS2_PLACEMENT_3D('',#11771,#9531,#9532);
#8471=AXIS2_PLACEMENT_3D('',#11772,#9533,#9534);
#8472=AXIS2_PLACEMENT_3D('',#11773,#9535,#9536);
#8473=AXIS2_PLACEMENT_3D('',#11774,#9537,#9538);
#8474=AXIS2_PLACEMENT_3D('',#11779,#9539,#9540);
#8475=AXIS2_PLACEMENT_3D('',#11780,#9541,#9542);
#8476=AXIS2_PLACEMENT_3D('',#11785,#9543,#9544);
#8477=AXIS2_PLACEMENT_3D('',#11786,#9545,#9546);
#8478=AXIS2_PLACEMENT_3D('',#11787,#9547,#9548);
#8479=AXIS2_PLACEMENT_3D('',#11788,#9549,#9550);
#8480=AXIS2_PLACEMENT_3D('',#11821,#9551,#9552);
#8481=AXIS2_PLACEMENT_3D('',#11832,#9558,#9559);
#8482=AXIS2_PLACEMENT_3D('',#11841,#9564,#9565);
#8483=AXIS2_PLACEMENT_3D('',#11852,#9571,#9572);
#8484=AXIS2_PLACEMENT_3D('',#11861,#9577,#9578);
#8485=AXIS2_PLACEMENT_3D('',#11870,#9583,#9584);
#8486=AXIS2_PLACEMENT_3D('',#11871,#9585,#9586);
#8487=AXIS2_PLACEMENT_3D('',#11872,#9587,#9588);
#8488=AXIS2_PLACEMENT_3D('',#11873,#9589,#9590);
#8489=AXIS2_PLACEMENT_3D('',#11874,#9591,#9592);
#8490=AXIS2_PLACEMENT_3D('',#11875,#9593,#9594);
#8491=AXIS2_PLACEMENT_3D('',#11876,#9595,#9596);
#8492=AXIS2_PLACEMENT_3D('',#11877,#9597,#9598);
#8493=AXIS2_PLACEMENT_3D('',#11878,#9599,#9600);
#8494=AXIS2_PLACEMENT_3D('',#11879,#9601,#9602);
#8495=AXIS2_PLACEMENT_3D('',#11880,#9603,#9604);
#8496=AXIS2_PLACEMENT_3D('',#11881,#9605,#9606);
#8497=AXIS2_PLACEMENT_3D('',#11882,#9607,#9608);
#8498=AXIS2_PLACEMENT_3D('',#11884,#9609,#9610);
#8499=AXIS2_PLACEMENT_3D('',#11886,#9611,#9612);
#8500=AXIS2_PLACEMENT_3D('',#11888,#9614,#9615);
#8501=AXIS2_PLACEMENT_3D('',#11890,#9616,#9617);
#8502=AXIS2_PLACEMENT_3D('',#11892,#9618,#9619);
#8503=AXIS2_PLACEMENT_3D('',#11894,#9621,#9622);
#8504=AXIS2_PLACEMENT_3D('',#11896,#9623,#9624);
#8505=AXIS2_PLACEMENT_3D('',#11898,#9625,#9626);
#8506=AXIS2_PLACEMENT_3D('',#11900,#9628,#9629);
#8507=AXIS2_PLACEMENT_3D('',#11901,#9630,#9631);
#8508=AXIS2_PLACEMENT_3D('',#11906,#9632,#9633);
#8509=AXIS2_PLACEMENT_3D('',#11907,#9634,#9635);
#8510=AXIS2_PLACEMENT_3D('',#11908,#9636,#9637);
#8511=AXIS2_PLACEMENT_3D('',#11909,#9638,#9639);
#8512=AXIS2_PLACEMENT_3D('',#11910,#9640,#9641);
#8513=AXIS2_PLACEMENT_3D('',#11915,#9642,#9643);
#8514=AXIS2_PLACEMENT_3D('',#11916,#9644,#9645);
#8515=AXIS2_PLACEMENT_3D('',#11917,#9646,#9647);
#8516=AXIS2_PLACEMENT_3D('',#11918,#9648,#9649);
#8517=AXIS2_PLACEMENT_3D('',#11919,#9650,#9651);
#8518=AXIS2_PLACEMENT_3D('',#11920,#9652,#9653);
#8519=AXIS2_PLACEMENT_3D('',#11921,#9654,#9655);
#8520=AXIS2_PLACEMENT_3D('',#11954,#9656,#9657);
#8521=AXIS2_PLACEMENT_3D('',#11960,#9661,#9662);
#8522=AXIS2_PLACEMENT_3D('',#11969,#9667,#9668);
#8523=AXIS2_PLACEMENT_3D('',#11975,#9672,#9673);
#8524=AXIS2_PLACEMENT_3D('',#11981,#9677,#9678);
#8525=AXIS2_PLACEMENT_3D('',#11990,#9683,#9684);
#8526=AXIS2_PLACEMENT_3D('',#11996,#9688,#9689);
#8527=AXIS2_PLACEMENT_3D('',#12002,#9693,#9694);
#8528=AXIS2_PLACEMENT_3D('',#12011,#9699,#9700);
#8529=AXIS2_PLACEMENT_3D('',#12017,#9704,#9705);
#8530=AXIS2_PLACEMENT_3D('',#12023,#9709,#9710);
#8531=AXIS2_PLACEMENT_3D('',#12032,#9715,#9716);
#8532=AXIS2_PLACEMENT_3D('',#12038,#9720,#9721);
#8533=AXIS2_PLACEMENT_3D('',#12044,#9725,#9726);
#8534=AXIS2_PLACEMENT_3D('',#12053,#9731,#9732);
#8535=AXIS2_PLACEMENT_3D('',#12059,#9736,#9737);
#8536=AXIS2_PLACEMENT_3D('',#12065,#9741,#9742);
#8537=AXIS2_PLACEMENT_3D('',#12074,#9747,#9748);
#8538=AXIS2_PLACEMENT_3D('',#12080,#9752,#9753);
#8539=AXIS2_PLACEMENT_3D('',#12086,#9757,#9758);
#8540=AXIS2_PLACEMENT_3D('',#12095,#9763,#9764);
#8541=AXIS2_PLACEMENT_3D('',#12101,#9768,#9769);
#8542=AXIS2_PLACEMENT_3D('',#12107,#9773,#9774);
#8543=AXIS2_PLACEMENT_3D('',#12116,#9779,#9780);
#8544=AXIS2_PLACEMENT_3D('',#12122,#9784,#9785);
#8545=AXIS2_PLACEMENT_3D('',#12128,#9789,#9790);
#8546=AXIS2_PLACEMENT_3D('',#12137,#9795,#9796);
#8547=AXIS2_PLACEMENT_3D('',#12143,#9800,#9801);
#8548=AXIS2_PLACEMENT_3D('',#12149,#9805,#9806);
#8549=AXIS2_PLACEMENT_3D('',#12158,#9811,#9812);
#8550=AXIS2_PLACEMENT_3D('',#12164,#9816,#9817);
#8551=AXIS2_PLACEMENT_3D('',#12170,#9821,#9822);
#8552=AXIS2_PLACEMENT_3D('',#12179,#9827,#9828);
#8553=AXIS2_PLACEMENT_3D('',#12185,#9832,#9833);
#8554=AXIS2_PLACEMENT_3D('',#12191,#9837,#9838);
#8555=AXIS2_PLACEMENT_3D('',#12200,#9843,#9844);
#8556=AXIS2_PLACEMENT_3D('',#12206,#9848,#9849);
#8557=AXIS2_PLACEMENT_3D('',#12212,#9853,#9854);
#8558=AXIS2_PLACEMENT_3D('',#12221,#9859,#9860);
#8559=AXIS2_PLACEMENT_3D('',#12227,#9864,#9865);
#8560=AXIS2_PLACEMENT_3D('',#12233,#9869,#9870);
#8561=AXIS2_PLACEMENT_3D('',#12242,#9875,#9876);
#8562=AXIS2_PLACEMENT_3D('',#12248,#9880,#9881);
#8563=AXIS2_PLACEMENT_3D('',#12254,#9885,#9886);
#8564=AXIS2_PLACEMENT_3D('',#12263,#9891,#9892);
#8565=AXIS2_PLACEMENT_3D('',#12280,#9909,#9910);
#8566=AXIS2_PLACEMENT_3D('',#12284,#9914,#9915);
#8567=AXIS2_PLACEMENT_3D('',#12286,#9917,#9918);
#8568=AXIS2_PLACEMENT_3D('',#12288,#9920,#9921);
#8569=AXIS2_PLACEMENT_3D('',#12290,#9923,#9924);
#8570=AXIS2_PLACEMENT_3D('',#12292,#9926,#9927);
#8571=AXIS2_PLACEMENT_3D('',#12294,#9929,#9930);
#8572=AXIS2_PLACEMENT_3D('',#12296,#9932,#9933);
#8573=AXIS2_PLACEMENT_3D('',#12298,#9935,#9936);
#8574=AXIS2_PLACEMENT_3D('',#12300,#9938,#9939);
#8575=AXIS2_PLACEMENT_3D('',#12302,#9941,#9942);
#8576=AXIS2_PLACEMENT_3D('',#12304,#9944,#9945);
#8577=AXIS2_PLACEMENT_3D('',#12306,#9947,#9948);
#8578=AXIS2_PLACEMENT_3D('',#12308,#9950,#9951);
#8579=AXIS2_PLACEMENT_3D('',#12310,#9953,#9954);
#8580=AXIS2_PLACEMENT_3D('',#12312,#9956,#9957);
#8581=AXIS2_PLACEMENT_3D('',#12314,#9959,#9960);
#8582=AXIS2_PLACEMENT_3D('',#12316,#9962,#9963);
#8583=AXIS2_PLACEMENT_3D('',#12318,#9965,#9966);
#8584=AXIS2_PLACEMENT_3D('',#12320,#9968,#9969);
#8585=AXIS2_PLACEMENT_3D('',#12322,#9971,#9972);
#8586=AXIS2_PLACEMENT_3D('',#12324,#9974,#9975);
#8587=AXIS2_PLACEMENT_3D('',#12326,#9977,#9978);
#8588=AXIS2_PLACEMENT_3D('',#12328,#9980,#9981);
#8589=AXIS2_PLACEMENT_3D('',#12330,#9983,#9984);
#8590=AXIS2_PLACEMENT_3D('',#12332,#9986,#9987);
#8591=AXIS2_PLACEMENT_3D('',#12334,#9989,#9990);
#8592=AXIS2_PLACEMENT_3D('',#12336,#9992,#9993);
#8593=AXIS2_PLACEMENT_3D('',#12339,#9996,#9997);
#8594=AXIS2_PLACEMENT_3D('',#12341,#9999,#10000);
#8595=AXIS2_PLACEMENT_3D('',#12343,#10002,#10003);
#8596=AXIS2_PLACEMENT_3D('',#12345,#10005,#10006);
#8597=AXIS2_PLACEMENT_3D('',#12347,#10008,#10009);
#8598=AXIS2_PLACEMENT_3D('',#12350,#10012,#10013);
#8599=AXIS2_PLACEMENT_3D('',#12351,#10014,#10015);
#8600=AXIS2_PLACEMENT_3D('',#12352,#10016,#10017);
#8601=AXIS2_PLACEMENT_3D('',#12353,#10018,#10019);
#8602=AXIS2_PLACEMENT_3D('',#12366,#10026,#10027);
#8603=AXIS2_PLACEMENT_3D('',#12372,#10031,#10032);
#8604=AXIS2_PLACEMENT_3D('',#12382,#10038,#10039);
#8605=AXIS2_PLACEMENT_3D('',#12384,#10041,#10042);
#8606=AXIS2_PLACEMENT_3D('',#12386,#10044,#10045);
#8607=AXIS2_PLACEMENT_3D('',#12388,#10047,#10048);
#8608=AXIS2_PLACEMENT_3D('',#12390,#10050,#10051);
#8609=AXIS2_PLACEMENT_3D('',#12391,#10052,#10053);
#8610=AXIS2_PLACEMENT_3D('',#12404,#10060,#10061);
#8611=AXIS2_PLACEMENT_3D('',#12410,#10065,#10066);
#8612=AXIS2_PLACEMENT_3D('',#12420,#10072,#10073);
#8613=AXIS2_PLACEMENT_3D('',#12422,#10075,#10076);
#8614=AXIS2_PLACEMENT_3D('',#12424,#10078,#10079);
#8615=AXIS2_PLACEMENT_3D('',#12426,#10081,#10082);
#8616=AXIS2_PLACEMENT_3D('',#12428,#10084,#10085);
#8617=AXIS2_PLACEMENT_3D('',#12429,#10086,#10087);
#8618=AXIS2_PLACEMENT_3D('',#12442,#10094,#10095);
#8619=AXIS2_PLACEMENT_3D('',#12448,#10099,#10100);
#8620=AXIS2_PLACEMENT_3D('',#12458,#10106,#10107);
#8621=AXIS2_PLACEMENT_3D('',#12460,#10109,#10110);
#8622=AXIS2_PLACEMENT_3D('',#12462,#10112,#10113);
#8623=AXIS2_PLACEMENT_3D('',#12464,#10115,#10116);
#8624=AXIS2_PLACEMENT_3D('',#12466,#10118,#10119);
#8625=AXIS2_PLACEMENT_3D('',#12467,#10120,#10121);
#8626=AXIS2_PLACEMENT_3D('',#12480,#10128,#10129);
#8627=AXIS2_PLACEMENT_3D('',#12486,#10133,#10134);
#8628=AXIS2_PLACEMENT_3D('',#12496,#10140,#10141);
#8629=AXIS2_PLACEMENT_3D('',#12498,#10143,#10144);
#8630=AXIS2_PLACEMENT_3D('',#12500,#10146,#10147);
#8631=AXIS2_PLACEMENT_3D('',#12502,#10149,#10150);
#8632=AXIS2_PLACEMENT_3D('',#12504,#10152,#10153);
#8633=AXIS2_PLACEMENT_3D('',#12505,#10154,#10155);
#8634=AXIS2_PLACEMENT_3D('',#12518,#10162,#10163);
#8635=AXIS2_PLACEMENT_3D('',#12524,#10167,#10168);
#8636=AXIS2_PLACEMENT_3D('',#12534,#10174,#10175);
#8637=AXIS2_PLACEMENT_3D('',#12536,#10177,#10178);
#8638=AXIS2_PLACEMENT_3D('',#12538,#10180,#10181);
#8639=AXIS2_PLACEMENT_3D('',#12540,#10183,#10184);
#8640=AXIS2_PLACEMENT_3D('',#12542,#10186,#10187);
#8641=AXIS2_PLACEMENT_3D('',#12543,#10188,#10189);
#8642=AXIS2_PLACEMENT_3D('',#12556,#10196,#10197);
#8643=AXIS2_PLACEMENT_3D('',#12562,#10201,#10202);
#8644=AXIS2_PLACEMENT_3D('',#12572,#10208,#10209);
#8645=AXIS2_PLACEMENT_3D('',#12574,#10211,#10212);
#8646=AXIS2_PLACEMENT_3D('',#12576,#10214,#10215);
#8647=AXIS2_PLACEMENT_3D('',#12578,#10217,#10218);
#8648=AXIS2_PLACEMENT_3D('',#12580,#10220,#10221);
#8649=AXIS2_PLACEMENT_3D('',#12581,#10222,#10223);
#8650=AXIS2_PLACEMENT_3D('',#12594,#10230,#10231);
#8651=AXIS2_PLACEMENT_3D('',#12600,#10235,#10236);
#8652=AXIS2_PLACEMENT_3D('',#12610,#10242,#10243);
#8653=AXIS2_PLACEMENT_3D('',#12612,#10245,#10246);
#8654=AXIS2_PLACEMENT_3D('',#12614,#10248,#10249);
#8655=AXIS2_PLACEMENT_3D('',#12616,#10251,#10252);
#8656=AXIS2_PLACEMENT_3D('',#12618,#10254,#10255);
#8657=AXIS2_PLACEMENT_3D('',#12619,#10256,#10257);
#8658=AXIS2_PLACEMENT_3D('',#12632,#10264,#10265);
#8659=AXIS2_PLACEMENT_3D('',#12638,#10269,#10270);
#8660=AXIS2_PLACEMENT_3D('',#12648,#10276,#10277);
#8661=AXIS2_PLACEMENT_3D('',#12650,#10279,#10280);
#8662=AXIS2_PLACEMENT_3D('',#12652,#10282,#10283);
#8663=AXIS2_PLACEMENT_3D('',#12654,#10285,#10286);
#8664=AXIS2_PLACEMENT_3D('',#12656,#10288,#10289);
#8665=AXIS2_PLACEMENT_3D('',#12657,#10290,#10291);
#8666=AXIS2_PLACEMENT_3D('',#12670,#10298,#10299);
#8667=AXIS2_PLACEMENT_3D('',#12676,#10303,#10304);
#8668=AXIS2_PLACEMENT_3D('',#12686,#10310,#10311);
#8669=AXIS2_PLACEMENT_3D('',#12688,#10313,#10314);
#8670=AXIS2_PLACEMENT_3D('',#12690,#10316,#10317);
#8671=AXIS2_PLACEMENT_3D('',#12692,#10319,#10320);
#8672=AXIS2_PLACEMENT_3D('',#12694,#10322,#10323);
#8673=AXIS2_PLACEMENT_3D('',#12695,#10324,#10325);
#8674=AXIS2_PLACEMENT_3D('',#12708,#10332,#10333);
#8675=AXIS2_PLACEMENT_3D('',#12714,#10337,#10338);
#8676=AXIS2_PLACEMENT_3D('',#12724,#10344,#10345);
#8677=AXIS2_PLACEMENT_3D('',#12726,#10347,#10348);
#8678=AXIS2_PLACEMENT_3D('',#12728,#10350,#10351);
#8679=AXIS2_PLACEMENT_3D('',#12730,#10353,#10354);
#8680=AXIS2_PLACEMENT_3D('',#12732,#10356,#10357);
#8681=AXIS2_PLACEMENT_3D('',#12733,#10358,#10359);
#8682=AXIS2_PLACEMENT_3D('',#12746,#10366,#10367);
#8683=AXIS2_PLACEMENT_3D('',#12752,#10371,#10372);
#8684=AXIS2_PLACEMENT_3D('',#12762,#10378,#10379);
#8685=AXIS2_PLACEMENT_3D('',#12764,#10381,#10382);
#8686=AXIS2_PLACEMENT_3D('',#12766,#10384,#10385);
#8687=AXIS2_PLACEMENT_3D('',#12768,#10387,#10388);
#8688=AXIS2_PLACEMENT_3D('',#12770,#10390,#10391);
#8689=AXIS2_PLACEMENT_3D('',#12771,#10392,#10393);
#8690=AXIS2_PLACEMENT_3D('',#12784,#10400,#10401);
#8691=AXIS2_PLACEMENT_3D('',#12790,#10405,#10406);
#8692=AXIS2_PLACEMENT_3D('',#12800,#10412,#10413);
#8693=AXIS2_PLACEMENT_3D('',#12802,#10415,#10416);
#8694=AXIS2_PLACEMENT_3D('',#12804,#10418,#10419);
#8695=AXIS2_PLACEMENT_3D('',#12806,#10421,#10422);
#8696=AXIS2_PLACEMENT_3D('',#12808,#10424,#10425);
#8697=AXIS2_PLACEMENT_3D('',#12809,#10426,#10427);
#8698=AXIS2_PLACEMENT_3D('',#12822,#10434,#10435);
#8699=AXIS2_PLACEMENT_3D('',#12828,#10439,#10440);
#8700=AXIS2_PLACEMENT_3D('',#12838,#10446,#10447);
#8701=AXIS2_PLACEMENT_3D('',#12840,#10449,#10450);
#8702=AXIS2_PLACEMENT_3D('',#12842,#10452,#10453);
#8703=AXIS2_PLACEMENT_3D('',#12844,#10455,#10456);
#8704=AXIS2_PLACEMENT_3D('',#12846,#10458,#10459);
#8705=AXIS2_PLACEMENT_3D('',#12847,#10460,#10461);
#8706=AXIS2_PLACEMENT_3D('',#12860,#10468,#10469);
#8707=AXIS2_PLACEMENT_3D('',#12866,#10473,#10474);
#8708=AXIS2_PLACEMENT_3D('',#12876,#10480,#10481);
#8709=AXIS2_PLACEMENT_3D('',#12878,#10483,#10484);
#8710=AXIS2_PLACEMENT_3D('',#12880,#10486,#10487);
#8711=AXIS2_PLACEMENT_3D('',#12882,#10489,#10490);
#8712=AXIS2_PLACEMENT_3D('',#12884,#10492,#10493);
#8713=AXIS2_PLACEMENT_3D('',#12885,#10494,#10495);
#8714=AXIS2_PLACEMENT_3D('',#12898,#10502,#10503);
#8715=AXIS2_PLACEMENT_3D('',#12904,#10507,#10508);
#8716=AXIS2_PLACEMENT_3D('',#12914,#10514,#10515);
#8717=AXIS2_PLACEMENT_3D('',#12916,#10517,#10518);
#8718=AXIS2_PLACEMENT_3D('',#12918,#10520,#10521);
#8719=AXIS2_PLACEMENT_3D('',#12920,#10523,#10524);
#8720=AXIS2_PLACEMENT_3D('',#12922,#10526,#10527);
#8721=AXIS2_PLACEMENT_3D('',#12923,#10528,#10529);
#8722=AXIS2_PLACEMENT_3D('',#12926,#10530,#10531);
#8723=AXIS2_PLACEMENT_3D('',#12935,#10532,#10533);
#8724=AXIS2_PLACEMENT_3D('',#12942,#10534,#10535);
#8725=AXIS2_PLACEMENT_3D('',#12945,#10536,#10537);
#8726=AXIS2_PLACEMENT_3D('',#12954,#10538,#10539);
#8727=AXIS2_PLACEMENT_3D('',#12961,#10540,#10541);
#8728=AXIS2_PLACEMENT_3D('',#12964,#10542,#10543);
#8729=AXIS2_PLACEMENT_3D('',#12973,#10544,#10545);
#8730=AXIS2_PLACEMENT_3D('',#12980,#10546,#10547);
#8731=AXIS2_PLACEMENT_3D('',#12990,#10548,#10549);
#8732=AXIS2_PLACEMENT_3D('',#13017,#10550,#10551);
#8733=AXIS2_PLACEMENT_3D('',#13019,#10552,#10553);
#8734=AXIS2_PLACEMENT_3D('',#13021,#10554,#10555);
#8735=AXIS2_PLACEMENT_3D('',#13023,#10556,#10557);
#8736=AXIS2_PLACEMENT_3D('',#13025,#10558,#10559);
#8737=AXIS2_PLACEMENT_3D('',#13027,#10560,#10561);
#8738=AXIS2_PLACEMENT_3D('',#13029,#10562,#10563);
#8739=AXIS2_PLACEMENT_3D('',#13031,#10564,#10565);
#8740=AXIS2_PLACEMENT_3D('',#13064,#10566,#10567);
#8741=AXIS2_PLACEMENT_3D('',#13066,#10568,#10569);
#8742=AXIS2_PLACEMENT_3D('',#13073,#10570,#10571);
#8743=AXIS2_PLACEMENT_3D('',#13100,#10572,#10573);
#8744=AXIS2_PLACEMENT_3D('',#13102,#10574,#10575);
#8745=AXIS2_PLACEMENT_3D('',#13104,#10576,#10577);
#8746=AXIS2_PLACEMENT_3D('',#13106,#10578,#10579);
#8747=AXIS2_PLACEMENT_3D('',#13108,#10580,#10581);
#8748=AXIS2_PLACEMENT_3D('',#13110,#10582,#10583);
#8749=AXIS2_PLACEMENT_3D('',#13112,#10584,#10585);
#8750=AXIS2_PLACEMENT_3D('',#13114,#10586,#10587);
#8751=AXIS2_PLACEMENT_3D('',#13207,#10590,#10591);
#8752=AXIS2_PLACEMENT_3D('',#13209,#10593,#10594);
#8753=AXIS2_PLACEMENT_3D('',#13211,#10596,#10597);
#8754=AXIS2_PLACEMENT_3D('',#13213,#10599,#10600);
#8755=AXIS2_PLACEMENT_3D('',#13215,#10602,#10603);
#8756=AXIS2_PLACEMENT_3D('',#13217,#10605,#10606);
#8757=AXIS2_PLACEMENT_3D('',#13219,#10608,#10609);
#8758=AXIS2_PLACEMENT_3D('',#13221,#10611,#10612);
#8759=AXIS2_PLACEMENT_3D('',#13223,#10614,#10615);
#8760=AXIS2_PLACEMENT_3D('',#13225,#10616,#10617);
#8761=AXIS2_PLACEMENT_3D('',#13228,#10619,#10620);
#8762=AXIS2_PLACEMENT_3D('',#13229,#10621,#10622);
#8763=AXIS2_PLACEMENT_3D('',#13231,#10623,#10624);
#8764=AXIS2_PLACEMENT_3D('',#13232,#10625,#10626);
#8765=AXIS2_PLACEMENT_3D('',#13234,#10627,#10628);
#8766=AXIS2_PLACEMENT_3D('',#13235,#10629,#10630);
#8767=AXIS2_PLACEMENT_3D('',#13237,#10632,#10633);
#8768=AXIS2_PLACEMENT_3D('',#13239,#10634,#10635);
#8769=AXIS2_PLACEMENT_3D('',#13242,#10637,#10638);
#8770=AXIS2_PLACEMENT_3D('',#13243,#10639,#10640);
#8771=AXIS2_PLACEMENT_3D('',#13245,#10641,#10642);
#8772=AXIS2_PLACEMENT_3D('',#13246,#10643,#10644);
#8773=AXIS2_PLACEMENT_3D('',#13248,#10645,#10646);
#8774=AXIS2_PLACEMENT_3D('',#13249,#10647,#10648);
#8775=AXIS2_PLACEMENT_3D('',#13251,#10650,#10651);
#8776=AXIS2_PLACEMENT_3D('',#13253,#10652,#10653);
#8777=AXIS2_PLACEMENT_3D('',#13256,#10655,#10656);
#8778=AXIS2_PLACEMENT_3D('',#13257,#10657,#10658);
#8779=AXIS2_PLACEMENT_3D('',#13259,#10659,#10660);
#8780=AXIS2_PLACEMENT_3D('',#13260,#10661,#10662);
#8781=AXIS2_PLACEMENT_3D('',#13262,#10663,#10664);
#8782=AXIS2_PLACEMENT_3D('',#13263,#10665,#10666);
#8783=AXIS2_PLACEMENT_3D('',#13265,#10668,#10669);
#8784=AXIS2_PLACEMENT_3D('',#13267,#10670,#10671);
#8785=AXIS2_PLACEMENT_3D('',#13270,#10673,#10674);
#8786=AXIS2_PLACEMENT_3D('',#13271,#10675,#10676);
#8787=AXIS2_PLACEMENT_3D('',#13273,#10677,#10678);
#8788=AXIS2_PLACEMENT_3D('',#13274,#10679,#10680);
#8789=AXIS2_PLACEMENT_3D('',#13276,#10681,#10682);
#8790=AXIS2_PLACEMENT_3D('',#13277,#10683,#10684);
#8791=AXIS2_PLACEMENT_3D('',#13306,#10686,#10687);
#8792=AXIS2_PLACEMENT_3D('',#13363,#10688,#10689);
#8793=AXIS2_PLACEMENT_3D('',#13420,#10690,#10691);
#8794=AXIS2_PLACEMENT_3D('',#13422,#10692,#10693);
#8795=AXIS2_PLACEMENT_3D('',#13424,#10694,#10695);
#8796=AXIS2_PLACEMENT_3D('',#13425,#10696,#10697);
#8797=AXIS2_PLACEMENT_3D('',#13426,#10698,#10699);
#8798=AXIS2_PLACEMENT_3D('',#13427,#10700,#10701);
#8799=AXIS2_PLACEMENT_3D('',#13428,#10702,#10703);
#8800=AXIS2_PLACEMENT_3D('',#13448,#10705,#10706);
#8801=AXIS2_PLACEMENT_3D('',#13450,#10708,#10709);
#8802=AXIS2_PLACEMENT_3D('',#13461,#10712,#10713);
#8803=AXIS2_PLACEMENT_3D('',#13476,#10714,#10715);
#8804=AXIS2_PLACEMENT_3D('',#13478,#10717,#10718);
#8805=AXIS2_PLACEMENT_3D('',#13479,#10719,#10720);
#8806=AXIS2_PLACEMENT_3D('',#13483,#10723,#10724);
#8807=AXIS2_PLACEMENT_3D('',#13485,#10725,#10726);
#8808=AXIS2_PLACEMENT_3D('',#13487,#10728,#10729);
#8809=AXIS2_PLACEMENT_3D('',#13491,#10732,#10733);
#8810=AXIS2_PLACEMENT_3D('',#13493,#10734,#10735);
#8811=AXIS2_PLACEMENT_3D('',#13495,#10737,#10738);
#8812=AXIS2_PLACEMENT_3D('',#13499,#10741,#10742);
#8813=AXIS2_PLACEMENT_3D('',#13501,#10743,#10744);
#8814=AXIS2_PLACEMENT_3D('',#13503,#10746,#10747);
#8815=AXIS2_PLACEMENT_3D('',#13507,#10750,#10751);
#8816=AXIS2_PLACEMENT_3D('',#13509,#10752,#10753);
#8817=AXIS2_PLACEMENT_3D('',#13511,#10755,#10756);
#8818=AXIS2_PLACEMENT_3D('',#13515,#10759,#10760);
#8819=AXIS2_PLACEMENT_3D('',#13517,#10761,#10762);
#8820=AXIS2_PLACEMENT_3D('',#13519,#10764,#10765);
#8821=AXIS2_PLACEMENT_3D('',#13523,#10768,#10769);
#8822=AXIS2_PLACEMENT_3D('',#13525,#10770,#10771);
#8823=AXIS2_PLACEMENT_3D('',#13527,#10773,#10774);
#8824=AXIS2_PLACEMENT_3D('',#13532,#10777,#10778);
#8825=AXIS2_PLACEMENT_3D('',#13533,#10779,#10780);
#8826=AXIS2_PLACEMENT_3D('',#13548,#10781,#10782);
#8827=AXIS2_PLACEMENT_3D('',#13550,#10784,#10785);
#8828=AXIS2_PLACEMENT_3D('',#13561,#10788,#10789);
#8829=AXIS2_PLACEMENT_3D('',#13578,#10790,#10791);
#8830=AXIS2_PLACEMENT_3D('',#13580,#10793,#10794);
#8831=AXIS2_PLACEMENT_3D('',#13591,#10797,#10798);
#8832=AXIS2_PLACEMENT_3D('',#13606,#10799,#10800);
#8833=AXIS2_PLACEMENT_3D('',#13608,#10802,#10803);
#8834=AXIS2_PLACEMENT_3D('',#13610,#10804,#10805);
#8835=AXIS2_PLACEMENT_3D('',#13614,#10808,#10809);
#8836=AXIS2_PLACEMENT_3D('',#13629,#10810,#10811);
#8837=AXIS2_PLACEMENT_3D('',#13631,#10813,#10814);
#8838=AXIS2_PLACEMENT_3D('',#13639,#10816,#10817);
#8839=AXIS2_PLACEMENT_3D('',#13692,#10818,#10819);
#8840=AXIS2_PLACEMENT_3D('',#13694,#10820,#10821);
#8841=AXIS2_PLACEMENT_3D('',#13696,#10822,#10823);
#8842=AXIS2_PLACEMENT_3D('',#13698,#10824,#10825);
#8843=AXIS2_PLACEMENT_3D('',#13755,#10826,#10827);
#8844=AXIS2_PLACEMENT_3D('',#13811,#10828,#10829);
#8845=AXIS2_PLACEMENT_3D('',#13812,#10830,#10831);
#8846=AXIS2_PLACEMENT_3D('',#13813,#10832,#10833);
#8847=AXIS2_PLACEMENT_3D('',#13814,#10834,#10835);
#8848=AXIS2_PLACEMENT_3D('',#13819,#10837,#10838);
#8849=AXIS2_PLACEMENT_3D('',#13836,#10840,#10841);
#8850=AXIS2_PLACEMENT_3D('',#13847,#10844,#10845);
#8851=AXIS2_PLACEMENT_3D('',#13851,#10847,#10848);
#8852=AXIS2_PLACEMENT_3D('',#13864,#10849,#10850);
#8853=AXIS2_PLACEMENT_3D('',#13868,#10853,#10854);
#8854=AXIS2_PLACEMENT_3D('',#13869,#10855,#10856);
#8855=AXIS2_PLACEMENT_3D('',#13872,#10858,#10859);
#8856=AXIS2_PLACEMENT_3D('',#13873,#10860,#10861);
#8857=AXIS2_PLACEMENT_3D('',#13877,#10864,#10865);
#8858=AXIS2_PLACEMENT_3D('',#13880,#10867,#10868);
#8859=AXIS2_PLACEMENT_3D('',#13881,#10869,#10870);
#8860=AXIS2_PLACEMENT_3D('',#13885,#10873,#10874);
#8861=AXIS2_PLACEMENT_3D('',#13888,#10876,#10877);
#8862=AXIS2_PLACEMENT_3D('',#13889,#10878,#10879);
#8863=AXIS2_PLACEMENT_3D('',#13893,#10882,#10883);
#8864=AXIS2_PLACEMENT_3D('',#13896,#10885,#10886);
#8865=AXIS2_PLACEMENT_3D('',#13897,#10887,#10888);
#8866=AXIS2_PLACEMENT_3D('',#13901,#10891,#10892);
#8867=AXIS2_PLACEMENT_3D('',#13904,#10894,#10895);
#8868=AXIS2_PLACEMENT_3D('',#13905,#10896,#10897);
#8869=AXIS2_PLACEMENT_3D('',#13909,#10900,#10901);
#8870=AXIS2_PLACEMENT_3D('',#13912,#10903,#10904);
#8871=AXIS2_PLACEMENT_3D('',#13913,#10905,#10906);
#8872=AXIS2_PLACEMENT_3D('',#13915,#10907,#10908);
#8873=AXIS2_PLACEMENT_3D('',#13919,#10911,#10912);
#8874=AXIS2_PLACEMENT_3D('',#13923,#10914,#10915);
#8875=AXIS2_PLACEMENT_3D('',#13936,#10916,#10917);
#8876=AXIS2_PLACEMENT_3D('',#13947,#10920,#10921);
#8877=AXIS2_PLACEMENT_3D('',#13951,#10923,#10924);
#8878=AXIS2_PLACEMENT_3D('',#13966,#10925,#10926);
#8879=AXIS2_PLACEMENT_3D('',#13977,#10929,#10930);
#8880=AXIS2_PLACEMENT_3D('',#13981,#10932,#10933);
#8881=AXIS2_PLACEMENT_3D('',#13994,#10934,#10935);
#8882=AXIS2_PLACEMENT_3D('',#13999,#10938,#10939);
#8883=AXIS2_PLACEMENT_3D('',#14000,#10940,#10941);
#8884=AXIS2_PLACEMENT_3D('',#14004,#10943,#10944);
#8885=AXIS2_PLACEMENT_3D('',#14017,#10945,#10946);
#8886=AXIS2_PLACEMENT_3D('',#14025,#10948,#10949);
#8887=AXIS2_PLACEMENT_3D('',#14051,#10950,#10951);
#8888=AXIS2_PLACEMENT_3D('',#14053,#10952,#10953);
#8889=AXIS2_PLACEMENT_3D('',#14056,#10955,#10956);
#8890=AXIS2_PLACEMENT_3D('',#14057,#10957,#10958);
#8891=AXIS2_PLACEMENT_3D('',#14059,#10959,#10960);
#8892=AXIS2_PLACEMENT_3D('',#14060,#10961,#10962);
#8893=AXIS2_PLACEMENT_3D('',#14062,#10963,#10964);
#8894=AXIS2_PLACEMENT_3D('',#14063,#10965,#10966);
#8895=AXIS2_PLACEMENT_3D('',#14065,#10968,#10969);
#8896=AXIS2_PLACEMENT_3D('',#14067,#10970,#10971);
#8897=AXIS2_PLACEMENT_3D('',#14070,#10973,#10974);
#8898=AXIS2_PLACEMENT_3D('',#14071,#10975,#10976);
#8899=AXIS2_PLACEMENT_3D('',#14073,#10977,#10978);
#8900=AXIS2_PLACEMENT_3D('',#14074,#10979,#10980);
#8901=AXIS2_PLACEMENT_3D('',#14076,#10981,#10982);
#8902=AXIS2_PLACEMENT_3D('',#14077,#10983,#10984);
#8903=AXIS2_PLACEMENT_3D('',#14079,#10986,#10987);
#8904=AXIS2_PLACEMENT_3D('',#14081,#10988,#10989);
#8905=AXIS2_PLACEMENT_3D('',#14084,#10991,#10992);
#8906=AXIS2_PLACEMENT_3D('',#14085,#10993,#10994);
#8907=AXIS2_PLACEMENT_3D('',#14087,#10995,#10996);
#8908=AXIS2_PLACEMENT_3D('',#14088,#10997,#10998);
#8909=AXIS2_PLACEMENT_3D('',#14090,#10999,#11000);
#8910=AXIS2_PLACEMENT_3D('',#14091,#11001,#11002);
#8911=AXIS2_PLACEMENT_3D('',#14093,#11004,#11005);
#8912=AXIS2_PLACEMENT_3D('',#14095,#11006,#11007);
#8913=AXIS2_PLACEMENT_3D('',#14098,#11009,#11010);
#8914=AXIS2_PLACEMENT_3D('',#14099,#11011,#11012);
#8915=AXIS2_PLACEMENT_3D('',#14101,#11013,#11014);
#8916=AXIS2_PLACEMENT_3D('',#14102,#11015,#11016);
#8917=AXIS2_PLACEMENT_3D('',#14104,#11017,#11018);
#8918=AXIS2_PLACEMENT_3D('',#14105,#11019,#11020);
#8919=AXIS2_PLACEMENT_3D('',#14107,#11022,#11023);
#8920=AXIS2_PLACEMENT_3D('',#14110,#11024,#11025);
#8921=AXIS2_PLACEMENT_3D('',#14111,#11026,#11027);
#8922=AXIS2_PLACEMENT_3D('',#14114,#11028,#11029);
#8923=AXIS2_PLACEMENT_3D('',#14115,#11030,#11031);
#8924=AXIS2_PLACEMENT_3D('',#14117,#11032,#11033);
#8925=AXIS2_PLACEMENT_3D('',#14120,#11035,#11036);
#8926=AXIS2_PLACEMENT_3D('',#14121,#11037,#11038);
#8927=AXIS2_PLACEMENT_3D('',#14123,#11039,#11040);
#8928=AXIS2_PLACEMENT_3D('',#14124,#11041,#11042);
#8929=AXIS2_PLACEMENT_3D('',#14126,#11043,#11044);
#8930=AXIS2_PLACEMENT_3D('',#14127,#11045,#11046);
#8931=AXIS2_PLACEMENT_3D('',#14129,#11048,#11049);
#8932=AXIS2_PLACEMENT_3D('',#14131,#11050,#11051);
#8933=AXIS2_PLACEMENT_3D('',#14134,#11053,#11054);
#8934=AXIS2_PLACEMENT_3D('',#14135,#11055,#11056);
#8935=AXIS2_PLACEMENT_3D('',#14137,#11057,#11058);
#8936=AXIS2_PLACEMENT_3D('',#14138,#11059,#11060);
#8937=AXIS2_PLACEMENT_3D('',#14140,#11061,#11062);
#8938=AXIS2_PLACEMENT_3D('',#14141,#11063,#11064);
#8939=AXIS2_PLACEMENT_3D('',#14143,#11066,#11067);
#8940=AXIS2_PLACEMENT_3D('',#14145,#11068,#11069);
#8941=AXIS2_PLACEMENT_3D('',#14148,#11071,#11072);
#8942=AXIS2_PLACEMENT_3D('',#14149,#11073,#11074);
#8943=AXIS2_PLACEMENT_3D('',#14151,#11075,#11076);
#8944=AXIS2_PLACEMENT_3D('',#14152,#11077,#11078);
#8945=AXIS2_PLACEMENT_3D('',#14155,#11079,#11080);
#8946=AXIS2_PLACEMENT_3D('',#14159,#11082,#11083);
#8947=AXIS2_PLACEMENT_3D('',#14161,#11085,#11086);
#8948=AXIS2_PLACEMENT_3D('',#14167,#11090,#11091);
#8949=AXIS2_PLACEMENT_3D('',#14169,#11092,#11093);
#8950=AXIS2_PLACEMENT_3D('',#14172,#11095,#11096);
#8951=AXIS2_PLACEMENT_3D('',#14173,#11097,#11098);
#8952=AXIS2_PLACEMENT_3D('',#14179,#11102,#11103);
#8953=AXIS2_PLACEMENT_3D('',#14181,#11104,#11105);
#8954=AXIS2_PLACEMENT_3D('',#14184,#11107,#11108);
#8955=AXIS2_PLACEMENT_3D('',#14185,#11109,#11110);
#8956=AXIS2_PLACEMENT_3D('',#14191,#11114,#11115);
#8957=AXIS2_PLACEMENT_3D('',#14193,#11116,#11117);
#8958=AXIS2_PLACEMENT_3D('',#14196,#11119,#11120);
#8959=AXIS2_PLACEMENT_3D('',#14197,#11121,#11122);
#8960=AXIS2_PLACEMENT_3D('',#14203,#11126,#11127);
#8961=AXIS2_PLACEMENT_3D('',#14205,#11128,#11129);
#8962=AXIS2_PLACEMENT_3D('',#14208,#11131,#11132);
#8963=AXIS2_PLACEMENT_3D('',#14209,#11133,#11134);
#8964=AXIS2_PLACEMENT_3D('',#14215,#11138,#11139);
#8965=AXIS2_PLACEMENT_3D('',#14217,#11140,#11141);
#8966=AXIS2_PLACEMENT_3D('',#14220,#11143,#11144);
#8967=AXIS2_PLACEMENT_3D('',#14221,#11145,#11146);
#8968=AXIS2_PLACEMENT_3D('',#14227,#11150,#11151);
#8969=AXIS2_PLACEMENT_3D('',#14229,#11152,#11153);
#8970=AXIS2_PLACEMENT_3D('',#14232,#11155,#11156);
#8971=AXIS2_PLACEMENT_3D('',#14233,#11157,#11158);
#8972=AXIS2_PLACEMENT_3D('',#14239,#11162,#11163);
#8973=AXIS2_PLACEMENT_3D('',#14241,#11164,#11165);
#8974=AXIS2_PLACEMENT_3D('',#14244,#11167,#11168);
#8975=AXIS2_PLACEMENT_3D('',#14245,#11169,#11170);
#8976=AXIS2_PLACEMENT_3D('',#14251,#11174,#11175);
#8977=AXIS2_PLACEMENT_3D('',#14253,#11176,#11177);
#8978=AXIS2_PLACEMENT_3D('',#14256,#11179,#11180);
#8979=AXIS2_PLACEMENT_3D('',#14257,#11181,#11182);
#8980=AXIS2_PLACEMENT_3D('',#14263,#11186,#11187);
#8981=AXIS2_PLACEMENT_3D('',#14265,#11188,#11189);
#8982=AXIS2_PLACEMENT_3D('',#14268,#11191,#11192);
#8983=AXIS2_PLACEMENT_3D('',#14269,#11193,#11194);
#8984=AXIS2_PLACEMENT_3D('',#14272,#11197,#11198);
#8985=AXIS2_PLACEMENT_3D('',#14275,#11199,#11200);
#8986=AXIS2_PLACEMENT_3D('',#14279,#11202,#11203);
#8987=AXIS2_PLACEMENT_3D('',#14283,#11205,#11206);
#8988=AXIS2_PLACEMENT_3D('',#14287,#11208,#11209);
#8989=AXIS2_PLACEMENT_3D('',#14290,#11211,#11212);
#8990=AXIS2_PLACEMENT_3D('',#14292,#11213,#11214);
#8991=AXIS2_PLACEMENT_3D('',#14293,#11215,#11216);
#8992=AXIS2_PLACEMENT_3D('',#14295,#11217,#11218);
#8993=AXIS2_PLACEMENT_3D('',#14297,#11219,#11220);
#8994=AXIS2_PLACEMENT_3D('',#14298,#11221,#11222);
#8995=AXIS2_PLACEMENT_3D('',#14301,#11223,#11224);
#8996=AXIS2_PLACEMENT_3D('',#14305,#11226,#11227);
#8997=AXIS2_PLACEMENT_3D('',#14309,#11229,#11230);
#8998=AXIS2_PLACEMENT_3D('',#14313,#11232,#11233);
#8999=AXIS2_PLACEMENT_3D('',#14316,#11235,#11236);
#9000=AXIS2_PLACEMENT_3D('',#14317,#11237,#11238);
#9001=AXIS2_PLACEMENT_3D('',#14320,#11241,#11242);
#9002=AXIS2_PLACEMENT_3D('',#14322,#11244,#11245);
#9003=AXIS2_PLACEMENT_3D('',#14324,#11247,#11248);
#9004=AXIS2_PLACEMENT_3D('',#14326,#11250,#11251);
#9005=AXIS2_PLACEMENT_3D('',#14328,#11253,#11254);
#9006=AXIS2_PLACEMENT_3D('',#14330,#11256,#11257);
#9007=AXIS2_PLACEMENT_3D('',#14332,#11259,#11260);
#9008=AXIS2_PLACEMENT_3D('',#14333,#11261,#11262);
#9009=AXIS2_PLACEMENT_3D('',#14335,#11264,#11265);
#9010=AXIS2_PLACEMENT_3D('',#14337,#11267,#11268);
#9011=DIRECTION('axis',(0.,0.,1.));
#9012=DIRECTION('refdir',(1.,0.,0.));
#9013=DIRECTION('center_axis',(4.21975543629826E-17,-2.77555756156289E-17,
1.));
#9014=DIRECTION('ref_axis',(-4.01482911286286E-16,1.,3.46944695195361E-17));
#9015=DIRECTION('',(4.01482911286286E-16,-1.,-2.77555756156289E-17));
#9016=DIRECTION('',(-1.,-4.01482911286286E-16,4.21975543629825E-17));
#9017=DIRECTION('',(-4.01482911286286E-16,1.,2.77555756156289E-17));
#9018=DIRECTION('',(-1.,-4.01482911286286E-16,4.21975543629825E-17));
#9019=DIRECTION('center_axis',(-1.,-4.01482911286286E-16,4.21975543629825E-17));
#9020=DIRECTION('ref_axis',(4.21975543629826E-17,-3.46944695195361E-17,
1.));
#9021=DIRECTION('',(-4.21975543629826E-17,2.77555756156289E-17,-1.));
#9022=DIRECTION('',(-4.01482911286286E-16,1.,2.77555756156289E-17));
#9023=DIRECTION('',(-4.21975543629826E-17,2.77555756156289E-17,-1.));
#9024=DIRECTION('',(-4.01482911286286E-16,1.,2.77555756156289E-17));
#9025=DIRECTION('center_axis',(-4.21975543629826E-17,2.77555756156289E-17,
-1.));
#9026=DIRECTION('ref_axis',(4.01482911286286E-16,-1.,-3.46944695195361E-17));
#9027=DIRECTION('',(1.,4.01482911286286E-16,-4.21975543629825E-17));
#9028=DIRECTION('',(-4.01482911286286E-16,1.,2.77555756156289E-17));
#9029=DIRECTION('',(1.,4.01482911286286E-16,-4.21975543629825E-17));
#9030=DIRECTION('',(-4.01482911286286E-16,1.,2.77555756156289E-17));
#9031=DIRECTION('center_axis',(1.,4.01482911286286E-16,-4.21975543629825E-17));
#9032=DIRECTION('ref_axis',(-4.21975543629826E-17,3.46944695195361E-17,
-1.));
#9033=DIRECTION('',(-4.01482911286286E-16,1.,2.77555756156289E-17));
#9034=DIRECTION('',(4.21975543629826E-17,-2.77555756156289E-17,1.));
#9035=DIRECTION('',(4.01482911286286E-16,-1.,-2.77555756156289E-17));
#9036=DIRECTION('',(4.21975543629826E-17,-2.77555756156289E-17,1.));
#9037=DIRECTION('center_axis',(4.01482911286286E-16,-1.,-2.77555756156289E-17));
#9038=DIRECTION('ref_axis',(-1.,-4.01482911286286E-16,4.21975543629825E-17));
#9039=DIRECTION('',(1.,4.01482911286286E-16,-4.21975543629825E-17));
#9040=DIRECTION('',(4.21975543629826E-17,-2.77555756156289E-17,1.));
#9041=DIRECTION('',(-1.,-4.01482911286286E-16,4.21975543629825E-17));
#9042=DIRECTION('',(-4.21975543629826E-17,2.77555756156289E-17,-1.));
#9043=DIRECTION('center_axis',(-4.01482911286286E-16,1.,2.77555756156289E-17));
#9044=DIRECTION('ref_axis',(1.,4.01482911286286E-16,-4.21975543629825E-17));
#9045=DIRECTION('',(1.,4.01482911286286E-16,-4.21975543629825E-17));
#9046=DIRECTION('',(4.74626910029863E-15,2.77555756156289E-17,-1.));
#9047=DIRECTION('',(-1.,-4.01482911286286E-16,4.21975543629825E-17));
#9048=DIRECTION('',(4.21975543629826E-17,-2.77555756156289E-17,1.));
#9049=DIRECTION('center_axis',(1.,1.29056626110113E-13,-1.28697340753189E-13));
#9050=DIRECTION('ref_axis',(-1.28697340753189E-13,2.16840434497109E-17,
-1.));
#9051=DIRECTION('center_axis',(-1.,-1.6122041190983E-13,1.60861126552907E-13));
#9052=DIRECTION('ref_axis',(1.5547342100188E-13,-3.33283747822033E-14,1.));
#9053=DIRECTION('center_axis',(-1.,-4.01482911286286E-16,4.21975543629825E-17));
#9054=DIRECTION('ref_axis',(4.21975543629792E-17,8.30498864123905E-15,1.));
#9055=DIRECTION('center_axis',(-1.41516437763281E-12,-1.41525680064092E-12,
1.));
#9056=DIRECTION('ref_axis',(-4.01482911286226E-16,1.,1.41523077978883E-12));
#9057=DIRECTION('center_axis',(1.39372185382155E-12,1.39380174069004E-12,
-1.));
#9058=DIRECTION('ref_axis',(-1.,-1.64039466717487E-11,-1.3988388134734E-12));
#9059=DIRECTION('center_axis',(4.21975543629826E-17,-2.77555756156289E-17,
1.));
#9060=DIRECTION('ref_axis',(1.15037131575381E-14,-1.,-2.16840434497107E-17));
#9061=DIRECTION('center_axis',(-1.,-4.47015528634714E-13,-4.11044711381053E-13));
#9062=DIRECTION('ref_axis',(-4.11044711381053E-13,0.,1.));
#9063=DIRECTION('center_axis',(1.,4.01482911286286E-16,-4.21975543629825E-17));
#9064=DIRECTION('ref_axis',(-4.21975543629993E-17,4.16550474668949E-14,
-1.));
#9065=DIRECTION('center_axis',(-1.,-4.29251960239473E-13,-4.28808279772062E-13));
#9066=DIRECTION('ref_axis',(4.33388462515112E-13,-1.,4.10780350706976E-12));
#9067=DIRECTION('center_axis',(6.86118566172761E-13,-6.86117829218347E-13,
-1.));
#9068=DIRECTION('ref_axis',(4.01482911286315E-16,-1.,6.86148186879169E-13));
#9069=DIRECTION('center_axis',(5.89627208773611E-13,-5.89639448378421E-13,
-1.));
#9070=DIRECTION('ref_axis',(2.26059434037892E-14,-1.,5.88418203051326E-13));
#9071=DIRECTION('center_axis',(-4.21975543629826E-17,2.77555756156289E-17,
-1.));
#9072=DIRECTION('ref_axis',(4.48104038962908E-14,-1.,-4.33680868994185E-17));
#9073=DIRECTION('center_axis',(1.,1.21698715165178E-13,5.02007611235189E-14));
#9074=DIRECTION('ref_axis',(5.02007611235189E-14,2.16840434497092E-17,-1.));
#9075=DIRECTION('center_axis',(-1.,-8.08109474105532E-14,-8.0367266944904E-14));
#9076=DIRECTION('ref_axis',(-7.81170946350478E-14,1.,-1.10588621593522E-14));
#9077=DIRECTION('center_axis',(-1.,-4.01482911286286E-16,4.21975543629825E-17));
#9078=DIRECTION('ref_axis',(-4.01482911286287E-16,1.,-2.21610924056042E-14));
#9079=DIRECTION('center_axis',(-3.43038184309137E-13,3.43058914609173E-13,
1.));
#9080=DIRECTION('ref_axis',(-4.01482911286301E-16,1.,-3.4304156737441E-13));
#9081=DIRECTION('center_axis',(4.71234723172243E-14,-1.13742348872847E-13,
-1.));
#9082=DIRECTION('ref_axis',(-1.55832706358778E-13,1.,-1.10978934375595E-13));
#9083=DIRECTION('center_axis',(-2.67609572787285E-14,2.67563748934663E-14,
1.));
#9084=DIRECTION('ref_axis',(-1.,4.4007438073718E-14,-2.21622629381391E-14));
#9085=DIRECTION('center_axis',(-1.,3.5125653876718E-14,3.55693343423696E-14));
#9086=DIRECTION('ref_axis',(3.55693343423696E-14,-2.16840434497101E-17,
1.));
#9087=DIRECTION('center_axis',(1.,4.01482911286286E-16,-4.21975543629825E-17));
#9088=DIRECTION('ref_axis',(-4.01482911286287E-16,1.,-2.21610924056038E-14));
#9089=DIRECTION('center_axis',(1.,-5.51096683199908E-14,-5.55533487856014E-14));
#9090=DIRECTION('ref_axis',(5.51096683199709E-14,1.,-3.55271367880046E-13));
#9091=DIRECTION('center_axis',(2.14383041110344E-13,2.14467332781965E-13,
-1.));
#9092=DIRECTION('ref_axis',(4.01482911286277E-16,-1.,-2.14433505674185E-13));
#9093=DIRECTION('center_axis',(-4.21975543629826E-17,2.77555756156289E-17,
-1.));
#9094=DIRECTION('ref_axis',(1.,-7.92518977340238E-15,-4.21975543629827E-17));
#9095=DIRECTION('center_axis',(5.35641121118157E-14,5.36237720893951E-14,
-1.));
#9096=DIRECTION('ref_axis',(1.,4.01482911286284E-16,4.43667234306432E-14));
#9097=DIRECTION('center_axis',(4.01482911286286E-16,-1.,-2.77555756156289E-17));
#9098=DIRECTION('ref_axis',(-1.,-4.01482911286286E-16,4.21975543629825E-17));
#9099=DIRECTION('center_axis',(-4.01482911286286E-16,1.,2.77555756156289E-17));
#9100=DIRECTION('ref_axis',(4.21975543629826E-17,0.,1.));
#9101=DIRECTION('center_axis',(-4.01482911286286E-16,1.,2.77555756156289E-17));
#9102=DIRECTION('ref_axis',(4.21975543629826E-17,0.,1.));
#9103=DIRECTION('center_axis',(-2.27768429558508E-13,1.,-2.22932783344731E-13));
#9104=DIRECTION('ref_axis',(1.,2.27768429558508E-13,-4.21975543629758E-17));
#9105=DIRECTION('center_axis',(-2.01425144159454E-13,1.,-2.00978123032769E-13));
#9106=DIRECTION('ref_axis',(1.,2.00241627343814E-13,-1.11444278006145E-14));
#9107=DIRECTION('center_axis',(1.94724355451181E-13,-1.,1.94289029309402E-13));
#9108=DIRECTION('ref_axis',(4.21975543629046E-17,1.94267345265955E-13,1.));
#9109=DIRECTION('center_axis',(6.32955936972181E-13,-1.,6.32521812704567E-13));
#9110=DIRECTION('ref_axis',(-1.,-6.32955936972181E-13,4.21975543629652E-17));
#9111=DIRECTION('center_axis',(6.30275621488697E-13,-1.,6.29829521869851E-13));
#9112=DIRECTION('ref_axis',(1.33184565400656E-13,-6.30073250518225E-13,
-1.));
#9113=DIRECTION('center_axis',(-7.39448623636323E-13,1.,-7.41795513903298E-13));
#9114=DIRECTION('ref_axis',(-1.,-7.38699794286252E-13,-7.10500538205003E-13));
#9115=DIRECTION('center_axis',(-1.75198877248061E-14,-1.,3.56659146660831E-14));
#9116=DIRECTION('ref_axis',(-1.,1.75198877248061E-14,4.21975543629823E-17));
#9117=DIRECTION('center_axis',(-4.01482911286286E-16,1.,2.77555756156289E-17));
#9118=DIRECTION('ref_axis',(-4.21975543629826E-17,2.16840434497101E-17,
-1.));
#9119=DIRECTION('center_axis',(7.10227161955864E-15,-1.,-6.74460487459782E-15));
#9120=DIRECTION('ref_axis',(1.,5.95259803441207E-15,-2.22466580468661E-14));
#9121=DIRECTION('center_axis',(-0.707106781186663,0.707106781186432,2.13162820728028E-13));
#9122=DIRECTION('ref_axis',(0.707106781186459,0.707106781186636,2.13162820728004E-13));
#9123=DIRECTION('center_axis',(0.707106781187276,-1.13686837721585E-12,
-0.707106781185819));
#9124=DIRECTION('ref_axis',(0.707106781185837,1.13686837721588E-12,0.707106781187258));
#9125=DIRECTION('center_axis',(-0.707106781187516,-1.42108547152004E-12,
0.707106781185579));
#9126=DIRECTION('ref_axis',(0.707106781185606,-1.42108547152002E-12,0.707106781187489));
#9127=DIRECTION('center_axis',(-0.70710678118716,-0.707106781185935,8.52651282912197E-13));
#9128=DIRECTION('ref_axis',(0.70710678118605,-0.707106781187045,8.52651282912165E-13));
#9129=DIRECTION('center_axis',(0.707106781187143,-0.707106781185952,9.23705556487865E-13));
#9130=DIRECTION('ref_axis',(0.70710678118597,0.707106781187125,-9.23705556487912E-13));
#9131=DIRECTION('center_axis',(0.707106781186672,0.707106781186423,-7.10542735760084E-14));
#9132=DIRECTION('ref_axis',(0.707106781186397,-0.707106781186699,7.10542735760075E-14));
#9133=DIRECTION('center_axis',(0.707106781186405,0.70710678118669,-2.13162820727934E-13));
#9134=DIRECTION('ref_axis',(0.707106781186699,-0.707106781186397,2.13162820727931E-13));
#9135=DIRECTION('center_axis',(0.707106781187125,-0.70710678118597,-9.2370555648826E-13));
#9136=DIRECTION('ref_axis',(0.707106781185988,0.707106781187107,9.2370555648826E-13));
#9137=DIRECTION('center_axis',(-1.,-4.01482911286286E-16,4.21975543629825E-17));
#9138=DIRECTION('ref_axis',(4.21975543629826E-17,-3.46944695195361E-17,
1.));
#9139=DIRECTION('',(4.01482911286286E-16,-1.,-2.77555756156289E-17));
#9140=DIRECTION('',(-4.21975543629826E-17,2.77555756156289E-17,-1.));
#9141=DIRECTION('',(-4.01482911286286E-16,1.,2.77555756156289E-17));
#9142=DIRECTION('',(-4.21975543629826E-17,2.77555756156289E-17,-1.));
#9143=DIRECTION('center_axis',(-4.21975543629826E-17,2.77555756156289E-17,
-1.));
#9144=DIRECTION('ref_axis',(4.01482911286286E-16,-1.,-3.46944695195361E-17));
#9145=DIRECTION('',(1.,4.01482911286286E-16,-4.21975543629825E-17));
#9146=DIRECTION('',(-4.01482911286286E-16,1.,2.77555756156289E-17));
#9147=DIRECTION('',(1.,4.01482911286286E-16,-4.21975543629825E-17));
#9148=DIRECTION('',(2.52438719577167E-13,1.,2.77555756156289E-17));
#9149=DIRECTION('center_axis',(1.,4.01482911286286E-16,-4.21975543629825E-17));
#9150=DIRECTION('ref_axis',(-4.21975543629826E-17,3.46944695195361E-17,
-1.));
#9151=DIRECTION('',(4.21975543629826E-17,-2.77555756156289E-17,1.));
#9152=DIRECTION('',(-4.01482911286286E-16,1.,2.77555756156289E-17));
#9153=DIRECTION('',(4.21975543629826E-17,-2.77555756156289E-17,1.));
#9154=DIRECTION('',(-4.01482911286286E-16,1.,2.77555756156289E-17));
#9155=DIRECTION('center_axis',(4.21975543629826E-17,-2.77555756156289E-17,
1.));
#9156=DIRECTION('ref_axis',(-4.01482911286286E-16,1.,3.46944695195361E-17));
#9157=DIRECTION('',(-2.5324168539974E-13,1.,2.77555756156289E-17));
#9158=DIRECTION('',(-1.,-4.01482911286286E-16,4.21975543629825E-17));
#9159=DIRECTION('',(4.01482911286286E-16,-1.,-2.77555756156289E-17));
#9160=DIRECTION('',(-1.,-4.01482911286286E-16,4.21975543629825E-17));
#9161=DIRECTION('center_axis',(4.01482911286286E-16,-1.,-2.77555756156289E-17));
#9162=DIRECTION('ref_axis',(-1.,-4.01482911286286E-16,4.21975543629825E-17));
#9163=DIRECTION('',(3.87297087809228E-15,-2.77555756156289E-17,1.));
#9164=DIRECTION('',(-1.,-4.01482911286286E-16,4.21975543629825E-17));
#9165=DIRECTION('',(-4.21975543629826E-17,2.77555756156289E-17,-1.));
#9166=DIRECTION('',(1.,4.01482911286286E-16,-4.21975543629825E-17));
#9167=DIRECTION('center_axis',(-4.01482911286286E-16,1.,2.77555756156289E-17));
#9168=DIRECTION('ref_axis',(1.,4.01482911286286E-16,-4.21975543629825E-17));
#9169=DIRECTION('',(-8.57704242402793E-15,-2.77555756156289E-17,1.));
#9170=DIRECTION('',(1.,4.01482911286286E-16,-4.21975543629825E-17));
#9171=DIRECTION('',(-4.21975543629826E-17,2.77555756156289E-17,-1.));
#9172=DIRECTION('',(-1.,-4.01482911286286E-16,4.21975543629825E-17));
#9173=DIRECTION('center_axis',(-1.11496904350215E-12,-1.11502473920666E-12,
1.));
#9174=DIRECTION('ref_axis',(-4.01482911286239E-16,1.,1.11503688227084E-12));
#9175=DIRECTION('center_axis',(9.64871376436814E-13,9.64950341852955E-13,
-1.));
#9176=DIRECTION('ref_axis',(-1.,2.73540927043432E-14,-9.54749603623292E-13));
#9177=DIRECTION('center_axis',(9.91674531269908E-13,9.91762227897652E-13,
-1.));
#9178=DIRECTION('ref_axis',(-1.,2.18029775812174E-14,-9.88056294362047E-13));
#9179=DIRECTION('center_axis',(-1.,6.95642803364705E-15,7.84543820753052E-14));
#9180=DIRECTION('ref_axis',(7.84543820753052E-14,0.,1.));
#9181=DIRECTION('center_axis',(1.,-7.81031400229043E-14,-1.89569122951073E-13));
#9182=DIRECTION('ref_axis',(-1.88780111740639E-13,2.7972416050126E-15,-1.));
#9183=DIRECTION('center_axis',(1.,4.01482911286286E-16,-4.21975543629825E-17));
#9184=DIRECTION('ref_axis',(-4.21975543629837E-17,2.7972416050126E-15,-1.));
#9185=DIRECTION('center_axis',(-2.82473963290961E-13,3.1799562982826E-13,
-1.));
#9186=DIRECTION('ref_axis',(4.01482911286273E-16,-1.,-3.179748131466E-13));
#9187=DIRECTION('center_axis',(4.21975543629826E-17,-2.77555756156289E-17,
1.));
#9188=DIRECTION('ref_axis',(1.,-5.14963221183949E-15,-4.21975543629827E-17));
#9189=DIRECTION('center_axis',(5.35641121118178E-14,-5.35960165137794E-14,
-1.));
#9190=DIRECTION('ref_axis',(2.26059434037891E-14,-1.,4.43655528981062E-14));
#9191=DIRECTION('center_axis',(1.,-7.49629551055262E-14,1.81903650826466E-13));
#9192=DIRECTION('ref_axis',(1.81903650826466E-13,2.16840434497109E-17,-1.));
#9193=DIRECTION('center_axis',(1.,4.01482911286286E-16,-4.21975543629825E-17));
#9194=DIRECTION('ref_axis',(4.01482911286286E-16,-1.,-2.16840434497101E-17));
#9195=DIRECTION('center_axis',(1.,-1.16008525102242E-13,2.05185652429178E-13));
#9196=DIRECTION('ref_axis',(-1.1062081955123E-13,-1.,-2.16840434497101E-17));
#9197=DIRECTION('center_axis',(-3.00153136576225E-13,3.00176550283027E-13,
1.));
#9198=DIRECTION('ref_axis',(-4.01482911286299E-16,1.,-3.00150529430875E-13));
#9199=DIRECTION('center_axis',(4.21975543629826E-17,-2.77555756156289E-17,
1.));
#9200=DIRECTION('ref_axis',(-1.,-3.17704047284918E-15,4.21975543629825E-17));
#9201=DIRECTION('center_axis',(1.60776731444181E-13,-1.60788049541338E-13,
-1.));
#9202=DIRECTION('ref_axis',(-4.48104038962909E-14,1.,-1.55452907490966E-13));
#9203=DIRECTION('center_axis',(-1.,2.56908803486366E-13,-2.57268088843288E-13));
#9204=DIRECTION('ref_axis',(-2.57268088843288E-13,-2.16840434497099E-17,
1.));
#9205=DIRECTION('center_axis',(1.,2.07534174459906E-13,-7.33474467045479E-15));
#9206=DIRECTION('ref_axis',(-2.11343857590076E-13,1.,2.22261445359539E-14));
#9207=DIRECTION('center_axis',(-1.,-4.01482911286286E-16,4.21975543629825E-17));
#9208=DIRECTION('ref_axis',(-4.21975543629636E-17,-4.71411104596718E-14,
-1.));
#9209=DIRECTION('center_axis',(5.57463422973926E-13,5.57526247391138E-13,
-1.));
#9210=DIRECTION('ref_axis',(4.01482911286262E-16,-1.,-5.57561809222384E-13));
#9211=DIRECTION('center_axis',(-4.82414589441256E-13,-4.82475170926477E-13,
1.));
#9212=DIRECTION('ref_axis',(4.40074380737138E-14,1.,4.774175846322E-13));
#9213=DIRECTION('center_axis',(-4.21975543629826E-17,2.77555756156289E-17,
-1.));
#9214=DIRECTION('ref_axis',(1.,1.15037131575377E-14,-4.21975543629823E-17));
#9215=DIRECTION('center_axis',(1.,-6.02471332156601E-14,-2.51636768933037E-14));
#9216=DIRECTION('ref_axis',(-2.51636768933037E-14,2.16840434497096E-17,
-1.));
#9217=DIRECTION('center_axis',(1.,4.01482911286286E-16,-4.21975543629825E-17));
#9218=DIRECTION('ref_axis',(4.21975543629837E-17,-2.7972416050126E-15,1.));
#9219=DIRECTION('center_axis',(1.,4.01482911286286E-16,-4.21975543629825E-17));
#9220=DIRECTION('ref_axis',(4.21975543629837E-17,-2.7972416050126E-15,1.));
#9221=DIRECTION('center_axis',(-2.01213020870674E-14,-1.,-1.16573417585641E-14));
#9222=DIRECTION('ref_axis',(-1.,2.01213020870674E-14,4.21975543629826E-17));
#9223=DIRECTION('center_axis',(-6.2993057969857E-15,-1.,-6.74460487459782E-15));
#9224=DIRECTION('ref_axis',(4.43667234306452E-14,5.57279916657573E-15,-1.));
#9225=DIRECTION('center_axis',(-6.2993057969857E-15,-1.,-6.74460487459782E-15));
#9226=DIRECTION('ref_axis',(4.43667234306452E-14,5.57279916657573E-15,-1.));
#9227=DIRECTION('center_axis',(-6.1465359802312E-13,1.,6.187272916236E-13));
#9228=DIRECTION('ref_axis',(1.,6.1465359802312E-13,-4.21975543629592E-17));
#9229=DIRECTION('center_axis',(-5.96771677947516E-13,1.,5.96411808828634E-13));
#9230=DIRECTION('ref_axis',(4.21975543632221E-17,-5.96744875736028E-13,
1.));
#9231=DIRECTION('center_axis',(6.972835085716E-13,-1.,-6.96914748132826E-13));
#9232=DIRECTION('ref_axis',(-1.,-6.97066430863571E-13,-1.10600326918886E-14));
#9233=DIRECTION('center_axis',(2.33129060525131E-13,-1.,-2.28317365014163E-13));
#9234=DIRECTION('ref_axis',(-1.,-2.33129060525131E-13,4.21975543629768E-17));
#9235=DIRECTION('center_axis',(-2.0812593286775E-13,1.,2.07750483482982E-13));
#9236=DIRECTION('ref_axis',(5.54689536768922E-14,2.08188501160657E-13,-1.));
#9237=DIRECTION('center_axis',(-2.01425144159471E-13,1.,2.01061389759616E-13));
#9238=DIRECTION('ref_axis',(6.65711839231359E-14,1.99861828475947E-13,-1.));
#9239=DIRECTION('center_axis',(2.58958623978765E-12,-1.,2.58915111572833E-12));
#9240=DIRECTION('ref_axis',(-1.,-2.58958623978765E-12,4.21975543629013E-17));
#9241=DIRECTION('center_axis',(2.50649645980468E-12,-1.,2.50607867791075E-12));
#9242=DIRECTION('ref_axis',(-1.10980104908155E-13,2.50632847809132E-12,
1.));
#9243=DIRECTION('center_axis',(-2.60030750172104E-12,1.,-2.59983701234034E-12));
#9244=DIRECTION('ref_axis',(1.,2.60109891809568E-12,1.10600326918885E-14));
#9245=DIRECTION('center_axis',(-1.47437617670132E-12,-0.70710678118772,
0.707106781185375));
#9246=DIRECTION('ref_axis',(1.,-1.13686837721554E-12,1.06581410363957E-12));
#9247=DIRECTION('center_axis',(-8.88178419699815E-14,0.707106781186477,
0.707106781186619));
#9248=DIRECTION('ref_axis',(1.,0.,7.10542735759888E-14));
#9249=DIRECTION('center_axis',(1.22568621918611E-12,-0.707106781187542,
0.707106781185553));
#9250=DIRECTION('ref_axis',(1.,8.52651282912184E-13,-8.52651282912184E-13));
#9251=DIRECTION('center_axis',(-0.707106781186477,-0.707106781186619,0.));
#9252=DIRECTION('ref_axis',(0.707106781186485,-0.70710678118661,0.));
#9253=DIRECTION('center_axis',(0.,0.707106781186583,-0.707106781186512));
#9254=DIRECTION('ref_axis',(1.,0.,0.));
#9255=DIRECTION('center_axis',(0.70710678118716,0.707106781185935,1.06581410364025E-12));
#9256=DIRECTION('ref_axis',(0.707106781185997,-0.707106781187098,-1.06581410364029E-12));
#9257=DIRECTION('center_axis',(-1.26121335597456E-12,-0.707106781187507,
-0.707106781185588));
#9258=DIRECTION('ref_axis',(1.,-8.52651282912411E-13,-9.23705556488445E-13));
#9259=DIRECTION('center_axis',(0.70710678118645,0.,-0.707106781186645));
#9260=DIRECTION('ref_axis',(0.707106781186672,0.,0.707106781186423));
#9261=DIRECTION('center_axis',(1.,4.01482911286286E-16,-4.21975543629825E-17));
#9262=DIRECTION('ref_axis',(-4.21975543629826E-17,3.46944695195361E-17,
-1.));
#9263=DIRECTION('',(-4.21975543629829E-17,9.71445146547012E-16,-1.));
#9264=DIRECTION('',(-4.01482911286286E-16,1.,2.77555756156289E-17));
#9265=DIRECTION('',(-4.21975543629826E-17,2.77555756156289E-17,-1.));
#9266=DIRECTION('',(4.01482911286286E-16,-1.,-2.77555756156289E-17));
#9267=DIRECTION('center_axis',(-4.21975543629826E-17,2.77555756156289E-17,
-1.));
#9268=DIRECTION('ref_axis',(4.01482911286286E-16,-1.,-3.46944695195361E-17));
#9269=DIRECTION('',(-1.,9.68558327215968E-17,4.21975543629826E-17));
#9270=DIRECTION('',(-4.01482911286286E-16,1.,2.77555756156289E-17));
#9271=DIRECTION('',(-1.,5.26992351512781E-17,4.21975543629825E-17));
#9272=DIRECTION('center_axis',(-1.,-4.01482911286286E-16,4.21975543629825E-17));
#9273=DIRECTION('ref_axis',(4.21975543629826E-17,-3.46944695195361E-17,
1.));
#9274=DIRECTION('',(-4.01482911286286E-16,1.,2.77555756156289E-17));
#9275=DIRECTION('',(4.21975543629826E-17,-2.77555756156289E-17,1.));
#9276=DIRECTION('',(4.21975543629822E-17,7.7715611723761E-16,1.));
#9277=DIRECTION('center_axis',(4.01482911286286E-16,-1.,-2.77555756156289E-17));
#9278=DIRECTION('ref_axis',(-1.,-4.01482911286286E-16,4.21975543629825E-17));
#9279=DIRECTION('',(1.,4.01482911286286E-16,-4.21975543629825E-17));
#9280=DIRECTION('',(1.,-1.56935993779909E-16,-4.21975543629826E-17));
#9281=DIRECTION('',(1.,-4.72730601774551E-15,-4.21975543629826E-17));
#9282=DIRECTION('center_axis',(-4.01482911286286E-16,1.,2.77555756156289E-17));
#9283=DIRECTION('ref_axis',(1.,4.01482911286286E-16,-4.21975543629825E-17));
#9284=DIRECTION('',(1.,4.01482911286286E-16,-4.21975543629825E-17));
#9285=DIRECTION('',(1.,-6.06568722167718E-17,-4.21975543629826E-17));
#9286=DIRECTION('',(1.,4.01482911286286E-16,-4.21975543629825E-17));
#9287=DIRECTION('center_axis',(-4.01482911286286E-16,1.,2.77555756156289E-17));
#9288=DIRECTION('ref_axis',(1.,4.01482911286286E-16,-4.21975543629825E-17));
#9289=DIRECTION('',(3.21147654238557E-15,2.77555756156289E-17,-1.));
#9290=DIRECTION('',(-1.,-4.01482911286286E-16,4.21975543629825E-17));
#9291=DIRECTION('',(-0.0404177672808226,-5.55111512312578E-17,0.999182868191821));
#9292=DIRECTION('',(-1.,6.06568722167718E-17,4.21975543629826E-17));
#9293=DIRECTION('',(-0.0404177672808227,0.,-0.999182868191821));
#9294=DIRECTION('',(-1.,-4.01482911286286E-16,4.21975543629825E-17));
#9295=DIRECTION('',(3.29587165111153E-15,-2.77555756156289E-17,1.));
#9296=DIRECTION('',(-1.,-4.01482911286286E-16,4.21975543629825E-17));
#9297=DIRECTION('',(-4.21975543629826E-17,2.77555756156289E-17,-1.));
#9298=DIRECTION('',(-1.,2.24304728298752E-16,4.21975543629826E-17));
#9299=DIRECTION('',(4.21975543629826E-17,-2.77555756156289E-17,1.));
#9300=DIRECTION('',(-1.,-4.01482911286286E-16,4.21975543629825E-17));
#9301=DIRECTION('center_axis',(4.01482911286286E-16,-1.,-2.77555756156289E-17));
#9302=DIRECTION('ref_axis',(-1.,-4.01482911286286E-16,4.21975543629825E-17));
#9303=DIRECTION('',(1.,-2.79222829323375E-16,-4.21975543629826E-17));
#9304=DIRECTION('',(-4.21975543629826E-17,2.77555756156289E-17,-1.));
#9305=DIRECTION('',(1.,-9.82780508823208E-17,-4.21975543629826E-17));
#9306=DIRECTION('',(4.21975543629826E-17,-2.77555756156289E-17,1.));
#9307=DIRECTION('',(1.,-2.33842446616068E-16,-4.21975543629825E-17));
#9308=DIRECTION('',(-4.21975543629826E-17,2.77555756156289E-17,-1.));
#9309=DIRECTION('',(1.,4.01482911286286E-16,-4.21975543629825E-17));
#9310=DIRECTION('',(0.0404177672808227,0.,0.999182868191821));
#9311=DIRECTION('',(-1.,1.05587128946236E-16,4.21975543629826E-17));
#9312=DIRECTION('',(0.0404177672808226,5.55111512312578E-17,-0.999182868191821));
#9313=DIRECTION('',(1.,-4.52606999425812E-16,-4.21975543629826E-17));
#9314=DIRECTION('',(4.21975543629826E-17,-2.77555756156289E-17,1.));
#9315=DIRECTION('center_axis',(4.21975543629826E-17,-2.77555756156289E-17,
1.));
#9316=DIRECTION('ref_axis',(-4.01482911286286E-16,1.,3.46944695195361E-17));
#9317=DIRECTION('',(6.13050053779173E-15,-1.,-2.77555756156289E-17));
#9318=DIRECTION('',(4.01482911286286E-16,-1.,-2.77555756156289E-17));
#9319=DIRECTION('center_axis',(4.21975543629826E-17,-2.77555756156289E-17,
1.));
#9320=DIRECTION('ref_axis',(-4.01482911286286E-16,1.,3.46944695195361E-17));
#9321=DIRECTION('',(4.01482911286286E-16,-1.,-2.77555756156289E-17));
#9322=DIRECTION('',(4.01482911286286E-16,-1.,-2.77555756156289E-17));
#9323=DIRECTION('',(4.01482911286286E-16,-1.,-2.77555756156289E-17));
#9324=DIRECTION('center_axis',(0.999182868191821,1.25767452008319E-16,0.0404177672808277));
#9325=DIRECTION('ref_axis',(0.0404177672808277,3.46944695195361E-17,-0.999182868191821));
#9326=DIRECTION('center_axis',(4.21975543629826E-17,-2.77555756156289E-17,
1.));
#9327=DIRECTION('ref_axis',(-4.01482911286286E-16,1.,3.46944695195361E-17));
#9328=DIRECTION('',(4.01482911286286E-16,-1.,-2.77555756156289E-17));
#9329=DIRECTION('center_axis',(4.21975543629826E-17,-2.77555756156289E-17,
1.));
#9330=DIRECTION('ref_axis',(-4.01482911286286E-16,1.,3.46944695195361E-17));
#9331=DIRECTION('',(4.01482911286286E-16,-1.,-2.77555756156289E-17));
#9332=DIRECTION('center_axis',(-0.999182868191821,2.09034178855205E-16,
0.0404177672808285));
#9333=DIRECTION('ref_axis',(0.0404177672808285,-3.46944695195361E-17,0.999182868191821));
#9334=DIRECTION('',(4.01482911286286E-16,-1.,-2.77555756156289E-17));
#9335=DIRECTION('',(4.01482911286286E-16,-1.,-2.77555756156289E-17));
#9336=DIRECTION('center_axis',(4.21975543629826E-17,-2.77555756156289E-17,
1.));
#9337=DIRECTION('ref_axis',(-4.01482911286286E-16,1.,3.46944695195361E-17));
#9338=DIRECTION('center_axis',(1.,4.01482911286286E-16,-4.21975543629825E-17));
#9339=DIRECTION('ref_axis',(-4.21975543629826E-17,3.46944695195361E-17,
-1.));
#9340=DIRECTION('',(-4.01482911286286E-16,1.,2.77555756156289E-17));
#9341=DIRECTION('',(5.32753471521916E-15,1.,2.77555756156289E-17));
#9342=DIRECTION('center_axis',(4.21975543629826E-17,-2.77555756156289E-17,
1.));
#9343=DIRECTION('ref_axis',(-4.01482911286286E-16,1.,3.46944695195361E-17));
#9344=DIRECTION('center_axis',(-1.,-4.01482911286286E-16,4.21975543629825E-17));
#9345=DIRECTION('ref_axis',(4.21975543629826E-17,-3.46944695195361E-17,
1.));
#9346=DIRECTION('',(-4.01482911286286E-16,1.,2.77555756156289E-17));
#9347=DIRECTION('center_axis',(4.21975543629826E-17,-2.77555756156289E-17,
1.));
#9348=DIRECTION('ref_axis',(-4.01482911286286E-16,1.,3.46944695195361E-17));
#9349=DIRECTION('',(-4.01482911286286E-16,1.,2.77555756156289E-17));
#9350=DIRECTION('center_axis',(1.,4.01482911286286E-16,-4.21975543629825E-17));
#9351=DIRECTION('ref_axis',(-4.21975543629826E-17,3.46944695195361E-17,
-1.));
#9352=DIRECTION('',(-4.01482911286286E-16,1.,2.77555756156289E-17));
#9353=DIRECTION('center_axis',(4.21975543629826E-17,-2.77555756156289E-17,
1.));
#9354=DIRECTION('ref_axis',(-4.01482911286286E-16,1.,3.46944695195361E-17));
#9355=DIRECTION('',(-4.01482911286286E-16,1.,2.77555756156289E-17));
#9356=DIRECTION('center_axis',(-1.,-4.01482911286286E-16,4.21975543629825E-17));
#9357=DIRECTION('ref_axis',(4.21975543629826E-17,-3.46944695195361E-17,
1.));
#9358=DIRECTION('',(-4.01482911286286E-16,1.,2.77555756156289E-17));
#9359=DIRECTION('center_axis',(4.21975543629826E-17,-2.77555756156289E-17,
1.));
#9360=DIRECTION('ref_axis',(-4.01482911286286E-16,1.,3.46944695195361E-17));
#9361=DIRECTION('center_axis',(4.01482911286286E-16,-1.,-2.77555756156289E-17));
#9362=DIRECTION('ref_axis',(-1.,-4.01482911286286E-16,4.21975543629825E-17));
#9363=DIRECTION('',(4.21975543629826E-17,-2.77555756156289E-17,1.));
#9364=DIRECTION('',(-1.,-4.01482911286286E-16,4.21975543629825E-17));
#9365=DIRECTION('',(3.21147654238557E-15,2.77555756156289E-17,-1.));
#9366=DIRECTION('',(-1.,-4.01482911286286E-16,4.21975543629825E-17));
#9367=DIRECTION('',(4.21975543629826E-17,-2.77555756156289E-17,1.));
#9368=DIRECTION('',(-1.,2.24304728298752E-16,4.21975543629826E-17));
#9369=DIRECTION('',(-4.21975543629826E-17,2.77555756156289E-17,-1.));
#9370=DIRECTION('',(-1.,-4.01482911286286E-16,4.21975543629825E-17));
#9371=DIRECTION('',(3.29587165111153E-15,-2.77555756156289E-17,1.));
#9372=DIRECTION('',(-1.,-4.01482911286286E-16,4.21975543629825E-17));
#9373=DIRECTION('',(-4.21975543629826E-17,2.77555756156289E-17,-1.));
#9374=DIRECTION('',(-1.,6.76254089778648E-17,4.21975543629825E-17));
#9375=DIRECTION('center_axis',(-4.01482911286286E-16,1.,2.77555756156289E-17));
#9376=DIRECTION('ref_axis',(1.,4.01482911286286E-16,-4.21975543629825E-17));
#9377=DIRECTION('',(4.21975543629826E-17,-2.77555756156289E-17,1.));
#9378=DIRECTION('',(1.,4.01482911286286E-16,-4.21975543629825E-17));
#9379=DIRECTION('',(-4.21975543629826E-17,2.77555756156289E-17,-1.));
#9380=DIRECTION('',(1.,-2.33842446616068E-16,-4.21975543629825E-17));
#9381=DIRECTION('',(4.21975543629826E-17,-2.77555756156289E-17,1.));
#9382=DIRECTION('',(1.,-9.82780508823208E-17,-4.21975543629826E-17));
#9383=DIRECTION('',(-4.21975543629826E-17,2.77555756156289E-17,-1.));
#9384=DIRECTION('',(1.,-2.79222829323375E-16,-4.21975543629826E-17));
#9385=DIRECTION('',(4.21975543629826E-17,-2.77555756156289E-17,1.));
#9386=DIRECTION('',(1.,-4.52606999425812E-16,-4.21975543629826E-17));
#9387=DIRECTION('',(-4.21975543629826E-17,2.77555756156289E-17,-1.));
#9388=DIRECTION('',(-1.,1.13233162336879E-16,4.21975543629825E-17));
#9389=DIRECTION('center_axis',(-1.,-4.01482911286286E-16,4.21975543629825E-17));
#9390=DIRECTION('ref_axis',(4.21975543629826E-17,-3.46944695195361E-17,
1.));
#9391=DIRECTION('',(5.32753471521916E-15,1.,2.77555756156289E-17));
#9392=DIRECTION('',(-4.01482911286286E-16,1.,2.77555756156289E-17));
#9393=DIRECTION('center_axis',(1.,4.01482911286286E-16,-4.21975543629825E-17));
#9394=DIRECTION('ref_axis',(-4.21975543629826E-17,3.46944695195361E-17,
-1.));
#9395=DIRECTION('',(-4.01482911286286E-16,1.,2.77555756156289E-17));
#9396=DIRECTION('',(6.13050053779173E-15,-1.,-2.77555756156289E-17));
#9397=DIRECTION('center_axis',(-4.21975543629826E-17,2.77555756156289E-17,
-1.));
#9398=DIRECTION('ref_axis',(4.01482911286286E-16,-1.,-3.46944695195361E-17));
#9399=DIRECTION('',(-4.01482911286286E-16,1.,2.77555756156289E-17));
#9400=DIRECTION('center_axis',(-1.,-4.01482911286286E-16,4.21975543629825E-17));
#9401=DIRECTION('ref_axis',(4.21975543629826E-17,-3.46944695195361E-17,
1.));
#9402=DIRECTION('',(-4.01482911286286E-16,1.,2.77555756156289E-17));
#9403=DIRECTION('center_axis',(-4.21975543629826E-17,2.77555756156289E-17,
-1.));
#9404=DIRECTION('ref_axis',(4.01482911286286E-16,-1.,-3.46944695195361E-17));
#9405=DIRECTION('',(-4.01482911286286E-16,1.,2.77555756156289E-17));
#9406=DIRECTION('center_axis',(1.,4.01482911286286E-16,-4.21975543629825E-17));
#9407=DIRECTION('ref_axis',(-4.21975543629826E-17,3.46944695195361E-17,
-1.));
#9408=DIRECTION('',(-4.01482911286286E-16,1.,2.77555756156289E-17));
#9409=DIRECTION('center_axis',(-4.21975543629826E-17,2.77555756156289E-17,
-1.));
#9410=DIRECTION('ref_axis',(4.01482911286286E-16,-1.,-3.46944695195361E-17));
#9411=DIRECTION('center_axis',(-1.,-4.01482911286286E-16,4.21975543629825E-17));
#9412=DIRECTION('ref_axis',(4.21975543629826E-17,-3.46944695195361E-17,
1.));
#9413=DIRECTION('',(-4.01482911286286E-16,1.,2.77555756156289E-17));
#9414=DIRECTION('',(4.21975543629826E-17,-2.77555756156289E-17,1.));
#9415=DIRECTION('',(-4.01482911286286E-16,1.,2.77555756156289E-17));
#9416=DIRECTION('',(-4.01482911286286E-16,1.,2.77555756156289E-17));
#9417=DIRECTION('',(-4.21975543629826E-17,2.77555756156289E-17,-1.));
#9418=DIRECTION('center_axis',(-1.,-4.01482911286286E-16,4.21975543629825E-17));
#9419=DIRECTION('ref_axis',(4.21975543629826E-17,-3.46944695195361E-17,
1.));
#9420=DIRECTION('',(-4.01482911286286E-16,1.,2.77555756156289E-17));
#9421=DIRECTION('',(4.21975543629826E-17,-2.77555756156289E-17,1.));
#9422=DIRECTION('',(-4.01482911286286E-16,1.,2.77555756156289E-17));
#9423=DIRECTION('center_axis',(4.21975543629826E-17,-2.77555756156289E-17,
1.));
#9424=DIRECTION('ref_axis',(-4.01482911286286E-16,1.,3.46944695195361E-17));
#9425=DIRECTION('',(-1.,-4.01482911286286E-16,4.21975543629825E-17));
#9426=DIRECTION('',(1.,-1.89061250748372E-16,-4.21975543629826E-17));
#9427=DIRECTION('',(-4.01482911286286E-16,1.,2.77555756156289E-17));
#9428=DIRECTION('center_axis',(1.,4.01482911286286E-16,-4.21975543629825E-17));
#9429=DIRECTION('ref_axis',(-4.21975543629826E-17,3.46944695195361E-17,
-1.));
#9430=DIRECTION('',(-4.01482911286286E-16,1.,2.77555756156289E-17));
#9431=DIRECTION('',(-4.21975543629826E-17,2.77555756156289E-17,-1.));
#9432=DIRECTION('',(-4.01482911286286E-16,1.,2.77555756156289E-17));
#9433=DIRECTION('center_axis',(1.,4.01482911286286E-16,-4.21975543629825E-17));
#9434=DIRECTION('ref_axis',(-4.21975543629826E-17,3.46944695195361E-17,
-1.));
#9435=DIRECTION('',(4.01482911286286E-16,-1.,-2.77555756156289E-17));
#9436=DIRECTION('',(4.21975543629826E-17,-2.77555756156289E-17,1.));
#9437=DIRECTION('',(-4.01482911286286E-16,1.,2.77555756156289E-17));
#9438=DIRECTION('',(-4.01482911286286E-16,1.,2.77555756156289E-17));
#9439=DIRECTION('',(-4.21975543629826E-17,2.77555756156289E-17,-1.));
#9440=DIRECTION('center_axis',(-4.21975543629826E-17,2.77555756156289E-17,
-1.));
#9441=DIRECTION('ref_axis',(4.01482911286286E-16,-1.,-3.46944695195361E-17));
#9442=DIRECTION('',(1.,-6.76254089778648E-17,-4.21975543629825E-17));
#9443=DIRECTION('center_axis',(-4.21975543629826E-17,2.77555756156289E-17,
-1.));
#9444=DIRECTION('ref_axis',(4.01482911286286E-16,-1.,-3.46944695195361E-17));
#9445=DIRECTION('',(1.,-1.13233162336879E-16,-4.21975543629825E-17));
#9446=DIRECTION('center_axis',(-4.21975543629826E-17,2.77555756156289E-17,
-1.));
#9447=DIRECTION('ref_axis',(4.01482911286286E-16,-1.,-3.46944695195361E-17));
#9448=DIRECTION('',(4.01482911286286E-16,-1.,-2.77555756156289E-17));
#9449=DIRECTION('',(-1.,-4.01482911286286E-16,4.21975543629825E-17));
#9450=DIRECTION('',(-4.01482911286286E-16,1.,2.77555756156289E-17));
#9451=DIRECTION('',(-1.,-4.01482911286286E-16,4.21975543629825E-17));
#9452=DIRECTION('center_axis',(1.,4.01482911286286E-16,-4.21975543629825E-17));
#9453=DIRECTION('ref_axis',(-4.21975543629826E-17,3.46944695195361E-17,
-1.));
#9454=DIRECTION('',(-4.21975543629826E-17,2.77555756156289E-17,-1.));
#9455=DIRECTION('',(-4.01482911286286E-16,1.,2.77555756156289E-17));
#9456=DIRECTION('',(-4.21975543629826E-17,2.77555756156289E-17,-1.));
#9457=DIRECTION('',(-4.01482911286286E-16,1.,2.77555756156289E-17));
#9458=DIRECTION('',(-4.01482911286286E-16,1.,2.77555756156289E-17));
#9459=DIRECTION('center_axis',(4.21975543629826E-17,-2.77555756156289E-17,
1.));
#9460=DIRECTION('ref_axis',(-4.01482911286286E-16,1.,3.46944695195361E-17));
#9461=DIRECTION('',(1.,4.01482911286286E-16,-4.21975543629825E-17));
#9462=DIRECTION('',(-4.01482911286286E-16,1.,2.77555756156289E-17));
#9463=DIRECTION('',(1.,4.01482911286286E-16,-4.21975543629825E-17));
#9464=DIRECTION('',(-4.01482911286286E-16,1.,2.77555756156289E-17));
#9465=DIRECTION('center_axis',(-1.,-4.01482911286286E-16,4.21975543629825E-17));
#9466=DIRECTION('ref_axis',(4.21975543629826E-17,-3.46944695195361E-17,
1.));
#9467=DIRECTION('',(4.21975543629826E-17,-2.77555756156289E-17,1.));
#9468=DIRECTION('',(4.01482911286286E-16,-1.,-2.77555756156289E-17));
#9469=DIRECTION('',(4.01482911286286E-16,-1.,-2.77555756156289E-17));
#9470=DIRECTION('',(4.21975543629826E-17,-2.77555756156289E-17,1.));
#9471=DIRECTION('',(-4.01482911286286E-16,1.,2.77555756156289E-17));
#9472=DIRECTION('center_axis',(-4.01482911286286E-16,1.,2.77555756156289E-17));
#9473=DIRECTION('ref_axis',(1.,4.01482911286286E-16,-4.21975543629825E-17));
#9474=DIRECTION('',(-4.21975543629826E-17,2.77555756156289E-17,-1.));
#9475=DIRECTION('',(-1.,-4.01482911286286E-16,4.21975543629825E-17));
#9476=DIRECTION('',(4.21975543629826E-17,-2.77555756156289E-17,1.));
#9477=DIRECTION('',(1.,4.01482911286286E-16,-4.21975543629825E-17));
#9478=DIRECTION('center_axis',(1.,1.29056626110113E-13,-1.28697340753189E-13));
#9479=DIRECTION('ref_axis',(-1.28697340753189E-13,2.16840434497109E-17,
-1.));
#9480=DIRECTION('center_axis',(-1.,-4.01482911286286E-16,4.21975543629825E-17));
#9481=DIRECTION('ref_axis',(4.21975543629792E-17,8.30498864123905E-15,1.));
#9482=DIRECTION('center_axis',(-1.,-1.6122041190983E-13,1.60861126552907E-13));
#9483=DIRECTION('ref_axis',(1.5547342100188E-13,-3.33283747822033E-14,1.));
#9484=DIRECTION('center_axis',(-1.41516437763281E-12,-1.41525680064092E-12,
1.));
#9485=DIRECTION('ref_axis',(-4.01482911286226E-16,1.,1.41523077978883E-12));
#9486=DIRECTION('center_axis',(4.21975543629826E-17,-2.77555756156289E-17,
1.));
#9487=DIRECTION('ref_axis',(1.15037131575381E-14,-1.,-2.16840434497107E-17));
#9488=DIRECTION('center_axis',(1.39372185382155E-12,1.39380174069004E-12,
-1.));
#9489=DIRECTION('ref_axis',(-1.,-1.64039466717487E-11,-1.3988388134734E-12));
#9490=DIRECTION('center_axis',(-1.,-4.47015528634714E-13,-4.11044711381053E-13));
#9491=DIRECTION('ref_axis',(-4.11044711381053E-13,0.,1.));
#9492=DIRECTION('center_axis',(-1.,-4.29251960239473E-13,-4.28808279772062E-13));
#9493=DIRECTION('ref_axis',(4.33388462515112E-13,-1.,4.10780350706976E-12));
#9494=DIRECTION('center_axis',(1.,4.01482911286286E-16,-4.21975543629825E-17));
#9495=DIRECTION('ref_axis',(-4.21975543629993E-17,4.16550474668949E-14,
-1.));
#9496=DIRECTION('center_axis',(6.86118566172761E-13,-6.86117829218347E-13,
-1.));
#9497=DIRECTION('ref_axis',(4.01482911286315E-16,-1.,6.86148186879169E-13));
#9498=DIRECTION('center_axis',(-4.21975543629826E-17,2.77555756156289E-17,
-1.));
#9499=DIRECTION('ref_axis',(4.48104038962908E-14,-1.,-4.33680868994185E-17));
#9500=DIRECTION('center_axis',(5.89627208773611E-13,-5.89639448378421E-13,
-1.));
#9501=DIRECTION('ref_axis',(2.26059434037892E-14,-1.,5.88418203051326E-13));
#9502=DIRECTION('center_axis',(3.00153136576261E-13,3.00204305858642E-13,
-1.));
#9503=DIRECTION('ref_axis',(4.01482911286273E-16,-1.,-3.00215581561238E-13));
#9504=DIRECTION('center_axis',(2.68453523874539E-14,2.67563748934663E-14,
1.));
#9505=DIRECTION('ref_axis',(2.18029775812182E-14,1.,-2.21394083621554E-14));
#9506=DIRECTION('center_axis',(5.35641121118313E-14,5.36237720893951E-14,
-1.));
#9507=DIRECTION('ref_axis',(1.,1.0032155512754E-13,4.43667234306388E-14));
#9508=DIRECTION('',(-4.21975543629826E-17,2.77555756156289E-17,-1.));
#9509=DIRECTION('center_axis',(1.,4.01482911286286E-16,-4.21975543629825E-17));
#9510=DIRECTION('ref_axis',(-4.21975543629826E-17,4.33680868994212E-17,
-1.));
#9511=DIRECTION('center_axis',(-1.,-4.01482911286286E-16,4.21975543629825E-17));
#9512=DIRECTION('ref_axis',(-4.01482911286288E-16,1.,-4.43655528981086E-14));
#9513=DIRECTION('center_axis',(1.,4.01482911286286E-16,-4.21975543629825E-17));
#9514=DIRECTION('ref_axis',(4.21975543629993E-17,-4.16550474668949E-14,
1.));
#9515=DIRECTION('',(1.,4.01482911286286E-16,-4.21975543629825E-17));
#9516=DIRECTION('center_axis',(3.0023753168497E-13,-3.00204305858642E-13,
1.));
#9517=DIRECTION('ref_axis',(-4.01482911286273E-16,1.,3.00215581561224E-13));
#9518=DIRECTION('center_axis',(-5.36485072205393E-14,5.36237720893951E-14,
-1.));
#9519=DIRECTION('ref_axis',(2.18029775812169E-14,1.,4.44089209850063E-14));
#9520=DIRECTION('center_axis',(2.67609572787264E-14,-2.67563748934663E-14,
-1.));
#9521=DIRECTION('ref_axis',(-4.01482911286287E-16,1.,-2.2161092405603E-14));
#9522=DIRECTION('',(4.21975543629826E-17,-2.77555756156289E-17,1.));
#9523=DIRECTION('center_axis',(4.01482911286286E-16,-1.,-2.77555756156289E-17));
#9524=DIRECTION('ref_axis',(-1.,-4.01482911286286E-16,4.21975543629825E-17));
#9525=DIRECTION('center_axis',(-4.01482911286286E-16,1.,2.77555756156289E-17));
#9526=DIRECTION('ref_axis',(4.21975543629826E-17,0.,1.));
#9527=DIRECTION('center_axis',(4.01482911286286E-16,-1.,-2.77555756156289E-17));
#9528=DIRECTION('ref_axis',(-1.,-4.01482911286284E-16,1.99882341986851E-13));
#9529=DIRECTION('center_axis',(-2.25547983509248E-13,1.,-2.25125473818366E-13));
#9530=DIRECTION('ref_axis',(1.,2.25547983509248E-13,-4.21975543629765E-17));
#9531=DIRECTION('center_axis',(-2.01425144159454E-13,1.,-2.00978123032769E-13));
#9532=DIRECTION('ref_axis',(1.,2.00241627343814E-13,-1.11444278006145E-14));
#9533=DIRECTION('center_axis',(2.01425144159432E-13,-1.,2.00978123032769E-13));
#9534=DIRECTION('ref_axis',(-8.87756444156574E-14,1.99840144432546E-13,
1.));
#9535=DIRECTION('center_axis',(6.27595306005591E-13,-1.,6.27192742186366E-13));
#9536=DIRECTION('ref_axis',(-1.,-6.27595306005591E-13,4.21975543629622E-17));
#9537=DIRECTION('center_axis',(-7.33568628445995E-13,1.,-7.27612414763712E-13));
#9538=DIRECTION('ref_axis',(-1.,-7.33148679163124E-13,-7.10500538204995E-13));
#9539=DIRECTION('center_axis',(-1.8820594905938E-14,-1.,2.36477504245158E-14));
#9540=DIRECTION('ref_axis',(-1.,1.8820594905938E-14,4.2197554362983E-17));
#9541=DIRECTION('center_axis',(7.10227161955864E-15,-1.,-6.74460487459782E-15));
#9542=DIRECTION('ref_axis',(1.,5.95259803441207E-15,-2.22466580468661E-14));
#9543=DIRECTION('center_axis',(-0.707106781186663,0.707106781186432,2.13162820728028E-13));
#9544=DIRECTION('ref_axis',(0.707106781186459,0.707106781186636,2.13162820728004E-13));
#9545=DIRECTION('center_axis',(0.707106781187276,-1.13686837721585E-12,
-0.707106781185819));
#9546=DIRECTION('ref_axis',(0.707106781185837,1.13686837721588E-12,0.707106781187258));
#9547=DIRECTION('center_axis',(-0.707106781187516,-1.42108547152004E-12,
0.707106781185579));
#9548=DIRECTION('ref_axis',(0.707106781185606,-1.42108547152002E-12,0.707106781187489));
#9549=DIRECTION('center_axis',(-0.707106781187152,-0.707106781185944,8.52651282912208E-13));
#9550=DIRECTION('ref_axis',(0.707106781186041,-0.707106781187054,8.52651282912176E-13));
#9551=DIRECTION('center_axis',(1.,4.01482911286286E-16,-4.21975543629825E-17));
#9552=DIRECTION('ref_axis',(-4.21975543629826E-17,3.46944695195361E-17,
-1.));
#9553=DIRECTION('',(4.01482911286286E-16,-1.,-2.77555756156289E-17));
#9554=DIRECTION('',(4.01482911286286E-16,-1.,-2.77555756156289E-17));
#9555=DIRECTION('',(-4.21975543629826E-17,2.77555756156289E-17,-1.));
#9556=DIRECTION('',(-4.01482911286286E-16,1.,2.77555756156289E-17));
#9557=DIRECTION('',(-4.21975543629826E-17,2.77555756156289E-17,-1.));
#9558=DIRECTION('center_axis',(4.21975543629826E-17,-2.77555756156289E-17,
1.));
#9559=DIRECTION('ref_axis',(-4.01482911286286E-16,1.,3.46944695195361E-17));
#9560=DIRECTION('',(1.,4.01482911286286E-16,-4.21975543629825E-17));
#9561=DIRECTION('',(-4.01482911286286E-16,1.,2.77555756156289E-17));
#9562=DIRECTION('',(1.,4.01482911286286E-16,-4.21975543629825E-17));
#9563=DIRECTION('',(-4.01482911286286E-16,1.,2.77555756156289E-17));
#9564=DIRECTION('center_axis',(-1.,-4.01482911286286E-16,4.21975543629825E-17));
#9565=DIRECTION('ref_axis',(4.21975543629826E-17,-3.46944695195361E-17,
1.));
#9566=DIRECTION('',(4.21975543629826E-17,-2.77555756156289E-17,1.));
#9567=DIRECTION('',(-4.01482911286286E-16,1.,2.77555756156289E-17));
#9568=DIRECTION('',(-4.01482911286286E-16,1.,2.77555756156289E-17));
#9569=DIRECTION('',(4.21975543629826E-17,-2.77555756156289E-17,1.));
#9570=DIRECTION('',(-4.01482911286286E-16,1.,2.77555756156289E-17));
#9571=DIRECTION('center_axis',(-4.21975543629826E-17,2.77555756156289E-17,
-1.));
#9572=DIRECTION('ref_axis',(4.01482911286286E-16,-1.,-3.46944695195361E-17));
#9573=DIRECTION('',(-2.95331890101903E-13,1.,2.77555756156289E-17));
#9574=DIRECTION('',(-1.,-4.01482911286286E-16,4.21975543629825E-17));
#9575=DIRECTION('',(4.01482911286286E-16,-1.,-2.77555756156289E-17));
#9576=DIRECTION('',(-1.,-4.01482911286286E-16,4.21975543629825E-17));
#9577=DIRECTION('center_axis',(-4.01482911286286E-16,1.,2.77555756156289E-17));
#9578=DIRECTION('ref_axis',(1.,4.01482911286286E-16,-4.21975543629825E-17));
#9579=DIRECTION('',(1.,4.01482911286286E-16,-4.21975543629825E-17));
#9580=DIRECTION('',(-4.21975543629826E-17,2.77555756156289E-17,-1.));
#9581=DIRECTION('',(-1.,-4.01482911286286E-16,4.21975543629825E-17));
#9582=DIRECTION('',(3.87297087809228E-15,-2.77555756156289E-17,1.));
#9583=DIRECTION('center_axis',(-1.11496904350215E-12,-1.11502473920666E-12,
1.));
#9584=DIRECTION('ref_axis',(-4.01482911286239E-16,1.,1.11503688227084E-12));
#9585=DIRECTION('center_axis',(9.91674531269908E-13,9.91762227897652E-13,
-1.));
#9586=DIRECTION('ref_axis',(-1.,2.18029775812174E-14,-9.88056294362047E-13));
#9587=DIRECTION('center_axis',(9.64871376436814E-13,9.64950341852955E-13,
-1.));
#9588=DIRECTION('ref_axis',(-1.,2.73540927043432E-14,-9.54749603623292E-13));
#9589=DIRECTION('center_axis',(-1.,6.95642803364705E-15,7.84543820753052E-14));
#9590=DIRECTION('ref_axis',(7.84543820753052E-14,0.,1.));
#9591=DIRECTION('center_axis',(1.,4.01482911286286E-16,-4.21975543629825E-17));
#9592=DIRECTION('ref_axis',(-4.21975543629837E-17,2.7972416050126E-15,-1.));
#9593=DIRECTION('center_axis',(1.,-7.81031400229043E-14,-1.89569122951073E-13));
#9594=DIRECTION('ref_axis',(-1.88780111740639E-13,2.7972416050126E-15,-1.));
#9595=DIRECTION('center_axis',(-2.82473963290961E-13,3.1799562982826E-13,
-1.));
#9596=DIRECTION('ref_axis',(4.01482911286273E-16,-1.,-3.179748131466E-13));
#9597=DIRECTION('center_axis',(5.35641121118178E-14,-5.35960165137794E-14,
-1.));
#9598=DIRECTION('ref_axis',(2.26059434037891E-14,-1.,4.43655528981062E-14));
#9599=DIRECTION('center_axis',(4.21975543629826E-17,-2.77555756156289E-17,
1.));
#9600=DIRECTION('ref_axis',(1.,-5.14963221183949E-15,-4.21975543629827E-17));
#9601=DIRECTION('center_axis',(1.,-7.49629551055262E-14,1.81903650826466E-13));
#9602=DIRECTION('ref_axis',(1.81903650826466E-13,2.16840434497109E-17,-1.));
#9603=DIRECTION('center_axis',(1.,-1.16008525102242E-13,2.05185652429178E-13));
#9604=DIRECTION('ref_axis',(-1.1062081955123E-13,-1.,-2.16840434497101E-17));
#9605=DIRECTION('center_axis',(1.,4.01482911286286E-16,-4.21975543629825E-17));
#9606=DIRECTION('ref_axis',(4.01482911286286E-16,-1.,-2.16840434497101E-17));
#9607=DIRECTION('center_axis',(6.861185661728E-13,6.86173340369578E-13,
-1.));
#9608=DIRECTION('ref_axis',(4.01482911286257E-16,-1.,-6.86191554966102E-13));
#9609=DIRECTION('center_axis',(-6.43233518439808E-13,-6.43290976043431E-13,
1.));
#9610=DIRECTION('ref_axis',(4.40074380737174E-14,1.,6.43951038326002E-13));
#9611=DIRECTION('center_axis',(-4.21975543629826E-17,2.77555756156289E-17,
-1.));
#9612=DIRECTION('ref_axis',(1.,6.42393068272285E-14,-4.21975543629799E-17));
#9613=DIRECTION('',(-4.21975543629826E-17,2.77555756156289E-17,-1.));
#9614=DIRECTION('center_axis',(1.,-3.5125653876716E-14,3.54849392336439E-14));
#9615=DIRECTION('ref_axis',(3.54849392336439E-14,4.3368086899418E-17,-1.));
#9616=DIRECTION('center_axis',(-1.,-4.01482911286286E-16,4.21975543629825E-17));
#9617=DIRECTION('ref_axis',(-4.01482911286288E-16,1.,-4.43655528981089E-14));
#9618=DIRECTION('center_axis',(1.,-2.33534363470446E-13,-3.41378995035671E-14));
#9619=DIRECTION('ref_axis',(3.33488882931169E-14,3.05311331771911E-14,1.));
#9620=DIRECTION('',(1.,4.01482911286286E-16,-4.21975543629825E-17));
#9621=DIRECTION('center_axis',(5.54879849567848E-14,-7.32747196252603E-14,
1.));
#9622=DIRECTION('ref_axis',(-4.01482911286283E-16,1.,7.32270147296651E-14));
#9623=DIRECTION('center_axis',(5.35641121118218E-14,-5.35960165137794E-14,
-1.));
#9624=DIRECTION('ref_axis',(-1.11423785373799E-13,1.,-4.43872369415554E-14));
#9625=DIRECTION('center_axis',(-2.67609572787267E-14,2.67563748934663E-14,
1.));
#9626=DIRECTION('ref_axis',(-1.,-1.44730476112563E-13,-2.21622629381411E-14));
#9627=DIRECTION('',(4.21975543629826E-17,-2.77555756156289E-17,1.));
#9628=DIRECTION('center_axis',(-2.7702379102935E-14,-1.,-1.47937218031302E-14));
#9629=DIRECTION('ref_axis',(-1.,2.7702379102935E-14,4.21975543629826E-17));
#9630=DIRECTION('center_axis',(-6.2993057969857E-15,-1.,-6.74460487459782E-15));
#9631=DIRECTION('ref_axis',(4.43667234306452E-14,5.57279916657573E-15,-1.));
#9632=DIRECTION('center_axis',(-6.17793782940487E-13,1.,6.26332319342282E-13));
#9633=DIRECTION('ref_axis',(1.,6.17793782940487E-13,-4.21975543629592E-17));
#9634=DIRECTION('center_axis',(-5.96771677947516E-13,1.,5.96411808828634E-13));
#9635=DIRECTION('ref_axis',(4.21975543632221E-17,-5.96744875736028E-13,
1.));
#9636=DIRECTION('center_axis',(5.02960636031772E-13,-1.,-5.02597963247808E-13));
#9637=DIRECTION('ref_axis',(-1.,-5.02777401554125E-13,8.88600395243675E-14));
#9638=DIRECTION('center_axis',(2.20187352542653E-13,-1.,-2.19824158875781E-13));
#9639=DIRECTION('ref_axis',(-1.,-2.20187352542653E-13,4.21975543629784E-17));
#9640=DIRECTION('center_axis',(-2.01425144159471E-13,1.,2.01061389759616E-13));
#9641=DIRECTION('ref_axis',(6.65711839231359E-14,1.99861828475947E-13,-1.));
#9642=DIRECTION('center_axis',(2.57442408575548E-12,-1.,2.5828783556392E-12));
#9643=DIRECTION('ref_axis',(-1.,-2.57442408575548E-12,4.21975543629067E-17));
#9644=DIRECTION('center_axis',(-2.60030750172104E-12,1.,-2.59983701234034E-12));
#9645=DIRECTION('ref_axis',(1.,2.60109891809568E-12,1.10600326918885E-14));
#9646=DIRECTION('center_axis',(2.00393730668456E-12,-1.,2.00350847023856E-12));
#9647=DIRECTION('ref_axis',(-3.32644931843903E-14,2.00393087540482E-12,
1.));
#9648=DIRECTION('center_axis',(-1.47437617670132E-12,-0.70710678118772,
0.707106781185375));
#9649=DIRECTION('ref_axis',(1.,-1.13686837721554E-12,1.06581410363957E-12));
#9650=DIRECTION('center_axis',(-8.8817841969977E-14,0.707106781186441,0.707106781186654));
#9651=DIRECTION('ref_axis',(1.,0.,7.10542735759876E-14));
#9652=DIRECTION('center_axis',(1.22568621918611E-12,-0.707106781187542,
0.707106781185553));
#9653=DIRECTION('ref_axis',(1.,8.52651282912169E-13,-8.52651282912169E-13));
#9654=DIRECTION('center_axis',(-0.707106781186477,-0.707106781186619,0.));
#9655=DIRECTION('ref_axis',(0.707106781186619,-0.707106781186477,0.));
#9656=DIRECTION('center_axis',(1.,4.01482911286286E-16,-4.21975543629825E-17));
#9657=DIRECTION('ref_axis',(-4.21975543629826E-17,3.46944695195361E-17,
-1.));
#9658=DIRECTION('',(4.21975543629826E-17,-2.77555756156289E-17,1.));
#9659=DIRECTION('',(-4.64665648549849E-15,1.,2.77555756156289E-17));
#9660=DIRECTION('',(-3.33488882931178E-14,2.77555756156289E-17,-1.));
#9661=DIRECTION('center_axis',(-1.,-4.01482911286286E-16,4.21975543629825E-17));
#9662=DIRECTION('ref_axis',(4.21975543629826E-17,-3.46944695195361E-17,
1.));
#9663=DIRECTION('',(-4.01482911286286E-16,1.,2.77555756156289E-17));
#9664=DIRECTION('',(-4.21975543629826E-17,2.77555756156289E-17,-1.));
#9665=DIRECTION('',(4.01482911286286E-16,-1.,-2.77555756156289E-17));
#9666=DIRECTION('',(4.21975543629826E-17,-2.77555756156289E-17,1.));
#9667=DIRECTION('center_axis',(4.21975543629826E-17,-2.77555756156289E-17,
1.));
#9668=DIRECTION('ref_axis',(-4.01482911286286E-16,1.,3.46944695195361E-17));
#9669=DIRECTION('',(-1.,-4.01482911286286E-16,4.21975543629825E-17));
#9670=DIRECTION('',(1.,4.01482911286286E-16,-4.21975543629825E-17));
#9671=DIRECTION('',(-4.01482911286286E-16,1.,2.77555756156289E-17));
#9672=DIRECTION('center_axis',(1.,4.01482911286286E-16,-4.21975543629825E-17));
#9673=DIRECTION('ref_axis',(-4.21975543629826E-17,3.46944695195361E-17,
-1.));
#9674=DIRECTION('',(4.21975543629826E-17,-2.77555756156289E-17,1.));
#9675=DIRECTION('',(3.84369066292592E-15,1.,2.77555756156289E-17));
#9676=DIRECTION('',(3.32644931843918E-14,2.77555756156289E-17,-1.));
#9677=DIRECTION('center_axis',(-1.,-4.01482911286286E-16,4.21975543629825E-17));
#9678=DIRECTION('ref_axis',(4.21975543629826E-17,-3.46944695195361E-17,
1.));
#9679=DIRECTION('',(-4.01482911286286E-16,1.,2.77555756156289E-17));
#9680=DIRECTION('',(-4.21975543629826E-17,2.77555756156289E-17,-1.));
#9681=DIRECTION('',(4.01482911286286E-16,-1.,-2.77555756156289E-17));
#9682=DIRECTION('',(4.21975543629826E-17,-2.77555756156289E-17,1.));
#9683=DIRECTION('center_axis',(4.21975543629826E-17,-2.77555756156289E-17,
1.));
#9684=DIRECTION('ref_axis',(-4.01482911286286E-16,1.,3.46944695195361E-17));
#9685=DIRECTION('',(-1.,-4.01482911286286E-16,4.21975543629825E-17));
#9686=DIRECTION('',(1.,-8.93777284109731E-16,-4.21975543629825E-17));
#9687=DIRECTION('',(-4.01482911286286E-16,1.,2.77555756156289E-17));
#9688=DIRECTION('center_axis',(1.,4.01482911286286E-16,-4.21975543629825E-17));
#9689=DIRECTION('ref_axis',(-4.21975543629826E-17,3.46944695195361E-17,
-1.));
#9690=DIRECTION('',(4.21975543629826E-17,-2.77555756156289E-17,1.));
#9691=DIRECTION('',(-4.01482911286286E-16,1.,2.77555756156289E-17));
#9692=DIRECTION('',(-4.21975543629826E-17,2.77555756156289E-17,-1.));
#9693=DIRECTION('center_axis',(-1.,-4.01482911286286E-16,4.21975543629825E-17));
#9694=DIRECTION('ref_axis',(4.21975543629826E-17,-3.46944695195361E-17,
1.));
#9695=DIRECTION('',(-4.01482911286286E-16,1.,2.77555756156289E-17));
#9696=DIRECTION('',(-4.21975543629826E-17,2.77555756156289E-17,-1.));
#9697=DIRECTION('',(4.01482911286286E-16,-1.,-2.77555756156289E-17));
#9698=DIRECTION('',(4.21975543629826E-17,-2.77555756156289E-17,1.));
#9699=DIRECTION('center_axis',(4.21975543629826E-17,-2.77555756156289E-17,
1.));
#9700=DIRECTION('ref_axis',(-4.01482911286286E-16,1.,3.46944695195361E-17));
#9701=DIRECTION('',(-1.,-4.01482911286286E-16,4.21975543629825E-17));
#9702=DIRECTION('',(1.,4.01482911286286E-16,-4.21975543629825E-17));
#9703=DIRECTION('',(-4.01482911286286E-16,1.,2.77555756156289E-17));
#9704=DIRECTION('center_axis',(1.,4.01482911286286E-16,-4.21975543629825E-17));
#9705=DIRECTION('ref_axis',(-4.21975543629826E-17,3.46944695195361E-17,
-1.));
#9706=DIRECTION('',(4.21975543629826E-17,-2.77555756156289E-17,1.));
#9707=DIRECTION('',(-4.41081350915337E-15,1.,2.77555756156289E-17));
#9708=DIRECTION('',(-3.14985165854092E-14,2.77555756156289E-17,-1.));
#9709=DIRECTION('center_axis',(-1.,-4.01482911286286E-16,4.21975543629825E-17));
#9710=DIRECTION('ref_axis',(4.21975543629826E-17,-3.46944695195361E-17,
1.));
#9711=DIRECTION('',(-4.01482911286286E-16,1.,2.77555756156289E-17));
#9712=DIRECTION('',(-4.21975543629826E-17,2.77555756156289E-17,-1.));
#9713=DIRECTION('',(4.01482911286286E-16,-1.,-2.77555756156289E-17));
#9714=DIRECTION('',(4.21975543629826E-17,-2.77555756156289E-17,1.));
#9715=DIRECTION('center_axis',(4.21975543629826E-17,-2.77555756156289E-17,
1.));
#9716=DIRECTION('ref_axis',(-4.01482911286286E-16,1.,3.46944695195361E-17));
#9717=DIRECTION('',(-1.,-4.01482911286286E-16,4.21975543629825E-17));
#9718=DIRECTION('',(1.,4.01482911286286E-16,-4.21975543629825E-17));
#9719=DIRECTION('',(-4.01482911286286E-16,1.,2.77555756156289E-17));
#9720=DIRECTION('center_axis',(1.,4.01482911286286E-16,-4.21975543629825E-17));
#9721=DIRECTION('ref_axis',(-4.21975543629826E-17,3.46944695195361E-17,
-1.));
#9722=DIRECTION('',(4.21975543629826E-17,-2.77555756156289E-17,1.));
#9723=DIRECTION('',(-4.01482911286286E-16,1.,2.77555756156289E-17));
#9724=DIRECTION('',(-4.21975543629826E-17,2.77555756156289E-17,-1.));
#9725=DIRECTION('center_axis',(-1.,-4.01482911286286E-16,4.21975543629825E-17));
#9726=DIRECTION('ref_axis',(4.21975543629826E-17,-3.46944695195361E-17,
1.));
#9727=DIRECTION('',(-4.64665648549849E-15,1.,2.77555756156289E-17));
#9728=DIRECTION('',(-4.21975543629826E-17,2.77555756156289E-17,-1.));
#9729=DIRECTION('',(4.01482911286286E-16,-1.,-2.77555756156289E-17));
#9730=DIRECTION('',(3.33488882931178E-14,-2.77555756156289E-17,1.));
#9731=DIRECTION('center_axis',(4.21975543629826E-17,-2.77555756156289E-17,
1.));
#9732=DIRECTION('ref_axis',(-4.01482911286286E-16,1.,3.46944695195361E-17));
#9733=DIRECTION('',(-1.,-4.01482911286286E-16,4.21975543629825E-17));
#9734=DIRECTION('',(1.,4.01482911286286E-16,-4.21975543629825E-17));
#9735=DIRECTION('',(-4.01482911286286E-16,1.,2.77555756156289E-17));
#9736=DIRECTION('center_axis',(1.,4.01482911286286E-16,-4.21975543629825E-17));
#9737=DIRECTION('ref_axis',(-4.21975543629826E-17,3.46944695195361E-17,
-1.));
#9738=DIRECTION('',(4.21975543629826E-17,-2.77555756156289E-17,1.));
#9739=DIRECTION('',(-4.64665648549849E-15,1.,2.77555756156289E-17));
#9740=DIRECTION('',(-3.33488882931178E-14,2.77555756156289E-17,-1.));
#9741=DIRECTION('center_axis',(-1.,-4.01482911286286E-16,4.21975543629825E-17));
#9742=DIRECTION('ref_axis',(4.21975543629826E-17,-3.46944695195361E-17,
1.));
#9743=DIRECTION('',(-4.01482911286286E-16,1.,2.77555756156289E-17));
#9744=DIRECTION('',(-4.21975543629826E-17,2.77555756156289E-17,-1.));
#9745=DIRECTION('',(4.01482911286286E-16,-1.,-2.77555756156289E-17));
#9746=DIRECTION('',(4.21975543629826E-17,-2.77555756156289E-17,1.));
#9747=DIRECTION('center_axis',(4.21975543629826E-17,-2.77555756156289E-17,
1.));
#9748=DIRECTION('ref_axis',(-4.01482911286286E-16,1.,3.46944695195361E-17));
#9749=DIRECTION('',(-1.,-4.01482911286286E-16,4.21975543629825E-17));
#9750=DIRECTION('',(1.,4.01482911286286E-16,-4.21975543629825E-17));
#9751=DIRECTION('',(-4.01482911286286E-16,1.,2.77555756156289E-17));
#9752=DIRECTION('center_axis',(1.,4.01482911286286E-16,-4.21975543629825E-17));
#9753=DIRECTION('ref_axis',(-4.21975543629826E-17,3.46944695195361E-17,
-1.));
#9754=DIRECTION('',(4.21975543629826E-17,-2.77555756156289E-17,1.));
#9755=DIRECTION('',(-4.01482911286286E-16,1.,2.77555756156289E-17));
#9756=DIRECTION('',(-4.21975543629826E-17,2.77555756156289E-17,-1.));
#9757=DIRECTION('center_axis',(-1.,-4.01482911286286E-16,4.21975543629825E-17));
#9758=DIRECTION('ref_axis',(4.21975543629826E-17,-3.46944695195361E-17,
1.));
#9759=DIRECTION('',(-4.01482911286286E-16,1.,2.77555756156289E-17));
#9760=DIRECTION('',(-4.21975543629826E-17,2.77555756156289E-17,-1.));
#9761=DIRECTION('',(4.01482911286286E-16,-1.,-2.77555756156289E-17));
#9762=DIRECTION('',(4.21975543629826E-17,-2.77555756156289E-17,1.));
#9763=DIRECTION('center_axis',(4.21975543629826E-17,-2.77555756156289E-17,
1.));
#9764=DIRECTION('ref_axis',(-4.01482911286286E-16,1.,3.46944695195361E-17));
#9765=DIRECTION('',(-1.,-4.01482911286286E-16,4.21975543629825E-17));
#9766=DIRECTION('',(1.,-8.9377728410973E-16,-4.21975543629825E-17));
#9767=DIRECTION('',(-4.01482911286286E-16,1.,2.77555756156289E-17));
#9768=DIRECTION('center_axis',(1.,4.01482911286286E-16,-4.21975543629825E-17));
#9769=DIRECTION('ref_axis',(-4.21975543629826E-17,3.46944695195361E-17,
-1.));
#9770=DIRECTION('',(4.21975543629826E-17,-2.77555756156289E-17,1.));
#9771=DIRECTION('',(-4.01482911286286E-16,1.,2.77555756156289E-17));
#9772=DIRECTION('',(-4.21975543629826E-17,2.77555756156289E-17,-1.));
#9773=DIRECTION('center_axis',(-1.,-4.01482911286286E-16,4.21975543629825E-17));
#9774=DIRECTION('ref_axis',(4.21975543629826E-17,-3.46944695195361E-17,
1.));
#9775=DIRECTION('',(-4.01482911286286E-16,1.,2.77555756156289E-17));
#9776=DIRECTION('',(-4.21975543629826E-17,2.77555756156289E-17,-1.));
#9777=DIRECTION('',(4.01482911286286E-16,-1.,-2.77555756156289E-17));
#9778=DIRECTION('',(4.21975543629826E-17,-2.77555756156289E-17,1.));
#9779=DIRECTION('center_axis',(4.21975543629826E-17,-2.77555756156289E-17,
1.));
#9780=DIRECTION('ref_axis',(-4.01482911286286E-16,1.,3.46944695195361E-17));
#9781=DIRECTION('',(-1.,1.29211933842156E-14,4.21975543629824E-17));
#9782=DIRECTION('',(1.,4.01482911286286E-16,-4.21975543629825E-17));
#9783=DIRECTION('',(-4.01482911286286E-16,1.,2.77555756156289E-17));
#9784=DIRECTION('center_axis',(1.,4.01482911286286E-16,-4.21975543629825E-17));
#9785=DIRECTION('ref_axis',(-4.21975543629826E-17,3.46944695195361E-17,
-1.));
#9786=DIRECTION('',(4.21975543629826E-17,-2.77555756156289E-17,1.));
#9787=DIRECTION('',(-4.01482911286286E-16,1.,2.77555756156289E-17));
#9788=DIRECTION('',(-4.21975543629826E-17,2.77555756156289E-17,-1.));
#9789=DIRECTION('center_axis',(-1.,-4.01482911286286E-16,4.21975543629825E-17));
#9790=DIRECTION('ref_axis',(4.21975543629826E-17,-3.46944695195361E-17,
1.));
#9791=DIRECTION('',(-4.01482911286286E-16,1.,2.77555756156289E-17));
#9792=DIRECTION('',(-4.21975543629826E-17,2.77555756156289E-17,-1.));
#9793=DIRECTION('',(4.01482911286286E-16,-1.,-2.77555756156289E-17));
#9794=DIRECTION('',(4.21975543629826E-17,-2.77555756156289E-17,1.));
#9795=DIRECTION('center_axis',(4.21975543629826E-17,-2.77555756156289E-17,
1.));
#9796=DIRECTION('ref_axis',(-4.01482911286286E-16,1.,3.46944695195361E-17));
#9797=DIRECTION('',(-1.,-4.01482911286286E-16,4.21975543629825E-17));
#9798=DIRECTION('',(1.,4.01482911286286E-16,-4.21975543629825E-17));
#9799=DIRECTION('',(-4.01482911286286E-16,1.,2.77555756156289E-17));
#9800=DIRECTION('center_axis',(1.,4.01482911286286E-16,-4.21975543629825E-17));
#9801=DIRECTION('ref_axis',(-4.21975543629826E-17,3.46944695195361E-17,
-1.));
#9802=DIRECTION('',(4.21975543629826E-17,-2.77555756156289E-17,1.));
#9803=DIRECTION('',(-4.01482911286286E-16,1.,2.77555756156289E-17));
#9804=DIRECTION('',(-4.21975543629826E-17,2.77555756156289E-17,-1.));
#9805=DIRECTION('center_axis',(-1.,-4.01482911286286E-16,4.21975543629825E-17));
#9806=DIRECTION('ref_axis',(4.21975543629826E-17,-3.46944695195361E-17,
1.));
#9807=DIRECTION('',(-4.01482911286286E-16,1.,2.77555756156289E-17));
#9808=DIRECTION('',(-4.21975543629826E-17,2.77555756156289E-17,-1.));
#9809=DIRECTION('',(4.01482911286286E-16,-1.,-2.77555756156289E-17));
#9810=DIRECTION('',(4.21975543629826E-17,-2.77555756156289E-17,1.));
#9811=DIRECTION('center_axis',(4.21975543629826E-17,-2.77555756156289E-17,
1.));
#9812=DIRECTION('ref_axis',(-4.01482911286286E-16,1.,3.46944695195361E-17));
#9813=DIRECTION('',(-1.,-4.01482911286286E-16,4.21975543629825E-17));
#9814=DIRECTION('',(1.,-1.07881445488059E-15,-4.21975543629826E-17));
#9815=DIRECTION('',(-4.01482911286286E-16,1.,2.77555756156289E-17));
#9816=DIRECTION('center_axis',(1.,4.01482911286286E-16,-4.21975543629825E-17));
#9817=DIRECTION('ref_axis',(-4.21975543629826E-17,3.46944695195361E-17,
-1.));
#9818=DIRECTION('',(4.21975543629826E-17,-2.77555756156289E-17,1.));
#9819=DIRECTION('',(-4.01482911286286E-16,1.,2.77555756156289E-17));
#9820=DIRECTION('',(-4.21975543629826E-17,2.77555756156289E-17,-1.));
#9821=DIRECTION('center_axis',(-1.,-4.01482911286286E-16,4.21975543629825E-17));
#9822=DIRECTION('ref_axis',(4.21975543629826E-17,-3.46944695195361E-17,
1.));
#9823=DIRECTION('',(-4.01482911286286E-16,1.,2.77555756156289E-17));
#9824=DIRECTION('',(-4.21975543629826E-17,2.77555756156289E-17,-1.));
#9825=DIRECTION('',(4.01482911286286E-16,-1.,-2.77555756156289E-17));
#9826=DIRECTION('',(4.21975543629826E-17,-2.77555756156289E-17,1.));
#9827=DIRECTION('center_axis',(4.21975543629826E-17,-2.77555756156289E-17,
1.));
#9828=DIRECTION('ref_axis',(-4.01482911286286E-16,1.,3.46944695195361E-17));
#9829=DIRECTION('',(-1.,-4.01482911286286E-16,4.21975543629825E-17));
#9830=DIRECTION('',(1.,4.01482911286286E-16,-4.21975543629825E-17));
#9831=DIRECTION('',(-4.01482911286286E-16,1.,2.77555756156289E-17));
#9832=DIRECTION('center_axis',(1.,4.01482911286286E-16,-4.21975543629825E-17));
#9833=DIRECTION('ref_axis',(-4.21975543629826E-17,3.46944695195361E-17,
-1.));
#9834=DIRECTION('',(4.21975543629826E-17,-2.77555756156289E-17,1.));
#9835=DIRECTION('',(-4.01482911286286E-16,1.,2.77555756156289E-17));
#9836=DIRECTION('',(-4.21975543629826E-17,2.77555756156289E-17,-1.));
#9837=DIRECTION('center_axis',(-1.,-4.01482911286286E-16,4.21975543629825E-17));
#9838=DIRECTION('ref_axis',(4.21975543629826E-17,-3.46944695195361E-17,
1.));
#9839=DIRECTION('',(-4.01482911286286E-16,1.,2.77555756156289E-17));
#9840=DIRECTION('',(-4.21975543629826E-17,2.77555756156289E-17,-1.));
#9841=DIRECTION('',(4.01482911286286E-16,-1.,-2.77555756156289E-17));
#9842=DIRECTION('',(4.21975543629826E-17,-2.77555756156289E-17,1.));
#9843=DIRECTION('center_axis',(4.21975543629826E-17,-2.77555756156289E-17,
1.));
#9844=DIRECTION('ref_axis',(-4.01482911286286E-16,1.,3.46944695195361E-17));
#9845=DIRECTION('',(-1.,-4.01482911286286E-16,4.21975543629825E-17));
#9846=DIRECTION('',(1.,-8.9377728410973E-16,-4.21975543629825E-17));
#9847=DIRECTION('',(-4.01482911286286E-16,1.,2.77555756156289E-17));
#9848=DIRECTION('center_axis',(1.,4.01482911286286E-16,-4.21975543629825E-17));
#9849=DIRECTION('ref_axis',(-4.21975543629826E-17,3.46944695195361E-17,
-1.));
#9850=DIRECTION('',(4.21975543629826E-17,-2.77555756156289E-17,1.));
#9851=DIRECTION('',(-4.01482911286286E-16,1.,2.77555756156289E-17));
#9852=DIRECTION('',(-4.21975543629826E-17,2.77555756156289E-17,-1.));
#9853=DIRECTION('center_axis',(-1.,-4.01482911286286E-16,4.21975543629825E-17));
#9854=DIRECTION('ref_axis',(4.21975543629826E-17,-3.46944695195361E-17,
1.));
#9855=DIRECTION('',(-4.01482911286286E-16,1.,2.77555756156289E-17));
#9856=DIRECTION('',(-4.21975543629826E-17,2.77555756156289E-17,-1.));
#9857=DIRECTION('',(4.01482911286286E-16,-1.,-2.77555756156289E-17));
#9858=DIRECTION('',(4.21975543629826E-17,-2.77555756156289E-17,1.));
#9859=DIRECTION('center_axis',(4.21975543629826E-17,-2.77555756156289E-17,
1.));
#9860=DIRECTION('ref_axis',(-4.01482911286286E-16,1.,3.46944695195361E-17));
#9861=DIRECTION('',(-1.,-4.01482911286286E-16,4.21975543629825E-17));
#9862=DIRECTION('',(1.,4.01482911286286E-16,-4.21975543629825E-17));
#9863=DIRECTION('',(-4.01482911286286E-16,1.,2.77555756156289E-17));
#9864=DIRECTION('center_axis',(1.,4.01482911286286E-16,-4.21975543629825E-17));
#9865=DIRECTION('ref_axis',(-4.21975543629826E-17,3.46944695195361E-17,
-1.));
#9866=DIRECTION('',(4.21975543629826E-17,-2.77555756156289E-17,1.));
#9867=DIRECTION('',(-4.01482911286286E-16,1.,2.77555756156289E-17));
#9868=DIRECTION('',(-4.21975543629826E-17,2.77555756156289E-17,-1.));
#9869=DIRECTION('center_axis',(-1.,-4.01482911286286E-16,4.21975543629825E-17));
#9870=DIRECTION('ref_axis',(4.21975543629826E-17,-3.46944695195361E-17,
1.));
#9871=DIRECTION('',(-4.01482911286286E-16,1.,2.77555756156289E-17));
#9872=DIRECTION('',(-4.21975543629826E-17,2.77555756156289E-17,-1.));
#9873=DIRECTION('',(4.01482911286286E-16,-1.,-2.77555756156289E-17));
#9874=DIRECTION('',(4.21975543629826E-17,-2.77555756156289E-17,1.));
#9875=DIRECTION('center_axis',(4.21975543629826E-17,-2.77555756156289E-17,
1.));
#9876=DIRECTION('ref_axis',(-4.01482911286286E-16,1.,3.46944695195361E-17));
#9877=DIRECTION('',(-1.,-4.01482911286286E-16,4.21975543629825E-17));
#9878=DIRECTION('',(1.,4.01482911286286E-16,-4.21975543629825E-17));
#9879=DIRECTION('',(-4.01482911286286E-16,1.,2.77555756156289E-17));
#9880=DIRECTION('center_axis',(1.,4.01482911286286E-16,-4.21975543629825E-17));
#9881=DIRECTION('ref_axis',(-4.21975543629826E-17,3.46944695195361E-17,
-1.));
#9882=DIRECTION('',(4.21975543629826E-17,-2.77555756156289E-17,1.));
#9883=DIRECTION('',(-4.01482911286286E-16,1.,2.77555756156289E-17));
#9884=DIRECTION('',(-4.21975543629826E-17,2.77555756156289E-17,-1.));
#9885=DIRECTION('center_axis',(-1.,-4.01482911286286E-16,4.21975543629825E-17));
#9886=DIRECTION('ref_axis',(4.21975543629826E-17,-3.46944695195361E-17,
1.));
#9887=DIRECTION('',(-4.01482911286286E-16,1.,2.77555756156289E-17));
#9888=DIRECTION('',(-4.21975543629826E-17,2.77555756156289E-17,-1.));
#9889=DIRECTION('',(4.01482911286286E-16,-1.,-2.77555756156289E-17));
#9890=DIRECTION('',(4.21975543629826E-17,-2.77555756156289E-17,1.));
#9891=DIRECTION('center_axis',(4.01482911286286E-16,-1.,-2.77555756156289E-17));
#9892=DIRECTION('ref_axis',(-1.,-4.01482911286286E-16,4.21975543629825E-17));
#9893=DIRECTION('',(-1.,-4.01482911286286E-16,4.21975543629825E-17));
#9894=DIRECTION('',(-1.,3.48429767490176E-15,4.21975543629826E-17));
#9895=DIRECTION('',(-1.,-4.01482911286286E-16,4.21975543629825E-17));
#9896=DIRECTION('',(-1.,-4.01482911286286E-16,4.21975543629825E-17));
#9897=DIRECTION('',(-1.,-4.01482911286286E-16,4.21975543629825E-17));
#9898=DIRECTION('',(-1.,-4.01482911286286E-16,4.21975543629825E-17));
#9899=DIRECTION('',(-1.,-4.01482911286286E-16,4.21975543629825E-17));
#9900=DIRECTION('',(-1.,-4.01482911286286E-16,4.21975543629825E-17));
#9901=DIRECTION('',(-1.,-4.01482911286286E-16,4.21975543629825E-17));
#9902=DIRECTION('',(-1.,3.48429767490176E-15,4.21975543629826E-17));
#9903=DIRECTION('',(-1.,-4.01482911286286E-16,4.21975543629825E-17));
#9904=DIRECTION('',(-1.,3.48429767490176E-15,4.21975543629826E-17));
#9905=DIRECTION('',(-1.,-4.01482911286286E-16,4.21975543629825E-17));
#9906=DIRECTION('',(-1.,-4.01482911286286E-16,4.21975543629825E-17));
#9907=DIRECTION('',(-1.,-4.01482911286286E-16,4.21975543629825E-17));
#9908=DIRECTION('',(1.,-1.49691639946061E-16,-4.21975543629826E-17));
#9909=DIRECTION('center_axis',(-4.01482911286286E-16,1.,2.77555756156289E-17));
#9910=DIRECTION('ref_axis',(1.,4.01482911286286E-16,-4.21975543629825E-17));
#9911=DIRECTION('',(1.,4.01482911286286E-16,-4.21975543629825E-17));
#9912=DIRECTION('',(-1.,2.11523666727604E-16,4.21975543629826E-17));
#9913=DIRECTION('',(1.,4.01482911286286E-16,-4.21975543629825E-17));
#9914=DIRECTION('center_axis',(4.21975543629826E-17,-2.77555756156289E-17,
1.));
#9915=DIRECTION('ref_axis',(-4.01482911286286E-16,1.,3.46944695195361E-17));
#9916=DIRECTION('',(-1.,-4.01482911286286E-16,4.21975543629825E-17));
#9917=DIRECTION('center_axis',(-4.01482911286286E-16,1.,2.77555756156289E-17));
#9918=DIRECTION('ref_axis',(1.,4.01482911286286E-16,-4.21975543629825E-17));
#9919=DIRECTION('',(-1.,-4.01482911286286E-16,4.21975543629825E-17));
#9920=DIRECTION('center_axis',(4.21975543629826E-17,-2.77555756156289E-17,
1.));
#9921=DIRECTION('ref_axis',(-4.01482911286286E-16,1.,3.46944695195361E-17));
#9922=DIRECTION('',(-1.,-4.01482911286286E-16,4.21975543629825E-17));
#9923=DIRECTION('center_axis',(4.21975543629826E-17,-2.77555756156289E-17,
1.));
#9924=DIRECTION('ref_axis',(-4.01482911286286E-16,1.,3.46944695195361E-17));
#9925=DIRECTION('',(-1.,-4.01482911286286E-16,4.21975543629825E-17));
#9926=DIRECTION('center_axis',(4.21975543629826E-17,-2.77555756156289E-17,
1.));
#9927=DIRECTION('ref_axis',(-4.01482911286286E-16,1.,3.46944695195361E-17));
#9928=DIRECTION('',(-1.,-4.01482911286286E-16,4.21975543629825E-17));
#9929=DIRECTION('center_axis',(4.21975543629826E-17,-2.77555756156289E-17,
1.));
#9930=DIRECTION('ref_axis',(-4.01482911286286E-16,1.,3.46944695195361E-17));
#9931=DIRECTION('',(-1.,-4.01482911286286E-16,4.21975543629825E-17));
#9932=DIRECTION('center_axis',(4.21975543629826E-17,-2.77555756156289E-17,
1.));
#9933=DIRECTION('ref_axis',(-4.01482911286286E-16,1.,3.46944695195361E-17));
#9934=DIRECTION('',(-1.,-4.01482911286286E-16,4.21975543629825E-17));
#9935=DIRECTION('center_axis',(4.21975543629826E-17,-2.77555756156289E-17,
1.));
#9936=DIRECTION('ref_axis',(-4.01482911286286E-16,1.,3.46944695195361E-17));
#9937=DIRECTION('',(-1.,-4.01482911286286E-16,4.21975543629825E-17));
#9938=DIRECTION('center_axis',(4.21975543629826E-17,-2.77555756156289E-17,
1.));
#9939=DIRECTION('ref_axis',(-4.01482911286286E-16,1.,3.46944695195361E-17));
#9940=DIRECTION('',(-1.,-4.01482911286286E-16,4.21975543629825E-17));
#9941=DIRECTION('center_axis',(4.21975543629826E-17,-2.77555756156289E-17,
1.));
#9942=DIRECTION('ref_axis',(-4.01482911286286E-16,1.,3.46944695195361E-17));
#9943=DIRECTION('',(-1.,-4.01482911286286E-16,4.21975543629825E-17));
#9944=DIRECTION('center_axis',(4.21975543629826E-17,-2.77555756156289E-17,
1.));
#9945=DIRECTION('ref_axis',(-4.01482911286286E-16,1.,3.46944695195361E-17));
#9946=DIRECTION('',(-1.,-4.01482911286286E-16,4.21975543629825E-17));
#9947=DIRECTION('center_axis',(4.21975543629826E-17,-2.77555756156289E-17,
1.));
#9948=DIRECTION('ref_axis',(-4.01482911286286E-16,1.,3.46944695195361E-17));
#9949=DIRECTION('',(-1.,-4.01482911286286E-16,4.21975543629825E-17));
#9950=DIRECTION('center_axis',(4.21975543629826E-17,-2.77555756156289E-17,
1.));
#9951=DIRECTION('ref_axis',(-4.01482911286286E-16,1.,3.46944695195361E-17));
#9952=DIRECTION('',(-1.,-4.01482911286286E-16,4.21975543629825E-17));
#9953=DIRECTION('center_axis',(4.21975543629826E-17,-2.77555756156289E-17,
1.));
#9954=DIRECTION('ref_axis',(-4.01482911286286E-16,1.,3.46944695195361E-17));
#9955=DIRECTION('',(-1.,-4.01482911286286E-16,4.21975543629825E-17));
#9956=DIRECTION('center_axis',(4.21975543629826E-17,-2.77555756156289E-17,
1.));
#9957=DIRECTION('ref_axis',(-4.01482911286286E-16,1.,3.46944695195361E-17));
#9958=DIRECTION('',(-1.,-4.01482911286286E-16,4.21975543629825E-17));
#9959=DIRECTION('center_axis',(4.21975543629826E-17,-2.77555756156289E-17,
1.));
#9960=DIRECTION('ref_axis',(-4.01482911286286E-16,1.,3.46944695195361E-17));
#9961=DIRECTION('',(-1.,-4.01482911286286E-16,4.21975543629825E-17));
#9962=DIRECTION('center_axis',(4.21975543629826E-17,-2.77555756156289E-17,
1.));
#9963=DIRECTION('ref_axis',(-4.01482911286286E-16,1.,3.46944695195361E-17));
#9964=DIRECTION('',(-1.,-4.01482911286286E-16,4.21975543629825E-17));
#9965=DIRECTION('center_axis',(-4.01482911286286E-16,1.,2.77555756156289E-17));
#9966=DIRECTION('ref_axis',(1.,4.01482911286286E-16,-4.21975543629825E-17));
#9967=DIRECTION('',(-1.,1.29211933842156E-14,4.21975543629824E-17));
#9968=DIRECTION('center_axis',(-4.01482911286286E-16,1.,2.77555756156289E-17));
#9969=DIRECTION('ref_axis',(1.,4.01482911286286E-16,-4.21975543629825E-17));
#9970=DIRECTION('',(-1.,-4.01482911286286E-16,4.21975543629825E-17));
#9971=DIRECTION('center_axis',(-4.01482911286286E-16,1.,2.77555756156289E-17));
#9972=DIRECTION('ref_axis',(1.,4.01482911286286E-16,-4.21975543629825E-17));
#9973=DIRECTION('',(-1.,-4.01482911286286E-16,4.21975543629825E-17));
#9974=DIRECTION('center_axis',(-4.01482911286286E-16,1.,2.77555756156289E-17));
#9975=DIRECTION('ref_axis',(1.,4.01482911286286E-16,-4.21975543629825E-17));
#9976=DIRECTION('',(-1.,-4.01482911286286E-16,4.21975543629825E-17));
#9977=DIRECTION('center_axis',(-4.01482911286286E-16,1.,2.77555756156289E-17));
#9978=DIRECTION('ref_axis',(1.,4.01482911286286E-16,-4.21975543629825E-17));
#9979=DIRECTION('',(-1.,-4.01482911286286E-16,4.21975543629825E-17));
#9980=DIRECTION('center_axis',(-4.01482911286286E-16,1.,2.77555756156289E-17));
#9981=DIRECTION('ref_axis',(1.,4.01482911286286E-16,-4.21975543629825E-17));
#9982=DIRECTION('',(-1.,-4.01482911286286E-16,4.21975543629825E-17));
#9983=DIRECTION('center_axis',(-4.01482911286286E-16,1.,2.77555756156289E-17));
#9984=DIRECTION('ref_axis',(1.,4.01482911286286E-16,-4.21975543629825E-17));
#9985=DIRECTION('',(-1.,-4.01482911286286E-16,4.21975543629825E-17));
#9986=DIRECTION('center_axis',(-4.01482911286286E-16,1.,2.77555756156289E-17));
#9987=DIRECTION('ref_axis',(1.,4.01482911286286E-16,-4.21975543629825E-17));
#9988=DIRECTION('',(-1.,-4.01482911286286E-16,4.21975543629825E-17));
#9989=DIRECTION('center_axis',(-4.01482911286286E-16,1.,2.77555756156289E-17));
#9990=DIRECTION('ref_axis',(1.,4.01482911286286E-16,-4.21975543629825E-17));
#9991=DIRECTION('',(-1.,-4.01482911286286E-16,4.21975543629825E-17));
#9992=DIRECTION('center_axis',(-4.01482911286286E-16,1.,2.77555756156289E-17));
#9993=DIRECTION('ref_axis',(1.,4.01482911286286E-16,-4.21975543629825E-17));
#9994=DIRECTION('',(-1.,-4.01482911286286E-16,4.21975543629825E-17));
#9995=DIRECTION('',(-1.,-4.01482911286286E-16,4.21975543629825E-17));
#9996=DIRECTION('center_axis',(-4.01482911286286E-16,1.,2.77555756156289E-17));
#9997=DIRECTION('ref_axis',(1.,4.01482911286286E-16,-4.21975543629825E-17));
#9998=DIRECTION('',(-1.,-4.01482911286286E-16,4.21975543629825E-17));
#9999=DIRECTION('center_axis',(-4.01482911286286E-16,1.,2.77555756156289E-17));
#10000=DIRECTION('ref_axis',(1.,4.01482911286286E-16,-4.21975543629825E-17));
#10001=DIRECTION('',(-1.,-4.01482911286286E-16,4.21975543629825E-17));
#10002=DIRECTION('center_axis',(-4.01482911286286E-16,1.,2.77555756156289E-17));
#10003=DIRECTION('ref_axis',(1.,4.01482911286286E-16,-4.21975543629825E-17));
#10004=DIRECTION('',(-1.,-4.01482911286286E-16,4.21975543629825E-17));
#10005=DIRECTION('center_axis',(-4.01482911286286E-16,1.,2.77555756156289E-17));
#10006=DIRECTION('ref_axis',(1.,4.01482911286286E-16,-4.21975543629825E-17));
#10007=DIRECTION('',(-1.,-4.01482911286286E-16,4.21975543629825E-17));
#10008=DIRECTION('center_axis',(-4.01482911286286E-16,1.,2.77555756156289E-17));
#10009=DIRECTION('ref_axis',(1.,4.01482911286286E-16,-4.21975543629825E-17));
#10010=DIRECTION('',(-1.,-4.01482911286286E-16,4.21975543629825E-17));
#10011=DIRECTION('',(-1.,-4.01482911286286E-16,4.21975543629825E-17));
#10012=DIRECTION('center_axis',(4.21975543629826E-17,-2.77555756156289E-17,
1.));
#10013=DIRECTION('ref_axis',(-4.01482911286286E-16,1.,3.46944695195361E-17));
#10014=DIRECTION('center_axis',(4.21975543629826E-17,-2.77555756156289E-17,
1.));
#10015=DIRECTION('ref_axis',(-4.01482911286286E-16,1.,3.46944695195361E-17));
#10016=DIRECTION('center_axis',(4.21975543629826E-17,-2.77555756156289E-17,
1.));
#10017=DIRECTION('ref_axis',(-4.01482911286286E-16,1.,3.46944695195361E-17));
#10018=DIRECTION('center_axis',(-1.,-4.01482911286286E-16,4.21975543629825E-17));
#10019=DIRECTION('ref_axis',(4.21975543629826E-17,-3.46944695195361E-17,
1.));
#10020=DIRECTION('',(-3.33488882931178E-14,2.77555756156289E-17,-1.));
#10021=DIRECTION('',(-4.64665648549849E-15,1.,2.77555756156289E-17));
#10022=DIRECTION('',(4.21975543629826E-17,-2.77555756156289E-17,1.));
#10023=DIRECTION('',(-4.01482911286286E-16,1.,2.77555756156289E-17));
#10024=DIRECTION('',(-4.21975543629826E-17,2.77555756156289E-17,-1.));
#10025=DIRECTION('',(-4.01482911286286E-16,1.,2.77555756156289E-17));
#10026=DIRECTION('center_axis',(4.21975543629826E-17,-2.77555756156289E-17,
1.));
#10027=DIRECTION('ref_axis',(-4.01482911286286E-16,1.,3.46944695195361E-17));
#10028=DIRECTION('',(-1.,-4.01482911286286E-16,4.21975543629825E-17));
#10029=DIRECTION('',(1.,4.01482911286286E-16,-4.21975543629825E-17));
#10030=DIRECTION('',(-4.01482911286286E-16,1.,2.77555756156289E-17));
#10031=DIRECTION('center_axis',(1.,4.01482911286286E-16,-4.21975543629825E-17));
#10032=DIRECTION('ref_axis',(-4.21975543629826E-17,3.46944695195361E-17,
-1.));
#10033=DIRECTION('',(4.21975543629826E-17,-2.77555756156289E-17,1.));
#10034=DIRECTION('',(4.01482911286286E-16,-1.,-2.77555756156289E-17));
#10035=DIRECTION('',(4.21975543629826E-17,-2.77555756156289E-17,1.));
#10036=DIRECTION('',(-4.21975543629826E-17,2.77555756156289E-17,-1.));
#10037=DIRECTION('',(-4.01482911286286E-16,1.,2.77555756156289E-17));
#10038=DIRECTION('center_axis',(4.01482911286286E-16,-1.,-2.77555756156289E-17));
#10039=DIRECTION('ref_axis',(-1.,-4.01482911286286E-16,4.21975543629825E-17));
#10040=DIRECTION('',(-1.,-4.01482911286286E-16,4.21975543629825E-17));
#10041=DIRECTION('center_axis',(-4.01482911286286E-16,1.,2.77555756156289E-17));
#10042=DIRECTION('ref_axis',(1.,4.01482911286286E-16,-4.21975543629825E-17));
#10043=DIRECTION('',(-1.,-4.01482911286286E-16,4.21975543629825E-17));
#10044=DIRECTION('center_axis',(4.21975543629826E-17,-2.77555756156289E-17,
1.));
#10045=DIRECTION('ref_axis',(-4.01482911286286E-16,1.,3.46944695195361E-17));
#10046=DIRECTION('',(1.,4.01482911286286E-16,-4.21975543629825E-17));
#10047=DIRECTION('center_axis',(-4.01482911286286E-16,1.,2.77555756156289E-17));
#10048=DIRECTION('ref_axis',(1.,4.01482911286286E-16,-4.21975543629825E-17));
#10049=DIRECTION('',(-1.,-4.01482911286286E-16,4.21975543629825E-17));
#10050=DIRECTION('center_axis',(-4.21975543629826E-17,2.77555756156289E-17,
-1.));
#10051=DIRECTION('ref_axis',(4.01482911286286E-16,-1.,-3.46944695195361E-17));
#10052=DIRECTION('center_axis',(-1.,-4.01482911286286E-16,4.21975543629825E-17));
#10053=DIRECTION('ref_axis',(4.21975543629826E-17,-3.46944695195361E-17,
1.));
#10054=DIRECTION('',(3.32644931843918E-14,2.77555756156289E-17,-1.));
#10055=DIRECTION('',(3.84369066292592E-15,1.,2.77555756156289E-17));
#10056=DIRECTION('',(4.21975543629826E-17,-2.77555756156289E-17,1.));
#10057=DIRECTION('',(-4.01482911286286E-16,1.,2.77555756156289E-17));
#10058=DIRECTION('',(-4.21975543629826E-17,2.77555756156289E-17,-1.));
#10059=DIRECTION('',(-4.01482911286286E-16,1.,2.77555756156289E-17));
#10060=DIRECTION('center_axis',(4.21975543629826E-17,-2.77555756156289E-17,
1.));
#10061=DIRECTION('ref_axis',(-4.01482911286286E-16,1.,3.46944695195361E-17));
#10062=DIRECTION('',(-1.,-4.01482911286286E-16,4.21975543629825E-17));
#10063=DIRECTION('',(1.,4.01482911286286E-16,-4.21975543629825E-17));
#10064=DIRECTION('',(-4.01482911286286E-16,1.,2.77555756156289E-17));
#10065=DIRECTION('center_axis',(1.,4.01482911286286E-16,-4.21975543629825E-17));
#10066=DIRECTION('ref_axis',(-4.21975543629826E-17,3.46944695195361E-17,
-1.));
#10067=DIRECTION('',(4.21975543629826E-17,-2.77555756156289E-17,1.));
#10068=DIRECTION('',(4.01482911286286E-16,-1.,-2.77555756156289E-17));
#10069=DIRECTION('',(4.21975543629826E-17,-2.77555756156289E-17,1.));
#10070=DIRECTION('',(-4.21975543629826E-17,2.77555756156289E-17,-1.));
#10071=DIRECTION('',(-4.01482911286286E-16,1.,2.77555756156289E-17));
#10072=DIRECTION('center_axis',(4.01482911286286E-16,-1.,-2.77555756156289E-17));
#10073=DIRECTION('ref_axis',(-1.,-4.01482911286286E-16,4.21975543629825E-17));
#10074=DIRECTION('',(-1.,-4.01482911286286E-16,4.21975543629825E-17));
#10075=DIRECTION('center_axis',(-4.01482911286286E-16,1.,2.77555756156289E-17));
#10076=DIRECTION('ref_axis',(1.,4.01482911286286E-16,-4.21975543629825E-17));
#10077=DIRECTION('',(-1.,-4.01482911286286E-16,4.21975543629825E-17));
#10078=DIRECTION('center_axis',(4.21975543629826E-17,-2.77555756156289E-17,
1.));
#10079=DIRECTION('ref_axis',(-4.01482911286286E-16,1.,3.46944695195361E-17));
#10080=DIRECTION('',(1.,4.01482911286286E-16,-4.21975543629825E-17));
#10081=DIRECTION('center_axis',(-4.01482911286286E-16,1.,2.77555756156289E-17));
#10082=DIRECTION('ref_axis',(1.,4.01482911286286E-16,-4.21975543629825E-17));
#10083=DIRECTION('',(-1.,-4.01482911286286E-16,4.21975543629825E-17));
#10084=DIRECTION('center_axis',(-4.21975543629826E-17,2.77555756156289E-17,
-1.));
#10085=DIRECTION('ref_axis',(4.01482911286286E-16,-1.,-3.46944695195361E-17));
#10086=DIRECTION('center_axis',(-1.,-4.01482911286286E-16,4.21975543629825E-17));
#10087=DIRECTION('ref_axis',(4.21975543629826E-17,-3.46944695195361E-17,
1.));
#10088=DIRECTION('',(-4.21975543629826E-17,2.77555756156289E-17,-1.));
#10089=DIRECTION('',(-4.01482911286286E-16,1.,2.77555756156289E-17));
#10090=DIRECTION('',(4.21975543629826E-17,-2.77555756156289E-17,1.));
#10091=DIRECTION('',(-4.01482911286286E-16,1.,2.77555756156289E-17));
#10092=DIRECTION('',(-4.21975543629826E-17,2.77555756156289E-17,-1.));
#10093=DIRECTION('',(-4.01482911286286E-16,1.,2.77555756156289E-17));
#10094=DIRECTION('center_axis',(4.21975543629826E-17,-2.77555756156289E-17,
1.));
#10095=DIRECTION('ref_axis',(-4.01482911286286E-16,1.,3.46944695195361E-17));
#10096=DIRECTION('',(-1.,-4.01482911286286E-16,4.21975543629825E-17));
#10097=DIRECTION('',(1.,4.01482911286286E-16,-4.21975543629825E-17));
#10098=DIRECTION('',(-4.01482911286286E-16,1.,2.77555756156289E-17));
#10099=DIRECTION('center_axis',(1.,4.01482911286286E-16,-4.21975543629825E-17));
#10100=DIRECTION('ref_axis',(-4.21975543629826E-17,3.46944695195361E-17,
-1.));
#10101=DIRECTION('',(4.21975543629826E-17,-2.77555756156289E-17,1.));
#10102=DIRECTION('',(4.01482911286286E-16,-1.,-2.77555756156289E-17));
#10103=DIRECTION('',(4.21975543629826E-17,-2.77555756156289E-17,1.));
#10104=DIRECTION('',(-4.21975543629826E-17,2.77555756156289E-17,-1.));
#10105=DIRECTION('',(-4.01482911286286E-16,1.,2.77555756156289E-17));
#10106=DIRECTION('center_axis',(4.01482911286286E-16,-1.,-2.77555756156289E-17));
#10107=DIRECTION('ref_axis',(-1.,-4.01482911286286E-16,4.21975543629825E-17));
#10108=DIRECTION('',(-1.,-4.01482911286286E-16,4.21975543629825E-17));
#10109=DIRECTION('center_axis',(-4.01482911286286E-16,1.,2.77555756156289E-17));
#10110=DIRECTION('ref_axis',(1.,4.01482911286286E-16,-4.21975543629825E-17));
#10111=DIRECTION('',(-1.,-4.01482911286286E-16,4.21975543629825E-17));
#10112=DIRECTION('center_axis',(4.21975543629826E-17,-2.77555756156289E-17,
1.));
#10113=DIRECTION('ref_axis',(-4.01482911286286E-16,1.,3.46944695195361E-17));
#10114=DIRECTION('',(1.,4.01482911286286E-16,-4.21975543629825E-17));
#10115=DIRECTION('center_axis',(-4.01482911286286E-16,1.,2.77555756156289E-17));
#10116=DIRECTION('ref_axis',(1.,4.01482911286286E-16,-4.21975543629825E-17));
#10117=DIRECTION('',(-1.,-4.01482911286286E-16,4.21975543629825E-17));
#10118=DIRECTION('center_axis',(-4.21975543629826E-17,2.77555756156289E-17,
-1.));
#10119=DIRECTION('ref_axis',(4.01482911286286E-16,-1.,-3.46944695195361E-17));
#10120=DIRECTION('center_axis',(-1.,-4.01482911286286E-16,4.21975543629825E-17));
#10121=DIRECTION('ref_axis',(4.21975543629826E-17,-3.46944695195361E-17,
1.));
#10122=DIRECTION('',(-3.14985165854092E-14,2.77555756156289E-17,-1.));
#10123=DIRECTION('',(-4.41081350915337E-15,1.,2.77555756156289E-17));
#10124=DIRECTION('',(4.21975543629826E-17,-2.77555756156289E-17,1.));
#10125=DIRECTION('',(-4.01482911286286E-16,1.,2.77555756156289E-17));
#10126=DIRECTION('',(-4.21975543629826E-17,2.77555756156289E-17,-1.));
#10127=DIRECTION('',(-4.01482911286286E-16,1.,2.77555756156289E-17));
#10128=DIRECTION('center_axis',(4.21975543629826E-17,-2.77555756156289E-17,
1.));
#10129=DIRECTION('ref_axis',(-4.01482911286286E-16,1.,3.46944695195361E-17));
#10130=DIRECTION('',(-1.,-4.01482911286286E-16,4.21975543629825E-17));
#10131=DIRECTION('',(1.,-3.48429767490176E-15,-4.21975543629826E-17));
#10132=DIRECTION('',(-4.01482911286286E-16,1.,2.77555756156289E-17));
#10133=DIRECTION('center_axis',(1.,4.01482911286286E-16,-4.21975543629825E-17));
#10134=DIRECTION('ref_axis',(-4.21975543629826E-17,3.46944695195361E-17,
-1.));
#10135=DIRECTION('',(4.21975543629826E-17,-2.77555756156289E-17,1.));
#10136=DIRECTION('',(4.01482911286286E-16,-1.,-2.77555756156289E-17));
#10137=DIRECTION('',(4.21975543629826E-17,-2.77555756156289E-17,1.));
#10138=DIRECTION('',(-4.21975543629826E-17,2.77555756156289E-17,-1.));
#10139=DIRECTION('',(-4.01482911286286E-16,1.,2.77555756156289E-17));
#10140=DIRECTION('center_axis',(4.01482911286286E-16,-1.,-2.77555756156289E-17));
#10141=DIRECTION('ref_axis',(-1.,-4.01482911286286E-16,4.21975543629825E-17));
#10142=DIRECTION('',(-1.,3.48429767490176E-15,4.21975543629826E-17));
#10143=DIRECTION('center_axis',(-4.01482911286286E-16,1.,2.77555756156289E-17));
#10144=DIRECTION('ref_axis',(1.,4.01482911286286E-16,-4.21975543629825E-17));
#10145=DIRECTION('',(-1.,-4.01482911286286E-16,4.21975543629825E-17));
#10146=DIRECTION('center_axis',(4.21975543629826E-17,-2.77555756156289E-17,
1.));
#10147=DIRECTION('ref_axis',(-4.01482911286286E-16,1.,3.46944695195361E-17));
#10148=DIRECTION('',(1.,4.01482911286286E-16,-4.21975543629825E-17));
#10149=DIRECTION('center_axis',(-4.01482911286286E-16,1.,2.77555756156289E-17));
#10150=DIRECTION('ref_axis',(1.,4.01482911286286E-16,-4.21975543629825E-17));
#10151=DIRECTION('',(-1.,-4.01482911286286E-16,4.21975543629825E-17));
#10152=DIRECTION('center_axis',(-4.21975543629826E-17,2.77555756156289E-17,
-1.));
#10153=DIRECTION('ref_axis',(4.01482911286286E-16,-1.,-3.46944695195361E-17));
#10154=DIRECTION('center_axis',(-1.,-4.01482911286286E-16,4.21975543629825E-17));
#10155=DIRECTION('ref_axis',(4.21975543629826E-17,-3.46944695195361E-17,
1.));
#10156=DIRECTION('',(-4.21975543629826E-17,2.77555756156289E-17,-1.));
#10157=DIRECTION('',(-4.01482911286286E-16,1.,2.77555756156289E-17));
#10158=DIRECTION('',(4.21975543629826E-17,-2.77555756156289E-17,1.));
#10159=DIRECTION('',(-4.01482911286286E-16,1.,2.77555756156289E-17));
#10160=DIRECTION('',(-4.21975543629826E-17,2.77555756156289E-17,-1.));
#10161=DIRECTION('',(-4.01482911286286E-16,1.,2.77555756156289E-17));
#10162=DIRECTION('center_axis',(4.21975543629826E-17,-2.77555756156289E-17,
1.));
#10163=DIRECTION('ref_axis',(-4.01482911286286E-16,1.,3.46944695195361E-17));
#10164=DIRECTION('',(-1.,-4.01482911286286E-16,4.21975543629825E-17));
#10165=DIRECTION('',(1.,4.01482911286286E-16,-4.21975543629825E-17));
#10166=DIRECTION('',(-4.01482911286286E-16,1.,2.77555756156289E-17));
#10167=DIRECTION('center_axis',(1.,4.01482911286286E-16,-4.21975543629825E-17));
#10168=DIRECTION('ref_axis',(-4.21975543629826E-17,3.46944695195361E-17,
-1.));
#10169=DIRECTION('',(3.33488882931178E-14,-2.77555756156289E-17,1.));
#10170=DIRECTION('',(4.01482911286286E-16,-1.,-2.77555756156289E-17));
#10171=DIRECTION('',(4.21975543629826E-17,-2.77555756156289E-17,1.));
#10172=DIRECTION('',(-4.21975543629826E-17,2.77555756156289E-17,-1.));
#10173=DIRECTION('',(-4.64665648549849E-15,1.,2.77555756156289E-17));
#10174=DIRECTION('center_axis',(4.01482911286286E-16,-1.,-2.77555756156289E-17));
#10175=DIRECTION('ref_axis',(-1.,-4.01482911286286E-16,4.21975543629825E-17));
#10176=DIRECTION('',(-1.,-4.01482911286286E-16,4.21975543629825E-17));
#10177=DIRECTION('center_axis',(-4.01482911286286E-16,1.,2.77555756156289E-17));
#10178=DIRECTION('ref_axis',(1.,4.01482911286286E-16,-4.21975543629825E-17));
#10179=DIRECTION('',(-1.,-4.01482911286286E-16,4.21975543629825E-17));
#10180=DIRECTION('center_axis',(4.21975543629826E-17,-2.77555756156289E-17,
1.));
#10181=DIRECTION('ref_axis',(-4.01482911286286E-16,1.,3.46944695195361E-17));
#10182=DIRECTION('',(1.,4.01482911286286E-16,-4.21975543629825E-17));
#10183=DIRECTION('center_axis',(-4.01482911286286E-16,1.,2.77555756156289E-17));
#10184=DIRECTION('ref_axis',(1.,4.01482911286286E-16,-4.21975543629825E-17));
#10185=DIRECTION('',(-1.,-4.01482911286286E-16,4.21975543629825E-17));
#10186=DIRECTION('center_axis',(-4.21975543629826E-17,2.77555756156289E-17,
-1.));
#10187=DIRECTION('ref_axis',(4.01482911286286E-16,-1.,-3.46944695195361E-17));
#10188=DIRECTION('center_axis',(-1.,-4.01482911286286E-16,4.21975543629825E-17));
#10189=DIRECTION('ref_axis',(4.21975543629826E-17,-3.46944695195361E-17,
1.));
#10190=DIRECTION('',(-3.33488882931178E-14,2.77555756156289E-17,-1.));
#10191=DIRECTION('',(-4.64665648549849E-15,1.,2.77555756156289E-17));
#10192=DIRECTION('',(4.21975543629826E-17,-2.77555756156289E-17,1.));
#10193=DIRECTION('',(-4.01482911286286E-16,1.,2.77555756156289E-17));
#10194=DIRECTION('',(-4.21975543629826E-17,2.77555756156289E-17,-1.));
#10195=DIRECTION('',(-4.01482911286286E-16,1.,2.77555756156289E-17));
#10196=DIRECTION('center_axis',(4.21975543629826E-17,-2.77555756156289E-17,
1.));
#10197=DIRECTION('ref_axis',(-4.01482911286286E-16,1.,3.46944695195361E-17));
#10198=DIRECTION('',(-1.,-4.01482911286286E-16,4.21975543629825E-17));
#10199=DIRECTION('',(1.,-3.48429767490176E-15,-4.21975543629826E-17));
#10200=DIRECTION('',(-4.01482911286286E-16,1.,2.77555756156289E-17));
#10201=DIRECTION('center_axis',(1.,4.01482911286286E-16,-4.21975543629825E-17));
#10202=DIRECTION('ref_axis',(-4.21975543629826E-17,3.46944695195361E-17,
-1.));
#10203=DIRECTION('',(4.21975543629826E-17,-2.77555756156289E-17,1.));
#10204=DIRECTION('',(4.01482911286286E-16,-1.,-2.77555756156289E-17));
#10205=DIRECTION('',(4.21975543629823E-17,6.38378239159465E-16,1.));
#10206=DIRECTION('',(-4.21975543629826E-17,2.77555756156289E-17,-1.));
#10207=DIRECTION('',(-4.01482911286286E-16,1.,2.77555756156289E-17));
#10208=DIRECTION('center_axis',(4.01482911286286E-16,-1.,-2.77555756156289E-17));
#10209=DIRECTION('ref_axis',(-1.,-4.01482911286286E-16,4.21975543629825E-17));
#10210=DIRECTION('',(-1.,3.48429767490176E-15,4.21975543629826E-17));
#10211=DIRECTION('center_axis',(-4.01482911286286E-16,1.,2.77555756156289E-17));
#10212=DIRECTION('ref_axis',(1.,4.01482911286286E-16,-4.21975543629825E-17));
#10213=DIRECTION('',(-1.,3.76185343105805E-15,4.21975543629827E-17));
#10214=DIRECTION('center_axis',(4.21975543629826E-17,-2.77555756156289E-17,
1.));
#10215=DIRECTION('ref_axis',(-4.01482911286286E-16,1.,3.46944695195361E-17));
#10216=DIRECTION('',(1.,4.01482911286286E-16,-4.21975543629825E-17));
#10217=DIRECTION('center_axis',(-4.01482911286286E-16,1.,2.77555756156289E-17));
#10218=DIRECTION('ref_axis',(1.,4.01482911286286E-16,-4.21975543629825E-17));
#10219=DIRECTION('',(-1.,-4.01482911286286E-16,4.21975543629825E-17));
#10220=DIRECTION('center_axis',(-4.21975543629826E-17,2.77555756156289E-17,
-1.));
#10221=DIRECTION('ref_axis',(4.01482911286286E-16,-1.,-3.46944695195361E-17));
#10222=DIRECTION('center_axis',(-1.,-4.01482911286286E-16,4.21975543629825E-17));
#10223=DIRECTION('ref_axis',(4.21975543629826E-17,-3.46944695195361E-17,
1.));
#10224=DIRECTION('',(-4.21975543629826E-17,2.77555756156289E-17,-1.));
#10225=DIRECTION('',(-4.01482911286286E-16,1.,2.77555756156289E-17));
#10226=DIRECTION('',(4.21975543629826E-17,-2.77555756156289E-17,1.));
#10227=DIRECTION('',(-4.01482911286286E-16,1.,2.77555756156289E-17));
#10228=DIRECTION('',(-4.21975543629826E-17,2.77555756156289E-17,-1.));
#10229=DIRECTION('',(-4.01482911286286E-16,1.,2.77555756156289E-17));
#10230=DIRECTION('center_axis',(4.21975543629826E-17,-2.77555756156289E-17,
1.));
#10231=DIRECTION('ref_axis',(-4.01482911286286E-16,1.,3.46944695195361E-17));
#10232=DIRECTION('',(-1.,-4.01482911286286E-16,4.21975543629825E-17));
#10233=DIRECTION('',(1.,4.01482911286286E-16,-4.21975543629825E-17));
#10234=DIRECTION('',(-4.01482911286286E-16,1.,2.77555756156289E-17));
#10235=DIRECTION('center_axis',(1.,4.01482911286286E-16,-4.21975543629825E-17));
#10236=DIRECTION('ref_axis',(-4.21975543629826E-17,3.46944695195361E-17,
-1.));
#10237=DIRECTION('',(4.21975543629826E-17,-2.77555756156289E-17,1.));
#10238=DIRECTION('',(4.01482911286286E-16,-1.,-2.77555756156289E-17));
#10239=DIRECTION('',(4.21975543629826E-17,-2.77555756156289E-17,1.));
#10240=DIRECTION('',(-4.21975543629826E-17,2.77555756156289E-17,-1.));
#10241=DIRECTION('',(-4.01482911286286E-16,1.,2.77555756156289E-17));
#10242=DIRECTION('center_axis',(4.01482911286286E-16,-1.,-2.77555756156289E-17));
#10243=DIRECTION('ref_axis',(-1.,-4.01482911286286E-16,4.21975543629825E-17));
#10244=DIRECTION('',(-1.,-4.01482911286286E-16,4.21975543629825E-17));
#10245=DIRECTION('center_axis',(-4.01482911286286E-16,1.,2.77555756156289E-17));
#10246=DIRECTION('ref_axis',(1.,4.01482911286286E-16,-4.21975543629825E-17));
#10247=DIRECTION('',(-1.,-4.01482911286286E-16,4.21975543629825E-17));
#10248=DIRECTION('center_axis',(4.21975543629826E-17,-2.77555756156289E-17,
1.));
#10249=DIRECTION('ref_axis',(-4.01482911286286E-16,1.,3.46944695195361E-17));
#10250=DIRECTION('',(1.,4.01482911286286E-16,-4.21975543629825E-17));
#10251=DIRECTION('center_axis',(-4.01482911286286E-16,1.,2.77555756156289E-17));
#10252=DIRECTION('ref_axis',(1.,4.01482911286286E-16,-4.21975543629825E-17));
#10253=DIRECTION('',(-1.,-4.01482911286286E-16,4.21975543629825E-17));
#10254=DIRECTION('center_axis',(-4.21975543629826E-17,2.77555756156289E-17,
-1.));
#10255=DIRECTION('ref_axis',(4.01482911286286E-16,-1.,-3.46944695195361E-17));
#10256=DIRECTION('center_axis',(-1.,-4.01482911286286E-16,4.21975543629825E-17));
#10257=DIRECTION('ref_axis',(4.21975543629826E-17,-3.46944695195361E-17,
1.));
#10258=DIRECTION('',(-4.21975543629826E-17,2.77555756156289E-17,-1.));
#10259=DIRECTION('',(-4.01482911286286E-16,1.,2.77555756156289E-17));
#10260=DIRECTION('',(4.21975543629826E-17,-2.77555756156289E-17,1.));
#10261=DIRECTION('',(-4.01482911286286E-16,1.,2.77555756156289E-17));
#10262=DIRECTION('',(-4.21975543629826E-17,2.77555756156289E-17,-1.));
#10263=DIRECTION('',(-4.01482911286286E-16,1.,2.77555756156289E-17));
#10264=DIRECTION('center_axis',(4.21975543629826E-17,-2.77555756156289E-17,
1.));
#10265=DIRECTION('ref_axis',(-4.01482911286286E-16,1.,3.46944695195361E-17));
#10266=DIRECTION('',(-1.,3.48429767490176E-15,4.21975543629826E-17));
#10267=DIRECTION('',(1.,4.01482911286286E-16,-4.21975543629825E-17));
#10268=DIRECTION('',(-4.01482911286286E-16,1.,2.77555756156289E-17));
#10269=DIRECTION('center_axis',(1.,4.01482911286286E-16,-4.21975543629825E-17));
#10270=DIRECTION('ref_axis',(-4.21975543629826E-17,3.46944695195361E-17,
-1.));
#10271=DIRECTION('',(2.33453162483182E-14,-2.77555756156289E-17,1.));
#10272=DIRECTION('',(-3.00253013855567E-15,-1.,-2.77555756156289E-17));
#10273=DIRECTION('',(4.21975543629826E-17,-2.77555756156289E-17,1.));
#10274=DIRECTION('',(-4.21975543629826E-17,2.77555756156289E-17,-1.));
#10275=DIRECTION('',(-4.01482911286286E-16,1.,2.77555756156289E-17));
#10276=DIRECTION('center_axis',(4.01482911286286E-16,-1.,-2.77555756156289E-17));
#10277=DIRECTION('ref_axis',(-1.,-4.01482911286286E-16,4.21975543629825E-17));
#10278=DIRECTION('',(-1.,-4.01482911286286E-16,4.21975543629825E-17));
#10279=DIRECTION('center_axis',(-4.01482911286286E-16,1.,2.77555756156289E-17));
#10280=DIRECTION('ref_axis',(1.,4.01482911286286E-16,-4.21975543629825E-17));
#10281=DIRECTION('',(-1.,3.48429767490176E-15,4.21975543629826E-17));
#10282=DIRECTION('center_axis',(4.21975543629826E-17,-2.77555756156289E-17,
1.));
#10283=DIRECTION('ref_axis',(-4.01482911286286E-16,1.,3.46944695195361E-17));
#10284=DIRECTION('',(1.,4.01482911286286E-16,-4.21975543629825E-17));
#10285=DIRECTION('center_axis',(-4.01482911286286E-16,1.,2.77555756156289E-17));
#10286=DIRECTION('ref_axis',(1.,4.01482911286286E-16,-4.21975543629825E-17));
#10287=DIRECTION('',(-1.,-4.01482911286286E-16,4.21975543629825E-17));
#10288=DIRECTION('center_axis',(-4.21975543629826E-17,2.77555756156289E-17,
-1.));
#10289=DIRECTION('ref_axis',(4.01482911286286E-16,-1.,-3.46944695195361E-17));
#10290=DIRECTION('center_axis',(-1.,-4.01482911286286E-16,4.21975543629825E-17));
#10291=DIRECTION('ref_axis',(4.21975543629826E-17,-3.46944695195361E-17,
1.));
#10292=DIRECTION('',(-4.21975543629826E-17,2.77555756156289E-17,-1.));
#10293=DIRECTION('',(-4.01482911286286E-16,1.,2.77555756156289E-17));
#10294=DIRECTION('',(4.21975543629826E-17,-2.77555756156289E-17,1.));
#10295=DIRECTION('',(-4.01482911286286E-16,1.,2.77555756156289E-17));
#10296=DIRECTION('',(-4.21975543629826E-17,2.77555756156289E-17,-1.));
#10297=DIRECTION('',(-4.01482911286286E-16,1.,2.77555756156289E-17));
#10298=DIRECTION('center_axis',(4.21975543629826E-17,-2.77555756156289E-17,
1.));
#10299=DIRECTION('ref_axis',(-4.01482911286286E-16,1.,3.46944695195361E-17));
#10300=DIRECTION('',(-1.,-4.01482911286286E-16,4.21975543629825E-17));
#10301=DIRECTION('',(1.,4.01482911286286E-16,-4.21975543629825E-17));
#10302=DIRECTION('',(-4.01482911286286E-16,1.,2.77555756156289E-17));
#10303=DIRECTION('center_axis',(1.,4.01482911286286E-16,-4.21975543629825E-17));
#10304=DIRECTION('ref_axis',(-4.21975543629826E-17,3.46944695195361E-17,
-1.));
#10305=DIRECTION('',(4.21975543629826E-17,-2.77555756156289E-17,1.));
#10306=DIRECTION('',(4.01482911286286E-16,-1.,-2.77555756156289E-17));
#10307=DIRECTION('',(4.21975543629826E-17,-2.77555756156289E-17,1.));
#10308=DIRECTION('',(-4.21975543629826E-17,2.77555756156289E-17,-1.));
#10309=DIRECTION('',(-4.01482911286286E-16,1.,2.77555756156289E-17));
#10310=DIRECTION('center_axis',(4.01482911286286E-16,-1.,-2.77555756156289E-17));
#10311=DIRECTION('ref_axis',(-1.,-4.01482911286286E-16,4.21975543629825E-17));
#10312=DIRECTION('',(-1.,-4.01482911286286E-16,4.21975543629825E-17));
#10313=DIRECTION('center_axis',(-4.01482911286286E-16,1.,2.77555756156289E-17));
#10314=DIRECTION('ref_axis',(1.,4.01482911286286E-16,-4.21975543629825E-17));
#10315=DIRECTION('',(-1.,-4.01482911286286E-16,4.21975543629825E-17));
#10316=DIRECTION('center_axis',(4.21975543629826E-17,-2.77555756156289E-17,
1.));
#10317=DIRECTION('ref_axis',(-4.01482911286286E-16,1.,3.46944695195361E-17));
#10318=DIRECTION('',(1.,4.01482911286286E-16,-4.21975543629825E-17));
#10319=DIRECTION('center_axis',(-4.01482911286286E-16,1.,2.77555756156289E-17));
#10320=DIRECTION('ref_axis',(1.,4.01482911286286E-16,-4.21975543629825E-17));
#10321=DIRECTION('',(-1.,-4.01482911286286E-16,4.21975543629825E-17));
#10322=DIRECTION('center_axis',(-4.21975543629826E-17,2.77555756156289E-17,
-1.));
#10323=DIRECTION('ref_axis',(4.01482911286286E-16,-1.,-3.46944695195361E-17));
#10324=DIRECTION('center_axis',(-1.,-4.01482911286286E-16,4.21975543629825E-17));
#10325=DIRECTION('ref_axis',(4.21975543629826E-17,-3.46944695195361E-17,
1.));
#10326=DIRECTION('',(-4.21975543629826E-17,2.77555756156289E-17,-1.));
#10327=DIRECTION('',(-4.01482911286286E-16,1.,2.77555756156289E-17));
#10328=DIRECTION('',(4.21975543629826E-17,-2.77555756156289E-17,1.));
#10329=DIRECTION('',(-4.01482911286286E-16,1.,2.77555756156289E-17));
#10330=DIRECTION('',(-4.21975543629826E-17,2.77555756156289E-17,-1.));
#10331=DIRECTION('',(-4.01482911286286E-16,1.,2.77555756156289E-17));
#10332=DIRECTION('center_axis',(4.21975543629826E-17,-2.77555756156289E-17,
1.));
#10333=DIRECTION('ref_axis',(-4.01482911286286E-16,1.,3.46944695195361E-17));
#10334=DIRECTION('',(-1.,-4.01482911286286E-16,4.21975543629825E-17));
#10335=DIRECTION('',(1.,4.01482911286286E-16,-4.21975543629825E-17));
#10336=DIRECTION('',(-4.01482911286286E-16,1.,2.77555756156289E-17));
#10337=DIRECTION('center_axis',(1.,4.01482911286286E-16,-4.21975543629825E-17));
#10338=DIRECTION('ref_axis',(-4.21975543629826E-17,3.46944695195361E-17,
-1.));
#10339=DIRECTION('',(4.21975543629826E-17,-2.77555756156289E-17,1.));
#10340=DIRECTION('',(4.01482911286286E-16,-1.,-2.77555756156289E-17));
#10341=DIRECTION('',(4.21975543629826E-17,-2.77555756156289E-17,1.));
#10342=DIRECTION('',(-4.21975543629826E-17,2.77555756156289E-17,-1.));
#10343=DIRECTION('',(-4.01482911286286E-16,1.,2.77555756156289E-17));
#10344=DIRECTION('center_axis',(4.01482911286286E-16,-1.,-2.77555756156289E-17));
#10345=DIRECTION('ref_axis',(-1.,-4.01482911286286E-16,4.21975543629825E-17));
#10346=DIRECTION('',(-1.,-4.01482911286286E-16,4.21975543629825E-17));
#10347=DIRECTION('center_axis',(-4.01482911286286E-16,1.,2.77555756156289E-17));
#10348=DIRECTION('ref_axis',(1.,4.01482911286286E-16,-4.21975543629825E-17));
#10349=DIRECTION('',(-1.,-4.01482911286286E-16,4.21975543629825E-17));
#10350=DIRECTION('center_axis',(4.21975543629826E-17,-2.77555756156289E-17,
1.));
#10351=DIRECTION('ref_axis',(-4.01482911286286E-16,1.,3.46944695195361E-17));
#10352=DIRECTION('',(1.,4.01482911286286E-16,-4.21975543629825E-17));
#10353=DIRECTION('center_axis',(-4.01482911286286E-16,1.,2.77555756156289E-17));
#10354=DIRECTION('ref_axis',(1.,4.01482911286286E-16,-4.21975543629825E-17));
#10355=DIRECTION('',(-1.,-4.01482911286286E-16,4.21975543629825E-17));
#10356=DIRECTION('center_axis',(-4.21975543629826E-17,2.77555756156289E-17,
-1.));
#10357=DIRECTION('ref_axis',(4.01482911286286E-16,-1.,-3.46944695195361E-17));
#10358=DIRECTION('center_axis',(-1.,-4.01482911286286E-16,4.21975543629825E-17));
#10359=DIRECTION('ref_axis',(4.21975543629826E-17,-3.46944695195361E-17,
1.));
#10360=DIRECTION('',(-3.33488882931178E-14,2.77555756156289E-17,-1.));
#10361=DIRECTION('',(-4.01482911286286E-16,1.,2.77555756156289E-17));
#10362=DIRECTION('',(4.21975543629826E-17,-2.77555756156289E-17,1.));
#10363=DIRECTION('',(-4.01482911286286E-16,1.,2.77555756156289E-17));
#10364=DIRECTION('',(-4.21975543629826E-17,2.77555756156289E-17,-1.));
#10365=DIRECTION('',(4.46380621206104E-15,1.,2.77555756156289E-17));
#10366=DIRECTION('center_axis',(4.21975543629826E-17,-2.77555756156289E-17,
1.));
#10367=DIRECTION('ref_axis',(-4.01482911286286E-16,1.,3.46944695195361E-17));
#10368=DIRECTION('',(-1.,-4.01482911286286E-16,4.21975543629825E-17));
#10369=DIRECTION('',(1.,4.01482911286286E-16,-4.21975543629825E-17));
#10370=DIRECTION('',(-4.01482911286286E-16,1.,2.77555756156289E-17));
#10371=DIRECTION('center_axis',(1.,4.01482911286286E-16,-4.21975543629825E-17));
#10372=DIRECTION('ref_axis',(-4.21975543629826E-17,3.46944695195361E-17,
-1.));
#10373=DIRECTION('',(4.21975543629826E-17,-2.77555756156289E-17,1.));
#10374=DIRECTION('',(4.01482911286286E-16,-1.,-2.77555756156289E-17));
#10375=DIRECTION('',(4.21975543629826E-17,-2.77555756156289E-17,1.));
#10376=DIRECTION('',(-4.21975543629826E-17,2.77555756156289E-17,-1.));
#10377=DIRECTION('',(-4.01482911286286E-16,1.,2.77555756156289E-17));
#10378=DIRECTION('center_axis',(4.01482911286286E-16,-1.,-2.77555756156289E-17));
#10379=DIRECTION('ref_axis',(-1.,-4.01482911286286E-16,4.21975543629825E-17));
#10380=DIRECTION('',(-1.,-4.01482911286286E-16,4.21975543629825E-17));
#10381=DIRECTION('center_axis',(-4.01482911286286E-16,1.,2.77555756156289E-17));
#10382=DIRECTION('ref_axis',(1.,4.01482911286286E-16,-4.21975543629825E-17));
#10383=DIRECTION('',(-1.,-4.01482911286286E-16,4.21975543629825E-17));
#10384=DIRECTION('center_axis',(4.21975543629826E-17,-2.77555756156289E-17,
1.));
#10385=DIRECTION('ref_axis',(-4.01482911286286E-16,1.,3.46944695195361E-17));
#10386=DIRECTION('',(1.,4.01482911286286E-16,-4.21975543629825E-17));
#10387=DIRECTION('center_axis',(-4.01482911286286E-16,1.,2.77555756156289E-17));
#10388=DIRECTION('ref_axis',(1.,4.01482911286286E-16,-4.21975543629825E-17));
#10389=DIRECTION('',(-1.,-4.01482911286286E-16,4.21975543629825E-17));
#10390=DIRECTION('center_axis',(-4.21975543629826E-17,2.77555756156289E-17,
-1.));
#10391=DIRECTION('ref_axis',(4.01482911286286E-16,-1.,-3.46944695195361E-17));
#10392=DIRECTION('center_axis',(-1.,-4.01482911286286E-16,4.21975543629825E-17));
#10393=DIRECTION('ref_axis',(4.21975543629826E-17,-3.46944695195361E-17,
1.));
#10394=DIRECTION('',(-4.21975543629826E-17,2.77555756156289E-17,-1.));
#10395=DIRECTION('',(-4.01482911286286E-16,1.,2.77555756156289E-17));
#10396=DIRECTION('',(4.21975543629826E-17,-2.77555756156289E-17,1.));
#10397=DIRECTION('',(-4.01482911286286E-16,1.,2.77555756156289E-17));
#10398=DIRECTION('',(-4.21975543629826E-17,2.77555756156289E-17,-1.));
#10399=DIRECTION('',(-4.01482911286286E-16,1.,2.77555756156289E-17));
#10400=DIRECTION('center_axis',(4.21975543629826E-17,-2.77555756156289E-17,
1.));
#10401=DIRECTION('ref_axis',(-4.01482911286286E-16,1.,3.46944695195361E-17));
#10402=DIRECTION('',(-1.,-4.01482911286286E-16,4.21975543629825E-17));
#10403=DIRECTION('',(1.,4.01482911286286E-16,-4.21975543629825E-17));
#10404=DIRECTION('',(-4.01482911286286E-16,1.,2.77555756156289E-17));
#10405=DIRECTION('center_axis',(1.,4.01482911286286E-16,-4.21975543629825E-17));
#10406=DIRECTION('ref_axis',(-4.21975543629826E-17,3.46944695195361E-17,
-1.));
#10407=DIRECTION('',(3.14985165854092E-14,-2.77555756156289E-17,1.));
#10408=DIRECTION('',(-4.19351237187508E-15,-1.,-2.77555756156289E-17));
#10409=DIRECTION('',(4.21975543629826E-17,-2.77555756156289E-17,1.));
#10410=DIRECTION('',(-4.21975543629826E-17,2.77555756156289E-17,-1.));
#10411=DIRECTION('',(-4.01482911286286E-16,1.,2.77555756156289E-17));
#10412=DIRECTION('center_axis',(4.01482911286286E-16,-1.,-2.77555756156289E-17));
#10413=DIRECTION('ref_axis',(-1.,-4.01482911286286E-16,4.21975543629825E-17));
#10414=DIRECTION('',(-1.,-4.01482911286286E-16,4.21975543629825E-17));
#10415=DIRECTION('center_axis',(-4.01482911286286E-16,1.,2.77555756156289E-17));
#10416=DIRECTION('ref_axis',(1.,4.01482911286286E-16,-4.21975543629825E-17));
#10417=DIRECTION('',(-1.,-4.01482911286286E-16,4.21975543629825E-17));
#10418=DIRECTION('center_axis',(4.21975543629826E-17,-2.77555756156289E-17,
1.));
#10419=DIRECTION('ref_axis',(-4.01482911286286E-16,1.,3.46944695195361E-17));
#10420=DIRECTION('',(1.,4.01482911286286E-16,-4.21975543629825E-17));
#10421=DIRECTION('center_axis',(-4.01482911286286E-16,1.,2.77555756156289E-17));
#10422=DIRECTION('ref_axis',(1.,4.01482911286286E-16,-4.21975543629825E-17));
#10423=DIRECTION('',(-1.,-4.01482911286286E-16,4.21975543629825E-17));
#10424=DIRECTION('center_axis',(-4.21975543629826E-17,2.77555756156289E-17,
-1.));
#10425=DIRECTION('ref_axis',(4.01482911286286E-16,-1.,-3.46944695195361E-17));
#10426=DIRECTION('center_axis',(-1.,-4.01482911286286E-16,4.21975543629825E-17));
#10427=DIRECTION('ref_axis',(4.21975543629826E-17,-3.46944695195361E-17,
1.));
#10428=DIRECTION('',(-4.21975543629826E-17,2.77555756156289E-17,-1.));
#10429=DIRECTION('',(-4.01482911286286E-16,1.,2.77555756156289E-17));
#10430=DIRECTION('',(4.21975543629826E-17,-2.77555756156289E-17,1.));
#10431=DIRECTION('',(-4.01482911286286E-16,1.,2.77555756156289E-17));
#10432=DIRECTION('',(-4.21975543629826E-17,2.77555756156289E-17,-1.));
#10433=DIRECTION('',(-4.01482911286286E-16,1.,2.77555756156289E-17));
#10434=DIRECTION('center_axis',(4.21975543629826E-17,-2.77555756156289E-17,
1.));
#10435=DIRECTION('ref_axis',(-4.01482911286286E-16,1.,3.46944695195361E-17));
#10436=DIRECTION('',(-1.,-4.01482911286286E-16,4.21975543629825E-17));
#10437=DIRECTION('',(1.,4.01482911286286E-16,-4.21975543629825E-17));
#10438=DIRECTION('',(-4.01482911286286E-16,1.,2.77555756156289E-17));
#10439=DIRECTION('center_axis',(1.,4.01482911286286E-16,-4.21975543629825E-17));
#10440=DIRECTION('ref_axis',(-4.21975543629826E-17,3.46944695195361E-17,
-1.));
#10441=DIRECTION('',(4.21975543629826E-17,-2.77555756156289E-17,1.));
#10442=DIRECTION('',(4.01482911286286E-16,-1.,-2.77555756156289E-17));
#10443=DIRECTION('',(4.21975543629826E-17,-2.77555756156289E-17,1.));
#10444=DIRECTION('',(-4.21975543629826E-17,2.77555756156289E-17,-1.));
#10445=DIRECTION('',(-4.01482911286286E-16,1.,2.77555756156289E-17));
#10446=DIRECTION('center_axis',(4.01482911286286E-16,-1.,-2.77555756156289E-17));
#10447=DIRECTION('ref_axis',(-1.,-4.01482911286286E-16,4.21975543629825E-17));
#10448=DIRECTION('',(-1.,-4.01482911286286E-16,4.21975543629825E-17));
#10449=DIRECTION('center_axis',(-4.01482911286286E-16,1.,2.77555756156289E-17));
#10450=DIRECTION('ref_axis',(1.,4.01482911286286E-16,-4.21975543629825E-17));
#10451=DIRECTION('',(-1.,-4.01482911286286E-16,4.21975543629825E-17));
#10452=DIRECTION('center_axis',(4.21975543629826E-17,-2.77555756156289E-17,
1.));
#10453=DIRECTION('ref_axis',(-4.01482911286286E-16,1.,3.46944695195361E-17));
#10454=DIRECTION('',(1.,4.01482911286286E-16,-4.21975543629825E-17));
#10455=DIRECTION('center_axis',(-4.01482911286286E-16,1.,2.77555756156289E-17));
#10456=DIRECTION('ref_axis',(1.,4.01482911286286E-16,-4.21975543629825E-17));
#10457=DIRECTION('',(-1.,-4.01482911286286E-16,4.21975543629825E-17));
#10458=DIRECTION('center_axis',(-4.21975543629826E-17,2.77555756156289E-17,
-1.));
#10459=DIRECTION('ref_axis',(4.01482911286286E-16,-1.,-3.46944695195361E-17));
#10460=DIRECTION('center_axis',(-1.,-4.01482911286286E-16,4.21975543629825E-17));
#10461=DIRECTION('ref_axis',(4.21975543629826E-17,-3.46944695195361E-17,
1.));
#10462=DIRECTION('',(-4.21975543629826E-17,2.77555756156289E-17,-1.));
#10463=DIRECTION('',(-4.01482911286286E-16,1.,2.77555756156289E-17));
#10464=DIRECTION('',(4.21975543629826E-17,-2.77555756156289E-17,1.));
#10465=DIRECTION('',(-4.01482911286286E-16,1.,2.77555756156289E-17));
#10466=DIRECTION('',(-4.21975543629826E-17,2.77555756156289E-17,-1.));
#10467=DIRECTION('',(-4.01482911286286E-16,1.,2.77555756156289E-17));
#10468=DIRECTION('center_axis',(4.21975543629826E-17,-2.77555756156289E-17,
1.));
#10469=DIRECTION('ref_axis',(-4.01482911286286E-16,1.,3.46944695195361E-17));
#10470=DIRECTION('',(-1.,-4.01482911286286E-16,4.21975543629825E-17));
#10471=DIRECTION('',(1.,-3.48429767490176E-15,-4.21975543629826E-17));
#10472=DIRECTION('',(-4.01482911286286E-16,1.,2.77555756156289E-17));
#10473=DIRECTION('center_axis',(1.,4.01482911286286E-16,-4.21975543629825E-17));
#10474=DIRECTION('ref_axis',(-4.21975543629826E-17,3.46944695195361E-17,
-1.));
#10475=DIRECTION('',(4.21975543629826E-17,-2.77555756156289E-17,1.));
#10476=DIRECTION('',(4.01482911286286E-16,-1.,-2.77555756156289E-17));
#10477=DIRECTION('',(4.21975543629823E-17,6.10622663543836E-16,1.));
#10478=DIRECTION('',(-4.21975543629826E-17,2.77555756156289E-17,-1.));
#10479=DIRECTION('',(-4.01482911286286E-16,1.,2.77555756156289E-17));
#10480=DIRECTION('center_axis',(4.01482911286286E-16,-1.,-2.77555756156289E-17));
#10481=DIRECTION('ref_axis',(-1.,-4.01482911286286E-16,4.21975543629825E-17));
#10482=DIRECTION('',(-1.,3.48429767490176E-15,4.21975543629826E-17));
#10483=DIRECTION('center_axis',(-4.01482911286286E-16,1.,2.77555756156289E-17));
#10484=DIRECTION('ref_axis',(1.,4.01482911286286E-16,-4.21975543629825E-17));
#10485=DIRECTION('',(-1.,3.48429767490176E-15,4.21975543629826E-17));
#10486=DIRECTION('center_axis',(4.21975543629826E-17,-2.77555756156289E-17,
1.));
#10487=DIRECTION('ref_axis',(-4.01482911286286E-16,1.,3.46944695195361E-17));
#10488=DIRECTION('',(1.,4.01482911286286E-16,-4.21975543629825E-17));
#10489=DIRECTION('center_axis',(-4.01482911286286E-16,1.,2.77555756156289E-17));
#10490=DIRECTION('ref_axis',(1.,4.01482911286286E-16,-4.21975543629825E-17));
#10491=DIRECTION('',(-1.,-4.01482911286286E-16,4.21975543629825E-17));
#10492=DIRECTION('center_axis',(-4.21975543629826E-17,2.77555756156289E-17,
-1.));
#10493=DIRECTION('ref_axis',(4.01482911286286E-16,-1.,-3.46944695195361E-17));
#10494=DIRECTION('center_axis',(-1.,-4.01482911286286E-16,4.21975543629825E-17));
#10495=DIRECTION('ref_axis',(4.21975543629826E-17,-3.46944695195361E-17,
1.));
#10496=DIRECTION('',(-3.33488882931178E-14,2.77555756156289E-17,-1.));
#10497=DIRECTION('',(-4.01482911286286E-16,1.,2.77555756156289E-17));
#10498=DIRECTION('',(4.21975543629826E-17,-2.77555756156289E-17,1.));
#10499=DIRECTION('',(-4.01482911286286E-16,1.,2.77555756156289E-17));
#10500=DIRECTION('',(-4.21975543629826E-17,2.77555756156289E-17,-1.));
#10501=DIRECTION('',(4.46380621206104E-15,1.,2.77555756156289E-17));
#10502=DIRECTION('center_axis',(4.21975543629826E-17,-2.77555756156289E-17,
1.));
#10503=DIRECTION('ref_axis',(-4.01482911286286E-16,1.,3.46944695195361E-17));
#10504=DIRECTION('',(-1.,-4.01482911286286E-16,4.21975543629825E-17));
#10505=DIRECTION('',(1.,4.01482911286286E-16,-4.21975543629825E-17));
#10506=DIRECTION('',(-4.01482911286286E-16,1.,2.77555756156289E-17));
#10507=DIRECTION('center_axis',(1.,4.01482911286286E-16,-4.21975543629825E-17));
#10508=DIRECTION('ref_axis',(-4.21975543629826E-17,3.46944695195361E-17,
-1.));
#10509=DIRECTION('',(4.21975543629826E-17,-2.77555756156289E-17,1.));
#10510=DIRECTION('',(4.01482911286286E-16,-1.,-2.77555756156289E-17));
#10511=DIRECTION('',(4.21975543629826E-17,-2.77555756156289E-17,1.));
#10512=DIRECTION('',(-4.21975543629826E-17,2.77555756156289E-17,-1.));
#10513=DIRECTION('',(-4.01482911286286E-16,1.,2.77555756156289E-17));
#10514=DIRECTION('center_axis',(4.01482911286286E-16,-1.,-2.77555756156289E-17));
#10515=DIRECTION('ref_axis',(-1.,-4.01482911286286E-16,4.21975543629825E-17));
#10516=DIRECTION('',(-1.,-4.01482911286286E-16,4.21975543629825E-17));
#10517=DIRECTION('center_axis',(-4.01482911286286E-16,1.,2.77555756156289E-17));
#10518=DIRECTION('ref_axis',(1.,4.01482911286286E-16,-4.21975543629825E-17));
#10519=DIRECTION('',(-1.,-4.01482911286286E-16,4.21975543629825E-17));
#10520=DIRECTION('center_axis',(4.21975543629826E-17,-2.77555756156289E-17,
1.));
#10521=DIRECTION('ref_axis',(-4.01482911286286E-16,1.,3.46944695195361E-17));
#10522=DIRECTION('',(1.,4.01482911286286E-16,-4.21975543629825E-17));
#10523=DIRECTION('center_axis',(-4.01482911286286E-16,1.,2.77555756156289E-17));
#10524=DIRECTION('ref_axis',(1.,4.01482911286286E-16,-4.21975543629825E-17));
#10525=DIRECTION('',(-1.,-4.01482911286286E-16,4.21975543629825E-17));
#10526=DIRECTION('center_axis',(-4.21975543629826E-17,2.77555756156289E-17,
-1.));
#10527=DIRECTION('ref_axis',(4.01482911286286E-16,-1.,-3.46944695195361E-17));
#10528=DIRECTION('center_axis',(4.01482911286286E-16,-1.,-9.35362898246694E-15));
#10529=DIRECTION('ref_axis',(1.,4.01482911286286E-16,-4.21975543629825E-17));
#10530=DIRECTION('center_axis',(-4.01482911286286E-16,1.,2.77555756156289E-17));
#10531=DIRECTION('ref_axis',(1.,4.01482911286286E-16,-4.21975543629825E-17));
#10532=DIRECTION('center_axis',(4.01482911286286E-16,-1.,-2.77555756156289E-17));
#10533=DIRECTION('ref_axis',(1.,4.01482911286286E-16,-4.21975543629825E-17));
#10534=DIRECTION('center_axis',(4.01482911286286E-16,-1.,3.60822483003176E-16));
#10535=DIRECTION('ref_axis',(1.,4.01482911286286E-16,-4.21975543629825E-17));
#10536=DIRECTION('center_axis',(-4.01482911286286E-16,1.,2.77555756156289E-17));
#10537=DIRECTION('ref_axis',(1.,4.01482911286286E-16,-4.21975543629825E-17));
#10538=DIRECTION('center_axis',(4.01482911286286E-16,-1.,-2.77555756156289E-17));
#10539=DIRECTION('ref_axis',(1.,4.01482911286286E-16,-4.21975543629825E-17));
#10540=DIRECTION('center_axis',(4.01482911286286E-16,-1.,-9.35362898246694E-15));
#10541=DIRECTION('ref_axis',(-0.707106781186556,6.33012319310427E-15,-0.707106781186539));
#10542=DIRECTION('center_axis',(-4.01482911286286E-16,1.,2.77555756156289E-17));
#10543=DIRECTION('ref_axis',(1.,4.01482911286286E-16,-4.21975543629825E-17));
#10544=DIRECTION('center_axis',(4.01482911286286E-16,-1.,-2.77555756156289E-17));
#10545=DIRECTION('ref_axis',(1.,4.01482911286286E-16,-4.21975543629825E-17));
#10546=DIRECTION('center_axis',(-4.01482911286286E-16,1.,2.77555756156289E-17));
#10547=DIRECTION('ref_axis',(1.,4.01482911286286E-16,-4.21975543629825E-17));
#10548=DIRECTION('center_axis',(4.01482911286286E-16,-1.,-2.77555756156289E-17));
#10549=DIRECTION('ref_axis',(1.,4.01482911286286E-16,-4.21975543629825E-17));
#10550=DIRECTION('center_axis',(-4.01482911286286E-16,1.,-1.66533453693773E-16));
#10551=DIRECTION('ref_axis',(1.,4.01482911286286E-16,1.42829651798822E-15));
#10552=DIRECTION('center_axis',(-4.01482911286286E-16,1.,-1.66533453693773E-16));
#10553=DIRECTION('ref_axis',(1.,4.01482911286286E-16,1.42829651798822E-15));
#10554=DIRECTION('center_axis',(-4.01482911286286E-16,1.,2.77555756156289E-17));
#10555=DIRECTION('ref_axis',(1.,4.01482911286286E-16,1.31274793234698E-16));
#10556=DIRECTION('center_axis',(-4.01482911286286E-16,1.,2.77555756156289E-17));
#10557=DIRECTION('ref_axis',(1.,4.01482911286286E-16,3.04747140832379E-16));
#10558=DIRECTION('center_axis',(-4.01482911286286E-16,1.,-1.38777878078145E-16));
#10559=DIRECTION('ref_axis',(1.,4.01482911286286E-16,1.34558122641846E-15));
#10560=DIRECTION('center_axis',(-4.01482911286286E-16,1.,-1.38777878078145E-16));
#10561=DIRECTION('ref_axis',(1.,4.01482911286286E-16,1.34558122641846E-15));
#10562=DIRECTION('center_axis',(-4.01482911286286E-16,1.,-1.38777878078145E-16));
#10563=DIRECTION('ref_axis',(1.,4.01482911286286E-16,1.34558122641846E-15));
#10564=DIRECTION('center_axis',(-4.01482911286286E-16,1.,-1.38777878078145E-16));
#10565=DIRECTION('ref_axis',(1.,4.01482911286286E-16,-2.81775511592587E-15));
#10566=DIRECTION('center_axis',(4.01482911286286E-16,-1.,3.60822483003176E-16));
#10567=DIRECTION('ref_axis',(-0.707106781186539,-2.87512645649302E-17,0.707106781186556));
#10568=DIRECTION('center_axis',(-4.01482911286286E-16,1.,2.77555756156289E-17));
#10569=DIRECTION('ref_axis',(1.,4.01482911286286E-16,-4.21975543629825E-17));
#10570=DIRECTION('center_axis',(4.01482911286286E-16,-1.,-2.77555756156289E-17));
#10571=DIRECTION('ref_axis',(-1.,-4.01482911286286E-16,4.21975543629825E-17));
#10572=DIRECTION('center_axis',(-4.01482911286286E-16,1.,2.77555756156289E-17));
#10573=DIRECTION('ref_axis',(1.,4.01482911286286E-16,1.42829651798822E-15));
#10574=DIRECTION('center_axis',(-4.01482911286286E-16,1.,2.77555756156289E-17));
#10575=DIRECTION('ref_axis',(1.,4.01482911286286E-16,1.42829651798822E-15));
#10576=DIRECTION('center_axis',(-4.01482911286286E-16,1.,2.77555756156289E-17));
#10577=DIRECTION('ref_axis',(-1.,-4.01482911286286E-16,-1.31274793234698E-16));
#10578=DIRECTION('center_axis',(-4.01482911286286E-16,1.,2.77555756156289E-17));
#10579=DIRECTION('ref_axis',(-1.,-4.01482911286286E-16,-3.04747140832379E-16));
#10580=DIRECTION('center_axis',(-4.01482911286286E-16,1.,2.77555756156289E-17));
#10581=DIRECTION('ref_axis',(-1.,-4.01482911286286E-16,-1.34558122641846E-15));
#10582=DIRECTION('center_axis',(-4.01482911286286E-16,1.,2.77555756156289E-17));
#10583=DIRECTION('ref_axis',(-1.,-4.01482911286286E-16,7.36086944753705E-16));
#10584=DIRECTION('center_axis',(-4.01482911286286E-16,1.,2.77555756156289E-17));
#10585=DIRECTION('ref_axis',(-1.,-4.01482911286286E-16,-2.73336000719991E-15));
#10586=DIRECTION('center_axis',(-4.01482911286286E-16,1.,2.77555756156289E-17));
#10587=DIRECTION('ref_axis',(-1.,-4.01482911286286E-16,-5.5089175687628E-15));
#10588=DIRECTION('',(-4.01482911286286E-16,1.,2.77555756156289E-17));
#10589=DIRECTION('',(-4.01482911286286E-16,1.,2.77555756156289E-17));
#10590=DIRECTION('center_axis',(4.01482911286286E-16,-1.,-2.77555756156289E-17));
#10591=DIRECTION('ref_axis',(-1.,-4.01482911286286E-16,4.21975543629825E-17));
#10592=DIRECTION('',(4.01482911286286E-16,-1.,-2.77555756156289E-17));
#10593=DIRECTION('center_axis',(4.01482911286286E-16,-1.,-2.77555756156289E-17));
#10594=DIRECTION('ref_axis',(-1.,-4.01482911286286E-16,4.21975543629825E-17));
#10595=DIRECTION('',(4.01482911286286E-16,-1.,-2.77555756156289E-17));
#10596=DIRECTION('center_axis',(4.01482911286286E-16,-1.,-2.77555756156289E-17));
#10597=DIRECTION('ref_axis',(-1.,-4.01482911286286E-16,4.21975543629825E-17));
#10598=DIRECTION('',(4.01482911286286E-16,-1.,-2.77555756156289E-17));
#10599=DIRECTION('center_axis',(4.01482911286286E-16,-1.,-2.77555756156289E-17));
#10600=DIRECTION('ref_axis',(-1.,-4.01482911286286E-16,4.21975543629825E-17));
#10601=DIRECTION('',(4.01482911286286E-16,-1.,-2.77555756156289E-17));
#10602=DIRECTION('center_axis',(4.01482911286286E-16,-1.,-2.77555756156289E-17));
#10603=DIRECTION('ref_axis',(-1.,-4.01482911286286E-16,4.21975543629825E-17));
#10604=DIRECTION('',(4.01482911286286E-16,-1.,-2.77555756156289E-17));
#10605=DIRECTION('center_axis',(4.01482911286286E-16,-1.,-2.77555756156289E-17));
#10606=DIRECTION('ref_axis',(-1.,-4.01482911286286E-16,4.21975543629825E-17));
#10607=DIRECTION('',(4.01482911286286E-16,-1.,-2.77555756156289E-17));
#10608=DIRECTION('center_axis',(4.01482911286286E-16,-1.,-2.77555756156289E-17));
#10609=DIRECTION('ref_axis',(-1.,-4.01482911286286E-16,4.21975543629825E-17));
#10610=DIRECTION('',(4.01482911286286E-16,-1.,-2.77555756156289E-17));
#10611=DIRECTION('center_axis',(4.01482911286286E-16,-1.,-2.77555756156289E-17));
#10612=DIRECTION('ref_axis',(-1.,-4.01482911286286E-16,4.21975543629825E-17));
#10613=DIRECTION('',(4.01482911286286E-16,-1.,-2.77555756156289E-17));
#10614=DIRECTION('center_axis',(4.01482911286286E-16,-1.,-2.77555756156289E-17));
#10615=DIRECTION('ref_axis',(-1.,-4.01482911286286E-16,4.21975543629825E-17));
#10616=DIRECTION('center_axis',(-4.01482911286286E-16,1.,-1.94289029309402E-16));
#10617=DIRECTION('ref_axis',(1.,4.01482911286286E-16,-3.74294096978017E-15));
#10618=DIRECTION('',(4.01482911286286E-16,-1.,-2.77555756156289E-17));
#10619=DIRECTION('center_axis',(-4.01482911286286E-16,1.,2.77555756156289E-17));
#10620=DIRECTION('ref_axis',(1.,4.01482911286286E-16,-3.74294096978017E-15));
#10621=DIRECTION('center_axis',(-4.01482911286286E-16,1.,2.77555756156289E-17));
#10622=DIRECTION('ref_axis',(1.,4.01482911286286E-16,-4.21975543629825E-17));
#10623=DIRECTION('center_axis',(-4.01482911286286E-16,1.,2.77555756156289E-17));
#10624=DIRECTION('ref_axis',(-1.,-4.01482911286286E-16,-5.5089175687628E-15));
#10625=DIRECTION('center_axis',(4.01482911286286E-16,-1.,-2.77555756156289E-17));
#10626=DIRECTION('ref_axis',(-1.,-4.01482911286286E-16,4.21975543629825E-17));
#10627=DIRECTION('center_axis',(-4.01482911286286E-16,1.,2.77555756156289E-17));
#10628=DIRECTION('ref_axis',(1.,4.01482911286286E-16,-2.81775511592587E-15));
#10629=DIRECTION('center_axis',(4.01482911286286E-16,-1.,-2.77555756156289E-17));
#10630=DIRECTION('ref_axis',(-1.,-4.01482911286286E-16,4.21975543629825E-17));
#10631=DIRECTION('',(-4.01482911286286E-16,1.,2.77555756156289E-17));
#10632=DIRECTION('center_axis',(4.01482911286286E-16,-1.,-2.77555756156289E-17));
#10633=DIRECTION('ref_axis',(-1.,-4.01482911286286E-16,4.21975543629825E-17));
#10634=DIRECTION('center_axis',(-4.01482911286286E-16,1.,-1.94289029309402E-16));
#10635=DIRECTION('ref_axis',(1.,4.01482911286286E-16,-1.89256926207158E-15));
#10636=DIRECTION('',(4.01482911286286E-16,-1.,-2.77555756156289E-17));
#10637=DIRECTION('center_axis',(-4.01482911286286E-16,1.,2.77555756156289E-17));
#10638=DIRECTION('ref_axis',(1.,4.01482911286286E-16,-1.89256926207158E-15));
#10639=DIRECTION('center_axis',(-4.01482911286286E-16,1.,2.77555756156289E-17));
#10640=DIRECTION('ref_axis',(1.,4.01482911286286E-16,-4.21975543629825E-17));
#10641=DIRECTION('center_axis',(-4.01482911286286E-16,1.,2.77555756156289E-17));
#10642=DIRECTION('ref_axis',(-1.,-4.01482911286286E-16,-2.73336000719991E-15));
#10643=DIRECTION('center_axis',(4.01482911286286E-16,-1.,-2.77555756156289E-17));
#10644=DIRECTION('ref_axis',(-1.,-4.01482911286286E-16,4.21975543629825E-17));
#10645=DIRECTION('center_axis',(-4.01482911286286E-16,1.,2.77555756156289E-17));
#10646=DIRECTION('ref_axis',(1.,4.01482911286286E-16,1.34558122641846E-15));
#10647=DIRECTION('center_axis',(4.01482911286286E-16,-1.,-2.77555756156289E-17));
#10648=DIRECTION('ref_axis',(-1.,-4.01482911286286E-16,4.21975543629825E-17));
#10649=DIRECTION('',(-4.01482911286286E-16,1.,2.77555756156289E-17));
#10650=DIRECTION('center_axis',(4.01482911286286E-16,-1.,-2.77555756156289E-17));
#10651=DIRECTION('ref_axis',(-1.,-4.01482911286286E-16,4.21975543629825E-17));
#10652=DIRECTION('center_axis',(-4.01482911286286E-16,1.,-1.94289029309402E-16));
#10653=DIRECTION('ref_axis',(1.,4.01482911286286E-16,2.73336000719991E-15));
#10654=DIRECTION('',(4.01482911286286E-16,-1.,-2.77555756156289E-17));
#10655=DIRECTION('center_axis',(-4.01482911286286E-16,1.,2.77555756156289E-17));
#10656=DIRECTION('ref_axis',(1.,4.01482911286286E-16,2.73336000719991E-15));
#10657=DIRECTION('center_axis',(-4.01482911286286E-16,1.,2.77555756156289E-17));
#10658=DIRECTION('ref_axis',(1.,4.01482911286286E-16,-4.21975543629825E-17));
#10659=DIRECTION('center_axis',(-4.01482911286286E-16,1.,2.77555756156289E-17));
#10660=DIRECTION('ref_axis',(-1.,-4.01482911286286E-16,7.36086944753705E-16));
#10661=DIRECTION('center_axis',(4.01482911286286E-16,-1.,-2.77555756156289E-17));
#10662=DIRECTION('ref_axis',(-1.,-4.01482911286286E-16,4.21975543629825E-17));
#10663=DIRECTION('center_axis',(-4.01482911286286E-16,1.,2.77555756156289E-17));
#10664=DIRECTION('ref_axis',(1.,4.01482911286286E-16,1.34558122641846E-15));
#10665=DIRECTION('center_axis',(4.01482911286286E-16,-1.,-2.77555756156289E-17));
#10666=DIRECTION('ref_axis',(-1.,-4.01482911286286E-16,4.21975543629825E-17));
#10667=DIRECTION('',(-4.01482911286286E-16,1.,2.77555756156289E-17));
#10668=DIRECTION('center_axis',(4.01482911286286E-16,-1.,-2.77555756156289E-17));
#10669=DIRECTION('ref_axis',(-1.,-4.01482911286286E-16,4.21975543629825E-17));
#10670=DIRECTION('center_axis',(-4.01482911286286E-16,1.,-1.94289029309402E-16));
#10671=DIRECTION('ref_axis',(1.,4.01482911286286E-16,1.80817415334561E-15));
#10672=DIRECTION('',(4.01482911286286E-16,-1.,-2.77555756156289E-17));
#10673=DIRECTION('center_axis',(-4.01482911286286E-16,1.,2.77555756156289E-17));
#10674=DIRECTION('ref_axis',(1.,4.01482911286286E-16,1.80817415334561E-15));
#10675=DIRECTION('center_axis',(-4.01482911286286E-16,1.,2.77555756156289E-17));
#10676=DIRECTION('ref_axis',(1.,4.01482911286286E-16,-4.21975543629825E-17));
#10677=DIRECTION('center_axis',(-4.01482911286286E-16,1.,2.77555756156289E-17));
#10678=DIRECTION('ref_axis',(-1.,-4.01482911286286E-16,-1.34558122641846E-15));
#10679=DIRECTION('center_axis',(4.01482911286286E-16,-1.,-2.77555756156289E-17));
#10680=DIRECTION('ref_axis',(-1.,-4.01482911286286E-16,4.21975543629825E-17));
#10681=DIRECTION('center_axis',(-4.01482911286286E-16,1.,2.77555756156289E-17));
#10682=DIRECTION('ref_axis',(1.,4.01482911286286E-16,1.34558122641846E-15));
#10683=DIRECTION('center_axis',(4.01482911286286E-16,-1.,-2.77555756156289E-17));
#10684=DIRECTION('ref_axis',(-1.,-4.01482911286286E-16,4.21975543629825E-17));
#10685=DIRECTION('',(-4.01482911286286E-16,1.,2.77555756156289E-17));
#10686=DIRECTION('center_axis',(-1.,-4.01482911286286E-16,4.21975543629825E-17));
#10687=DIRECTION('ref_axis',(4.20900104065041E-17,0.000267863063669514,
0.999999964124689));
#10688=DIRECTION('center_axis',(-4.21975543629826E-17,2.77555756156289E-17,
-1.));
#10689=DIRECTION('ref_axis',(1.,-1.96504309697195E-13,-4.21975543629883E-17));
#10690=DIRECTION('center_axis',(1.,4.01482911286286E-16,-4.21975543629825E-17));
#10691=DIRECTION('ref_axis',(4.2090010406749E-17,0.000267863063059403,0.999999964124689));
#10692=DIRECTION('center_axis',(-1.33431050779011E-15,-1.83186799063151E-15,
1.));
#10693=DIRECTION('ref_axis',(1.,2.19280538721894E-13,1.33431050779052E-15));
#10694=DIRECTION('center_axis',(4.01482911286286E-16,-1.,-2.77555756156289E-17));
#10695=DIRECTION('ref_axis',(-1.,-4.01482911286286E-16,-1.32322849331646E-16));
#10696=DIRECTION('center_axis',(6.99519069715724E-17,-5.55111512312578E-17,
-1.));
#10697=DIRECTION('ref_axis',(1.,6.42412961696637E-13,6.99519069715263E-17));
#10698=DIRECTION('center_axis',(4.01482911286286E-16,-1.,-2.77555756156289E-17));
#10699=DIRECTION('ref_axis',(-1.,-4.01482911286286E-16,4.21975543629825E-17));
#10700=DIRECTION('center_axis',(4.01482911286286E-16,-1.,-2.77555756156289E-17));
#10701=DIRECTION('ref_axis',(1.,4.01482911286286E-16,1.32322849331646E-16));
#10702=DIRECTION('center_axis',(-4.01482911286286E-16,1.,2.77555756156289E-17));
#10703=DIRECTION('ref_axis',(1.,4.01482911286286E-16,-4.21975543629825E-17));
#10704=DIRECTION('',(-4.01482911286286E-16,1.,2.77555756156289E-17));
#10705=DIRECTION('center_axis',(-4.01482911286286E-16,1.,2.77555756156289E-17));
#10706=DIRECTION('ref_axis',(2.22466580468663E-14,-2.16840434497103E-17,
1.));
#10707=DIRECTION('',(-4.01482911286286E-16,1.,2.77555756156289E-17));
#10708=DIRECTION('center_axis',(4.21975543629826E-17,-2.77555756156289E-17,
1.));
#10709=DIRECTION('ref_axis',(-4.01482911286286E-16,1.,3.46944695195361E-17));
#10710=DIRECTION('',(1.,4.01482911286286E-16,-4.21975543629825E-17));
#10711=DIRECTION('',(-4.01482911286286E-16,1.,2.77555756156289E-17));
#10712=DIRECTION('center_axis',(4.01482911286286E-16,-1.,-2.77555756156289E-17));
#10713=DIRECTION('ref_axis',(-1.,-4.01482911286286E-16,4.21975543629825E-17));
#10714=DIRECTION('center_axis',(2.07668008835435E-15,-1.,-1.69309011255336E-15));
#10715=DIRECTION('ref_axis',(1.,1.78926169206775E-15,3.94766644038371E-15));
#10716=DIRECTION('',(-4.01482911286286E-16,1.,2.77555756156289E-17));
#10717=DIRECTION('center_axis',(-1.,-4.01482911286286E-16,4.21975543629825E-17));
#10718=DIRECTION('ref_axis',(4.21975543629826E-17,-3.46944695195361E-17,
1.));
#10719=DIRECTION('center_axis',(-1.,-4.01482911286286E-16,4.21975543629825E-17));
#10720=DIRECTION('ref_axis',(4.23050952913949E-17,-0.000267863062759404,
0.999999964124689));
#10721=DIRECTION('',(4.21975543629826E-17,-2.77555756156289E-17,1.));
#10722=DIRECTION('',(-4.01482911286286E-16,1.,2.77555756156289E-17));
#10723=DIRECTION('center_axis',(4.01482911286286E-16,-1.,-2.77555756156289E-17));
#10724=DIRECTION('ref_axis',(-1.,-4.01482911286286E-16,4.21975543629825E-17));
#10725=DIRECTION('center_axis',(4.01482911286286E-16,-1.,-2.77555756156289E-17));
#10726=DIRECTION('ref_axis',(4.21975543629826E-17,-2.16840434497101E-17,
1.));
#10727=DIRECTION('',(-4.01482911286286E-16,1.,2.77555756156289E-17));
#10728=DIRECTION('center_axis',(-4.21975543629826E-17,2.77555756156289E-17,
-1.));
#10729=DIRECTION('ref_axis',(4.01482911286286E-16,-1.,-3.46944695195361E-17));
#10730=DIRECTION('',(-1.,-4.01482911286286E-16,1.84569124129037E-15));
#10731=DIRECTION('',(-4.01482911286286E-16,1.,-1.69309011255336E-15));
#10732=DIRECTION('center_axis',(9.38674830368204E-16,1.,1.36002320516582E-15));
#10733=DIRECTION('ref_axis',(1.,-9.38674830368204E-16,-4.21975543629826E-17));
#10734=DIRECTION('center_axis',(-4.01482911286286E-16,1.,2.77555756156289E-17));
#10735=DIRECTION('ref_axis',(-1.,-4.01482911286286E-16,1.4299763351444E-15));
#10736=DIRECTION('',(-4.01482911286286E-16,1.,2.77555756156289E-17));
#10737=DIRECTION('center_axis',(-1.,-4.01482911286286E-16,4.21975543629825E-17));
#10738=DIRECTION('ref_axis',(4.21975543629826E-17,-3.46944695195361E-17,
1.));
#10739=DIRECTION('',(4.21975543629826E-17,-2.77555756156289E-17,1.));
#10740=DIRECTION('',(-4.01482911286286E-16,1.,2.77555756156289E-17));
#10741=DIRECTION('center_axis',(4.01482911286286E-16,-1.,-2.77555756156289E-17));
#10742=DIRECTION('ref_axis',(-1.,-4.01482911286286E-16,4.21975543629825E-17));
#10743=DIRECTION('center_axis',(2.0766800883544E-15,-1.,1.63757896132211E-15));
#10744=DIRECTION('ref_axis',(1.11444278006145E-14,1.36609473733173E-15,
1.));
#10745=DIRECTION('',(-4.01482911286286E-16,1.,2.77555756156289E-17));
#10746=DIRECTION('center_axis',(-4.21975543629826E-17,2.77555756156289E-17,
-1.));
#10747=DIRECTION('ref_axis',(4.01482911286286E-16,-1.,-3.46944695195361E-17));
#10748=DIRECTION('',(-1.,-4.01482911286286E-16,4.21975543629825E-17));
#10749=DIRECTION('',(-4.01482911286286E-16,1.,2.77555756156289E-17));
#10750=DIRECTION('center_axis',(4.01482911286286E-16,-1.,-2.77555756156289E-17));
#10751=DIRECTION('ref_axis',(-1.,-4.01482911286286E-16,4.21975543629825E-17));
#10752=DIRECTION('center_axis',(4.01482911286286E-16,-1.,-2.77555756156289E-17));
#10753=DIRECTION('ref_axis',(-1.,-4.01482911286286E-16,6.98109145827017E-15));
#10754=DIRECTION('',(-4.01482911286286E-16,1.,2.77555756156289E-17));
#10755=DIRECTION('center_axis',(1.,4.01482911286286E-16,-4.21975543629825E-17));
#10756=DIRECTION('ref_axis',(-4.21975543629826E-17,3.46944695195361E-17,
-1.));
#10757=DIRECTION('',(-4.21975543629826E-17,2.77555756156289E-17,-1.));
#10758=DIRECTION('',(-4.01482911286286E-16,1.,2.77555756156289E-17));
#10759=DIRECTION('center_axis',(-1.7416406529407E-15,1.,1.36002320516582E-15));
#10760=DIRECTION('ref_axis',(1.,1.7416406529407E-15,-4.21975543629825E-17));
#10761=DIRECTION('center_axis',(-4.01482911286286E-16,1.,2.77555756156289E-17));
#10762=DIRECTION('ref_axis',(-3.89000034162429E-14,2.16840434497098E-17,
-1.));
#10763=DIRECTION('',(-4.01482911286286E-16,1.,2.77555756156289E-17));
#10764=DIRECTION('center_axis',(-4.21975543629826E-17,2.77555756156289E-17,
-1.));
#10765=DIRECTION('ref_axis',(4.01482911286286E-16,-1.,-3.46944695195361E-17));
#10766=DIRECTION('',(-1.,-4.01482911286286E-16,3.77800590585544E-15));
#10767=DIRECTION('',(-4.01482911286286E-16,1.,2.77555756156289E-17));
#10768=DIRECTION('center_axis',(4.01482911286286E-16,-1.,-2.77555756156289E-17));
#10769=DIRECTION('ref_axis',(-1.,-4.01482911286286E-16,4.21975543629825E-17));
#10770=DIRECTION('center_axis',(4.01482911286286E-16,-1.,-2.77555756156289E-17));
#10771=DIRECTION('ref_axis',(-1.,-4.01482911286286E-16,-1.5396841381831E-14));
#10772=DIRECTION('',(-4.01482911286286E-16,1.,2.77555756156289E-17));
#10773=DIRECTION('center_axis',(1.,4.01482911286286E-16,-4.21975543629825E-17));
#10774=DIRECTION('ref_axis',(-4.21975543629826E-17,3.46944695195361E-17,
-1.));
#10775=DIRECTION('',(-4.21975543629826E-17,2.77555756156289E-17,-1.));
#10776=DIRECTION('',(-4.01482911286286E-16,1.,2.77555756156289E-17));
#10777=DIRECTION('center_axis',(1.,4.01482911286286E-16,-4.21975543629825E-17));
#10778=DIRECTION('ref_axis',(4.23050952878415E-17,-0.000267863053908533,
0.999999964124692));
#10779=DIRECTION('center_axis',(4.01482911286286E-16,-1.,-2.77555756156289E-17));
#10780=DIRECTION('ref_axis',(-1.,-4.01482911286286E-16,4.21975543629825E-17));
#10781=DIRECTION('center_axis',(2.07668008835441E-15,-1.,1.63757896132211E-15));
#10782=DIRECTION('ref_axis',(-1.66955429237401E-14,-1.36609473733172E-15,
-1.));
#10783=DIRECTION('',(-4.01482911286286E-16,1.,2.77555756156289E-17));
#10784=DIRECTION('center_axis',(4.21975543629826E-17,-2.77555756156289E-17,
1.));
#10785=DIRECTION('ref_axis',(-4.01482911286286E-16,1.,3.46944695195361E-17));
#10786=DIRECTION('',(1.,4.01482911286286E-16,-5.58149959278283E-15));
#10787=DIRECTION('',(-4.01482911286286E-16,1.,2.77555756156289E-17));
#10788=DIRECTION('center_axis',(-1.74164065294072E-15,1.,-1.33226762955019E-15));
#10789=DIRECTION('ref_axis',(1.,1.74164065294072E-15,-4.21975543629825E-17));
#10790=DIRECTION('center_axis',(-4.01482911286286E-16,1.,2.77555756156289E-17));
#10791=DIRECTION('ref_axis',(1.,4.01482911286285E-16,3.8815608307517E-14));
#10792=DIRECTION('',(-4.01482911286286E-16,1.,2.77555756156289E-17));
#10793=DIRECTION('center_axis',(1.,4.01482911286286E-16,-4.21975543629825E-17));
#10794=DIRECTION('ref_axis',(-4.21975543629826E-17,3.46944695195361E-17,
-1.));
#10795=DIRECTION('',(-4.21975543629826E-17,2.77555756156289E-17,-1.));
#10796=DIRECTION('',(-4.01482911286286E-16,1.,2.77555756156289E-17));
#10797=DIRECTION('center_axis',(1.74164065294076E-15,-1.,1.33226762955019E-15));
#10798=DIRECTION('ref_axis',(-1.,-1.74164065294076E-15,4.21975543629825E-17));
#10799=DIRECTION('center_axis',(4.01482911286286E-16,-1.,-2.77555756156289E-17));
#10800=DIRECTION('ref_axis',(-4.21975543629826E-17,2.168404344971E-17,-1.));
#10801=DIRECTION('',(-4.01482911286286E-16,1.,2.77555756156289E-17));
#10802=DIRECTION('center_axis',(4.21975543629826E-17,-2.77555756156289E-17,
1.));
#10803=DIRECTION('ref_axis',(-4.01482911286286E-16,1.,3.46944695195361E-17));
#10804=DIRECTION('center_axis',(4.21975543629826E-17,-2.77555756156289E-17,
1.));
#10805=DIRECTION('ref_axis',(1.,-2.70170313629454E-13,-4.21975543629932E-17));
#10806=DIRECTION('',(1.,4.01482911286286E-16,-4.21975543629825E-17));
#10807=DIRECTION('',(-4.01482911286286E-16,1.,2.77555756156289E-17));
#10808=DIRECTION('center_axis',(4.01482911286286E-16,-1.,-2.77555756156289E-17));
#10809=DIRECTION('ref_axis',(0.707122581324413,3.03523349768225E-16,-0.707090980695624));
#10810=DIRECTION('center_axis',(-1.27371426578177E-15,-1.,1.63757896132211E-15));
#10811=DIRECTION('ref_axis',(1.,-9.86295869495191E-16,2.14683735477499E-14));
#10812=DIRECTION('',(-4.01482911286286E-16,1.,2.77555756156289E-17));
#10813=DIRECTION('center_axis',(-1.,-4.01482911286286E-16,4.21975543629825E-17));
#10814=DIRECTION('ref_axis',(4.21975543629826E-17,-3.46944695195361E-17,
1.));
#10815=DIRECTION('',(4.21975543629826E-17,-2.77555756156289E-17,1.));
#10816=DIRECTION('center_axis',(-4.01482911286286E-16,1.,2.77555756156289E-17));
#10817=DIRECTION('ref_axis',(1.,4.01482911286286E-16,-4.21975543629825E-17));
#10818=DIRECTION('center_axis',(1.98669575240852E-15,-8.04911692853238E-16,
1.));
#10819=DIRECTION('ref_axis',(1.,-1.16644720756567E-12,-1.98669575240945E-15));
#10820=DIRECTION('center_axis',(-4.01482911286286E-16,1.,2.77555756156289E-17));
#10821=DIRECTION('ref_axis',(1.,4.01482911286286E-16,-2.16717958057611E-16));
#10822=DIRECTION('center_axis',(-1.41870561651606E-15,1.83186799063151E-15,
-1.));
#10823=DIRECTION('ref_axis',(1.,2.71777436580525E-14,-1.41870561651601E-15));
#10824=DIRECTION('center_axis',(1.,4.01482911286286E-16,-4.21975543629825E-17));
#10825=DIRECTION('ref_axis',(4.2090010406749E-17,0.000267863063059403,0.999999964124689));
#10826=DIRECTION('center_axis',(4.21975543629826E-17,-2.77555756156289E-17,
1.));
#10827=DIRECTION('ref_axis',(1.,1.97307275519767E-13,-4.2197554362973E-17));
#10828=DIRECTION('center_axis',(-1.,-4.01482911286286E-16,4.21975543629825E-17));
#10829=DIRECTION('ref_axis',(4.20900104065041E-17,0.000267863063669514,
0.999999964124689));
#10830=DIRECTION('center_axis',(4.01482911286286E-16,-1.,-2.77555756156289E-17));
#10831=DIRECTION('ref_axis',(-1.,-4.01482911286286E-16,4.21975543629825E-17));
#10832=DIRECTION('center_axis',(-4.01482911286286E-16,1.,2.77555756156289E-17));
#10833=DIRECTION('ref_axis',(-1.,-4.01482911286286E-16,2.16717958057611E-16));
#10834=DIRECTION('center_axis',(4.01482911286286E-16,-1.,-2.77555756156289E-17));
#10835=DIRECTION('ref_axis',(-1.,-4.01482911286286E-16,4.21975543629825E-17));
#10836=DIRECTION('',(-4.01482911286286E-16,1.,2.77555756156289E-17));
#10837=DIRECTION('center_axis',(4.01482911286286E-16,-1.,-2.77555756156289E-17));
#10838=DIRECTION('ref_axis',(-2.21622629381403E-14,-2.16840434497103E-17,
1.));
#10839=DIRECTION('',(-4.01482911286286E-16,1.,2.77555756156289E-17));
#10840=DIRECTION('center_axis',(4.21975543629826E-17,-2.77555756156289E-17,
1.));
#10841=DIRECTION('ref_axis',(-4.01482911286286E-16,1.,3.46944695195361E-17));
#10842=DIRECTION('',(-4.01482911286286E-16,1.,2.77555756156289E-17));
#10843=DIRECTION('',(-1.,-4.01482911286286E-16,4.21975543629825E-17));
#10844=DIRECTION('center_axis',(-4.01482911286286E-16,1.,2.77555756156289E-17));
#10845=DIRECTION('ref_axis',(1.,4.01482911286286E-16,-4.21975543629825E-17));
#10846=DIRECTION('',(-4.01482911286286E-16,1.,2.77555756156289E-17));
#10847=DIRECTION('center_axis',(1.27371426578178E-15,1.,1.69309011255336E-15));
#10848=DIRECTION('ref_axis',(-1.,9.86295869495174E-16,4.03206154910968E-15));
#10849=DIRECTION('center_axis',(1.,4.01482911286286E-16,-4.21975543629825E-17));
#10850=DIRECTION('ref_axis',(-4.21975543629826E-17,3.46944695195361E-17,
-1.));
#10851=DIRECTION('',(-4.01482911286286E-16,1.,2.77555756156289E-17));
#10852=DIRECTION('',(4.21975543629826E-17,-2.77555756156289E-17,1.));
#10853=DIRECTION('center_axis',(-1.,-4.01482911286286E-16,4.21975543629825E-17));
#10854=DIRECTION('ref_axis',(4.23050952913949E-17,-0.000267863062759404,
0.999999964124689));
#10855=DIRECTION('center_axis',(-4.01482911286286E-16,1.,2.77555756156289E-17));
#10856=DIRECTION('ref_axis',(-0.707124302300704,-3.03523992941858E-16,0.707089259638232));
#10857=DIRECTION('',(-4.01482911286286E-16,1.,2.77555756156289E-17));
#10858=DIRECTION('center_axis',(-4.01482911286286E-16,1.,2.77555756156289E-17));
#10859=DIRECTION('ref_axis',(4.21975543629826E-17,-2.16840434497101E-17,
1.));
#10860=DIRECTION('center_axis',(-4.21975543629826E-17,2.77555756156289E-17,
-1.));
#10861=DIRECTION('ref_axis',(4.01482911286286E-16,-1.,-3.46944695195361E-17));
#10862=DIRECTION('',(-4.01482911286286E-16,1.,-1.69309011255336E-15));
#10863=DIRECTION('',(1.,4.01482911286286E-16,1.76129613256441E-15));
#10864=DIRECTION('center_axis',(1.74164065294078E-15,-1.,-1.36002320516582E-15));
#10865=DIRECTION('ref_axis',(0.707124077138195,2.19321414688994E-15,-0.707089484811828));
#10866=DIRECTION('',(-4.01482911286286E-16,1.,2.77555756156289E-17));
#10867=DIRECTION('center_axis',(4.01482911286286E-16,-1.,-2.77555756156289E-17));
#10868=DIRECTION('ref_axis',(1.,4.01482911286286E-16,1.34558122641843E-15));
#10869=DIRECTION('center_axis',(1.,4.01482911286286E-16,-4.21975543629825E-17));
#10870=DIRECTION('ref_axis',(-4.21975543629826E-17,3.46944695195361E-17,
-1.));
#10871=DIRECTION('',(-4.01482911286286E-16,1.,2.77555756156289E-17));
#10872=DIRECTION('',(4.21975543629826E-17,-2.77555756156289E-17,1.));
#10873=DIRECTION('center_axis',(-4.01482911286286E-16,1.,2.77555756156289E-17));
#10874=DIRECTION('ref_axis',(1.,4.01482911286286E-16,-4.21975543629825E-17));
#10875=DIRECTION('',(-4.01482911286286E-16,1.,2.77555756156289E-17));
#10876=DIRECTION('center_axis',(1.27371426578183E-15,1.,-1.63757896132211E-15));
#10877=DIRECTION('ref_axis',(-1.10600326918886E-14,1.36609473733173E-15,
1.));
#10878=DIRECTION('center_axis',(-4.21975543629826E-17,2.77555756156289E-17,
-1.));
#10879=DIRECTION('ref_axis',(4.01482911286286E-16,-1.,-3.46944695195361E-17));
#10880=DIRECTION('',(-4.01482911286286E-16,1.,2.77555756156289E-17));
#10881=DIRECTION('',(1.,4.01482911286286E-16,-4.21975543629825E-17));
#10882=DIRECTION('center_axis',(-4.01482911286286E-16,1.,2.77555756156289E-17));
#10883=DIRECTION('ref_axis',(1.,4.01482911286286E-16,-4.21975543629825E-17));
#10884=DIRECTION('',(-4.01482911286286E-16,1.,2.77555756156289E-17));
#10885=DIRECTION('center_axis',(-4.01482911286286E-16,1.,2.77555756156289E-17));
#10886=DIRECTION('ref_axis',(1.,4.01482911286286E-16,6.8966963495442E-15));
#10887=DIRECTION('center_axis',(-1.,-4.01482911286286E-16,4.21975543629825E-17));
#10888=DIRECTION('ref_axis',(4.21975543629826E-17,-3.46944695195361E-17,
1.));
#10889=DIRECTION('',(-4.01482911286286E-16,1.,2.77555756156289E-17));
#10890=DIRECTION('',(-4.21975543629826E-17,2.77555756156289E-17,-1.));
#10891=DIRECTION('center_axis',(-9.38674830368124E-16,-1.,-1.36002320516582E-15));
#10892=DIRECTION('ref_axis',(-1.,9.38674830368124E-16,4.21975543629825E-17));
#10893=DIRECTION('',(-4.01482911286286E-16,1.,2.77555756156289E-17));
#10894=DIRECTION('center_axis',(4.01482911286286E-16,-1.,-2.77555756156289E-17));
#10895=DIRECTION('ref_axis',(3.8815608307517E-14,2.16840434497098E-17,-1.));
#10896=DIRECTION('center_axis',(-4.21975543629826E-17,2.77555756156289E-17,
-1.));
#10897=DIRECTION('ref_axis',(4.01482911286286E-16,-1.,-3.46944695195361E-17));
#10898=DIRECTION('',(-4.01482911286286E-16,1.,2.77555756156289E-17));
#10899=DIRECTION('',(1.,4.01482911286286E-16,3.69361079712947E-15));
#10900=DIRECTION('center_axis',(-4.01482911286286E-16,1.,2.77555756156289E-17));
#10901=DIRECTION('ref_axis',(1.,4.01482911286286E-16,-4.21975543629825E-17));
#10902=DIRECTION('',(-4.01482911286286E-16,1.,2.77555756156289E-17));
#10903=DIRECTION('center_axis',(-4.01482911286286E-16,1.,2.77555756156289E-17));
#10904=DIRECTION('ref_axis',(1.,4.01482911286286E-16,-1.5481236490557E-14));
#10905=DIRECTION('center_axis',(-1.,-4.01482911286286E-16,4.21975543629825E-17));
#10906=DIRECTION('ref_axis',(4.21975543629826E-17,-3.46944695195361E-17,
1.));
#10907=DIRECTION('center_axis',(1.,4.01482911286286E-16,-4.21975543629825E-17));
#10908=DIRECTION('ref_axis',(4.23050952878415E-17,-0.000267863053908533,
0.999999964124692));
#10909=DIRECTION('',(-4.01482911286286E-16,1.,2.77555756156289E-17));
#10910=DIRECTION('',(-4.21975543629826E-17,2.77555756156289E-17,-1.));
#10911=DIRECTION('center_axis',(-4.01482911286286E-16,1.,2.77555756156289E-17));
#10912=DIRECTION('ref_axis',(1.,4.01482911286286E-16,-4.21975543629825E-17));
#10913=DIRECTION('',(-4.01482911286286E-16,1.,2.77555756156289E-17));
#10914=DIRECTION('center_axis',(1.27371426578184E-15,1.,-1.63757896132211E-15));
#10915=DIRECTION('ref_axis',(1.66111478150142E-14,-1.36609473733172E-15,
-1.));
#10916=DIRECTION('center_axis',(4.21975543629826E-17,-2.77555756156289E-17,
1.));
#10917=DIRECTION('ref_axis',(-4.01482911286286E-16,1.,3.46944695195361E-17));
#10918=DIRECTION('',(-4.01482911286286E-16,1.,2.77555756156289E-17));
#10919=DIRECTION('',(-1.,-4.01482911286286E-16,-5.49710448405686E-15));
#10920=DIRECTION('center_axis',(-9.38674830368144E-16,-1.,1.33226762955019E-15));
#10921=DIRECTION('ref_axis',(-1.,9.38674830368144E-16,4.21975543629825E-17));
#10922=DIRECTION('',(-4.01482911286286E-16,1.,2.77555756156289E-17));
#10923=DIRECTION('center_axis',(4.01482911286286E-16,-1.,-2.77555756156289E-17));
#10924=DIRECTION('ref_axis',(-1.,-4.01482911286287E-16,3.8900003416243E-14));
#10925=DIRECTION('center_axis',(-1.,-4.01482911286286E-16,4.21975543629825E-17));
#10926=DIRECTION('ref_axis',(4.21975543629826E-17,-3.46944695195361E-17,
1.));
#10927=DIRECTION('',(-4.01482911286286E-16,1.,2.77555756156289E-17));
#10928=DIRECTION('',(-4.21975543629826E-17,2.77555756156289E-17,-1.));
#10929=DIRECTION('center_axis',(9.38674830368184E-16,1.,-1.33226762955019E-15));
#10930=DIRECTION('ref_axis',(1.,-9.38674830368184E-16,-4.21975543629826E-17));
#10931=DIRECTION('',(-4.01482911286286E-16,1.,2.77555756156289E-17));
#10932=DIRECTION('center_axis',(-4.01482911286286E-16,1.,2.77555756156289E-17));
#10933=DIRECTION('ref_axis',(-4.21975543629826E-17,2.168404344971E-17,-1.));
#10934=DIRECTION('center_axis',(4.21975543629826E-17,-2.77555756156289E-17,
1.));
#10935=DIRECTION('ref_axis',(-4.01482911286286E-16,1.,3.46944695195361E-17));
#10936=DIRECTION('',(-4.01482911286286E-16,1.,2.77555756156289E-17));
#10937=DIRECTION('',(-1.,-4.01482911286286E-16,4.21975543629825E-17));
#10938=DIRECTION('center_axis',(-4.21975543629826E-17,2.77555756156289E-17,
-1.));
#10939=DIRECTION('ref_axis',(1.,2.70973279452027E-13,-4.21975543629779E-17));
#10940=DIRECTION('center_axis',(-4.01482911286286E-16,1.,2.77555756156289E-17));
#10941=DIRECTION('ref_axis',(-0.707122581324414,-2.64271915404573E-16,-0.707090980695622));
#10942=DIRECTION('',(-4.01482911286286E-16,1.,2.77555756156289E-17));
#10943=DIRECTION('center_axis',(-2.07668008835435E-15,1.,-1.63757896132211E-15));
#10944=DIRECTION('ref_axis',(-1.,-1.78926169206776E-15,2.15527686564759E-14));
#10945=DIRECTION('center_axis',(1.,4.01482911286286E-16,-4.21975543629825E-17));
#10946=DIRECTION('ref_axis',(-4.21975543629826E-17,3.46944695195361E-17,
-1.));
#10947=DIRECTION('',(4.21975543629826E-17,-2.77555756156289E-17,1.));
#10948=DIRECTION('center_axis',(-4.01482911286286E-16,1.,2.77555756156289E-17));
#10949=DIRECTION('ref_axis',(1.,4.01482911286286E-16,-4.21975543629825E-17));
#10950=DIRECTION('center_axis',(-6.23527516211317E-16,1.,2.77555756156289E-17));
#10951=DIRECTION('ref_axis',(1.,6.23527516211317E-16,-4.21975543629825E-17));
#10952=DIRECTION('center_axis',(-4.01482911286286E-16,1.,2.77555756156289E-17));
#10953=DIRECTION('ref_axis',(1.,4.01482911286286E-16,-4.21975543629825E-17));
#10954=DIRECTION('',(-6.23527516211317E-16,1.,2.77555756156289E-17));
#10955=DIRECTION('center_axis',(-4.01482911286286E-16,1.,-2.4980018054066E-16));
#10956=DIRECTION('ref_axis',(-1.,-4.01482911286286E-16,2.26264360361329E-15));
#10957=DIRECTION('center_axis',(-4.01482911286286E-16,1.,2.77555756156289E-17));
#10958=DIRECTION('ref_axis',(1.,4.01482911286286E-16,-4.21975543629825E-17));
#10959=DIRECTION('center_axis',(-4.01482911286286E-16,1.,2.77555756156289E-17));
#10960=DIRECTION('ref_axis',(-1.,-4.01482911286286E-16,4.21975543629825E-17));
#10961=DIRECTION('center_axis',(4.01482911286286E-16,-1.,-2.77555756156289E-17));
#10962=DIRECTION('ref_axis',(-1.,-4.01482911286286E-16,4.21975543629825E-17));
#10963=DIRECTION('center_axis',(-4.01482911286286E-16,1.,2.77555756156289E-17));
#10964=DIRECTION('ref_axis',(1.,4.01482911286286E-16,1.06802547026217E-15));
#10965=DIRECTION('center_axis',(4.01482911286286E-16,-1.,-2.77555756156289E-17));
#10966=DIRECTION('ref_axis',(-1.,-4.01482911286286E-16,4.21975543629825E-17));
#10967=DIRECTION('',(-4.01482911286286E-16,1.,2.77555756156289E-17));
#10968=DIRECTION('center_axis',(-6.23527516211317E-16,1.,2.77555756156289E-17));
#10969=DIRECTION('ref_axis',(1.,6.23527516211317E-16,-4.21975543629825E-17));
#10970=DIRECTION('center_axis',(-4.01482911286286E-16,1.,2.77555756156289E-17));
#10971=DIRECTION('ref_axis',(1.,4.01482911286286E-16,-4.21975543629825E-17));
#10972=DIRECTION('',(-6.23527516211317E-16,1.,2.77555756156289E-17));
#10973=DIRECTION('center_axis',(-8.87205484559792E-16,1.,5.27355936696949E-16));
#10974=DIRECTION('ref_axis',(-1.,-9.56594423598864E-16,4.21975543629825E-17));
#10975=DIRECTION('center_axis',(-4.01482911286286E-16,1.,2.77555756156289E-17));
#10976=DIRECTION('ref_axis',(1.,4.01482911286286E-16,-4.21975543629825E-17));
#10977=DIRECTION('center_axis',(-4.01482911286286E-16,1.,2.77555756156289E-17));
#10978=DIRECTION('ref_axis',(-1.,-4.01482911286286E-16,4.21975543629825E-17));
#10979=DIRECTION('center_axis',(4.01482911286286E-16,-1.,-2.77555756156289E-17));
#10980=DIRECTION('ref_axis',(-1.,-4.01482911286286E-16,4.21975543629825E-17));
#10981=DIRECTION('center_axis',(-4.01482911286286E-16,1.,2.77555756156289E-17));
#10982=DIRECTION('ref_axis',(1.,4.01482911286286E-16,1.06802547026217E-15));
#10983=DIRECTION('center_axis',(4.01482911286286E-16,-1.,-2.77555756156289E-17));
#10984=DIRECTION('ref_axis',(-1.,-4.01482911286286E-16,4.21975543629825E-17));
#10985=DIRECTION('',(-4.01482911286286E-16,1.,2.77555756156289E-17));
#10986=DIRECTION('center_axis',(-6.23527516211317E-16,1.,2.77555756156289E-17));
#10987=DIRECTION('ref_axis',(1.,6.23527516211317E-16,-4.21975543629825E-17));
#10988=DIRECTION('center_axis',(-4.01482911286286E-16,1.,2.77555756156289E-17));
#10989=DIRECTION('ref_axis',(1.,4.01482911286286E-16,-2.26264360361329E-15));
#10990=DIRECTION('',(-6.23527516211317E-16,1.,2.77555756156289E-17));
#10991=DIRECTION('center_axis',(-4.01482911286286E-16,1.,2.77555756156289E-17));
#10992=DIRECTION('ref_axis',(-1.,-4.01482911286286E-16,4.21975543629825E-17));
#10993=DIRECTION('center_axis',(-4.01482911286286E-16,1.,2.77555756156289E-17));
#10994=DIRECTION('ref_axis',(1.,4.01482911286286E-16,-4.21975543629825E-17));
#10995=DIRECTION('center_axis',(-4.01482911286286E-16,1.,2.77555756156289E-17));
#10996=DIRECTION('ref_axis',(-1.,-4.01482911286286E-16,-2.17824849488733E-15));
#10997=DIRECTION('center_axis',(4.01482911286286E-16,-1.,-2.77555756156289E-17));
#10998=DIRECTION('ref_axis',(-1.,-4.01482911286286E-16,4.21975543629825E-17));
#10999=DIRECTION('center_axis',(-4.01482911286286E-16,1.,2.77555756156289E-17));
#11000=DIRECTION('ref_axis',(1.,4.01482911286286E-16,-4.21975543629825E-17));
#11001=DIRECTION('center_axis',(4.01482911286286E-16,-1.,-2.77555756156289E-17));
#11002=DIRECTION('ref_axis',(-1.,-4.01482911286286E-16,4.21975543629825E-17));
#11003=DIRECTION('',(-4.01482911286286E-16,1.,2.77555756156289E-17));
#11004=DIRECTION('center_axis',(-6.23527516211317E-16,1.,2.77555756156289E-17));
#11005=DIRECTION('ref_axis',(1.,6.23527516211317E-16,-4.21975543629825E-17));
#11006=DIRECTION('center_axis',(-4.01482911286286E-16,1.,2.77555756156289E-17));
#11007=DIRECTION('ref_axis',(1.,4.01482911286286E-16,-4.21975543629825E-17));
#11008=DIRECTION('',(-6.23527516211317E-16,1.,2.77555756156289E-17));
#11009=DIRECTION('center_axis',(-8.87205484559792E-16,1.,5.27355936696949E-16));
#11010=DIRECTION('ref_axis',(-1.,-9.56594423598864E-16,4.21975543629825E-17));
#11011=DIRECTION('center_axis',(-4.01482911286286E-16,1.,2.77555756156289E-17));
#11012=DIRECTION('ref_axis',(1.,4.01482911286286E-16,-4.21975543629825E-17));
#11013=DIRECTION('center_axis',(-4.01482911286286E-16,1.,2.77555756156289E-17));
#11014=DIRECTION('ref_axis',(-1.,-4.01482911286286E-16,-2.17824849488733E-15));
#11015=DIRECTION('center_axis',(4.01482911286286E-16,-1.,-2.77555756156289E-17));
#11016=DIRECTION('ref_axis',(-1.,-4.01482911286286E-16,4.21975543629825E-17));
#11017=DIRECTION('center_axis',(-4.01482911286286E-16,1.,2.77555756156289E-17));
#11018=DIRECTION('ref_axis',(1.,4.01482911286286E-16,-4.21975543629825E-17));
#11019=DIRECTION('center_axis',(4.01482911286286E-16,-1.,-2.77555756156289E-17));
#11020=DIRECTION('ref_axis',(-1.,-4.01482911286286E-16,4.21975543629825E-17));
#11021=DIRECTION('',(-4.01482911286286E-16,1.,2.77555756156289E-17));
#11022=DIRECTION('center_axis',(2.54548434126436E-16,-1.,0.));
#11023=DIRECTION('ref_axis',(1.,0.,0.));
#11024=DIRECTION('center_axis',(0.,-1.11022302462516E-16,-1.));
#11025=DIRECTION('ref_axis',(-1.,0.,0.));
#11026=DIRECTION('center_axis',(4.62715251243654E-16,-1.,0.));
#11027=DIRECTION('ref_axis',(1.,0.,0.));
#11028=DIRECTION('center_axis',(0.,2.77555756156289E-17,-1.));
#11029=DIRECTION('ref_axis',(-1.,0.,0.));
#11030=DIRECTION('center_axis',(8.45572121136349E-16,-1.,4.44089209850063E-16));
#11031=DIRECTION('ref_axis',(-1.,-8.45572121136349E-16,4.21975543629825E-17));
#11032=DIRECTION('center_axis',(-4.01482911286286E-16,1.,2.77555756156289E-17));
#11033=DIRECTION('ref_axis',(1.,4.01482911286286E-16,4.16987148472692E-16));
#11034=DIRECTION('',(8.45572121136349E-16,-1.,4.44089209850063E-16));
#11035=DIRECTION('center_axis',(-4.01482911286286E-16,1.,-5.55111512312578E-16));
#11036=DIRECTION('ref_axis',(1.,4.01482911286286E-16,4.16987148472692E-16));
#11037=DIRECTION('center_axis',(-4.01482911286286E-16,1.,2.77555756156289E-17));
#11038=DIRECTION('ref_axis',(1.,4.01482911286286E-16,-4.21975543629825E-17));
#11039=DIRECTION('center_axis',(-4.01482911286286E-16,1.,2.77555756156289E-17));
#11040=DIRECTION('ref_axis',(-1.,-4.01482911286286E-16,-1.31274793234698E-16));
#11041=DIRECTION('center_axis',(4.01482911286286E-16,-1.,-2.77555756156289E-17));
#11042=DIRECTION('ref_axis',(-1.,-4.01482911286286E-16,4.21975543629825E-17));
#11043=DIRECTION('center_axis',(-4.01482911286286E-16,1.,2.77555756156289E-17));
#11044=DIRECTION('ref_axis',(1.,4.01482911286286E-16,1.31274793234698E-16));
#11045=DIRECTION('center_axis',(4.01482911286286E-16,-1.,-2.77555756156289E-17));
#11046=DIRECTION('ref_axis',(-1.,-4.01482911286286E-16,4.21975543629825E-17));
#11047=DIRECTION('',(-4.01482911286286E-16,1.,2.77555756156289E-17));
#11048=DIRECTION('center_axis',(7.34549818673833E-16,-1.,8.32667268468867E-17));
#11049=DIRECTION('ref_axis',(-1.,-7.34549818673833E-16,4.21975543629825E-17));
#11050=DIRECTION('center_axis',(-9.56594423598864E-16,1.,6.10622663543836E-16));
#11051=DIRECTION('ref_axis',(-1.,-9.56594423598864E-16,-3.65979480789746E-16));
#11052=DIRECTION('',(7.34549818673833E-16,-1.,8.32667268468868E-17));
#11053=DIRECTION('center_axis',(-4.01482911286286E-16,1.,2.77555756156289E-17));
#11054=DIRECTION('ref_axis',(-1.,-4.01482911286286E-16,-3.65979480789746E-16));
#11055=DIRECTION('center_axis',(-4.01482911286286E-16,1.,2.77555756156289E-17));
#11056=DIRECTION('ref_axis',(1.,4.01482911286286E-16,-4.21975543629825E-17));
#11057=DIRECTION('center_axis',(-4.01482911286286E-16,1.,2.77555756156289E-17));
#11058=DIRECTION('ref_axis',(-1.,-4.01482911286286E-16,-1.31274793234698E-16));
#11059=DIRECTION('center_axis',(4.01482911286286E-16,-1.,-2.77555756156289E-17));
#11060=DIRECTION('ref_axis',(-1.,-4.01482911286286E-16,4.21975543629825E-17));
#11061=DIRECTION('center_axis',(-4.01482911286286E-16,1.,2.77555756156289E-17));
#11062=DIRECTION('ref_axis',(1.,4.01482911286286E-16,1.31274793234698E-16));
#11063=DIRECTION('center_axis',(4.01482911286286E-16,-1.,-2.77555756156289E-17));
#11064=DIRECTION('ref_axis',(-1.,-4.01482911286286E-16,4.21975543629825E-17));
#11065=DIRECTION('',(-4.01482911286286E-16,1.,2.77555756156289E-17));
#11066=DIRECTION('center_axis',(4.01482911286286E-16,-1.,-2.77555756156289E-17));
#11067=DIRECTION('ref_axis',(-1.,-4.01482911286286E-16,4.21975543629825E-17));
#11068=DIRECTION('center_axis',(4.01482911286286E-16,-1.,-2.77555756156289E-17));
#11069=DIRECTION('ref_axis',(-1.,-4.01482911286286E-16,2.16717958057611E-16));
#11070=DIRECTION('',(-4.01482911286286E-16,1.,2.77555756156289E-17));
#11071=DIRECTION('center_axis',(4.01482911286286E-16,-1.,-3.33066907387547E-16));
#11072=DIRECTION('ref_axis',(1.,4.01482911286286E-16,-2.16717958057611E-16));
#11073=DIRECTION('center_axis',(4.01482911286286E-16,-1.,-2.77555756156289E-17));
#11074=DIRECTION('ref_axis',(-1.,-4.01482911286286E-16,4.21975543629825E-17));
#11075=DIRECTION('center_axis',(-4.01482911286286E-16,1.,-3.60822483003176E-16));
#11076=DIRECTION('ref_axis',(1.,4.01482911286286E-16,7.4817488682642E-16));
#11077=DIRECTION('center_axis',(-4.01482911286286E-16,1.,2.77555756156289E-17));
#11078=DIRECTION('ref_axis',(1.,4.01482911286286E-16,-4.21975543629825E-17));
#11079=DIRECTION('center_axis',(-3.08179839459508E-15,1.,-2.63677968348475E-15));
#11080=DIRECTION('ref_axis',(1.,3.17704047284921E-15,-1.22546508252399E-14));
#11081=DIRECTION('',(4.01482911286286E-16,-1.,-2.77555756156289E-17));
#11082=DIRECTION('center_axis',(-4.01482911286286E-16,1.,2.77555756156289E-17));
#11083=DIRECTION('ref_axis',(1.,4.01482911286287E-16,-1.22546508252399E-14));
#11084=DIRECTION('',(4.01482911286286E-16,-1.,-2.77555756156289E-17));
#11085=DIRECTION('center_axis',(-1.,-4.01482911286286E-16,4.21975543629825E-17));
#11086=DIRECTION('ref_axis',(4.21975543629826E-17,-3.46944695195361E-17,
1.));
#11087=DIRECTION('',(-4.21975543629826E-17,2.77555756156289E-17,-1.));
#11088=DIRECTION('',(4.01482911286286E-16,-1.,-2.77555756156289E-17));
#11089=DIRECTION('',(-4.21975543629826E-17,2.77555756156289E-17,-1.));
#11090=DIRECTION('center_axis',(4.01482911286286E-16,-1.,-2.77555756156289E-17));
#11091=DIRECTION('ref_axis',(-1.,-4.01482911286286E-16,4.21975543629825E-17));
#11092=DIRECTION('center_axis',(-3.73174742849247E-16,-1.,-8.04911692853238E-16));
#11093=DIRECTION('ref_axis',(-9.02666133745665E-15,6.81856626395502E-16,
-1.));
#11094=DIRECTION('',(4.01482911286286E-16,-1.,-2.77555756156289E-17));
#11095=DIRECTION('center_axis',(1.5292637041762E-15,-1.,-1.04638520070921E-14));
#11096=DIRECTION('ref_axis',(-1.03101561636129E-14,1.02880132159086E-14,
-1.));
#11097=DIRECTION('center_axis',(-4.21975543629826E-17,2.77555756156289E-17,
-1.));
#11098=DIRECTION('ref_axis',(4.01482911286286E-16,-1.,-3.46944695195361E-17));
#11099=DIRECTION('',(1.,1.10487763579195E-15,-4.21975543629825E-17));
#11100=DIRECTION('',(4.01482911286286E-16,-1.,-2.77555756156289E-17));
#11101=DIRECTION('',(1.,4.01482911286286E-16,-4.21975543629825E-17));
#11102=DIRECTION('center_axis',(4.01482911286286E-16,-1.,-2.77555756156289E-17));
#11103=DIRECTION('ref_axis',(-1.,-4.01482911286286E-16,4.21975543629825E-17));
#11104=DIRECTION('center_axis',(-3.73174742849275E-16,-1.,7.21644966006352E-16));
#11105=DIRECTION('ref_axis',(1.,-2.40264501791839E-16,-4.21975543629826E-17));
#11106=DIRECTION('',(4.01482911286286E-16,-1.,-2.02615701994091E-15));
#11107=DIRECTION('center_axis',(-2.69714770525595E-15,-1.,3.08086889333481E-15));
#11108=DIRECTION('ref_axis',(1.,-2.16550674102624E-15,-2.60918720667551E-15));
#11109=DIRECTION('center_axis',(1.,4.01482911286286E-16,-4.21975543629825E-17));
#11110=DIRECTION('ref_axis',(-4.21975543629826E-17,3.46944695195361E-17,
-1.));
#11111=DIRECTION('',(4.21975543629826E-17,-2.77555756156289E-17,1.));
#11112=DIRECTION('',(4.01482911286286E-16,-1.,-2.77555756156289E-17));
#11113=DIRECTION('',(4.21975543629826E-17,-2.77555756156289E-17,1.));
#11114=DIRECTION('center_axis',(-3.43391371763364E-15,1.,1.27675647831893E-15));
#11115=DIRECTION('ref_axis',(1.,3.43391371763364E-15,-4.21975543629825E-17));
#11116=DIRECTION('center_axis',(-4.01482911286286E-16,1.,2.77555756156289E-17));
#11117=DIRECTION('ref_axis',(-4.39869454413763E-15,0.,1.));
#11118=DIRECTION('',(4.01482911286286E-16,-1.,-2.77555756156289E-17));
#11119=DIRECTION('center_axis',(4.95914805533154E-15,1.,-5.32907051820075E-15));
#11120=DIRECTION('ref_axis',(-4.39869454413763E-15,4.44089209850061E-15,
1.));
#11121=DIRECTION('center_axis',(-4.21975543629826E-17,2.77555756156289E-17,
-1.));
#11122=DIRECTION('ref_axis',(4.01482911286286E-16,-1.,-3.46944695195361E-17));
#11123=DIRECTION('',(1.,4.01482911286286E-16,-4.21975543629825E-17));
#11124=DIRECTION('',(4.01482911286286E-16,-1.,-2.77555756156289E-17));
#11125=DIRECTION('',(1.,4.01482911286286E-16,-4.21975543629825E-17));
#11126=DIRECTION('center_axis',(4.01482911286286E-16,-1.,-2.77555756156289E-17));
#11127=DIRECTION('ref_axis',(1.,4.01482911286286E-16,-1.64662234277718E-16));
#11128=DIRECTION('center_axis',(4.01482911286286E-16,-1.,-2.77555756156289E-17));
#11129=DIRECTION('ref_axis',(5.46844383738054E-16,-3.15404268359419E-17,
1.));
#11130=DIRECTION('',(4.01482911286286E-16,-1.,-2.77555756156289E-17));
#11131=DIRECTION('center_axis',(4.01482911286286E-16,-1.,-2.77555756156289E-17));
#11132=DIRECTION('ref_axis',(4.21975543629826E-17,0.,1.));
#11133=DIRECTION('center_axis',(4.21975543629826E-17,-2.77555756156289E-17,
1.));
#11134=DIRECTION('ref_axis',(-4.01482911286286E-16,1.,3.46944695195361E-17));
#11135=DIRECTION('',(-1.,-4.01482911286286E-16,4.21975543629825E-17));
#11136=DIRECTION('',(4.01482911286286E-16,-1.,-2.08166817117217E-15));
#11137=DIRECTION('',(-1.,-4.01482911286286E-16,-7.65035898330196E-15));
#11138=DIRECTION('center_axis',(-3.43391371763355E-15,1.,-1.2490009027033E-15));
#11139=DIRECTION('ref_axis',(1.,3.43391371763355E-15,-4.21975543629824E-17));
#11140=DIRECTION('center_axis',(-4.01482911286286E-16,1.,2.77555756156289E-17));
#11141=DIRECTION('ref_axis',(-1.,-4.01482911286286E-16,1.3364873849865E-14));
#11142=DIRECTION('',(4.01482911286286E-16,-1.,-2.02615701994091E-15));
#11143=DIRECTION('center_axis',(-4.01482911286286E-16,1.,2.77555756156289E-17));
#11144=DIRECTION('ref_axis',(-1.,-4.01482911286286E-16,-2.17824849488732E-15));
#11145=DIRECTION('center_axis',(1.,4.01482911286286E-16,-4.21975543629825E-17));
#11146=DIRECTION('ref_axis',(-4.21975543629826E-17,3.46944695195361E-17,
-1.));
#11147=DIRECTION('',(4.21975543629826E-17,-2.77555756156289E-17,1.));
#11148=DIRECTION('',(4.01482911286286E-16,-1.,-2.77555756156289E-17));
#11149=DIRECTION('',(4.21975543629826E-17,-2.77555756156289E-17,1.));
#11150=DIRECTION('center_axis',(4.01482911286286E-16,-1.,-2.77555756156289E-17));
#11151=DIRECTION('ref_axis',(-1.,-4.01482911286286E-16,4.21975543629825E-17));
#11152=DIRECTION('center_axis',(4.01482911286286E-16,-1.,-2.77555756156289E-17));
#11153=DIRECTION('ref_axis',(-1.27927507071996E-14,-4.01092133173829E-17,
1.));
#11154=DIRECTION('',(4.01482911286286E-16,-1.,-2.77555756156289E-17));
#11155=DIRECTION('center_axis',(4.01482911286286E-16,-1.,-2.77555756156289E-17));
#11156=DIRECTION('ref_axis',(-6.37527657641824E-15,-2.00546066586913E-17,
1.));
#11157=DIRECTION('center_axis',(4.21975543629826E-17,-2.77555756156289E-17,
1.));
#11158=DIRECTION('ref_axis',(-4.01482911286286E-16,1.,3.46944695195361E-17));
#11159=DIRECTION('',(-1.,-1.10487763579195E-15,4.21975543629825E-17));
#11160=DIRECTION('',(4.01482911286286E-16,-1.,-2.77555756156289E-17));
#11161=DIRECTION('',(-1.,-4.01482911286286E-16,4.21975543629825E-17));
#11162=DIRECTION('center_axis',(2.88038740451997E-15,-1.,-2.52575738102223E-15));
#11163=DIRECTION('ref_axis',(-1.,-2.88038740451997E-15,4.21975543629826E-17));
#11164=DIRECTION('center_axis',(4.01482911286286E-16,-1.,-2.77555756156289E-17));
#11165=DIRECTION('ref_axis',(-1.,-4.01482911286286E-16,1.92946199467068E-14));
#11166=DIRECTION('',(4.01482911286286E-16,-1.,-2.24820162486594E-15));
#11167=DIRECTION('center_axis',(-1.56936691236622E-15,-1.,1.35169653248113E-14));
#11168=DIRECTION('ref_axis',(-1.,2.16550674102618E-15,2.1861609599019E-14));
#11169=DIRECTION('center_axis',(-1.,-4.01482911286286E-16,4.21975543629825E-17));
#11170=DIRECTION('ref_axis',(4.21975543629826E-17,-3.46944695195361E-17,
1.));
#11171=DIRECTION('',(-4.21975543629826E-17,2.77555756156289E-17,-1.));
#11172=DIRECTION('',(4.01482911286286E-16,-1.,-2.77555756156289E-17));
#11173=DIRECTION('',(-4.21975543629826E-17,2.77555756156289E-17,-1.));
#11174=DIRECTION('center_axis',(-4.01482911286286E-16,1.,2.77555756156289E-17));
#11175=DIRECTION('ref_axis',(1.,4.01482911286286E-16,-4.21975543629825E-17));
#11176=DIRECTION('center_axis',(-3.08179839459525E-15,1.,2.72004641033163E-15));
#11177=DIRECTION('ref_axis',(4.39869454413771E-15,2.77555756156293E-15,
-1.));
#11178=DIRECTION('',(4.01482911286286E-16,-1.,-2.77555756156289E-17));
#11179=DIRECTION('center_axis',(-2.1844006777758E-14,1.,2.14828155264968E-14));
#11180=DIRECTION('ref_axis',(4.3986945441377E-15,2.21697660229839E-14,-1.));
#11181=DIRECTION('center_axis',(4.21975543629826E-17,-2.77555756156289E-17,
1.));
#11182=DIRECTION('ref_axis',(-4.01482911286286E-16,1.,3.46944695195361E-17));
#11183=DIRECTION('',(-1.,-4.01482911286286E-16,4.21975543629825E-17));
#11184=DIRECTION('',(4.01482911286286E-16,-1.,-2.77555756156289E-17));
#11185=DIRECTION('',(-1.,-4.01482911286286E-16,4.21975543629825E-17));
#11186=DIRECTION('center_axis',(8.05200374786343E-16,-1.,-2.77555756156289E-17));
#11187=DIRECTION('ref_axis',(-1.,-8.05200374786343E-16,4.21975543629825E-17));
#11188=DIRECTION('center_axis',(1.4915949659875E-16,-1.,-2.77555756156289E-17));
#11189=DIRECTION('ref_axis',(-5.46844383738054E-16,3.15404268359419E-17,
-1.));
#11190=DIRECTION('',(4.01482911286286E-16,-1.,-2.77555756156289E-17));
#11191=DIRECTION('center_axis',(-6.07810747463856E-16,-1.,-2.77555756156289E-17));
#11192=DIRECTION('ref_axis',(-5.46844383738054E-16,3.15404268359419E-17,
-1.));
#11193=DIRECTION('center_axis',(-4.21975543629826E-17,2.77555756156289E-17,
-1.));
#11194=DIRECTION('ref_axis',(4.01482911286286E-16,-1.,-3.46944695195361E-17));
#11195=DIRECTION('',(1.,4.01482911286286E-16,-4.21975543629825E-17));
#11196=DIRECTION('',(1.,4.01482911286286E-16,-4.21975543629825E-17));
#11197=DIRECTION('center_axis',(-4.01482911286286E-16,1.,2.77555756156289E-17));
#11198=DIRECTION('ref_axis',(1.,4.01482911286286E-16,-4.21975543629825E-17));
#11199=DIRECTION('center_axis',(-4.01482911286286E-16,1.,2.77555756156289E-17));
#11200=DIRECTION('ref_axis',(-3.11284422438671E-14,3.46944695195359E-17,
-1.));
#11201=DIRECTION('',(-4.21975543629826E-17,2.77555756156289E-17,-1.));
#11202=DIRECTION('center_axis',(-4.01482911286286E-16,1.,2.77555756156289E-17));
#11203=DIRECTION('ref_axis',(1.,4.01482911286286E-16,2.17824849488733E-15));
#11204=DIRECTION('',(1.,1.15659783612325E-15,-4.21975543629825E-17));
#11205=DIRECTION('center_axis',(-4.01482911286286E-16,1.,2.77555756156289E-17));
#11206=DIRECTION('ref_axis',(6.70353570211396E-15,0.,1.));
#11207=DIRECTION('',(4.21975543629826E-17,-2.77555756156289E-17,1.));
#11208=DIRECTION('center_axis',(2.10410409551851E-14,1.,2.14828155264968E-14));
#11209=DIRECTION('ref_axis',(-1.,2.12478660689043E-14,2.2626436036133E-15));
#11210=DIRECTION('',(-1.,-1.15659783612325E-15,4.21975543629825E-17));
#11211=DIRECTION('center_axis',(-4.01482911286286E-16,1.,2.77555756156289E-17));
#11212=DIRECTION('ref_axis',(1.,4.01482911286286E-16,-5.83630164486941E-16));
#11213=DIRECTION('center_axis',(-4.01482911286286E-16,1.,2.77555756156289E-17));
#11214=DIRECTION('ref_axis',(-1.,-4.01482911286286E-16,3.3870080465747E-16));
#11215=DIRECTION('center_axis',(4.01482911286286E-16,-1.,-2.77555756156289E-17));
#11216=DIRECTION('ref_axis',(-1.,-4.01482911286286E-16,4.21975543629825E-17));
#11217=DIRECTION('center_axis',(-4.01482911286286E-16,1.,-1.27675647831893E-15));
#11218=DIRECTION('ref_axis',(-1.,-4.01482911286286E-16,7.03680232028588E-16));
#11219=DIRECTION('center_axis',(-4.01482911286286E-16,1.,1.30451205393456E-15));
#11220=DIRECTION('ref_axis',(1.,4.01482911286286E-16,-3.3870080465747E-16));
#11221=DIRECTION('center_axis',(-4.01482911286286E-16,1.,2.77555756156289E-17));
#11222=DIRECTION('ref_axis',(1.,4.01482911286286E-16,-4.21975543629825E-17));
#11223=DIRECTION('center_axis',(5.76211387790414E-15,-1.,5.32907051820075E-15));
#11224=DIRECTION('ref_axis',(2.17824849488734E-15,-4.40619762898111E-15,
-1.));
#11225=DIRECTION('',(-4.21975543629826E-17,2.77555756156289E-17,-1.));
#11226=DIRECTION('center_axis',(5.76211387790411E-15,-1.,-5.35682609381638E-15));
#11227=DIRECTION('ref_axis',(-1.,-4.84237500978694E-15,-6.619140593388E-15));
#11228=DIRECTION('',(-1.,-4.01482911286286E-16,4.21975543629825E-17));
#11229=DIRECTION('center_axis',(4.01482911286286E-16,-1.,-2.77555756156289E-17));
#11230=DIRECTION('ref_axis',(-6.61914059338799E-15,0.,1.));
#11231=DIRECTION('',(4.21975543629826E-17,-2.77555756156289E-17,1.));
#11232=DIRECTION('center_axis',(5.76211387790389E-15,-1.,-5.35682609381638E-15));
#11233=DIRECTION('ref_axis',(1.,4.84237500978686E-15,-1.33648738498647E-14));
#11234=DIRECTION('',(1.,4.01482911286286E-16,-4.21975543629825E-17));
#11235=DIRECTION('center_axis',(-1.32666876514058E-15,1.,1.13797860024079E-15));
#11236=DIRECTION('ref_axis',(-1.,-1.32666876514058E-15,1.35162856714664E-16));
#11237=DIRECTION('center_axis',(4.21975543629826E-17,-2.77555756156289E-17,
1.));
#11238=DIRECTION('ref_axis',(-4.01482911286286E-16,1.,3.46944695195361E-17));
#11239=DIRECTION('',(4.01482911286286E-16,-1.,-2.77555756156289E-17));
#11240=DIRECTION('',(4.01482911286286E-16,-1.,-2.77555756156289E-17));
#11241=DIRECTION('center_axis',(-3.8870218620078E-15,-1.,4.27435864480685E-15));
#11242=DIRECTION('ref_axis',(-1.,3.88702186200781E-15,4.21975543629828E-17));
#11243=DIRECTION('',(4.01482911286286E-16,-1.,-2.77555756156289E-17));
#11244=DIRECTION('center_axis',(-1.,-4.01482911286286E-16,4.21975543629825E-17));
#11245=DIRECTION('ref_axis',(4.21975543629826E-17,-3.46944695195361E-17,
1.));
#11246=DIRECTION('',(4.01482911286286E-16,-1.,-2.77555756156289E-17));
#11247=DIRECTION('center_axis',(4.01482911286286E-16,-1.,-2.77555756156289E-17));
#11248=DIRECTION('ref_axis',(-1.,-4.01482911286286E-16,4.21975543629825E-17));
#11249=DIRECTION('',(4.01482911286286E-16,-1.,-2.77555756156289E-17));
#11250=DIRECTION('center_axis',(-4.21975543629826E-17,2.77555756156289E-17,
-1.));
#11251=DIRECTION('ref_axis',(4.01482911286286E-16,-1.,-3.46944695195361E-17));
#11252=DIRECTION('',(4.01482911286286E-16,-1.,-2.77555756156289E-17));
#11253=DIRECTION('center_axis',(4.01482911286286E-16,-1.,-2.77555756156289E-17));
#11254=DIRECTION('ref_axis',(-1.,-4.01482911286286E-16,4.21975543629825E-17));
#11255=DIRECTION('',(4.01482911286286E-16,-1.,-2.77555756156289E-17));
#11256=DIRECTION('center_axis',(1.,4.01482911286286E-16,-4.21975543629825E-17));
#11257=DIRECTION('ref_axis',(-4.21975543629826E-17,3.46944695195361E-17,
-1.));
#11258=DIRECTION('',(4.01482911286286E-16,-1.,-2.77555756156289E-17));
#11259=DIRECTION('center_axis',(-3.88702186200803E-15,-1.,-4.32986979603811E-15));
#11260=DIRECTION('ref_axis',(-1.,3.88702186200804E-15,4.21975543629827E-17));
#11261=DIRECTION('center_axis',(6.97542384519661E-16,-1.,2.77555756156289E-16));
#11262=DIRECTION('ref_axis',(-1.,-6.97542384519661E-16,4.21975543629825E-17));
#11263=DIRECTION('',(6.97542384519661E-16,-1.,2.77555756156289E-16));
#11264=DIRECTION('center_axis',(4.01482911286286E-16,-1.,-2.77555756156289E-17));
#11265=DIRECTION('ref_axis',(-1.,-4.01482911286286E-16,4.21975543629825E-17));
#11266=DIRECTION('',(4.01482911286286E-16,-1.,-2.77555756156289E-17));
#11267=DIRECTION('center_axis',(4.01482911286286E-16,-1.,-2.77555756156289E-17));
#11268=DIRECTION('ref_axis',(-1.,-4.01482911286286E-16,4.21975543629825E-17));
#11269=DIRECTION('',(4.01482911286286E-16,-1.,-2.77555756156289E-17));
#11270=CARTESIAN_POINT('',(0.,0.,0.));
#11271=CARTESIAN_POINT('Origin',(10.45,200.302727231013,57.1884393601223));
#11272=CARTESIAN_POINT('',(10.35,197.20255663408,57.1884393601224));
#11273=CARTESIAN_POINT('',(10.35,197.158646567022,57.1884393601224));
#11274=CARTESIAN_POINT('',(10.35,197.20255663408,57.1884393601224));
#11275=CARTESIAN_POINT('',(8.34999999999999,197.20255663408,57.1884393601224));
#11276=CARTESIAN_POINT('',(10.35,197.20255663408,57.1884393601224));
#11277=CARTESIAN_POINT('',(8.34999999999999,197.158646567022,57.1884393601224));
#11278=CARTESIAN_POINT('',(8.34999999999999,197.158646567022,57.1884393601224));
#11279=CARTESIAN_POINT('',(10.35,197.158646567022,57.1884393601224));
#11280=CARTESIAN_POINT('Origin',(8.24999999999999,200.302727231013,57.1884393601223));
#11281=CARTESIAN_POINT('',(8.24999999999999,197.158646567022,57.0884393601224));
#11282=CARTESIAN_POINT('',(8.24999999999999,197.158646567022,54.7699037939525));
#11283=CARTESIAN_POINT('',(8.24999999999999,197.158646567022,57.0884393601224));
#11284=CARTESIAN_POINT('',(8.24999999999999,197.20255663408,57.0884393601224));
#11285=CARTESIAN_POINT('',(8.24999999999999,197.158646567022,57.0884393601224));
#11286=CARTESIAN_POINT('',(8.24999999999999,197.20255663408,54.7699037939525));
#11287=CARTESIAN_POINT('',(8.24999999999999,197.20255663408,57.0884393601224));
#11288=CARTESIAN_POINT('',(8.24999999999999,197.158646567022,54.7699037939525));
#11289=CARTESIAN_POINT('Origin',(8.24999999999999,200.302727231013,54.6699037939525));
#11290=CARTESIAN_POINT('',(8.34999999999999,197.158646567022,54.6699037939525));
#11291=CARTESIAN_POINT('',(10.35,197.158646567022,54.6699037939525));
#11292=CARTESIAN_POINT('',(8.34999999999999,197.158646567022,54.6699037939525));
#11293=CARTESIAN_POINT('',(8.34999999999999,197.20255663408,54.6699037939525));
#11294=CARTESIAN_POINT('',(8.34999999999999,197.158646567022,54.6699037939525));
#11295=CARTESIAN_POINT('',(10.35,197.20255663408,54.6699037939525));
#11296=CARTESIAN_POINT('',(8.34999999999999,197.20255663408,54.6699037939525));
#11297=CARTESIAN_POINT('',(10.35,197.158646567022,54.6699037939525));
#11298=CARTESIAN_POINT('Origin',(10.45,200.302727231013,54.6699037939525));
#11299=CARTESIAN_POINT('',(10.45,197.158646567022,54.7699037939525));
#11300=CARTESIAN_POINT('',(10.45,197.20255663408,54.7699037939525));
#11301=CARTESIAN_POINT('',(10.45,197.158646567022,54.7699037939525));
#11302=CARTESIAN_POINT('',(10.45,197.20255663408,57.0884393601224));
#11303=CARTESIAN_POINT('',(10.45,197.20255663408,54.7699037939525));
#11304=CARTESIAN_POINT('',(10.45,197.158646567022,57.0884393601224));
#11305=CARTESIAN_POINT('',(10.45,197.20255663408,57.0884393601224));
#11306=CARTESIAN_POINT('',(10.45,197.158646567022,54.7699037939525));
#11307=CARTESIAN_POINT('Origin',(10.45,197.058646567022,57.1884393601223));
#11308=CARTESIAN_POINT('',(8.34999999999999,197.058646567022,54.7699037939524));
#11309=CARTESIAN_POINT('',(10.35,197.058646567022,54.7699037939524));
#11310=CARTESIAN_POINT('',(8.34999999999999,197.058646567022,54.7699037939524));
#11311=CARTESIAN_POINT('',(10.35,197.058646567022,57.0884393601224));
#11312=CARTESIAN_POINT('',(10.35,197.058646567022,54.7699037939524));
#11313=CARTESIAN_POINT('',(8.34999999999999,197.058646567022,57.0884393601224));
#11314=CARTESIAN_POINT('',(10.35,197.058646567022,57.0884393601224));
#11315=CARTESIAN_POINT('',(8.34999999999999,197.058646567022,57.0884393601224));
#11316=CARTESIAN_POINT('Origin',(10.65,197.30255663408,53.4184393601224));
#11317=CARTESIAN_POINT('',(8.35,197.30255663408,54.7699037939524));
#11318=CARTESIAN_POINT('',(10.35,197.30255663408,54.7699037939524));
#11319=CARTESIAN_POINT('',(8.35,197.30255663408,54.7699037939524));
#11320=CARTESIAN_POINT('',(8.34999999999999,197.30255663408,57.0884393601223));
#11321=CARTESIAN_POINT('',(8.34999999999999,197.30255663408,57.0884393601223));
#11322=CARTESIAN_POINT('',(10.35,197.30255663408,57.0884393601223));
#11323=CARTESIAN_POINT('',(10.35,197.30255663408,57.0884393601223));
#11324=CARTESIAN_POINT('',(10.35,197.30255663408,54.7699037939524));
#11325=CARTESIAN_POINT('Origin',(9.34999999999999,197.158646567022,57.0884393601224));
#11326=CARTESIAN_POINT('Origin',(8.34999999999998,197.158646567022,57.0884393601224));
#11327=CARTESIAN_POINT('Origin',(10.35,197.158646567022,57.0884393601224));
#11328=CARTESIAN_POINT('Origin',(8.34999999999999,197.158646567022,55.9291715770376));
#11329=CARTESIAN_POINT('Origin',(8.35000000000163,197.158646567024,54.7699037939526));
#11330=CARTESIAN_POINT('Origin',(8.34999999999999,197.158646567022,57.0884393601224));
#11331=CARTESIAN_POINT('Origin',(9.34999999999995,197.158646567022,54.7699037939525));
#11332=CARTESIAN_POINT('Origin',(10.35,197.158646567022,54.7699037939525));
#11333=CARTESIAN_POINT('Origin',(8.34999999999995,197.158646567022,54.769903793952));
#11334=CARTESIAN_POINT('Origin',(10.35,197.158646567022,55.9291715770374));
#11335=CARTESIAN_POINT('Origin',(10.35,197.158646567022,57.0884393601223));
#11336=CARTESIAN_POINT('Origin',(10.35,197.158646567022,54.7699037939525));
#11337=CARTESIAN_POINT('Origin',(9.35,197.20255663408,57.0884393601224));
#11338=CARTESIAN_POINT('Origin',(8.35,197.20255663408,57.0884393601224));
#11339=CARTESIAN_POINT('Origin',(10.35,197.20255663408,57.0884393601224));
#11340=CARTESIAN_POINT('Origin',(8.34999999999999,197.20255663408,55.9291715770375));
#11341=CARTESIAN_POINT('Origin',(8.35000000000001,197.20255663408,54.7699037939525));
#11342=CARTESIAN_POINT('Origin',(8.35,197.20255663408,57.0884393601224));
#11343=CARTESIAN_POINT('Origin',(9.34999999999999,197.20255663408,54.7699037939525));
#11344=CARTESIAN_POINT('Origin',(10.35,197.20255663408,54.7699037939525));
#11345=CARTESIAN_POINT('Origin',(8.35,197.20255663408,54.7699037939525));
#11346=CARTESIAN_POINT('Origin',(10.35,197.20255663408,55.9291715770373));
#11347=CARTESIAN_POINT('Origin',(10.35,197.20255663408,57.0884393601224));
#11348=CARTESIAN_POINT('Origin',(10.35,197.20255663408,54.7699037939524));
#11349=CARTESIAN_POINT('Origin',(8.34999999999999,197.180601600551,57.0884393601223));
#11350=CARTESIAN_POINT('Origin',(8.34999999999999,197.20255663408,57.0884393601224));
#11351=CARTESIAN_POINT('Origin',(8.34999999999999,197.158646567022,57.0884393601224));
#11352=CARTESIAN_POINT('Origin',(10.35,197.180601600551,57.0884393601223));
#11353=CARTESIAN_POINT('Origin',(10.35,197.158646567022,57.0884393601224));
#11354=CARTESIAN_POINT('Origin',(10.35,197.20255663408,57.0884393601224));
#11355=CARTESIAN_POINT('Origin',(8.34999999999999,197.180601600551,54.7699037939524));
#11356=CARTESIAN_POINT('Origin',(8.34999999999998,197.202556634081,54.7699037939525));
#11357=CARTESIAN_POINT('Origin',(8.3500000000001,197.158646567022,54.7699037939525));
#11358=CARTESIAN_POINT('Origin',(10.35,197.180601600551,54.7699037939524));
#11359=CARTESIAN_POINT('Origin',(10.35,197.20255663408,54.7699037939525));
#11360=CARTESIAN_POINT('Origin',(10.35,197.158646567022,54.7699037939525));
#11361=CARTESIAN_POINT('Origin',(8.35,197.158646567022,57.0884393601224));
#11362=CARTESIAN_POINT('Origin',(10.35,197.158646567022,57.0884393601223));
#11363=CARTESIAN_POINT('Origin',(8.35,197.158646567022,54.7699037939525));
#11364=CARTESIAN_POINT('Origin',(10.35,197.158646567022,54.7699037939524));
#11365=CARTESIAN_POINT('Origin',(10.35,197.20255663408,57.0884393601223));
#11366=CARTESIAN_POINT('Origin',(8.35000000000001,197.20255663408,57.0884393601224));
#11367=CARTESIAN_POINT('Origin',(8.35000000000001,197.20255663408,54.7699037939524));
#11368=CARTESIAN_POINT('Origin',(10.35,197.20255663408,54.7699037939524));
#11369=CARTESIAN_POINT('Origin',(-10.45,200.302727231013,57.1884393601223));
#11370=CARTESIAN_POINT('',(-10.45,197.20255663408,57.0884393601224));
#11371=CARTESIAN_POINT('',(-10.45,197.158646567022,57.0884393601224));
#11372=CARTESIAN_POINT('',(-10.45,197.20255663408,57.0884393601224));
#11373=CARTESIAN_POINT('',(-10.45,197.20255663408,54.7699037939525));
#11374=CARTESIAN_POINT('',(-10.45,197.20255663408,57.0884393601224));
#11375=CARTESIAN_POINT('',(-10.45,197.158646567022,54.7699037939525));
#11376=CARTESIAN_POINT('',(-10.45,197.158646567022,54.7699037939525));
#11377=CARTESIAN_POINT('',(-10.45,197.158646567022,57.0884393601224));
#11378=CARTESIAN_POINT('Origin',(-10.45,200.302727231013,54.6699037939525));
#11379=CARTESIAN_POINT('',(-10.35,197.158646567022,54.6699037939525));
#11380=CARTESIAN_POINT('',(-8.35000000000002,197.158646567022,54.6699037939525));
#11381=CARTESIAN_POINT('',(-10.35,197.158646567022,54.6699037939525));
#11382=CARTESIAN_POINT('',(-10.35,197.20255663408,54.6699037939525));
#11383=CARTESIAN_POINT('',(-10.35,197.158646567022,54.6699037939525));
#11384=CARTESIAN_POINT('',(-8.35000000000001,197.20255663408,54.6699037939525));
#11385=CARTESIAN_POINT('',(-10.35,197.20255663408,54.6699037939525));
#11386=CARTESIAN_POINT('',(-8.35000000000002,197.158646567022,54.6699037939525));
#11387=CARTESIAN_POINT('Origin',(-8.25000000000001,200.302727231013,54.6699037939525));
#11388=CARTESIAN_POINT('',(-8.25000000000001,197.158646567022,54.7699037939525));
#11389=CARTESIAN_POINT('',(-8.25000000000001,197.158646567022,57.0884393601224));
#11390=CARTESIAN_POINT('',(-8.25000000000001,197.158646567022,54.7699037939525));
#11391=CARTESIAN_POINT('',(-8.25000000000001,197.20255663408,54.7699037939525));
#11392=CARTESIAN_POINT('',(-8.25000000000001,197.158646567022,54.7699037939525));
#11393=CARTESIAN_POINT('',(-8.25000000000001,197.20255663408,57.0884393601224));
#11394=CARTESIAN_POINT('',(-8.25000000000001,197.20255663408,54.7699037939525));
#11395=CARTESIAN_POINT('',(-8.25000000000001,197.158646567022,57.0884393601224));
#11396=CARTESIAN_POINT('Origin',(-8.25000000000001,200.302727231013,57.1884393601223));
#11397=CARTESIAN_POINT('',(-8.35000000000001,197.158646567022,57.1884393601223));
#11398=CARTESIAN_POINT('',(-8.35000000000002,197.20255663408,57.1884393601224));
#11399=CARTESIAN_POINT('',(-8.35000000000001,197.158646567022,57.1884393601223));
#11400=CARTESIAN_POINT('',(-10.35,197.20255663408,57.1884393601224));
#11401=CARTESIAN_POINT('',(-8.35000000000002,197.20255663408,57.1884393601224));
#11402=CARTESIAN_POINT('',(-10.35,197.158646567022,57.1884393601223));
#11403=CARTESIAN_POINT('',(-10.35,197.20255663408,57.1884393601224));
#11404=CARTESIAN_POINT('',(-8.35000000000001,197.158646567022,57.1884393601223));
#11405=CARTESIAN_POINT('Origin',(-8.25000000000001,197.058646567022,57.1884393601223));
#11406=CARTESIAN_POINT('',(-8.35000000000001,197.058646567022,54.7699037939524));
#11407=CARTESIAN_POINT('',(-8.35,197.058646567022,57.0884393601223));
#11408=CARTESIAN_POINT('',(-8.35000000000001,197.058646567022,54.7699037939524));
#11409=CARTESIAN_POINT('',(-10.35,197.058646567022,57.0884393601223));
#11410=CARTESIAN_POINT('',(-8.35,197.058646567022,57.0884393601223));
#11411=CARTESIAN_POINT('',(-10.35,197.058646567022,54.7699037939524));
#11412=CARTESIAN_POINT('',(-10.35,197.058646567022,57.0884393601223));
#11413=CARTESIAN_POINT('',(-10.35,197.058646567022,54.7699037939524));
#11414=CARTESIAN_POINT('Origin',(10.65,197.30255663408,53.4184393601224));
#11415=CARTESIAN_POINT('',(-8.35,197.30255663408,54.7699037939524));
#11416=CARTESIAN_POINT('',(-8.35000000000002,197.30255663408,57.0884393601223));
#11417=CARTESIAN_POINT('',(-8.35,197.30255663408,54.7699037939524));
#11418=CARTESIAN_POINT('',(-10.35,197.30255663408,54.7699037939524));
#11419=CARTESIAN_POINT('',(-10.35,197.30255663408,54.7699037939524));
#11420=CARTESIAN_POINT('',(-10.35,197.30255663408,57.0884393601223));
#11421=CARTESIAN_POINT('',(-10.35,197.30255663408,57.0884393601223));
#11422=CARTESIAN_POINT('',(-8.35000000000002,197.30255663408,57.0884393601223));
#11423=CARTESIAN_POINT('Origin',(-10.35,197.158646567022,55.9291715770376));
#11424=CARTESIAN_POINT('Origin',(-10.35,197.158646567022,54.7699037939526));
#11425=CARTESIAN_POINT('Origin',(-10.35,197.158646567022,57.0884393601225));
#11426=CARTESIAN_POINT('Origin',(-9.35000000000001,197.158646567022,54.7699037939525));
#11427=CARTESIAN_POINT('Origin',(-8.35,197.158646567022,54.7699037939525));
#11428=CARTESIAN_POINT('Origin',(-10.35,197.158646567022,54.7699037939525));
#11429=CARTESIAN_POINT('Origin',(-8.35,197.158646567022,55.9291715770375));
#11430=CARTESIAN_POINT('Origin',(-8.35000000000002,197.158646567022,57.0884393601224));
#11431=CARTESIAN_POINT('Origin',(-8.35000000000001,197.158646567022,54.7699037939525));
#11432=CARTESIAN_POINT('Origin',(-9.35,197.158646567022,57.0884393601224));
#11433=CARTESIAN_POINT('Origin',(-10.35,197.158646567022,57.0884393601224));
#11434=CARTESIAN_POINT('Origin',(-8.34999999999999,197.158646567022,57.0884393601224));
#11435=CARTESIAN_POINT('Origin',(-10.35,197.20255663408,55.9291715770375));
#11436=CARTESIAN_POINT('Origin',(-10.35,197.20255663408,54.7699037939525));
#11437=CARTESIAN_POINT('Origin',(-10.35,197.20255663408,57.0884393601224));
#11438=CARTESIAN_POINT('Origin',(-9.35000000000004,197.20255663408,54.7699037939525));
#11439=CARTESIAN_POINT('Origin',(-8.35,197.20255663408,54.7699037939525));
#11440=CARTESIAN_POINT('Origin',(-10.35,197.20255663408,54.7699037939525));
#11441=CARTESIAN_POINT('Origin',(-8.35000000000001,197.20255663408,55.9291715770373));
#11442=CARTESIAN_POINT('Origin',(-8.35000000000002,197.20255663408,57.0884393601223));
#11443=CARTESIAN_POINT('Origin',(-8.35000000000001,197.20255663408,54.7699037939525));
#11444=CARTESIAN_POINT('Origin',(-9.35000000000002,197.20255663408,57.0884393601224));
#11445=CARTESIAN_POINT('Origin',(-10.35,197.20255663408,57.0884393601224));
#11446=CARTESIAN_POINT('Origin',(-8.35000000000002,197.20255663408,57.0884393601224));
#11447=CARTESIAN_POINT('Origin',(-10.35,197.180601600551,54.7699037939524));
#11448=CARTESIAN_POINT('Origin',(-10.35,197.20255663408,54.7699037939525));
#11449=CARTESIAN_POINT('Origin',(-10.35,197.158646567022,54.7699037939525));
#11450=CARTESIAN_POINT('Origin',(-10.35,197.180601600551,57.0884393601223));
#11451=CARTESIAN_POINT('Origin',(-10.35,197.158646567022,57.0884393601223));
#11452=CARTESIAN_POINT('Origin',(-10.35,197.202556634081,57.0884393601223));
#11453=CARTESIAN_POINT('Origin',(-8.35000000000003,197.180601600551,54.7699037939524));
#11454=CARTESIAN_POINT('Origin',(-8.35000000000001,197.20255663408,54.7699037939525));
#11455=CARTESIAN_POINT('Origin',(-8.35000000000002,197.158646567022,54.7699037939525));
#11456=CARTESIAN_POINT('Origin',(-8.35000000000002,197.180601600551,57.0884393601223));
#11457=CARTESIAN_POINT('Origin',(-8.35000000000001,197.20255663408,57.0884393601224));
#11458=CARTESIAN_POINT('Origin',(-8.35000000000001,197.158646567022,57.0884393601224));
#11459=CARTESIAN_POINT('Origin',(-10.35,197.158646567022,54.7699037939525));
#11460=CARTESIAN_POINT('Origin',(-10.35,197.158646567022,57.0884393601224));
#11461=CARTESIAN_POINT('Origin',(-8.35000000000001,197.158646567022,54.7699037939524));
#11462=CARTESIAN_POINT('Origin',(-8.35000000000001,197.158646567022,57.0884393601224));
#11463=CARTESIAN_POINT('Origin',(-10.35,197.20255663408,57.0884393601224));
#11464=CARTESIAN_POINT('Origin',(-10.35,197.20255663408,54.7699037939524));
#11465=CARTESIAN_POINT('Origin',(-8.34999999999999,197.20255663408,54.7699037939524));
#11466=CARTESIAN_POINT('Origin',(-8.35000000000001,197.20255663408,57.0884393601224));
#11467=CARTESIAN_POINT('Origin',(11.,194.84255663408,57.3884393601223));
#11468=CARTESIAN_POINT('',(11.,194.84255663408,53.4184393601223));
#11469=CARTESIAN_POINT('',(11.,194.84255663408,52.2184393601223));
#11470=CARTESIAN_POINT('',(11.,194.84255663408,53.4184393601223));
#11471=CARTESIAN_POINT('',(11.,197.30255663408,52.2184393601223));
#11472=CARTESIAN_POINT('',(11.,194.84255663408,52.2184393601223));
#11473=CARTESIAN_POINT('',(11.,197.30255663408,53.4184393601224));
#11474=CARTESIAN_POINT('',(11.,197.30255663408,53.4184393601224));
#11475=CARTESIAN_POINT('',(11.,197.30255663408,53.4184393601224));
#11476=CARTESIAN_POINT('Origin',(11.,194.84255663408,52.2184393601223));
#11477=CARTESIAN_POINT('',(-11.,194.84255663408,52.2184393601223));
#11478=CARTESIAN_POINT('',(11.,194.84255663408,52.2184393601223));
#11479=CARTESIAN_POINT('',(-11.,197.30255663408,52.2184393601223));
#11480=CARTESIAN_POINT('',(-11.,194.84255663408,52.2184393601223));
#11481=CARTESIAN_POINT('',(11.,197.30255663408,52.2184393601223));
#11482=CARTESIAN_POINT('Origin',(-11.,194.84255663408,52.2184393601223));
#11483=CARTESIAN_POINT('',(-11.,194.84255663408,53.4184393601223));
#11484=CARTESIAN_POINT('',(-11.,197.30255663408,53.4184393601224));
#11485=CARTESIAN_POINT('',(-11.,194.84255663408,53.4184393601223));
#11486=CARTESIAN_POINT('',(-11.,197.30255663408,52.2184393601223));
#11487=CARTESIAN_POINT('',(-11.,194.84255663408,52.2184393601223));
#11488=CARTESIAN_POINT('Origin',(-11.,194.84255663408,57.3884393601223));
#11489=CARTESIAN_POINT('',(10.8105897591051,194.84255663408,53.4184393601223));
#11490=CARTESIAN_POINT('',(10.8105897591051,194.84255663408,53.4184393601223));
#11491=CARTESIAN_POINT('',(-10.8105897591051,194.84255663408,53.4184393601223));
#11492=CARTESIAN_POINT('',(-10.8105897591051,194.84255663408,53.4184393601223));
#11493=CARTESIAN_POINT('',(-11.,194.84255663408,53.4184393601223));
#11494=CARTESIAN_POINT('Origin',(-11.,197.30255663408,57.3884393601223));
#11495=CARTESIAN_POINT('',(-10.8105897591051,197.30255663408,53.4184393601224));
#11496=CARTESIAN_POINT('',(-11.,197.30255663408,53.4184393601224));
#11497=CARTESIAN_POINT('',(10.8105897591051,197.30255663408,53.4184393601224));
#11498=CARTESIAN_POINT('',(-10.8105897591051,197.30255663408,53.4184393601224));
#11499=CARTESIAN_POINT('',(10.8105897591051,197.30255663408,53.4184393601224));
#11500=CARTESIAN_POINT('Origin',(32.125,196.944609041058,53.4184393601224));
#11501=CARTESIAN_POINT('',(9.51259615719253,196.944609041058,57.3884393601223));
#11502=CARTESIAN_POINT('',(9.51259615719254,196.944609041058,54.3174473294172));
#11503=CARTESIAN_POINT('',(9.51259615719253,196.944609041058,57.3884393601223));
#11504=CARTESIAN_POINT('',(10.65,196.944609041058,57.3884393601223));
#11505=CARTESIAN_POINT('',(10.65,196.944609041058,57.3884393601223));
#11506=CARTESIAN_POINT('',(10.8105897591051,196.944609041058,53.4184393601224));
#11507=CARTESIAN_POINT('',(10.8105897591051,196.944609041058,53.4184393601224));
#11508=CARTESIAN_POINT('',(-10.8105897591051,196.944609041058,53.4184393601224));
#11509=CARTESIAN_POINT('',(10.8105897591051,196.944609041058,53.4184393601224));
#11510=CARTESIAN_POINT('',(-10.65,196.944609041058,57.3884393601223));
#11511=CARTESIAN_POINT('',(-10.65,196.944609041058,57.3884393601223));
#11512=CARTESIAN_POINT('',(-9.51259615719255,196.944609041058,57.3884393601223));
#11513=CARTESIAN_POINT('',(-9.51259615719255,196.944609041058,57.3884393601223));
#11514=CARTESIAN_POINT('',(-9.51259615719256,196.944609041058,54.3174473294172));
#11515=CARTESIAN_POINT('',(-9.51259615719256,196.944609041058,54.3174473294172));
#11516=CARTESIAN_POINT('',(-7.98354472793052,196.944609041058,54.3174473294172));
#11517=CARTESIAN_POINT('',(-7.98354472793052,196.944609041058,54.3174473294172));
#11518=CARTESIAN_POINT('',(-7.98354472793052,196.944609041058,56.5639082589328));
#11519=CARTESIAN_POINT('',(-7.98354472793052,196.944609041058,56.5639082589328));
#11520=CARTESIAN_POINT('',(7.98354472793049,196.944609041058,56.5639082589328));
#11521=CARTESIAN_POINT('',(7.98354472793049,196.944609041058,56.5639082589328));
#11522=CARTESIAN_POINT('',(7.98354472793049,196.944609041058,54.3174473294172));
#11523=CARTESIAN_POINT('',(7.98354472793049,196.944609041058,54.3174473294172));
#11524=CARTESIAN_POINT('',(9.51259615719254,196.944609041058,54.3174473294172));
#11525=CARTESIAN_POINT('Origin',(32.125,195.200504227102,60.4184393601223));
#11526=CARTESIAN_POINT('',(7.98354472793049,195.200504227102,54.3174473294172));
#11527=CARTESIAN_POINT('',(9.51259615719255,195.200504227102,54.3174473294172));
#11528=CARTESIAN_POINT('',(7.98354472793049,195.200504227102,54.3174473294172));
#11529=CARTESIAN_POINT('',(7.98354472793049,195.200504227102,56.5639082589328));
#11530=CARTESIAN_POINT('',(7.98354472793049,195.200504227102,56.5639082589328));
#11531=CARTESIAN_POINT('',(-7.98354472793052,195.200504227102,56.5639082589328));
#11532=CARTESIAN_POINT('',(-7.98354472793052,195.200504227102,56.5639082589328));
#11533=CARTESIAN_POINT('',(-7.98354472793052,195.200504227102,54.3174473294172));
#11534=CARTESIAN_POINT('',(-7.98354472793052,195.200504227102,54.3174473294172));
#11535=CARTESIAN_POINT('',(-9.51259615719256,195.200504227102,54.3174473294172));
#11536=CARTESIAN_POINT('',(-9.51259615719256,195.200504227102,54.3174473294172));
#11537=CARTESIAN_POINT('',(-9.51259615719256,195.200504227102,57.3884393601223));
#11538=CARTESIAN_POINT('',(-9.51259615719256,195.200504227102,57.3884393601223));
#11539=CARTESIAN_POINT('',(-10.65,195.200504227102,57.3884393601223));
#11540=CARTESIAN_POINT('',(-10.65,195.200504227102,57.3884393601223));
#11541=CARTESIAN_POINT('',(-10.8105897591051,195.200504227102,53.4184393601224));
#11542=CARTESIAN_POINT('',(-10.8105897591051,195.200504227102,53.4184393601224));
#11543=CARTESIAN_POINT('',(10.8105897591051,195.200504227102,53.4184393601224));
#11544=CARTESIAN_POINT('',(10.8105897591051,195.200504227102,53.4184393601224));
#11545=CARTESIAN_POINT('',(10.65,195.200504227102,57.3884393601223));
#11546=CARTESIAN_POINT('',(10.65,195.200504227102,57.3884393601223));
#11547=CARTESIAN_POINT('',(9.51259615719255,195.200504227102,57.3884393601223));
#11548=CARTESIAN_POINT('',(9.51259615719255,195.200504227102,57.3884393601223));
#11549=CARTESIAN_POINT('',(9.51259615719255,195.200504227102,54.3174473294172));
#11550=CARTESIAN_POINT('Origin',(-11.,194.84255663408,57.3884393601223));
#11551=CARTESIAN_POINT('',(9.51259615719253,196.944609041058,57.3884393601223));
#11552=CARTESIAN_POINT('',(10.65,196.944609041058,57.3884393601223));
#11553=CARTESIAN_POINT('Origin',(10.8105897591051,197.713483577733,53.4184393601223));
#11554=CARTESIAN_POINT('',(10.8105897591051,197.30255663408,53.4184393601224));
#11555=CARTESIAN_POINT('',(10.8105897591051,196.944609041058,53.4184393601224));
#11556=CARTESIAN_POINT('',(10.8105897591051,195.200504227102,53.4184393601224));
#11557=CARTESIAN_POINT('Origin',(10.65,197.713483577733,57.3884393601224));
#11558=CARTESIAN_POINT('Origin',(32.125,198.688713855014,53.4184393601223));
#11559=CARTESIAN_POINT('',(-10.8105897591051,197.30255663408,53.4184393601224));
#11560=CARTESIAN_POINT('Origin',(32.125,195.200504227102,53.4184393601224));
#11561=CARTESIAN_POINT('',(-10.8105897591051,195.200504227102,53.4184393601224));
#11562=CARTESIAN_POINT('Origin',(-10.8105897591051,197.713483577733,53.4184393601224));
#11563=CARTESIAN_POINT('',(-10.65,196.944609041058,57.3884393601223));
#11564=CARTESIAN_POINT('',(-10.8105897591051,196.944609041058,53.4184393601224));
#11565=CARTESIAN_POINT('Origin',(-11.7078176395936,197.713483577733,53.4184393601224));
#11566=CARTESIAN_POINT('Origin',(-9.51259615719256,193.837637903883,54.3174473294173));
#11567=CARTESIAN_POINT('',(-9.51259615719256,195.200504227102,54.3174473294172));
#11568=CARTESIAN_POINT('',(-9.51259615719256,195.200504227102,57.3884393601223));
#11569=CARTESIAN_POINT('Origin',(-11.,194.84255663408,57.3884393601223));
#11570=CARTESIAN_POINT('Origin',(9.51259615719255,193.837637903883,58.0028178739165));
#11571=CARTESIAN_POINT('',(9.51259615719255,195.200504227102,54.3174473294172));
#11572=CARTESIAN_POINT('Origin',(9.51259615719255,193.837637903883,54.3174473294173));
#11573=CARTESIAN_POINT('',(7.98354472793049,195.200504227102,54.3174473294172));
#11574=CARTESIAN_POINT('Origin',(7.98354472793051,193.837637903883,54.3174473294173));
#11575=CARTESIAN_POINT('',(7.98354472793049,195.200504227102,56.5639082589328));
#11576=CARTESIAN_POINT('Origin',(7.98354472793051,193.837637903883,56.5639082589327));
#11577=CARTESIAN_POINT('',(-7.98354472793052,195.200504227102,56.5639082589328));
#11578=CARTESIAN_POINT('Origin',(-7.98354472793052,193.837637903883,56.5639082589328));
#11579=CARTESIAN_POINT('',(-7.98354472793052,195.200504227102,54.3174473294172));
#11580=CARTESIAN_POINT('Origin',(-7.98354472793052,193.837637903883,54.3174473294173));
#11581=CARTESIAN_POINT('Origin',(32.125,196.944609041058,53.4184393601224));
#11582=CARTESIAN_POINT('',(10.65,196.944609041058,53.4184393601224));
#11583=CARTESIAN_POINT('',(10.65,196.944609041058,57.3884393601223));
#11584=CARTESIAN_POINT('',(10.65,196.944609041058,53.4184393601224));
#11585=CARTESIAN_POINT('',(9.51259615719253,196.944609041058,57.3884393601223));
#11586=CARTESIAN_POINT('',(10.65,196.944609041058,57.3884393601223));
#11587=CARTESIAN_POINT('',(9.51259615719254,196.944609041058,54.3174473294172));
#11588=CARTESIAN_POINT('',(9.51259615719253,196.944609041058,57.3884393601223));
#11589=CARTESIAN_POINT('',(7.98354472793049,196.944609041058,54.3174473294172));
#11590=CARTESIAN_POINT('',(9.51259615719254,196.944609041058,54.3174473294172));
#11591=CARTESIAN_POINT('',(7.98354472793049,196.944609041058,56.5639082589328));
#11592=CARTESIAN_POINT('',(7.98354472793049,196.944609041058,54.3174473294172));
#11593=CARTESIAN_POINT('',(-7.98354472793052,196.944609041058,56.5639082589328));
#11594=CARTESIAN_POINT('',(7.98354472793049,196.944609041058,56.5639082589328));
#11595=CARTESIAN_POINT('',(-7.98354472793052,196.944609041058,54.3174473294172));
#11596=CARTESIAN_POINT('',(-7.98354472793052,196.944609041058,56.5639082589328));
#11597=CARTESIAN_POINT('',(-9.51259615719256,196.944609041058,54.3174473294172));
#11598=CARTESIAN_POINT('',(-7.98354472793052,196.944609041058,54.3174473294172));
#11599=CARTESIAN_POINT('',(-9.51259615719255,196.944609041058,57.3884393601223));
#11600=CARTESIAN_POINT('',(-9.51259615719256,196.944609041058,54.3174473294172));
#11601=CARTESIAN_POINT('',(-10.65,196.944609041058,57.3884393601223));
#11602=CARTESIAN_POINT('',(-9.51259615719255,196.944609041058,57.3884393601223));
#11603=CARTESIAN_POINT('',(-10.65,196.944609041058,53.4184393601224));
#11604=CARTESIAN_POINT('',(-10.65,196.944609041058,57.3884393601223));
#11605=CARTESIAN_POINT('',(10.65,196.944609041058,53.4184393601224));
#11606=CARTESIAN_POINT('Origin',(32.125,195.200504227102,60.4184393601223));
#11607=CARTESIAN_POINT('',(-10.65,195.200504227102,53.4184393601224));
#11608=CARTESIAN_POINT('',(-10.65,195.200504227102,57.3884393601223));
#11609=CARTESIAN_POINT('',(-10.65,195.200504227102,53.4184393601224));
#11610=CARTESIAN_POINT('',(-9.51259615719256,195.200504227102,57.3884393601223));
#11611=CARTESIAN_POINT('',(-10.65,195.200504227102,57.3884393601223));
#11612=CARTESIAN_POINT('',(-9.51259615719256,195.200504227102,54.3174473294172));
#11613=CARTESIAN_POINT('',(-9.51259615719256,195.200504227102,57.3884393601223));
#11614=CARTESIAN_POINT('',(-7.98354472793052,195.200504227102,54.3174473294172));
#11615=CARTESIAN_POINT('',(-9.51259615719256,195.200504227102,54.3174473294172));
#11616=CARTESIAN_POINT('',(-7.98354472793052,195.200504227102,56.5639082589328));
#11617=CARTESIAN_POINT('',(-7.98354472793052,195.200504227102,54.3174473294172));
#11618=CARTESIAN_POINT('',(7.98354472793049,195.200504227102,56.5639082589328));
#11619=CARTESIAN_POINT('',(-7.98354472793052,195.200504227102,56.5639082589328));
#11620=CARTESIAN_POINT('',(7.98354472793049,195.200504227102,54.3174473294172));
#11621=CARTESIAN_POINT('',(7.98354472793049,195.200504227102,56.5639082589328));
#11622=CARTESIAN_POINT('',(9.51259615719255,195.200504227102,54.3174473294172));
#11623=CARTESIAN_POINT('',(7.98354472793049,195.200504227102,54.3174473294172));
#11624=CARTESIAN_POINT('',(9.51259615719255,195.200504227102,57.3884393601223));
#11625=CARTESIAN_POINT('',(9.51259615719255,195.200504227102,54.3174473294172));
#11626=CARTESIAN_POINT('',(10.65,195.200504227102,57.3884393601223));
#11627=CARTESIAN_POINT('',(9.51259615719255,195.200504227102,57.3884393601223));
#11628=CARTESIAN_POINT('',(10.65,195.200504227102,53.4184393601224));
#11629=CARTESIAN_POINT('',(10.65,195.200504227102,57.3884393601223));
#11630=CARTESIAN_POINT('',(10.65,195.200504227102,53.4184393601224));
#11631=CARTESIAN_POINT('Origin',(-9.51259615719256,193.837637903883,54.3174473294173));
#11632=CARTESIAN_POINT('',(-9.51259615719256,195.200504227102,57.3884393601223));
#11633=CARTESIAN_POINT('',(-9.51259615719256,195.200504227102,54.3174473294172));
#11634=CARTESIAN_POINT('Origin',(9.51259615719255,193.837637903883,58.0028178739165));
#11635=CARTESIAN_POINT('',(9.51259615719255,195.200504227102,54.3174473294172));
#11636=CARTESIAN_POINT('',(9.51259615719253,196.944609041058,57.3884393601223));
#11637=CARTESIAN_POINT('Origin',(9.51259615719255,193.837637903883,54.3174473294173));
#11638=CARTESIAN_POINT('',(7.98354472793049,195.200504227102,54.3174473294172));
#11639=CARTESIAN_POINT('Origin',(7.98354472793051,193.837637903883,54.3174473294173));
#11640=CARTESIAN_POINT('',(7.98354472793049,195.200504227102,56.5639082589328));
#11641=CARTESIAN_POINT('Origin',(7.98354472793051,193.837637903883,56.5639082589327));
#11642=CARTESIAN_POINT('',(-7.98354472793052,195.200504227102,56.5639082589328));
#11643=CARTESIAN_POINT('Origin',(-7.98354472793052,193.837637903883,56.5639082589328));
#11644=CARTESIAN_POINT('',(-7.98354472793052,195.200504227102,54.3174473294172));
#11645=CARTESIAN_POINT('Origin',(-7.98354472793052,193.837637903883,54.3174473294173));
#11646=CARTESIAN_POINT('Origin',(-10.65,194.84255663408,53.4184393601223));
#11647=CARTESIAN_POINT('',(-10.65,197.196290126234,57.0884393601223));
#11648=CARTESIAN_POINT('',(-10.65,197.30255663408,57.0884393601223));
#11649=CARTESIAN_POINT('',(-10.65,197.196290126234,57.0884393601223));
#11650=CARTESIAN_POINT('',(-10.65,197.30255663408,53.4184393601224));
#11651=CARTESIAN_POINT('',(-10.65,197.30255663408,53.4184393601224));
#11652=CARTESIAN_POINT('',(-10.65,196.944609041058,53.4184393601224));
#11653=CARTESIAN_POINT('',(-10.65,197.196290126234,57.3884393601223));
#11654=CARTESIAN_POINT('',(-10.65,196.944609041058,57.3884393601223));
#11655=CARTESIAN_POINT('',(-10.65,197.196290126234,57.3884393601223));
#11656=CARTESIAN_POINT('Origin',(-10.65,194.84255663408,53.4184393601223));
#11657=CARTESIAN_POINT('',(-10.65,194.84255663408,53.4184393601223));
#11658=CARTESIAN_POINT('',(-10.65,194.84255663408,53.4184393601223));
#11659=CARTESIAN_POINT('',(-10.65,194.84255663408,57.3884393601223));
#11660=CARTESIAN_POINT('',(-10.65,194.84255663408,53.4184393601223));
#11661=CARTESIAN_POINT('',(-10.65,194.84255663408,57.3884393601223));
#11662=CARTESIAN_POINT('Origin',(-10.65,194.84255663408,57.3884393601223));
#11663=CARTESIAN_POINT('',(-7.12500000000001,197.196290126234,57.3884393601223));
#11664=CARTESIAN_POINT('',(-7.12500000000001,197.196290126234,57.3884393601223));
#11665=CARTESIAN_POINT('',(-7.12500000000001,194.84255663408,57.3884393601223));
#11666=CARTESIAN_POINT('',(-10.65,194.84255663408,57.3884393601223));
#11667=CARTESIAN_POINT('',(-7.12500000000001,194.84255663408,57.3884393601223));
#11668=CARTESIAN_POINT('Origin',(10.65,194.84255663408,57.3884393601223));
#11669=CARTESIAN_POINT('',(10.65,194.84255663408,57.3884393601223));
#11670=CARTESIAN_POINT('',(10.65,194.84255663408,57.3884393601223));
#11671=CARTESIAN_POINT('',(10.65,194.84255663408,53.4184393601223));
#11672=CARTESIAN_POINT('',(10.65,194.84255663408,57.3884393601223));
#11673=CARTESIAN_POINT('',(10.65,194.84255663408,53.4184393601223));
#11674=CARTESIAN_POINT('Origin',(10.65,194.84255663408,57.3884393601223));
#11675=CARTESIAN_POINT('',(10.65,197.30255663408,57.0884393601223));
#11676=CARTESIAN_POINT('',(10.65,197.196290126234,57.0884393601223));
#11677=CARTESIAN_POINT('',(10.65,197.30255663408,57.0884393601223));
#11678=CARTESIAN_POINT('',(10.65,197.196290126234,57.3884393601224));
#11679=CARTESIAN_POINT('',(10.65,197.196290126234,57.0884393601223));
#11680=CARTESIAN_POINT('',(10.65,196.944609041058,57.3884393601223));
#11681=CARTESIAN_POINT('',(10.65,197.30255663408,53.4184393601224));
#11682=CARTESIAN_POINT('',(10.65,196.944609041058,53.4184393601224));
#11683=CARTESIAN_POINT('',(10.65,197.30255663408,57.0884393601223));
#11684=CARTESIAN_POINT('Origin',(32.125,198.688713855014,53.4184393601223));
#11685=CARTESIAN_POINT('',(-10.65,197.30255663408,53.4184393601224));
#11686=CARTESIAN_POINT('Origin',(32.125,195.200504227102,53.4184393601224));
#11687=CARTESIAN_POINT('',(-10.65,194.84255663408,53.4184393601223));
#11688=CARTESIAN_POINT('Origin',(10.45,200.302727231013,57.1884393601223));
#11689=CARTESIAN_POINT('',(10.35,197.196290126234,57.1884393601223));
#11690=CARTESIAN_POINT('',(10.35,197.158646567022,57.1884393601224));
#11691=CARTESIAN_POINT('',(10.35,197.196290126234,57.1884393601223));
#11692=CARTESIAN_POINT('',(8.34999999999999,197.158646567022,57.1884393601224));
#11693=CARTESIAN_POINT('',(10.35,197.158646567022,57.1884393601224));
#11694=CARTESIAN_POINT('',(8.34999999999999,197.196290126234,57.1884393601223));
#11695=CARTESIAN_POINT('',(8.34999999999999,197.158646567022,57.1884393601224));
#11696=CARTESIAN_POINT('',(10.35,197.196290126234,57.1884393601223));
#11697=CARTESIAN_POINT('Origin',(8.24999999999999,200.302727231013,57.1884393601223));
#11698=CARTESIAN_POINT('',(8.24999999999999,197.158646567022,57.0884393601224));
#11699=CARTESIAN_POINT('',(8.24999999999999,197.158646567022,54.7699037939525));
#11700=CARTESIAN_POINT('',(8.24999999999999,197.158646567022,57.0884393601224));
#11701=CARTESIAN_POINT('',(8.24999999999999,197.20255663408,54.7699037939525));
#11702=CARTESIAN_POINT('',(8.24999999999999,197.158646567022,54.7699037939525));
#11703=CARTESIAN_POINT('',(8.24999999999999,197.20255663408,57.0884393601224));
#11704=CARTESIAN_POINT('',(8.24999999999999,197.20255663408,57.0884393601224));
#11705=CARTESIAN_POINT('',(8.24999999999999,197.196290126234,57.0884393601223));
#11706=CARTESIAN_POINT('',(8.24999999999999,197.196290126234,57.0884393601223));
#11707=CARTESIAN_POINT('',(8.24999999999999,197.158646567022,57.0884393601224));
#11708=CARTESIAN_POINT('Origin',(8.24999999999999,200.302727231013,54.6699037939525));
#11709=CARTESIAN_POINT('',(8.34999999999999,197.158646567022,54.6699037939525));
#11710=CARTESIAN_POINT('',(10.35,197.158646567022,54.6699037939525));
#11711=CARTESIAN_POINT('',(8.34999999999999,197.158646567022,54.6699037939525));
#11712=CARTESIAN_POINT('',(10.35,197.20255663408,54.6699037939525));
#11713=CARTESIAN_POINT('',(10.35,197.158646567022,54.6699037939525));
#11714=CARTESIAN_POINT('',(8.34999999999999,197.20255663408,54.6699037939525));
#11715=CARTESIAN_POINT('',(8.34999999999999,197.20255663408,54.6699037939525));
#11716=CARTESIAN_POINT('',(8.34999999999999,197.158646567022,54.6699037939525));
#11717=CARTESIAN_POINT('Origin',(10.45,200.302727231013,54.6699037939525));
#11718=CARTESIAN_POINT('',(10.45,197.158646567022,54.7699037939525));
#11719=CARTESIAN_POINT('',(10.45,197.158646567022,57.0884393601224));
#11720=CARTESIAN_POINT('',(10.45,197.158646567022,54.7699037939525));
#11721=CARTESIAN_POINT('',(10.45,197.196290126234,57.0884393601223));
#11722=CARTESIAN_POINT('',(10.45,197.196290126234,57.0884393601223));
#11723=CARTESIAN_POINT('',(10.45,197.20255663408,57.0884393601224));
#11724=CARTESIAN_POINT('',(10.45,197.20255663408,57.0884393601224));
#11725=CARTESIAN_POINT('',(10.45,197.20255663408,54.7699037939525));
#11726=CARTESIAN_POINT('',(10.45,197.20255663408,54.7699037939525));
#11727=CARTESIAN_POINT('',(10.45,197.158646567022,54.7699037939525));
#11728=CARTESIAN_POINT('Origin',(10.45,197.058646567022,57.1884393601223));
#11729=CARTESIAN_POINT('',(8.34999999999999,197.058646567022,57.0884393601224));
#11730=CARTESIAN_POINT('',(8.34999999999999,197.058646567022,54.7699037939524));
#11731=CARTESIAN_POINT('',(8.34999999999999,197.058646567022,57.0884393601224));
#11732=CARTESIAN_POINT('',(10.35,197.058646567022,57.0884393601224));
#11733=CARTESIAN_POINT('',(10.35,197.058646567022,57.0884393601224));
#11734=CARTESIAN_POINT('',(10.35,197.058646567022,54.7699037939524));
#11735=CARTESIAN_POINT('',(10.35,197.058646567022,54.7699037939524));
#11736=CARTESIAN_POINT('',(8.34999999999999,197.058646567022,54.7699037939524));
#11737=CARTESIAN_POINT('Origin',(9.34999999999999,197.158646567022,57.0884393601224));
#11738=CARTESIAN_POINT('Origin',(10.35,197.158646567022,57.0884393601224));
#11739=CARTESIAN_POINT('Origin',(8.34999999999998,197.158646567022,57.0884393601224));
#11740=CARTESIAN_POINT('Origin',(8.34999999999999,197.158646567022,55.9291715770376));
#11741=CARTESIAN_POINT('Origin',(8.34999999999999,197.158646567022,57.0884393601224));
#11742=CARTESIAN_POINT('Origin',(8.35000000000163,197.158646567024,54.7699037939526));
#11743=CARTESIAN_POINT('Origin',(9.34999999999995,197.158646567022,54.7699037939525));
#11744=CARTESIAN_POINT('Origin',(8.34999999999995,197.158646567022,54.769903793952));
#11745=CARTESIAN_POINT('Origin',(10.35,197.158646567022,54.7699037939525));
#11746=CARTESIAN_POINT('Origin',(10.35,197.158646567022,55.9291715770374));
#11747=CARTESIAN_POINT('Origin',(10.35,197.158646567022,54.7699037939525));
#11748=CARTESIAN_POINT('Origin',(10.35,197.158646567022,57.0884393601223));
#11749=CARTESIAN_POINT('Origin',(8.14999999999999,197.20255663408,55.9291715770373));
#11750=CARTESIAN_POINT('',(8.15,197.30255663408,57.0884393601223));
#11751=CARTESIAN_POINT('Origin',(8.15,197.20255663408,57.0884393601224));
#11752=CARTESIAN_POINT('',(8.15,197.30255663408,54.7699037939524));
#11753=CARTESIAN_POINT('Origin',(8.14999999999998,197.20255663408,54.7699037939524));
#11754=CARTESIAN_POINT('',(8.15,197.30255663408,57.0884393601223));
#11755=CARTESIAN_POINT('Origin',(9.34999999999999,197.20255663408,54.5699037939524));
#11756=CARTESIAN_POINT('',(8.34999999999999,197.30255663408,54.5699037939524));
#11757=CARTESIAN_POINT('Origin',(8.34999999999999,197.20255663408,54.5699037939524));
#11758=CARTESIAN_POINT('',(10.35,197.30255663408,54.5699037939524));
#11759=CARTESIAN_POINT('Origin',(10.35,197.20255663408,54.5699037939524));
#11760=CARTESIAN_POINT('',(8.34999999999999,197.30255663408,54.5699037939524));
#11761=CARTESIAN_POINT('Origin',(10.55,197.20255663408,55.9291715770373));
#11762=CARTESIAN_POINT('',(10.55,197.30255663408,54.7699037939524));
#11763=CARTESIAN_POINT('Origin',(10.55,197.20255663408,54.7699037939524));
#11764=CARTESIAN_POINT('',(10.55,197.30255663408,57.0884393601223));
#11765=CARTESIAN_POINT('Origin',(10.55,197.20255663408,57.0884393601224));
#11766=CARTESIAN_POINT('',(10.55,197.30255663408,54.7699037939524));
#11767=CARTESIAN_POINT('Origin',(8.34999999999999,197.180601600551,57.0884393601223));
#11768=CARTESIAN_POINT('Origin',(8.34999999999999,197.158646567022,57.0884393601224));
#11769=CARTESIAN_POINT('Origin',(8.35000000000001,197.196290126234,57.0884393601223));
#11770=CARTESIAN_POINT('Origin',(10.35,197.180601600551,57.0884393601223));
#11771=CARTESIAN_POINT('Origin',(10.35,197.158646567022,57.0884393601224));
#11772=CARTESIAN_POINT('Origin',(10.35,197.196290126233,57.0884393601223));
#11773=CARTESIAN_POINT('Origin',(8.34999999999999,197.180601600551,54.7699037939524));
#11774=CARTESIAN_POINT('Origin',(8.3500000000001,197.158646567022,54.7699037939525));
#11775=CARTESIAN_POINT('Ctrl Pts',(8.24999999999999,197.20255663408,54.7699037939525));
#11776=CARTESIAN_POINT('Ctrl Pts',(8.2486297968869,197.20255663408,54.7164736221561));
#11777=CARTESIAN_POINT('Ctrl Pts',(8.29656982820357,197.20255663408,54.6685335908393));
#11778=CARTESIAN_POINT('Ctrl Pts',(8.34999999999999,197.20255663408,54.6699037939525));
#11779=CARTESIAN_POINT('Origin',(10.35,197.180601600551,54.7699037939524));
#11780=CARTESIAN_POINT('Origin',(10.35,197.158646567022,54.7699037939525));
#11781=CARTESIAN_POINT('Ctrl Pts',(10.35,197.20255663408,54.6699037939525));
#11782=CARTESIAN_POINT('Ctrl Pts',(10.4034301717964,197.20255663408,54.6685335908393));
#11783=CARTESIAN_POINT('Ctrl Pts',(10.4513702031131,197.20255663408,54.7164736221561));
#11784=CARTESIAN_POINT('Ctrl Pts',(10.45,197.20255663408,54.7699037939525));
#11785=CARTESIAN_POINT('Origin',(8.35,197.158646567022,57.0884393601224));
#11786=CARTESIAN_POINT('Origin',(10.35,197.158646567022,57.0884393601223));
#11787=CARTESIAN_POINT('Origin',(8.35,197.158646567022,54.7699037939525));
#11788=CARTESIAN_POINT('Origin',(10.35,197.158646567022,54.7699037939524));
#11789=CARTESIAN_POINT('Ctrl Pts',(8.24999999999999,197.20255663408,54.7699037939525));
#11790=CARTESIAN_POINT('Ctrl Pts',(8.24999999999998,197.30255663408,54.7699037939524));
#11791=CARTESIAN_POINT('Ctrl Pts',(8.14999999999999,197.30255663408,54.7699037939524));
#11792=CARTESIAN_POINT('Ctrl Pts',(8.2486297968869,197.20255663408,54.7164736221561));
#11793=CARTESIAN_POINT('Ctrl Pts',(8.24862979688687,197.30255663408,54.7164736221561));
#11794=CARTESIAN_POINT('Ctrl Pts',(8.14725959377374,197.30255663408,54.6630434503596));
#11795=CARTESIAN_POINT('Ctrl Pts',(8.29656982820357,197.20255663408,54.6685335908393));
#11796=CARTESIAN_POINT('Ctrl Pts',(8.29656982820356,197.30255663408,54.6685335908394));
#11797=CARTESIAN_POINT('Ctrl Pts',(8.24313965640718,197.30255663408,54.5671633877261));
#11798=CARTESIAN_POINT('Ctrl Pts',(8.34999999999999,197.20255663408,54.6699037939525));
#11799=CARTESIAN_POINT('Ctrl Pts',(8.34999999999999,197.30255663408,54.6699037939525));
#11800=CARTESIAN_POINT('Ctrl Pts',(8.34999999999998,197.30255663408,54.5699037939524));
#11801=CARTESIAN_POINT('Ctrl Pts',(8.15,197.30255663408,54.7699037939524));
#11802=CARTESIAN_POINT('Ctrl Pts',(8.14725959377375,197.30255663408,54.6630434503596));
#11803=CARTESIAN_POINT('Ctrl Pts',(8.24313965640718,197.30255663408,54.5671633877261));
#11804=CARTESIAN_POINT('Ctrl Pts',(8.34999999999999,197.30255663408,54.5699037939524));
#11805=CARTESIAN_POINT('Ctrl Pts',(10.35,197.20255663408,54.6699037939525));
#11806=CARTESIAN_POINT('Ctrl Pts',(10.35,197.30255663408,54.6699037939525));
#11807=CARTESIAN_POINT('Ctrl Pts',(10.35,197.30255663408,54.5699037939524));
#11808=CARTESIAN_POINT('Ctrl Pts',(10.4034301717964,197.20255663408,54.6685335908393));
#11809=CARTESIAN_POINT('Ctrl Pts',(10.4034301717964,197.30255663408,54.6685335908394));
#11810=CARTESIAN_POINT('Ctrl Pts',(10.4568603435928,197.30255663408,54.5671633877261));
#11811=CARTESIAN_POINT('Ctrl Pts',(10.4513702031131,197.20255663408,54.7164736221561));
#11812=CARTESIAN_POINT('Ctrl Pts',(10.4513702031131,197.30255663408,54.7164736221561));
#11813=CARTESIAN_POINT('Ctrl Pts',(10.5527404062262,197.30255663408,54.6630434503596));
#11814=CARTESIAN_POINT('Ctrl Pts',(10.45,197.20255663408,54.7699037939525));
#11815=CARTESIAN_POINT('Ctrl Pts',(10.45,197.30255663408,54.7699037939524));
#11816=CARTESIAN_POINT('Ctrl Pts',(10.55,197.30255663408,54.7699037939524));
#11817=CARTESIAN_POINT('Ctrl Pts',(10.35,197.30255663408,54.5699037939524));
#11818=CARTESIAN_POINT('Ctrl Pts',(10.4568603435928,197.30255663408,54.5671633877261));
#11819=CARTESIAN_POINT('Ctrl Pts',(10.5527404062262,197.30255663408,54.6630434503596));
#11820=CARTESIAN_POINT('Ctrl Pts',(10.55,197.30255663408,54.7699037939524));
#11821=CARTESIAN_POINT('Origin',(-10.45,200.302727231013,57.1884393601223));
#11822=CARTESIAN_POINT('',(-10.45,197.20255663408,57.0884393601224));
#11823=CARTESIAN_POINT('',(-10.45,197.196290126234,57.0884393601223));
#11824=CARTESIAN_POINT('',(-10.45,197.20255663408,57.0884393601224));
#11825=CARTESIAN_POINT('',(-10.45,197.158646567022,57.0884393601224));
#11826=CARTESIAN_POINT('',(-10.45,197.196290126234,57.0884393601223));
#11827=CARTESIAN_POINT('',(-10.45,197.158646567022,54.7699037939525));
#11828=CARTESIAN_POINT('',(-10.45,197.158646567022,57.0884393601224));
#11829=CARTESIAN_POINT('',(-10.45,197.20255663408,54.7699037939525));
#11830=CARTESIAN_POINT('',(-10.45,197.158646567022,54.7699037939525));
#11831=CARTESIAN_POINT('',(-10.45,197.20255663408,57.0884393601224));
#11832=CARTESIAN_POINT('Origin',(-10.45,200.302727231013,54.6699037939525));
#11833=CARTESIAN_POINT('',(-10.35,197.158646567022,54.6699037939525));
#11834=CARTESIAN_POINT('',(-8.35000000000002,197.158646567022,54.6699037939525));
#11835=CARTESIAN_POINT('',(-10.35,197.158646567022,54.6699037939525));
#11836=CARTESIAN_POINT('',(-8.35000000000002,197.20255663408,54.6699037939525));
#11837=CARTESIAN_POINT('',(-8.35000000000002,197.158646567022,54.6699037939525));
#11838=CARTESIAN_POINT('',(-10.35,197.20255663408,54.6699037939525));
#11839=CARTESIAN_POINT('',(-10.35,197.20255663408,54.6699037939525));
#11840=CARTESIAN_POINT('',(-10.35,197.158646567022,54.6699037939525));
#11841=CARTESIAN_POINT('Origin',(-8.25000000000001,200.302727231013,54.6699037939525));
#11842=CARTESIAN_POINT('',(-8.25000000000001,197.158646567022,54.7699037939525));
#11843=CARTESIAN_POINT('',(-8.25000000000001,197.158646567022,57.0884393601224));
#11844=CARTESIAN_POINT('',(-8.25000000000001,197.158646567022,54.7699037939525));
#11845=CARTESIAN_POINT('',(-8.25000000000001,197.196290126234,57.0884393601223));
#11846=CARTESIAN_POINT('',(-8.25000000000001,197.158646567022,57.0884393601224));
#11847=CARTESIAN_POINT('',(-8.25000000000001,197.20255663408,57.0884393601224));
#11848=CARTESIAN_POINT('',(-8.25000000000001,197.196290126234,57.0884393601223));
#11849=CARTESIAN_POINT('',(-8.25000000000001,197.20255663408,54.7699037939525));
#11850=CARTESIAN_POINT('',(-8.25000000000001,197.20255663408,54.7699037939525));
#11851=CARTESIAN_POINT('',(-8.25000000000001,197.158646567022,54.7699037939525));
#11852=CARTESIAN_POINT('Origin',(-8.25000000000001,200.302727231013,57.1884393601223));
#11853=CARTESIAN_POINT('',(-8.35000000000001,197.158646567022,57.1884393601223));
#11854=CARTESIAN_POINT('',(-8.35000000000002,197.196290126234,57.1884393601223));
#11855=CARTESIAN_POINT('',(-8.35000000000001,197.158646567022,57.1884393601223));
#11856=CARTESIAN_POINT('',(-10.35,197.158646567022,57.1884393601223));
#11857=CARTESIAN_POINT('',(-8.35000000000001,197.158646567022,57.1884393601223));
#11858=CARTESIAN_POINT('',(-10.35,197.196290126234,57.1884393601223));
#11859=CARTESIAN_POINT('',(-10.35,197.196290126234,57.1884393601223));
#11860=CARTESIAN_POINT('',(-8.35000000000002,197.196290126234,57.1884393601223));
#11861=CARTESIAN_POINT('Origin',(-8.25000000000001,197.058646567022,57.1884393601223));
#11862=CARTESIAN_POINT('',(-10.35,197.058646567022,54.7699037939524));
#11863=CARTESIAN_POINT('',(-8.35000000000001,197.058646567022,54.7699037939524));
#11864=CARTESIAN_POINT('',(-10.35,197.058646567022,54.7699037939524));
#11865=CARTESIAN_POINT('',(-10.35,197.058646567022,57.0884393601223));
#11866=CARTESIAN_POINT('',(-10.35,197.058646567022,57.0884393601223));
#11867=CARTESIAN_POINT('',(-8.35,197.058646567022,57.0884393601223));
#11868=CARTESIAN_POINT('',(-8.35,197.058646567022,57.0884393601223));
#11869=CARTESIAN_POINT('',(-8.35000000000001,197.058646567022,54.7699037939524));
#11870=CARTESIAN_POINT('Origin',(-10.35,197.158646567022,55.9291715770376));
#11871=CARTESIAN_POINT('Origin',(-10.35,197.158646567022,57.0884393601225));
#11872=CARTESIAN_POINT('Origin',(-10.35,197.158646567022,54.7699037939526));
#11873=CARTESIAN_POINT('Origin',(-9.35000000000001,197.158646567022,54.7699037939525));
#11874=CARTESIAN_POINT('Origin',(-10.35,197.158646567022,54.7699037939525));
#11875=CARTESIAN_POINT('Origin',(-8.35,197.158646567022,54.7699037939525));
#11876=CARTESIAN_POINT('Origin',(-8.35,197.158646567022,55.9291715770375));
#11877=CARTESIAN_POINT('Origin',(-8.35000000000001,197.158646567022,54.7699037939525));
#11878=CARTESIAN_POINT('Origin',(-8.35000000000002,197.158646567022,57.0884393601224));
#11879=CARTESIAN_POINT('Origin',(-9.35,197.158646567022,57.0884393601224));
#11880=CARTESIAN_POINT('Origin',(-8.34999999999999,197.158646567022,57.0884393601224));
#11881=CARTESIAN_POINT('Origin',(-10.35,197.158646567022,57.0884393601224));
#11882=CARTESIAN_POINT('Origin',(-10.55,197.20255663408,55.9291715770373));
#11883=CARTESIAN_POINT('',(-10.55,197.30255663408,57.0884393601223));
#11884=CARTESIAN_POINT('Origin',(-10.55,197.20255663408,57.0884393601223));
#11885=CARTESIAN_POINT('',(-10.55,197.30255663408,54.7699037939524));
#11886=CARTESIAN_POINT('Origin',(-10.55,197.20255663408,54.7699037939525));
#11887=CARTESIAN_POINT('',(-10.55,197.30255663408,57.0884393601223));
#11888=CARTESIAN_POINT('Origin',(-9.35000000000001,197.20255663408,54.5699037939524));
#11889=CARTESIAN_POINT('',(-10.35,197.30255663408,54.5699037939524));
#11890=CARTESIAN_POINT('Origin',(-10.35,197.20255663408,54.5699037939524));
#11891=CARTESIAN_POINT('',(-8.35,197.30255663408,54.5699037939524));
#11892=CARTESIAN_POINT('Origin',(-8.35000000000002,197.20255663408,54.5699037939524));
#11893=CARTESIAN_POINT('',(-10.35,197.30255663408,54.5699037939524));
#11894=CARTESIAN_POINT('Origin',(-8.15000000000001,197.20255663408,55.9291715770373));
#11895=CARTESIAN_POINT('',(-8.15000000000002,197.30255663408,54.7699037939524));
#11896=CARTESIAN_POINT('Origin',(-8.15000000000001,197.20255663408,54.7699037939525));
#11897=CARTESIAN_POINT('',(-8.15000000000002,197.30255663408,57.0884393601223));
#11898=CARTESIAN_POINT('Origin',(-8.15000000000001,197.20255663408,57.0884393601224));
#11899=CARTESIAN_POINT('',(-8.15000000000002,197.30255663408,54.7699037939524));
#11900=CARTESIAN_POINT('Origin',(-10.35,197.180601600551,54.7699037939524));
#11901=CARTESIAN_POINT('Origin',(-10.35,197.158646567022,54.7699037939525));
#11902=CARTESIAN_POINT('Ctrl Pts',(-10.45,197.20255663408,54.7699037939525));
#11903=CARTESIAN_POINT('Ctrl Pts',(-10.4513702031131,197.20255663408,54.7164736221561));
#11904=CARTESIAN_POINT('Ctrl Pts',(-10.4034301717964,197.20255663408,54.6685335908393));
#11905=CARTESIAN_POINT('Ctrl Pts',(-10.35,197.20255663408,54.6699037939525));
#11906=CARTESIAN_POINT('Origin',(-10.35,197.180601600551,57.0884393601223));
#11907=CARTESIAN_POINT('Origin',(-10.35,197.158646567022,57.0884393601223));
#11908=CARTESIAN_POINT('Origin',(-10.35,197.196290126234,57.0884393601223));
#11909=CARTESIAN_POINT('Origin',(-8.35000000000003,197.180601600551,54.7699037939524));
#11910=CARTESIAN_POINT('Origin',(-8.35000000000002,197.158646567022,54.7699037939525));
#11911=CARTESIAN_POINT('Ctrl Pts',(-8.35000000000002,197.20255663408,54.6699037939525));
#11912=CARTESIAN_POINT('Ctrl Pts',(-8.29656982820362,197.20255663408,54.6685335908393));
#11913=CARTESIAN_POINT('Ctrl Pts',(-8.24862979688688,197.20255663408,54.7164736221561));
#11914=CARTESIAN_POINT('Ctrl Pts',(-8.25000000000001,197.20255663408,54.7699037939525));
#11915=CARTESIAN_POINT('Origin',(-8.35000000000001,197.180601600551,57.0884393601223));
#11916=CARTESIAN_POINT('Origin',(-8.35000000000001,197.158646567022,57.0884393601224));
#11917=CARTESIAN_POINT('Origin',(-8.35000000000001,197.196290126233,57.0884393601223));
#11918=CARTESIAN_POINT('Origin',(-10.35,197.158646567022,54.7699037939525));
#11919=CARTESIAN_POINT('Origin',(-10.35,197.158646567022,57.0884393601224));
#11920=CARTESIAN_POINT('Origin',(-8.35000000000001,197.158646567022,54.7699037939524));
#11921=CARTESIAN_POINT('Origin',(-8.35000000000001,197.158646567022,57.0884393601224));
#11922=CARTESIAN_POINT('Ctrl Pts',(-10.45,197.20255663408,54.7699037939525));
#11923=CARTESIAN_POINT('Ctrl Pts',(-10.45,197.30255663408,54.7699037939524));
#11924=CARTESIAN_POINT('Ctrl Pts',(-10.55,197.30255663408,54.7699037939524));
#11925=CARTESIAN_POINT('Ctrl Pts',(-10.4513702031131,197.20255663408,54.7164736221561));
#11926=CARTESIAN_POINT('Ctrl Pts',(-10.4513702031131,197.30255663408,54.7164736221561));
#11927=CARTESIAN_POINT('Ctrl Pts',(-10.5527404062263,197.30255663408,54.6630434503596));
#11928=CARTESIAN_POINT('Ctrl Pts',(-10.4034301717964,197.20255663408,54.6685335908393));
#11929=CARTESIAN_POINT('Ctrl Pts',(-10.4034301717964,197.30255663408,54.6685335908394));
#11930=CARTESIAN_POINT('Ctrl Pts',(-10.4568603435929,197.30255663408,54.5671633877261));
#11931=CARTESIAN_POINT('Ctrl Pts',(-10.35,197.20255663408,54.6699037939525));
#11932=CARTESIAN_POINT('Ctrl Pts',(-10.35,197.30255663408,54.6699037939525));
#11933=CARTESIAN_POINT('Ctrl Pts',(-10.35,197.30255663408,54.5699037939524));
#11934=CARTESIAN_POINT('Ctrl Pts',(-10.55,197.30255663408,54.7699037939524));
#11935=CARTESIAN_POINT('Ctrl Pts',(-10.5527404062263,197.30255663408,54.6630434503596));
#11936=CARTESIAN_POINT('Ctrl Pts',(-10.4568603435929,197.30255663408,54.5671633877261));
#11937=CARTESIAN_POINT('Ctrl Pts',(-10.35,197.30255663408,54.5699037939524));
#11938=CARTESIAN_POINT('Ctrl Pts',(-8.35000000000002,197.20255663408,54.6699037939525));
#11939=CARTESIAN_POINT('Ctrl Pts',(-8.35000000000002,197.30255663408,54.6699037939525));
#11940=CARTESIAN_POINT('Ctrl Pts',(-8.35,197.30255663408,54.5699037939524));
#11941=CARTESIAN_POINT('Ctrl Pts',(-8.29656982820362,197.20255663408,54.6685335908393));
#11942=CARTESIAN_POINT('Ctrl Pts',(-8.29656982820357,197.30255663408,54.6685335908394));
#11943=CARTESIAN_POINT('Ctrl Pts',(-8.2431396564072,197.30255663408,54.5671633877261));
#11944=CARTESIAN_POINT('Ctrl Pts',(-8.24862979688688,197.20255663408,54.7164736221561));
#11945=CARTESIAN_POINT('Ctrl Pts',(-8.24862979688689,197.30255663408,54.716473622156));
#11946=CARTESIAN_POINT('Ctrl Pts',(-8.14725959377382,197.30255663408,54.6630434503596));
#11947=CARTESIAN_POINT('Ctrl Pts',(-8.25000000000001,197.20255663408,54.7699037939525));
#11948=CARTESIAN_POINT('Ctrl Pts',(-8.25,197.30255663408,54.7699037939524));
#11949=CARTESIAN_POINT('Ctrl Pts',(-8.15000000000001,197.30255663408,54.7699037939524));
#11950=CARTESIAN_POINT('Ctrl Pts',(-8.35,197.30255663408,54.5699037939524));
#11951=CARTESIAN_POINT('Ctrl Pts',(-8.2431396564072,197.30255663408,54.5671633877261));
#11952=CARTESIAN_POINT('Ctrl Pts',(-8.14725959377382,197.30255663408,54.6630434503596));
#11953=CARTESIAN_POINT('Ctrl Pts',(-8.15000000000002,197.30255663408,54.7699037939524));
#11954=CARTESIAN_POINT('Origin',(-7.12500000000001,194.84255663408,57.0884393601224));
#11955=CARTESIAN_POINT('',(-7.12500000000001,194.84255663408,57.0884393601224));
#11956=CARTESIAN_POINT('',(-7.12500000000001,194.84255663408,57.0884393601224));
#11957=CARTESIAN_POINT('',(-7.12500000000002,197.196290126234,57.0884393601223));
#11958=CARTESIAN_POINT('',(-7.12500000000001,194.84255663408,57.0884393601224));
#11959=CARTESIAN_POINT('',(-7.12500000000001,197.196290126234,57.3884393601223));
#11960=CARTESIAN_POINT('Origin',(-6.87500000000001,194.84255663408,58.9184393601223));
#11961=CARTESIAN_POINT('',(-6.87500000000001,194.84255663408,57.0884393601224));
#11962=CARTESIAN_POINT('',(-6.87500000000001,197.196290126234,57.0884393601223));
#11963=CARTESIAN_POINT('',(-6.87500000000001,194.84255663408,57.0884393601224));
#11964=CARTESIAN_POINT('',(-6.87500000000001,194.84255663408,57.3884393601223));
#11965=CARTESIAN_POINT('',(-6.87500000000001,194.84255663408,57.3884393601223));
#11966=CARTESIAN_POINT('',(-6.87500000000001,197.196290126234,57.3884393601223));
#11967=CARTESIAN_POINT('',(-6.87500000000001,197.196290126234,57.3884393601223));
#11968=CARTESIAN_POINT('',(-6.87500000000001,197.196290126234,57.0884393601223));
#11969=CARTESIAN_POINT('Origin',(-10.65,194.84255663408,57.3884393601223));
#11970=CARTESIAN_POINT('',(-6.12500000000001,197.196290126234,57.3884393601223));
#11971=CARTESIAN_POINT('',(-6.12500000000001,197.196290126234,57.3884393601223));
#11972=CARTESIAN_POINT('',(-6.12500000000001,194.84255663408,57.3884393601223));
#11973=CARTESIAN_POINT('',(-6.87500000000001,194.84255663408,57.3884393601223));
#11974=CARTESIAN_POINT('',(-6.12500000000001,194.84255663408,57.3884393601223));
#11975=CARTESIAN_POINT('Origin',(-6.12500000000001,194.84255663408,57.0884393601224));
#11976=CARTESIAN_POINT('',(-6.12500000000001,194.84255663408,57.0884393601224));
#11977=CARTESIAN_POINT('',(-6.12500000000001,194.84255663408,57.0884393601224));
#11978=CARTESIAN_POINT('',(-6.125,197.196290126234,57.0884393601223));
#11979=CARTESIAN_POINT('',(-6.12500000000001,194.84255663408,57.0884393601224));
#11980=CARTESIAN_POINT('',(-6.12500000000001,197.196290126234,57.3884393601223));
#11981=CARTESIAN_POINT('Origin',(-5.87500000000001,194.84255663408,58.9184393601223));
#11982=CARTESIAN_POINT('',(-5.87500000000001,194.84255663408,57.0884393601224));
#11983=CARTESIAN_POINT('',(-5.87500000000001,197.196290126234,57.0884393601223));
#11984=CARTESIAN_POINT('',(-5.87500000000001,194.84255663408,57.0884393601224));
#11985=CARTESIAN_POINT('',(-5.87500000000001,194.84255663408,57.3884393601223));
#11986=CARTESIAN_POINT('',(-5.87500000000001,194.84255663408,57.3884393601223));
#11987=CARTESIAN_POINT('',(-5.87500000000001,197.196290126234,57.3884393601223));
#11988=CARTESIAN_POINT('',(-5.87500000000001,197.196290126234,57.3884393601223));
#11989=CARTESIAN_POINT('',(-5.87500000000001,197.196290126234,57.0884393601223));
#11990=CARTESIAN_POINT('Origin',(-10.65,194.84255663408,57.3884393601223));
#11991=CARTESIAN_POINT('',(-5.12500000000001,197.196290126234,57.3884393601223));
#11992=CARTESIAN_POINT('',(-5.12500000000001,197.196290126234,57.3884393601223));
#11993=CARTESIAN_POINT('',(-5.12500000000001,194.84255663408,57.3884393601223));
#11994=CARTESIAN_POINT('',(-5.87500000000001,194.84255663408,57.3884393601223));
#11995=CARTESIAN_POINT('',(-5.12500000000001,194.84255663408,57.3884393601223));
#11996=CARTESIAN_POINT('Origin',(-5.12500000000001,194.84255663408,57.0884393601224));
#11997=CARTESIAN_POINT('',(-5.12500000000001,194.84255663408,57.0884393601224));
#11998=CARTESIAN_POINT('',(-5.12500000000001,194.84255663408,57.0884393601224));
#11999=CARTESIAN_POINT('',(-5.12500000000001,197.196290126234,57.0884393601223));
#12000=CARTESIAN_POINT('',(-5.12500000000001,194.84255663408,57.0884393601224));
#12001=CARTESIAN_POINT('',(-5.12500000000001,197.196290126234,57.3884393601223));
#12002=CARTESIAN_POINT('Origin',(-4.87500000000001,194.84255663408,58.9184393601223));
#12003=CARTESIAN_POINT('',(-4.87500000000001,194.84255663408,57.0884393601224));
#12004=CARTESIAN_POINT('',(-4.87500000000001,197.196290126234,57.0884393601223));
#12005=CARTESIAN_POINT('',(-4.87500000000001,194.84255663408,57.0884393601224));
#12006=CARTESIAN_POINT('',(-4.87500000000001,194.84255663408,57.3884393601223));
#12007=CARTESIAN_POINT('',(-4.87500000000001,194.84255663408,57.3884393601223));
#12008=CARTESIAN_POINT('',(-4.87500000000001,197.196290126234,57.3884393601223));
#12009=CARTESIAN_POINT('',(-4.87500000000001,197.196290126234,57.3884393601223));
#12010=CARTESIAN_POINT('',(-4.87500000000001,197.196290126234,57.0884393601223));
#12011=CARTESIAN_POINT('Origin',(-10.65,194.84255663408,57.3884393601223));
#12012=CARTESIAN_POINT('',(-4.12500000000001,197.196290126234,57.3884393601223));
#12013=CARTESIAN_POINT('',(-4.12500000000001,197.196290126234,57.3884393601223));
#12014=CARTESIAN_POINT('',(-4.12500000000001,194.84255663408,57.3884393601223));
#12015=CARTESIAN_POINT('',(-4.87500000000001,194.84255663408,57.3884393601223));
#12016=CARTESIAN_POINT('',(-4.12500000000001,194.84255663408,57.3884393601223));
#12017=CARTESIAN_POINT('Origin',(-4.12500000000001,194.84255663408,57.0884393601224));
#12018=CARTESIAN_POINT('',(-4.12500000000001,194.84255663408,57.0884393601224));
#12019=CARTESIAN_POINT('',(-4.12500000000001,194.84255663408,57.0884393601224));
#12020=CARTESIAN_POINT('',(-4.12500000000002,197.196290126234,57.0884393601223));
#12021=CARTESIAN_POINT('',(-4.12500000000001,194.84255663408,57.0884393601224));
#12022=CARTESIAN_POINT('',(-4.12500000000001,197.196290126234,57.3884393601223));
#12023=CARTESIAN_POINT('Origin',(-3.87500000000001,194.84255663408,58.9184393601223));
#12024=CARTESIAN_POINT('',(-3.87500000000001,194.84255663408,57.0884393601224));
#12025=CARTESIAN_POINT('',(-3.87500000000001,197.196290126234,57.0884393601223));
#12026=CARTESIAN_POINT('',(-3.87500000000001,194.84255663408,57.0884393601224));
#12027=CARTESIAN_POINT('',(-3.87500000000001,194.84255663408,57.3884393601223));
#12028=CARTESIAN_POINT('',(-3.87500000000001,194.84255663408,57.3884393601223));
#12029=CARTESIAN_POINT('',(-3.87500000000001,197.196290126234,57.3884393601223));
#12030=CARTESIAN_POINT('',(-3.87500000000001,197.196290126234,57.3884393601223));
#12031=CARTESIAN_POINT('',(-3.87500000000001,197.196290126234,57.0884393601223));
#12032=CARTESIAN_POINT('Origin',(-10.65,194.84255663408,57.3884393601223));
#12033=CARTESIAN_POINT('',(-3.12500000000001,197.196290126234,57.3884393601223));
#12034=CARTESIAN_POINT('',(-3.12500000000001,197.196290126234,57.3884393601223));
#12035=CARTESIAN_POINT('',(-3.12500000000001,194.84255663408,57.3884393601223));
#12036=CARTESIAN_POINT('',(-3.87500000000001,194.84255663408,57.3884393601223));
#12037=CARTESIAN_POINT('',(-3.12500000000001,194.84255663408,57.3884393601223));
#12038=CARTESIAN_POINT('Origin',(-3.12500000000001,194.84255663408,57.0884393601224));
#12039=CARTESIAN_POINT('',(-3.12500000000001,194.84255663408,57.0884393601224));
#12040=CARTESIAN_POINT('',(-3.12500000000001,194.84255663408,57.0884393601224));
#12041=CARTESIAN_POINT('',(-3.12500000000001,197.196290126234,57.0884393601223));
#12042=CARTESIAN_POINT('',(-3.12500000000001,194.84255663408,57.0884393601224));
#12043=CARTESIAN_POINT('',(-3.12500000000001,197.196290126234,57.3884393601223));
#12044=CARTESIAN_POINT('Origin',(-2.87500000000001,194.84255663408,58.9184393601223));
#12045=CARTESIAN_POINT('',(-2.87500000000001,194.84255663408,57.0884393601224));
#12046=CARTESIAN_POINT('',(-2.87500000000002,197.196290126234,57.0884393601223));
#12047=CARTESIAN_POINT('',(-2.87500000000001,194.84255663408,57.0884393601224));
#12048=CARTESIAN_POINT('',(-2.87500000000001,194.84255663408,57.3884393601223));
#12049=CARTESIAN_POINT('',(-2.87500000000001,194.84255663408,57.3884393601223));
#12050=CARTESIAN_POINT('',(-2.87500000000001,197.196290126234,57.3884393601223));
#12051=CARTESIAN_POINT('',(-2.87500000000001,197.196290126234,57.3884393601223));
#12052=CARTESIAN_POINT('',(-2.87500000000002,197.196290126234,57.0884393601223));
#12053=CARTESIAN_POINT('Origin',(-10.65,194.84255663408,57.3884393601223));
#12054=CARTESIAN_POINT('',(-2.12500000000001,197.196290126234,57.3884393601223));
#12055=CARTESIAN_POINT('',(-2.12500000000001,197.196290126234,57.3884393601223));
#12056=CARTESIAN_POINT('',(-2.12500000000001,194.84255663408,57.3884393601223));
#12057=CARTESIAN_POINT('',(-2.87500000000001,194.84255663408,57.3884393601223));
#12058=CARTESIAN_POINT('',(-2.12500000000001,194.84255663408,57.3884393601223));
#12059=CARTESIAN_POINT('Origin',(-2.12500000000001,194.84255663408,57.0884393601224));
#12060=CARTESIAN_POINT('',(-2.12500000000001,194.84255663408,57.0884393601224));
#12061=CARTESIAN_POINT('',(-2.12500000000001,194.84255663408,57.0884393601224));
#12062=CARTESIAN_POINT('',(-2.12500000000002,197.196290126234,57.0884393601223));
#12063=CARTESIAN_POINT('',(-2.12500000000001,194.84255663408,57.0884393601224));
#12064=CARTESIAN_POINT('',(-2.12500000000001,197.196290126234,57.3884393601223));
#12065=CARTESIAN_POINT('Origin',(-1.87500000000001,194.84255663408,58.9184393601223));
#12066=CARTESIAN_POINT('',(-1.87500000000001,194.84255663408,57.0884393601224));
#12067=CARTESIAN_POINT('',(-1.87500000000001,197.196290126234,57.0884393601223));
#12068=CARTESIAN_POINT('',(-1.87500000000001,194.84255663408,57.0884393601224));
#12069=CARTESIAN_POINT('',(-1.87500000000001,194.84255663408,57.3884393601223));
#12070=CARTESIAN_POINT('',(-1.87500000000001,194.84255663408,57.3884393601223));
#12071=CARTESIAN_POINT('',(-1.87500000000001,197.196290126234,57.3884393601223));
#12072=CARTESIAN_POINT('',(-1.87500000000001,197.196290126234,57.3884393601223));
#12073=CARTESIAN_POINT('',(-1.87500000000001,197.196290126234,57.0884393601223));
#12074=CARTESIAN_POINT('Origin',(-10.65,194.84255663408,57.3884393601223));
#12075=CARTESIAN_POINT('',(-1.12500000000001,197.196290126234,57.3884393601223));
#12076=CARTESIAN_POINT('',(-1.12500000000001,197.196290126234,57.3884393601223));
#12077=CARTESIAN_POINT('',(-1.12500000000001,194.84255663408,57.3884393601223));
#12078=CARTESIAN_POINT('',(-1.87500000000001,194.84255663408,57.3884393601223));
#12079=CARTESIAN_POINT('',(-1.12500000000001,194.84255663408,57.3884393601223));
#12080=CARTESIAN_POINT('Origin',(-1.12500000000001,194.84255663408,57.0884393601224));
#12081=CARTESIAN_POINT('',(-1.12500000000001,194.84255663408,57.0884393601224));
#12082=CARTESIAN_POINT('',(-1.12500000000001,194.84255663408,57.0884393601224));
#12083=CARTESIAN_POINT('',(-1.12500000000001,197.196290126234,57.0884393601223));
#12084=CARTESIAN_POINT('',(-1.12500000000001,194.84255663408,57.0884393601224));
#12085=CARTESIAN_POINT('',(-1.12500000000001,197.196290126234,57.3884393601223));
#12086=CARTESIAN_POINT('Origin',(-0.875000000000005,194.84255663408,58.9184393601223));
#12087=CARTESIAN_POINT('',(-0.875000000000005,194.84255663408,57.0884393601224));
#12088=CARTESIAN_POINT('',(-0.875000000000006,197.196290126234,57.0884393601223));
#12089=CARTESIAN_POINT('',(-0.875000000000005,194.84255663408,57.0884393601224));
#12090=CARTESIAN_POINT('',(-0.875000000000005,194.84255663408,57.3884393601223));
#12091=CARTESIAN_POINT('',(-0.875000000000005,194.84255663408,57.3884393601223));
#12092=CARTESIAN_POINT('',(-0.875000000000006,197.196290126234,57.3884393601223));
#12093=CARTESIAN_POINT('',(-0.875000000000006,197.196290126234,57.3884393601223));
#12094=CARTESIAN_POINT('',(-0.875000000000006,197.196290126234,57.0884393601223));
#12095=CARTESIAN_POINT('Origin',(-10.65,194.84255663408,57.3884393601223));
#12096=CARTESIAN_POINT('',(-0.125000000000006,197.196290126234,57.3884393601223));
#12097=CARTESIAN_POINT('',(-0.125000000000006,197.196290126234,57.3884393601223));
#12098=CARTESIAN_POINT('',(-0.125000000000005,194.84255663408,57.3884393601223));
#12099=CARTESIAN_POINT('',(-0.875000000000005,194.84255663408,57.3884393601223));
#12100=CARTESIAN_POINT('',(-0.125000000000005,194.84255663408,57.3884393601223));
#12101=CARTESIAN_POINT('Origin',(-0.125000000000005,194.84255663408,57.0884393601224));
#12102=CARTESIAN_POINT('',(-0.125000000000005,194.84255663408,57.0884393601224));
#12103=CARTESIAN_POINT('',(-0.125000000000005,194.84255663408,57.0884393601224));
#12104=CARTESIAN_POINT('',(-0.125000000000006,197.196290126234,57.0884393601223));
#12105=CARTESIAN_POINT('',(-0.125000000000005,194.84255663408,57.0884393601224));
#12106=CARTESIAN_POINT('',(-0.125000000000006,197.196290126234,57.3884393601223));
#12107=CARTESIAN_POINT('Origin',(0.124999999999995,194.84255663408,58.9184393601223));
#12108=CARTESIAN_POINT('',(0.124999999999995,194.84255663408,57.0884393601224));
#12109=CARTESIAN_POINT('',(0.124999999999994,197.196290126234,57.0884393601223));
#12110=CARTESIAN_POINT('',(0.124999999999995,194.84255663408,57.0884393601224));
#12111=CARTESIAN_POINT('',(0.124999999999995,194.84255663408,57.3884393601223));
#12112=CARTESIAN_POINT('',(0.124999999999995,194.84255663408,57.3884393601223));
#12113=CARTESIAN_POINT('',(0.124999999999994,197.196290126234,57.3884393601223));
#12114=CARTESIAN_POINT('',(0.124999999999994,197.196290126234,57.3884393601223));
#12115=CARTESIAN_POINT('',(0.124999999999994,197.196290126234,57.0884393601223));
#12116=CARTESIAN_POINT('Origin',(-10.65,194.84255663408,57.3884393601223));
#12117=CARTESIAN_POINT('',(0.874999999999994,197.196290126234,57.3884393601224));
#12118=CARTESIAN_POINT('',(0.874999999999994,197.196290126234,57.3884393601224));
#12119=CARTESIAN_POINT('',(0.874999999999995,194.84255663408,57.3884393601223));
#12120=CARTESIAN_POINT('',(0.124999999999995,194.84255663408,57.3884393601223));
#12121=CARTESIAN_POINT('',(0.874999999999995,194.84255663408,57.3884393601223));
#12122=CARTESIAN_POINT('Origin',(0.874999999999995,194.84255663408,57.0884393601224));
#12123=CARTESIAN_POINT('',(0.874999999999995,194.84255663408,57.0884393601224));
#12124=CARTESIAN_POINT('',(0.874999999999995,194.84255663408,57.0884393601224));
#12125=CARTESIAN_POINT('',(0.874999999999994,197.196290126234,57.0884393601223));
#12126=CARTESIAN_POINT('',(0.874999999999995,194.84255663408,57.0884393601224));
#12127=CARTESIAN_POINT('',(0.874999999999994,197.196290126234,57.3884393601224));
#12128=CARTESIAN_POINT('Origin',(1.12499999999999,194.84255663408,58.9184393601223));
#12129=CARTESIAN_POINT('',(1.12499999999999,194.84255663408,57.0884393601224));
#12130=CARTESIAN_POINT('',(1.12499999999999,197.196290126234,57.0884393601223));
#12131=CARTESIAN_POINT('',(1.12499999999999,194.84255663408,57.0884393601224));
#12132=CARTESIAN_POINT('',(1.12499999999999,194.84255663408,57.3884393601223));
#12133=CARTESIAN_POINT('',(1.12499999999999,194.84255663408,57.3884393601223));
#12134=CARTESIAN_POINT('',(1.12499999999999,197.196290126234,57.3884393601224));
#12135=CARTESIAN_POINT('',(1.12499999999999,197.196290126234,57.3884393601224));
#12136=CARTESIAN_POINT('',(1.12499999999999,197.196290126234,57.0884393601223));
#12137=CARTESIAN_POINT('Origin',(-10.65,194.84255663408,57.3884393601223));
#12138=CARTESIAN_POINT('',(1.87499999999999,197.196290126234,57.3884393601224));
#12139=CARTESIAN_POINT('',(1.87499999999999,197.196290126234,57.3884393601224));
#12140=CARTESIAN_POINT('',(1.87499999999999,194.84255663408,57.3884393601223));
#12141=CARTESIAN_POINT('',(1.12499999999999,194.84255663408,57.3884393601223));
#12142=CARTESIAN_POINT('',(1.87499999999999,194.84255663408,57.3884393601223));
#12143=CARTESIAN_POINT('Origin',(1.87499999999999,194.84255663408,57.0884393601224));
#12144=CARTESIAN_POINT('',(1.87499999999999,194.84255663408,57.0884393601224));
#12145=CARTESIAN_POINT('',(1.87499999999999,194.84255663408,57.0884393601224));
#12146=CARTESIAN_POINT('',(1.87499999999999,197.196290126234,57.0884393601223));
#12147=CARTESIAN_POINT('',(1.87499999999999,194.84255663408,57.0884393601224));
#12148=CARTESIAN_POINT('',(1.87499999999999,197.196290126234,57.3884393601224));
#12149=CARTESIAN_POINT('Origin',(2.125,194.84255663408,58.9184393601223));
#12150=CARTESIAN_POINT('',(2.125,194.84255663408,57.0884393601224));
#12151=CARTESIAN_POINT('',(2.12499999999999,197.196290126234,57.0884393601223));
#12152=CARTESIAN_POINT('',(2.125,194.84255663408,57.0884393601224));
#12153=CARTESIAN_POINT('',(2.125,194.84255663408,57.3884393601223));
#12154=CARTESIAN_POINT('',(2.125,194.84255663408,57.3884393601223));
#12155=CARTESIAN_POINT('',(2.12499999999999,197.196290126234,57.3884393601224));
#12156=CARTESIAN_POINT('',(2.12499999999999,197.196290126234,57.3884393601224));
#12157=CARTESIAN_POINT('',(2.12499999999999,197.196290126234,57.0884393601223));
#12158=CARTESIAN_POINT('Origin',(-10.65,194.84255663408,57.3884393601223));
#12159=CARTESIAN_POINT('',(2.87499999999999,197.196290126234,57.3884393601224));
#12160=CARTESIAN_POINT('',(2.87499999999999,197.196290126234,57.3884393601224));
#12161=CARTESIAN_POINT('',(2.87499999999999,194.84255663408,57.3884393601223));
#12162=CARTESIAN_POINT('',(2.125,194.84255663408,57.3884393601223));
#12163=CARTESIAN_POINT('',(2.87499999999999,194.84255663408,57.3884393601223));
#12164=CARTESIAN_POINT('Origin',(2.87499999999999,194.84255663408,57.0884393601224));
#12165=CARTESIAN_POINT('',(2.87499999999999,194.84255663408,57.0884393601224));
#12166=CARTESIAN_POINT('',(2.87499999999999,194.84255663408,57.0884393601224));
#12167=CARTESIAN_POINT('',(2.87499999999999,197.196290126234,57.0884393601223));
#12168=CARTESIAN_POINT('',(2.87499999999999,194.84255663408,57.0884393601224));
#12169=CARTESIAN_POINT('',(2.87499999999999,197.196290126234,57.3884393601224));
#12170=CARTESIAN_POINT('Origin',(3.125,194.84255663408,58.9184393601223));
#12171=CARTESIAN_POINT('',(3.12499999999999,194.84255663408,57.0884393601224));
#12172=CARTESIAN_POINT('',(3.12499999999999,197.196290126234,57.0884393601223));
#12173=CARTESIAN_POINT('',(3.12499999999999,194.84255663408,57.0884393601224));
#12174=CARTESIAN_POINT('',(3.12499999999999,194.84255663408,57.3884393601223));
#12175=CARTESIAN_POINT('',(3.12499999999999,194.84255663408,57.3884393601223));
#12176=CARTESIAN_POINT('',(3.12499999999999,197.196290126234,57.3884393601224));
#12177=CARTESIAN_POINT('',(3.12499999999999,197.196290126234,57.3884393601224));
#12178=CARTESIAN_POINT('',(3.12499999999999,197.196290126234,57.0884393601223));
#12179=CARTESIAN_POINT('Origin',(-10.65,194.84255663408,57.3884393601223));
#12180=CARTESIAN_POINT('',(3.87499999999999,197.196290126234,57.3884393601224));
#12181=CARTESIAN_POINT('',(3.87499999999999,197.196290126234,57.3884393601224));
#12182=CARTESIAN_POINT('',(3.87499999999999,194.84255663408,57.3884393601223));
#12183=CARTESIAN_POINT('',(3.12499999999999,194.84255663408,57.3884393601223));
#12184=CARTESIAN_POINT('',(3.87499999999999,194.84255663408,57.3884393601223));
#12185=CARTESIAN_POINT('Origin',(3.87499999999999,194.84255663408,57.0884393601224));
#12186=CARTESIAN_POINT('',(3.87499999999999,194.84255663408,57.0884393601224));
#12187=CARTESIAN_POINT('',(3.87499999999999,194.84255663408,57.0884393601224));
#12188=CARTESIAN_POINT('',(3.87499999999999,197.196290126234,57.0884393601223));
#12189=CARTESIAN_POINT('',(3.87499999999999,194.84255663408,57.0884393601224));
#12190=CARTESIAN_POINT('',(3.87499999999999,197.196290126234,57.3884393601224));
#12191=CARTESIAN_POINT('Origin',(4.125,194.84255663408,58.9184393601223));
#12192=CARTESIAN_POINT('',(4.12499999999999,194.84255663408,57.0884393601224));
#12193=CARTESIAN_POINT('',(4.12499999999999,197.196290126234,57.0884393601223));
#12194=CARTESIAN_POINT('',(4.12499999999999,194.84255663408,57.0884393601224));
#12195=CARTESIAN_POINT('',(4.12499999999999,194.84255663408,57.3884393601223));
#12196=CARTESIAN_POINT('',(4.12499999999999,194.84255663408,57.3884393601223));
#12197=CARTESIAN_POINT('',(4.12499999999999,197.196290126234,57.3884393601224));
#12198=CARTESIAN_POINT('',(4.12499999999999,197.196290126234,57.3884393601224));
#12199=CARTESIAN_POINT('',(4.12499999999999,197.196290126234,57.0884393601223));
#12200=CARTESIAN_POINT('Origin',(-10.65,194.84255663408,57.3884393601223));
#12201=CARTESIAN_POINT('',(4.87499999999999,197.196290126234,57.3884393601224));
#12202=CARTESIAN_POINT('',(4.87499999999999,197.196290126234,57.3884393601224));
#12203=CARTESIAN_POINT('',(4.87499999999999,194.84255663408,57.3884393601223));
#12204=CARTESIAN_POINT('',(4.12499999999999,194.84255663408,57.3884393601223));
#12205=CARTESIAN_POINT('',(4.87499999999999,194.84255663408,57.3884393601223));
#12206=CARTESIAN_POINT('Origin',(4.87499999999999,194.84255663408,57.0884393601224));
#12207=CARTESIAN_POINT('',(4.87499999999999,194.84255663408,57.0884393601224));
#12208=CARTESIAN_POINT('',(4.87499999999999,194.84255663408,57.0884393601224));
#12209=CARTESIAN_POINT('',(4.87499999999999,197.196290126234,57.0884393601223));
#12210=CARTESIAN_POINT('',(4.87499999999999,194.84255663408,57.0884393601224));
#12211=CARTESIAN_POINT('',(4.87499999999999,197.196290126234,57.3884393601224));
#12212=CARTESIAN_POINT('Origin',(5.12499999999999,194.84255663408,58.9184393601223));
#12213=CARTESIAN_POINT('',(5.12499999999999,194.84255663408,57.0884393601224));
#12214=CARTESIAN_POINT('',(5.12499999999999,197.196290126234,57.0884393601223));
#12215=CARTESIAN_POINT('',(5.12499999999999,194.84255663408,57.0884393601224));
#12216=CARTESIAN_POINT('',(5.12499999999999,194.84255663408,57.3884393601223));
#12217=CARTESIAN_POINT('',(5.12499999999999,194.84255663408,57.3884393601223));
#12218=CARTESIAN_POINT('',(5.12499999999999,197.196290126234,57.3884393601224));
#12219=CARTESIAN_POINT('',(5.12499999999999,197.196290126234,57.3884393601224));
#12220=CARTESIAN_POINT('',(5.12499999999999,197.196290126234,57.0884393601223));
#12221=CARTESIAN_POINT('Origin',(-10.65,194.84255663408,57.3884393601223));
#12222=CARTESIAN_POINT('',(5.87499999999999,197.196290126234,57.3884393601224));
#12223=CARTESIAN_POINT('',(5.87499999999999,197.196290126234,57.3884393601224));
#12224=CARTESIAN_POINT('',(5.87499999999999,194.84255663408,57.3884393601223));
#12225=CARTESIAN_POINT('',(5.12499999999999,194.84255663408,57.3884393601223));
#12226=CARTESIAN_POINT('',(5.87499999999999,194.84255663408,57.3884393601223));
#12227=CARTESIAN_POINT('Origin',(5.87499999999999,194.84255663408,57.0884393601224));
#12228=CARTESIAN_POINT('',(5.87499999999999,194.84255663408,57.0884393601224));
#12229=CARTESIAN_POINT('',(5.87499999999999,194.84255663408,57.0884393601224));
#12230=CARTESIAN_POINT('',(5.87499999999999,197.196290126234,57.0884393601223));
#12231=CARTESIAN_POINT('',(5.87499999999999,194.84255663408,57.0884393601224));
#12232=CARTESIAN_POINT('',(5.87499999999999,197.196290126234,57.3884393601224));
#12233=CARTESIAN_POINT('Origin',(6.12499999999999,194.84255663408,58.9184393601223));
#12234=CARTESIAN_POINT('',(6.12499999999999,194.84255663408,57.0884393601224));
#12235=CARTESIAN_POINT('',(6.12499999999999,197.196290126234,57.0884393601223));
#12236=CARTESIAN_POINT('',(6.12499999999999,194.84255663408,57.0884393601224));
#12237=CARTESIAN_POINT('',(6.12499999999999,194.84255663408,57.3884393601223));
#12238=CARTESIAN_POINT('',(6.12499999999999,194.84255663408,57.3884393601223));
#12239=CARTESIAN_POINT('',(6.12499999999999,197.196290126234,57.3884393601224));
#12240=CARTESIAN_POINT('',(6.12499999999999,197.196290126234,57.3884393601224));
#12241=CARTESIAN_POINT('',(6.12499999999999,197.196290126234,57.0884393601223));
#12242=CARTESIAN_POINT('Origin',(-10.65,194.84255663408,57.3884393601223));
#12243=CARTESIAN_POINT('',(6.87499999999999,197.196290126234,57.3884393601224));
#12244=CARTESIAN_POINT('',(6.87499999999999,197.196290126234,57.3884393601224));
#12245=CARTESIAN_POINT('',(6.87499999999999,194.84255663408,57.3884393601223));
#12246=CARTESIAN_POINT('',(6.12499999999999,194.84255663408,57.3884393601223));
#12247=CARTESIAN_POINT('',(6.87499999999999,194.84255663408,57.3884393601223));
#12248=CARTESIAN_POINT('Origin',(6.87499999999999,194.84255663408,57.0884393601224));
#12249=CARTESIAN_POINT('',(6.87499999999999,194.84255663408,57.0884393601224));
#12250=CARTESIAN_POINT('',(6.87499999999999,194.84255663408,57.0884393601224));
#12251=CARTESIAN_POINT('',(6.87499999999999,197.196290126234,57.0884393601223));
#12252=CARTESIAN_POINT('',(6.87499999999999,194.84255663408,57.0884393601224));
#12253=CARTESIAN_POINT('',(6.87499999999999,197.196290126234,57.3884393601224));
#12254=CARTESIAN_POINT('Origin',(7.12499999999999,194.84255663408,58.9184393601223));
#12255=CARTESIAN_POINT('',(7.12499999999999,194.84255663408,57.0884393601224));
#12256=CARTESIAN_POINT('',(7.12499999999999,197.196290126234,57.0884393601223));
#12257=CARTESIAN_POINT('',(7.12499999999999,194.84255663408,57.0884393601224));
#12258=CARTESIAN_POINT('',(7.12499999999999,194.84255663408,57.3884393601223));
#12259=CARTESIAN_POINT('',(7.12499999999999,194.84255663408,57.3884393601223));
#12260=CARTESIAN_POINT('',(7.12499999999999,197.196290126234,57.3884393601224));
#12261=CARTESIAN_POINT('',(7.12499999999999,197.196290126234,57.3884393601224));
#12262=CARTESIAN_POINT('',(7.12499999999999,197.196290126234,57.0884393601223));
#12263=CARTESIAN_POINT('Origin',(10.65,194.84255663408,53.4184393601223));
#12264=CARTESIAN_POINT('',(7.12499999999999,194.84255663408,57.0884393601224));
#12265=CARTESIAN_POINT('',(6.12499999999999,194.84255663408,57.0884393601224));
#12266=CARTESIAN_POINT('',(5.12499999999999,194.84255663408,57.0884393601224));
#12267=CARTESIAN_POINT('',(4.12499999999999,194.84255663408,57.0884393601224));
#12268=CARTESIAN_POINT('',(3.12499999999999,194.84255663408,57.0884393601224));
#12269=CARTESIAN_POINT('',(2.125,194.84255663408,57.0884393601224));
#12270=CARTESIAN_POINT('',(1.12499999999999,194.84255663408,57.0884393601224));
#12271=CARTESIAN_POINT('',(0.124999999999995,194.84255663408,57.0884393601224));
#12272=CARTESIAN_POINT('',(-0.875000000000005,194.84255663408,57.0884393601224));
#12273=CARTESIAN_POINT('',(-1.87500000000001,194.84255663408,57.0884393601224));
#12274=CARTESIAN_POINT('',(-2.87500000000001,194.84255663408,57.0884393601224));
#12275=CARTESIAN_POINT('',(-3.87500000000001,194.84255663408,57.0884393601224));
#12276=CARTESIAN_POINT('',(-4.87500000000001,194.84255663408,57.0884393601224));
#12277=CARTESIAN_POINT('',(-5.87500000000001,194.84255663408,57.0884393601224));
#12278=CARTESIAN_POINT('',(-6.87500000000001,194.84255663408,57.0884393601224));
#12279=CARTESIAN_POINT('',(7.12499999999999,194.84255663408,57.3884393601223));
#12280=CARTESIAN_POINT('Origin',(10.65,197.30255663408,53.4184393601224));
#12281=CARTESIAN_POINT('',(-10.65,197.30255663408,57.0884393601223));
#12282=CARTESIAN_POINT('',(8.15,197.30255663408,57.0884393601223));
#12283=CARTESIAN_POINT('',(10.55,197.30255663408,57.0884393601223));
#12284=CARTESIAN_POINT('Origin',(-10.65,194.84255663408,57.3884393601223));
#12285=CARTESIAN_POINT('',(10.65,197.196290126234,57.3884393601224));
#12286=CARTESIAN_POINT('Origin',(15.7451912004372,197.196290126234,57.0884393601223));
#12287=CARTESIAN_POINT('',(-5.12500000000001,197.196290126234,57.0884393601223));
#12288=CARTESIAN_POINT('Origin',(-6.87500000000001,194.84255663408,57.0884393601224));
#12289=CARTESIAN_POINT('',(-6.87500000000001,197.196290126234,57.0884393601223));
#12290=CARTESIAN_POINT('Origin',(-5.87500000000001,194.84255663408,57.0884393601224));
#12291=CARTESIAN_POINT('',(-5.87500000000001,197.196290126234,57.0884393601223));
#12292=CARTESIAN_POINT('Origin',(-4.87500000000001,194.84255663408,57.0884393601224));
#12293=CARTESIAN_POINT('',(-4.87500000000001,197.196290126234,57.0884393601223));
#12294=CARTESIAN_POINT('Origin',(-3.87500000000001,194.84255663408,57.0884393601224));
#12295=CARTESIAN_POINT('',(-3.87500000000001,197.196290126234,57.0884393601223));
#12296=CARTESIAN_POINT('Origin',(-2.87500000000001,194.84255663408,57.0884393601224));
#12297=CARTESIAN_POINT('',(-2.87500000000002,197.196290126234,57.0884393601223));
#12298=CARTESIAN_POINT('Origin',(-1.87500000000001,194.84255663408,57.0884393601224));
#12299=CARTESIAN_POINT('',(-1.87500000000001,197.196290126234,57.0884393601223));
#12300=CARTESIAN_POINT('Origin',(-0.875000000000005,194.84255663408,57.0884393601224));
#12301=CARTESIAN_POINT('',(-0.875000000000006,197.196290126234,57.0884393601223));
#12302=CARTESIAN_POINT('Origin',(0.124999999999995,194.84255663408,57.0884393601224));
#12303=CARTESIAN_POINT('',(0.124999999999994,197.196290126234,57.0884393601223));
#12304=CARTESIAN_POINT('Origin',(1.12499999999999,194.84255663408,57.0884393601224));
#12305=CARTESIAN_POINT('',(1.12499999999999,197.196290126234,57.0884393601223));
#12306=CARTESIAN_POINT('Origin',(2.125,194.84255663408,57.0884393601224));
#12307=CARTESIAN_POINT('',(2.12499999999999,197.196290126234,57.0884393601223));
#12308=CARTESIAN_POINT('Origin',(3.12499999999999,194.84255663408,57.0884393601224));
#12309=CARTESIAN_POINT('',(3.12499999999999,197.196290126234,57.0884393601223));
#12310=CARTESIAN_POINT('Origin',(4.12499999999999,194.84255663408,57.0884393601224));
#12311=CARTESIAN_POINT('',(4.12499999999999,197.196290126234,57.0884393601223));
#12312=CARTESIAN_POINT('Origin',(5.12499999999999,194.84255663408,57.0884393601224));
#12313=CARTESIAN_POINT('',(5.12499999999999,197.196290126234,57.0884393601223));
#12314=CARTESIAN_POINT('Origin',(6.12499999999999,194.84255663408,57.0884393601224));
#12315=CARTESIAN_POINT('',(6.12499999999999,197.196290126234,57.0884393601223));
#12316=CARTESIAN_POINT('Origin',(7.12499999999999,194.84255663408,57.0884393601224));
#12317=CARTESIAN_POINT('',(7.12499999999999,197.196290126234,57.0884393601223));
#12318=CARTESIAN_POINT('Origin',(15.7451912004372,197.196290126234,57.0884393601223));
#12319=CARTESIAN_POINT('',(0.874999999999994,197.196290126234,57.0884393601223));
#12320=CARTESIAN_POINT('Origin',(15.7451912004372,197.196290126234,57.0884393601223));
#12321=CARTESIAN_POINT('',(5.87499999999999,197.196290126234,57.0884393601223));
#12322=CARTESIAN_POINT('Origin',(15.7451912004372,197.196290126234,57.0884393601223));
#12323=CARTESIAN_POINT('',(-0.125000000000006,197.196290126234,57.0884393601223));
#12324=CARTESIAN_POINT('Origin',(15.7451912004372,197.196290126234,57.0884393601223));
#12325=CARTESIAN_POINT('',(-1.12500000000001,197.196290126234,57.0884393601223));
#12326=CARTESIAN_POINT('Origin',(15.7451912004372,197.196290126234,57.0884393601223));
#12327=CARTESIAN_POINT('',(6.87499999999999,197.196290126234,57.0884393601223));
#12328=CARTESIAN_POINT('Origin',(15.7451912004372,197.196290126234,57.0884393601223));
#12329=CARTESIAN_POINT('',(-3.12500000000001,197.196290126234,57.0884393601223));
#12330=CARTESIAN_POINT('Origin',(15.7451912004372,197.196290126234,57.0884393601223));
#12331=CARTESIAN_POINT('',(3.87499999999999,197.196290126234,57.0884393601223));
#12332=CARTESIAN_POINT('Origin',(15.7451912004372,197.196290126234,57.0884393601223));
#12333=CARTESIAN_POINT('',(4.87499999999999,197.196290126234,57.0884393601223));
#12334=CARTESIAN_POINT('Origin',(15.7451912004372,197.196290126234,57.0884393601223));
#12335=CARTESIAN_POINT('',(-2.12500000000002,197.196290126234,57.0884393601223));
#12336=CARTESIAN_POINT('Origin',(15.7451912004372,197.196290126234,57.0884393601223));
#12337=CARTESIAN_POINT('',(8.24999999999999,197.196290126234,57.0884393601223));
#12338=CARTESIAN_POINT('',(10.65,197.196290126234,57.0884393601223));
#12339=CARTESIAN_POINT('Origin',(15.7451912004372,197.196290126234,57.0884393601223));
#12340=CARTESIAN_POINT('',(-4.12500000000002,197.196290126234,57.0884393601223));
#12341=CARTESIAN_POINT('Origin',(15.7451912004372,197.196290126234,57.0884393601223));
#12342=CARTESIAN_POINT('',(-6.125,197.196290126234,57.0884393601223));
#12343=CARTESIAN_POINT('Origin',(15.7451912004372,197.196290126234,57.0884393601223));
#12344=CARTESIAN_POINT('',(2.87499999999999,197.196290126234,57.0884393601223));
#12345=CARTESIAN_POINT('Origin',(15.7451912004372,197.196290126234,57.0884393601223));
#12346=CARTESIAN_POINT('',(1.87499999999999,197.196290126234,57.0884393601223));
#12347=CARTESIAN_POINT('Origin',(15.7451912004372,197.196290126234,57.0884393601223));
#12348=CARTESIAN_POINT('',(-10.45,197.196290126234,57.0884393601223));
#12349=CARTESIAN_POINT('',(-7.12500000000002,197.196290126234,57.0884393601223));
#12350=CARTESIAN_POINT('Origin',(15.7451912004372,197.925224387366,57.0884393601224));
#12351=CARTESIAN_POINT('Origin',(15.7451912004372,197.925224387366,57.0884393601224));
#12352=CARTESIAN_POINT('Origin',(15.7451912004372,197.925224387366,57.0884393601224));
#12353=CARTESIAN_POINT('Origin',(-7.12500000000001,194.84255663408,57.0884393601224));
#12354=CARTESIAN_POINT('',(-7.12500000000001,197.196290126234,57.3884393601223));
#12355=CARTESIAN_POINT('',(-7.12500000000002,197.196290126234,57.0884393601223));
#12356=CARTESIAN_POINT('',(-7.12500000000001,197.196290126234,57.3884393601223));
#12357=CARTESIAN_POINT('',(-7.12500000000001,194.84255663408,57.0884393601224));
#12358=CARTESIAN_POINT('',(-7.12500000000001,194.84255663408,57.0884393601224));
#12359=CARTESIAN_POINT('',(-7.12500000000001,194.84255663408,58.9184393601223));
#12360=CARTESIAN_POINT('',(-7.12500000000001,194.84255663408,57.0884393601224));
#12361=CARTESIAN_POINT('',(-7.12500000000001,195.14255663408,58.9184393601223));
#12362=CARTESIAN_POINT('',(-7.12500000000001,194.84255663408,58.9184393601223));
#12363=CARTESIAN_POINT('',(-7.12500000000001,195.14255663408,57.3884393601224));
#12364=CARTESIAN_POINT('',(-7.12500000000001,195.14255663408,58.9184393601223));
#12365=CARTESIAN_POINT('',(-7.12500000000001,195.14255663408,57.3884393601224));
#12366=CARTESIAN_POINT('Origin',(-7.12500000000001,194.84255663408,58.9184393601223));
#12367=CARTESIAN_POINT('',(-6.87500000000001,195.14255663408,58.9184393601223));
#12368=CARTESIAN_POINT('',(-6.87500000000001,195.14255663408,58.9184393601223));
#12369=CARTESIAN_POINT('',(-6.87500000000001,194.84255663408,58.9184393601223));
#12370=CARTESIAN_POINT('',(-7.12500000000001,194.84255663408,58.9184393601223));
#12371=CARTESIAN_POINT('',(-6.87500000000001,194.84255663408,58.9184393601223));
#12372=CARTESIAN_POINT('Origin',(-6.87500000000001,194.84255663408,58.9184393601223));
#12373=CARTESIAN_POINT('',(-6.87500000000001,197.196290126234,57.0884393601223));
#12374=CARTESIAN_POINT('',(-6.87500000000001,197.196290126234,57.3884393601223));
#12375=CARTESIAN_POINT('',(-6.87500000000001,197.196290126234,57.0884393601223));
#12376=CARTESIAN_POINT('',(-6.87500000000001,195.14255663408,57.3884393601224));
#12377=CARTESIAN_POINT('',(-6.87500000000001,197.196290126234,57.3884393601223));
#12378=CARTESIAN_POINT('',(-6.87500000000001,195.14255663408,57.3884393601224));
#12379=CARTESIAN_POINT('',(-6.87500000000001,194.84255663408,57.0884393601224));
#12380=CARTESIAN_POINT('',(-6.87500000000001,194.84255663408,58.9184393601223));
#12381=CARTESIAN_POINT('',(-6.87500000000001,194.84255663408,57.0884393601224));
#12382=CARTESIAN_POINT('Origin',(-6.87500000000001,194.84255663408,57.0884393601224));
#12383=CARTESIAN_POINT('',(-6.87500000000001,194.84255663408,57.0884393601224));
#12384=CARTESIAN_POINT('Origin',(9.96749079046685,195.14255663408,57.3884393601224));
#12385=CARTESIAN_POINT('',(-6.87500000000001,195.14255663408,57.3884393601224));
#12386=CARTESIAN_POINT('Origin',(9.96749079046684,198.574575648881,57.3884393601223));
#12387=CARTESIAN_POINT('',(-7.12500000000001,197.196290126234,57.3884393601223));
#12388=CARTESIAN_POINT('Origin',(15.7451912004372,197.196290126234,57.0884393601223));
#12389=CARTESIAN_POINT('',(-6.87500000000001,197.196290126234,57.0884393601223));
#12390=CARTESIAN_POINT('Origin',(-6.87500000000001,194.84255663408,57.0884393601224));
#12391=CARTESIAN_POINT('Origin',(-6.12500000000001,194.84255663408,57.0884393601224));
#12392=CARTESIAN_POINT('',(-6.12500000000001,197.196290126234,57.3884393601223));
#12393=CARTESIAN_POINT('',(-6.125,197.196290126234,57.0884393601223));
#12394=CARTESIAN_POINT('',(-6.12500000000001,197.196290126234,57.3884393601223));
#12395=CARTESIAN_POINT('',(-6.12500000000001,194.84255663408,57.0884393601224));
#12396=CARTESIAN_POINT('',(-6.12500000000001,194.84255663408,57.0884393601224));
#12397=CARTESIAN_POINT('',(-6.12500000000001,194.84255663408,58.9184393601223));
#12398=CARTESIAN_POINT('',(-6.12500000000001,194.84255663408,57.0884393601224));
#12399=CARTESIAN_POINT('',(-6.12500000000001,195.14255663408,58.9184393601223));
#12400=CARTESIAN_POINT('',(-6.12500000000001,194.84255663408,58.9184393601223));
#12401=CARTESIAN_POINT('',(-6.12500000000001,195.14255663408,57.3884393601224));
#12402=CARTESIAN_POINT('',(-6.12500000000001,195.14255663408,58.9184393601223));
#12403=CARTESIAN_POINT('',(-6.12500000000001,195.14255663408,57.3884393601224));
#12404=CARTESIAN_POINT('Origin',(-6.12500000000001,194.84255663408,58.9184393601223));
#12405=CARTESIAN_POINT('',(-5.87500000000001,195.14255663408,58.9184393601223));
#12406=CARTESIAN_POINT('',(-5.87500000000001,195.14255663408,58.9184393601223));
#12407=CARTESIAN_POINT('',(-5.87500000000001,194.84255663408,58.9184393601223));
#12408=CARTESIAN_POINT('',(-6.12500000000001,194.84255663408,58.9184393601223));
#12409=CARTESIAN_POINT('',(-5.87500000000001,194.84255663408,58.9184393601223));
#12410=CARTESIAN_POINT('Origin',(-5.87500000000001,194.84255663408,58.9184393601223));
#12411=CARTESIAN_POINT('',(-5.87500000000001,197.196290126234,57.0884393601223));
#12412=CARTESIAN_POINT('',(-5.87500000000001,197.196290126234,57.3884393601223));
#12413=CARTESIAN_POINT('',(-5.87500000000001,197.196290126234,57.0884393601223));
#12414=CARTESIAN_POINT('',(-5.87500000000001,195.14255663408,57.3884393601224));
#12415=CARTESIAN_POINT('',(-5.87500000000001,197.196290126234,57.3884393601223));
#12416=CARTESIAN_POINT('',(-5.87500000000001,195.14255663408,57.3884393601224));
#12417=CARTESIAN_POINT('',(-5.87500000000001,194.84255663408,57.0884393601224));
#12418=CARTESIAN_POINT('',(-5.87500000000001,194.84255663408,58.9184393601223));
#12419=CARTESIAN_POINT('',(-5.87500000000001,194.84255663408,57.0884393601224));
#12420=CARTESIAN_POINT('Origin',(-5.87500000000001,194.84255663408,57.0884393601224));
#12421=CARTESIAN_POINT('',(-5.87500000000001,194.84255663408,57.0884393601224));
#12422=CARTESIAN_POINT('Origin',(9.96749079046685,195.14255663408,57.3884393601224));
#12423=CARTESIAN_POINT('',(-5.87500000000001,195.14255663408,57.3884393601224));
#12424=CARTESIAN_POINT('Origin',(9.96749079046684,198.574575648881,57.3884393601223));
#12425=CARTESIAN_POINT('',(-6.12500000000001,197.196290126234,57.3884393601223));
#12426=CARTESIAN_POINT('Origin',(15.7451912004372,197.196290126234,57.0884393601223));
#12427=CARTESIAN_POINT('',(-5.87500000000001,197.196290126234,57.0884393601223));
#12428=CARTESIAN_POINT('Origin',(-5.87500000000001,194.84255663408,57.0884393601224));
#12429=CARTESIAN_POINT('Origin',(-5.12500000000001,194.84255663408,57.0884393601224));
#12430=CARTESIAN_POINT('',(-5.12500000000001,197.196290126234,57.3884393601223));
#12431=CARTESIAN_POINT('',(-5.12500000000001,197.196290126234,57.0884393601223));
#12432=CARTESIAN_POINT('',(-5.12500000000001,197.196290126234,57.3884393601223));
#12433=CARTESIAN_POINT('',(-5.12500000000001,194.84255663408,57.0884393601224));
#12434=CARTESIAN_POINT('',(-5.12500000000001,194.84255663408,57.0884393601224));
#12435=CARTESIAN_POINT('',(-5.12500000000001,194.84255663408,58.9184393601223));
#12436=CARTESIAN_POINT('',(-5.12500000000001,194.84255663408,57.0884393601224));
#12437=CARTESIAN_POINT('',(-5.12500000000001,195.14255663408,58.9184393601223));
#12438=CARTESIAN_POINT('',(-5.12500000000001,194.84255663408,58.9184393601223));
#12439=CARTESIAN_POINT('',(-5.12500000000001,195.14255663408,57.3884393601224));
#12440=CARTESIAN_POINT('',(-5.12500000000001,195.14255663408,58.9184393601223));
#12441=CARTESIAN_POINT('',(-5.12500000000001,195.14255663408,57.3884393601224));
#12442=CARTESIAN_POINT('Origin',(-5.12500000000001,194.84255663408,58.9184393601223));
#12443=CARTESIAN_POINT('',(-4.87500000000001,195.14255663408,58.9184393601223));
#12444=CARTESIAN_POINT('',(-4.87500000000001,195.14255663408,58.9184393601223));
#12445=CARTESIAN_POINT('',(-4.87500000000001,194.84255663408,58.9184393601223));
#12446=CARTESIAN_POINT('',(-5.12500000000001,194.84255663408,58.9184393601223));
#12447=CARTESIAN_POINT('',(-4.87500000000001,194.84255663408,58.9184393601223));
#12448=CARTESIAN_POINT('Origin',(-4.87500000000001,194.84255663408,58.9184393601223));
#12449=CARTESIAN_POINT('',(-4.87500000000001,197.196290126234,57.0884393601223));
#12450=CARTESIAN_POINT('',(-4.87500000000001,197.196290126234,57.3884393601223));
#12451=CARTESIAN_POINT('',(-4.87500000000001,197.196290126234,57.0884393601223));
#12452=CARTESIAN_POINT('',(-4.87500000000001,195.14255663408,57.3884393601224));
#12453=CARTESIAN_POINT('',(-4.87500000000001,197.196290126234,57.3884393601223));
#12454=CARTESIAN_POINT('',(-4.87500000000001,195.14255663408,57.3884393601224));
#12455=CARTESIAN_POINT('',(-4.87500000000001,194.84255663408,57.0884393601224));
#12456=CARTESIAN_POINT('',(-4.87500000000001,194.84255663408,58.9184393601223));
#12457=CARTESIAN_POINT('',(-4.87500000000001,194.84255663408,57.0884393601224));
#12458=CARTESIAN_POINT('Origin',(-4.87500000000001,194.84255663408,57.0884393601224));
#12459=CARTESIAN_POINT('',(-4.87500000000001,194.84255663408,57.0884393601224));
#12460=CARTESIAN_POINT('Origin',(9.96749079046685,195.14255663408,57.3884393601224));
#12461=CARTESIAN_POINT('',(-4.87500000000001,195.14255663408,57.3884393601224));
#12462=CARTESIAN_POINT('Origin',(9.96749079046684,198.574575648881,57.3884393601223));
#12463=CARTESIAN_POINT('',(-5.12500000000001,197.196290126234,57.3884393601223));
#12464=CARTESIAN_POINT('Origin',(15.7451912004372,197.196290126234,57.0884393601223));
#12465=CARTESIAN_POINT('',(-4.87500000000001,197.196290126234,57.0884393601223));
#12466=CARTESIAN_POINT('Origin',(-4.87500000000001,194.84255663408,57.0884393601224));
#12467=CARTESIAN_POINT('Origin',(-4.12500000000001,194.84255663408,57.0884393601224));
#12468=CARTESIAN_POINT('',(-4.12500000000001,197.196290126234,57.3884393601223));
#12469=CARTESIAN_POINT('',(-4.12500000000002,197.196290126234,57.0884393601223));
#12470=CARTESIAN_POINT('',(-4.12500000000001,197.196290126234,57.3884393601223));
#12471=CARTESIAN_POINT('',(-4.12500000000001,194.84255663408,57.0884393601224));
#12472=CARTESIAN_POINT('',(-4.12500000000001,194.84255663408,57.0884393601224));
#12473=CARTESIAN_POINT('',(-4.12500000000001,194.84255663408,58.9184393601223));
#12474=CARTESIAN_POINT('',(-4.12500000000001,194.84255663408,57.0884393601224));
#12475=CARTESIAN_POINT('',(-4.12500000000001,195.14255663408,58.9184393601223));
#12476=CARTESIAN_POINT('',(-4.12500000000001,194.84255663408,58.9184393601223));
#12477=CARTESIAN_POINT('',(-4.12500000000001,195.14255663408,57.3884393601224));
#12478=CARTESIAN_POINT('',(-4.12500000000001,195.14255663408,58.9184393601223));
#12479=CARTESIAN_POINT('',(-4.12500000000001,195.14255663408,57.3884393601224));
#12480=CARTESIAN_POINT('Origin',(-4.12500000000001,194.84255663408,58.9184393601223));
#12481=CARTESIAN_POINT('',(-3.87500000000001,195.14255663408,58.9184393601223));
#12482=CARTESIAN_POINT('',(-3.87500000000001,195.14255663408,58.9184393601223));
#12483=CARTESIAN_POINT('',(-3.87500000000001,194.84255663408,58.9184393601223));
#12484=CARTESIAN_POINT('',(-4.12500000000001,194.84255663408,58.9184393601223));
#12485=CARTESIAN_POINT('',(-3.87500000000001,194.84255663408,58.9184393601223));
#12486=CARTESIAN_POINT('Origin',(-3.87500000000001,194.84255663408,58.9184393601223));
#12487=CARTESIAN_POINT('',(-3.87500000000001,197.196290126234,57.0884393601223));
#12488=CARTESIAN_POINT('',(-3.87500000000001,197.196290126234,57.3884393601223));
#12489=CARTESIAN_POINT('',(-3.87500000000001,197.196290126234,57.0884393601223));
#12490=CARTESIAN_POINT('',(-3.87500000000001,195.14255663408,57.3884393601224));
#12491=CARTESIAN_POINT('',(-3.87500000000001,197.196290126234,57.3884393601223));
#12492=CARTESIAN_POINT('',(-3.87500000000001,195.14255663408,57.3884393601224));
#12493=CARTESIAN_POINT('',(-3.87500000000001,194.84255663408,57.0884393601224));
#12494=CARTESIAN_POINT('',(-3.87500000000001,194.84255663408,58.9184393601223));
#12495=CARTESIAN_POINT('',(-3.87500000000001,194.84255663408,57.0884393601224));
#12496=CARTESIAN_POINT('Origin',(-3.87500000000001,194.84255663408,57.0884393601224));
#12497=CARTESIAN_POINT('',(-3.87500000000001,194.84255663408,57.0884393601224));
#12498=CARTESIAN_POINT('Origin',(9.96749079046685,195.14255663408,57.3884393601224));
#12499=CARTESIAN_POINT('',(-3.87500000000001,195.14255663408,57.3884393601224));
#12500=CARTESIAN_POINT('Origin',(9.96749079046684,198.574575648881,57.3884393601223));
#12501=CARTESIAN_POINT('',(-4.12500000000001,197.196290126234,57.3884393601223));
#12502=CARTESIAN_POINT('Origin',(15.7451912004372,197.196290126234,57.0884393601223));
#12503=CARTESIAN_POINT('',(-3.87500000000001,197.196290126234,57.0884393601223));
#12504=CARTESIAN_POINT('Origin',(-3.87500000000001,194.84255663408,57.0884393601224));
#12505=CARTESIAN_POINT('Origin',(-3.12500000000001,194.84255663408,57.0884393601224));
#12506=CARTESIAN_POINT('',(-3.12500000000001,197.196290126234,57.3884393601223));
#12507=CARTESIAN_POINT('',(-3.12500000000001,197.196290126234,57.0884393601223));
#12508=CARTESIAN_POINT('',(-3.12500000000001,197.196290126234,57.3884393601223));
#12509=CARTESIAN_POINT('',(-3.12500000000001,194.84255663408,57.0884393601224));
#12510=CARTESIAN_POINT('',(-3.12500000000001,194.84255663408,57.0884393601224));
#12511=CARTESIAN_POINT('',(-3.125,194.84255663408,58.9184393601223));
#12512=CARTESIAN_POINT('',(-3.12500000000001,194.84255663408,57.0884393601224));
#12513=CARTESIAN_POINT('',(-3.12500000000001,195.14255663408,58.9184393601223));
#12514=CARTESIAN_POINT('',(-3.125,194.84255663408,58.9184393601223));
#12515=CARTESIAN_POINT('',(-3.12500000000001,195.14255663408,57.3884393601224));
#12516=CARTESIAN_POINT('',(-3.12500000000001,195.14255663408,58.9184393601223));
#12517=CARTESIAN_POINT('',(-3.12500000000001,195.14255663408,57.3884393601224));
#12518=CARTESIAN_POINT('Origin',(-3.125,194.84255663408,58.9184393601223));
#12519=CARTESIAN_POINT('',(-2.87500000000001,195.14255663408,58.9184393601223));
#12520=CARTESIAN_POINT('',(-2.87500000000001,195.14255663408,58.9184393601223));
#12521=CARTESIAN_POINT('',(-2.87500000000001,194.84255663408,58.9184393601223));
#12522=CARTESIAN_POINT('',(-3.125,194.84255663408,58.9184393601223));
#12523=CARTESIAN_POINT('',(-2.87500000000001,194.84255663408,58.9184393601223));
#12524=CARTESIAN_POINT('Origin',(-2.87500000000001,194.84255663408,58.9184393601223));
#12525=CARTESIAN_POINT('',(-2.87500000000002,197.196290126234,57.0884393601223));
#12526=CARTESIAN_POINT('',(-2.87500000000001,197.196290126234,57.3884393601223));
#12527=CARTESIAN_POINT('',(-2.87500000000002,197.196290126234,57.0884393601223));
#12528=CARTESIAN_POINT('',(-2.87500000000001,195.14255663408,57.3884393601224));
#12529=CARTESIAN_POINT('',(-2.87500000000001,197.196290126234,57.3884393601223));
#12530=CARTESIAN_POINT('',(-2.87500000000001,195.14255663408,57.3884393601224));
#12531=CARTESIAN_POINT('',(-2.87500000000001,194.84255663408,57.0884393601224));
#12532=CARTESIAN_POINT('',(-2.87500000000001,194.84255663408,58.9184393601223));
#12533=CARTESIAN_POINT('',(-2.87500000000001,194.84255663408,57.0884393601224));
#12534=CARTESIAN_POINT('Origin',(-2.87500000000001,194.84255663408,57.0884393601224));
#12535=CARTESIAN_POINT('',(-2.87500000000001,194.84255663408,57.0884393601224));
#12536=CARTESIAN_POINT('Origin',(9.96749079046685,195.14255663408,57.3884393601224));
#12537=CARTESIAN_POINT('',(-2.87500000000001,195.14255663408,57.3884393601224));
#12538=CARTESIAN_POINT('Origin',(9.96749079046684,198.574575648881,57.3884393601223));
#12539=CARTESIAN_POINT('',(-3.12500000000001,197.196290126234,57.3884393601223));
#12540=CARTESIAN_POINT('Origin',(15.7451912004372,197.196290126234,57.0884393601223));
#12541=CARTESIAN_POINT('',(-2.87500000000002,197.196290126234,57.0884393601223));
#12542=CARTESIAN_POINT('Origin',(-2.87500000000001,194.84255663408,57.0884393601224));
#12543=CARTESIAN_POINT('Origin',(-2.12500000000001,194.84255663408,57.0884393601224));
#12544=CARTESIAN_POINT('',(-2.12500000000001,197.196290126234,57.3884393601223));
#12545=CARTESIAN_POINT('',(-2.12500000000002,197.196290126234,57.0884393601223));
#12546=CARTESIAN_POINT('',(-2.12500000000001,197.196290126234,57.3884393601223));
#12547=CARTESIAN_POINT('',(-2.12500000000001,194.84255663408,57.0884393601224));
#12548=CARTESIAN_POINT('',(-2.12500000000001,194.84255663408,57.0884393601224));
#12549=CARTESIAN_POINT('',(-2.12500000000001,194.84255663408,58.9184393601223));
#12550=CARTESIAN_POINT('',(-2.12500000000001,194.84255663408,57.0884393601224));
#12551=CARTESIAN_POINT('',(-2.12500000000001,195.14255663408,58.9184393601223));
#12552=CARTESIAN_POINT('',(-2.12500000000001,194.84255663408,58.9184393601223));
#12553=CARTESIAN_POINT('',(-2.12500000000001,195.14255663408,57.3884393601224));
#12554=CARTESIAN_POINT('',(-2.12500000000001,195.14255663408,58.9184393601223));
#12555=CARTESIAN_POINT('',(-2.12500000000001,195.14255663408,57.3884393601224));
#12556=CARTESIAN_POINT('Origin',(-2.12500000000001,194.84255663408,58.9184393601223));
#12557=CARTESIAN_POINT('',(-1.87500000000001,195.14255663408,58.9184393601223));
#12558=CARTESIAN_POINT('',(-1.87500000000001,195.14255663408,58.9184393601223));
#12559=CARTESIAN_POINT('',(-1.87500000000001,194.84255663408,58.9184393601223));
#12560=CARTESIAN_POINT('',(-2.12500000000001,194.84255663408,58.9184393601223));
#12561=CARTESIAN_POINT('',(-1.87500000000001,194.84255663408,58.9184393601223));
#12562=CARTESIAN_POINT('Origin',(-1.87500000000001,194.84255663408,58.9184393601223));
#12563=CARTESIAN_POINT('',(-1.87500000000001,197.196290126234,57.0884393601223));
#12564=CARTESIAN_POINT('',(-1.87500000000001,197.196290126234,57.3884393601223));
#12565=CARTESIAN_POINT('',(-1.87500000000001,197.196290126234,57.0884393601223));
#12566=CARTESIAN_POINT('',(-1.87500000000001,195.14255663408,57.3884393601224));
#12567=CARTESIAN_POINT('',(-1.87500000000001,197.196290126234,57.3884393601223));
#12568=CARTESIAN_POINT('',(-1.87500000000001,195.14255663408,57.3884393601224));
#12569=CARTESIAN_POINT('',(-1.87500000000001,194.84255663408,57.0884393601224));
#12570=CARTESIAN_POINT('',(-1.87500000000001,194.84255663408,58.9184393601223));
#12571=CARTESIAN_POINT('',(-1.87500000000001,194.84255663408,57.0884393601224));
#12572=CARTESIAN_POINT('Origin',(-1.87500000000001,194.84255663408,57.0884393601224));
#12573=CARTESIAN_POINT('',(-1.87500000000001,194.84255663408,57.0884393601224));
#12574=CARTESIAN_POINT('Origin',(9.96749079046685,195.14255663408,57.3884393601224));
#12575=CARTESIAN_POINT('',(-1.87500000000001,195.14255663408,57.3884393601224));
#12576=CARTESIAN_POINT('Origin',(9.96749079046684,198.574575648881,57.3884393601223));
#12577=CARTESIAN_POINT('',(-2.12500000000001,197.196290126234,57.3884393601223));
#12578=CARTESIAN_POINT('Origin',(15.7451912004372,197.196290126234,57.0884393601223));
#12579=CARTESIAN_POINT('',(-1.87500000000001,197.196290126234,57.0884393601223));
#12580=CARTESIAN_POINT('Origin',(-1.87500000000001,194.84255663408,57.0884393601224));
#12581=CARTESIAN_POINT('Origin',(-1.12500000000001,194.84255663408,57.0884393601224));
#12582=CARTESIAN_POINT('',(-1.12500000000001,197.196290126234,57.3884393601223));
#12583=CARTESIAN_POINT('',(-1.12500000000001,197.196290126234,57.0884393601223));
#12584=CARTESIAN_POINT('',(-1.12500000000001,197.196290126234,57.3884393601223));
#12585=CARTESIAN_POINT('',(-1.12500000000001,194.84255663408,57.0884393601224));
#12586=CARTESIAN_POINT('',(-1.12500000000001,194.84255663408,57.0884393601224));
#12587=CARTESIAN_POINT('',(-1.12500000000001,194.84255663408,58.9184393601223));
#12588=CARTESIAN_POINT('',(-1.12500000000001,194.84255663408,57.0884393601224));
#12589=CARTESIAN_POINT('',(-1.12500000000001,195.14255663408,58.9184393601223));
#12590=CARTESIAN_POINT('',(-1.12500000000001,194.84255663408,58.9184393601223));
#12591=CARTESIAN_POINT('',(-1.12500000000001,195.14255663408,57.3884393601224));
#12592=CARTESIAN_POINT('',(-1.12500000000001,195.14255663408,58.9184393601223));
#12593=CARTESIAN_POINT('',(-1.12500000000001,195.14255663408,57.3884393601224));
#12594=CARTESIAN_POINT('Origin',(-1.12500000000001,194.84255663408,58.9184393601223));
#12595=CARTESIAN_POINT('',(-0.875000000000006,195.14255663408,58.9184393601223));
#12596=CARTESIAN_POINT('',(-0.875000000000006,195.14255663408,58.9184393601223));
#12597=CARTESIAN_POINT('',(-0.875000000000005,194.84255663408,58.9184393601223));
#12598=CARTESIAN_POINT('',(-1.12500000000001,194.84255663408,58.9184393601223));
#12599=CARTESIAN_POINT('',(-0.875000000000005,194.84255663408,58.9184393601223));
#12600=CARTESIAN_POINT('Origin',(-0.875000000000005,194.84255663408,58.9184393601223));
#12601=CARTESIAN_POINT('',(-0.875000000000006,197.196290126234,57.0884393601223));
#12602=CARTESIAN_POINT('',(-0.875000000000006,197.196290126234,57.3884393601223));
#12603=CARTESIAN_POINT('',(-0.875000000000006,197.196290126234,57.0884393601223));
#12604=CARTESIAN_POINT('',(-0.875000000000006,195.14255663408,57.3884393601224));
#12605=CARTESIAN_POINT('',(-0.875000000000006,197.196290126234,57.3884393601223));
#12606=CARTESIAN_POINT('',(-0.875000000000006,195.14255663408,57.3884393601224));
#12607=CARTESIAN_POINT('',(-0.875000000000005,194.84255663408,57.0884393601224));
#12608=CARTESIAN_POINT('',(-0.875000000000005,194.84255663408,58.9184393601223));
#12609=CARTESIAN_POINT('',(-0.875000000000005,194.84255663408,57.0884393601224));
#12610=CARTESIAN_POINT('Origin',(-0.875000000000005,194.84255663408,57.0884393601224));
#12611=CARTESIAN_POINT('',(-0.875000000000005,194.84255663408,57.0884393601224));
#12612=CARTESIAN_POINT('Origin',(9.96749079046685,195.14255663408,57.3884393601224));
#12613=CARTESIAN_POINT('',(-0.875000000000006,195.14255663408,57.3884393601224));
#12614=CARTESIAN_POINT('Origin',(9.96749079046684,198.574575648881,57.3884393601223));
#12615=CARTESIAN_POINT('',(-1.12500000000001,197.196290126234,57.3884393601223));
#12616=CARTESIAN_POINT('Origin',(15.7451912004372,197.196290126234,57.0884393601223));
#12617=CARTESIAN_POINT('',(-0.875000000000006,197.196290126234,57.0884393601223));
#12618=CARTESIAN_POINT('Origin',(-0.875000000000005,194.84255663408,57.0884393601224));
#12619=CARTESIAN_POINT('Origin',(-0.125000000000005,194.84255663408,57.0884393601224));
#12620=CARTESIAN_POINT('',(-0.125000000000006,197.196290126234,57.3884393601223));
#12621=CARTESIAN_POINT('',(-0.125000000000006,197.196290126234,57.0884393601223));
#12622=CARTESIAN_POINT('',(-0.125000000000006,197.196290126234,57.3884393601223));
#12623=CARTESIAN_POINT('',(-0.125000000000005,194.84255663408,57.0884393601224));
#12624=CARTESIAN_POINT('',(-0.125000000000005,194.84255663408,57.0884393601224));
#12625=CARTESIAN_POINT('',(-0.125000000000005,194.84255663408,58.9184393601223));
#12626=CARTESIAN_POINT('',(-0.125000000000005,194.84255663408,57.0884393601224));
#12627=CARTESIAN_POINT('',(-0.125000000000005,195.14255663408,58.9184393601223));
#12628=CARTESIAN_POINT('',(-0.125000000000005,194.84255663408,58.9184393601223));
#12629=CARTESIAN_POINT('',(-0.125000000000005,195.14255663408,57.3884393601224));
#12630=CARTESIAN_POINT('',(-0.125000000000005,195.14255663408,58.9184393601223));
#12631=CARTESIAN_POINT('',(-0.125000000000005,195.14255663408,57.3884393601224));
#12632=CARTESIAN_POINT('Origin',(-0.125000000000005,194.84255663408,58.9184393601223));
#12633=CARTESIAN_POINT('',(0.124999999999995,195.14255663408,58.9184393601223));
#12634=CARTESIAN_POINT('',(0.124999999999995,195.14255663408,58.9184393601223));
#12635=CARTESIAN_POINT('',(0.124999999999995,194.84255663408,58.9184393601223));
#12636=CARTESIAN_POINT('',(-0.125000000000005,194.84255663408,58.9184393601223));
#12637=CARTESIAN_POINT('',(0.124999999999995,194.84255663408,58.9184393601223));
#12638=CARTESIAN_POINT('Origin',(0.124999999999995,194.84255663408,58.9184393601223));
#12639=CARTESIAN_POINT('',(0.124999999999994,197.196290126234,57.0884393601223));
#12640=CARTESIAN_POINT('',(0.125000000000001,197.196290126234,57.3884393601223));
#12641=CARTESIAN_POINT('',(0.124999999999994,197.196290126234,57.0884393601223));
#12642=CARTESIAN_POINT('',(0.124999999999995,195.14255663408,57.3884393601224));
#12643=CARTESIAN_POINT('',(0.125000000000001,197.196290126234,57.3884393601223));
#12644=CARTESIAN_POINT('',(0.124999999999995,195.14255663408,57.3884393601224));
#12645=CARTESIAN_POINT('',(0.124999999999995,194.84255663408,57.0884393601224));
#12646=CARTESIAN_POINT('',(0.124999999999995,194.84255663408,58.9184393601223));
#12647=CARTESIAN_POINT('',(0.124999999999995,194.84255663408,57.0884393601224));
#12648=CARTESIAN_POINT('Origin',(0.124999999999995,194.84255663408,57.0884393601224));
#12649=CARTESIAN_POINT('',(0.124999999999995,194.84255663408,57.0884393601224));
#12650=CARTESIAN_POINT('Origin',(9.96749079046685,195.14255663408,57.3884393601224));
#12651=CARTESIAN_POINT('',(0.124999999999995,195.14255663408,57.3884393601224));
#12652=CARTESIAN_POINT('Origin',(9.96749079046684,198.574575648881,57.3884393601223));
#12653=CARTESIAN_POINT('',(-0.125000000000006,197.196290126234,57.3884393601223));
#12654=CARTESIAN_POINT('Origin',(15.7451912004372,197.196290126234,57.0884393601223));
#12655=CARTESIAN_POINT('',(0.124999999999994,197.196290126234,57.0884393601223));
#12656=CARTESIAN_POINT('Origin',(0.124999999999995,194.84255663408,57.0884393601224));
#12657=CARTESIAN_POINT('Origin',(0.874999999999995,194.84255663408,57.0884393601224));
#12658=CARTESIAN_POINT('',(0.874999999999994,197.196290126234,57.3884393601224));
#12659=CARTESIAN_POINT('',(0.874999999999994,197.196290126234,57.0884393601223));
#12660=CARTESIAN_POINT('',(0.874999999999994,197.196290126234,57.3884393601224));
#12661=CARTESIAN_POINT('',(0.874999999999995,194.84255663408,57.0884393601224));
#12662=CARTESIAN_POINT('',(0.874999999999995,194.84255663408,57.0884393601224));
#12663=CARTESIAN_POINT('',(0.874999999999995,194.84255663408,58.9184393601223));
#12664=CARTESIAN_POINT('',(0.874999999999995,194.84255663408,57.0884393601224));
#12665=CARTESIAN_POINT('',(0.874999999999995,195.14255663408,58.9184393601223));
#12666=CARTESIAN_POINT('',(0.874999999999995,194.84255663408,58.9184393601223));
#12667=CARTESIAN_POINT('',(0.874999999999995,195.14255663408,57.3884393601224));
#12668=CARTESIAN_POINT('',(0.874999999999995,195.14255663408,58.9184393601223));
#12669=CARTESIAN_POINT('',(0.874999999999995,195.14255663408,57.3884393601224));
#12670=CARTESIAN_POINT('Origin',(0.874999999999995,194.84255663408,58.9184393601223));
#12671=CARTESIAN_POINT('',(1.12499999999999,195.14255663408,58.9184393601223));
#12672=CARTESIAN_POINT('',(1.12499999999999,195.14255663408,58.9184393601223));
#12673=CARTESIAN_POINT('',(1.12499999999999,194.84255663408,58.9184393601223));
#12674=CARTESIAN_POINT('',(0.874999999999995,194.84255663408,58.9184393601223));
#12675=CARTESIAN_POINT('',(1.12499999999999,194.84255663408,58.9184393601223));
#12676=CARTESIAN_POINT('Origin',(1.12499999999999,194.84255663408,58.9184393601223));
#12677=CARTESIAN_POINT('',(1.12499999999999,197.196290126234,57.0884393601223));
#12678=CARTESIAN_POINT('',(1.12499999999999,197.196290126234,57.3884393601224));
#12679=CARTESIAN_POINT('',(1.12499999999999,197.196290126234,57.0884393601223));
#12680=CARTESIAN_POINT('',(1.12499999999999,195.14255663408,57.3884393601224));
#12681=CARTESIAN_POINT('',(1.12499999999999,197.196290126234,57.3884393601224));
#12682=CARTESIAN_POINT('',(1.12499999999999,195.14255663408,57.3884393601224));
#12683=CARTESIAN_POINT('',(1.12499999999999,194.84255663408,57.0884393601224));
#12684=CARTESIAN_POINT('',(1.12499999999999,194.84255663408,58.9184393601223));
#12685=CARTESIAN_POINT('',(1.12499999999999,194.84255663408,57.0884393601224));
#12686=CARTESIAN_POINT('Origin',(1.12499999999999,194.84255663408,57.0884393601224));
#12687=CARTESIAN_POINT('',(1.12499999999999,194.84255663408,57.0884393601224));
#12688=CARTESIAN_POINT('Origin',(9.96749079046685,195.14255663408,57.3884393601224));
#12689=CARTESIAN_POINT('',(1.12499999999999,195.14255663408,57.3884393601224));
#12690=CARTESIAN_POINT('Origin',(9.96749079046684,198.574575648881,57.3884393601223));
#12691=CARTESIAN_POINT('',(0.874999999999994,197.196290126234,57.3884393601224));
#12692=CARTESIAN_POINT('Origin',(15.7451912004372,197.196290126234,57.0884393601223));
#12693=CARTESIAN_POINT('',(1.12499999999999,197.196290126234,57.0884393601223));
#12694=CARTESIAN_POINT('Origin',(1.12499999999999,194.84255663408,57.0884393601224));
#12695=CARTESIAN_POINT('Origin',(1.87499999999999,194.84255663408,57.0884393601224));
#12696=CARTESIAN_POINT('',(1.87499999999999,197.196290126234,57.3884393601224));
#12697=CARTESIAN_POINT('',(1.87499999999999,197.196290126234,57.0884393601223));
#12698=CARTESIAN_POINT('',(1.87499999999999,197.196290126234,57.3884393601224));
#12699=CARTESIAN_POINT('',(1.87499999999999,194.84255663408,57.0884393601224));
#12700=CARTESIAN_POINT('',(1.87499999999999,194.84255663408,57.0884393601224));
#12701=CARTESIAN_POINT('',(1.87499999999999,194.84255663408,58.9184393601223));
#12702=CARTESIAN_POINT('',(1.87499999999999,194.84255663408,57.0884393601224));
#12703=CARTESIAN_POINT('',(1.87499999999999,195.14255663408,58.9184393601223));
#12704=CARTESIAN_POINT('',(1.87499999999999,194.84255663408,58.9184393601223));
#12705=CARTESIAN_POINT('',(1.87499999999999,195.14255663408,57.3884393601224));
#12706=CARTESIAN_POINT('',(1.87499999999999,195.14255663408,58.9184393601223));
#12707=CARTESIAN_POINT('',(1.87499999999999,195.14255663408,57.3884393601224));
#12708=CARTESIAN_POINT('Origin',(1.87499999999999,194.84255663408,58.9184393601223));
#12709=CARTESIAN_POINT('',(2.125,195.14255663408,58.9184393601223));
#12710=CARTESIAN_POINT('',(2.125,195.14255663408,58.9184393601223));
#12711=CARTESIAN_POINT('',(2.125,194.84255663408,58.9184393601223));
#12712=CARTESIAN_POINT('',(1.87499999999999,194.84255663408,58.9184393601223));
#12713=CARTESIAN_POINT('',(2.125,194.84255663408,58.9184393601223));
#12714=CARTESIAN_POINT('Origin',(2.125,194.84255663408,58.9184393601223));
#12715=CARTESIAN_POINT('',(2.12499999999999,197.196290126234,57.0884393601223));
#12716=CARTESIAN_POINT('',(2.12499999999999,197.196290126234,57.3884393601224));
#12717=CARTESIAN_POINT('',(2.12499999999999,197.196290126234,57.0884393601223));
#12718=CARTESIAN_POINT('',(2.125,195.14255663408,57.3884393601224));
#12719=CARTESIAN_POINT('',(2.12499999999999,197.196290126234,57.3884393601224));
#12720=CARTESIAN_POINT('',(2.125,195.14255663408,57.3884393601224));
#12721=CARTESIAN_POINT('',(2.125,194.84255663408,57.0884393601224));
#12722=CARTESIAN_POINT('',(2.125,194.84255663408,58.9184393601223));
#12723=CARTESIAN_POINT('',(2.125,194.84255663408,57.0884393601224));
#12724=CARTESIAN_POINT('Origin',(2.125,194.84255663408,57.0884393601224));
#12725=CARTESIAN_POINT('',(2.125,194.84255663408,57.0884393601224));
#12726=CARTESIAN_POINT('Origin',(9.96749079046685,195.14255663408,57.3884393601224));
#12727=CARTESIAN_POINT('',(2.125,195.14255663408,57.3884393601224));
#12728=CARTESIAN_POINT('Origin',(9.96749079046684,198.574575648881,57.3884393601223));
#12729=CARTESIAN_POINT('',(1.87499999999999,197.196290126234,57.3884393601224));
#12730=CARTESIAN_POINT('Origin',(15.7451912004372,197.196290126234,57.0884393601223));
#12731=CARTESIAN_POINT('',(2.12499999999999,197.196290126234,57.0884393601223));
#12732=CARTESIAN_POINT('Origin',(2.125,194.84255663408,57.0884393601224));
#12733=CARTESIAN_POINT('Origin',(2.87499999999999,194.84255663408,57.0884393601224));
#12734=CARTESIAN_POINT('',(2.875,197.196290126234,57.3884393601224));
#12735=CARTESIAN_POINT('',(2.87499999999999,197.196290126234,57.0884393601223));
#12736=CARTESIAN_POINT('',(2.875,197.196290126234,57.3884393601224));
#12737=CARTESIAN_POINT('',(2.87499999999999,194.84255663408,57.0884393601224));
#12738=CARTESIAN_POINT('',(2.87499999999999,194.84255663408,57.0884393601224));
#12739=CARTESIAN_POINT('',(2.875,194.84255663408,58.9184393601223));
#12740=CARTESIAN_POINT('',(2.87499999999999,194.84255663408,57.0884393601224));
#12741=CARTESIAN_POINT('',(2.87499999999999,195.14255663408,58.9184393601223));
#12742=CARTESIAN_POINT('',(2.875,194.84255663408,58.9184393601223));
#12743=CARTESIAN_POINT('',(2.87499999999999,195.14255663408,57.3884393601224));
#12744=CARTESIAN_POINT('',(2.87499999999999,195.14255663408,58.9184393601223));
#12745=CARTESIAN_POINT('',(2.87499999999999,195.14255663408,57.3884393601224));
#12746=CARTESIAN_POINT('Origin',(2.875,194.84255663408,58.9184393601223));
#12747=CARTESIAN_POINT('',(3.12499999999999,195.14255663408,58.9184393601223));
#12748=CARTESIAN_POINT('',(3.12499999999999,195.14255663408,58.9184393601223));
#12749=CARTESIAN_POINT('',(3.125,194.84255663408,58.9184393601223));
#12750=CARTESIAN_POINT('',(2.875,194.84255663408,58.9184393601223));
#12751=CARTESIAN_POINT('',(3.125,194.84255663408,58.9184393601223));
#12752=CARTESIAN_POINT('Origin',(3.125,194.84255663408,58.9184393601223));
#12753=CARTESIAN_POINT('',(3.12499999999999,197.196290126234,57.0884393601223));
#12754=CARTESIAN_POINT('',(3.12499999999999,197.196290126234,57.3884393601224));
#12755=CARTESIAN_POINT('',(3.12499999999999,197.196290126234,57.0884393601223));
#12756=CARTESIAN_POINT('',(3.12499999999999,195.14255663408,57.3884393601224));
#12757=CARTESIAN_POINT('',(3.12499999999999,197.196290126234,57.3884393601224));
#12758=CARTESIAN_POINT('',(3.12499999999999,195.14255663408,57.3884393601224));
#12759=CARTESIAN_POINT('',(3.12499999999999,194.84255663408,57.0884393601224));
#12760=CARTESIAN_POINT('',(3.125,194.84255663408,58.9184393601223));
#12761=CARTESIAN_POINT('',(3.12499999999999,194.84255663408,57.0884393601224));
#12762=CARTESIAN_POINT('Origin',(3.12499999999999,194.84255663408,57.0884393601224));
#12763=CARTESIAN_POINT('',(3.12499999999999,194.84255663408,57.0884393601224));
#12764=CARTESIAN_POINT('Origin',(9.96749079046685,195.14255663408,57.3884393601224));
#12765=CARTESIAN_POINT('',(3.12499999999999,195.14255663408,57.3884393601224));
#12766=CARTESIAN_POINT('Origin',(9.96749079046684,198.574575648881,57.3884393601223));
#12767=CARTESIAN_POINT('',(2.875,197.196290126234,57.3884393601224));
#12768=CARTESIAN_POINT('Origin',(15.7451912004372,197.196290126234,57.0884393601223));
#12769=CARTESIAN_POINT('',(3.12499999999999,197.196290126234,57.0884393601223));
#12770=CARTESIAN_POINT('Origin',(3.12499999999999,194.84255663408,57.0884393601224));
#12771=CARTESIAN_POINT('Origin',(3.87499999999999,194.84255663408,57.0884393601224));
#12772=CARTESIAN_POINT('',(3.87499999999999,197.196290126234,57.3884393601224));
#12773=CARTESIAN_POINT('',(3.87499999999999,197.196290126234,57.0884393601223));
#12774=CARTESIAN_POINT('',(3.87499999999999,197.196290126234,57.3884393601224));
#12775=CARTESIAN_POINT('',(3.87499999999999,194.84255663408,57.0884393601224));
#12776=CARTESIAN_POINT('',(3.87499999999999,194.84255663408,57.0884393601224));
#12777=CARTESIAN_POINT('',(3.875,194.84255663408,58.9184393601223));
#12778=CARTESIAN_POINT('',(3.87499999999999,194.84255663408,57.0884393601224));
#12779=CARTESIAN_POINT('',(3.87499999999999,195.14255663408,58.9184393601223));
#12780=CARTESIAN_POINT('',(3.875,194.84255663408,58.9184393601223));
#12781=CARTESIAN_POINT('',(3.87499999999999,195.14255663408,57.3884393601224));
#12782=CARTESIAN_POINT('',(3.87499999999999,195.14255663408,58.9184393601223));
#12783=CARTESIAN_POINT('',(3.87499999999999,195.14255663408,57.3884393601224));
#12784=CARTESIAN_POINT('Origin',(3.875,194.84255663408,58.9184393601223));
#12785=CARTESIAN_POINT('',(4.12499999999999,195.14255663408,58.9184393601223));
#12786=CARTESIAN_POINT('',(4.12499999999999,195.14255663408,58.9184393601223));
#12787=CARTESIAN_POINT('',(4.125,194.84255663408,58.9184393601223));
#12788=CARTESIAN_POINT('',(3.875,194.84255663408,58.9184393601223));
#12789=CARTESIAN_POINT('',(4.125,194.84255663408,58.9184393601223));
#12790=CARTESIAN_POINT('Origin',(4.125,194.84255663408,58.9184393601223));
#12791=CARTESIAN_POINT('',(4.12499999999999,197.196290126234,57.0884393601223));
#12792=CARTESIAN_POINT('',(4.125,197.196290126234,57.3884393601224));
#12793=CARTESIAN_POINT('',(4.12499999999999,197.196290126234,57.0884393601223));
#12794=CARTESIAN_POINT('',(4.12499999999999,195.14255663408,57.3884393601224));
#12795=CARTESIAN_POINT('',(4.125,197.196290126234,57.3884393601224));
#12796=CARTESIAN_POINT('',(4.12499999999999,195.14255663408,57.3884393601224));
#12797=CARTESIAN_POINT('',(4.12499999999999,194.84255663408,57.0884393601224));
#12798=CARTESIAN_POINT('',(4.125,194.84255663408,58.9184393601223));
#12799=CARTESIAN_POINT('',(4.12499999999999,194.84255663408,57.0884393601224));
#12800=CARTESIAN_POINT('Origin',(4.12499999999999,194.84255663408,57.0884393601224));
#12801=CARTESIAN_POINT('',(4.12499999999999,194.84255663408,57.0884393601224));
#12802=CARTESIAN_POINT('Origin',(9.96749079046685,195.14255663408,57.3884393601224));
#12803=CARTESIAN_POINT('',(4.12499999999999,195.14255663408,57.3884393601224));
#12804=CARTESIAN_POINT('Origin',(9.96749079046684,198.574575648881,57.3884393601223));
#12805=CARTESIAN_POINT('',(3.87499999999999,197.196290126234,57.3884393601224));
#12806=CARTESIAN_POINT('Origin',(15.7451912004372,197.196290126234,57.0884393601223));
#12807=CARTESIAN_POINT('',(4.12499999999999,197.196290126234,57.0884393601223));
#12808=CARTESIAN_POINT('Origin',(4.12499999999999,194.84255663408,57.0884393601224));
#12809=CARTESIAN_POINT('Origin',(4.87499999999999,194.84255663408,57.0884393601224));
#12810=CARTESIAN_POINT('',(4.87499999999999,197.196290126234,57.3884393601224));
#12811=CARTESIAN_POINT('',(4.87499999999999,197.196290126234,57.0884393601223));
#12812=CARTESIAN_POINT('',(4.87499999999999,197.196290126234,57.3884393601224));
#12813=CARTESIAN_POINT('',(4.87499999999999,194.84255663408,57.0884393601224));
#12814=CARTESIAN_POINT('',(4.87499999999999,194.84255663408,57.0884393601224));
#12815=CARTESIAN_POINT('',(4.875,194.84255663408,58.9184393601223));
#12816=CARTESIAN_POINT('',(4.87499999999999,194.84255663408,57.0884393601224));
#12817=CARTESIAN_POINT('',(4.87499999999999,195.14255663408,58.9184393601223));
#12818=CARTESIAN_POINT('',(4.875,194.84255663408,58.9184393601223));
#12819=CARTESIAN_POINT('',(4.87499999999999,195.14255663408,57.3884393601224));
#12820=CARTESIAN_POINT('',(4.87499999999999,195.14255663408,58.9184393601223));
#12821=CARTESIAN_POINT('',(4.87499999999999,195.14255663408,57.3884393601224));
#12822=CARTESIAN_POINT('Origin',(4.875,194.84255663408,58.9184393601223));
#12823=CARTESIAN_POINT('',(5.12499999999999,195.14255663408,58.9184393601223));
#12824=CARTESIAN_POINT('',(5.12499999999999,195.14255663408,58.9184393601223));
#12825=CARTESIAN_POINT('',(5.12499999999999,194.84255663408,58.9184393601223));
#12826=CARTESIAN_POINT('',(4.875,194.84255663408,58.9184393601223));
#12827=CARTESIAN_POINT('',(5.12499999999999,194.84255663408,58.9184393601223));
#12828=CARTESIAN_POINT('Origin',(5.12499999999999,194.84255663408,58.9184393601223));
#12829=CARTESIAN_POINT('',(5.12499999999999,197.196290126234,57.0884393601223));
#12830=CARTESIAN_POINT('',(5.12499999999999,197.196290126234,57.3884393601224));
#12831=CARTESIAN_POINT('',(5.12499999999999,197.196290126234,57.0884393601223));
#12832=CARTESIAN_POINT('',(5.12499999999999,195.14255663408,57.3884393601224));
#12833=CARTESIAN_POINT('',(5.12499999999999,197.196290126234,57.3884393601224));
#12834=CARTESIAN_POINT('',(5.12499999999999,195.14255663408,57.3884393601224));
#12835=CARTESIAN_POINT('',(5.12499999999999,194.84255663408,57.0884393601224));
#12836=CARTESIAN_POINT('',(5.12499999999999,194.84255663408,58.9184393601223));
#12837=CARTESIAN_POINT('',(5.12499999999999,194.84255663408,57.0884393601224));
#12838=CARTESIAN_POINT('Origin',(5.12499999999999,194.84255663408,57.0884393601224));
#12839=CARTESIAN_POINT('',(5.12499999999999,194.84255663408,57.0884393601224));
#12840=CARTESIAN_POINT('Origin',(9.96749079046685,195.14255663408,57.3884393601224));
#12841=CARTESIAN_POINT('',(5.12499999999999,195.14255663408,57.3884393601224));
#12842=CARTESIAN_POINT('Origin',(9.96749079046684,198.574575648881,57.3884393601223));
#12843=CARTESIAN_POINT('',(4.87499999999999,197.196290126234,57.3884393601224));
#12844=CARTESIAN_POINT('Origin',(15.7451912004372,197.196290126234,57.0884393601223));
#12845=CARTESIAN_POINT('',(5.12499999999999,197.196290126234,57.0884393601223));
#12846=CARTESIAN_POINT('Origin',(5.12499999999999,194.84255663408,57.0884393601224));
#12847=CARTESIAN_POINT('Origin',(5.87499999999999,194.84255663408,57.0884393601224));
#12848=CARTESIAN_POINT('',(5.87499999999999,197.196290126234,57.3884393601224));
#12849=CARTESIAN_POINT('',(5.87499999999999,197.196290126234,57.0884393601223));
#12850=CARTESIAN_POINT('',(5.87499999999999,197.196290126234,57.3884393601224));
#12851=CARTESIAN_POINT('',(5.87499999999999,194.84255663408,57.0884393601224));
#12852=CARTESIAN_POINT('',(5.87499999999999,194.84255663408,57.0884393601224));
#12853=CARTESIAN_POINT('',(5.87499999999999,194.84255663408,58.9184393601223));
#12854=CARTESIAN_POINT('',(5.87499999999999,194.84255663408,57.0884393601224));
#12855=CARTESIAN_POINT('',(5.87499999999999,195.14255663408,58.9184393601223));
#12856=CARTESIAN_POINT('',(5.87499999999999,194.84255663408,58.9184393601223));
#12857=CARTESIAN_POINT('',(5.87499999999999,195.14255663408,57.3884393601224));
#12858=CARTESIAN_POINT('',(5.87499999999999,195.14255663408,58.9184393601223));
#12859=CARTESIAN_POINT('',(5.87499999999999,195.14255663408,57.3884393601224));
#12860=CARTESIAN_POINT('Origin',(5.87499999999999,194.84255663408,58.9184393601223));
#12861=CARTESIAN_POINT('',(6.12499999999999,195.14255663408,58.9184393601223));
#12862=CARTESIAN_POINT('',(6.12499999999999,195.14255663408,58.9184393601223));
#12863=CARTESIAN_POINT('',(6.12499999999999,194.84255663408,58.9184393601223));
#12864=CARTESIAN_POINT('',(5.87499999999999,194.84255663408,58.9184393601223));
#12865=CARTESIAN_POINT('',(6.12499999999999,194.84255663408,58.9184393601223));
#12866=CARTESIAN_POINT('Origin',(6.12499999999999,194.84255663408,58.9184393601223));
#12867=CARTESIAN_POINT('',(6.12499999999999,197.196290126234,57.0884393601223));
#12868=CARTESIAN_POINT('',(6.12499999999999,197.196290126234,57.3884393601224));
#12869=CARTESIAN_POINT('',(6.12499999999999,197.196290126234,57.0884393601223));
#12870=CARTESIAN_POINT('',(6.12499999999999,195.14255663408,57.3884393601224));
#12871=CARTESIAN_POINT('',(6.12499999999999,197.196290126234,57.3884393601224));
#12872=CARTESIAN_POINT('',(6.12499999999999,195.14255663408,57.3884393601224));
#12873=CARTESIAN_POINT('',(6.12499999999999,194.84255663408,57.0884393601224));
#12874=CARTESIAN_POINT('',(6.12499999999999,194.84255663408,58.9184393601223));
#12875=CARTESIAN_POINT('',(6.12499999999999,194.84255663408,57.0884393601224));
#12876=CARTESIAN_POINT('Origin',(6.12499999999999,194.84255663408,57.0884393601224));
#12877=CARTESIAN_POINT('',(6.12499999999999,194.84255663408,57.0884393601224));
#12878=CARTESIAN_POINT('Origin',(9.96749079046685,195.14255663408,57.3884393601224));
#12879=CARTESIAN_POINT('',(6.12499999999999,195.14255663408,57.3884393601224));
#12880=CARTESIAN_POINT('Origin',(9.96749079046684,198.574575648881,57.3884393601223));
#12881=CARTESIAN_POINT('',(5.87499999999999,197.196290126234,57.3884393601224));
#12882=CARTESIAN_POINT('Origin',(15.7451912004372,197.196290126234,57.0884393601223));
#12883=CARTESIAN_POINT('',(6.12499999999999,197.196290126234,57.0884393601223));
#12884=CARTESIAN_POINT('Origin',(6.12499999999999,194.84255663408,57.0884393601224));
#12885=CARTESIAN_POINT('Origin',(6.87499999999999,194.84255663408,57.0884393601224));
#12886=CARTESIAN_POINT('',(6.875,197.196290126234,57.3884393601224));
#12887=CARTESIAN_POINT('',(6.87499999999999,197.196290126234,57.0884393601223));
#12888=CARTESIAN_POINT('',(6.875,197.196290126234,57.3884393601224));
#12889=CARTESIAN_POINT('',(6.87499999999999,194.84255663408,57.0884393601224));
#12890=CARTESIAN_POINT('',(6.87499999999999,194.84255663408,57.0884393601224));
#12891=CARTESIAN_POINT('',(6.87499999999999,194.84255663408,58.9184393601223));
#12892=CARTESIAN_POINT('',(6.87499999999999,194.84255663408,57.0884393601224));
#12893=CARTESIAN_POINT('',(6.87499999999999,195.14255663408,58.9184393601223));
#12894=CARTESIAN_POINT('',(6.87499999999999,194.84255663408,58.9184393601223));
#12895=CARTESIAN_POINT('',(6.87499999999999,195.14255663408,57.3884393601224));
#12896=CARTESIAN_POINT('',(6.87499999999999,195.14255663408,58.9184393601223));
#12897=CARTESIAN_POINT('',(6.87499999999999,195.14255663408,57.3884393601224));
#12898=CARTESIAN_POINT('Origin',(6.87499999999999,194.84255663408,58.9184393601223));
#12899=CARTESIAN_POINT('',(7.12499999999999,195.14255663408,58.9184393601223));
#12900=CARTESIAN_POINT('',(7.12499999999999,195.14255663408,58.9184393601223));
#12901=CARTESIAN_POINT('',(7.12499999999999,194.84255663408,58.9184393601223));
#12902=CARTESIAN_POINT('',(6.87499999999999,194.84255663408,58.9184393601223));
#12903=CARTESIAN_POINT('',(7.12499999999999,194.84255663408,58.9184393601223));
#12904=CARTESIAN_POINT('Origin',(7.12499999999999,194.84255663408,58.9184393601223));
#12905=CARTESIAN_POINT('',(7.12499999999999,197.196290126234,57.0884393601223));
#12906=CARTESIAN_POINT('',(7.12499999999999,197.196290126234,57.3884393601224));
#12907=CARTESIAN_POINT('',(7.12499999999999,197.196290126234,57.0884393601223));
#12908=CARTESIAN_POINT('',(7.12499999999999,195.14255663408,57.3884393601224));
#12909=CARTESIAN_POINT('',(7.12499999999999,197.196290126234,57.3884393601224));
#12910=CARTESIAN_POINT('',(7.12499999999999,195.14255663408,57.3884393601224));
#12911=CARTESIAN_POINT('',(7.12499999999999,194.84255663408,57.0884393601224));
#12912=CARTESIAN_POINT('',(7.12499999999999,194.84255663408,58.9184393601223));
#12913=CARTESIAN_POINT('',(7.12499999999999,194.84255663408,57.0884393601224));
#12914=CARTESIAN_POINT('Origin',(7.12499999999999,194.84255663408,57.0884393601224));
#12915=CARTESIAN_POINT('',(7.12499999999999,194.84255663408,57.0884393601224));
#12916=CARTESIAN_POINT('Origin',(9.96749079046685,195.14255663408,57.3884393601224));
#12917=CARTESIAN_POINT('',(7.12499999999999,195.14255663408,57.3884393601224));
#12918=CARTESIAN_POINT('Origin',(9.96749079046684,198.574575648881,57.3884393601223));
#12919=CARTESIAN_POINT('',(6.875,197.196290126234,57.3884393601224));
#12920=CARTESIAN_POINT('Origin',(15.7451912004372,197.196290126234,57.0884393601223));
#12921=CARTESIAN_POINT('',(7.12499999999999,197.196290126234,57.0884393601223));
#12922=CARTESIAN_POINT('Origin',(7.12499999999999,194.84255663408,57.0884393601224));
#12923=CARTESIAN_POINT('Origin',(-14.,194.04255663408,80.5984393601224));
#12924=CARTESIAN_POINT('',(-13.3563885543635,193.24255663408,82.4920508057589));
#12925=CARTESIAN_POINT('',(-15.8936114456365,193.24255663408,79.9548279144858));
#12926=CARTESIAN_POINT('Origin',(-14.,193.24255663408,80.5984393601223));
#12927=CARTESIAN_POINT('',(-13.3563885543635,194.84255663408,82.4920508057589));
#12928=CARTESIAN_POINT('Ctrl Pts',(-13.3563885543635,194.84255663408,82.4920508057589));
#12929=CARTESIAN_POINT('Ctrl Pts',(-13.3563885543635,194.343828363004,82.4920508057589));
#12930=CARTESIAN_POINT('Ctrl Pts',(-13.3563885543635,193.845100091927,82.4920508057588));
#12931=CARTESIAN_POINT('Ctrl Pts',(-13.3563885543635,193.311766758594,82.4920508057588));
#12932=CARTESIAN_POINT('Ctrl Pts',(-13.3563885543635,193.277161696337,82.4920508057589));
#12933=CARTESIAN_POINT('Ctrl Pts',(-13.3563885543635,193.24255663408,82.4920508057589));
#12934=CARTESIAN_POINT('',(-15.8936114456365,194.84255663408,79.9548279144858));
#12935=CARTESIAN_POINT('Origin',(-14.,194.84255663408,80.5984393601224));
#12936=CARTESIAN_POINT('Ctrl Pts',(-15.8936114456365,193.24255663408,79.9548279144859));
#12937=CARTESIAN_POINT('Ctrl Pts',(-15.8936114456365,193.509223300747,79.9548279144859));
#12938=CARTESIAN_POINT('Ctrl Pts',(-15.8936114456365,193.775889967414,79.9548279144858));
#12939=CARTESIAN_POINT('Ctrl Pts',(-15.8936114456365,194.309223300747,79.9548279144858));
#12940=CARTESIAN_POINT('Ctrl Pts',(-15.8936114456365,194.575889967414,79.9548279144858));
#12941=CARTESIAN_POINT('Ctrl Pts',(-15.8936114456365,194.84255663408,79.9548279144858));
#12942=CARTESIAN_POINT('Origin',(-14.,194.04255663408,52.5984393601223));
#12943=CARTESIAN_POINT('',(-15.8936114456365,193.24255663408,53.2420508057589));
#12944=CARTESIAN_POINT('',(-13.3563885543634,193.24255663408,50.7048279144858));
#12945=CARTESIAN_POINT('Origin',(-14.,193.24255663408,52.5984393601223));
#12946=CARTESIAN_POINT('',(-15.8936114456365,194.84255663408,53.2420508057589));
#12947=CARTESIAN_POINT('Ctrl Pts',(-15.8936114456365,194.84255663408,53.2420508057589));
#12948=CARTESIAN_POINT('Ctrl Pts',(-15.8936114456365,194.341230430088,53.2420508057589));
#12949=CARTESIAN_POINT('Ctrl Pts',(-15.8936114456365,193.839904226096,53.2420508057589));
#12950=CARTESIAN_POINT('Ctrl Pts',(-15.8936114456365,193.306570892763,53.2420508057589));
#12951=CARTESIAN_POINT('Ctrl Pts',(-15.8936114456365,193.274563763422,53.2420508057589));
#12952=CARTESIAN_POINT('Ctrl Pts',(-15.8936114456365,193.24255663408,53.2420508057589));
#12953=CARTESIAN_POINT('',(-13.3563885543634,194.84255663408,50.7048279144858));
#12954=CARTESIAN_POINT('Origin',(-14.,194.84255663408,52.5984393601223));
#12955=CARTESIAN_POINT('Ctrl Pts',(-13.3563885543634,193.24255663408,50.7048279144858));
#12956=CARTESIAN_POINT('Ctrl Pts',(-13.3563885543634,193.509223300747,50.7048279144858));
#12957=CARTESIAN_POINT('Ctrl Pts',(-13.3563885543634,193.775889967414,50.7048279144858));
#12958=CARTESIAN_POINT('Ctrl Pts',(-13.3563885543634,194.309223300747,50.7048279144858));
#12959=CARTESIAN_POINT('Ctrl Pts',(-13.3563885543634,194.575889967414,50.7048279144858));
#12960=CARTESIAN_POINT('Ctrl Pts',(-13.3563885543634,194.84255663408,50.7048279144858));
#12961=CARTESIAN_POINT('Origin',(14.,194.04255663408,80.5984393601224));
#12962=CARTESIAN_POINT('',(15.8936114456365,193.24255663408,79.9548279144858));
#12963=CARTESIAN_POINT('',(13.3563885543635,193.24255663408,82.4920508057588));
#12964=CARTESIAN_POINT('Origin',(14.,193.24255663408,80.5984393601223));
#12965=CARTESIAN_POINT('',(15.8936114456365,194.84255663408,79.9548279144858));
#12966=CARTESIAN_POINT('Ctrl Pts',(15.8936114456365,194.84255663408,79.9548279144858));
#12967=CARTESIAN_POINT('Ctrl Pts',(15.8936114456365,194.371365776479,79.9548279144858));
#12968=CARTESIAN_POINT('Ctrl Pts',(15.8936114456365,193.900174918877,79.9548279144858));
#12969=CARTESIAN_POINT('Ctrl Pts',(15.8936114456365,193.366841585544,79.9548279144858));
#12970=CARTESIAN_POINT('Ctrl Pts',(15.8936114456365,193.304699109812,79.9548279144858));
#12971=CARTESIAN_POINT('Ctrl Pts',(15.8936114456365,193.24255663408,79.9548279144858));
#12972=CARTESIAN_POINT('',(13.3563885543635,194.84255663408,82.4920508057589));
#12973=CARTESIAN_POINT('Origin',(14.,194.84255663408,80.5984393601224));
#12974=CARTESIAN_POINT('Ctrl Pts',(13.3563885543635,193.24255663408,82.4920508057589));
#12975=CARTESIAN_POINT('Ctrl Pts',(13.3563885543635,193.509223300747,82.4920508057589));
#12976=CARTESIAN_POINT('Ctrl Pts',(13.3563885543635,193.775889967414,82.4920508057589));
#12977=CARTESIAN_POINT('Ctrl Pts',(13.3563885543635,194.309223300747,82.4920508057589));
#12978=CARTESIAN_POINT('Ctrl Pts',(13.3563885543635,194.575889967414,82.4920508057589));
#12979=CARTESIAN_POINT('Ctrl Pts',(13.3563885543635,194.84255663408,82.4920508057589));
#12980=CARTESIAN_POINT('Origin',(-24.375,194.84255663408,42.2234393601223));
#12981=CARTESIAN_POINT('',(15.8936114456365,194.84255663408,53.2420508057588));
#12982=CARTESIAN_POINT('Ctrl Pts',(15.8936114456365,194.84255663408,53.2420508057588));
#12983=CARTESIAN_POINT('Ctrl Pts',(16.,194.84255663408,53.6636367948908));
#12984=CARTESIAN_POINT('Ctrl Pts',(16.,194.84255663408,54.0984393601223));
#12985=CARTESIAN_POINT('Ctrl Pts',(16.,194.84255663408,66.5984393601223));
#12986=CARTESIAN_POINT('Ctrl Pts',(16.,194.84255663408,79.0984393601223));
#12987=CARTESIAN_POINT('Ctrl Pts',(16.,194.84255663408,79.5332419253539));
#12988=CARTESIAN_POINT('Ctrl Pts',(15.8936114456365,194.84255663408,79.9548279144858));
#12989=CARTESIAN_POINT('',(13.3563885543635,194.84255663408,50.7048279144858));
#12990=CARTESIAN_POINT('Origin',(14.,194.84255663408,52.5984393601223));
#12991=CARTESIAN_POINT('',(-12.5,194.84255663408,50.5984393601223));
#12992=CARTESIAN_POINT('Ctrl Pts',(-12.5,194.84255663408,50.5984393601223));
#12993=CARTESIAN_POINT('Ctrl Pts',(2.32668038617396E-14,194.84255663408,
50.5984393601223));
#12994=CARTESIAN_POINT('Ctrl Pts',(12.5,194.84255663408,50.5984393601223));
#12995=CARTESIAN_POINT('Ctrl Pts',(12.9348025652315,194.84255663408,50.5984393601223));
#12996=CARTESIAN_POINT('Ctrl Pts',(13.3563885543635,194.84255663408,50.7048279144858));
#12997=CARTESIAN_POINT('Ctrl Pts',(-13.3563885543634,194.84255663408,50.7048279144858));
#12998=CARTESIAN_POINT('Ctrl Pts',(-12.9348025652315,194.84255663408,50.5984393601223));
#12999=CARTESIAN_POINT('Ctrl Pts',(-12.5,194.84255663408,50.5984393601223));
#13000=CARTESIAN_POINT('Ctrl Pts',(-15.8936114456365,194.84255663408,79.9548279144858));
#13001=CARTESIAN_POINT('Ctrl Pts',(-16.,194.84255663408,79.5332419253539));
#13002=CARTESIAN_POINT('Ctrl Pts',(-16.,194.84255663408,79.0984393601223));
#13003=CARTESIAN_POINT('Ctrl Pts',(-16.,194.84255663408,66.5984393601224));
#13004=CARTESIAN_POINT('Ctrl Pts',(-16.,194.84255663408,54.0984393601223));
#13005=CARTESIAN_POINT('Ctrl Pts',(-16.,194.84255663408,53.6636367948909));
#13006=CARTESIAN_POINT('Ctrl Pts',(-15.8936114456365,194.84255663408,53.2420508057589));
#13007=CARTESIAN_POINT('',(12.5,194.84255663408,82.5984393601224));
#13008=CARTESIAN_POINT('Ctrl Pts',(12.5,194.84255663408,82.5984393601224));
#13009=CARTESIAN_POINT('Ctrl Pts',(-4.24867303889908E-15,194.84255663408,
82.5984393601224));
#13010=CARTESIAN_POINT('Ctrl Pts',(-12.5,194.84255663408,82.5984393601224));
#13011=CARTESIAN_POINT('Ctrl Pts',(-12.9348025652315,194.84255663408,82.5984393601224));
#13012=CARTESIAN_POINT('Ctrl Pts',(-13.3563885543635,194.84255663408,82.4920508057589));
#13013=CARTESIAN_POINT('Ctrl Pts',(13.3563885543635,194.84255663408,82.4920508057589));
#13014=CARTESIAN_POINT('Ctrl Pts',(12.9348025652315,194.84255663408,82.5984393601224));
#13015=CARTESIAN_POINT('Ctrl Pts',(12.5,194.84255663408,82.5984393601224));
#13016=CARTESIAN_POINT('',(-9.245,194.84255663408,70.0984393601223));
#13017=CARTESIAN_POINT('Origin',(-10.,194.84255663408,70.0984393601223));
#13018=CARTESIAN_POINT('',(10.755,194.84255663408,63.0984393601224));
#13019=CARTESIAN_POINT('Origin',(10.,194.84255663408,63.0984393601224));
#13020=CARTESIAN_POINT('',(-8.00000000000001,194.84255663408,66.5984393601223));
#13021=CARTESIAN_POINT('Origin',(-10.,194.84255663408,66.5984393601223));
#13022=CARTESIAN_POINT('',(12.,194.84255663408,66.5984393601223));
#13023=CARTESIAN_POINT('Origin',(10.,194.84255663408,66.5984393601223));
#13024=CARTESIAN_POINT('',(-12.7,194.84255663408,72.6984393601224));
#13025=CARTESIAN_POINT('Origin',(-13.5,194.84255663408,72.6984393601224));
#13026=CARTESIAN_POINT('',(-12.7,194.84255663408,70.1984393601223));
#13027=CARTESIAN_POINT('Origin',(-13.5,194.84255663408,70.1984393601224));
#13028=CARTESIAN_POINT('',(-12.7,194.84255663408,59.7984393601223));
#13029=CARTESIAN_POINT('Origin',(-13.5,194.84255663408,59.7984393601223));
#13030=CARTESIAN_POINT('',(-12.7,194.84255663408,57.2984393601224));
#13031=CARTESIAN_POINT('Origin',(-13.5,194.84255663408,57.2984393601223));
#13032=CARTESIAN_POINT('Ctrl Pts',(-12.5,193.24255663408,50.5984393601224));
#13033=CARTESIAN_POINT('Ctrl Pts',(-12.5,195.16255663408,50.5984393601224));
#13034=CARTESIAN_POINT('Ctrl Pts',(2.44249065417534E-14,193.24255663408,
50.5984393601224));
#13035=CARTESIAN_POINT('Ctrl Pts',(2.36540593520838E-14,195.16255663408,
50.5984393601224));
#13036=CARTESIAN_POINT('Ctrl Pts',(12.5,193.24255663408,50.5984393601224));
#13037=CARTESIAN_POINT('Ctrl Pts',(12.5,195.16255663408,50.5984393601224));
#13038=CARTESIAN_POINT('Ctrl Pts',(16.,193.24255663408,50.5984393601224));
#13039=CARTESIAN_POINT('Ctrl Pts',(16.,195.16255663408,50.5984393601224));
#13040=CARTESIAN_POINT('Ctrl Pts',(16.,193.24255663408,54.0984393601224));
#13041=CARTESIAN_POINT('Ctrl Pts',(16.,195.16255663408,54.0984393601224));
#13042=CARTESIAN_POINT('Ctrl Pts',(16.,193.24255663408,66.5984393601223));
#13043=CARTESIAN_POINT('Ctrl Pts',(16.,195.16255663408,66.5984393601223));
#13044=CARTESIAN_POINT('Ctrl Pts',(16.,193.24255663408,79.0984393601223));
#13045=CARTESIAN_POINT('Ctrl Pts',(16.,195.16255663408,79.0984393601223));
#13046=CARTESIAN_POINT('Ctrl Pts',(16.,193.24255663408,82.5984393601223));
#13047=CARTESIAN_POINT('Ctrl Pts',(16.,195.16255663408,82.5984393601223));
#13048=CARTESIAN_POINT('Ctrl Pts',(12.5,193.24255663408,82.5984393601223));
#13049=CARTESIAN_POINT('Ctrl Pts',(12.5,195.16255663408,82.5984393601223));
#13050=CARTESIAN_POINT('',(15.8936114456365,193.24255663408,53.2420508057588));
#13051=CARTESIAN_POINT('Ctrl Pts',(15.8936114456365,193.24255663408,79.9548279144858));
#13052=CARTESIAN_POINT('Ctrl Pts',(16.,193.24255663408,79.5332419253539));
#13053=CARTESIAN_POINT('Ctrl Pts',(16.,193.24255663408,79.0984393601223));
#13054=CARTESIAN_POINT('Ctrl Pts',(16.,193.24255663408,66.5984393601223));
#13055=CARTESIAN_POINT('Ctrl Pts',(16.,193.24255663408,54.0984393601224));
#13056=CARTESIAN_POINT('Ctrl Pts',(16.,193.24255663408,53.6636367948908));
#13057=CARTESIAN_POINT('Ctrl Pts',(15.8936114456365,193.24255663408,53.2420508057588));
#13058=CARTESIAN_POINT('Ctrl Pts',(15.8936114456365,193.24255663408,53.2420508057589));
#13059=CARTESIAN_POINT('Ctrl Pts',(15.8936114456365,193.509223300747,53.2420508057589));
#13060=CARTESIAN_POINT('Ctrl Pts',(15.8936114456365,193.775889967414,53.2420508057589));
#13061=CARTESIAN_POINT('Ctrl Pts',(15.8936114456365,194.309223300747,53.2420508057589));
#13062=CARTESIAN_POINT('Ctrl Pts',(15.8936114456365,194.575889967414,53.2420508057589));
#13063=CARTESIAN_POINT('Ctrl Pts',(15.8936114456365,194.84255663408,53.2420508057589));
#13064=CARTESIAN_POINT('Origin',(14.,194.04255663408,52.5984393601223));
#13065=CARTESIAN_POINT('',(13.3563885543634,193.24255663408,50.7048279144858));
#13066=CARTESIAN_POINT('Origin',(14.,193.24255663408,52.5984393601223));
#13067=CARTESIAN_POINT('Ctrl Pts',(13.3563885543635,194.84255663408,50.7048279144858));
#13068=CARTESIAN_POINT('Ctrl Pts',(13.3563885543635,194.341230430088,50.7048279144858));
#13069=CARTESIAN_POINT('Ctrl Pts',(13.3563885543634,193.839904226096,50.7048279144859));
#13070=CARTESIAN_POINT('Ctrl Pts',(13.3563885543634,193.306570892763,50.7048279144859));
#13071=CARTESIAN_POINT('Ctrl Pts',(13.3563885543634,193.274563763422,50.7048279144859));
#13072=CARTESIAN_POINT('Ctrl Pts',(13.3563885543634,193.24255663408,50.7048279144859));
#13073=CARTESIAN_POINT('Origin',(-24.375,193.24255663408,42.2234393601223));
#13074=CARTESIAN_POINT('',(12.5,193.24255663408,82.5984393601223));
#13075=CARTESIAN_POINT('Ctrl Pts',(12.5,193.24255663408,82.5984393601223));
#13076=CARTESIAN_POINT('Ctrl Pts',(12.9348025652315,193.24255663408,82.5984393601223));
#13077=CARTESIAN_POINT('Ctrl Pts',(13.3563885543635,193.24255663408,82.4920508057589));
#13078=CARTESIAN_POINT('Ctrl Pts',(-13.3563885543635,193.24255663408,82.4920508057589));
#13079=CARTESIAN_POINT('Ctrl Pts',(-12.9348025652315,193.24255663408,82.5984393601224));
#13080=CARTESIAN_POINT('Ctrl Pts',(-12.5,193.24255663408,82.5984393601223));
#13081=CARTESIAN_POINT('Ctrl Pts',(-3.60630038084102E-15,193.24255663408,
82.5984393601223));
#13082=CARTESIAN_POINT('Ctrl Pts',(12.5,193.24255663408,82.5984393601223));
#13083=CARTESIAN_POINT('Ctrl Pts',(-15.8936114456365,193.24255663408,53.2420508057589));
#13084=CARTESIAN_POINT('Ctrl Pts',(-16.,193.24255663408,53.6636367948908));
#13085=CARTESIAN_POINT('Ctrl Pts',(-16.,193.24255663408,54.0984393601224));
#13086=CARTESIAN_POINT('Ctrl Pts',(-16.,193.24255663408,66.5984393601223));
#13087=CARTESIAN_POINT('Ctrl Pts',(-16.,193.24255663408,79.0984393601223));
#13088=CARTESIAN_POINT('Ctrl Pts',(-16.,193.24255663408,79.5332419253539));
#13089=CARTESIAN_POINT('Ctrl Pts',(-15.8936114456365,193.24255663408,79.9548279144858));
#13090=CARTESIAN_POINT('',(-12.5,193.24255663408,50.5984393601224));
#13091=CARTESIAN_POINT('Ctrl Pts',(-12.5,193.24255663408,50.5984393601224));
#13092=CARTESIAN_POINT('Ctrl Pts',(-12.9348025652315,193.24255663408,50.5984393601223));
#13093=CARTESIAN_POINT('Ctrl Pts',(-13.3563885543634,193.24255663408,50.7048279144858));
#13094=CARTESIAN_POINT('Ctrl Pts',(13.3563885543634,193.24255663408,50.7048279144858));
#13095=CARTESIAN_POINT('Ctrl Pts',(12.9348025652315,193.24255663408,50.5984393601224));
#13096=CARTESIAN_POINT('Ctrl Pts',(12.5,193.24255663408,50.5984393601224));
#13097=CARTESIAN_POINT('Ctrl Pts',(2.39091765197976E-14,193.24255663408,
50.5984393601224));
#13098=CARTESIAN_POINT('Ctrl Pts',(-12.5,193.24255663408,50.5984393601224));
#13099=CARTESIAN_POINT('',(-9.245,193.24255663408,70.0984393601223));
#13100=CARTESIAN_POINT('Origin',(-10.,193.24255663408,70.0984393601223));
#13101=CARTESIAN_POINT('',(10.755,193.24255663408,63.0984393601224));
#13102=CARTESIAN_POINT('Origin',(10.,193.24255663408,63.0984393601224));
#13103=CARTESIAN_POINT('',(-8.00000000000001,193.24255663408,66.5984393601223));
#13104=CARTESIAN_POINT('Origin',(-10.,193.24255663408,66.5984393601223));
#13105=CARTESIAN_POINT('',(12.,193.24255663408,66.5984393601223));
#13106=CARTESIAN_POINT('Origin',(10.,193.24255663408,66.5984393601223));
#13107=CARTESIAN_POINT('',(-12.7,193.24255663408,72.6984393601224));
#13108=CARTESIAN_POINT('Origin',(-13.5,193.24255663408,72.6984393601223));
#13109=CARTESIAN_POINT('',(-12.7,193.24255663408,70.1984393601223));
#13110=CARTESIAN_POINT('Origin',(-13.5,193.24255663408,70.1984393601223));
#13111=CARTESIAN_POINT('',(-12.7,193.24255663408,59.7984393601223));
#13112=CARTESIAN_POINT('Origin',(-13.5,193.24255663408,59.7984393601223));
#13113=CARTESIAN_POINT('',(-12.7,193.24255663408,57.2984393601224));
#13114=CARTESIAN_POINT('Origin',(-13.5,193.24255663408,57.2984393601224));
#13115=CARTESIAN_POINT('Ctrl Pts',(-12.5,193.24255663408,50.5984393601224));
#13116=CARTESIAN_POINT('Ctrl Pts',(-12.5,195.16255663408,50.5984393601224));
#13117=CARTESIAN_POINT('Ctrl Pts',(2.44249065417534E-14,193.24255663408,
50.5984393601224));
#13118=CARTESIAN_POINT('Ctrl Pts',(2.36540593520838E-14,195.16255663408,
50.5984393601224));
#13119=CARTESIAN_POINT('Ctrl Pts',(12.5,193.24255663408,50.5984393601224));
#13120=CARTESIAN_POINT('Ctrl Pts',(12.5,195.16255663408,50.5984393601224));
#13121=CARTESIAN_POINT('Ctrl Pts',(16.,193.24255663408,50.5984393601224));
#13122=CARTESIAN_POINT('Ctrl Pts',(16.,195.16255663408,50.5984393601224));
#13123=CARTESIAN_POINT('Ctrl Pts',(16.,193.24255663408,54.0984393601224));
#13124=CARTESIAN_POINT('Ctrl Pts',(16.,195.16255663408,54.0984393601224));
#13125=CARTESIAN_POINT('Ctrl Pts',(16.,193.24255663408,66.5984393601223));
#13126=CARTESIAN_POINT('Ctrl Pts',(16.,195.16255663408,66.5984393601223));
#13127=CARTESIAN_POINT('Ctrl Pts',(16.,193.24255663408,79.0984393601223));
#13128=CARTESIAN_POINT('Ctrl Pts',(16.,195.16255663408,79.0984393601223));
#13129=CARTESIAN_POINT('Ctrl Pts',(16.,193.24255663408,82.5984393601223));
#13130=CARTESIAN_POINT('Ctrl Pts',(16.,195.16255663408,82.5984393601223));
#13131=CARTESIAN_POINT('Ctrl Pts',(12.5,193.24255663408,82.5984393601223));
#13132=CARTESIAN_POINT('Ctrl Pts',(12.5,195.16255663408,82.5984393601223));
#13133=CARTESIAN_POINT('',(-12.5,193.24255663408,50.5984393601224));
#13134=CARTESIAN_POINT('Ctrl Pts',(-12.5,193.24255663408,50.5984393601224));
#13135=CARTESIAN_POINT('Ctrl Pts',(-12.5,195.16255663408,50.5984393601224));
#13136=CARTESIAN_POINT('Ctrl Pts',(2.44249065417534E-14,193.24255663408,
50.5984393601224));
#13137=CARTESIAN_POINT('Ctrl Pts',(2.36540593520838E-14,195.16255663408,
50.5984393601224));
#13138=CARTESIAN_POINT('Ctrl Pts',(12.5,193.24255663408,50.5984393601224));
#13139=CARTESIAN_POINT('Ctrl Pts',(12.5,195.16255663408,50.5984393601224));
#13140=CARTESIAN_POINT('Ctrl Pts',(16.,193.24255663408,50.5984393601224));
#13141=CARTESIAN_POINT('Ctrl Pts',(16.,195.16255663408,50.5984393601224));
#13142=CARTESIAN_POINT('Ctrl Pts',(16.,193.24255663408,54.0984393601224));
#13143=CARTESIAN_POINT('Ctrl Pts',(16.,195.16255663408,54.0984393601224));
#13144=CARTESIAN_POINT('Ctrl Pts',(16.,193.24255663408,66.5984393601223));
#13145=CARTESIAN_POINT('Ctrl Pts',(16.,195.16255663408,66.5984393601223));
#13146=CARTESIAN_POINT('Ctrl Pts',(16.,193.24255663408,79.0984393601223));
#13147=CARTESIAN_POINT('Ctrl Pts',(16.,195.16255663408,79.0984393601223));
#13148=CARTESIAN_POINT('Ctrl Pts',(16.,193.24255663408,82.5984393601223));
#13149=CARTESIAN_POINT('Ctrl Pts',(16.,195.16255663408,82.5984393601223));
#13150=CARTESIAN_POINT('Ctrl Pts',(12.5,193.24255663408,82.5984393601223));
#13151=CARTESIAN_POINT('Ctrl Pts',(12.5,195.16255663408,82.5984393601223));
#13152=CARTESIAN_POINT('',(12.5,193.24255663408,82.5984393601223));
#13153=CARTESIAN_POINT('Ctrl Pts',(12.5,193.24255663408,82.5984393601223));
#13154=CARTESIAN_POINT('Ctrl Pts',(12.5,195.16255663408,82.5984393601223));
#13155=CARTESIAN_POINT('Ctrl Pts',(-4.44089209850063E-15,193.24255663408,
82.5984393601223));
#13156=CARTESIAN_POINT('Ctrl Pts',(-5.21173928817029E-15,195.16255663408,
82.5984393601223));
#13157=CARTESIAN_POINT('Ctrl Pts',(-12.5,193.24255663408,82.5984393601223));
#13158=CARTESIAN_POINT('Ctrl Pts',(-12.5,195.16255663408,82.5984393601223));
#13159=CARTESIAN_POINT('Ctrl Pts',(-16.,193.24255663408,82.5984393601223));
#13160=CARTESIAN_POINT('Ctrl Pts',(-16.,195.16255663408,82.5984393601223));
#13161=CARTESIAN_POINT('Ctrl Pts',(-16.,193.24255663408,79.0984393601223));
#13162=CARTESIAN_POINT('Ctrl Pts',(-16.,195.16255663408,79.0984393601223));
#13163=CARTESIAN_POINT('Ctrl Pts',(-16.,193.24255663408,66.5984393601223));
#13164=CARTESIAN_POINT('Ctrl Pts',(-16.,195.16255663408,66.5984393601223));
#13165=CARTESIAN_POINT('Ctrl Pts',(-16.,193.24255663408,54.0984393601224));
#13166=CARTESIAN_POINT('Ctrl Pts',(-16.,195.16255663408,54.0984393601224));
#13167=CARTESIAN_POINT('Ctrl Pts',(-16.,193.24255663408,50.5984393601224));
#13168=CARTESIAN_POINT('Ctrl Pts',(-16.,195.16255663408,50.5984393601224));
#13169=CARTESIAN_POINT('Ctrl Pts',(-12.5,193.24255663408,50.5984393601224));
#13170=CARTESIAN_POINT('Ctrl Pts',(-12.5,195.16255663408,50.5984393601224));
#13171=CARTESIAN_POINT('Ctrl Pts',(12.5,193.24255663408,82.5984393601223));
#13172=CARTESIAN_POINT('Ctrl Pts',(12.5,195.16255663408,82.5984393601223));
#13173=CARTESIAN_POINT('Ctrl Pts',(-4.44089209850063E-15,193.24255663408,
82.5984393601223));
#13174=CARTESIAN_POINT('Ctrl Pts',(-5.21173928817029E-15,195.16255663408,
82.5984393601223));
#13175=CARTESIAN_POINT('Ctrl Pts',(-12.5,193.24255663408,82.5984393601223));
#13176=CARTESIAN_POINT('Ctrl Pts',(-12.5,195.16255663408,82.5984393601223));
#13177=CARTESIAN_POINT('Ctrl Pts',(-16.,193.24255663408,82.5984393601223));
#13178=CARTESIAN_POINT('Ctrl Pts',(-16.,195.16255663408,82.5984393601223));
#13179=CARTESIAN_POINT('Ctrl Pts',(-16.,193.24255663408,79.0984393601223));
#13180=CARTESIAN_POINT('Ctrl Pts',(-16.,195.16255663408,79.0984393601223));
#13181=CARTESIAN_POINT('Ctrl Pts',(-16.,193.24255663408,66.5984393601223));
#13182=CARTESIAN_POINT('Ctrl Pts',(-16.,195.16255663408,66.5984393601223));
#13183=CARTESIAN_POINT('Ctrl Pts',(-16.,193.24255663408,54.0984393601224));
#13184=CARTESIAN_POINT('Ctrl Pts',(-16.,195.16255663408,54.0984393601224));
#13185=CARTESIAN_POINT('Ctrl Pts',(-16.,193.24255663408,50.5984393601224));
#13186=CARTESIAN_POINT('Ctrl Pts',(-16.,195.16255663408,50.5984393601224));
#13187=CARTESIAN_POINT('Ctrl Pts',(-12.5,193.24255663408,50.5984393601224));
#13188=CARTESIAN_POINT('Ctrl Pts',(-12.5,195.16255663408,50.5984393601224));
#13189=CARTESIAN_POINT('Ctrl Pts',(12.5,193.24255663408,82.5984393601223));
#13190=CARTESIAN_POINT('Ctrl Pts',(12.5,195.16255663408,82.5984393601223));
#13191=CARTESIAN_POINT('Ctrl Pts',(-4.44089209850063E-15,193.24255663408,
82.5984393601223));
#13192=CARTESIAN_POINT('Ctrl Pts',(-5.21173928817029E-15,195.16255663408,
82.5984393601223));
#13193=CARTESIAN_POINT('Ctrl Pts',(-12.5,193.24255663408,82.5984393601223));
#13194=CARTESIAN_POINT('Ctrl Pts',(-12.5,195.16255663408,82.5984393601223));
#13195=CARTESIAN_POINT('Ctrl Pts',(-16.,193.24255663408,82.5984393601223));
#13196=CARTESIAN_POINT('Ctrl Pts',(-16.,195.16255663408,82.5984393601223));
#13197=CARTESIAN_POINT('Ctrl Pts',(-16.,193.24255663408,79.0984393601223));
#13198=CARTESIAN_POINT('Ctrl Pts',(-16.,195.16255663408,79.0984393601223));
#13199=CARTESIAN_POINT('Ctrl Pts',(-16.,193.24255663408,66.5984393601223));
#13200=CARTESIAN_POINT('Ctrl Pts',(-16.,195.16255663408,66.5984393601223));
#13201=CARTESIAN_POINT('Ctrl Pts',(-16.,193.24255663408,54.0984393601224));
#13202=CARTESIAN_POINT('Ctrl Pts',(-16.,195.16255663408,54.0984393601224));
#13203=CARTESIAN_POINT('Ctrl Pts',(-16.,193.24255663408,50.5984393601224));
#13204=CARTESIAN_POINT('Ctrl Pts',(-16.,195.16255663408,50.5984393601224));
#13205=CARTESIAN_POINT('Ctrl Pts',(-12.5,193.24255663408,50.5984393601224));
#13206=CARTESIAN_POINT('Ctrl Pts',(-12.5,195.16255663408,50.5984393601224));
#13207=CARTESIAN_POINT('Origin',(10.,188.74052132397,63.0984393601224));
#13208=CARTESIAN_POINT('',(10.755,188.74052132397,63.0984393601224));
#13209=CARTESIAN_POINT('Origin',(-10.,193.74052132397,70.0984393601223));
#13210=CARTESIAN_POINT('',(-9.245,193.74052132397,70.0984393601223));
#13211=CARTESIAN_POINT('Origin',(10.,194.04255663408,66.5984393601223));
#13212=CARTESIAN_POINT('',(12.,194.04255663408,66.5984393601223));
#13213=CARTESIAN_POINT('Origin',(-10.,194.04255663408,66.5984393601223));
#13214=CARTESIAN_POINT('',(-8.00000000000001,194.04255663408,66.5984393601223));
#13215=CARTESIAN_POINT('Origin',(-13.5,186.245620396946,72.6984393601224));
#13216=CARTESIAN_POINT('',(-12.7,186.245620396946,72.6984393601224));
#13217=CARTESIAN_POINT('Origin',(-13.5,186.245620396946,70.1984393601223));
#13218=CARTESIAN_POINT('',(-12.7,186.245620396946,70.1984393601223));
#13219=CARTESIAN_POINT('Origin',(-13.5,186.245620396946,59.7984393601223));
#13220=CARTESIAN_POINT('',(-12.7,186.245620396946,59.7984393601223));
#13221=CARTESIAN_POINT('Origin',(-13.5,186.245620396946,57.2984393601224));
#13222=CARTESIAN_POINT('',(-12.7,186.245620396946,57.2984393601224));
#13223=CARTESIAN_POINT('Origin',(-13.5,190.409403702696,57.2984393601223));
#13224=CARTESIAN_POINT('',(-12.9,194.84255663408,57.2984393601223));
#13225=CARTESIAN_POINT('Origin',(-13.5,194.84255663408,57.2984393601223));
#13226=CARTESIAN_POINT('',(-12.9,193.24255663408,57.2984393601223));
#13227=CARTESIAN_POINT('',(-12.9,190.409403702696,57.2984393601223));
#13228=CARTESIAN_POINT('Origin',(-13.5,193.24255663408,57.2984393601224));
#13229=CARTESIAN_POINT('Origin',(-24.375,194.84255663408,42.2234393601223));
#13230=CARTESIAN_POINT('',(-12.7,194.84255663408,57.2984393601224));
#13231=CARTESIAN_POINT('Origin',(-13.5,194.84255663408,57.2984393601223));
#13232=CARTESIAN_POINT('Origin',(-24.375,193.24255663408,42.2234393601223));
#13233=CARTESIAN_POINT('',(-12.7,193.24255663408,57.2984393601224));
#13234=CARTESIAN_POINT('Origin',(-13.5,193.24255663408,57.2984393601224));
#13235=CARTESIAN_POINT('Origin',(-13.5,186.245620396946,57.2984393601224));
#13236=CARTESIAN_POINT('',(-12.7,186.245620396946,57.2984393601224));
#13237=CARTESIAN_POINT('Origin',(-13.5,190.409403702696,59.7984393601223));
#13238=CARTESIAN_POINT('',(-12.9,194.84255663408,59.7984393601223));
#13239=CARTESIAN_POINT('Origin',(-13.5,194.84255663408,59.7984393601223));
#13240=CARTESIAN_POINT('',(-12.9,193.24255663408,59.7984393601223));
#13241=CARTESIAN_POINT('',(-12.9,190.409403702696,59.7984393601223));
#13242=CARTESIAN_POINT('Origin',(-13.5,193.24255663408,59.7984393601223));
#13243=CARTESIAN_POINT('Origin',(-24.375,194.84255663408,42.2234393601223));
#13244=CARTESIAN_POINT('',(-12.7,194.84255663408,59.7984393601223));
#13245=CARTESIAN_POINT('Origin',(-13.5,194.84255663408,59.7984393601223));
#13246=CARTESIAN_POINT('Origin',(-24.375,193.24255663408,42.2234393601223));
#13247=CARTESIAN_POINT('',(-12.7,193.24255663408,59.7984393601223));
#13248=CARTESIAN_POINT('Origin',(-13.5,193.24255663408,59.7984393601223));
#13249=CARTESIAN_POINT('Origin',(-13.5,186.245620396946,59.7984393601223));
#13250=CARTESIAN_POINT('',(-12.7,186.245620396946,59.7984393601223));
#13251=CARTESIAN_POINT('Origin',(-13.5,190.409403702696,70.1984393601224));
#13252=CARTESIAN_POINT('',(-12.9,194.84255663408,70.1984393601224));
#13253=CARTESIAN_POINT('Origin',(-13.5,194.84255663408,70.1984393601224));
#13254=CARTESIAN_POINT('',(-12.9,193.24255663408,70.1984393601224));
#13255=CARTESIAN_POINT('',(-12.9,190.409403702696,70.1984393601224));
#13256=CARTESIAN_POINT('Origin',(-13.5,193.24255663408,70.1984393601223));
#13257=CARTESIAN_POINT('Origin',(-24.375,194.84255663408,42.2234393601223));
#13258=CARTESIAN_POINT('',(-12.7,194.84255663408,70.1984393601224));
#13259=CARTESIAN_POINT('Origin',(-13.5,194.84255663408,70.1984393601224));
#13260=CARTESIAN_POINT('Origin',(-24.375,193.24255663408,42.2234393601223));
#13261=CARTESIAN_POINT('',(-12.7,193.24255663408,70.1984393601223));
#13262=CARTESIAN_POINT('Origin',(-13.5,193.24255663408,70.1984393601223));
#13263=CARTESIAN_POINT('Origin',(-13.5,186.245620396946,70.1984393601223));
#13264=CARTESIAN_POINT('',(-12.7,186.245620396946,70.1984393601223));
#13265=CARTESIAN_POINT('Origin',(-13.5,190.409403702696,72.6984393601224));
#13266=CARTESIAN_POINT('',(-12.9,194.84255663408,72.6984393601224));
#13267=CARTESIAN_POINT('Origin',(-13.5,194.84255663408,72.6984393601224));
#13268=CARTESIAN_POINT('',(-12.9,193.24255663408,72.6984393601224));
#13269=CARTESIAN_POINT('',(-12.9,190.409403702696,72.6984393601224));
#13270=CARTESIAN_POINT('Origin',(-13.5,193.24255663408,72.6984393601223));
#13271=CARTESIAN_POINT('Origin',(-24.375,194.84255663408,42.2234393601223));
#13272=CARTESIAN_POINT('',(-12.7,194.84255663408,72.6984393601224));
#13273=CARTESIAN_POINT('Origin',(-13.5,194.84255663408,72.6984393601224));
#13274=CARTESIAN_POINT('Origin',(-24.375,193.24255663408,42.2234393601223));
#13275=CARTESIAN_POINT('',(-12.7,193.24255663408,72.6984393601223));
#13276=CARTESIAN_POINT('Origin',(-13.5,193.24255663408,72.6984393601223));
#13277=CARTESIAN_POINT('Origin',(-13.5,186.245620396946,72.6984393601224));
#13278=CARTESIAN_POINT('',(-12.7,186.245620396946,72.6984393601224));
#13279=CARTESIAN_POINT('Ctrl Pts',(10.,195.686228244046,66.5984393601223));
#13280=CARTESIAN_POINT('Ctrl Pts',(10.,195.686228244046,66.5984393601223));
#13281=CARTESIAN_POINT('Ctrl Pts',(10.,195.686228244046,66.5984393601223));
#13282=CARTESIAN_POINT('Ctrl Pts',(10.,195.686228244046,66.5984393601223));
#13283=CARTESIAN_POINT('Ctrl Pts',(10.,195.686228244046,66.5984393601223));
#13284=CARTESIAN_POINT('Ctrl Pts',(8.25,195.686228244046,66.5984393601223));
#13285=CARTESIAN_POINT('Ctrl Pts',(8.25,195.686228244046,68.3484393601224));
#13286=CARTESIAN_POINT('Ctrl Pts',(10.,195.686228244046,68.3484393601224));
#13287=CARTESIAN_POINT('Ctrl Pts',(11.75,195.686228244046,68.3484393601224));
#13288=CARTESIAN_POINT('Ctrl Pts',(11.75,195.686228244046,66.5984393601223));
#13289=CARTESIAN_POINT('Ctrl Pts',(8.25,194.842556668597,66.5984393601223));
#13290=CARTESIAN_POINT('Ctrl Pts',(8.25,194.842556668597,68.3484393601223));
#13291=CARTESIAN_POINT('Ctrl Pts',(10.,194.842556668597,68.3484393601223));
#13292=CARTESIAN_POINT('Ctrl Pts',(11.75,194.842556668597,68.3484393601223));
#13293=CARTESIAN_POINT('Ctrl Pts',(11.75,194.842556668597,66.5984393601223));
#13294=CARTESIAN_POINT('Ctrl Pts',(8.25,193.998885093148,66.5984393601223));
#13295=CARTESIAN_POINT('Ctrl Pts',(8.25,193.998885093148,68.3484393601223));
#13296=CARTESIAN_POINT('Ctrl Pts',(10.,193.998885093148,68.3484393601223));
#13297=CARTESIAN_POINT('Ctrl Pts',(11.75,193.998885093148,68.3484393601223));
#13298=CARTESIAN_POINT('Ctrl Pts',(11.75,193.998885093148,66.5984393601223));
#13299=CARTESIAN_POINT('Ctrl Pts',(10.,193.998885093148,66.5984393601223));
#13300=CARTESIAN_POINT('Ctrl Pts',(10.,193.998885093148,66.5984393601223));
#13301=CARTESIAN_POINT('Ctrl Pts',(10.,193.998885093148,66.5984393601223));
#13302=CARTESIAN_POINT('Ctrl Pts',(10.,193.998885093148,66.5984393601223));
#13303=CARTESIAN_POINT('Ctrl Pts',(10.,193.998885093148,66.5984393601223));
#13304=CARTESIAN_POINT('',(11.4143787922337,195.321269152103,66.8741718828467));
#13305=CARTESIAN_POINT('',(11.4143787922337,195.339382650114,66.5984393601223));
#13306=CARTESIAN_POINT('Origin',(11.4143787922337,194.842932312374,66.5979900109362));
#13307=CARTESIAN_POINT('',(11.2143787922337,195.405077027128,67.0741718828467));
#13308=CARTESIAN_POINT('Ctrl Pts',(11.2143787922337,195.405077027128,67.0741718828468));
#13309=CARTESIAN_POINT('Ctrl Pts',(11.2406431794978,195.391898892502,67.0741718828468));
#13310=CARTESIAN_POINT('Ctrl Pts',(11.2668982166866,195.37883096998,67.0690001951592));
#13311=CARTESIAN_POINT('Ctrl Pts',(11.3137526694761,195.356002310766,67.0493921096361));
#13312=CARTESIAN_POINT('Ctrl Pts',(11.3345444344139,195.346099408804,67.0359947237683));
#13313=CARTESIAN_POINT('Ctrl Pts',(11.3693568534315,195.330576154143,67.0026927673125));
#13314=CARTESIAN_POINT('Ctrl Pts',(11.3835140717559,195.324817294227,66.9835900896727));
#13315=CARTESIAN_POINT('Ctrl Pts',(11.4008527192636,195.319347871132,66.9481019479181));
#13316=CARTESIAN_POINT('Ctrl Pts',(11.4060292818659,195.318248075713,66.9334407186744));
#13317=CARTESIAN_POINT('Ctrl Pts',(11.4127456176347,195.31826816329,66.9037115818851));
#13318=CARTESIAN_POINT('Ctrl Pts',(11.4143787922337,195.319292059098,66.8889406118275));
#13319=CARTESIAN_POINT('Ctrl Pts',(11.4143787922337,195.321269152103,66.8741718828467));
#13320=CARTESIAN_POINT('',(10.6757325227244,195.58623319749,67.0741718828467));
#13321=CARTESIAN_POINT('Ctrl Pts',(10.6757325227244,195.58623319749,67.0741718828468));
#13322=CARTESIAN_POINT('Ctrl Pts',(10.7727777214851,195.565738781932,67.0741718828468));
#13323=CARTESIAN_POINT('Ctrl Pts',(10.8696515004061,195.540018430674,67.0741718828445));
#13324=CARTESIAN_POINT('Ctrl Pts',(11.0490347521049,195.479685147437,67.0741718828444));
#13325=CARTESIAN_POINT('Ctrl Pts',(11.1338853816978,195.445464529407,67.0741718828468));
#13326=CARTESIAN_POINT('Ctrl Pts',(11.2143787922337,195.405077027128,67.0741718828468));
#13327=CARTESIAN_POINT('',(10.4757325227244,195.58623319749,67.2741718828468));
#13328=CARTESIAN_POINT('Ctrl Pts',(10.4757325227244,195.58623319749,67.2741718828467));
#13329=CARTESIAN_POINT('Ctrl Pts',(10.4757325227244,195.58887525145,67.2616612234939));
#13330=CARTESIAN_POINT('Ctrl Pts',(10.4769051766633,195.591258544463,67.249136808101));
#13331=CARTESIAN_POINT('Ctrl Pts',(10.4819956761443,195.59578376043,67.2224132502824));
#13332=CARTESIAN_POINT('Ctrl Pts',(10.4862974133251,195.597811056172,67.2083647961383));
#13333=CARTESIAN_POINT('Ctrl Pts',(10.5021135663853,195.60212729194,67.1717484711648));
#13334=CARTESIAN_POINT('Ctrl Pts',(10.5164056730841,195.603527188444,67.1506560200123));
#13335=CARTESIAN_POINT('Ctrl Pts',(10.5522166598899,195.603527188444,67.1148450332065));
#13336=CARTESIAN_POINT('Ctrl Pts',(10.5733091110424,195.60212729194,67.1005529265076));
#13337=CARTESIAN_POINT('Ctrl Pts',(10.6099254360159,195.597811056172,67.0847367734474));
#13338=CARTESIAN_POINT('Ctrl Pts',(10.6239738901601,195.59578376043,67.0804350362667));
#13339=CARTESIAN_POINT('Ctrl Pts',(10.6506974479787,195.591258544463,67.0753445367856));
#13340=CARTESIAN_POINT('Ctrl Pts',(10.6632218633716,195.58887525145,67.0741718828467));
#13341=CARTESIAN_POINT('Ctrl Pts',(10.6757325227244,195.58623319749,67.0741718828467));
#13342=CARTESIAN_POINT('',(10.4757325227244,195.405077027128,67.812818152356));
#13343=CARTESIAN_POINT('Ctrl Pts',(10.4757325227244,195.405077027128,67.812818152356));
#13344=CARTESIAN_POINT('Ctrl Pts',(10.4757325227244,195.445464529407,67.7323247418202));
#13345=CARTESIAN_POINT('Ctrl Pts',(10.4757325227221,195.479685147437,67.6474741122273));
#13346=CARTESIAN_POINT('Ctrl Pts',(10.4757325227221,195.540019492478,67.4680877035667));
#13347=CARTESIAN_POINT('Ctrl Pts',(10.4757325227244,195.565738105844,67.3712202830208));
#13348=CARTESIAN_POINT('Ctrl Pts',(10.4757325227244,195.58623319749,67.2741718828467));
#13349=CARTESIAN_POINT('',(10.2757325227244,195.321269152103,68.012818152356));
#13350=CARTESIAN_POINT('Ctrl Pts',(10.2757325227244,195.321269152103,68.0128181523561));
#13351=CARTESIAN_POINT('Ctrl Pts',(10.2905012517052,195.319292059098,68.0128181523561));
#13352=CARTESIAN_POINT('Ctrl Pts',(10.3052722217628,195.31826816329,68.0111849777571));
#13353=CARTESIAN_POINT('Ctrl Pts',(10.3350013585521,195.318248075713,68.0044686419883));
#13354=CARTESIAN_POINT('Ctrl Pts',(10.3496625877958,195.319347871132,67.9992920793859));
#13355=CARTESIAN_POINT('Ctrl Pts',(10.3851507295503,195.324817294227,67.9819534318782));
#13356=CARTESIAN_POINT('Ctrl Pts',(10.4042534071902,195.330576154143,67.9677962135538));
#13357=CARTESIAN_POINT('Ctrl Pts',(10.4375553636459,195.346099408804,67.9329837945362));
#13358=CARTESIAN_POINT('Ctrl Pts',(10.4509527495138,195.356002310766,67.9121920295984));
#13359=CARTESIAN_POINT('Ctrl Pts',(10.4705608350369,195.37883096998,67.8653375768089));
#13360=CARTESIAN_POINT('Ctrl Pts',(10.4757325227244,195.391898892502,67.8390825396202));
#13361=CARTESIAN_POINT('Ctrl Pts',(10.4757325227244,195.405077027128,67.812818152356));
#13362=CARTESIAN_POINT('',(9.72426747727561,195.321269152103,68.012818152356));
#13363=CARTESIAN_POINT('Origin',(10.0000000000003,194.842556668593,68.012818152356));
#13364=CARTESIAN_POINT('',(9.52426747727561,195.405077027128,67.812818152356));
#13365=CARTESIAN_POINT('Ctrl Pts',(9.52426747727561,195.405077027128,67.812818152356));
#13366=CARTESIAN_POINT('Ctrl Pts',(9.52426747727561,195.391898892502,67.8390825396202));
#13367=CARTESIAN_POINT('Ctrl Pts',(9.52943916496313,195.37883096998,67.8653375768089));
#13368=CARTESIAN_POINT('Ctrl Pts',(9.54904725048623,195.356002310766,67.9121920295984));
#13369=CARTESIAN_POINT('Ctrl Pts',(9.5624446363541,195.346099408804,67.9329837945362));
#13370=CARTESIAN_POINT('Ctrl Pts',(9.59574659280985,195.330576154143,67.9677962135538));
#13371=CARTESIAN_POINT('Ctrl Pts',(9.61484927044966,195.324817294227,67.9819534318782));
#13372=CARTESIAN_POINT('Ctrl Pts',(9.65033741220422,195.319347871132,67.9992920793859));
#13373=CARTESIAN_POINT('Ctrl Pts',(9.66499864144794,195.318248075713,68.0044686419883));
#13374=CARTESIAN_POINT('Ctrl Pts',(9.69472777823719,195.31826816329,68.0111849777571));
#13375=CARTESIAN_POINT('Ctrl Pts',(9.7094987482948,195.319292059098,68.012818152356));
#13376=CARTESIAN_POINT('Ctrl Pts',(9.7242674772756,195.321269152103,68.012818152356));
#13377=CARTESIAN_POINT('',(9.52426747727561,195.58623319749,67.2741718828468));
#13378=CARTESIAN_POINT('Ctrl Pts',(9.5242674772756,195.58623319749,67.2741718828467));
#13379=CARTESIAN_POINT('Ctrl Pts',(9.5242674772756,195.565738105844,67.3712202830208));
#13380=CARTESIAN_POINT('Ctrl Pts',(9.5242674772779,195.540019492478,67.4680877035667));
#13381=CARTESIAN_POINT('Ctrl Pts',(9.5242674772779,195.47968621115,67.6474709495912));
#13382=CARTESIAN_POINT('Ctrl Pts',(9.5242674772756,195.445463072332,67.7323276458104));
#13383=CARTESIAN_POINT('Ctrl Pts',(9.5242674772756,195.405077027128,67.812818152356));
#13384=CARTESIAN_POINT('',(9.3242674772756,195.58623319749,67.0741718828467));
#13385=CARTESIAN_POINT('Ctrl Pts',(9.32426747727559,195.58623319749,67.0741718828467));
#13386=CARTESIAN_POINT('Ctrl Pts',(9.33677813662839,195.58887525145,67.0741718828467));
#13387=CARTESIAN_POINT('Ctrl Pts',(9.34930255202128,195.591258544463,67.0753445367856));
#13388=CARTESIAN_POINT('Ctrl Pts',(9.37602610983988,195.59578376043,67.0804350362667));
#13389=CARTESIAN_POINT('Ctrl Pts',(9.39007456398408,195.597811056172,67.0847367734474));
#13390=CARTESIAN_POINT('Ctrl Pts',(9.42669088895767,195.60212729194,67.1005529265077));
#13391=CARTESIAN_POINT('Ctrl Pts',(9.44778334011007,195.603527188444,67.1148450332066));
#13392=CARTESIAN_POINT('Ctrl Pts',(9.48359432691577,195.603527188444,67.1506560200123));
#13393=CARTESIAN_POINT('Ctrl Pts',(9.49788643361465,195.60212729194,67.1717484711647));
#13394=CARTESIAN_POINT('Ctrl Pts',(9.51370258667491,195.597811056172,67.2083647961383));
#13395=CARTESIAN_POINT('Ctrl Pts',(9.51800432385566,195.59578376043,67.2224132502824));
#13396=CARTESIAN_POINT('Ctrl Pts',(9.52309482333671,195.591258544463,67.249136808101));
#13397=CARTESIAN_POINT('Ctrl Pts',(9.52426747727561,195.58887525145,67.2616612234939));
#13398=CARTESIAN_POINT('Ctrl Pts',(9.52426747727561,195.58623319749,67.2741718828467));
#13399=CARTESIAN_POINT('',(8.7856212077663,195.405077027128,67.0741718828467));
#13400=CARTESIAN_POINT('Ctrl Pts',(8.78562120776629,195.405077027128,67.0741718828468));
#13401=CARTESIAN_POINT('Ctrl Pts',(8.86611461830217,195.445464529407,67.0741718828468));
#13402=CARTESIAN_POINT('Ctrl Pts',(8.95096524789511,195.479685147437,67.0741718828444));
#13403=CARTESIAN_POINT('Ctrl Pts',(9.13034849959386,195.540018430674,67.0741718828445));
#13404=CARTESIAN_POINT('Ctrl Pts',(9.22722227851488,195.565738781932,67.0741718828468));
#13405=CARTESIAN_POINT('Ctrl Pts',(9.32426747727559,195.58623319749,67.0741718828468));
#13406=CARTESIAN_POINT('',(8.5856212077663,195.321269152103,66.8741718828467));
#13407=CARTESIAN_POINT('Ctrl Pts',(8.5856212077663,195.321269152103,66.8741718828468));
#13408=CARTESIAN_POINT('Ctrl Pts',(8.5856212077663,195.319292059098,66.8889406118276));
#13409=CARTESIAN_POINT('Ctrl Pts',(8.58725438236526,195.31826816329,66.9037115818851));
#13410=CARTESIAN_POINT('Ctrl Pts',(8.59397071813406,195.318248075713,66.9334407186744));
#13411=CARTESIAN_POINT('Ctrl Pts',(8.59914728073644,195.319347871132,66.9481019479181));
#13412=CARTESIAN_POINT('Ctrl Pts',(8.61648592824413,195.324817294227,66.9835900896727));
#13413=CARTESIAN_POINT('Ctrl Pts',(8.63064314656849,195.330576154143,67.0026927673125));
#13414=CARTESIAN_POINT('Ctrl Pts',(8.66545556558609,195.346099408804,67.0359947237683));
#13415=CARTESIAN_POINT('Ctrl Pts',(8.68624733052392,195.356002310766,67.0493921096361));
#13416=CARTESIAN_POINT('Ctrl Pts',(8.73310178331341,195.37883096998,67.0690001951592));
#13417=CARTESIAN_POINT('Ctrl Pts',(8.75935682050217,195.391898892502,67.0741718828467));
#13418=CARTESIAN_POINT('Ctrl Pts',(8.78562120776633,195.405077027128,67.0741718828467));
#13419=CARTESIAN_POINT('',(8.5856212077663,195.339382650114,66.5984393601223));
#13420=CARTESIAN_POINT('Origin',(8.5856212077663,194.842932312373,66.5979900109372));
#13421=CARTESIAN_POINT('',(8.25,194.842556668597,66.5984393601223));
#13422=CARTESIAN_POINT('Origin',(9.99999999999759,194.842556668597,66.5984393601223));
#13423=CARTESIAN_POINT('',(11.75,194.842556668597,66.5984393601223));
#13424=CARTESIAN_POINT('Origin',(10.,194.842556668597,66.5984393601223));
#13425=CARTESIAN_POINT('Origin',(9.99999999999456,194.842556668596,66.5984393601223));
#13426=CARTESIAN_POINT('Origin',(-10.,194.842556668597,74.5984393601223));
#13427=CARTESIAN_POINT('Origin',(10.,194.842556668597,66.5984393601223));
#13428=CARTESIAN_POINT('Origin',(10.6757325227244,196.448868204438,65.922706837398));
#13429=CARTESIAN_POINT('',(10.6757325227244,195.58623319749,66.1227068373979));
#13430=CARTESIAN_POINT('',(10.4757325227244,195.58623319749,65.922706837398));
#13431=CARTESIAN_POINT('Ctrl Pts',(10.6757325227244,195.58623319749,66.1227068373979));
#13432=CARTESIAN_POINT('Ctrl Pts',(10.6632218633716,195.58887525145,66.1227068373979));
#13433=CARTESIAN_POINT('Ctrl Pts',(10.6506974479787,195.591258544462,66.121534183459));
#13434=CARTESIAN_POINT('Ctrl Pts',(10.6239738901601,195.59578376043,66.116443683978));
#13435=CARTESIAN_POINT('Ctrl Pts',(10.6099254360159,195.597811056172,66.1121419467973));
#13436=CARTESIAN_POINT('Ctrl Pts',(10.5733091110424,195.60212729194,66.096325793737));
#13437=CARTESIAN_POINT('Ctrl Pts',(10.5522166598899,195.603527188444,66.0820336870381));
#13438=CARTESIAN_POINT('Ctrl Pts',(10.5164056730842,195.603527188444,66.0462227002324));
#13439=CARTESIAN_POINT('Ctrl Pts',(10.5021135663853,195.60212729194,66.02513024908));
#13440=CARTESIAN_POINT('Ctrl Pts',(10.4862974133251,195.597811056172,65.9885139241064));
#13441=CARTESIAN_POINT('Ctrl Pts',(10.4819956761443,195.59578376043,65.9744654699623));
#13442=CARTESIAN_POINT('Ctrl Pts',(10.4769051766633,195.591258544463,65.9477419121437));
#13443=CARTESIAN_POINT('Ctrl Pts',(10.4757325227244,195.58887525145,65.9352174967508));
#13444=CARTESIAN_POINT('Ctrl Pts',(10.4757325227244,195.58623319749,65.922706837398));
#13445=CARTESIAN_POINT('',(10.4757325227244,195.016994926053,65.922706837398));
#13446=CARTESIAN_POINT('',(10.4757325227244,195.016994926053,65.922706837398));
#13447=CARTESIAN_POINT('',(10.6757325227244,195.016994926053,66.1227068373979));
#13448=CARTESIAN_POINT('Origin',(10.6757325227244,195.016994926053,65.922706837398));
#13449=CARTESIAN_POINT('',(10.6757325227244,195.016994926053,66.1227068373979));
#13450=CARTESIAN_POINT('Origin',(10.6757325227244,195.016994926053,66.1227068373979));
#13451=CARTESIAN_POINT('',(11.2143787922337,195.405077027128,66.1227068373979));
#13452=CARTESIAN_POINT('Ctrl Pts',(11.2143787922337,195.405077027128,66.122706837398));
#13453=CARTESIAN_POINT('Ctrl Pts',(11.133888285688,195.445463072332,66.122706837398));
#13454=CARTESIAN_POINT('Ctrl Pts',(11.0490315894688,195.47968621115,66.1227068374002));
#13455=CARTESIAN_POINT('Ctrl Pts',(10.8696483434444,195.540019492478,66.1227068374003));
#13456=CARTESIAN_POINT('Ctrl Pts',(10.7727809228984,195.565738105844,66.122706837398));
#13457=CARTESIAN_POINT('Ctrl Pts',(10.6757325227244,195.58623319749,66.122706837398));
#13458=CARTESIAN_POINT('',(11.2143787922337,195.016994926053,66.1227068373979));
#13459=CARTESIAN_POINT('',(10.6757325227244,195.016994926053,66.1227068373979));
#13460=CARTESIAN_POINT('',(11.2143787922337,195.016994926053,66.1227068373979));
#13461=CARTESIAN_POINT('Origin',(11.2143787922337,196.448868204438,66.322706837398));
#13462=CARTESIAN_POINT('',(11.4143787922337,195.321269152103,66.322706837398));
#13463=CARTESIAN_POINT('Ctrl Pts',(11.4143787922337,195.321269152103,66.3227068373979));
#13464=CARTESIAN_POINT('Ctrl Pts',(11.4143787922337,195.319292059098,66.3079381084171));
#13465=CARTESIAN_POINT('Ctrl Pts',(11.4127456176347,195.31826816329,66.2931671383595));
#13466=CARTESIAN_POINT('Ctrl Pts',(11.4060292818659,195.318248075713,66.2634380015703));
#13467=CARTESIAN_POINT('Ctrl Pts',(11.4008527192636,195.319347871132,66.2487767723266));
#13468=CARTESIAN_POINT('Ctrl Pts',(11.3835140717559,195.324817294227,66.213288630572));
#13469=CARTESIAN_POINT('Ctrl Pts',(11.3693568534315,195.330576154143,66.1941859529322));
#13470=CARTESIAN_POINT('Ctrl Pts',(11.3345444344139,195.346099408804,66.1608839964765));
#13471=CARTESIAN_POINT('Ctrl Pts',(11.3137526694761,195.356002310766,66.1474866106086));
#13472=CARTESIAN_POINT('Ctrl Pts',(11.2668982166866,195.37883096998,66.1278785250855));
#13473=CARTESIAN_POINT('Ctrl Pts',(11.2406431794979,195.391898892502,66.122706837398));
#13474=CARTESIAN_POINT('Ctrl Pts',(11.2143787922337,195.405077027128,66.122706837398));
#13475=CARTESIAN_POINT('',(11.4143787922337,195.016994926053,66.3227068373979));
#13476=CARTESIAN_POINT('Origin',(11.2143787922337,195.016994926053,66.3227068373979));
#13477=CARTESIAN_POINT('',(11.4143787922337,195.016994926053,66.3227068373979));
#13478=CARTESIAN_POINT('Origin',(11.4143787922337,195.016994926053,66.3227068373979));
#13479=CARTESIAN_POINT('Origin',(11.4143787922337,194.842932312377,66.5988887093069));
#13480=CARTESIAN_POINT('',(11.4143787922337,195.016994926053,66.8741718828467));
#13481=CARTESIAN_POINT('',(11.4143787922337,195.016994926053,66.3227068373979));
#13482=CARTESIAN_POINT('',(11.4143787922337,195.016994926053,66.8741718828467));
#13483=CARTESIAN_POINT('Origin',(11.2143787922337,196.448868204438,66.8741718828467));
#13484=CARTESIAN_POINT('',(11.2143787922337,195.016994926053,67.0741718828468));
#13485=CARTESIAN_POINT('Origin',(11.2143787922337,195.016994926053,66.8741718828467));
#13486=CARTESIAN_POINT('',(11.2143787922337,195.016994926053,67.0741718828468));
#13487=CARTESIAN_POINT('Origin',(11.2143787922337,195.016994926053,67.0741718828468));
#13488=CARTESIAN_POINT('',(10.6757325227244,195.016994926053,67.0741718828468));
#13489=CARTESIAN_POINT('',(11.2143787922337,195.016994926053,67.0741718828468));
#13490=CARTESIAN_POINT('',(10.6757325227244,195.016994926053,67.0741718828468));
#13491=CARTESIAN_POINT('Origin',(10.6757325227244,196.448868204438,67.2741718828467));
#13492=CARTESIAN_POINT('',(10.4757325227244,195.016994926053,67.2741718828467));
#13493=CARTESIAN_POINT('Origin',(10.6757325227244,195.016994926053,67.2741718828467));
#13494=CARTESIAN_POINT('',(10.4757325227244,195.016994926053,67.2741718828467));
#13495=CARTESIAN_POINT('Origin',(10.4757325227244,195.016994926053,67.2741718828467));
#13496=CARTESIAN_POINT('',(10.4757325227244,195.016994926053,67.812818152356));
#13497=CARTESIAN_POINT('',(10.4757325227244,195.016994926053,67.2741718828467));
#13498=CARTESIAN_POINT('',(10.4757325227244,195.016994926053,67.812818152356));
#13499=CARTESIAN_POINT('Origin',(10.2757325227244,196.448868204438,67.812818152356));
#13500=CARTESIAN_POINT('',(10.2757325227244,195.016994926053,68.012818152356));
#13501=CARTESIAN_POINT('Origin',(10.2757325227244,195.016994926053,67.812818152356));
#13502=CARTESIAN_POINT('',(10.2757325227244,195.016994926053,68.012818152356));
#13503=CARTESIAN_POINT('Origin',(10.2757325227244,195.016994926053,68.012818152356));
#13504=CARTESIAN_POINT('',(9.72426747727561,195.016994926053,68.012818152356));
#13505=CARTESIAN_POINT('',(10.2757325227244,195.016994926053,68.012818152356));
#13506=CARTESIAN_POINT('',(9.72426747727561,195.016994926053,68.012818152356));
#13507=CARTESIAN_POINT('Origin',(9.72426747727561,196.448868204438,67.812818152356));
#13508=CARTESIAN_POINT('',(9.52426747727561,195.016994926053,67.812818152356));
#13509=CARTESIAN_POINT('Origin',(9.72426747727561,195.016994926053,67.812818152356));
#13510=CARTESIAN_POINT('',(9.52426747727561,195.016994926053,67.812818152356));
#13511=CARTESIAN_POINT('Origin',(9.52426747727561,195.016994926053,67.812818152356));
#13512=CARTESIAN_POINT('',(9.52426747727561,195.016994926053,67.2741718828467));
#13513=CARTESIAN_POINT('',(9.52426747727561,195.016994926053,67.812818152356));
#13514=CARTESIAN_POINT('',(9.52426747727561,195.016994926053,67.2741718828467));
#13515=CARTESIAN_POINT('Origin',(9.3242674772756,196.448868204438,67.2741718828467));
#13516=CARTESIAN_POINT('',(9.3242674772756,195.016994926053,67.0741718828468));
#13517=CARTESIAN_POINT('Origin',(9.3242674772756,195.016994926053,67.2741718828467));
#13518=CARTESIAN_POINT('',(9.3242674772756,195.016994926053,67.0741718828468));
#13519=CARTESIAN_POINT('Origin',(9.3242674772756,195.016994926053,67.0741718828468));
#13520=CARTESIAN_POINT('',(8.7856212077663,195.016994926053,67.0741718828468));
#13521=CARTESIAN_POINT('',(9.3242674772756,195.016994926053,67.0741718828468));
#13522=CARTESIAN_POINT('',(8.7856212077663,195.016994926053,67.0741718828468));
#13523=CARTESIAN_POINT('Origin',(8.78562120776629,196.448868204438,66.8741718828467));
#13524=CARTESIAN_POINT('',(8.5856212077663,195.016994926053,66.8741718828468));
#13525=CARTESIAN_POINT('Origin',(8.78562120776629,195.016994926053,66.8741718828468));
#13526=CARTESIAN_POINT('',(8.5856212077663,195.016994926053,66.8741718828468));
#13527=CARTESIAN_POINT('Origin',(8.5856212077663,195.016994926053,66.8741718828468));
#13528=CARTESIAN_POINT('',(8.5856212077663,195.016994926053,66.3227068373979));
#13529=CARTESIAN_POINT('',(8.5856212077663,195.016994926053,66.8741718828468));
#13530=CARTESIAN_POINT('',(8.5856212077663,195.321269152103,66.322706837398));
#13531=CARTESIAN_POINT('',(8.5856212077663,195.016994926053,66.3227068373979));
#13532=CARTESIAN_POINT('Origin',(8.5856212077663,194.842932312429,66.5988887092924));
#13533=CARTESIAN_POINT('Origin',(8.78562120776629,196.448868204438,66.322706837398));
#13534=CARTESIAN_POINT('',(8.7856212077663,195.405077027128,66.1227068373979));
#13535=CARTESIAN_POINT('Ctrl Pts',(8.78562120776627,195.405077027128,66.122706837398));
#13536=CARTESIAN_POINT('Ctrl Pts',(8.75935682050211,195.391898892502,66.122706837398));
#13537=CARTESIAN_POINT('Ctrl Pts',(8.7331017833134,195.37883096998,66.1278785250855));
#13538=CARTESIAN_POINT('Ctrl Pts',(8.68624733052391,195.356002310766,66.1474866106086));
#13539=CARTESIAN_POINT('Ctrl Pts',(8.66545556558609,195.346099408804,66.1608839964765));
#13540=CARTESIAN_POINT('Ctrl Pts',(8.6306431465685,195.330576154143,66.1941859529322));
#13541=CARTESIAN_POINT('Ctrl Pts',(8.61648592824412,195.324817294227,66.213288630572));
#13542=CARTESIAN_POINT('Ctrl Pts',(8.59914728073642,195.319347871132,66.2487767723266));
#13543=CARTESIAN_POINT('Ctrl Pts',(8.59397071813405,195.318248075713,66.2634380015703));
#13544=CARTESIAN_POINT('Ctrl Pts',(8.58725438236526,195.31826816329,66.2931671383595));
#13545=CARTESIAN_POINT('Ctrl Pts',(8.58562047610883,195.319292967567,66.3079480760327));
#13546=CARTESIAN_POINT('Ctrl Pts',(8.58562120801189,195.321270479109,66.3227167489596));
#13547=CARTESIAN_POINT('',(8.7856212077663,195.016994926053,66.1227068373979));
#13548=CARTESIAN_POINT('Origin',(8.7856212077663,195.016994926053,66.3227068373979));
#13549=CARTESIAN_POINT('',(8.7856212077663,195.016994926053,66.1227068373979));
#13550=CARTESIAN_POINT('Origin',(8.7856212077663,195.016994926053,66.1227068373979));
#13551=CARTESIAN_POINT('',(9.3242674772756,195.58623319749,66.1227068373979));
#13552=CARTESIAN_POINT('Ctrl Pts',(9.32426747727559,195.58623319749,66.1227068373979));
#13553=CARTESIAN_POINT('Ctrl Pts',(9.22721907710155,195.565738105844,66.1227068373979));
#13554=CARTESIAN_POINT('Ctrl Pts',(9.13035165655561,195.540019492478,66.1227068374003));
#13555=CARTESIAN_POINT('Ctrl Pts',(8.95096841053118,195.47968621115,66.1227068374002));
#13556=CARTESIAN_POINT('Ctrl Pts',(8.86611171431203,195.445463072332,66.122706837398));
#13557=CARTESIAN_POINT('Ctrl Pts',(8.78562120776632,195.405077027128,66.122706837398));
#13558=CARTESIAN_POINT('',(9.3242674772756,195.016994926053,66.1227068373979));
#13559=CARTESIAN_POINT('',(8.7856212077663,195.016994926053,66.1227068373979));
#13560=CARTESIAN_POINT('',(9.3242674772756,195.016994926053,66.1227068373979));
#13561=CARTESIAN_POINT('Origin',(9.3242674772756,196.448868204438,65.922706837398));
#13562=CARTESIAN_POINT('',(9.52426747727561,195.58623319749,65.922706837398));
#13563=CARTESIAN_POINT('Ctrl Pts',(9.52426747703629,195.586231131171,65.9226970532105));
#13564=CARTESIAN_POINT('Ctrl Pts',(9.52426747703629,195.588873185131,65.9352077125634));
#13565=CARTESIAN_POINT('Ctrl Pts',(9.52309482333671,195.591258544463,65.9477419121437));
#13566=CARTESIAN_POINT('Ctrl Pts',(9.51800432385567,195.59578376043,65.9744654699622));
#13567=CARTESIAN_POINT('Ctrl Pts',(9.51370258667491,195.597811056172,65.9885139241064));
#13568=CARTESIAN_POINT('Ctrl Pts',(9.49788643361465,195.60212729194,66.02513024908));
#13569=CARTESIAN_POINT('Ctrl Pts',(9.48359432691575,195.603527188444,66.0462227002324));
#13570=CARTESIAN_POINT('Ctrl Pts',(9.44778334011006,195.603527188444,66.0820336870381));
#13571=CARTESIAN_POINT('Ctrl Pts',(9.42669088895766,195.60212729194,66.096325793737));
#13572=CARTESIAN_POINT('Ctrl Pts',(9.39007456398407,195.597811056172,66.1121419467973));
#13573=CARTESIAN_POINT('Ctrl Pts',(9.37602610983988,195.59578376043,66.116443683978));
#13574=CARTESIAN_POINT('Ctrl Pts',(9.34930255202127,195.591258544462,66.121534183459));
#13575=CARTESIAN_POINT('Ctrl Pts',(9.33677813662838,195.58887525145,66.122706837398));
#13576=CARTESIAN_POINT('Ctrl Pts',(9.32426747727557,195.58623319749,66.122706837398));
#13577=CARTESIAN_POINT('',(9.52426747727561,195.016994926053,65.922706837398));
#13578=CARTESIAN_POINT('Origin',(9.3242674772756,195.016994926053,65.922706837398));
#13579=CARTESIAN_POINT('',(9.52426747727561,195.016994926053,65.922706837398));
#13580=CARTESIAN_POINT('Origin',(9.52426747727561,195.016994926053,65.922706837398));
#13581=CARTESIAN_POINT('',(9.52426747727561,195.405077027128,65.3840605678887));
#13582=CARTESIAN_POINT('Ctrl Pts',(9.52426747727561,195.405077027128,65.3840605678886));
#13583=CARTESIAN_POINT('Ctrl Pts',(9.52426747727561,195.445464529407,65.4645539784245));
#13584=CARTESIAN_POINT('Ctrl Pts',(9.52426747727791,195.479685147437,65.5494046080175));
#13585=CARTESIAN_POINT('Ctrl Pts',(9.52426747727791,195.540018430674,65.7287878597163));
#13586=CARTESIAN_POINT('Ctrl Pts',(9.52426747727561,195.565738781932,65.8256616386373));
#13587=CARTESIAN_POINT('Ctrl Pts',(9.52426747727561,195.58623319749,65.922706837398));
#13588=CARTESIAN_POINT('',(9.52426747727561,195.016994926053,65.3840605678887));
#13589=CARTESIAN_POINT('',(9.52426747727561,195.016994926053,65.922706837398));
#13590=CARTESIAN_POINT('',(9.52426747727561,195.016994926053,65.3840605678887));
#13591=CARTESIAN_POINT('Origin',(9.72426747727561,196.448868204438,65.3840605678887));
#13592=CARTESIAN_POINT('',(9.72426747727561,195.321269152103,65.1840605678887));
#13593=CARTESIAN_POINT('Ctrl Pts',(9.72426747727559,195.321269152103,65.1840605678887));
#13594=CARTESIAN_POINT('Ctrl Pts',(9.70949874829479,195.319292059098,65.1840605678887));
#13595=CARTESIAN_POINT('Ctrl Pts',(9.6947277782372,195.31826816329,65.1856937424876));
#13596=CARTESIAN_POINT('Ctrl Pts',(9.66499864144794,195.318248075713,65.1924100782564));
#13597=CARTESIAN_POINT('Ctrl Pts',(9.65033741220422,195.319347871132,65.1975866408588));
#13598=CARTESIAN_POINT('Ctrl Pts',(9.61484927044967,195.324817294227,65.2149252883665));
#13599=CARTESIAN_POINT('Ctrl Pts',(9.59574659280986,195.330576154143,65.2290825066909));
#13600=CARTESIAN_POINT('Ctrl Pts',(9.56244463635411,195.346099408804,65.2638949257085));
#13601=CARTESIAN_POINT('Ctrl Pts',(9.54904725048624,195.356002310766,65.2846866906463));
#13602=CARTESIAN_POINT('Ctrl Pts',(9.52943916496312,195.37883096998,65.3315411434358));
#13603=CARTESIAN_POINT('Ctrl Pts',(9.52426630371938,195.39190335426,65.3578051301406));
#13604=CARTESIAN_POINT('Ctrl Pts',(9.52426747747533,195.40508151177,65.3840695058962));
#13605=CARTESIAN_POINT('',(9.72426747727561,195.016994926053,65.1840605678887));
#13606=CARTESIAN_POINT('Origin',(9.72426747727561,195.016994926053,65.3840605678887));
#13607=CARTESIAN_POINT('',(9.72426747727561,195.016994926053,65.1840605678887));
#13608=CARTESIAN_POINT('Origin',(9.72426747727561,195.016994926053,65.1840605678887));
#13609=CARTESIAN_POINT('',(10.2757325227244,195.321269152103,65.1840605678887));
#13610=CARTESIAN_POINT('Origin',(10.0000000000004,194.842556668596,65.1840605678887));
#13611=CARTESIAN_POINT('',(10.2757325227244,195.016994926053,65.1840605678887));
#13612=CARTESIAN_POINT('',(9.72426747727561,195.016994926053,65.1840605678887));
#13613=CARTESIAN_POINT('',(10.2757325227244,195.016994926053,65.1840605678887));
#13614=CARTESIAN_POINT('Origin',(10.2757325227244,196.448868204438,65.3840605678887));
#13615=CARTESIAN_POINT('',(10.4757325225247,195.40508151177,65.3840695058962));
#13616=CARTESIAN_POINT('Ctrl Pts',(10.4757325225247,195.40508151177,65.3840695058962));
#13617=CARTESIAN_POINT('Ctrl Pts',(10.4757325225247,195.391903377145,65.357805118632));
#13618=CARTESIAN_POINT('Ctrl Pts',(10.4705608350369,195.37883096998,65.3315411434358));
#13619=CARTESIAN_POINT('Ctrl Pts',(10.4509527495138,195.356002310766,65.2846866906463));
#13620=CARTESIAN_POINT('Ctrl Pts',(10.4375553636459,195.346099408804,65.2638949257085));
#13621=CARTESIAN_POINT('Ctrl Pts',(10.4042534071901,195.330576154143,65.2290825066908));
#13622=CARTESIAN_POINT('Ctrl Pts',(10.3851507295503,195.324817294227,65.2149252883665));
#13623=CARTESIAN_POINT('Ctrl Pts',(10.3496625877958,195.319347871132,65.1975866408588));
#13624=CARTESIAN_POINT('Ctrl Pts',(10.3350013585521,195.318248075713,65.1924100782564));
#13625=CARTESIAN_POINT('Ctrl Pts',(10.3052722217628,195.31826816329,65.1856937424876));
#13626=CARTESIAN_POINT('Ctrl Pts',(10.2905012517052,195.319292059098,65.1840605678887));
#13627=CARTESIAN_POINT('Ctrl Pts',(10.2757325227244,195.321269152103,65.1840605678887));
#13628=CARTESIAN_POINT('',(10.4757325227244,195.016994926053,65.3840605678887));
#13629=CARTESIAN_POINT('Origin',(10.2757325227244,195.016994926053,65.3840605678887));
#13630=CARTESIAN_POINT('',(10.4757325227244,195.016994926053,65.3840605678887));
#13631=CARTESIAN_POINT('Origin',(10.4757325227244,195.016994926053,65.3840605678887));
#13632=CARTESIAN_POINT('Ctrl Pts',(10.4757325227244,195.58623319749,65.9227068373979));
#13633=CARTESIAN_POINT('Ctrl Pts',(10.4757325227244,195.565738781932,65.8256616386372));
#13634=CARTESIAN_POINT('Ctrl Pts',(10.4757325227221,195.540018430674,65.7287878597162));
#13635=CARTESIAN_POINT('Ctrl Pts',(10.4757325227221,195.479685147437,65.5494046080175));
#13636=CARTESIAN_POINT('Ctrl Pts',(10.4757325227244,195.445464529407,65.4645539784245));
#13637=CARTESIAN_POINT('Ctrl Pts',(10.4757325227244,195.405077027128,65.3840605678886));
#13638=CARTESIAN_POINT('',(10.4757325227244,195.016994926053,65.3840605678887));
#13639=CARTESIAN_POINT('Origin',(8.23202650970787,195.016994926053,64.8304658698302));
#13640=CARTESIAN_POINT('Ctrl Pts',(10.,195.686228244046,66.5984393601223));
#13641=CARTESIAN_POINT('Ctrl Pts',(10.,195.686228244046,66.5984393601223));
#13642=CARTESIAN_POINT('Ctrl Pts',(10.,195.686228244046,66.5984393601223));
#13643=CARTESIAN_POINT('Ctrl Pts',(10.,195.686228244046,66.5984393601223));
#13644=CARTESIAN_POINT('Ctrl Pts',(10.,195.686228244046,66.5984393601223));
#13645=CARTESIAN_POINT('Ctrl Pts',(11.75,195.686228244046,66.5984393601223));
#13646=CARTESIAN_POINT('Ctrl Pts',(11.75,195.686228244046,64.8484393601223));
#13647=CARTESIAN_POINT('Ctrl Pts',(9.99999999999999,195.686228244046,64.8484393601223));
#13648=CARTESIAN_POINT('Ctrl Pts',(8.24999999999999,195.686228244046,64.8484393601223));
#13649=CARTESIAN_POINT('Ctrl Pts',(8.25,195.686228244046,66.5984393601223));
#13650=CARTESIAN_POINT('Ctrl Pts',(11.75,194.842556668597,66.5984393601223));
#13651=CARTESIAN_POINT('Ctrl Pts',(11.75,194.842556668597,64.8484393601224));
#13652=CARTESIAN_POINT('Ctrl Pts',(10.,194.842556668597,64.8484393601224));
#13653=CARTESIAN_POINT('Ctrl Pts',(8.25,194.842556668597,64.8484393601224));
#13654=CARTESIAN_POINT('Ctrl Pts',(8.25,194.842556668597,66.5984393601223));
#13655=CARTESIAN_POINT('Ctrl Pts',(11.75,193.998885093148,66.5984393601223));
#13656=CARTESIAN_POINT('Ctrl Pts',(11.75,193.998885093148,64.8484393601224));
#13657=CARTESIAN_POINT('Ctrl Pts',(10.,193.998885093148,64.8484393601224));
#13658=CARTESIAN_POINT('Ctrl Pts',(8.25,193.998885093148,64.8484393601224));
#13659=CARTESIAN_POINT('Ctrl Pts',(8.25,193.998885093148,66.5984393601223));
#13660=CARTESIAN_POINT('Ctrl Pts',(10.,193.998885093148,66.5984393601223));
#13661=CARTESIAN_POINT('Ctrl Pts',(10.,193.998885093148,66.5984393601223));
#13662=CARTESIAN_POINT('Ctrl Pts',(10.,193.998885093148,66.5984393601223));
#13663=CARTESIAN_POINT('Ctrl Pts',(10.,193.998885093148,66.5984393601223));
#13664=CARTESIAN_POINT('Ctrl Pts',(10.,193.998885093148,66.5984393601223));
#13665=CARTESIAN_POINT('Ctrl Pts',(-10.,195.686228244046,66.5984393601223));
#13666=CARTESIAN_POINT('Ctrl Pts',(-8.25000000000001,195.686228244046,66.5984393601223));
#13667=CARTESIAN_POINT('Ctrl Pts',(-8.25000000000001,194.842556668597,66.5984393601223));
#13668=CARTESIAN_POINT('Ctrl Pts',(-8.25000000000001,193.998885093148,66.5984393601223));
#13669=CARTESIAN_POINT('Ctrl Pts',(-10.,193.998885093148,66.5984393601223));
#13670=CARTESIAN_POINT('Ctrl Pts',(-10.,195.686228244046,66.5984393601223));
#13671=CARTESIAN_POINT('Ctrl Pts',(-8.25000000000001,195.686228244046,68.3484393601224));
#13672=CARTESIAN_POINT('Ctrl Pts',(-8.25000000000001,194.842556668597,68.3484393601223));
#13673=CARTESIAN_POINT('Ctrl Pts',(-8.25000000000001,193.998885093148,68.3484393601223));
#13674=CARTESIAN_POINT('Ctrl Pts',(-10.,193.998885093148,66.5984393601223));
#13675=CARTESIAN_POINT('Ctrl Pts',(-10.,195.686228244046,66.5984393601223));
#13676=CARTESIAN_POINT('Ctrl Pts',(-10.,195.686228244046,68.3484393601224));
#13677=CARTESIAN_POINT('Ctrl Pts',(-10.,194.842556668597,68.3484393601223));
#13678=CARTESIAN_POINT('Ctrl Pts',(-10.,193.998885093148,68.3484393601223));
#13679=CARTESIAN_POINT('Ctrl Pts',(-10.,193.998885093148,66.5984393601223));
#13680=CARTESIAN_POINT('Ctrl Pts',(-10.,195.686228244046,66.5984393601223));
#13681=CARTESIAN_POINT('Ctrl Pts',(-11.75,195.686228244046,68.3484393601224));
#13682=CARTESIAN_POINT('Ctrl Pts',(-11.75,194.842556668597,68.3484393601223));
#13683=CARTESIAN_POINT('Ctrl Pts',(-11.75,193.998885093148,68.3484393601223));
#13684=CARTESIAN_POINT('Ctrl Pts',(-10.,193.998885093148,66.5984393601223));
#13685=CARTESIAN_POINT('Ctrl Pts',(-10.,195.686228244046,66.5984393601223));
#13686=CARTESIAN_POINT('Ctrl Pts',(-11.75,195.686228244046,66.5984393601223));
#13687=CARTESIAN_POINT('Ctrl Pts',(-11.75,194.842556668597,66.5984393601223));
#13688=CARTESIAN_POINT('Ctrl Pts',(-11.75,193.998885093148,66.5984393601223));
#13689=CARTESIAN_POINT('Ctrl Pts',(-10.,193.998885093148,66.5984393601223));
#13690=CARTESIAN_POINT('',(-11.4143787922337,195.339382650114,66.5984393601223));
#13691=CARTESIAN_POINT('',(-11.75,194.842556668597,66.5984393601223));
#13692=CARTESIAN_POINT('Origin',(-9.99999999999051,194.842556668595,66.5984393601223));
#13693=CARTESIAN_POINT('',(-8.25000000000001,194.842556668597,66.5984393601223));
#13694=CARTESIAN_POINT('Origin',(-10.,194.842556668597,66.5984393601223));
#13695=CARTESIAN_POINT('',(-8.58562120776631,195.339382650114,66.5984393601223));
#13696=CARTESIAN_POINT('Origin',(-10.0000000000001,194.842556668597,66.5984393601223));
#13697=CARTESIAN_POINT('',(-8.58562120776631,195.321269152103,66.8741718828467));
#13698=CARTESIAN_POINT('Origin',(-8.58562120776631,194.842932312373,66.5979900109372));
#13699=CARTESIAN_POINT('',(-8.7856212077663,195.405077027128,67.0741718828467));
#13700=CARTESIAN_POINT('Ctrl Pts',(-8.58562120776631,195.321269152103,66.8741718828468));
#13701=CARTESIAN_POINT('Ctrl Pts',(-8.58562120776631,195.319292059098,66.8889406118276));
#13702=CARTESIAN_POINT('Ctrl Pts',(-8.58725438236528,195.31826816329,66.9037115818852));
#13703=CARTESIAN_POINT('Ctrl Pts',(-8.59397071813407,195.318248075713,66.9334407186744));
#13704=CARTESIAN_POINT('Ctrl Pts',(-8.59914728073644,195.319347871132,66.9481019479181));
#13705=CARTESIAN_POINT('Ctrl Pts',(-8.61648592824413,195.324817294227,66.9835900896727));
#13706=CARTESIAN_POINT('Ctrl Pts',(-8.63064314656851,195.330576154143,67.0026927673125));
#13707=CARTESIAN_POINT('Ctrl Pts',(-8.66654525331365,195.34658531299,67.0370371314571));
#13708=CARTESIAN_POINT('Ctrl Pts',(-8.68875627443641,195.357197484461,67.0509883238537));
#13709=CARTESIAN_POINT('Ctrl Pts',(-8.7359442754425,195.380248078319,67.069545591723));
#13710=CARTESIAN_POINT('Ctrl Pts',(-8.76077986277648,195.392612902788,67.0741718828467));
#13711=CARTESIAN_POINT('Ctrl Pts',(-8.78562120776632,195.405077027128,67.0741718828467));
#13712=CARTESIAN_POINT('',(-9.3242674772756,195.58623319749,67.0741718828467));
#13713=CARTESIAN_POINT('Ctrl Pts',(-8.78562120776633,195.405077027128,67.0741718828468));
#13714=CARTESIAN_POINT('Ctrl Pts',(-8.86611171431207,195.445463072332,67.0741718828468));
#13715=CARTESIAN_POINT('Ctrl Pts',(-8.9509684105312,195.47968621115,67.0741718828444));
#13716=CARTESIAN_POINT('Ctrl Pts',(-9.13035165655562,195.540019492478,67.0741718828445));
#13717=CARTESIAN_POINT('Ctrl Pts',(-9.22721907710156,195.565738105844,67.0741718828468));
#13718=CARTESIAN_POINT('Ctrl Pts',(-9.32426747727562,195.58623319749,67.0741718828468));
#13719=CARTESIAN_POINT('',(-9.52426747727561,195.58623319749,67.2741718828468));
#13720=CARTESIAN_POINT('Ctrl Pts',(-9.3242674772756,195.58623319749,67.0741718828467));
#13721=CARTESIAN_POINT('Ctrl Pts',(-9.3367781366284,195.58887525145,67.0741718828467));
#13722=CARTESIAN_POINT('Ctrl Pts',(-9.34930255202128,195.591258544463,67.0753445367856));
#13723=CARTESIAN_POINT('Ctrl Pts',(-9.3760261098399,195.59578376043,67.0804350362667));
#13724=CARTESIAN_POINT('Ctrl Pts',(-9.39007456398409,195.597811056172,67.0847367734474));
#13725=CARTESIAN_POINT('Ctrl Pts',(-9.42669088895767,195.60212729194,67.1005529265077));
#13726=CARTESIAN_POINT('Ctrl Pts',(-9.44778334011007,195.603527188444,67.1148450332066));
#13727=CARTESIAN_POINT('Ctrl Pts',(-9.48359432691577,195.603527188444,67.1506560200123));
#13728=CARTESIAN_POINT('Ctrl Pts',(-9.49788643361466,195.60212729194,67.1717484711647));
#13729=CARTESIAN_POINT('Ctrl Pts',(-9.51370258667492,195.597811056172,67.2083647961383));
#13730=CARTESIAN_POINT('Ctrl Pts',(-9.51800432385567,195.59578376043,67.2224132502824));
#13731=CARTESIAN_POINT('Ctrl Pts',(-9.52309482333673,195.591258544463,67.2491368081011));
#13732=CARTESIAN_POINT('Ctrl Pts',(-9.52426808906812,195.588873315888,67.2616710353111));
#13733=CARTESIAN_POINT('Ctrl Pts',(-9.52426747703629,195.586231131171,67.2741816670342));
#13734=CARTESIAN_POINT('',(-9.52426747727561,195.405077027128,67.812818152356));
#13735=CARTESIAN_POINT('Ctrl Pts',(-9.52426747727561,195.58623319749,67.2741718828467));
#13736=CARTESIAN_POINT('Ctrl Pts',(-9.52426747727561,195.565738105844,67.3712202830208));
#13737=CARTESIAN_POINT('Ctrl Pts',(-9.52426747727792,195.540019492478,67.4680877035667));
#13738=CARTESIAN_POINT('Ctrl Pts',(-9.52426747727792,195.479685147437,67.6474741122273));
#13739=CARTESIAN_POINT('Ctrl Pts',(-9.52426747727561,195.445464529407,67.7323247418202));
#13740=CARTESIAN_POINT('Ctrl Pts',(-9.52426747727561,195.405077027128,67.8128181523561));
#13741=CARTESIAN_POINT('',(-9.72426747727562,195.321269152103,68.012818152356));
#13742=CARTESIAN_POINT('Ctrl Pts',(-9.52426747727562,195.405077027128,67.812818152356));
#13743=CARTESIAN_POINT('Ctrl Pts',(-9.52426747727562,195.392612902788,67.8376594973459));
#13744=CARTESIAN_POINT('Ctrl Pts',(-9.52889376839933,195.380248078319,67.8624950846799));
#13745=CARTESIAN_POINT('Ctrl Pts',(-9.54745103626868,195.357197484461,67.9096830856859));
#13746=CARTESIAN_POINT('Ctrl Pts',(-9.56140222866521,195.34658531299,67.9318941068087));
#13747=CARTESIAN_POINT('Ctrl Pts',(-9.59574659280987,195.330576154143,67.9677962135538));
#13748=CARTESIAN_POINT('Ctrl Pts',(-9.61484927044968,195.324817294227,67.9819534318782));
#13749=CARTESIAN_POINT('Ctrl Pts',(-9.65033741220422,195.319347871132,67.9992920793859));
#13750=CARTESIAN_POINT('Ctrl Pts',(-9.66499864144794,195.318248075713,68.0044686419883));
#13751=CARTESIAN_POINT('Ctrl Pts',(-9.6947277782372,195.31826816329,68.0111849777571));
#13752=CARTESIAN_POINT('Ctrl Pts',(-9.70949874829481,195.319292059098,68.0128181523561));
#13753=CARTESIAN_POINT('Ctrl Pts',(-9.72426747727561,195.321269152103,68.0128181523561));
#13754=CARTESIAN_POINT('',(-10.2757325227244,195.321269152103,68.012818152356));
#13755=CARTESIAN_POINT('Origin',(-10.0000000000003,194.842556668593,68.012818152356));
#13756=CARTESIAN_POINT('',(-10.4757325227244,195.405077027128,67.812818152356));
#13757=CARTESIAN_POINT('Ctrl Pts',(-10.2757325227244,195.321269152103,68.0128181523561));
#13758=CARTESIAN_POINT('Ctrl Pts',(-10.2905012517052,195.319292059098,68.0128181523561));
#13759=CARTESIAN_POINT('Ctrl Pts',(-10.3052722217628,195.31826816329,68.0111849777571));
#13760=CARTESIAN_POINT('Ctrl Pts',(-10.3350013585521,195.318248075713,68.0044686419883));
#13761=CARTESIAN_POINT('Ctrl Pts',(-10.3496625877958,195.319347871132,67.9992920793859));
#13762=CARTESIAN_POINT('Ctrl Pts',(-10.3851507295504,195.324817294227,67.9819534318782));
#13763=CARTESIAN_POINT('Ctrl Pts',(-10.4042534071902,195.330576154143,67.9677962135538));
#13764=CARTESIAN_POINT('Ctrl Pts',(-10.4385977713348,195.34658531299,67.9318941068087));
#13765=CARTESIAN_POINT('Ctrl Pts',(-10.4525489637314,195.357197484461,67.9096830856859));
#13766=CARTESIAN_POINT('Ctrl Pts',(-10.4711062316007,195.380248078319,67.8624950846799));
#13767=CARTESIAN_POINT('Ctrl Pts',(-10.4757325227244,195.392612902788,67.8376594973459));
#13768=CARTESIAN_POINT('Ctrl Pts',(-10.4757325227244,195.405077027128,67.8128181523561));
#13769=CARTESIAN_POINT('',(-10.4757325227244,195.58623319749,67.2741718828468));
#13770=CARTESIAN_POINT('Ctrl Pts',(-10.4757325227244,195.405077027128,67.812818152356));
#13771=CARTESIAN_POINT('Ctrl Pts',(-10.4757325227244,195.445464529407,67.7323247418202));
#13772=CARTESIAN_POINT('Ctrl Pts',(-10.4757325227221,195.479685147437,67.6474741122273));
#13773=CARTESIAN_POINT('Ctrl Pts',(-10.4757325227221,195.540019492478,67.4680877035667));
#13774=CARTESIAN_POINT('Ctrl Pts',(-10.4757325227244,195.565738105844,67.3712202830208));
#13775=CARTESIAN_POINT('Ctrl Pts',(-10.4757325227244,195.58623319749,67.2741718828467));
#13776=CARTESIAN_POINT('',(-10.6757325227244,195.58623319749,67.0741718828467));
#13777=CARTESIAN_POINT('Ctrl Pts',(-10.4757325229637,195.586231131171,67.2741816670342));
#13778=CARTESIAN_POINT('Ctrl Pts',(-10.4757325229637,195.588873185131,67.2616710076813));
#13779=CARTESIAN_POINT('Ctrl Pts',(-10.4769051766633,195.591258544463,67.249136808101));
#13780=CARTESIAN_POINT('Ctrl Pts',(-10.4819956761443,195.59578376043,67.2224132502825));
#13781=CARTESIAN_POINT('Ctrl Pts',(-10.4862974133251,195.597811056172,67.2083647961383));
#13782=CARTESIAN_POINT('Ctrl Pts',(-10.5021135663853,195.60212729194,67.1717484711648));
#13783=CARTESIAN_POINT('Ctrl Pts',(-10.5164056730842,195.603527188444,67.1506560200123));
#13784=CARTESIAN_POINT('Ctrl Pts',(-10.55221665989,195.603527188444,67.1148450332065));
#13785=CARTESIAN_POINT('Ctrl Pts',(-10.5733091110425,195.60212729194,67.1005529265076));
#13786=CARTESIAN_POINT('Ctrl Pts',(-10.6099254360159,195.597811056172,67.0847367734474));
#13787=CARTESIAN_POINT('Ctrl Pts',(-10.6239738901601,195.59578376043,67.0804350362667));
#13788=CARTESIAN_POINT('Ctrl Pts',(-10.6506974479787,195.591258544463,67.0753445367856));
#13789=CARTESIAN_POINT('Ctrl Pts',(-10.6632218633716,195.58887525145,67.0741718828467));
#13790=CARTESIAN_POINT('Ctrl Pts',(-10.6757325227244,195.58623319749,67.0741718828467));
#13791=CARTESIAN_POINT('',(-11.2143787922337,195.405077027128,67.0741718828467));
#13792=CARTESIAN_POINT('Ctrl Pts',(-10.6757325227244,195.58623319749,67.0741718828468));
#13793=CARTESIAN_POINT('Ctrl Pts',(-10.7727777214851,195.565738781932,67.0741718828468));
#13794=CARTESIAN_POINT('Ctrl Pts',(-10.8696515004061,195.540018430674,67.0741718828445));
#13795=CARTESIAN_POINT('Ctrl Pts',(-11.0490315894688,195.47968621115,67.0741718828444));
#13796=CARTESIAN_POINT('Ctrl Pts',(-11.133888285688,195.445463072332,67.0741718828468));
#13797=CARTESIAN_POINT('Ctrl Pts',(-11.2143787922337,195.405077027128,67.0741718828468));
#13798=CARTESIAN_POINT('',(-11.4143787919881,195.321270479109,66.874161971285));
#13799=CARTESIAN_POINT('Ctrl Pts',(-11.2143787922337,195.405077027128,67.0741718828467));
#13800=CARTESIAN_POINT('Ctrl Pts',(-11.2392201372235,195.392612902788,67.0741718828467));
#13801=CARTESIAN_POINT('Ctrl Pts',(-11.2640557245575,195.380248078319,67.069545591723));
#13802=CARTESIAN_POINT('Ctrl Pts',(-11.3112437255636,195.357197484461,67.0509883238537));
#13803=CARTESIAN_POINT('Ctrl Pts',(-11.3334547466863,195.34658531299,67.0370371314571));
#13804=CARTESIAN_POINT('Ctrl Pts',(-11.3693568534315,195.330576154143,67.0026927673125));
#13805=CARTESIAN_POINT('Ctrl Pts',(-11.3835140717559,195.324817294227,66.9835900896727));
#13806=CARTESIAN_POINT('Ctrl Pts',(-11.4008527192636,195.319347871132,66.9481019479181));
#13807=CARTESIAN_POINT('Ctrl Pts',(-11.4060292818659,195.318248075713,66.9334407186744));
#13808=CARTESIAN_POINT('Ctrl Pts',(-11.4127456176347,195.31826816329,66.9037115818851));
#13809=CARTESIAN_POINT('Ctrl Pts',(-11.4143795238912,195.319292967567,66.888930644212));
#13810=CARTESIAN_POINT('Ctrl Pts',(-11.4143787919881,195.321270479109,66.874161971285));
#13811=CARTESIAN_POINT('Origin',(-11.4143787922337,194.842932312374,66.5979900109362));
#13812=CARTESIAN_POINT('Origin',(10.,194.842556668597,74.5984393601223));
#13813=CARTESIAN_POINT('Origin',(-10.,194.842556668597,66.5984393601223));
#13814=CARTESIAN_POINT('Origin',(-10.6757325227244,196.448868204438,65.922706837398));
#13815=CARTESIAN_POINT('',(-10.6757325227244,195.016994926053,66.1227068373979));
#13816=CARTESIAN_POINT('',(-10.6757325227244,195.58623319749,66.1227068373979));
#13817=CARTESIAN_POINT('',(-10.6757325227244,195.016994926053,66.1227068373979));
#13818=CARTESIAN_POINT('',(-10.4757325227244,195.016994926053,65.922706837398));
#13819=CARTESIAN_POINT('Origin',(-10.6757325227244,195.016994926053,65.922706837398));
#13820=CARTESIAN_POINT('',(-10.4757325227244,195.58623319749,65.922706837398));
#13821=CARTESIAN_POINT('',(-10.4757325227244,195.016994926053,65.922706837398));
#13822=CARTESIAN_POINT('Ctrl Pts',(-10.6757423069118,195.586231131171,66.1227068371586));
#13823=CARTESIAN_POINT('Ctrl Pts',(-10.663231647559,195.588873185131,66.1227068371586));
#13824=CARTESIAN_POINT('Ctrl Pts',(-10.6506974479787,195.591258544462,66.121534183459));
#13825=CARTESIAN_POINT('Ctrl Pts',(-10.6239738901601,195.59578376043,66.116443683978));
#13826=CARTESIAN_POINT('Ctrl Pts',(-10.6099254360159,195.597811056172,66.1121419467973));
#13827=CARTESIAN_POINT('Ctrl Pts',(-10.5733091110424,195.60212729194,66.096325793737));
#13828=CARTESIAN_POINT('Ctrl Pts',(-10.55221665989,195.603527188444,66.0820336870381));
#13829=CARTESIAN_POINT('Ctrl Pts',(-10.5164056730842,195.603527188444,66.0462227002324));
#13830=CARTESIAN_POINT('Ctrl Pts',(-10.5021135663854,195.60212729194,66.02513024908));
#13831=CARTESIAN_POINT('Ctrl Pts',(-10.4862974133251,195.597811056172,65.9885139241064));
#13832=CARTESIAN_POINT('Ctrl Pts',(-10.4819956761444,195.59578376043,65.9744654699622));
#13833=CARTESIAN_POINT('Ctrl Pts',(-10.4769051766633,195.591258544463,65.9477419121437));
#13834=CARTESIAN_POINT('Ctrl Pts',(-10.4757325227244,195.58887525145,65.9352174967507));
#13835=CARTESIAN_POINT('Ctrl Pts',(-10.4757325227244,195.58623319749,65.9227068373979));
#13836=CARTESIAN_POINT('Origin',(-10.6757325227244,195.016994926053,66.1227068373979));
#13837=CARTESIAN_POINT('',(-11.2143787922337,195.016994926053,66.1227068373979));
#13838=CARTESIAN_POINT('',(-11.2143787922337,195.405077027128,66.1227068373979));
#13839=CARTESIAN_POINT('',(-11.2143787922337,195.016994926053,66.1227068373979));
#13840=CARTESIAN_POINT('',(-10.6757325227244,195.016994926053,66.1227068373979));
#13841=CARTESIAN_POINT('Ctrl Pts',(-11.2143787922337,195.405077027128,66.122706837398));
#13842=CARTESIAN_POINT('Ctrl Pts',(-11.133888285688,195.445463072332,66.122706837398));
#13843=CARTESIAN_POINT('Ctrl Pts',(-11.0490315894688,195.47968621115,66.1227068374002));
#13844=CARTESIAN_POINT('Ctrl Pts',(-10.8696483434444,195.540019492478,66.1227068374003));
#13845=CARTESIAN_POINT('Ctrl Pts',(-10.7727809228984,195.565738105844,66.122706837398));
#13846=CARTESIAN_POINT('Ctrl Pts',(-10.6757325227244,195.58623319749,66.122706837398));
#13847=CARTESIAN_POINT('Origin',(-11.2143787922337,196.448868204438,66.322706837398));
#13848=CARTESIAN_POINT('',(-11.4143787922337,195.016994926053,66.3227068373979));
#13849=CARTESIAN_POINT('',(-11.4143787922337,195.321269152103,66.322706837398));
#13850=CARTESIAN_POINT('',(-11.4143787922337,195.016994926053,66.3227068373979));
#13851=CARTESIAN_POINT('Origin',(-11.2143787922337,195.016994926053,66.3227068373979));
#13852=CARTESIAN_POINT('Ctrl Pts',(-11.4143787922337,195.321269152103,66.3227068373979));
#13853=CARTESIAN_POINT('Ctrl Pts',(-11.4143787922337,195.319292059098,66.3079381084171));
#13854=CARTESIAN_POINT('Ctrl Pts',(-11.4127456176347,195.31826816329,66.2931671383595));
#13855=CARTESIAN_POINT('Ctrl Pts',(-11.4060292818659,195.318248075713,66.2634380015703));
#13856=CARTESIAN_POINT('Ctrl Pts',(-11.4008527192636,195.319347871132,66.2487767723265));
#13857=CARTESIAN_POINT('Ctrl Pts',(-11.3835140717559,195.324817294227,66.213288630572));
#13858=CARTESIAN_POINT('Ctrl Pts',(-11.3693568534315,195.330576154143,66.1941859529322));
#13859=CARTESIAN_POINT('Ctrl Pts',(-11.3334547466863,195.34658531299,66.1598415887876));
#13860=CARTESIAN_POINT('Ctrl Pts',(-11.3112437255636,195.357197484461,66.145890396391));
#13861=CARTESIAN_POINT('Ctrl Pts',(-11.2640557245575,195.380248078319,66.1273331285217));
#13862=CARTESIAN_POINT('Ctrl Pts',(-11.2392201372236,195.392612902788,66.122706837398));
#13863=CARTESIAN_POINT('Ctrl Pts',(-11.2143787922337,195.405077027128,66.122706837398));
#13864=CARTESIAN_POINT('Origin',(-11.4143787922337,195.016994926053,66.3227068373979));
#13865=CARTESIAN_POINT('',(-11.4143787922337,195.016994926053,66.8741718828467));
#13866=CARTESIAN_POINT('',(-11.4143787922337,195.016994926053,66.8741718828467));
#13867=CARTESIAN_POINT('',(-11.4143787922337,195.016994926053,66.3227068373979));
#13868=CARTESIAN_POINT('Origin',(-11.4143787922337,194.842932312377,66.5988887093069));
#13869=CARTESIAN_POINT('Origin',(-11.2143787922337,196.448868204438,66.8741718828467));
#13870=CARTESIAN_POINT('',(-11.2143787922337,195.016994926053,67.0741718828468));
#13871=CARTESIAN_POINT('',(-11.2143787922337,195.016994926053,67.0741718828468));
#13872=CARTESIAN_POINT('Origin',(-11.2143787922337,195.016994926053,66.8741718828467));
#13873=CARTESIAN_POINT('Origin',(-11.2143787922337,195.016994926053,67.0741718828468));
#13874=CARTESIAN_POINT('',(-10.6757325227244,195.016994926053,67.0741718828468));
#13875=CARTESIAN_POINT('',(-10.6757325227244,195.016994926053,67.0741718828468));
#13876=CARTESIAN_POINT('',(-11.2143787922337,195.016994926053,67.0741718828468));
#13877=CARTESIAN_POINT('Origin',(-10.6757325227244,196.448868204438,67.2741718828467));
#13878=CARTESIAN_POINT('',(-10.4757325227244,195.016994926053,67.2741718828467));
#13879=CARTESIAN_POINT('',(-10.4757325227244,195.016994926053,67.2741718828467));
#13880=CARTESIAN_POINT('Origin',(-10.6757325227244,195.016994926053,67.2741718828467));
#13881=CARTESIAN_POINT('Origin',(-10.4757325227244,195.016994926053,67.2741718828467));
#13882=CARTESIAN_POINT('',(-10.4757325227244,195.016994926053,67.812818152356));
#13883=CARTESIAN_POINT('',(-10.4757325227244,195.016994926053,67.812818152356));
#13884=CARTESIAN_POINT('',(-10.4757325227244,195.016994926053,67.2741718828467));
#13885=CARTESIAN_POINT('Origin',(-10.2757325227244,196.448868204438,67.812818152356));
#13886=CARTESIAN_POINT('',(-10.2757325227244,195.016994926053,68.012818152356));
#13887=CARTESIAN_POINT('',(-10.2757325227244,195.016994926053,68.012818152356));
#13888=CARTESIAN_POINT('Origin',(-10.2757325227244,195.016994926053,67.812818152356));
#13889=CARTESIAN_POINT('Origin',(-10.2757325227244,195.016994926053,68.012818152356));
#13890=CARTESIAN_POINT('',(-9.72426747727562,195.016994926053,68.012818152356));
#13891=CARTESIAN_POINT('',(-9.72426747727562,195.016994926053,68.012818152356));
#13892=CARTESIAN_POINT('',(-10.2757325227244,195.016994926053,68.012818152356));
#13893=CARTESIAN_POINT('Origin',(-9.72426747727562,196.448868204438,67.812818152356));
#13894=CARTESIAN_POINT('',(-9.52426747727561,195.016994926053,67.812818152356));
#13895=CARTESIAN_POINT('',(-9.52426747727561,195.016994926053,67.812818152356));
#13896=CARTESIAN_POINT('Origin',(-9.72426747727562,195.016994926053,67.812818152356));
#13897=CARTESIAN_POINT('Origin',(-9.52426747727561,195.016994926053,67.812818152356));
#13898=CARTESIAN_POINT('',(-9.52426747727561,195.016994926053,67.2741718828467));
#13899=CARTESIAN_POINT('',(-9.52426747727561,195.016994926053,67.2741718828467));
#13900=CARTESIAN_POINT('',(-9.52426747727561,195.016994926053,67.812818152356));
#13901=CARTESIAN_POINT('Origin',(-9.32426747727562,196.448868204438,67.2741718828467));
#13902=CARTESIAN_POINT('',(-9.3242674772756,195.016994926053,67.0741718828468));
#13903=CARTESIAN_POINT('',(-9.3242674772756,195.016994926053,67.0741718828468));
#13904=CARTESIAN_POINT('Origin',(-9.32426747727561,195.016994926053,67.2741718828467));
#13905=CARTESIAN_POINT('Origin',(-9.3242674772756,195.016994926053,67.0741718828468));
#13906=CARTESIAN_POINT('',(-8.7856212077663,195.016994926053,67.0741718828468));
#13907=CARTESIAN_POINT('',(-8.7856212077663,195.016994926053,67.0741718828468));
#13908=CARTESIAN_POINT('',(-9.3242674772756,195.016994926053,67.0741718828468));
#13909=CARTESIAN_POINT('Origin',(-8.7856212077663,196.448868204438,66.8741718828467));
#13910=CARTESIAN_POINT('',(-8.58562120776631,195.016994926053,66.8741718828468));
#13911=CARTESIAN_POINT('',(-8.58562120776631,195.016994926053,66.8741718828468));
#13912=CARTESIAN_POINT('Origin',(-8.7856212077663,195.016994926053,66.8741718828468));
#13913=CARTESIAN_POINT('Origin',(-8.58562120776631,195.016994926053,66.8741718828468));
#13914=CARTESIAN_POINT('',(-8.58562120776631,195.321269152103,66.322706837398));
#13915=CARTESIAN_POINT('Origin',(-8.58562120776631,194.842932312429,66.5988887092924));
#13916=CARTESIAN_POINT('',(-8.58562120776631,195.016994926053,66.3227068373979));
#13917=CARTESIAN_POINT('',(-8.58562120776631,195.016994926053,66.3227068373979));
#13918=CARTESIAN_POINT('',(-8.58562120776631,195.016994926053,66.8741718828468));
#13919=CARTESIAN_POINT('Origin',(-8.7856212077663,196.448868204438,66.322706837398));
#13920=CARTESIAN_POINT('',(-8.7856212077663,195.016994926053,66.1227068373979));
#13921=CARTESIAN_POINT('',(-8.7856212077663,195.405077027128,66.1227068373979));
#13922=CARTESIAN_POINT('',(-8.7856212077663,195.016994926053,66.1227068373979));
#13923=CARTESIAN_POINT('Origin',(-8.78562120776631,195.016994926053,66.3227068373979));
#13924=CARTESIAN_POINT('Ctrl Pts',(-8.78562120776629,195.405077027128,66.122706837398));
#13925=CARTESIAN_POINT('Ctrl Pts',(-8.76077986277645,195.392612902788,66.122706837398));
#13926=CARTESIAN_POINT('Ctrl Pts',(-8.7359442754425,195.380248078319,66.1273331285217));
#13927=CARTESIAN_POINT('Ctrl Pts',(-8.68875627443641,195.357197484461,66.145890396391));
#13928=CARTESIAN_POINT('Ctrl Pts',(-8.66654525331364,195.34658531299,66.1598415887876));
#13929=CARTESIAN_POINT('Ctrl Pts',(-8.63064314656849,195.330576154143,66.1941859529322));
#13930=CARTESIAN_POINT('Ctrl Pts',(-8.61648592824412,195.324817294227,66.213288630572));
#13931=CARTESIAN_POINT('Ctrl Pts',(-8.59914728073644,195.319347871132,66.2487767723266));
#13932=CARTESIAN_POINT('Ctrl Pts',(-8.59397071813406,195.318248075713,66.2634380015703));
#13933=CARTESIAN_POINT('Ctrl Pts',(-8.58725438236526,195.31826816329,66.2931671383595));
#13934=CARTESIAN_POINT('Ctrl Pts',(-8.58562120776631,195.319292059098,66.3079381084171));
#13935=CARTESIAN_POINT('Ctrl Pts',(-8.5856212077663,195.321269152103,66.3227068373979));
#13936=CARTESIAN_POINT('Origin',(-8.7856212077663,195.016994926053,66.1227068373979));
#13937=CARTESIAN_POINT('',(-9.3242674772756,195.016994926053,66.1227068373979));
#13938=CARTESIAN_POINT('',(-9.3242674772756,195.58623319749,66.1227068373979));
#13939=CARTESIAN_POINT('',(-9.3242674772756,195.016994926053,66.1227068373979));
#13940=CARTESIAN_POINT('',(-8.7856212077663,195.016994926053,66.1227068373979));
#13941=CARTESIAN_POINT('Ctrl Pts',(-9.32426747727562,195.58623319749,66.122706837398));
#13942=CARTESIAN_POINT('Ctrl Pts',(-9.22721907710158,195.565738105844,66.122706837398));
#13943=CARTESIAN_POINT('Ctrl Pts',(-9.13035165655562,195.540019492478,66.1227068374003));
#13944=CARTESIAN_POINT('Ctrl Pts',(-8.95096841053118,195.47968621115,66.1227068374002));
#13945=CARTESIAN_POINT('Ctrl Pts',(-8.86611171431204,195.445463072332,66.122706837398));
#13946=CARTESIAN_POINT('Ctrl Pts',(-8.78562120776631,195.405077027128,66.122706837398));
#13947=CARTESIAN_POINT('Origin',(-9.32426747727562,196.448868204438,65.922706837398));
#13948=CARTESIAN_POINT('',(-9.52426747727561,195.016994926053,65.922706837398));
#13949=CARTESIAN_POINT('',(-9.52426747727561,195.58623319749,65.922706837398));
#13950=CARTESIAN_POINT('',(-9.52426747727561,195.016994926053,65.922706837398));
#13951=CARTESIAN_POINT('Origin',(-9.32426747727561,195.016994926053,65.922706837398));
#13952=CARTESIAN_POINT('Ctrl Pts',(-9.52426747727562,195.58623319749,65.922706837398));
#13953=CARTESIAN_POINT('Ctrl Pts',(-9.52426747727562,195.58887525145,65.9352174967508));
#13954=CARTESIAN_POINT('Ctrl Pts',(-9.52309482333673,195.591258544463,65.9477419121436));
#13955=CARTESIAN_POINT('Ctrl Pts',(-9.51800432385567,195.59578376043,65.9744654699623));
#13956=CARTESIAN_POINT('Ctrl Pts',(-9.51370258667491,195.597811056172,65.9885139241064));
#13957=CARTESIAN_POINT('Ctrl Pts',(-9.49788643361466,195.60212729194,66.02513024908));
#13958=CARTESIAN_POINT('Ctrl Pts',(-9.48359432691577,195.603527188444,66.0462227002324));
#13959=CARTESIAN_POINT('Ctrl Pts',(-9.44778334011006,195.603527188444,66.0820336870381));
#13960=CARTESIAN_POINT('Ctrl Pts',(-9.42669088895767,195.60212729194,66.096325793737));
#13961=CARTESIAN_POINT('Ctrl Pts',(-9.39007456398407,195.597811056172,66.1121419467973));
#13962=CARTESIAN_POINT('Ctrl Pts',(-9.37602610983988,195.59578376043,66.116443683978));
#13963=CARTESIAN_POINT('Ctrl Pts',(-9.34930255202128,195.591258544463,66.121534183459));
#13964=CARTESIAN_POINT('Ctrl Pts',(-9.33677813662841,195.58887525145,66.122706837398));
#13965=CARTESIAN_POINT('Ctrl Pts',(-9.3242674772756,195.58623319749,66.122706837398));
#13966=CARTESIAN_POINT('Origin',(-9.52426747727561,195.016994926053,65.922706837398));
#13967=CARTESIAN_POINT('',(-9.52426747727561,195.016994926053,65.3840605678887));
#13968=CARTESIAN_POINT('',(-9.52426747727561,195.405077027128,65.3840605678887));
#13969=CARTESIAN_POINT('',(-9.52426747727561,195.016994926053,65.3840605678887));
#13970=CARTESIAN_POINT('',(-9.52426747727561,195.016994926053,65.922706837398));
#13971=CARTESIAN_POINT('Ctrl Pts',(-9.52426747727561,195.405077027128,65.3840605678887));
#13972=CARTESIAN_POINT('Ctrl Pts',(-9.52426747727561,195.445463072332,65.4645510744344));
#13973=CARTESIAN_POINT('Ctrl Pts',(-9.52426747727792,195.47968621115,65.5494077706535));
#13974=CARTESIAN_POINT('Ctrl Pts',(-9.52426747727792,195.540018430674,65.7287878597162));
#13975=CARTESIAN_POINT('Ctrl Pts',(-9.52426747727561,195.565738781932,65.8256616386372));
#13976=CARTESIAN_POINT('Ctrl Pts',(-9.52426747727561,195.58623319749,65.9227068373979));
#13977=CARTESIAN_POINT('Origin',(-9.72426747727562,196.448868204438,65.3840605678887));
#13978=CARTESIAN_POINT('',(-9.72426747727562,195.016994926053,65.1840605678887));
#13979=CARTESIAN_POINT('',(-9.72426747727562,195.321269152103,65.1840605678887));
#13980=CARTESIAN_POINT('',(-9.72426747727562,195.016994926053,65.1840605678887));
#13981=CARTESIAN_POINT('Origin',(-9.72426747727562,195.016994926053,65.3840605678887));
#13982=CARTESIAN_POINT('Ctrl Pts',(-9.72426747727561,195.321269152103,65.1840605678887));
#13983=CARTESIAN_POINT('Ctrl Pts',(-9.70949874829481,195.319292059098,65.1840605678887));
#13984=CARTESIAN_POINT('Ctrl Pts',(-9.6947277782372,195.31826816329,65.1856937424876));
#13985=CARTESIAN_POINT('Ctrl Pts',(-9.66499864144795,195.318248075713,65.1924100782564));
#13986=CARTESIAN_POINT('Ctrl Pts',(-9.65033741220424,195.319347871132,65.1975866408588));
#13987=CARTESIAN_POINT('Ctrl Pts',(-9.61484927044968,195.324817294227,65.2149252883665));
#13988=CARTESIAN_POINT('Ctrl Pts',(-9.59574659280987,195.330576154143,65.2290825066909));
#13989=CARTESIAN_POINT('Ctrl Pts',(-9.56140222866521,195.34658531299,65.264984613436));
#13990=CARTESIAN_POINT('Ctrl Pts',(-9.54745103626868,195.357197484461,65.2871956345588));
#13991=CARTESIAN_POINT('Ctrl Pts',(-9.52889376839934,195.380248078319,65.3343836355648));
#13992=CARTESIAN_POINT('Ctrl Pts',(-9.52426747727562,195.392612902788,65.3592192228988));
#13993=CARTESIAN_POINT('Ctrl Pts',(-9.52426747727562,195.405077027128,65.3840605678887));
#13994=CARTESIAN_POINT('Origin',(-9.72426747727562,195.016994926053,65.1840605678887));
#13995=CARTESIAN_POINT('',(-10.2757325227244,195.016994926053,65.1840605678887));
#13996=CARTESIAN_POINT('',(-10.2757325227244,195.321269152103,65.1840605678887));
#13997=CARTESIAN_POINT('',(-10.2757325227244,195.016994926053,65.1840605678887));
#13998=CARTESIAN_POINT('',(-9.72426747727562,195.016994926053,65.1840605678887));
#13999=CARTESIAN_POINT('Origin',(-10.0000000000004,194.842556668596,65.1840605678887));
#14000=CARTESIAN_POINT('Origin',(-10.2757325227244,196.448868204438,65.3840605678887));
#14001=CARTESIAN_POINT('',(-10.4757325227244,195.016994926053,65.3840605678887));
#14002=CARTESIAN_POINT('',(-10.4757325227244,195.405077027128,65.3840605678887));
#14003=CARTESIAN_POINT('',(-10.4757325227244,195.016994926053,65.3840605678887));
#14004=CARTESIAN_POINT('Origin',(-10.2757325227244,195.016994926053,65.3840605678887));
#14005=CARTESIAN_POINT('Ctrl Pts',(-10.4757325225247,195.40508151177,65.3840695058962));
#14006=CARTESIAN_POINT('Ctrl Pts',(-10.4757325225247,195.392617387431,65.3592281609064));
#14007=CARTESIAN_POINT('Ctrl Pts',(-10.4711062316007,195.380248078319,65.3343836355648));
#14008=CARTESIAN_POINT('Ctrl Pts',(-10.4525489637313,195.357197484461,65.2871956345588));
#14009=CARTESIAN_POINT('Ctrl Pts',(-10.4385977713348,195.34658531299,65.264984613436));
#14010=CARTESIAN_POINT('Ctrl Pts',(-10.4042534071902,195.330576154143,65.2290825066908));
#14011=CARTESIAN_POINT('Ctrl Pts',(-10.3851507295503,195.324817294227,65.2149252883665));
#14012=CARTESIAN_POINT('Ctrl Pts',(-10.3496625877958,195.319347871132,65.1975866408588));
#14013=CARTESIAN_POINT('Ctrl Pts',(-10.3350013585521,195.318248075713,65.1924100782564));
#14014=CARTESIAN_POINT('Ctrl Pts',(-10.3052722217628,195.31826816329,65.1856937424876));
#14015=CARTESIAN_POINT('Ctrl Pts',(-10.2905012517052,195.319292059098,65.1840605678886));
#14016=CARTESIAN_POINT('Ctrl Pts',(-10.2757325227244,195.321269152103,65.1840605678886));
#14017=CARTESIAN_POINT('Origin',(-10.4757325227244,195.016994926053,65.3840605678887));
#14018=CARTESIAN_POINT('',(-10.4757325227244,195.016994926053,65.3840605678887));
#14019=CARTESIAN_POINT('Ctrl Pts',(-10.4757325227244,195.58623319749,65.9227068373979));
#14020=CARTESIAN_POINT('Ctrl Pts',(-10.4757325227244,195.565738781932,65.8256616386372));
#14021=CARTESIAN_POINT('Ctrl Pts',(-10.4757325227221,195.540018430674,65.7287878597163));
#14022=CARTESIAN_POINT('Ctrl Pts',(-10.4757325227221,195.479685147437,65.5494046080174));
#14023=CARTESIAN_POINT('Ctrl Pts',(-10.4757325227244,195.445464529407,65.4645539784245));
#14024=CARTESIAN_POINT('Ctrl Pts',(-10.4757325227244,195.405077027128,65.3840605678886));
#14025=CARTESIAN_POINT('Origin',(-8.23202650970788,195.016994926053,64.8304658698302));
#14026=CARTESIAN_POINT('Ctrl Pts',(-10.,195.686228244046,66.5984393601223));
#14027=CARTESIAN_POINT('Ctrl Pts',(-11.75,195.686228244046,66.5984393601223));
#14028=CARTESIAN_POINT('Ctrl Pts',(-11.75,194.842556668597,66.5984393601223));
#14029=CARTESIAN_POINT('Ctrl Pts',(-11.75,193.998885093148,66.5984393601223));
#14030=CARTESIAN_POINT('Ctrl Pts',(-10.,193.998885093148,66.5984393601223));
#14031=CARTESIAN_POINT('Ctrl Pts',(-10.,195.686228244046,66.5984393601223));
#14032=CARTESIAN_POINT('Ctrl Pts',(-11.75,195.686228244046,64.8484393601223));
#14033=CARTESIAN_POINT('Ctrl Pts',(-11.75,194.842556668597,64.8484393601224));
#14034=CARTESIAN_POINT('Ctrl Pts',(-11.75,193.998885093148,64.8484393601224));
#14035=CARTESIAN_POINT('Ctrl Pts',(-10.,193.998885093148,66.5984393601223));
#14036=CARTESIAN_POINT('Ctrl Pts',(-10.,195.686228244046,66.5984393601223));
#14037=CARTESIAN_POINT('Ctrl Pts',(-10.,195.686228244046,64.8484393601223));
#14038=CARTESIAN_POINT('Ctrl Pts',(-10.,194.842556668597,64.8484393601224));
#14039=CARTESIAN_POINT('Ctrl Pts',(-10.,193.998885093148,64.8484393601224));
#14040=CARTESIAN_POINT('Ctrl Pts',(-10.,193.998885093148,66.5984393601223));
#14041=CARTESIAN_POINT('Ctrl Pts',(-10.,195.686228244046,66.5984393601223));
#14042=CARTESIAN_POINT('Ctrl Pts',(-8.25000000000001,195.686228244046,64.8484393601223));
#14043=CARTESIAN_POINT('Ctrl Pts',(-8.25000000000001,194.842556668597,64.8484393601224));
#14044=CARTESIAN_POINT('Ctrl Pts',(-8.25000000000001,193.998885093148,64.8484393601224));
#14045=CARTESIAN_POINT('Ctrl Pts',(-10.,193.998885093148,66.5984393601223));
#14046=CARTESIAN_POINT('Ctrl Pts',(-10.,195.686228244046,66.5984393601223));
#14047=CARTESIAN_POINT('Ctrl Pts',(-8.25000000000001,195.686228244046,66.5984393601223));
#14048=CARTESIAN_POINT('Ctrl Pts',(-8.25000000000001,194.842556668597,66.5984393601223));
#14049=CARTESIAN_POINT('Ctrl Pts',(-8.25000000000001,193.998885093148,66.5984393601223));
#14050=CARTESIAN_POINT('Ctrl Pts',(-10.,193.998885093148,66.5984393601223));
#14051=CARTESIAN_POINT('Origin',(-14.,194.04255663408,52.5984393601224));
#14052=CARTESIAN_POINT('',(-15.,193.24255663408,52.5984393601223));
#14053=CARTESIAN_POINT('Origin',(-14.,193.24255663408,52.5984393601223));
#14054=CARTESIAN_POINT('',(-15.,194.84255663408,52.5984393601224));
#14055=CARTESIAN_POINT('',(-15.,194.04255663408,52.5984393601224));
#14056=CARTESIAN_POINT('Origin',(-14.,194.84255663408,52.5984393601224));
#14057=CARTESIAN_POINT('Origin',(-21.375,194.84255663408,45.2234393601224));
#14058=CARTESIAN_POINT('',(-12.,194.84255663408,52.5984393601224));
#14059=CARTESIAN_POINT('Origin',(-14.,194.84255663408,52.5984393601224));
#14060=CARTESIAN_POINT('Origin',(-21.375,193.24255663408,45.2234393601223));
#14061=CARTESIAN_POINT('',(-12.,193.24255663408,52.5984393601223));
#14062=CARTESIAN_POINT('Origin',(-14.,193.24255663408,52.5984393601223));
#14063=CARTESIAN_POINT('Origin',(-14.,187.24255663408,52.5984393601224));
#14064=CARTESIAN_POINT('',(-12.,187.24255663408,52.5984393601224));
#14065=CARTESIAN_POINT('Origin',(14.,194.04255663408,52.5984393601224));
#14066=CARTESIAN_POINT('',(13.,193.24255663408,52.5984393601223));
#14067=CARTESIAN_POINT('Origin',(14.,193.24255663408,52.5984393601223));
#14068=CARTESIAN_POINT('',(13.,194.84255663408,52.5984393601224));
#14069=CARTESIAN_POINT('',(13.,194.04255663408,52.5984393601224));
#14070=CARTESIAN_POINT('Origin',(14.,194.84255663408,52.5984393601224));
#14071=CARTESIAN_POINT('Origin',(-27.375,194.84255663408,45.2234393601224));
#14072=CARTESIAN_POINT('',(16.,194.84255663408,52.5984393601224));
#14073=CARTESIAN_POINT('Origin',(14.,194.84255663408,52.5984393601224));
#14074=CARTESIAN_POINT('Origin',(-27.375,193.24255663408,45.2234393601223));
#14075=CARTESIAN_POINT('',(16.,193.24255663408,52.5984393601223));
#14076=CARTESIAN_POINT('Origin',(14.,193.24255663408,52.5984393601223));
#14077=CARTESIAN_POINT('Origin',(14.,187.24255663408,52.5984393601224));
#14078=CARTESIAN_POINT('',(16.,187.24255663408,52.5984393601224));
#14079=CARTESIAN_POINT('Origin',(-14.,194.04255663408,80.5984393601224));
#14080=CARTESIAN_POINT('',(-15.,193.24255663408,80.5984393601223));
#14081=CARTESIAN_POINT('Origin',(-14.,193.24255663408,80.5984393601223));
#14082=CARTESIAN_POINT('',(-15.,194.84255663408,80.5984393601223));
#14083=CARTESIAN_POINT('',(-15.,194.04255663408,80.5984393601224));
#14084=CARTESIAN_POINT('Origin',(-14.,194.84255663408,80.5984393601223));
#14085=CARTESIAN_POINT('Origin',(-21.375,194.84255663408,39.2234393601223));
#14086=CARTESIAN_POINT('',(-12.,194.84255663408,80.5984393601223));
#14087=CARTESIAN_POINT('Origin',(-14.,194.84255663408,80.5984393601224));
#14088=CARTESIAN_POINT('Origin',(-21.375,193.24255663408,39.2234393601223));
#14089=CARTESIAN_POINT('',(-12.,193.24255663408,80.5984393601223));
#14090=CARTESIAN_POINT('Origin',(-14.,193.24255663408,80.5984393601223));
#14091=CARTESIAN_POINT('Origin',(-14.,187.24255663408,80.5984393601224));
#14092=CARTESIAN_POINT('',(-12.,187.24255663408,80.5984393601224));
#14093=CARTESIAN_POINT('Origin',(14.,194.04255663408,80.5984393601224));
#14094=CARTESIAN_POINT('',(13.,193.24255663408,80.5984393601223));
#14095=CARTESIAN_POINT('Origin',(14.,193.24255663408,80.5984393601223));
#14096=CARTESIAN_POINT('',(13.,194.84255663408,80.5984393601224));
#14097=CARTESIAN_POINT('',(13.,194.04255663408,80.5984393601224));
#14098=CARTESIAN_POINT('Origin',(14.,194.84255663408,80.5984393601224));
#14099=CARTESIAN_POINT('Origin',(-27.375,194.84255663408,39.2234393601223));
#14100=CARTESIAN_POINT('',(16.,194.84255663408,80.5984393601224));
#14101=CARTESIAN_POINT('Origin',(14.,194.84255663408,80.5984393601224));
#14102=CARTESIAN_POINT('Origin',(-27.375,193.24255663408,39.2234393601223));
#14103=CARTESIAN_POINT('',(16.,193.24255663408,80.5984393601223));
#14104=CARTESIAN_POINT('Origin',(14.,193.24255663408,80.5984393601223));
#14105=CARTESIAN_POINT('Origin',(14.,187.24255663408,80.5984393601224));
#14106=CARTESIAN_POINT('',(16.,187.24255663408,80.5984393601224));
#14107=CARTESIAN_POINT('Origin',(-1.55501986665451E-15,187.488618708407,
66.5984393601224));
#14108=CARTESIAN_POINT('',(-1.67748454656924E-15,185.488618708407,66.5984393601224));
#14109=CARTESIAN_POINT('',(-1.67748454656924E-15,189.488618708407,66.5984393601224));
#14110=CARTESIAN_POINT('Origin',(-1.55501986665451E-15,187.488618708407,
66.5984393601224));
#14111=CARTESIAN_POINT('Origin',(3.16902001716063E-15,175.376477381362,
66.5984393601223));
#14112=CARTESIAN_POINT('',(3.04655533724589E-15,173.376477381362,66.5984393601223));
#14113=CARTESIAN_POINT('',(3.04655533724589E-15,177.376477381362,66.5984393601223));
#14114=CARTESIAN_POINT('Origin',(3.16902001716063E-15,175.376477381362,
66.5984393601223));
#14115=CARTESIAN_POINT('Origin',(10.,193.84255663408,66.5984393601223));
#14116=CARTESIAN_POINT('',(11.,194.84255663408,66.5984393601223));
#14117=CARTESIAN_POINT('Origin',(10.,194.84255663408,66.5984393601223));
#14118=CARTESIAN_POINT('',(11.,193.24255663408,66.5984393601223));
#14119=CARTESIAN_POINT('',(11.,193.84255663408,66.5984393601223));
#14120=CARTESIAN_POINT('Origin',(10.,193.24255663408,66.5984393601223));
#14121=CARTESIAN_POINT('Origin',(-24.375,194.84255663408,42.2234393601223));
#14122=CARTESIAN_POINT('',(12.,194.84255663408,66.5984393601223));
#14123=CARTESIAN_POINT('Origin',(10.,194.84255663408,66.5984393601223));
#14124=CARTESIAN_POINT('Origin',(-24.375,193.24255663408,42.2234393601223));
#14125=CARTESIAN_POINT('',(12.,193.24255663408,66.5984393601223));
#14126=CARTESIAN_POINT('Origin',(10.,193.24255663408,66.5984393601223));
#14127=CARTESIAN_POINT('Origin',(10.,187.24255663408,66.5984393601223));
#14128=CARTESIAN_POINT('',(12.,187.24255663408,66.5984393601223));
#14129=CARTESIAN_POINT('Origin',(-10.,193.84255663408,66.5984393601223));
#14130=CARTESIAN_POINT('',(-9.00000000000001,194.84255663408,66.5984393601223));
#14131=CARTESIAN_POINT('Origin',(-10.,194.84255663408,66.5984393601223));
#14132=CARTESIAN_POINT('',(-9.00000000000001,193.24255663408,66.5984393601223));
#14133=CARTESIAN_POINT('',(-9.00000000000001,193.84255663408,66.5984393601223));
#14134=CARTESIAN_POINT('Origin',(-10.,193.24255663408,66.5984393601223));
#14135=CARTESIAN_POINT('Origin',(-24.375,194.84255663408,42.2234393601223));
#14136=CARTESIAN_POINT('',(-8.00000000000001,194.84255663408,66.5984393601223));
#14137=CARTESIAN_POINT('Origin',(-10.,194.84255663408,66.5984393601223));
#14138=CARTESIAN_POINT('Origin',(-24.375,193.24255663408,42.2234393601223));
#14139=CARTESIAN_POINT('',(-8.00000000000001,193.24255663408,66.5984393601223));
#14140=CARTESIAN_POINT('Origin',(-10.,193.24255663408,66.5984393601223));
#14141=CARTESIAN_POINT('Origin',(-10.,187.24255663408,66.5984393601223));
#14142=CARTESIAN_POINT('',(-8.,187.24255663408,66.5984393601223));
#14143=CARTESIAN_POINT('Origin',(-1.27033941600159E-15,185.74255663408,
66.5984393601223));
#14144=CARTESIAN_POINT('',(7.,183.24255663408,66.5984393601224));
#14145=CARTESIAN_POINT('Origin',(8.43590886839261E-16,183.24255663408,66.5984393601224));
#14146=CARTESIAN_POINT('',(7.,188.24255663408,66.5984393601223));
#14147=CARTESIAN_POINT('',(7.,185.74255663408,66.5984393601223));
#14148=CARTESIAN_POINT('Origin',(-3.38426971884247E-15,188.24255663408,
66.5984393601223));
#14149=CARTESIAN_POINT('Origin',(-8.75,183.24255663408,57.8484393601223));
#14150=CARTESIAN_POINT('',(6.,183.24255663408,66.5984393601224));
#14151=CARTESIAN_POINT('Origin',(8.43590886839261E-16,183.24255663408,66.5984393601224));
#14152=CARTESIAN_POINT('Origin',(-8.665,190.74255663408,63.8984393601224));
#14153=CARTESIAN_POINT('',(-8.66500000000002,193.24255663408,64.3984393601224));
#14154=CARTESIAN_POINT('',(-8.165,193.24255663408,63.8984393601224));
#14155=CARTESIAN_POINT('Origin',(-8.665,193.24255663408,63.8984393601224));
#14156=CARTESIAN_POINT('',(-8.165,188.24255663408,63.8984393601223));
#14157=CARTESIAN_POINT('',(-8.165,193.24255663408,63.8984393601224));
#14158=CARTESIAN_POINT('',(-8.66500000000001,188.24255663408,64.3984393601224));
#14159=CARTESIAN_POINT('Origin',(-8.665,188.24255663408,63.8984393601223));
#14160=CARTESIAN_POINT('',(-8.66500000000002,193.24255663408,64.3984393601224));
#14161=CARTESIAN_POINT('Origin',(-8.165,193.24255663408,63.8984393601224));
#14162=CARTESIAN_POINT('',(-8.165,193.24255663408,59.2984393601223));
#14163=CARTESIAN_POINT('',(-8.165,193.24255663408,63.8984393601224));
#14164=CARTESIAN_POINT('',(-8.165,188.24255663408,59.2984393601223));
#14165=CARTESIAN_POINT('',(-8.165,193.24255663408,59.2984393601223));
#14166=CARTESIAN_POINT('',(-8.165,188.24255663408,63.8984393601223));
#14167=CARTESIAN_POINT('Origin',(-7.3,190.74255663408,59.2984393601223));
#14168=CARTESIAN_POINT('',(-7.3,193.24255663408,58.4334393601224));
#14169=CARTESIAN_POINT('Origin',(-7.3,193.24255663408,59.2984393601223));
#14170=CARTESIAN_POINT('',(-7.3,188.24255663408,58.4334393601223));
#14171=CARTESIAN_POINT('',(-7.3,193.24255663408,58.4334393601224));
#14172=CARTESIAN_POINT('Origin',(-7.29999999999999,188.24255663408,59.2984393601223));
#14173=CARTESIAN_POINT('Origin',(-7.3,193.24255663408,58.4334393601224));
#14174=CARTESIAN_POINT('',(7.30000000000002,193.24255663408,58.4334393601224));
#14175=CARTESIAN_POINT('',(-7.3,193.24255663408,58.4334393601224));
#14176=CARTESIAN_POINT('',(7.30000000000002,188.24255663408,58.4334393601223));
#14177=CARTESIAN_POINT('',(7.30000000000002,193.24255663408,58.4334393601224));
#14178=CARTESIAN_POINT('',(-7.3,188.24255663408,58.4334393601223));
#14179=CARTESIAN_POINT('Origin',(7.3,190.74255663408,59.2984393601223));
#14180=CARTESIAN_POINT('',(8.165,193.24255663408,59.2984393601223));
#14181=CARTESIAN_POINT('Origin',(7.3,193.24255663408,59.2984393601223));
#14182=CARTESIAN_POINT('',(8.165,188.24255663408,59.2984393601223));
#14183=CARTESIAN_POINT('',(8.165,193.24255663408,59.2984393601223));
#14184=CARTESIAN_POINT('Origin',(7.30000000000001,188.24255663408,59.2984393601223));
#14185=CARTESIAN_POINT('Origin',(8.165,193.24255663408,59.2984393601223));
#14186=CARTESIAN_POINT('',(8.165,193.24255663408,63.8984393601223));
#14187=CARTESIAN_POINT('',(8.165,193.24255663408,59.2984393601223));
#14188=CARTESIAN_POINT('',(8.165,188.24255663408,63.8984393601223));
#14189=CARTESIAN_POINT('',(8.165,193.24255663408,63.8984393601223));
#14190=CARTESIAN_POINT('',(8.165,188.24255663408,59.2984393601223));
#14191=CARTESIAN_POINT('Origin',(8.665,190.74255663408,63.8984393601224));
#14192=CARTESIAN_POINT('',(8.665,193.24255663408,64.3984393601224));
#14193=CARTESIAN_POINT('Origin',(8.665,193.24255663408,63.8984393601224));
#14194=CARTESIAN_POINT('',(8.665,188.24255663408,64.3984393601224));
#14195=CARTESIAN_POINT('',(8.665,193.24255663408,64.3984393601224));
#14196=CARTESIAN_POINT('Origin',(8.665,188.24255663408,63.8984393601223));
#14197=CARTESIAN_POINT('Origin',(8.665,193.24255663408,64.3984393601224));
#14198=CARTESIAN_POINT('',(10.,193.24255663408,64.3984393601224));
#14199=CARTESIAN_POINT('',(8.665,193.24255663408,64.3984393601224));
#14200=CARTESIAN_POINT('',(10.,188.24255663408,64.3984393601224));
#14201=CARTESIAN_POINT('',(10.,193.24255663408,64.3984393601224));
#14202=CARTESIAN_POINT('',(8.665,188.24255663408,64.3984393601224));
#14203=CARTESIAN_POINT('Origin',(10.,190.74255663408,66.5984393601223));
#14204=CARTESIAN_POINT('',(10.,193.24255663408,68.7984393601224));
#14205=CARTESIAN_POINT('Origin',(9.99999999999999,193.24255663408,66.5984393601223));
#14206=CARTESIAN_POINT('',(10.,188.24255663408,68.7984393601224));
#14207=CARTESIAN_POINT('',(10.,193.24255663408,68.7984393601224));
#14208=CARTESIAN_POINT('Origin',(10.,188.24255663408,66.5984393601223));
#14209=CARTESIAN_POINT('Origin',(10.,193.24255663408,68.7984393601224));
#14210=CARTESIAN_POINT('',(8.665,193.24255663408,68.7984393601224));
#14211=CARTESIAN_POINT('',(10.,193.24255663408,68.7984393601224));
#14212=CARTESIAN_POINT('',(8.665,188.24255663408,68.7984393601223));
#14213=CARTESIAN_POINT('',(8.665,193.24255663408,68.7984393601224));
#14214=CARTESIAN_POINT('',(10.,188.24255663408,68.7984393601224));
#14215=CARTESIAN_POINT('Origin',(8.665,190.74255663408,69.2984393601224));
#14216=CARTESIAN_POINT('',(8.165,193.24255663408,69.2984393601223));
#14217=CARTESIAN_POINT('Origin',(8.66499999999999,193.24255663408,69.2984393601223));
#14218=CARTESIAN_POINT('',(8.165,188.24255663408,69.2984393601224));
#14219=CARTESIAN_POINT('',(8.165,193.24255663408,69.2984393601223));
#14220=CARTESIAN_POINT('Origin',(8.665,188.24255663408,69.2984393601224));
#14221=CARTESIAN_POINT('Origin',(8.165,193.24255663408,69.2984393601223));
#14222=CARTESIAN_POINT('',(8.165,193.24255663408,73.8984393601223));
#14223=CARTESIAN_POINT('',(8.165,193.24255663408,69.2984393601223));
#14224=CARTESIAN_POINT('',(8.165,188.24255663408,73.8984393601223));
#14225=CARTESIAN_POINT('',(8.165,193.24255663408,73.8984393601223));
#14226=CARTESIAN_POINT('',(8.165,188.24255663408,69.2984393601224));
#14227=CARTESIAN_POINT('Origin',(7.3,190.74255663408,73.8984393601223));
#14228=CARTESIAN_POINT('',(7.29999999999999,193.24255663408,74.7634393601223));
#14229=CARTESIAN_POINT('Origin',(7.3,193.24255663408,73.8984393601223));
#14230=CARTESIAN_POINT('',(7.29999999999999,188.24255663408,74.7634393601223));
#14231=CARTESIAN_POINT('',(7.29999999999999,193.24255663408,74.7634393601223));
#14232=CARTESIAN_POINT('Origin',(7.3,188.24255663408,73.8984393601223));
#14233=CARTESIAN_POINT('Origin',(7.29999999999999,193.24255663408,74.7634393601223));
#14234=CARTESIAN_POINT('',(-7.29999999999999,193.24255663408,74.7634393601223));
#14235=CARTESIAN_POINT('',(7.29999999999999,193.24255663408,74.7634393601223));
#14236=CARTESIAN_POINT('',(-7.29999999999999,188.24255663408,74.7634393601223));
#14237=CARTESIAN_POINT('',(-7.29999999999999,193.24255663408,74.7634393601223));
#14238=CARTESIAN_POINT('',(7.29999999999999,188.24255663408,74.7634393601223));
#14239=CARTESIAN_POINT('Origin',(-7.3,190.74255663408,73.8984393601223));
#14240=CARTESIAN_POINT('',(-8.165,193.24255663408,73.8984393601224));
#14241=CARTESIAN_POINT('Origin',(-7.30000000000001,193.24255663408,73.8984393601223));
#14242=CARTESIAN_POINT('',(-8.165,188.24255663408,73.8984393601223));
#14243=CARTESIAN_POINT('',(-8.165,193.24255663408,73.8984393601224));
#14244=CARTESIAN_POINT('Origin',(-7.29999999999999,188.24255663408,73.8984393601223));
#14245=CARTESIAN_POINT('Origin',(-8.165,193.24255663408,73.8984393601224));
#14246=CARTESIAN_POINT('',(-8.165,193.24255663408,69.2984393601223));
#14247=CARTESIAN_POINT('',(-8.165,193.24255663408,73.8984393601224));
#14248=CARTESIAN_POINT('',(-8.165,188.24255663408,69.2984393601224));
#14249=CARTESIAN_POINT('',(-8.165,193.24255663408,69.2984393601223));
#14250=CARTESIAN_POINT('',(-8.165,188.24255663408,73.8984393601223));
#14251=CARTESIAN_POINT('Origin',(-8.665,190.74255663408,69.2984393601224));
#14252=CARTESIAN_POINT('',(-8.66499999999999,193.24255663408,68.7984393601224));
#14253=CARTESIAN_POINT('Origin',(-8.665,193.24255663408,69.2984393601223));
#14254=CARTESIAN_POINT('',(-8.66499999999999,188.24255663408,68.7984393601224));
#14255=CARTESIAN_POINT('',(-8.66499999999999,193.24255663408,68.7984393601224));
#14256=CARTESIAN_POINT('Origin',(-8.665,188.24255663408,69.2984393601224));
#14257=CARTESIAN_POINT('Origin',(-8.66499999999999,193.24255663408,68.7984393601224));
#14258=CARTESIAN_POINT('',(-10.,193.24255663408,68.7984393601224));
#14259=CARTESIAN_POINT('',(-8.66499999999999,193.24255663408,68.7984393601224));
#14260=CARTESIAN_POINT('',(-10.,188.24255663408,68.7984393601224));
#14261=CARTESIAN_POINT('',(-10.,193.24255663408,68.7984393601224));
#14262=CARTESIAN_POINT('',(-8.66499999999999,188.24255663408,68.7984393601224));
#14263=CARTESIAN_POINT('Origin',(-10.,190.74255663408,66.5984393601223));
#14264=CARTESIAN_POINT('',(-10.,193.24255663408,64.3984393601224));
#14265=CARTESIAN_POINT('Origin',(-10.,193.24255663408,66.5984393601223));
#14266=CARTESIAN_POINT('',(-10.,188.24255663408,64.3984393601224));
#14267=CARTESIAN_POINT('',(-10.,193.24255663408,64.3984393601224));
#14268=CARTESIAN_POINT('Origin',(-10.,188.24255663408,66.5984393601223));
#14269=CARTESIAN_POINT('Origin',(-10.,193.24255663408,64.3984393601224));
#14270=CARTESIAN_POINT('',(-10.,193.24255663408,64.3984393601224));
#14271=CARTESIAN_POINT('',(-10.,188.24255663408,64.3984393601224));
#14272=CARTESIAN_POINT('Origin',(15.25,193.24255663408,76.8046893601223));
#14273=CARTESIAN_POINT('',(7.3,193.24255663408,59.7984393601223));
#14274=CARTESIAN_POINT('',(6.79999999999998,193.24255663408,59.2984393601223));
#14275=CARTESIAN_POINT('Origin',(6.79999999999999,193.24255663408,59.7984393601224));
#14276=CARTESIAN_POINT('',(7.3,193.24255663408,73.3984393601223));
#14277=CARTESIAN_POINT('',(7.3,193.24255663408,73.3984393601223));
#14278=CARTESIAN_POINT('',(6.8,193.24255663408,73.8984393601223));
#14279=CARTESIAN_POINT('Origin',(6.8,193.24255663408,73.3984393601223));
#14280=CARTESIAN_POINT('',(-6.8,193.24255663408,73.8984393601223));
#14281=CARTESIAN_POINT('',(-6.8,193.24255663408,73.8984393601223));
#14282=CARTESIAN_POINT('',(-7.3,193.24255663408,73.3984393601223));
#14283=CARTESIAN_POINT('Origin',(-6.80000000000001,193.24255663408,73.3984393601223));
#14284=CARTESIAN_POINT('',(-7.3,193.24255663408,59.7984393601224));
#14285=CARTESIAN_POINT('',(-7.3,193.24255663408,59.7984393601224));
#14286=CARTESIAN_POINT('',(-6.80000000000001,193.24255663408,59.2984393601223));
#14287=CARTESIAN_POINT('Origin',(-6.80000000000001,193.24255663408,59.7984393601224));
#14288=CARTESIAN_POINT('',(6.79999999999998,193.24255663408,59.2984393601223));
#14289=CARTESIAN_POINT('',(-9.15000000000001,193.24255663408,66.5984393601223));
#14290=CARTESIAN_POINT('Origin',(-10.,193.24255663408,66.5984393601223));
#14291=CARTESIAN_POINT('',(10.85,193.24255663408,66.5984393601223));
#14292=CARTESIAN_POINT('Origin',(10.,193.24255663408,66.5984393601223));
#14293=CARTESIAN_POINT('Origin',(15.25,188.24255663408,76.8046893601223));
#14294=CARTESIAN_POINT('',(-9.15,188.24255663408,66.5984393601223));
#14295=CARTESIAN_POINT('Origin',(-10.,188.24255663408,66.5984393601223));
#14296=CARTESIAN_POINT('',(10.85,188.24255663408,66.5984393601223));
#14297=CARTESIAN_POINT('Origin',(10.,188.24255663408,66.5984393601223));
#14298=CARTESIAN_POINT('Origin',(-9.125,189.10755663408,57.4734393601224));
#14299=CARTESIAN_POINT('',(-7.3,189.10755663408,59.7984393601223));
#14300=CARTESIAN_POINT('',(-6.8,189.10755663408,59.2984393601224));
#14301=CARTESIAN_POINT('Origin',(-6.80000000000001,189.10755663408,59.7984393601223));
#14302=CARTESIAN_POINT('',(-7.3,189.10755663408,73.3984393601224));
#14303=CARTESIAN_POINT('',(-7.3,189.10755663408,73.3984393601224));
#14304=CARTESIAN_POINT('',(-6.8,189.10755663408,73.8984393601224));
#14305=CARTESIAN_POINT('Origin',(-6.80000000000001,189.10755663408,73.3984393601224));
#14306=CARTESIAN_POINT('',(6.8,189.10755663408,73.8984393601224));
#14307=CARTESIAN_POINT('',(6.8,189.10755663408,73.8984393601224));
#14308=CARTESIAN_POINT('',(7.3,189.10755663408,73.3984393601224));
#14309=CARTESIAN_POINT('Origin',(6.8,189.10755663408,73.3984393601224));
#14310=CARTESIAN_POINT('',(7.3,189.10755663408,59.7984393601223));
#14311=CARTESIAN_POINT('',(7.3,189.10755663408,59.7984393601223));
#14312=CARTESIAN_POINT('',(6.79999999999998,189.10755663408,59.2984393601224));
#14313=CARTESIAN_POINT('Origin',(6.79999999999999,189.10755663408,59.7984393601223));
#14314=CARTESIAN_POINT('',(-6.8,189.10755663408,59.2984393601224));
#14315=CARTESIAN_POINT('',(6.,189.10755663408,66.5984393601224));
#14316=CARTESIAN_POINT('Origin',(-4.84177546173026E-15,189.10755663408,
66.5984393601224));
#14317=CARTESIAN_POINT('Origin',(-6.80000000000001,194.10755663408,59.2984393601224));
#14318=CARTESIAN_POINT('',(-6.80000000000001,193.24255663408,59.2984393601223));
#14319=CARTESIAN_POINT('',(6.79999999999998,193.24255663408,59.2984393601223));
#14320=CARTESIAN_POINT('Origin',(6.8,191.60755663408,59.7984393601223));
#14321=CARTESIAN_POINT('',(7.3,193.24255663408,59.7984393601223));
#14322=CARTESIAN_POINT('Origin',(7.3,194.10755663408,59.7984393601223));
#14323=CARTESIAN_POINT('',(7.3,193.24255663408,73.3984393601223));
#14324=CARTESIAN_POINT('Origin',(6.8,191.60755663408,73.3984393601223));
#14325=CARTESIAN_POINT('',(6.8,193.24255663408,73.8984393601223));
#14326=CARTESIAN_POINT('Origin',(6.8,194.10755663408,73.8984393601223));
#14327=CARTESIAN_POINT('',(-6.8,193.24255663408,73.8984393601223));
#14328=CARTESIAN_POINT('Origin',(-6.80000000000001,191.60755663408,73.3984393601224));
#14329=CARTESIAN_POINT('',(-7.3,193.24255663408,73.3984393601223));
#14330=CARTESIAN_POINT('Origin',(-7.3,194.10755663408,73.3984393601224));
#14331=CARTESIAN_POINT('',(-7.3,193.24255663408,59.7984393601224));
#14332=CARTESIAN_POINT('Origin',(-6.8,191.60755663408,59.7984393601223));
#14333=CARTESIAN_POINT('Origin',(-3.51127726339394E-17,186.576629033932,
66.5984393601224));
#14334=CARTESIAN_POINT('',(6.,186.576629033932,66.5984393601224));
#14335=CARTESIAN_POINT('Origin',(-10.,188.639436682375,66.5984393601223));
#14336=CARTESIAN_POINT('',(-9.15,188.639436682375,66.5984393601223));
#14337=CARTESIAN_POINT('Origin',(10.,188.639436682375,66.5984393601223));
#14338=CARTESIAN_POINT('',(10.85,188.639436682375,66.5984393601223));
#14339=UNCERTAINTY_MEASURE_WITH_UNIT(LENGTH_MEASURE(0.01),#14343,
'DISTANCE_ACCURACY_VALUE',
'Maximum model space distance between geometric entities at asserted c
onnectivities');
#14340=UNCERTAINTY_MEASURE_WITH_UNIT(LENGTH_MEASURE(0.01),#14343,
'DISTANCE_ACCURACY_VALUE',
'Maximum model space distance between geometric entities at asserted c
onnectivities');
#14341=(
GEOMETRIC_REPRESENTATION_CONTEXT(3)
GLOBAL_UNCERTAINTY_ASSIGNED_CONTEXT((#14339))
GLOBAL_UNIT_ASSIGNED_CONTEXT((#14343,#14345,#14346))
REPRESENTATION_CONTEXT('','3D')
);
#14342=(
GEOMETRIC_REPRESENTATION_CONTEXT(3)
GLOBAL_UNCERTAINTY_ASSIGNED_CONTEXT((#14340))
GLOBAL_UNIT_ASSIGNED_CONTEXT((#14343,#14345,#14346))
REPRESENTATION_CONTEXT('','3D')
);
#14343=(
LENGTH_UNIT()
NAMED_UNIT(*)
SI_UNIT(.MILLI.,.METRE.)
);
#14344=(
LENGTH_UNIT()
NAMED_UNIT(*)
SI_UNIT($,.METRE.)
);
#14345=(
NAMED_UNIT(*)
PLANE_ANGLE_UNIT()
SI_UNIT($,.RADIAN.)
);
#14346=(
NAMED_UNIT(*)
SI_UNIT($,.STERADIAN.)
SOLID_ANGLE_UNIT()
);
#14347=SHAPE_DEFINITION_REPRESENTATION(#14348,#14349);
#14348=PRODUCT_DEFINITION_SHAPE('',$,#14351);
#14349=SHAPE_REPRESENTATION('',(#8301),#14341);
#14350=PRODUCT_DEFINITION_CONTEXT('part definition',#14355,'design');
#14351=PRODUCT_DEFINITION('(Unsaved)','(Unsaved)',#14352,#14350);
#14352=PRODUCT_DEFINITION_FORMATION('',$,#14357);
#14353=PRODUCT_RELATED_PRODUCT_CATEGORY('(Unsaved)','(Unsaved)',(#14357));
#14354=APPLICATION_PROTOCOL_DEFINITION('international standard',
'automotive_design',2009,#14355);
#14355=APPLICATION_CONTEXT(
'Core Data for Automotive Mechanical Design Process');
#14356=PRODUCT_CONTEXT('part definition',#14355,'mechanical');
#14357=PRODUCT('(Unsaved)','(Unsaved)',$,(#14356));
#14358=PRESENTATION_STYLE_ASSIGNMENT((#14359));
#14359=SURFACE_STYLE_USAGE(.BOTH.,#14360);
#14360=SURFACE_SIDE_STYLE('',(#14361));
#14361=SURFACE_STYLE_FILL_AREA(#14362);
#14362=FILL_AREA_STYLE('Steel - Satin',(#14363));
#14363=FILL_AREA_STYLE_COLOUR('Steel - Satin',#14364);
#14364=COLOUR_RGB('Steel - Satin',0.627450980392157,0.627450980392157,0.627450980392157);
ENDSEC;
END-ISO-10303-21;
