ISO-10303-21;
HEADER;
/* Generated by software containing ST-Developer
 * from STEP Tools, Inc. (www.steptools.com) 
 */

FILE_DESCRIPTION(
/* description */ (''),
/* implementation_level */ '2;1');

FILE_NAME(
/* name */ 'openflight-x12-battery-door.step',
/* time_stamp */ '2026-09-11T16:57:55-07:00',
/* author */ (''),
/* organization */ (''),
/* preprocessor_version */ 'ST-DEVELOPER v20.2',
/* originating_system */ 'Autodesk Translation Framework v15.15.0.0',
/* authorisation */ '');

FILE_SCHEMA (('AUTOMOTIVE_DESIGN { 1 0 10303 214 3 1 1 }'));
ENDSEC;

DATA;
#10=MECHANICAL_DESIGN_GEOMETRIC_PRESENTATION_REPRESENTATION('',(#13),#2091);
#11=SHAPE_REPRESENTATION_RELATIONSHIP('SRR','None',#2098,#12);
#12=ADVANCED_BREP_SHAPE_REPRESENTATION('',(#14),#2090);
#13=STYLED_ITEM('',(#2107),#14);
#14=MANIFOLD_SOLID_BREP('openflight-x12-battery-door',#1288);
#15=CONICAL_SURFACE('',#1371,2.45,0.785398163397447);
#16=CIRCLE('',#1339,3.);
#17=CIRCLE('',#1340,3.);
#18=CIRCLE('',#1342,3.);
#19=CIRCLE('',#1343,3.);
#20=CIRCLE('',#1345,3.);
#21=CIRCLE('',#1346,3.);
#22=CIRCLE('',#1348,3.);
#23=CIRCLE('',#1349,3.);
#24=CIRCLE('',#1351,3.);
#25=CIRCLE('',#1352,3.);
#26=CIRCLE('',#1356,3.);
#27=CIRCLE('',#1357,3.);
#28=CIRCLE('',#1366,3.);
#29=CIRCLE('',#1367,4.);
#30=CIRCLE('',#1368,3.);
#31=CIRCLE('',#1369,1.7);
#32=CIRCLE('',#1372,3.1);
#33=CIRCLE('',#1373,1.7);
#34=CIRCLE('',#1376,4.);
#35=CIRCLE('',#1383,3.);
#36=CIRCLE('',#1384,3.);
#37=CYLINDRICAL_SURFACE('',#1338,3.);
#38=CYLINDRICAL_SURFACE('',#1341,3.);
#39=CYLINDRICAL_SURFACE('',#1344,3.);
#40=CYLINDRICAL_SURFACE('',#1347,3.);
#41=CYLINDRICAL_SURFACE('',#1350,3.);
#42=CYLINDRICAL_SURFACE('',#1355,3.);
#43=CYLINDRICAL_SURFACE('',#1374,1.7);
#44=CYLINDRICAL_SURFACE('',#1375,4.);
#45=CYLINDRICAL_SURFACE('',#1385,3.);
#46=CYLINDRICAL_SURFACE('',#1386,3.);
#47=FACE_BOUND('',#123,.T.);
#48=FACE_BOUND('',#142,.T.);
#49=FACE_BOUND('',#175,.T.);
#50=FACE_BOUND('',#176,.T.);
#51=FACE_BOUND('',#177,.T.);
#52=FACE_BOUND('',#178,.T.);
#53=FACE_BOUND('',#189,.T.);
#54=FACE_BOUND('',#190,.T.);
#55=FACE_OUTER_BOUND('',#121,.T.);
#56=FACE_OUTER_BOUND('',#122,.T.);
#57=FACE_OUTER_BOUND('',#124,.T.);
#58=FACE_OUTER_BOUND('',#125,.T.);
#59=FACE_OUTER_BOUND('',#126,.T.);
#60=FACE_OUTER_BOUND('',#127,.T.);
#61=FACE_OUTER_BOUND('',#128,.T.);
#62=FACE_OUTER_BOUND('',#129,.T.);
#63=FACE_OUTER_BOUND('',#130,.T.);
#64=FACE_OUTER_BOUND('',#131,.T.);
#65=FACE_OUTER_BOUND('',#132,.T.);
#66=FACE_OUTER_BOUND('',#133,.T.);
#67=FACE_OUTER_BOUND('',#134,.T.);
#68=FACE_OUTER_BOUND('',#135,.T.);
#69=FACE_OUTER_BOUND('',#136,.T.);
#70=FACE_OUTER_BOUND('',#137,.T.);
#71=FACE_OUTER_BOUND('',#138,.T.);
#72=FACE_OUTER_BOUND('',#139,.T.);
#73=FACE_OUTER_BOUND('',#140,.T.);
#74=FACE_OUTER_BOUND('',#141,.T.);
#75=FACE_OUTER_BOUND('',#143,.T.);
#76=FACE_OUTER_BOUND('',#144,.T.);
#77=FACE_OUTER_BOUND('',#145,.T.);
#78=FACE_OUTER_BOUND('',#146,.T.);
#79=FACE_OUTER_BOUND('',#147,.T.);
#80=FACE_OUTER_BOUND('',#148,.T.);
#81=FACE_OUTER_BOUND('',#149,.T.);
#82=FACE_OUTER_BOUND('',#150,.T.);
#83=FACE_OUTER_BOUND('',#151,.T.);
#84=FACE_OUTER_BOUND('',#152,.T.);
#85=FACE_OUTER_BOUND('',#153,.T.);
#86=FACE_OUTER_BOUND('',#154,.T.);
#87=FACE_OUTER_BOUND('',#155,.T.);
#88=FACE_OUTER_BOUND('',#156,.T.);
#89=FACE_OUTER_BOUND('',#157,.T.);
#90=FACE_OUTER_BOUND('',#158,.T.);
#91=FACE_OUTER_BOUND('',#159,.T.);
#92=FACE_OUTER_BOUND('',#160,.T.);
#93=FACE_OUTER_BOUND('',#161,.T.);
#94=FACE_OUTER_BOUND('',#162,.T.);
#95=FACE_OUTER_BOUND('',#163,.T.);
#96=FACE_OUTER_BOUND('',#164,.T.);
#97=FACE_OUTER_BOUND('',#165,.T.);
#98=FACE_OUTER_BOUND('',#166,.T.);
#99=FACE_OUTER_BOUND('',#167,.T.);
#100=FACE_OUTER_BOUND('',#168,.T.);
#101=FACE_OUTER_BOUND('',#169,.T.);
#102=FACE_OUTER_BOUND('',#170,.T.);
#103=FACE_OUTER_BOUND('',#171,.T.);
#104=FACE_OUTER_BOUND('',#172,.T.);
#105=FACE_OUTER_BOUND('',#173,.T.);
#106=FACE_OUTER_BOUND('',#174,.T.);
#107=FACE_OUTER_BOUND('',#179,.T.);
#108=FACE_OUTER_BOUND('',#180,.T.);
#109=FACE_OUTER_BOUND('',#181,.T.);
#110=FACE_OUTER_BOUND('',#182,.T.);
#111=FACE_OUTER_BOUND('',#183,.T.);
#112=FACE_OUTER_BOUND('',#184,.T.);
#113=FACE_OUTER_BOUND('',#185,.T.);
#114=FACE_OUTER_BOUND('',#186,.T.);
#115=FACE_OUTER_BOUND('',#187,.T.);
#116=FACE_OUTER_BOUND('',#188,.T.);
#117=FACE_OUTER_BOUND('',#191,.T.);
#118=FACE_OUTER_BOUND('',#192,.T.);
#119=FACE_OUTER_BOUND('',#193,.T.);
#120=FACE_OUTER_BOUND('',#194,.T.);
#121=EDGE_LOOP('',(#809,#810,#811,#812,#813,#814,#815,#816));
#122=EDGE_LOOP('',(#817,#818,#819,#820));
#123=EDGE_LOOP('',(#821,#822,#823,#824));
#124=EDGE_LOOP('',(#825,#826,#827,#828));
#125=EDGE_LOOP('',(#829,#830,#831,#832,#833,#834,#835,#836));
#126=EDGE_LOOP('',(#837,#838,#839,#840,#841,#842,#843,#844));
#127=EDGE_LOOP('',(#845,#846,#847,#848));
#128=EDGE_LOOP('',(#849,#850,#851,#852));
#129=EDGE_LOOP('',(#853,#854,#855,#856));
#130=EDGE_LOOP('',(#857,#858,#859,#860,#861,#862,#863,#864));
#131=EDGE_LOOP('',(#865,#866,#867,#868));
#132=EDGE_LOOP('',(#869,#870,#871,#872));
#133=EDGE_LOOP('',(#873,#874,#875,#876));
#134=EDGE_LOOP('',(#877,#878,#879,#880));
#135=EDGE_LOOP('',(#881,#882,#883,#884));
#136=EDGE_LOOP('',(#885,#886,#887,#888));
#137=EDGE_LOOP('',(#889,#890,#891,#892));
#138=EDGE_LOOP('',(#893,#894,#895,#896));
#139=EDGE_LOOP('',(#897,#898,#899,#900));
#140=EDGE_LOOP('',(#901,#902,#903,#904,#905,#906,#907,#908));
#141=EDGE_LOOP('',(#909,#910,#911,#912));
#142=EDGE_LOOP('',(#913,#914,#915,#916));
#143=EDGE_LOOP('',(#917,#918,#919,#920));
#144=EDGE_LOOP('',(#921,#922,#923,#924,#925,#926,#927,#928));
#145=EDGE_LOOP('',(#929,#930,#931,#932,#933,#934,#935,#936));
#146=EDGE_LOOP('',(#937,#938,#939,#940));
#147=EDGE_LOOP('',(#941,#942,#943,#944));
#148=EDGE_LOOP('',(#945,#946,#947,#948));
#149=EDGE_LOOP('',(#949,#950,#951,#952,#953,#954,#955,#956));
#150=EDGE_LOOP('',(#957,#958,#959,#960));
#151=EDGE_LOOP('',(#961,#962,#963,#964));
#152=EDGE_LOOP('',(#965,#966,#967,#968));
#153=EDGE_LOOP('',(#969,#970,#971,#972));
#154=EDGE_LOOP('',(#973,#974,#975,#976));
#155=EDGE_LOOP('',(#977,#978,#979,#980));
#156=EDGE_LOOP('',(#981,#982,#983,#984));
#157=EDGE_LOOP('',(#985,#986,#987,#988));
#158=EDGE_LOOP('',(#989,#990,#991,#992));
#159=EDGE_LOOP('',(#993,#994,#995,#996));
#160=EDGE_LOOP('',(#997,#998,#999,#1000));
#161=EDGE_LOOP('',(#1001,#1002,#1003,#1004));
#162=EDGE_LOOP('',(#1005,#1006,#1007,#1008));
#163=EDGE_LOOP('',(#1009,#1010,#1011,#1012));
#164=EDGE_LOOP('',(#1013,#1014,#1015,#1016));
#165=EDGE_LOOP('',(#1017,#1018,#1019,#1020));
#166=EDGE_LOOP('',(#1021,#1022,#1023,#1024));
#167=EDGE_LOOP('',(#1025,#1026,#1027,#1028));
#168=EDGE_LOOP('',(#1029,#1030,#1031,#1032));
#169=EDGE_LOOP('',(#1033,#1034,#1035,#1036));
#170=EDGE_LOOP('',(#1037,#1038,#1039,#1040));
#171=EDGE_LOOP('',(#1041,#1042,#1043,#1044));
#172=EDGE_LOOP('',(#1045,#1046,#1047,#1048));
#173=EDGE_LOOP('',(#1049,#1050,#1051,#1052));
#174=EDGE_LOOP('',(#1053,#1054,#1055,#1056,#1057,#1058,#1059,#1060,#1061,
#1062,#1063,#1064,#1065,#1066,#1067,#1068,#1069,#1070,#1071,#1072,#1073,
#1074));
#175=EDGE_LOOP('',(#1075,#1076,#1077,#1078));
#176=EDGE_LOOP('',(#1079,#1080,#1081,#1082));
#177=EDGE_LOOP('',(#1083,#1084,#1085,#1086));
#178=EDGE_LOOP('',(#1087));
#179=EDGE_LOOP('',(#1088,#1089,#1090,#1091));
#180=EDGE_LOOP('',(#1092,#1093,#1094,#1095));
#181=EDGE_LOOP('',(#1096,#1097,#1098,#1099));
#182=EDGE_LOOP('',(#1100,#1101,#1102,#1103));
#183=EDGE_LOOP('',(#1104,#1105,#1106,#1107));
#184=EDGE_LOOP('',(#1108,#1109,#1110,#1111));
#185=EDGE_LOOP('',(#1112,#1113,#1114,#1115));
#186=EDGE_LOOP('',(#1116,#1117,#1118,#1119));
#187=EDGE_LOOP('',(#1120,#1121,#1122,#1123));
#188=EDGE_LOOP('',(#1124,#1125,#1126,#1127,#1128,#1129,#1130,#1131,#1132,
#1133,#1134,#1135,#1136,#1137,#1138,#1139,#1140,#1141,#1142,#1143,#1144,
#1145));
#189=EDGE_LOOP('',(#1146,#1147,#1148,#1149));
#190=EDGE_LOOP('',(#1150));
#191=EDGE_LOOP('',(#1151,#1152,#1153,#1154));
#192=EDGE_LOOP('',(#1155,#1156,#1157,#1158));
#193=EDGE_LOOP('',(#1159,#1160,#1161,#1162));
#194=EDGE_LOOP('',(#1163,#1164,#1165,#1166));
#195=LINE('',#1727,#353);
#196=LINE('',#1729,#354);
#197=LINE('',#1731,#355);
#198=LINE('',#1733,#356);
#199=LINE('',#1735,#357);
#200=LINE('',#1737,#358);
#201=LINE('',#1739,#359);
#202=LINE('',#1740,#360);
#203=LINE('',#1744,#361);
#204=LINE('',#1746,#362);
#205=LINE('',#1748,#363);
#206=LINE('',#1749,#364);
#207=LINE('',#1752,#365);
#208=LINE('',#1754,#366);
#209=LINE('',#1756,#367);
#210=LINE('',#1757,#368);
#211=LINE('',#1760,#369);
#212=LINE('',#1762,#370);
#213=LINE('',#1763,#371);
#214=LINE('',#1766,#372);
#215=LINE('',#1767,#373);
#216=LINE('',#1769,#374);
#217=LINE('',#1771,#375);
#218=LINE('',#1772,#376);
#219=LINE('',#1775,#377);
#220=LINE('',#1777,#378);
#221=LINE('',#1778,#379);
#222=LINE('',#1780,#380);
#223=LINE('',#1781,#381);
#224=LINE('',#1783,#382);
#225=LINE('',#1784,#383);
#226=LINE('',#1789,#384);
#227=LINE('',#1790,#385);
#228=LINE('',#1792,#386);
#229=LINE('',#1793,#387);
#230=LINE('',#1797,#388);
#231=LINE('',#1799,#389);
#232=LINE('',#1800,#390);
#233=LINE('',#1803,#391);
#234=LINE('',#1804,#392);
#235=LINE('',#1807,#393);
#236=LINE('',#1808,#394);
#237=LINE('',#1811,#395);
#238=LINE('',#1812,#396);
#239=LINE('',#1814,#397);
#240=LINE('',#1817,#398);
#241=LINE('',#1818,#399);
#242=LINE('',#1821,#400);
#243=LINE('',#1825,#401);
#244=LINE('',#1827,#402);
#245=LINE('',#1829,#403);
#246=LINE('',#1831,#404);
#247=LINE('',#1833,#405);
#248=LINE('',#1835,#406);
#249=LINE('',#1837,#407);
#250=LINE('',#1838,#408);
#251=LINE('',#1842,#409);
#252=LINE('',#1844,#410);
#253=LINE('',#1846,#411);
#254=LINE('',#1847,#412);
#255=LINE('',#1850,#413);
#256=LINE('',#1852,#414);
#257=LINE('',#1854,#415);
#258=LINE('',#1855,#416);
#259=LINE('',#1858,#417);
#260=LINE('',#1860,#418);
#261=LINE('',#1861,#419);
#262=LINE('',#1864,#420);
#263=LINE('',#1865,#421);
#264=LINE('',#1867,#422);
#265=LINE('',#1869,#423);
#266=LINE('',#1870,#424);
#267=LINE('',#1873,#425);
#268=LINE('',#1875,#426);
#269=LINE('',#1876,#427);
#270=LINE('',#1878,#428);
#271=LINE('',#1879,#429);
#272=LINE('',#1881,#430);
#273=LINE('',#1882,#431);
#274=LINE('',#1887,#432);
#275=LINE('',#1888,#433);
#276=LINE('',#1890,#434);
#277=LINE('',#1891,#435);
#278=LINE('',#1895,#436);
#279=LINE('',#1897,#437);
#280=LINE('',#1898,#438);
#281=LINE('',#1901,#439);
#282=LINE('',#1902,#440);
#283=LINE('',#1905,#441);
#284=LINE('',#1906,#442);
#285=LINE('',#1909,#443);
#286=LINE('',#1910,#444);
#287=LINE('',#1912,#445);
#288=LINE('',#1915,#446);
#289=LINE('',#1916,#447);
#290=LINE('',#1919,#448);
#291=LINE('',#1923,#449);
#292=LINE('',#1927,#450);
#293=LINE('',#1932,#451);
#294=LINE('',#1936,#452);
#295=LINE('',#1941,#453);
#296=LINE('',#1945,#454);
#297=LINE('',#1950,#455);
#298=LINE('',#1954,#456);
#299=LINE('',#1959,#457);
#300=LINE('',#1963,#458);
#301=LINE('',#1966,#459);
#302=LINE('',#1967,#460);
#303=LINE('',#1970,#461);
#304=LINE('',#1972,#462);
#305=LINE('',#1973,#463);
#306=LINE('',#1977,#464);
#307=LINE('',#1981,#465);
#308=LINE('',#1984,#466);
#309=LINE('',#1985,#467);
#310=LINE('',#1988,#468);
#311=LINE('',#1990,#469);
#312=LINE('',#1991,#470);
#313=LINE('',#1993,#471);
#314=LINE('',#1994,#472);
#315=LINE('',#1996,#473);
#316=LINE('',#1997,#474);
#317=LINE('',#2000,#475);
#318=LINE('',#2002,#476);
#319=LINE('',#2003,#477);
#320=LINE('',#2005,#478);
#321=LINE('',#2006,#479);
#322=LINE('',#2009,#480);
#323=LINE('',#2011,#481);
#324=LINE('',#2012,#482);
#325=LINE('',#2015,#483);
#326=LINE('',#2019,#484);
#327=LINE('',#2021,#485);
#328=LINE('',#2023,#486);
#329=LINE('',#2027,#487);
#330=LINE('',#2029,#488);
#331=LINE('',#2031,#489);
#332=LINE('',#2034,#490);
#333=LINE('',#2039,#491);
#334=LINE('',#2040,#492);
#335=LINE('',#2045,#493);
#336=LINE('',#2048,#494);
#337=LINE('',#2051,#495);
#338=LINE('',#2054,#496);
#339=LINE('',#2057,#497);
#340=LINE('',#2058,#498);
#341=LINE('',#2061,#499);
#342=LINE('',#2062,#500);
#343=LINE('',#2065,#501);
#344=LINE('',#2066,#502);
#345=LINE('',#2069,#503);
#346=LINE('',#2070,#504);
#347=LINE('',#2073,#505);
#348=LINE('',#2074,#506);
#349=LINE('',#2077,#507);
#350=LINE('',#2080,#508);
#351=LINE('',#2083,#509);
#352=LINE('',#2085,#510);
#353=VECTOR('',#1393,10.);
#354=VECTOR('',#1394,10.);
#355=VECTOR('',#1395,10.);
#356=VECTOR('',#1396,10.);
#357=VECTOR('',#1397,10.);
#358=VECTOR('',#1398,10.);
#359=VECTOR('',#1399,10.);
#360=VECTOR('',#1400,10.);
#361=VECTOR('',#1403,10.);
#362=VECTOR('',#1404,10.);
#363=VECTOR('',#1405,10.);
#364=VECTOR('',#1406,10.);
#365=VECTOR('',#1407,10.);
#366=VECTOR('',#1408,10.);
#367=VECTOR('',#1409,10.);
#368=VECTOR('',#1410,10.);
#369=VECTOR('',#1413,10.);
#370=VECTOR('',#1414,10.);
#371=VECTOR('',#1415,10.);
#372=VECTOR('',#1418,10.);
#373=VECTOR('',#1419,10.);
#374=VECTOR('',#1420,10.);
#375=VECTOR('',#1421,10.);
#376=VECTOR('',#1422,10.);
#377=VECTOR('',#1425,10.);
#378=VECTOR('',#1426,10.);
#379=VECTOR('',#1427,10.);
#380=VECTOR('',#1428,10.);
#381=VECTOR('',#1429,10.);
#382=VECTOR('',#1432,10.);
#383=VECTOR('',#1433,10.);
#384=VECTOR('',#1440,10.);
#385=VECTOR('',#1441,10.);
#386=VECTOR('',#1442,10.);
#387=VECTOR('',#1443,10.);
#388=VECTOR('',#1448,10.);
#389=VECTOR('',#1449,10.);
#390=VECTOR('',#1450,10.);
#391=VECTOR('',#1453,10.);
#392=VECTOR('',#1454,10.);
#393=VECTOR('',#1457,10.);
#394=VECTOR('',#1458,10.);
#395=VECTOR('',#1461,10.);
#396=VECTOR('',#1462,10.);
#397=VECTOR('',#1465,10.);
#398=VECTOR('',#1468,10.);
#399=VECTOR('',#1469,10.);
#400=VECTOR('',#1474,10.);
#401=VECTOR('',#1477,10.);
#402=VECTOR('',#1478,10.);
#403=VECTOR('',#1479,10.);
#404=VECTOR('',#1480,10.);
#405=VECTOR('',#1481,10.);
#406=VECTOR('',#1482,10.);
#407=VECTOR('',#1483,10.);
#408=VECTOR('',#1484,10.);
#409=VECTOR('',#1487,10.);
#410=VECTOR('',#1488,10.);
#411=VECTOR('',#1489,10.);
#412=VECTOR('',#1490,10.);
#413=VECTOR('',#1491,10.);
#414=VECTOR('',#1492,10.);
#415=VECTOR('',#1493,10.);
#416=VECTOR('',#1494,10.);
#417=VECTOR('',#1497,10.);
#418=VECTOR('',#1498,10.);
#419=VECTOR('',#1499,10.);
#420=VECTOR('',#1502,10.);
#421=VECTOR('',#1503,10.);
#422=VECTOR('',#1504,10.);
#423=VECTOR('',#1505,10.);
#424=VECTOR('',#1506,10.);
#425=VECTOR('',#1509,10.);
#426=VECTOR('',#1510,10.);
#427=VECTOR('',#1511,10.);
#428=VECTOR('',#1512,10.);
#429=VECTOR('',#1513,10.);
#430=VECTOR('',#1516,10.);
#431=VECTOR('',#1517,10.);
#432=VECTOR('',#1524,10.);
#433=VECTOR('',#1525,10.);
#434=VECTOR('',#1526,10.);
#435=VECTOR('',#1527,10.);
#436=VECTOR('',#1532,10.);
#437=VECTOR('',#1533,10.);
#438=VECTOR('',#1534,10.);
#439=VECTOR('',#1537,10.);
#440=VECTOR('',#1538,10.);
#441=VECTOR('',#1541,10.);
#442=VECTOR('',#1542,10.);
#443=VECTOR('',#1545,10.);
#444=VECTOR('',#1546,10.);
#445=VECTOR('',#1549,10.);
#446=VECTOR('',#1552,10.);
#447=VECTOR('',#1553,10.);
#448=VECTOR('',#1558,10.);
#449=VECTOR('',#1561,10.);
#450=VECTOR('',#1564,10.);
#451=VECTOR('',#1569,10.);
#452=VECTOR('',#1572,10.);
#453=VECTOR('',#1577,10.);
#454=VECTOR('',#1580,10.);
#455=VECTOR('',#1585,10.);
#456=VECTOR('',#1588,10.);
#457=VECTOR('',#1593,10.);
#458=VECTOR('',#1596,10.);
#459=VECTOR('',#1601,10.);
#460=VECTOR('',#1602,10.);
#461=VECTOR('',#1605,10.);
#462=VECTOR('',#1606,10.);
#463=VECTOR('',#1607,10.);
#464=VECTOR('',#1610,10.);
#465=VECTOR('',#1613,10.);
#466=VECTOR('',#1618,10.);
#467=VECTOR('',#1619,10.);
#468=VECTOR('',#1622,10.);
#469=VECTOR('',#1623,10.);
#470=VECTOR('',#1624,10.);
#471=VECTOR('',#1627,10.);
#472=VECTOR('',#1628,10.);
#473=VECTOR('',#1631,10.);
#474=VECTOR('',#1632,10.);
#475=VECTOR('',#1635,10.);
#476=VECTOR('',#1636,10.);
#477=VECTOR('',#1637,10.);
#478=VECTOR('',#1640,10.);
#479=VECTOR('',#1641,10.);
#480=VECTOR('',#1644,10.);
#481=VECTOR('',#1645,10.);
#482=VECTOR('',#1646,10.);
#483=VECTOR('',#1649,10.);
#484=VECTOR('',#1652,10.);
#485=VECTOR('',#1653,10.);
#486=VECTOR('',#1654,10.);
#487=VECTOR('',#1657,10.);
#488=VECTOR('',#1658,10.);
#489=VECTOR('',#1659,10.);
#490=VECTOR('',#1662,10.);
#491=VECTOR('',#1667,10.);
#492=VECTOR('',#1668,10.);
#493=VECTOR('',#1673,2.45);
#494=VECTOR('',#1678,1.7);
#495=VECTOR('',#1681,10.);
#496=VECTOR('',#1684,10.);
#497=VECTOR('',#1687,10.);
#498=VECTOR('',#1688,10.);
#499=VECTOR('',#1691,10.);
#500=VECTOR('',#1692,10.);
#501=VECTOR('',#1695,10.);
#502=VECTOR('',#1696,10.);
#503=VECTOR('',#1699,10.);
#504=VECTOR('',#1700,10.);
#505=VECTOR('',#1703,10.);
#506=VECTOR('',#1704,10.);
#507=VECTOR('',#1707,10.);
#508=VECTOR('',#1710,10.);
#509=VECTOR('',#1715,10.);
#510=VECTOR('',#1718,10.);
#511=VERTEX_POINT('',#1725);
#512=VERTEX_POINT('',#1726);
#513=VERTEX_POINT('',#1728);
#514=VERTEX_POINT('',#1730);
#515=VERTEX_POINT('',#1732);
#516=VERTEX_POINT('',#1734);
#517=VERTEX_POINT('',#1736);
#518=VERTEX_POINT('',#1738);
#519=VERTEX_POINT('',#1742);
#520=VERTEX_POINT('',#1743);
#521=VERTEX_POINT('',#1745);
#522=VERTEX_POINT('',#1747);
#523=VERTEX_POINT('',#1750);
#524=VERTEX_POINT('',#1751);
#525=VERTEX_POINT('',#1753);
#526=VERTEX_POINT('',#1755);
#527=VERTEX_POINT('',#1759);
#528=VERTEX_POINT('',#1761);
#529=VERTEX_POINT('',#1765);
#530=VERTEX_POINT('',#1768);
#531=VERTEX_POINT('',#1770);
#532=VERTEX_POINT('',#1774);
#533=VERTEX_POINT('',#1776);
#534=VERTEX_POINT('',#1779);
#535=VERTEX_POINT('',#1788);
#536=VERTEX_POINT('',#1791);
#537=VERTEX_POINT('',#1796);
#538=VERTEX_POINT('',#1798);
#539=VERTEX_POINT('',#1802);
#540=VERTEX_POINT('',#1806);
#541=VERTEX_POINT('',#1810);
#542=VERTEX_POINT('',#1816);
#543=VERTEX_POINT('',#1823);
#544=VERTEX_POINT('',#1824);
#545=VERTEX_POINT('',#1826);
#546=VERTEX_POINT('',#1828);
#547=VERTEX_POINT('',#1830);
#548=VERTEX_POINT('',#1832);
#549=VERTEX_POINT('',#1834);
#550=VERTEX_POINT('',#1836);
#551=VERTEX_POINT('',#1840);
#552=VERTEX_POINT('',#1841);
#553=VERTEX_POINT('',#1843);
#554=VERTEX_POINT('',#1845);
#555=VERTEX_POINT('',#1848);
#556=VERTEX_POINT('',#1849);
#557=VERTEX_POINT('',#1851);
#558=VERTEX_POINT('',#1853);
#559=VERTEX_POINT('',#1857);
#560=VERTEX_POINT('',#1859);
#561=VERTEX_POINT('',#1863);
#562=VERTEX_POINT('',#1866);
#563=VERTEX_POINT('',#1868);
#564=VERTEX_POINT('',#1872);
#565=VERTEX_POINT('',#1874);
#566=VERTEX_POINT('',#1877);
#567=VERTEX_POINT('',#1886);
#568=VERTEX_POINT('',#1889);
#569=VERTEX_POINT('',#1894);
#570=VERTEX_POINT('',#1896);
#571=VERTEX_POINT('',#1900);
#572=VERTEX_POINT('',#1904);
#573=VERTEX_POINT('',#1908);
#574=VERTEX_POINT('',#1914);
#575=VERTEX_POINT('',#1921);
#576=VERTEX_POINT('',#1922);
#577=VERTEX_POINT('',#1924);
#578=VERTEX_POINT('',#1926);
#579=VERTEX_POINT('',#1930);
#580=VERTEX_POINT('',#1931);
#581=VERTEX_POINT('',#1933);
#582=VERTEX_POINT('',#1935);
#583=VERTEX_POINT('',#1939);
#584=VERTEX_POINT('',#1940);
#585=VERTEX_POINT('',#1942);
#586=VERTEX_POINT('',#1944);
#587=VERTEX_POINT('',#1948);
#588=VERTEX_POINT('',#1949);
#589=VERTEX_POINT('',#1951);
#590=VERTEX_POINT('',#1953);
#591=VERTEX_POINT('',#1957);
#592=VERTEX_POINT('',#1958);
#593=VERTEX_POINT('',#1960);
#594=VERTEX_POINT('',#1962);
#595=VERTEX_POINT('',#1969);
#596=VERTEX_POINT('',#1971);
#597=VERTEX_POINT('',#1975);
#598=VERTEX_POINT('',#1976);
#599=VERTEX_POINT('',#1978);
#600=VERTEX_POINT('',#1980);
#601=VERTEX_POINT('',#1987);
#602=VERTEX_POINT('',#1989);
#603=VERTEX_POINT('',#1999);
#604=VERTEX_POINT('',#2001);
#605=VERTEX_POINT('',#2008);
#606=VERTEX_POINT('',#2010);
#607=VERTEX_POINT('',#2014);
#608=VERTEX_POINT('',#2016);
#609=VERTEX_POINT('',#2018);
#610=VERTEX_POINT('',#2020);
#611=VERTEX_POINT('',#2022);
#612=VERTEX_POINT('',#2024);
#613=VERTEX_POINT('',#2026);
#614=VERTEX_POINT('',#2028);
#615=VERTEX_POINT('',#2030);
#616=VERTEX_POINT('',#2032);
#617=VERTEX_POINT('',#2035);
#618=VERTEX_POINT('',#2038);
#619=VERTEX_POINT('',#2042);
#620=VERTEX_POINT('',#2044);
#621=VERTEX_POINT('',#2050);
#622=VERTEX_POINT('',#2052);
#623=VERTEX_POINT('',#2056);
#624=VERTEX_POINT('',#2060);
#625=VERTEX_POINT('',#2064);
#626=VERTEX_POINT('',#2068);
#627=VERTEX_POINT('',#2072);
#628=VERTEX_POINT('',#2076);
#629=VERTEX_POINT('',#2079);
#630=EDGE_CURVE('',#511,#512,#195,.T.);
#631=EDGE_CURVE('',#513,#511,#196,.T.);
#632=EDGE_CURVE('',#514,#513,#197,.T.);
#633=EDGE_CURVE('',#515,#514,#198,.T.);
#634=EDGE_CURVE('',#516,#515,#199,.T.);
#635=EDGE_CURVE('',#516,#517,#200,.T.);
#636=EDGE_CURVE('',#517,#518,#201,.T.);
#637=EDGE_CURVE('',#512,#518,#202,.T.);
#638=EDGE_CURVE('',#519,#520,#203,.F.);
#639=EDGE_CURVE('',#520,#521,#204,.T.);
#640=EDGE_CURVE('',#521,#522,#205,.T.);
#641=EDGE_CURVE('',#522,#519,#206,.T.);
#642=EDGE_CURVE('',#523,#524,#207,.T.);
#643=EDGE_CURVE('',#525,#523,#208,.T.);
#644=EDGE_CURVE('',#526,#525,#209,.T.);
#645=EDGE_CURVE('',#524,#526,#210,.T.);
#646=EDGE_CURVE('',#527,#520,#211,.T.);
#647=EDGE_CURVE('',#528,#519,#212,.F.);
#648=EDGE_CURVE('',#527,#528,#213,.F.);
#649=EDGE_CURVE('',#529,#522,#214,.T.);
#650=EDGE_CURVE('',#529,#518,#215,.T.);
#651=EDGE_CURVE('',#517,#530,#216,.F.);
#652=EDGE_CURVE('',#531,#530,#217,.T.);
#653=EDGE_CURVE('',#528,#531,#218,.F.);
#654=EDGE_CURVE('',#532,#527,#219,.F.);
#655=EDGE_CURVE('',#532,#533,#220,.F.);
#656=EDGE_CURVE('',#533,#516,#221,.F.);
#657=EDGE_CURVE('',#515,#534,#222,.T.);
#658=EDGE_CURVE('',#534,#521,#223,.T.);
#659=EDGE_CURVE('',#530,#533,#224,.F.);
#660=EDGE_CURVE('',#531,#532,#225,.F.);
#661=EDGE_CURVE('',#512,#535,#226,.T.);
#662=EDGE_CURVE('',#534,#529,#227,.T.);
#663=EDGE_CURVE('',#536,#514,#228,.T.);
#664=EDGE_CURVE('',#535,#536,#229,.T.);
#665=EDGE_CURVE('',#523,#537,#230,.T.);
#666=EDGE_CURVE('',#538,#537,#231,.T.);
#667=EDGE_CURVE('',#525,#538,#232,.T.);
#668=EDGE_CURVE('',#539,#535,#233,.T.);
#669=EDGE_CURVE('',#511,#539,#234,.T.);
#670=EDGE_CURVE('',#540,#538,#235,.T.);
#671=EDGE_CURVE('',#526,#540,#236,.T.);
#672=EDGE_CURVE('',#541,#536,#237,.T.);
#673=EDGE_CURVE('',#539,#541,#238,.T.);
#674=EDGE_CURVE('',#541,#513,#239,.T.);
#675=EDGE_CURVE('',#524,#542,#240,.T.);
#676=EDGE_CURVE('',#537,#542,#241,.T.);
#677=EDGE_CURVE('',#542,#540,#242,.T.);
#678=EDGE_CURVE('',#543,#544,#243,.T.);
#679=EDGE_CURVE('',#545,#543,#244,.T.);
#680=EDGE_CURVE('',#546,#545,#245,.T.);
#681=EDGE_CURVE('',#547,#546,#246,.T.);
#682=EDGE_CURVE('',#548,#547,#247,.T.);
#683=EDGE_CURVE('',#548,#549,#248,.T.);
#684=EDGE_CURVE('',#549,#550,#249,.T.);
#685=EDGE_CURVE('',#544,#550,#250,.T.);
#686=EDGE_CURVE('',#551,#552,#251,.F.);
#687=EDGE_CURVE('',#552,#553,#252,.T.);
#688=EDGE_CURVE('',#553,#554,#253,.T.);
#689=EDGE_CURVE('',#554,#551,#254,.T.);
#690=EDGE_CURVE('',#555,#556,#255,.T.);
#691=EDGE_CURVE('',#557,#555,#256,.T.);
#692=EDGE_CURVE('',#558,#557,#257,.T.);
#693=EDGE_CURVE('',#556,#558,#258,.T.);
#694=EDGE_CURVE('',#559,#552,#259,.T.);
#695=EDGE_CURVE('',#560,#551,#260,.F.);
#696=EDGE_CURVE('',#559,#560,#261,.F.);
#697=EDGE_CURVE('',#561,#554,#262,.T.);
#698=EDGE_CURVE('',#561,#550,#263,.T.);
#699=EDGE_CURVE('',#549,#562,#264,.F.);
#700=EDGE_CURVE('',#563,#562,#265,.T.);
#701=EDGE_CURVE('',#560,#563,#266,.F.);
#702=EDGE_CURVE('',#564,#559,#267,.F.);
#703=EDGE_CURVE('',#564,#565,#268,.F.);
#704=EDGE_CURVE('',#565,#548,#269,.F.);
#705=EDGE_CURVE('',#547,#566,#270,.T.);
#706=EDGE_CURVE('',#566,#553,#271,.T.);
#707=EDGE_CURVE('',#562,#565,#272,.F.);
#708=EDGE_CURVE('',#563,#564,#273,.F.);
#709=EDGE_CURVE('',#544,#567,#274,.T.);
#710=EDGE_CURVE('',#566,#561,#275,.T.);
#711=EDGE_CURVE('',#568,#546,#276,.T.);
#712=EDGE_CURVE('',#567,#568,#277,.T.);
#713=EDGE_CURVE('',#555,#569,#278,.T.);
#714=EDGE_CURVE('',#570,#569,#279,.T.);
#715=EDGE_CURVE('',#557,#570,#280,.T.);
#716=EDGE_CURVE('',#571,#567,#281,.T.);
#717=EDGE_CURVE('',#543,#571,#282,.T.);
#718=EDGE_CURVE('',#572,#570,#283,.T.);
#719=EDGE_CURVE('',#558,#572,#284,.T.);
#720=EDGE_CURVE('',#573,#568,#285,.T.);
#721=EDGE_CURVE('',#571,#573,#286,.T.);
#722=EDGE_CURVE('',#573,#545,#287,.T.);
#723=EDGE_CURVE('',#556,#574,#288,.T.);
#724=EDGE_CURVE('',#569,#574,#289,.T.);
#725=EDGE_CURVE('',#574,#572,#290,.T.);
#726=EDGE_CURVE('',#575,#576,#291,.T.);
#727=EDGE_CURVE('',#577,#575,#16,.T.);
#728=EDGE_CURVE('',#578,#577,#292,.T.);
#729=EDGE_CURVE('',#576,#578,#17,.T.);
#730=EDGE_CURVE('',#579,#580,#293,.T.);
#731=EDGE_CURVE('',#581,#579,#18,.T.);
#732=EDGE_CURVE('',#582,#581,#294,.T.);
#733=EDGE_CURVE('',#580,#582,#19,.T.);
#734=EDGE_CURVE('',#583,#584,#295,.T.);
#735=EDGE_CURVE('',#585,#583,#20,.T.);
#736=EDGE_CURVE('',#586,#585,#296,.T.);
#737=EDGE_CURVE('',#584,#586,#21,.T.);
#738=EDGE_CURVE('',#587,#588,#297,.T.);
#739=EDGE_CURVE('',#589,#587,#22,.T.);
#740=EDGE_CURVE('',#590,#589,#298,.T.);
#741=EDGE_CURVE('',#588,#590,#23,.T.);
#742=EDGE_CURVE('',#591,#592,#299,.T.);
#743=EDGE_CURVE('',#593,#592,#24,.T.);
#744=EDGE_CURVE('',#594,#593,#300,.T.);
#745=EDGE_CURVE('',#591,#594,#25,.T.);
#746=EDGE_CURVE('',#582,#577,#301,.T.);
#747=EDGE_CURVE('',#578,#581,#302,.T.);
#748=EDGE_CURVE('',#595,#589,#303,.T.);
#749=EDGE_CURVE('',#596,#595,#304,.T.);
#750=EDGE_CURVE('',#590,#596,#305,.T.);
#751=EDGE_CURVE('',#597,#598,#306,.T.);
#752=EDGE_CURVE('',#599,#597,#26,.T.);
#753=EDGE_CURVE('',#599,#600,#307,.T.);
#754=EDGE_CURVE('',#598,#600,#27,.T.);
#755=EDGE_CURVE('',#600,#593,#308,.T.);
#756=EDGE_CURVE('',#594,#599,#309,.T.);
#757=EDGE_CURVE('',#601,#585,#310,.T.);
#758=EDGE_CURVE('',#601,#602,#311,.T.);
#759=EDGE_CURVE('',#586,#602,#312,.T.);
#760=EDGE_CURVE('',#602,#598,#313,.T.);
#761=EDGE_CURVE('',#597,#601,#314,.T.);
#762=EDGE_CURVE('',#592,#595,#315,.T.);
#763=EDGE_CURVE('',#596,#591,#316,.T.);
#764=EDGE_CURVE('',#603,#584,#317,.T.);
#765=EDGE_CURVE('',#604,#603,#318,.T.);
#766=EDGE_CURVE('',#583,#604,#319,.T.);
#767=EDGE_CURVE('',#579,#576,#320,.T.);
#768=EDGE_CURVE('',#575,#580,#321,.T.);
#769=EDGE_CURVE('',#605,#588,#322,.T.);
#770=EDGE_CURVE('',#606,#605,#323,.T.);
#771=EDGE_CURVE('',#587,#606,#324,.T.);
#772=EDGE_CURVE('',#604,#607,#325,.T.);
#773=EDGE_CURVE('',#607,#608,#28,.T.);
#774=EDGE_CURVE('',#608,#609,#326,.T.);
#775=EDGE_CURVE('',#609,#610,#327,.T.);
#776=EDGE_CURVE('',#610,#611,#328,.T.);
#777=EDGE_CURVE('',#611,#612,#29,.T.);
#778=EDGE_CURVE('',#612,#613,#329,.T.);
#779=EDGE_CURVE('',#613,#614,#330,.T.);
#780=EDGE_CURVE('',#614,#615,#331,.T.);
#781=EDGE_CURVE('',#615,#616,#30,.T.);
#782=EDGE_CURVE('',#616,#605,#332,.T.);
#783=EDGE_CURVE('',#617,#617,#31,.T.);
#784=EDGE_CURVE('',#618,#603,#333,.T.);
#785=EDGE_CURVE('',#607,#618,#334,.T.);
#786=EDGE_CURVE('',#619,#619,#32,.T.);
#787=EDGE_CURVE('',#619,#620,#335,.T.);
#788=EDGE_CURVE('',#620,#620,#33,.T.);
#789=EDGE_CURVE('',#620,#617,#336,.T.);
#790=EDGE_CURVE('',#621,#611,#337,.T.);
#791=EDGE_CURVE('',#622,#621,#34,.T.);
#792=EDGE_CURVE('',#612,#622,#338,.T.);
#793=EDGE_CURVE('',#623,#622,#339,.T.);
#794=EDGE_CURVE('',#613,#623,#340,.T.);
#795=EDGE_CURVE('',#610,#624,#341,.T.);
#796=EDGE_CURVE('',#621,#624,#342,.T.);
#797=EDGE_CURVE('',#625,#623,#343,.T.);
#798=EDGE_CURVE('',#614,#625,#344,.T.);
#799=EDGE_CURVE('',#626,#609,#345,.T.);
#800=EDGE_CURVE('',#624,#626,#346,.T.);
#801=EDGE_CURVE('',#627,#625,#347,.T.);
#802=EDGE_CURVE('',#615,#627,#348,.T.);
#803=EDGE_CURVE('',#606,#628,#349,.T.);
#804=EDGE_CURVE('',#628,#627,#35,.T.);
#805=EDGE_CURVE('',#626,#629,#350,.T.);
#806=EDGE_CURVE('',#629,#618,#36,.T.);
#807=EDGE_CURVE('',#616,#628,#351,.T.);
#808=EDGE_CURVE('',#608,#629,#352,.T.);
#809=ORIENTED_EDGE('',*,*,#630,.F.);
#810=ORIENTED_EDGE('',*,*,#631,.F.);
#811=ORIENTED_EDGE('',*,*,#632,.F.);
#812=ORIENTED_EDGE('',*,*,#633,.F.);
#813=ORIENTED_EDGE('',*,*,#634,.F.);
#814=ORIENTED_EDGE('',*,*,#635,.T.);
#815=ORIENTED_EDGE('',*,*,#636,.T.);
#816=ORIENTED_EDGE('',*,*,#637,.F.);
#817=ORIENTED_EDGE('',*,*,#638,.T.);
#818=ORIENTED_EDGE('',*,*,#639,.T.);
#819=ORIENTED_EDGE('',*,*,#640,.T.);
#820=ORIENTED_EDGE('',*,*,#641,.T.);
#821=ORIENTED_EDGE('',*,*,#642,.F.);
#822=ORIENTED_EDGE('',*,*,#643,.F.);
#823=ORIENTED_EDGE('',*,*,#644,.F.);
#824=ORIENTED_EDGE('',*,*,#645,.F.);
#825=ORIENTED_EDGE('',*,*,#646,.T.);
#826=ORIENTED_EDGE('',*,*,#638,.F.);
#827=ORIENTED_EDGE('',*,*,#647,.F.);
#828=ORIENTED_EDGE('',*,*,#648,.F.);
#829=ORIENTED_EDGE('',*,*,#647,.T.);
#830=ORIENTED_EDGE('',*,*,#641,.F.);
#831=ORIENTED_EDGE('',*,*,#649,.F.);
#832=ORIENTED_EDGE('',*,*,#650,.T.);
#833=ORIENTED_EDGE('',*,*,#636,.F.);
#834=ORIENTED_EDGE('',*,*,#651,.T.);
#835=ORIENTED_EDGE('',*,*,#652,.F.);
#836=ORIENTED_EDGE('',*,*,#653,.F.);
#837=ORIENTED_EDGE('',*,*,#646,.F.);
#838=ORIENTED_EDGE('',*,*,#654,.F.);
#839=ORIENTED_EDGE('',*,*,#655,.T.);
#840=ORIENTED_EDGE('',*,*,#656,.T.);
#841=ORIENTED_EDGE('',*,*,#634,.T.);
#842=ORIENTED_EDGE('',*,*,#657,.T.);
#843=ORIENTED_EDGE('',*,*,#658,.T.);
#844=ORIENTED_EDGE('',*,*,#639,.F.);
#845=ORIENTED_EDGE('',*,*,#659,.T.);
#846=ORIENTED_EDGE('',*,*,#655,.F.);
#847=ORIENTED_EDGE('',*,*,#660,.F.);
#848=ORIENTED_EDGE('',*,*,#652,.T.);
#849=ORIENTED_EDGE('',*,*,#653,.T.);
#850=ORIENTED_EDGE('',*,*,#660,.T.);
#851=ORIENTED_EDGE('',*,*,#654,.T.);
#852=ORIENTED_EDGE('',*,*,#648,.T.);
#853=ORIENTED_EDGE('',*,*,#659,.F.);
#854=ORIENTED_EDGE('',*,*,#651,.F.);
#855=ORIENTED_EDGE('',*,*,#635,.F.);
#856=ORIENTED_EDGE('',*,*,#656,.F.);
#857=ORIENTED_EDGE('',*,*,#661,.F.);
#858=ORIENTED_EDGE('',*,*,#637,.T.);
#859=ORIENTED_EDGE('',*,*,#650,.F.);
#860=ORIENTED_EDGE('',*,*,#662,.F.);
#861=ORIENTED_EDGE('',*,*,#657,.F.);
#862=ORIENTED_EDGE('',*,*,#633,.T.);
#863=ORIENTED_EDGE('',*,*,#663,.F.);
#864=ORIENTED_EDGE('',*,*,#664,.F.);
#865=ORIENTED_EDGE('',*,*,#640,.F.);
#866=ORIENTED_EDGE('',*,*,#658,.F.);
#867=ORIENTED_EDGE('',*,*,#662,.T.);
#868=ORIENTED_EDGE('',*,*,#649,.T.);
#869=ORIENTED_EDGE('',*,*,#643,.T.);
#870=ORIENTED_EDGE('',*,*,#665,.T.);
#871=ORIENTED_EDGE('',*,*,#666,.F.);
#872=ORIENTED_EDGE('',*,*,#667,.F.);
#873=ORIENTED_EDGE('',*,*,#661,.T.);
#874=ORIENTED_EDGE('',*,*,#668,.F.);
#875=ORIENTED_EDGE('',*,*,#669,.F.);
#876=ORIENTED_EDGE('',*,*,#630,.T.);
#877=ORIENTED_EDGE('',*,*,#644,.T.);
#878=ORIENTED_EDGE('',*,*,#667,.T.);
#879=ORIENTED_EDGE('',*,*,#670,.F.);
#880=ORIENTED_EDGE('',*,*,#671,.F.);
#881=ORIENTED_EDGE('',*,*,#664,.T.);
#882=ORIENTED_EDGE('',*,*,#672,.F.);
#883=ORIENTED_EDGE('',*,*,#673,.F.);
#884=ORIENTED_EDGE('',*,*,#668,.T.);
#885=ORIENTED_EDGE('',*,*,#663,.T.);
#886=ORIENTED_EDGE('',*,*,#632,.T.);
#887=ORIENTED_EDGE('',*,*,#674,.F.);
#888=ORIENTED_EDGE('',*,*,#672,.T.);
#889=ORIENTED_EDGE('',*,*,#642,.T.);
#890=ORIENTED_EDGE('',*,*,#675,.T.);
#891=ORIENTED_EDGE('',*,*,#676,.F.);
#892=ORIENTED_EDGE('',*,*,#665,.F.);
#893=ORIENTED_EDGE('',*,*,#631,.T.);
#894=ORIENTED_EDGE('',*,*,#669,.T.);
#895=ORIENTED_EDGE('',*,*,#673,.T.);
#896=ORIENTED_EDGE('',*,*,#674,.T.);
#897=ORIENTED_EDGE('',*,*,#645,.T.);
#898=ORIENTED_EDGE('',*,*,#671,.T.);
#899=ORIENTED_EDGE('',*,*,#677,.F.);
#900=ORIENTED_EDGE('',*,*,#675,.F.);
#901=ORIENTED_EDGE('',*,*,#678,.F.);
#902=ORIENTED_EDGE('',*,*,#679,.F.);
#903=ORIENTED_EDGE('',*,*,#680,.F.);
#904=ORIENTED_EDGE('',*,*,#681,.F.);
#905=ORIENTED_EDGE('',*,*,#682,.F.);
#906=ORIENTED_EDGE('',*,*,#683,.T.);
#907=ORIENTED_EDGE('',*,*,#684,.T.);
#908=ORIENTED_EDGE('',*,*,#685,.F.);
#909=ORIENTED_EDGE('',*,*,#686,.T.);
#910=ORIENTED_EDGE('',*,*,#687,.T.);
#911=ORIENTED_EDGE('',*,*,#688,.T.);
#912=ORIENTED_EDGE('',*,*,#689,.T.);
#913=ORIENTED_EDGE('',*,*,#690,.F.);
#914=ORIENTED_EDGE('',*,*,#691,.F.);
#915=ORIENTED_EDGE('',*,*,#692,.F.);
#916=ORIENTED_EDGE('',*,*,#693,.F.);
#917=ORIENTED_EDGE('',*,*,#694,.T.);
#918=ORIENTED_EDGE('',*,*,#686,.F.);
#919=ORIENTED_EDGE('',*,*,#695,.F.);
#920=ORIENTED_EDGE('',*,*,#696,.F.);
#921=ORIENTED_EDGE('',*,*,#695,.T.);
#922=ORIENTED_EDGE('',*,*,#689,.F.);
#923=ORIENTED_EDGE('',*,*,#697,.F.);
#924=ORIENTED_EDGE('',*,*,#698,.T.);
#925=ORIENTED_EDGE('',*,*,#684,.F.);
#926=ORIENTED_EDGE('',*,*,#699,.T.);
#927=ORIENTED_EDGE('',*,*,#700,.F.);
#928=ORIENTED_EDGE('',*,*,#701,.F.);
#929=ORIENTED_EDGE('',*,*,#694,.F.);
#930=ORIENTED_EDGE('',*,*,#702,.F.);
#931=ORIENTED_EDGE('',*,*,#703,.T.);
#932=ORIENTED_EDGE('',*,*,#704,.T.);
#933=ORIENTED_EDGE('',*,*,#682,.T.);
#934=ORIENTED_EDGE('',*,*,#705,.T.);
#935=ORIENTED_EDGE('',*,*,#706,.T.);
#936=ORIENTED_EDGE('',*,*,#687,.F.);
#937=ORIENTED_EDGE('',*,*,#707,.T.);
#938=ORIENTED_EDGE('',*,*,#703,.F.);
#939=ORIENTED_EDGE('',*,*,#708,.F.);
#940=ORIENTED_EDGE('',*,*,#700,.T.);
#941=ORIENTED_EDGE('',*,*,#701,.T.);
#942=ORIENTED_EDGE('',*,*,#708,.T.);
#943=ORIENTED_EDGE('',*,*,#702,.T.);
#944=ORIENTED_EDGE('',*,*,#696,.T.);
#945=ORIENTED_EDGE('',*,*,#707,.F.);
#946=ORIENTED_EDGE('',*,*,#699,.F.);
#947=ORIENTED_EDGE('',*,*,#683,.F.);
#948=ORIENTED_EDGE('',*,*,#704,.F.);
#949=ORIENTED_EDGE('',*,*,#709,.F.);
#950=ORIENTED_EDGE('',*,*,#685,.T.);
#951=ORIENTED_EDGE('',*,*,#698,.F.);
#952=ORIENTED_EDGE('',*,*,#710,.F.);
#953=ORIENTED_EDGE('',*,*,#705,.F.);
#954=ORIENTED_EDGE('',*,*,#681,.T.);
#955=ORIENTED_EDGE('',*,*,#711,.F.);
#956=ORIENTED_EDGE('',*,*,#712,.F.);
#957=ORIENTED_EDGE('',*,*,#688,.F.);
#958=ORIENTED_EDGE('',*,*,#706,.F.);
#959=ORIENTED_EDGE('',*,*,#710,.T.);
#960=ORIENTED_EDGE('',*,*,#697,.T.);
#961=ORIENTED_EDGE('',*,*,#691,.T.);
#962=ORIENTED_EDGE('',*,*,#713,.T.);
#963=ORIENTED_EDGE('',*,*,#714,.F.);
#964=ORIENTED_EDGE('',*,*,#715,.F.);
#965=ORIENTED_EDGE('',*,*,#709,.T.);
#966=ORIENTED_EDGE('',*,*,#716,.F.);
#967=ORIENTED_EDGE('',*,*,#717,.F.);
#968=ORIENTED_EDGE('',*,*,#678,.T.);
#969=ORIENTED_EDGE('',*,*,#692,.T.);
#970=ORIENTED_EDGE('',*,*,#715,.T.);
#971=ORIENTED_EDGE('',*,*,#718,.F.);
#972=ORIENTED_EDGE('',*,*,#719,.F.);
#973=ORIENTED_EDGE('',*,*,#712,.T.);
#974=ORIENTED_EDGE('',*,*,#720,.F.);
#975=ORIENTED_EDGE('',*,*,#721,.F.);
#976=ORIENTED_EDGE('',*,*,#716,.T.);
#977=ORIENTED_EDGE('',*,*,#711,.T.);
#978=ORIENTED_EDGE('',*,*,#680,.T.);
#979=ORIENTED_EDGE('',*,*,#722,.F.);
#980=ORIENTED_EDGE('',*,*,#720,.T.);
#981=ORIENTED_EDGE('',*,*,#690,.T.);
#982=ORIENTED_EDGE('',*,*,#723,.T.);
#983=ORIENTED_EDGE('',*,*,#724,.F.);
#984=ORIENTED_EDGE('',*,*,#713,.F.);
#985=ORIENTED_EDGE('',*,*,#679,.T.);
#986=ORIENTED_EDGE('',*,*,#717,.T.);
#987=ORIENTED_EDGE('',*,*,#721,.T.);
#988=ORIENTED_EDGE('',*,*,#722,.T.);
#989=ORIENTED_EDGE('',*,*,#693,.T.);
#990=ORIENTED_EDGE('',*,*,#719,.T.);
#991=ORIENTED_EDGE('',*,*,#725,.F.);
#992=ORIENTED_EDGE('',*,*,#723,.F.);
#993=ORIENTED_EDGE('',*,*,#726,.F.);
#994=ORIENTED_EDGE('',*,*,#727,.F.);
#995=ORIENTED_EDGE('',*,*,#728,.F.);
#996=ORIENTED_EDGE('',*,*,#729,.F.);
#997=ORIENTED_EDGE('',*,*,#730,.F.);
#998=ORIENTED_EDGE('',*,*,#731,.F.);
#999=ORIENTED_EDGE('',*,*,#732,.F.);
#1000=ORIENTED_EDGE('',*,*,#733,.F.);
#1001=ORIENTED_EDGE('',*,*,#734,.F.);
#1002=ORIENTED_EDGE('',*,*,#735,.F.);
#1003=ORIENTED_EDGE('',*,*,#736,.F.);
#1004=ORIENTED_EDGE('',*,*,#737,.F.);
#1005=ORIENTED_EDGE('',*,*,#738,.F.);
#1006=ORIENTED_EDGE('',*,*,#739,.F.);
#1007=ORIENTED_EDGE('',*,*,#740,.F.);
#1008=ORIENTED_EDGE('',*,*,#741,.F.);
#1009=ORIENTED_EDGE('',*,*,#742,.T.);
#1010=ORIENTED_EDGE('',*,*,#743,.F.);
#1011=ORIENTED_EDGE('',*,*,#744,.F.);
#1012=ORIENTED_EDGE('',*,*,#745,.F.);
#1013=ORIENTED_EDGE('',*,*,#728,.T.);
#1014=ORIENTED_EDGE('',*,*,#746,.F.);
#1015=ORIENTED_EDGE('',*,*,#732,.T.);
#1016=ORIENTED_EDGE('',*,*,#747,.F.);
#1017=ORIENTED_EDGE('',*,*,#740,.T.);
#1018=ORIENTED_EDGE('',*,*,#748,.F.);
#1019=ORIENTED_EDGE('',*,*,#749,.F.);
#1020=ORIENTED_EDGE('',*,*,#750,.F.);
#1021=ORIENTED_EDGE('',*,*,#751,.F.);
#1022=ORIENTED_EDGE('',*,*,#752,.F.);
#1023=ORIENTED_EDGE('',*,*,#753,.T.);
#1024=ORIENTED_EDGE('',*,*,#754,.F.);
#1025=ORIENTED_EDGE('',*,*,#744,.T.);
#1026=ORIENTED_EDGE('',*,*,#755,.F.);
#1027=ORIENTED_EDGE('',*,*,#753,.F.);
#1028=ORIENTED_EDGE('',*,*,#756,.F.);
#1029=ORIENTED_EDGE('',*,*,#736,.T.);
#1030=ORIENTED_EDGE('',*,*,#757,.F.);
#1031=ORIENTED_EDGE('',*,*,#758,.T.);
#1032=ORIENTED_EDGE('',*,*,#759,.F.);
#1033=ORIENTED_EDGE('',*,*,#751,.T.);
#1034=ORIENTED_EDGE('',*,*,#760,.F.);
#1035=ORIENTED_EDGE('',*,*,#758,.F.);
#1036=ORIENTED_EDGE('',*,*,#761,.F.);
#1037=ORIENTED_EDGE('',*,*,#749,.T.);
#1038=ORIENTED_EDGE('',*,*,#762,.F.);
#1039=ORIENTED_EDGE('',*,*,#742,.F.);
#1040=ORIENTED_EDGE('',*,*,#763,.F.);
#1041=ORIENTED_EDGE('',*,*,#734,.T.);
#1042=ORIENTED_EDGE('',*,*,#764,.F.);
#1043=ORIENTED_EDGE('',*,*,#765,.F.);
#1044=ORIENTED_EDGE('',*,*,#766,.F.);
#1045=ORIENTED_EDGE('',*,*,#726,.T.);
#1046=ORIENTED_EDGE('',*,*,#767,.F.);
#1047=ORIENTED_EDGE('',*,*,#730,.T.);
#1048=ORIENTED_EDGE('',*,*,#768,.F.);
#1049=ORIENTED_EDGE('',*,*,#738,.T.);
#1050=ORIENTED_EDGE('',*,*,#769,.F.);
#1051=ORIENTED_EDGE('',*,*,#770,.F.);
#1052=ORIENTED_EDGE('',*,*,#771,.F.);
#1053=ORIENTED_EDGE('',*,*,#741,.T.);
#1054=ORIENTED_EDGE('',*,*,#750,.T.);
#1055=ORIENTED_EDGE('',*,*,#763,.T.);
#1056=ORIENTED_EDGE('',*,*,#745,.T.);
#1057=ORIENTED_EDGE('',*,*,#756,.T.);
#1058=ORIENTED_EDGE('',*,*,#752,.T.);
#1059=ORIENTED_EDGE('',*,*,#761,.T.);
#1060=ORIENTED_EDGE('',*,*,#757,.T.);
#1061=ORIENTED_EDGE('',*,*,#735,.T.);
#1062=ORIENTED_EDGE('',*,*,#766,.T.);
#1063=ORIENTED_EDGE('',*,*,#772,.T.);
#1064=ORIENTED_EDGE('',*,*,#773,.T.);
#1065=ORIENTED_EDGE('',*,*,#774,.T.);
#1066=ORIENTED_EDGE('',*,*,#775,.T.);
#1067=ORIENTED_EDGE('',*,*,#776,.T.);
#1068=ORIENTED_EDGE('',*,*,#777,.T.);
#1069=ORIENTED_EDGE('',*,*,#778,.T.);
#1070=ORIENTED_EDGE('',*,*,#779,.T.);
#1071=ORIENTED_EDGE('',*,*,#780,.T.);
#1072=ORIENTED_EDGE('',*,*,#781,.T.);
#1073=ORIENTED_EDGE('',*,*,#782,.T.);
#1074=ORIENTED_EDGE('',*,*,#769,.T.);
#1075=ORIENTED_EDGE('',*,*,#666,.T.);
#1076=ORIENTED_EDGE('',*,*,#676,.T.);
#1077=ORIENTED_EDGE('',*,*,#677,.T.);
#1078=ORIENTED_EDGE('',*,*,#670,.T.);
#1079=ORIENTED_EDGE('',*,*,#714,.T.);
#1080=ORIENTED_EDGE('',*,*,#724,.T.);
#1081=ORIENTED_EDGE('',*,*,#725,.T.);
#1082=ORIENTED_EDGE('',*,*,#718,.T.);
#1083=ORIENTED_EDGE('',*,*,#768,.T.);
#1084=ORIENTED_EDGE('',*,*,#733,.T.);
#1085=ORIENTED_EDGE('',*,*,#746,.T.);
#1086=ORIENTED_EDGE('',*,*,#727,.T.);
#1087=ORIENTED_EDGE('',*,*,#783,.T.);
#1088=ORIENTED_EDGE('',*,*,#765,.T.);
#1089=ORIENTED_EDGE('',*,*,#784,.F.);
#1090=ORIENTED_EDGE('',*,*,#785,.F.);
#1091=ORIENTED_EDGE('',*,*,#772,.F.);
#1092=ORIENTED_EDGE('',*,*,#786,.F.);
#1093=ORIENTED_EDGE('',*,*,#787,.T.);
#1094=ORIENTED_EDGE('',*,*,#788,.F.);
#1095=ORIENTED_EDGE('',*,*,#787,.F.);
#1096=ORIENTED_EDGE('',*,*,#788,.T.);
#1097=ORIENTED_EDGE('',*,*,#789,.T.);
#1098=ORIENTED_EDGE('',*,*,#783,.F.);
#1099=ORIENTED_EDGE('',*,*,#789,.F.);
#1100=ORIENTED_EDGE('',*,*,#790,.F.);
#1101=ORIENTED_EDGE('',*,*,#791,.F.);
#1102=ORIENTED_EDGE('',*,*,#792,.F.);
#1103=ORIENTED_EDGE('',*,*,#777,.F.);
#1104=ORIENTED_EDGE('',*,*,#792,.T.);
#1105=ORIENTED_EDGE('',*,*,#793,.F.);
#1106=ORIENTED_EDGE('',*,*,#794,.F.);
#1107=ORIENTED_EDGE('',*,*,#778,.F.);
#1108=ORIENTED_EDGE('',*,*,#790,.T.);
#1109=ORIENTED_EDGE('',*,*,#776,.F.);
#1110=ORIENTED_EDGE('',*,*,#795,.T.);
#1111=ORIENTED_EDGE('',*,*,#796,.F.);
#1112=ORIENTED_EDGE('',*,*,#779,.F.);
#1113=ORIENTED_EDGE('',*,*,#794,.T.);
#1114=ORIENTED_EDGE('',*,*,#797,.F.);
#1115=ORIENTED_EDGE('',*,*,#798,.F.);
#1116=ORIENTED_EDGE('',*,*,#775,.F.);
#1117=ORIENTED_EDGE('',*,*,#799,.F.);
#1118=ORIENTED_EDGE('',*,*,#800,.F.);
#1119=ORIENTED_EDGE('',*,*,#795,.F.);
#1120=ORIENTED_EDGE('',*,*,#798,.T.);
#1121=ORIENTED_EDGE('',*,*,#801,.F.);
#1122=ORIENTED_EDGE('',*,*,#802,.F.);
#1123=ORIENTED_EDGE('',*,*,#780,.F.);
#1124=ORIENTED_EDGE('',*,*,#771,.T.);
#1125=ORIENTED_EDGE('',*,*,#803,.T.);
#1126=ORIENTED_EDGE('',*,*,#804,.T.);
#1127=ORIENTED_EDGE('',*,*,#801,.T.);
#1128=ORIENTED_EDGE('',*,*,#797,.T.);
#1129=ORIENTED_EDGE('',*,*,#793,.T.);
#1130=ORIENTED_EDGE('',*,*,#791,.T.);
#1131=ORIENTED_EDGE('',*,*,#796,.T.);
#1132=ORIENTED_EDGE('',*,*,#800,.T.);
#1133=ORIENTED_EDGE('',*,*,#805,.T.);
#1134=ORIENTED_EDGE('',*,*,#806,.T.);
#1135=ORIENTED_EDGE('',*,*,#784,.T.);
#1136=ORIENTED_EDGE('',*,*,#764,.T.);
#1137=ORIENTED_EDGE('',*,*,#737,.T.);
#1138=ORIENTED_EDGE('',*,*,#759,.T.);
#1139=ORIENTED_EDGE('',*,*,#760,.T.);
#1140=ORIENTED_EDGE('',*,*,#754,.T.);
#1141=ORIENTED_EDGE('',*,*,#755,.T.);
#1142=ORIENTED_EDGE('',*,*,#743,.T.);
#1143=ORIENTED_EDGE('',*,*,#762,.T.);
#1144=ORIENTED_EDGE('',*,*,#748,.T.);
#1145=ORIENTED_EDGE('',*,*,#739,.T.);
#1146=ORIENTED_EDGE('',*,*,#729,.T.);
#1147=ORIENTED_EDGE('',*,*,#747,.T.);
#1148=ORIENTED_EDGE('',*,*,#731,.T.);
#1149=ORIENTED_EDGE('',*,*,#767,.T.);
#1150=ORIENTED_EDGE('',*,*,#786,.T.);
#1151=ORIENTED_EDGE('',*,*,#802,.T.);
#1152=ORIENTED_EDGE('',*,*,#804,.F.);
#1153=ORIENTED_EDGE('',*,*,#807,.F.);
#1154=ORIENTED_EDGE('',*,*,#781,.F.);
#1155=ORIENTED_EDGE('',*,*,#808,.F.);
#1156=ORIENTED_EDGE('',*,*,#773,.F.);
#1157=ORIENTED_EDGE('',*,*,#785,.T.);
#1158=ORIENTED_EDGE('',*,*,#806,.F.);
#1159=ORIENTED_EDGE('',*,*,#770,.T.);
#1160=ORIENTED_EDGE('',*,*,#782,.F.);
#1161=ORIENTED_EDGE('',*,*,#807,.T.);
#1162=ORIENTED_EDGE('',*,*,#803,.F.);
#1163=ORIENTED_EDGE('',*,*,#799,.T.);
#1164=ORIENTED_EDGE('',*,*,#774,.F.);
#1165=ORIENTED_EDGE('',*,*,#808,.T.);
#1166=ORIENTED_EDGE('',*,*,#805,.F.);
#1167=PLANE('',#1302);
#1168=PLANE('',#1303);
#1169=PLANE('',#1304);
#1170=PLANE('',#1305);
#1171=PLANE('',#1306);
#1172=PLANE('',#1307);
#1173=PLANE('',#1308);
#1174=PLANE('',#1309);
#1175=PLANE('',#1310);
#1176=PLANE('',#1311);
#1177=PLANE('',#1312);
#1178=PLANE('',#1313);
#1179=PLANE('',#1314);
#1180=PLANE('',#1315);
#1181=PLANE('',#1316);
#1182=PLANE('',#1317);
#1183=PLANE('',#1318);
#1184=PLANE('',#1319);
#1185=PLANE('',#1320);
#1186=PLANE('',#1321);
#1187=PLANE('',#1322);
#1188=PLANE('',#1323);
#1189=PLANE('',#1324);
#1190=PLANE('',#1325);
#1191=PLANE('',#1326);
#1192=PLANE('',#1327);
#1193=PLANE('',#1328);
#1194=PLANE('',#1329);
#1195=PLANE('',#1330);
#1196=PLANE('',#1331);
#1197=PLANE('',#1332);
#1198=PLANE('',#1333);
#1199=PLANE('',#1334);
#1200=PLANE('',#1335);
#1201=PLANE('',#1336);
#1202=PLANE('',#1337);
#1203=PLANE('',#1353);
#1204=PLANE('',#1354);
#1205=PLANE('',#1358);
#1206=PLANE('',#1359);
#1207=PLANE('',#1360);
#1208=PLANE('',#1361);
#1209=PLANE('',#1362);
#1210=PLANE('',#1363);
#1211=PLANE('',#1364);
#1212=PLANE('',#1365);
#1213=PLANE('',#1370);
#1214=PLANE('',#1377);
#1215=PLANE('',#1378);
#1216=PLANE('',#1379);
#1217=PLANE('',#1380);
#1218=PLANE('',#1381);
#1219=PLANE('',#1382);
#1220=PLANE('',#1387);
#1221=PLANE('',#1388);
#1222=ADVANCED_FACE('',(#55),#1167,.F.);
#1223=ADVANCED_FACE('',(#56,#47),#1168,.F.);
#1224=ADVANCED_FACE('',(#57),#1169,.F.);
#1225=ADVANCED_FACE('',(#58),#1170,.F.);
#1226=ADVANCED_FACE('',(#59),#1171,.F.);
#1227=ADVANCED_FACE('',(#60),#1172,.F.);
#1228=ADVANCED_FACE('',(#61),#1173,.T.);
#1229=ADVANCED_FACE('',(#62),#1174,.F.);
#1230=ADVANCED_FACE('',(#63),#1175,.T.);
#1231=ADVANCED_FACE('',(#64),#1176,.F.);
#1232=ADVANCED_FACE('',(#65),#1177,.F.);
#1233=ADVANCED_FACE('',(#66),#1178,.F.);
#1234=ADVANCED_FACE('',(#67),#1179,.F.);
#1235=ADVANCED_FACE('',(#68),#1180,.F.);
#1236=ADVANCED_FACE('',(#69),#1181,.F.);
#1237=ADVANCED_FACE('',(#70),#1182,.F.);
#1238=ADVANCED_FACE('',(#71),#1183,.T.);
#1239=ADVANCED_FACE('',(#72),#1184,.F.);
#1240=ADVANCED_FACE('',(#73),#1185,.F.);
#1241=ADVANCED_FACE('',(#74,#48),#1186,.F.);
#1242=ADVANCED_FACE('',(#75),#1187,.F.);
#1243=ADVANCED_FACE('',(#76),#1188,.F.);
#1244=ADVANCED_FACE('',(#77),#1189,.F.);
#1245=ADVANCED_FACE('',(#78),#1190,.F.);
#1246=ADVANCED_FACE('',(#79),#1191,.T.);
#1247=ADVANCED_FACE('',(#80),#1192,.F.);
#1248=ADVANCED_FACE('',(#81),#1193,.T.);
#1249=ADVANCED_FACE('',(#82),#1194,.F.);
#1250=ADVANCED_FACE('',(#83),#1195,.F.);
#1251=ADVANCED_FACE('',(#84),#1196,.F.);
#1252=ADVANCED_FACE('',(#85),#1197,.F.);
#1253=ADVANCED_FACE('',(#86),#1198,.F.);
#1254=ADVANCED_FACE('',(#87),#1199,.F.);
#1255=ADVANCED_FACE('',(#88),#1200,.F.);
#1256=ADVANCED_FACE('',(#89),#1201,.T.);
#1257=ADVANCED_FACE('',(#90),#1202,.F.);
#1258=ADVANCED_FACE('',(#91),#37,.T.);
#1259=ADVANCED_FACE('',(#92),#38,.T.);
#1260=ADVANCED_FACE('',(#93),#39,.T.);
#1261=ADVANCED_FACE('',(#94),#40,.T.);
#1262=ADVANCED_FACE('',(#95),#41,.T.);
#1263=ADVANCED_FACE('',(#96),#1203,.F.);
#1264=ADVANCED_FACE('',(#97),#1204,.F.);
#1265=ADVANCED_FACE('',(#98),#42,.T.);
#1266=ADVANCED_FACE('',(#99),#1205,.F.);
#1267=ADVANCED_FACE('',(#100),#1206,.F.);
#1268=ADVANCED_FACE('',(#101),#1207,.F.);
#1269=ADVANCED_FACE('',(#102),#1208,.F.);
#1270=ADVANCED_FACE('',(#103),#1209,.T.);
#1271=ADVANCED_FACE('',(#104),#1210,.T.);
#1272=ADVANCED_FACE('',(#105),#1211,.T.);
#1273=ADVANCED_FACE('',(#106,#49,#50,#51,#52),#1212,.T.);
#1274=ADVANCED_FACE('',(#107),#1213,.F.);
#1275=ADVANCED_FACE('',(#108),#15,.F.);
#1276=ADVANCED_FACE('',(#109),#43,.F.);
#1277=ADVANCED_FACE('',(#110),#44,.T.);
#1278=ADVANCED_FACE('',(#111),#1214,.T.);
#1279=ADVANCED_FACE('',(#112),#1215,.T.);
#1280=ADVANCED_FACE('',(#113),#1216,.T.);
#1281=ADVANCED_FACE('',(#114),#1217,.T.);
#1282=ADVANCED_FACE('',(#115),#1218,.F.);
#1283=ADVANCED_FACE('',(#116,#53,#54),#1219,.F.);
#1284=ADVANCED_FACE('',(#117),#45,.T.);
#1285=ADVANCED_FACE('',(#118),#46,.T.);
#1286=ADVANCED_FACE('',(#119),#1220,.F.);
#1287=ADVANCED_FACE('',(#120),#1221,.F.);
#1288=CLOSED_SHELL('',(#1222,#1223,#1224,#1225,#1226,#1227,#1228,#1229,
#1230,#1231,#1232,#1233,#1234,#1235,#1236,#1237,#1238,#1239,#1240,#1241,
#1242,#1243,#1244,#1245,#1246,#1247,#1248,#1249,#1250,#1251,#1252,#1253,
#1254,#1255,#1256,#1257,#1258,#1259,#1260,#1261,#1262,#1263,#1264,#1265,
#1266,#1267,#1268,#1269,#1270,#1271,#1272,#1273,#1274,#1275,#1276,#1277,
#1278,#1279,#1280,#1281,#1282,#1283,#1284,#1285,#1286,#1287));
#1289=DERIVED_UNIT_ELEMENT(#1291,1.);
#1290=DERIVED_UNIT_ELEMENT(#2093,-3.);
#1291=(
MASS_UNIT()
NAMED_UNIT(*)
SI_UNIT(.KILO.,.GRAM.)
);
#1292=DERIVED_UNIT((#1289,#1290));
#1293=MEASURE_REPRESENTATION_ITEM('density measure',
POSITIVE_RATIO_MEASURE(7850.),#1292);
#1294=PROPERTY_DEFINITION_REPRESENTATION(#1299,#1296);
#1295=PROPERTY_DEFINITION_REPRESENTATION(#1300,#1297);
#1296=REPRESENTATION('material name',(#1298),#2090);
#1297=REPRESENTATION('density',(#1293),#2090);
#1298=DESCRIPTIVE_REPRESENTATION_ITEM('Steel','Steel');
#1299=PROPERTY_DEFINITION('material property','material name',#2100);
#1300=PROPERTY_DEFINITION('material property','density of part',#2100);
#1301=AXIS2_PLACEMENT_3D('',#1723,#1389,#1390);
#1302=AXIS2_PLACEMENT_3D('',#1724,#1391,#1392);
#1303=AXIS2_PLACEMENT_3D('',#1741,#1401,#1402);
#1304=AXIS2_PLACEMENT_3D('',#1758,#1411,#1412);
#1305=AXIS2_PLACEMENT_3D('',#1764,#1416,#1417);
#1306=AXIS2_PLACEMENT_3D('',#1773,#1423,#1424);
#1307=AXIS2_PLACEMENT_3D('',#1782,#1430,#1431);
#1308=AXIS2_PLACEMENT_3D('',#1785,#1434,#1435);
#1309=AXIS2_PLACEMENT_3D('',#1786,#1436,#1437);
#1310=AXIS2_PLACEMENT_3D('',#1787,#1438,#1439);
#1311=AXIS2_PLACEMENT_3D('',#1794,#1444,#1445);
#1312=AXIS2_PLACEMENT_3D('',#1795,#1446,#1447);
#1313=AXIS2_PLACEMENT_3D('',#1801,#1451,#1452);
#1314=AXIS2_PLACEMENT_3D('',#1805,#1455,#1456);
#1315=AXIS2_PLACEMENT_3D('',#1809,#1459,#1460);
#1316=AXIS2_PLACEMENT_3D('',#1813,#1463,#1464);
#1317=AXIS2_PLACEMENT_3D('',#1815,#1466,#1467);
#1318=AXIS2_PLACEMENT_3D('',#1819,#1470,#1471);
#1319=AXIS2_PLACEMENT_3D('',#1820,#1472,#1473);
#1320=AXIS2_PLACEMENT_3D('',#1822,#1475,#1476);
#1321=AXIS2_PLACEMENT_3D('',#1839,#1485,#1486);
#1322=AXIS2_PLACEMENT_3D('',#1856,#1495,#1496);
#1323=AXIS2_PLACEMENT_3D('',#1862,#1500,#1501);
#1324=AXIS2_PLACEMENT_3D('',#1871,#1507,#1508);
#1325=AXIS2_PLACEMENT_3D('',#1880,#1514,#1515);
#1326=AXIS2_PLACEMENT_3D('',#1883,#1518,#1519);
#1327=AXIS2_PLACEMENT_3D('',#1884,#1520,#1521);
#1328=AXIS2_PLACEMENT_3D('',#1885,#1522,#1523);
#1329=AXIS2_PLACEMENT_3D('',#1892,#1528,#1529);
#1330=AXIS2_PLACEMENT_3D('',#1893,#1530,#1531);
#1331=AXIS2_PLACEMENT_3D('',#1899,#1535,#1536);
#1332=AXIS2_PLACEMENT_3D('',#1903,#1539,#1540);
#1333=AXIS2_PLACEMENT_3D('',#1907,#1543,#1544);
#1334=AXIS2_PLACEMENT_3D('',#1911,#1547,#1548);
#1335=AXIS2_PLACEMENT_3D('',#1913,#1550,#1551);
#1336=AXIS2_PLACEMENT_3D('',#1917,#1554,#1555);
#1337=AXIS2_PLACEMENT_3D('',#1918,#1556,#1557);
#1338=AXIS2_PLACEMENT_3D('',#1920,#1559,#1560);
#1339=AXIS2_PLACEMENT_3D('',#1925,#1562,#1563);
#1340=AXIS2_PLACEMENT_3D('',#1928,#1565,#1566);
#1341=AXIS2_PLACEMENT_3D('',#1929,#1567,#1568);
#1342=AXIS2_PLACEMENT_3D('',#1934,#1570,#1571);
#1343=AXIS2_PLACEMENT_3D('',#1937,#1573,#1574);
#1344=AXIS2_PLACEMENT_3D('',#1938,#1575,#1576);
#1345=AXIS2_PLACEMENT_3D('',#1943,#1578,#1579);
#1346=AXIS2_PLACEMENT_3D('',#1946,#1581,#1582);
#1347=AXIS2_PLACEMENT_3D('',#1947,#1583,#1584);
#1348=AXIS2_PLACEMENT_3D('',#1952,#1586,#1587);
#1349=AXIS2_PLACEMENT_3D('',#1955,#1589,#1590);
#1350=AXIS2_PLACEMENT_3D('',#1956,#1591,#1592);
#1351=AXIS2_PLACEMENT_3D('',#1961,#1594,#1595);
#1352=AXIS2_PLACEMENT_3D('',#1964,#1597,#1598);
#1353=AXIS2_PLACEMENT_3D('',#1965,#1599,#1600);
#1354=AXIS2_PLACEMENT_3D('',#1968,#1603,#1604);
#1355=AXIS2_PLACEMENT_3D('',#1974,#1608,#1609);
#1356=AXIS2_PLACEMENT_3D('',#1979,#1611,#1612);
#1357=AXIS2_PLACEMENT_3D('',#1982,#1614,#1615);
#1358=AXIS2_PLACEMENT_3D('',#1983,#1616,#1617);
#1359=AXIS2_PLACEMENT_3D('',#1986,#1620,#1621);
#1360=AXIS2_PLACEMENT_3D('',#1992,#1625,#1626);
#1361=AXIS2_PLACEMENT_3D('',#1995,#1629,#1630);
#1362=AXIS2_PLACEMENT_3D('',#1998,#1633,#1634);
#1363=AXIS2_PLACEMENT_3D('',#2004,#1638,#1639);
#1364=AXIS2_PLACEMENT_3D('',#2007,#1642,#1643);
#1365=AXIS2_PLACEMENT_3D('',#2013,#1647,#1648);
#1366=AXIS2_PLACEMENT_3D('',#2017,#1650,#1651);
#1367=AXIS2_PLACEMENT_3D('',#2025,#1655,#1656);
#1368=AXIS2_PLACEMENT_3D('',#2033,#1660,#1661);
#1369=AXIS2_PLACEMENT_3D('',#2036,#1663,#1664);
#1370=AXIS2_PLACEMENT_3D('',#2037,#1665,#1666);
#1371=AXIS2_PLACEMENT_3D('',#2041,#1669,#1670);
#1372=AXIS2_PLACEMENT_3D('',#2043,#1671,#1672);
#1373=AXIS2_PLACEMENT_3D('',#2046,#1674,#1675);
#1374=AXIS2_PLACEMENT_3D('',#2047,#1676,#1677);
#1375=AXIS2_PLACEMENT_3D('',#2049,#1679,#1680);
#1376=AXIS2_PLACEMENT_3D('',#2053,#1682,#1683);
#1377=AXIS2_PLACEMENT_3D('',#2055,#1685,#1686);
#1378=AXIS2_PLACEMENT_3D('',#2059,#1689,#1690);
#1379=AXIS2_PLACEMENT_3D('',#2063,#1693,#1694);
#1380=AXIS2_PLACEMENT_3D('',#2067,#1697,#1698);
#1381=AXIS2_PLACEMENT_3D('',#2071,#1701,#1702);
#1382=AXIS2_PLACEMENT_3D('',#2075,#1705,#1706);
#1383=AXIS2_PLACEMENT_3D('',#2078,#1708,#1709);
#1384=AXIS2_PLACEMENT_3D('',#2081,#1711,#1712);
#1385=AXIS2_PLACEMENT_3D('',#2082,#1713,#1714);
#1386=AXIS2_PLACEMENT_3D('',#2084,#1716,#1717);
#1387=AXIS2_PLACEMENT_3D('',#2086,#1719,#1720);
#1388=AXIS2_PLACEMENT_3D('',#2087,#1721,#1722);
#1389=DIRECTION('axis',(0.,0.,1.));
#1390=DIRECTION('refdir',(1.,0.,0.));
#1391=DIRECTION('center_axis',(3.51842845256724E-17,-0.17364817766693,-0.984807753012208));
#1392=DIRECTION('ref_axis',(-4.02158212363673E-16,0.984807753012208,-0.17364817766693));
#1393=DIRECTION('',(-4.02158212363673E-16,0.984807753012208,-0.17364817766693));
#1394=DIRECTION('',(1.,4.02158212363673E-16,-3.51842845256725E-17));
#1395=DIRECTION('',(4.02158212363673E-16,-0.984807753012208,0.17364817766693));
#1396=DIRECTION('',(1.,4.02158212363673E-16,-3.51842845256725E-17));
#1397=DIRECTION('',(-4.02158212363673E-16,0.984807753012208,-0.17364817766693));
#1398=DIRECTION('',(1.,4.02158212363673E-16,-3.51842845256725E-17));
#1399=DIRECTION('',(-4.02158212363673E-16,0.984807753012208,-0.17364817766693));
#1400=DIRECTION('',(1.,4.02158212363673E-16,-3.51842845256725E-17));
#1401=DIRECTION('center_axis',(4.02158212363673E-16,-0.984807753012208,
0.17364817766693));
#1402=DIRECTION('ref_axis',(1.,4.02158212363673E-16,-3.51842845256725E-17));
#1403=DIRECTION('',(1.,4.02158212363673E-16,-3.51842845256725E-17));
#1404=DIRECTION('',(-3.51842845256724E-17,0.17364817766693,0.984807753012208));
#1405=DIRECTION('',(1.,4.02158212363673E-16,-3.51842845256725E-17));
#1406=DIRECTION('',(3.51842845256724E-17,-0.17364817766693,-0.984807753012208));
#1407=DIRECTION('',(-3.51842845256724E-17,0.17364817766693,0.984807753012208));
#1408=DIRECTION('',(-1.,-4.02158212363673E-16,3.51842845256725E-17));
#1409=DIRECTION('',(3.51842845256724E-17,-0.17364817766693,-0.984807753012208));
#1410=DIRECTION('',(1.,4.02158212363673E-16,-3.51842845256725E-17));
#1411=DIRECTION('center_axis',(-3.51842845256724E-17,0.17364817766693,0.984807753012208));
#1412=DIRECTION('ref_axis',(4.02158212363673E-16,-0.984807753012208,0.17364817766693));
#1413=DIRECTION('',(-4.02158212363673E-16,0.984807753012208,-0.17364817766693));
#1414=DIRECTION('',(4.02158212363673E-16,-0.984807753012208,0.17364817766693));
#1415=DIRECTION('',(-1.,-4.02158212363673E-16,3.51842845256725E-17));
#1416=DIRECTION('center_axis',(-1.,-4.02158212363673E-16,3.51842845256725E-17));
#1417=DIRECTION('ref_axis',(4.02158212363673E-16,-0.984807753012208,0.17364817766693));
#1418=DIRECTION('',(-4.02158212363673E-16,0.984807753012208,-0.17364817766693));
#1419=DIRECTION('',(3.51842845256724E-17,-0.17364817766693,-0.984807753012208));
#1420=DIRECTION('',(3.51842845256724E-17,-0.17364817766693,-0.984807753012208));
#1421=DIRECTION('',(-4.02158212363673E-16,0.984807753012208,-0.17364817766693));
#1422=DIRECTION('',(3.51842845256724E-17,-0.17364817766693,-0.984807753012208));
#1423=DIRECTION('center_axis',(1.,4.02158212363673E-16,-3.51842845256725E-17));
#1424=DIRECTION('ref_axis',(-4.02158212363673E-16,0.984807753012208,-0.17364817766693));
#1425=DIRECTION('',(-3.51842845256724E-17,0.17364817766693,0.984807753012208));
#1426=DIRECTION('',(4.02158212363673E-16,-0.984807753012208,0.17364817766693));
#1427=DIRECTION('',(-3.51842845256724E-17,0.17364817766693,0.984807753012208));
#1428=DIRECTION('',(-3.51842845256724E-17,0.17364817766693,0.984807753012208));
#1429=DIRECTION('',(-4.02158212363673E-16,0.984807753012208,-0.17364817766693));
#1430=DIRECTION('center_axis',(3.51842845256724E-17,-0.17364817766693,-0.984807753012208));
#1431=DIRECTION('ref_axis',(-4.02158212363673E-16,0.984807753012208,-0.17364817766693));
#1432=DIRECTION('',(1.,4.02158212363673E-16,-3.51842845256725E-17));
#1433=DIRECTION('',(1.,4.02158212363673E-16,-3.51842845256725E-17));
#1434=DIRECTION('center_axis',(4.02158212363673E-16,-0.984807753012208,
0.17364817766693));
#1435=DIRECTION('ref_axis',(1.,4.02158212363673E-16,-3.51842845256725E-17));
#1436=DIRECTION('center_axis',(4.02158212363673E-16,-0.984807753012208,
0.17364817766693));
#1437=DIRECTION('ref_axis',(1.,4.02158212363673E-16,-3.51842845256725E-17));
#1438=DIRECTION('center_axis',(4.02158212363673E-16,-0.984807753012208,
0.17364817766693));
#1439=DIRECTION('ref_axis',(1.,4.02158212363673E-16,-3.51842845256725E-17));
#1440=DIRECTION('',(-3.51842845256724E-17,0.17364817766693,0.984807753012208));
#1441=DIRECTION('',(1.,4.02158212363673E-16,-3.51842845256725E-17));
#1442=DIRECTION('',(3.51842845256724E-17,-0.17364817766693,-0.984807753012208));
#1443=DIRECTION('',(-1.,-4.02158212363673E-16,3.51842845256725E-17));
#1444=DIRECTION('center_axis',(3.51842845256724E-17,-0.17364817766693,-0.984807753012208));
#1445=DIRECTION('ref_axis',(-4.02158212363673E-16,0.984807753012208,-0.17364817766693));
#1446=DIRECTION('center_axis',(-3.51842845256724E-17,0.17364817766693,0.984807753012208));
#1447=DIRECTION('ref_axis',(4.02158212363673E-16,-0.984807753012208,0.17364817766693));
#1448=DIRECTION('',(-4.02158212363673E-16,0.984807753012208,-0.17364817766693));
#1449=DIRECTION('',(-1.,-4.02158212363673E-16,3.51842845256725E-17));
#1450=DIRECTION('',(-4.02158212363673E-16,0.984807753012208,-0.17364817766693));
#1451=DIRECTION('center_axis',(-1.,-4.02158212363673E-16,3.51842845256725E-17));
#1452=DIRECTION('ref_axis',(4.02158212363673E-16,-0.984807753012208,0.17364817766693));
#1453=DIRECTION('',(-4.02158212363673E-16,0.984807753012208,-0.17364817766693));
#1454=DIRECTION('',(-3.51842845256724E-17,0.17364817766693,0.984807753012208));
#1455=DIRECTION('center_axis',(-1.,-4.02158212363673E-16,3.51842845256725E-17));
#1456=DIRECTION('ref_axis',(4.02158212363673E-16,-0.984807753012208,0.17364817766693));
#1457=DIRECTION('',(3.51842845256724E-17,-0.17364817766693,-0.984807753012208));
#1458=DIRECTION('',(-4.02158212363673E-16,0.984807753012208,-0.17364817766693));
#1459=DIRECTION('center_axis',(3.51842845256724E-17,-0.17364817766693,-0.984807753012208));
#1460=DIRECTION('ref_axis',(-4.02158212363673E-16,0.984807753012208,-0.17364817766693));
#1461=DIRECTION('',(-4.02158212363673E-16,0.984807753012208,-0.17364817766693));
#1462=DIRECTION('',(-1.,-4.02158212363673E-16,3.51842845256725E-17));
#1463=DIRECTION('center_axis',(1.,4.02158212363673E-16,-3.51842845256725E-17));
#1464=DIRECTION('ref_axis',(-4.02158212363673E-16,0.984807753012208,-0.17364817766693));
#1465=DIRECTION('',(3.51842845256724E-17,-0.17364817766693,-0.984807753012208));
#1466=DIRECTION('center_axis',(1.,4.02158212363673E-16,-3.51842845256725E-17));
#1467=DIRECTION('ref_axis',(-4.02158212363673E-16,0.984807753012208,-0.17364817766693));
#1468=DIRECTION('',(-4.02158212363673E-16,0.984807753012208,-0.17364817766693));
#1469=DIRECTION('',(-3.51842845256724E-17,0.17364817766693,0.984807753012208));
#1470=DIRECTION('center_axis',(4.02158212363673E-16,-0.984807753012208,
0.17364817766693));
#1471=DIRECTION('ref_axis',(1.,4.02158212363673E-16,-3.51842845256725E-17));
#1472=DIRECTION('center_axis',(3.51842845256724E-17,-0.17364817766693,-0.984807753012208));
#1473=DIRECTION('ref_axis',(-4.02158212363673E-16,0.984807753012208,-0.17364817766693));
#1474=DIRECTION('',(1.,4.02158212363673E-16,-3.51842845256725E-17));
#1475=DIRECTION('center_axis',(3.51842845256724E-17,-0.17364817766693,-0.984807753012208));
#1476=DIRECTION('ref_axis',(-4.02158212363673E-16,0.984807753012208,-0.17364817766693));
#1477=DIRECTION('',(-4.02158212363673E-16,0.984807753012208,-0.17364817766693));
#1478=DIRECTION('',(1.,4.02158212363673E-16,-3.51842845256725E-17));
#1479=DIRECTION('',(4.02158212363673E-16,-0.984807753012208,0.17364817766693));
#1480=DIRECTION('',(1.,4.02158212363673E-16,-3.51842845256725E-17));
#1481=DIRECTION('',(-4.02158212363673E-16,0.984807753012208,-0.17364817766693));
#1482=DIRECTION('',(1.,4.02158212363673E-16,-3.51842845256725E-17));
#1483=DIRECTION('',(-4.02158212363673E-16,0.984807753012208,-0.17364817766693));
#1484=DIRECTION('',(1.,4.02158212363673E-16,-3.51842845256725E-17));
#1485=DIRECTION('center_axis',(4.02158212363673E-16,-0.984807753012208,
0.17364817766693));
#1486=DIRECTION('ref_axis',(1.,4.02158212363673E-16,-3.51842845256725E-17));
#1487=DIRECTION('',(1.,4.02158212363673E-16,-3.51842845256725E-17));
#1488=DIRECTION('',(-3.51842845256724E-17,0.17364817766693,0.984807753012208));
#1489=DIRECTION('',(1.,4.02158212363673E-16,-3.51842845256725E-17));
#1490=DIRECTION('',(3.51842845256724E-17,-0.17364817766693,-0.984807753012208));
#1491=DIRECTION('',(-3.51842845256724E-17,0.17364817766693,0.984807753012208));
#1492=DIRECTION('',(-1.,-4.02158212363673E-16,3.51842845256725E-17));
#1493=DIRECTION('',(3.51842845256724E-17,-0.17364817766693,-0.984807753012208));
#1494=DIRECTION('',(1.,4.02158212363673E-16,-3.51842845256725E-17));
#1495=DIRECTION('center_axis',(-3.51842845256724E-17,0.17364817766693,0.984807753012208));
#1496=DIRECTION('ref_axis',(4.02158212363673E-16,-0.984807753012208,0.17364817766693));
#1497=DIRECTION('',(-4.02158212363673E-16,0.984807753012208,-0.17364817766693));
#1498=DIRECTION('',(4.02158212363673E-16,-0.984807753012208,0.17364817766693));
#1499=DIRECTION('',(-1.,-4.02158212363673E-16,3.51842845256725E-17));
#1500=DIRECTION('center_axis',(-1.,-4.02158212363673E-16,3.51842845256725E-17));
#1501=DIRECTION('ref_axis',(4.02158212363673E-16,-0.984807753012208,0.17364817766693));
#1502=DIRECTION('',(-4.02158212363673E-16,0.984807753012208,-0.17364817766693));
#1503=DIRECTION('',(3.51842845256724E-17,-0.17364817766693,-0.984807753012208));
#1504=DIRECTION('',(3.51842845256724E-17,-0.17364817766693,-0.984807753012208));
#1505=DIRECTION('',(-4.02158212363673E-16,0.984807753012208,-0.17364817766693));
#1506=DIRECTION('',(3.51842845256724E-17,-0.17364817766693,-0.984807753012208));
#1507=DIRECTION('center_axis',(1.,4.02158212363673E-16,-3.51842845256725E-17));
#1508=DIRECTION('ref_axis',(-4.02158212363673E-16,0.984807753012208,-0.17364817766693));
#1509=DIRECTION('',(-3.51842845256724E-17,0.17364817766693,0.984807753012208));
#1510=DIRECTION('',(4.02158212363673E-16,-0.984807753012208,0.17364817766693));
#1511=DIRECTION('',(-3.51842845256724E-17,0.17364817766693,0.984807753012208));
#1512=DIRECTION('',(-3.51842845256724E-17,0.17364817766693,0.984807753012208));
#1513=DIRECTION('',(-4.02158212363673E-16,0.984807753012208,-0.17364817766693));
#1514=DIRECTION('center_axis',(3.51842845256724E-17,-0.17364817766693,-0.984807753012208));
#1515=DIRECTION('ref_axis',(-4.02158212363673E-16,0.984807753012208,-0.17364817766693));
#1516=DIRECTION('',(1.,4.02158212363673E-16,-3.51842845256725E-17));
#1517=DIRECTION('',(1.,4.02158212363673E-16,-3.51842845256725E-17));
#1518=DIRECTION('center_axis',(4.02158212363673E-16,-0.984807753012208,
0.17364817766693));
#1519=DIRECTION('ref_axis',(1.,4.02158212363673E-16,-3.51842845256725E-17));
#1520=DIRECTION('center_axis',(4.02158212363673E-16,-0.984807753012208,
0.17364817766693));
#1521=DIRECTION('ref_axis',(1.,4.02158212363673E-16,-3.51842845256725E-17));
#1522=DIRECTION('center_axis',(4.02158212363673E-16,-0.984807753012208,
0.17364817766693));
#1523=DIRECTION('ref_axis',(1.,4.02158212363673E-16,-3.51842845256725E-17));
#1524=DIRECTION('',(-3.51842845256724E-17,0.17364817766693,0.984807753012208));
#1525=DIRECTION('',(1.,4.02158212363673E-16,-3.51842845256725E-17));
#1526=DIRECTION('',(3.51842845256724E-17,-0.17364817766693,-0.984807753012208));
#1527=DIRECTION('',(-1.,-4.02158212363673E-16,3.51842845256725E-17));
#1528=DIRECTION('center_axis',(3.51842845256724E-17,-0.17364817766693,-0.984807753012208));
#1529=DIRECTION('ref_axis',(-4.02158212363673E-16,0.984807753012208,-0.17364817766693));
#1530=DIRECTION('center_axis',(-3.51842845256724E-17,0.17364817766693,0.984807753012208));
#1531=DIRECTION('ref_axis',(4.02158212363673E-16,-0.984807753012208,0.17364817766693));
#1532=DIRECTION('',(-4.02158212363673E-16,0.984807753012208,-0.17364817766693));
#1533=DIRECTION('',(-1.,-4.02158212363673E-16,3.51842845256725E-17));
#1534=DIRECTION('',(-4.02158212363673E-16,0.984807753012208,-0.17364817766693));
#1535=DIRECTION('center_axis',(-1.,-4.02158212363673E-16,3.51842845256725E-17));
#1536=DIRECTION('ref_axis',(4.02158212363673E-16,-0.984807753012208,0.17364817766693));
#1537=DIRECTION('',(-4.02158212363673E-16,0.984807753012208,-0.17364817766693));
#1538=DIRECTION('',(-3.51842845256724E-17,0.17364817766693,0.984807753012208));
#1539=DIRECTION('center_axis',(-1.,-4.02158212363673E-16,3.51842845256725E-17));
#1540=DIRECTION('ref_axis',(4.02158212363673E-16,-0.984807753012208,0.17364817766693));
#1541=DIRECTION('',(3.51842845256724E-17,-0.17364817766693,-0.984807753012208));
#1542=DIRECTION('',(-4.02158212363673E-16,0.984807753012208,-0.17364817766693));
#1543=DIRECTION('center_axis',(3.51842845256724E-17,-0.17364817766693,-0.984807753012208));
#1544=DIRECTION('ref_axis',(-4.02158212363673E-16,0.984807753012208,-0.17364817766693));
#1545=DIRECTION('',(-4.02158212363673E-16,0.984807753012208,-0.17364817766693));
#1546=DIRECTION('',(-1.,-4.02158212363673E-16,3.51842845256725E-17));
#1547=DIRECTION('center_axis',(1.,4.02158212363673E-16,-3.51842845256725E-17));
#1548=DIRECTION('ref_axis',(-4.02158212363673E-16,0.984807753012208,-0.17364817766693));
#1549=DIRECTION('',(3.51842845256724E-17,-0.17364817766693,-0.984807753012208));
#1550=DIRECTION('center_axis',(1.,4.02158212363673E-16,-3.51842845256725E-17));
#1551=DIRECTION('ref_axis',(-4.02158212363673E-16,0.984807753012208,-0.17364817766693));
#1552=DIRECTION('',(-4.02158212363673E-16,0.984807753012208,-0.17364817766693));
#1553=DIRECTION('',(-3.51842845256724E-17,0.17364817766693,0.984807753012208));
#1554=DIRECTION('center_axis',(4.02158212363673E-16,-0.984807753012208,
0.17364817766693));
#1555=DIRECTION('ref_axis',(1.,4.02158212363673E-16,-3.51842845256725E-17));
#1556=DIRECTION('center_axis',(3.51842845256724E-17,-0.17364817766693,-0.984807753012208));
#1557=DIRECTION('ref_axis',(-4.02158212363673E-16,0.984807753012208,-0.17364817766693));
#1558=DIRECTION('',(1.,4.02158212363673E-16,-3.51842845256725E-17));
#1559=DIRECTION('center_axis',(4.02158212363673E-16,-0.984807753012208,
0.17364817766693));
#1560=DIRECTION('ref_axis',(1.,4.02158212363673E-16,-3.51842845256725E-17));
#1561=DIRECTION('',(-4.02158212363673E-16,0.984807753012208,-0.17364817766693));
#1562=DIRECTION('center_axis',(4.02158212363673E-16,-0.984807753012208,
0.17364817766693));
#1563=DIRECTION('ref_axis',(1.,4.02158212363673E-16,-3.51842845256725E-17));
#1564=DIRECTION('',(4.02158212363673E-16,-0.984807753012208,0.17364817766693));
#1565=DIRECTION('center_axis',(-4.02158212363673E-16,0.984807753012208,
-0.17364817766693));
#1566=DIRECTION('ref_axis',(1.,4.02158212363673E-16,-3.51842845256725E-17));
#1567=DIRECTION('center_axis',(4.02158212363673E-16,-0.984807753012208,
0.17364817766693));
#1568=DIRECTION('ref_axis',(1.,4.02158212363673E-16,-3.51842845256725E-17));
#1569=DIRECTION('',(4.02158212363673E-16,-0.984807753012208,0.17364817766693));
#1570=DIRECTION('center_axis',(-4.02158212363673E-16,0.984807753012208,
-0.17364817766693));
#1571=DIRECTION('ref_axis',(1.,4.02158212363673E-16,-3.51842845256725E-17));
#1572=DIRECTION('',(-4.02158212363673E-16,0.984807753012208,-0.17364817766693));
#1573=DIRECTION('center_axis',(4.02158212363673E-16,-0.984807753012208,
0.17364817766693));
#1574=DIRECTION('ref_axis',(1.,4.02158212363673E-16,-3.51842845256725E-17));
#1575=DIRECTION('center_axis',(4.02158212363673E-16,-0.984807753012208,
0.17364817766693));
#1576=DIRECTION('ref_axis',(1.,4.02158212363673E-16,-3.51842845256725E-17));
#1577=DIRECTION('',(-4.02158212363673E-16,0.984807753012208,-0.17364817766693));
#1578=DIRECTION('center_axis',(4.02158212363673E-16,-0.984807753012208,
0.17364817766693));
#1579=DIRECTION('ref_axis',(1.,4.02158212363673E-16,-3.51842845256725E-17));
#1580=DIRECTION('',(4.02158212363673E-16,-0.984807753012208,0.17364817766693));
#1581=DIRECTION('center_axis',(-4.02158212363673E-16,0.984807753012208,
-0.17364817766693));
#1582=DIRECTION('ref_axis',(1.,4.02158212363673E-16,-3.51842845256725E-17));
#1583=DIRECTION('center_axis',(4.02158212363673E-16,-0.984807753012208,
0.17364817766693));
#1584=DIRECTION('ref_axis',(1.,4.02158212363673E-16,-3.51842845256725E-17));
#1585=DIRECTION('',(4.02158212363673E-16,-0.984807753012208,0.17364817766693));
#1586=DIRECTION('center_axis',(-4.02158212363673E-16,0.984807753012208,
-0.17364817766693));
#1587=DIRECTION('ref_axis',(1.,4.02158212363673E-16,-3.51842845256725E-17));
#1588=DIRECTION('',(-4.02158212363673E-16,0.984807753012208,-0.17364817766693));
#1589=DIRECTION('center_axis',(4.02158212363673E-16,-0.984807753012208,
0.17364817766693));
#1590=DIRECTION('ref_axis',(1.,4.02158212363673E-16,-3.51842845256725E-17));
#1591=DIRECTION('center_axis',(4.02158212363673E-16,-0.984807753012208,
0.17364817766693));
#1592=DIRECTION('ref_axis',(1.,4.02158212363673E-16,-3.51842845256725E-17));
#1593=DIRECTION('',(-4.02158212363673E-16,0.984807753012208,-0.17364817766693));
#1594=DIRECTION('center_axis',(-4.02158212363673E-16,0.984807753012208,
-0.17364817766693));
#1595=DIRECTION('ref_axis',(1.,4.02158212363673E-16,-3.51842845256725E-17));
#1596=DIRECTION('',(-4.02158212363673E-16,0.984807753012208,-0.17364817766693));
#1597=DIRECTION('center_axis',(4.02158212363673E-16,-0.984807753012208,
0.17364817766693));
#1598=DIRECTION('ref_axis',(1.,4.02158212363673E-16,-3.51842845256725E-17));
#1599=DIRECTION('center_axis',(-3.51842845256724E-17,0.17364817766693,0.984807753012208));
#1600=DIRECTION('ref_axis',(4.02158212363673E-16,-0.984807753012208,0.17364817766693));
#1601=DIRECTION('',(1.,4.02158212363673E-16,-3.51842845256725E-17));
#1602=DIRECTION('',(-1.,-4.02158212363673E-16,3.51842845256725E-17));
#1603=DIRECTION('center_axis',(-3.51842845256724E-17,0.17364817766693,0.984807753012208));
#1604=DIRECTION('ref_axis',(4.02158212363673E-16,-0.984807753012208,0.17364817766693));
#1605=DIRECTION('',(-1.,-4.02158212363673E-16,3.51842845256725E-17));
#1606=DIRECTION('',(-4.02158212363673E-16,0.984807753012208,-0.17364817766693));
#1607=DIRECTION('',(1.,4.02158212363673E-16,-3.51842845256725E-17));
#1608=DIRECTION('center_axis',(4.02158212363673E-16,-0.984807753012208,
0.17364817766693));
#1609=DIRECTION('ref_axis',(1.,4.02158212363673E-16,-3.51842845256725E-17));
#1610=DIRECTION('',(-4.02158212363673E-16,0.984807753012208,-0.17364817766693));
#1611=DIRECTION('center_axis',(4.02158212363673E-16,-0.984807753012208,
0.17364817766693));
#1612=DIRECTION('ref_axis',(1.,4.02158212363673E-16,-3.51842845256725E-17));
#1613=DIRECTION('',(-4.02158212363673E-16,0.984807753012208,-0.17364817766693));
#1614=DIRECTION('center_axis',(-4.02158212363673E-16,0.984807753012208,
-0.17364817766693));
#1615=DIRECTION('ref_axis',(1.,4.02158212363673E-16,-3.51842845256725E-17));
#1616=DIRECTION('center_axis',(3.51842845256724E-17,-0.17364817766693,-0.984807753012208));
#1617=DIRECTION('ref_axis',(-4.02158212363673E-16,0.984807753012208,-0.17364817766693));
#1618=DIRECTION('',(1.,4.02158212363673E-16,-3.51842845256725E-17));
#1619=DIRECTION('',(-1.,-4.02158212363673E-16,3.51842845256725E-17));
#1620=DIRECTION('center_axis',(-3.51842845256724E-17,0.17364817766693,0.984807753012208));
#1621=DIRECTION('ref_axis',(4.02158212363673E-16,-0.984807753012208,0.17364817766693));
#1622=DIRECTION('',(1.,4.02158212363673E-16,-3.51842845256725E-17));
#1623=DIRECTION('',(-4.02158212363673E-16,0.984807753012208,-0.17364817766693));
#1624=DIRECTION('',(-1.,-4.02158212363673E-16,3.51842845256725E-17));
#1625=DIRECTION('center_axis',(1.,4.02158212363673E-16,-3.51842845256725E-17));
#1626=DIRECTION('ref_axis',(-4.02158212363673E-16,0.984807753012208,-0.17364817766693));
#1627=DIRECTION('',(-3.51842845256724E-17,0.17364817766693,0.984807753012208));
#1628=DIRECTION('',(3.51842845256724E-17,-0.17364817766693,-0.984807753012208));
#1629=DIRECTION('center_axis',(-1.,-4.02158212363673E-16,3.51842845256725E-17));
#1630=DIRECTION('ref_axis',(4.02158212363673E-16,-0.984807753012208,0.17364817766693));
#1631=DIRECTION('',(3.51842845256724E-17,-0.17364817766693,-0.984807753012208));
#1632=DIRECTION('',(-3.51842845256724E-17,0.17364817766693,0.984807753012208));
#1633=DIRECTION('center_axis',(-3.51842845256724E-17,0.17364817766693,0.984807753012208));
#1634=DIRECTION('ref_axis',(4.02158212363673E-16,-0.984807753012208,0.17364817766693));
#1635=DIRECTION('',(1.,4.02158212363673E-16,-3.51842845256725E-17));
#1636=DIRECTION('',(-4.02158212363673E-16,0.984807753012208,-0.17364817766693));
#1637=DIRECTION('',(-1.,-4.02158212363673E-16,3.51842845256725E-17));
#1638=DIRECTION('center_axis',(-3.51842845256724E-17,0.17364817766693,0.984807753012208));
#1639=DIRECTION('ref_axis',(4.02158212363673E-16,-0.984807753012208,0.17364817766693));
#1640=DIRECTION('',(1.,4.02158212363673E-16,-3.51842845256725E-17));
#1641=DIRECTION('',(-1.,-4.02158212363673E-16,3.51842845256725E-17));
#1642=DIRECTION('center_axis',(-3.51842845256724E-17,0.17364817766693,0.984807753012208));
#1643=DIRECTION('ref_axis',(4.02158212363673E-16,-0.984807753012208,0.17364817766693));
#1644=DIRECTION('',(-1.,-4.02158212363673E-16,3.51842845256725E-17));
#1645=DIRECTION('',(4.02158212363673E-16,-0.984807753012208,0.17364817766693));
#1646=DIRECTION('',(1.,4.02158212363673E-16,-3.51842845256725E-17));
#1647=DIRECTION('center_axis',(4.02158212363673E-16,-0.984807753012208,
0.17364817766693));
#1648=DIRECTION('ref_axis',(1.,4.02158212363673E-16,-3.51842845256725E-17));
#1649=DIRECTION('',(3.51842845256724E-17,-0.17364817766693,-0.984807753012208));
#1650=DIRECTION('center_axis',(4.02158212363673E-16,-0.984807753012208,
0.17364817766693));
#1651=DIRECTION('ref_axis',(1.,4.02158212363673E-16,-3.51842845256725E-17));
#1652=DIRECTION('',(1.,4.02158212363673E-16,-3.51842845256725E-17));
#1653=DIRECTION('',(-3.51842845256724E-17,0.17364817766693,0.984807753012208));
#1654=DIRECTION('',(1.,4.02158212363673E-16,-3.51842845256725E-17));
#1655=DIRECTION('center_axis',(4.02158212363673E-16,-0.984807753012208,
0.17364817766693));
#1656=DIRECTION('ref_axis',(1.,4.02158212363673E-16,-3.51842845256725E-17));
#1657=DIRECTION('',(1.,4.02158212363673E-16,-3.51842845256725E-17));
#1658=DIRECTION('',(3.51842845256724E-17,-0.17364817766693,-0.984807753012208));
#1659=DIRECTION('',(1.,4.02158212363673E-16,-3.51842845256725E-17));
#1660=DIRECTION('center_axis',(4.02158212363673E-16,-0.984807753012208,
0.17364817766693));
#1661=DIRECTION('ref_axis',(1.,4.02158212363673E-16,-3.51842845256725E-17));
#1662=DIRECTION('',(-3.51842845256724E-17,0.17364817766693,0.984807753012208));
#1663=DIRECTION('center_axis',(-4.02158212363673E-16,0.984807753012208,
-0.17364817766693));
#1664=DIRECTION('ref_axis',(1.,4.02158212363673E-16,-3.51842845256725E-17));
#1665=DIRECTION('center_axis',(1.,4.02158212363673E-16,-3.51842845256725E-17));
#1666=DIRECTION('ref_axis',(-4.02158212363673E-16,0.984807753012208,-0.17364817766693));
#1667=DIRECTION('',(-3.51842845256724E-17,0.17364817766693,0.984807753012208));
#1668=DIRECTION('',(-4.02158212363673E-16,0.984807753012208,-0.17364817766693));
#1669=DIRECTION('center_axis',(-4.02158212363673E-16,0.984807753012208,
-0.17364817766693));
#1670=DIRECTION('ref_axis',(1.,4.02158212363673E-16,-3.51842845256725E-17));
#1671=DIRECTION('center_axis',(4.02158212363673E-16,-0.984807753012208,
0.17364817766693));
#1672=DIRECTION('ref_axis',(1.,4.02158212363673E-16,-3.51842845256725E-17));
#1673=DIRECTION('',(0.707106781186547,-0.696364240320019,0.122787803968973));
#1674=DIRECTION('center_axis',(-4.02158212363673E-16,0.984807753012208,
-0.17364817766693));
#1675=DIRECTION('ref_axis',(1.,4.02158212363673E-16,-3.51842845256725E-17));
#1676=DIRECTION('center_axis',(4.02158212363673E-16,-0.984807753012208,
0.17364817766693));
#1677=DIRECTION('ref_axis',(1.,4.02158212363673E-16,-3.51842845256725E-17));
#1678=DIRECTION('',(4.02158212363673E-16,-0.984807753012208,0.17364817766693));
#1679=DIRECTION('center_axis',(4.02158212363673E-16,-0.984807753012208,
0.17364817766693));
#1680=DIRECTION('ref_axis',(-1.48512735346431E-16,-0.17364817766693,-0.984807753012208));
#1681=DIRECTION('',(4.02158212363673E-16,-0.984807753012208,0.17364817766693));
#1682=DIRECTION('center_axis',(-4.02158212363673E-16,0.984807753012208,
-0.17364817766693));
#1683=DIRECTION('ref_axis',(1.,4.02158212363673E-16,-3.51842845256725E-17));
#1684=DIRECTION('',(-4.02158212363673E-16,0.984807753012208,-0.17364817766693));
#1685=DIRECTION('center_axis',(3.51842845256724E-17,-0.17364817766693,-0.984807753012208));
#1686=DIRECTION('ref_axis',(-4.02158212363673E-16,0.984807753012208,-0.17364817766693));
#1687=DIRECTION('',(-1.,-4.02158212363673E-16,3.51842845256725E-17));
#1688=DIRECTION('',(-4.02158212363673E-16,0.984807753012208,-0.17364817766693));
#1689=DIRECTION('center_axis',(3.51842845256724E-17,-0.17364817766693,-0.984807753012208));
#1690=DIRECTION('ref_axis',(-4.02158212363673E-16,0.984807753012208,-0.17364817766693));
#1691=DIRECTION('',(-4.02158212363673E-16,0.984807753012208,-0.17364817766693));
#1692=DIRECTION('',(-1.,-4.02158212363673E-16,3.51842845256725E-17));
#1693=DIRECTION('center_axis',(-1.,-4.02158212363673E-16,3.51842845256725E-17));
#1694=DIRECTION('ref_axis',(4.02158212363673E-16,-0.984807753012208,0.17364817766693));
#1695=DIRECTION('',(-3.51842845256724E-17,0.17364817766693,0.984807753012208));
#1696=DIRECTION('',(-4.02158212363673E-16,0.984807753012208,-0.17364817766693));
#1697=DIRECTION('center_axis',(1.,4.02158212363673E-16,-3.51842845256725E-17));
#1698=DIRECTION('ref_axis',(-4.02158212363673E-16,0.984807753012208,-0.17364817766693));
#1699=DIRECTION('',(4.02158212363673E-16,-0.984807753012208,0.17364817766693));
#1700=DIRECTION('',(3.51842845256724E-17,-0.17364817766693,-0.984807753012208));
#1701=DIRECTION('center_axis',(-3.51842845256724E-17,0.17364817766693,0.984807753012208));
#1702=DIRECTION('ref_axis',(4.02158212363673E-16,-0.984807753012208,0.17364817766693));
#1703=DIRECTION('',(-1.,-4.02158212363673E-16,3.51842845256725E-17));
#1704=DIRECTION('',(-4.02158212363673E-16,0.984807753012208,-0.17364817766693));
#1705=DIRECTION('center_axis',(4.02158212363673E-16,-0.984807753012208,
0.17364817766693));
#1706=DIRECTION('ref_axis',(1.,4.02158212363673E-16,-3.51842845256725E-17));
#1707=DIRECTION('',(3.51842845256724E-17,-0.17364817766693,-0.984807753012208));
#1708=DIRECTION('center_axis',(-4.02158212363673E-16,0.984807753012208,
-0.17364817766693));
#1709=DIRECTION('ref_axis',(1.,4.02158212363673E-16,-3.51842845256725E-17));
#1710=DIRECTION('',(-1.,-4.02158212363673E-16,3.51842845256725E-17));
#1711=DIRECTION('center_axis',(-4.02158212363673E-16,0.984807753012208,
-0.17364817766693));
#1712=DIRECTION('ref_axis',(1.,4.02158212363673E-16,-3.51842845256725E-17));
#1713=DIRECTION('center_axis',(4.02158212363673E-16,-0.984807753012208,
0.17364817766693));
#1714=DIRECTION('ref_axis',(1.,4.02158212363673E-16,-3.51842845256725E-17));
#1715=DIRECTION('',(-4.02158212363673E-16,0.984807753012208,-0.17364817766693));
#1716=DIRECTION('center_axis',(4.02158212363673E-16,-0.984807753012208,
0.17364817766693));
#1717=DIRECTION('ref_axis',(1.,4.02158212363673E-16,-3.51842845256725E-17));
#1718=DIRECTION('',(-4.02158212363673E-16,0.984807753012208,-0.17364817766693));
#1719=DIRECTION('center_axis',(-1.,-4.02158212363673E-16,3.51842845256725E-17));
#1720=DIRECTION('ref_axis',(4.02158212363673E-16,-0.984807753012208,0.17364817766693));
#1721=DIRECTION('center_axis',(-3.51842845256724E-17,0.17364817766693,0.984807753012208));
#1722=DIRECTION('ref_axis',(4.02158212363673E-16,-0.984807753012208,0.17364817766693));
#1723=CARTESIAN_POINT('',(0.,0.,0.));
#1724=CARTESIAN_POINT('Origin',(47.8,195.564198738686,-65.2838634128083));
#1725=CARTESIAN_POINT('',(50.3,196.046754537662,-65.3689510198651));
#1726=CARTESIAN_POINT('',(50.3,196.091070886548,-65.3767651878601));
#1727=CARTESIAN_POINT('',(50.3,195.830096831999,-65.3307484207783));
#1728=CARTESIAN_POINT('',(45.3,196.046754537662,-65.3689510198651));
#1729=CARTESIAN_POINT('',(47.8,196.046754537662,-65.3689510198651));
#1730=CARTESIAN_POINT('',(45.3,196.091070886548,-65.3767651878601));
#1731=CARTESIAN_POINT('',(45.3,195.830096831999,-65.3307484207783));
#1732=CARTESIAN_POINT('',(44.2,196.091070886548,-65.3767651878601));
#1733=CARTESIAN_POINT('',(47.8,196.091070886548,-65.3767651878601));
#1734=CARTESIAN_POINT('',(44.2,194.515378481728,-65.098928103593));
#1735=CARTESIAN_POINT('',(44.2,195.564198738686,-65.2838634128083));
#1736=CARTESIAN_POINT('',(51.4,194.515378481728,-65.098928103593));
#1737=CARTESIAN_POINT('',(47.8,194.515378481728,-65.098928103593));
#1738=CARTESIAN_POINT('',(51.4,196.091070886548,-65.3767651878601));
#1739=CARTESIAN_POINT('',(51.4,195.564198738686,-65.2838634128083));
#1740=CARTESIAN_POINT('',(47.8,196.091070886548,-65.3767651878601));
#1741=CARTESIAN_POINT('Origin',(47.8,196.060280482026,-65.5744213311732));
#1742=CARTESIAN_POINT('',(51.4,195.747713762226,-67.3470752865952));
#1743=CARTESIAN_POINT('',(44.2,195.747713762226,-67.3470752865952));
#1744=CARTESIAN_POINT('',(47.8,195.747713762226,-67.3470752865952));
#1745=CARTESIAN_POINT('',(44.2,196.22524625081,-64.6388539658116));
#1746=CARTESIAN_POINT('',(44.2,196.06896289091,-65.5251809435226));
#1747=CARTESIAN_POINT('',(51.4,196.22524625081,-64.6388539658116));
#1748=CARTESIAN_POINT('',(47.8,196.22524625081,-64.6388539658116));
#1749=CARTESIAN_POINT('',(51.4,196.06896289091,-65.5251809435226));
#1750=CARTESIAN_POINT('',(45.3,195.860585077709,-66.7069502471372));
#1751=CARTESIAN_POINT('',(45.3,196.207881433043,-64.7373347411128));
#1752=CARTESIAN_POINT('',(45.3,196.047256868701,-65.6482819126491));
#1753=CARTESIAN_POINT('',(50.3,195.860585077709,-66.7069502471372));
#1754=CARTESIAN_POINT('',(47.8,195.860585077709,-66.7069502471372));
#1755=CARTESIAN_POINT('',(50.3,196.207881433043,-64.7373347411128));
#1756=CARTESIAN_POINT('',(50.3,196.047256868701,-65.6482819126491));
#1757=CARTESIAN_POINT('',(47.8,196.207881433043,-64.7373347411128));
#1758=CARTESIAN_POINT('Origin',(47.8,195.216902383352,-67.2534789188327));
#1759=CARTESIAN_POINT('',(44.2,192.518529140099,-66.7776829120253));
#1760=CARTESIAN_POINT('',(44.2,195.187358150762,-67.2482694735027));
#1761=CARTESIAN_POINT('',(51.4,192.518529140099,-66.7776829120253));
#1762=CARTESIAN_POINT('',(51.4,195.187358150762,-67.2482694735027));
#1763=CARTESIAN_POINT('',(47.8,192.518529140099,-66.7776829120253));
#1764=CARTESIAN_POINT('Origin',(51.4,195.487745455739,-65.3719252974495));
#1765=CARTESIAN_POINT('',(51.4,196.221307019798,-64.638159373101));
#1766=CARTESIAN_POINT('',(51.4,195.635346406756,-64.5348387073891));
#1767=CARTESIAN_POINT('',(51.4,196.075876671002,-65.4629358662487));
#1768=CARTESIAN_POINT('',(51.4,194.801897974879,-63.4739953111228));
#1769=CARTESIAN_POINT('',(51.4,194.559224646589,-64.8502641459574));
#1770=CARTESIAN_POINT('',(51.4,193.152344988583,-63.1831346135307));
#1771=CARTESIAN_POINT('',(51.4,195.530655712108,-63.6024949625964));
#1772=CARTESIAN_POINT('',(51.4,192.88536091542,-64.697276533787));
#1773=CARTESIAN_POINT('Origin',(44.2,195.487745455739,-65.3719252974495));
#1774=CARTESIAN_POINT('',(44.2,193.152344988583,-63.1831346135307));
#1775=CARTESIAN_POINT('',(44.2,192.88536091542,-64.697276533787));
#1776=CARTESIAN_POINT('',(44.2,194.801897974879,-63.4739953111228));
#1777=CARTESIAN_POINT('',(44.2,195.530655712108,-63.6024949625964));
#1778=CARTESIAN_POINT('',(44.2,194.559224646589,-64.8502641459574));
#1779=CARTESIAN_POINT('',(44.2,196.221307019798,-64.638159373101));
#1780=CARTESIAN_POINT('',(44.2,196.075876671002,-65.4629358662487));
#1781=CARTESIAN_POINT('',(44.2,195.635346406756,-64.5348387073891));
#1782=CARTESIAN_POINT('Origin',(47.8,195.269681657559,-63.5564781955146));
#1783=CARTESIAN_POINT('',(47.8,194.801897974879,-63.4739953111229));
#1784=CARTESIAN_POINT('',(47.8,193.152344988583,-63.1831346135307));
#1785=CARTESIAN_POINT('Origin',(47.8,192.922261153174,-64.4880048862719));
#1786=CARTESIAN_POINT('Origin',(47.8,194.620435629217,-64.5031194130206));
#1787=CARTESIAN_POINT('Origin',(47.8,196.078047273223,-65.450625769336));
#1788=CARTESIAN_POINT('',(50.3,196.203942202031,-64.7366401484022));
#1789=CARTESIAN_POINT('',(50.3,196.054170648793,-65.5860368353752));
#1790=CARTESIAN_POINT('',(47.8,196.221307019798,-64.638159373101));
#1791=CARTESIAN_POINT('',(45.3,196.203942202031,-64.7366401484022));
#1792=CARTESIAN_POINT('',(45.3,196.054170648793,-65.5860368353752));
#1793=CARTESIAN_POINT('',(47.8,196.203942202031,-64.7366401484022));
#1794=CARTESIAN_POINT('Origin',(47.8,195.635346406756,-64.5348387073891));
#1795=CARTESIAN_POINT('Origin',(47.8,195.861569885462,-66.7071238953149));
#1796=CARTESIAN_POINT('',(45.3,195.861569885462,-66.7071238953149));
#1797=CARTESIAN_POINT('',(45.3,195.861569885462,-66.7071238953149));
#1798=CARTESIAN_POINT('',(50.3,195.861569885462,-66.7071238953149));
#1799=CARTESIAN_POINT('',(37.1,195.861569885462,-66.7071238953149));
#1800=CARTESIAN_POINT('',(50.3,195.861569885462,-66.7071238953149));
#1801=CARTESIAN_POINT('Origin',(50.3,196.035218063129,-65.7223161423027));
#1802=CARTESIAN_POINT('',(50.3,196.159625853146,-64.7288259804071));
#1803=CARTESIAN_POINT('',(50.3,196.208866240796,-64.7375083892905));
#1804=CARTESIAN_POINT('',(50.3,195.985977675479,-65.7136337334194));
#1805=CARTESIAN_POINT('Origin',(50.3,196.035218063129,-65.7223161423027));
#1806=CARTESIAN_POINT('',(50.3,196.208866240796,-64.7375083892905));
#1807=CARTESIAN_POINT('',(50.3,193.013739771725,-82.8579710447151));
#1808=CARTESIAN_POINT('',(50.3,196.208866240796,-64.7375083892905));
#1809=CARTESIAN_POINT('Origin',(47.8,196.208866240796,-64.7375083892905));
#1810=CARTESIAN_POINT('',(45.3,196.159625853146,-64.7288259804071));
#1811=CARTESIAN_POINT('',(45.3,196.208866240796,-64.7375083892905));
#1812=CARTESIAN_POINT('',(47.8,196.159625853146,-64.7288259804071));
#1813=CARTESIAN_POINT('Origin',(45.3,196.035218063129,-65.7223161423027));
#1814=CARTESIAN_POINT('',(45.3,195.985977675479,-65.7136337334194));
#1815=CARTESIAN_POINT('Origin',(45.3,196.035218063129,-65.7223161423027));
#1816=CARTESIAN_POINT('',(45.3,196.208866240796,-64.7375083892905));
#1817=CARTESIAN_POINT('',(45.3,196.208866240796,-64.7375083892905));
#1818=CARTESIAN_POINT('',(45.3,193.013739771725,-82.8579710447151));
#1819=CARTESIAN_POINT('Origin',(47.8,195.985977675479,-65.7136337334194));
#1820=CARTESIAN_POINT('Origin',(47.8,196.208866240796,-64.7375083892905));
#1821=CARTESIAN_POINT('',(37.1,196.208866240796,-64.7375083892905));
#1822=CARTESIAN_POINT('Origin',(4.99999999999998,195.564198738686,-65.2838634128083));
#1823=CARTESIAN_POINT('',(7.49999999999998,196.046754537662,-65.3689510198651));
#1824=CARTESIAN_POINT('',(7.49999999999998,196.091070886548,-65.3767651878601));
#1825=CARTESIAN_POINT('',(7.49999999999998,195.830096831999,-65.3307484207783));
#1826=CARTESIAN_POINT('',(2.49999999999998,196.046754537662,-65.3689510198651));
#1827=CARTESIAN_POINT('',(4.99999999999998,196.046754537662,-65.3689510198651));
#1828=CARTESIAN_POINT('',(2.49999999999998,196.091070886548,-65.3767651878601));
#1829=CARTESIAN_POINT('',(2.49999999999998,195.830096831999,-65.3307484207783));
#1830=CARTESIAN_POINT('',(1.39999999999998,196.091070886548,-65.3767651878601));
#1831=CARTESIAN_POINT('',(4.99999999999998,196.091070886548,-65.3767651878601));
#1832=CARTESIAN_POINT('',(1.39999999999998,194.515378481728,-65.098928103593));
#1833=CARTESIAN_POINT('',(1.39999999999998,195.564198738686,-65.2838634128083));
#1834=CARTESIAN_POINT('',(8.59999999999998,194.515378481728,-65.098928103593));
#1835=CARTESIAN_POINT('',(4.99999999999998,194.515378481728,-65.098928103593));
#1836=CARTESIAN_POINT('',(8.59999999999998,196.091070886548,-65.3767651878601));
#1837=CARTESIAN_POINT('',(8.59999999999998,195.564198738686,-65.2838634128083));
#1838=CARTESIAN_POINT('',(4.99999999999998,196.091070886548,-65.3767651878601));
#1839=CARTESIAN_POINT('Origin',(4.99999999999998,196.060280482026,-65.5744213311732));
#1840=CARTESIAN_POINT('',(8.59999999999998,195.747713762226,-67.3470752865952));
#1841=CARTESIAN_POINT('',(1.39999999999998,195.747713762226,-67.3470752865952));
#1842=CARTESIAN_POINT('',(4.99999999999998,195.747713762226,-67.3470752865952));
#1843=CARTESIAN_POINT('',(1.39999999999998,196.22524625081,-64.6388539658116));
#1844=CARTESIAN_POINT('',(1.39999999999998,196.06896289091,-65.5251809435226));
#1845=CARTESIAN_POINT('',(8.59999999999998,196.22524625081,-64.6388539658116));
#1846=CARTESIAN_POINT('',(4.99999999999998,196.22524625081,-64.6388539658116));
#1847=CARTESIAN_POINT('',(8.59999999999998,196.06896289091,-65.5251809435226));
#1848=CARTESIAN_POINT('',(2.49999999999998,195.860585077709,-66.7069502471372));
#1849=CARTESIAN_POINT('',(2.49999999999998,196.207881433043,-64.7373347411128));
#1850=CARTESIAN_POINT('',(2.49999999999998,196.047256868701,-65.6482819126491));
#1851=CARTESIAN_POINT('',(7.49999999999998,195.860585077709,-66.7069502471372));
#1852=CARTESIAN_POINT('',(4.99999999999998,195.860585077709,-66.7069502471372));
#1853=CARTESIAN_POINT('',(7.49999999999998,196.207881433043,-64.7373347411128));
#1854=CARTESIAN_POINT('',(7.49999999999998,196.047256868701,-65.6482819126491));
#1855=CARTESIAN_POINT('',(4.99999999999998,196.207881433043,-64.7373347411128));
#1856=CARTESIAN_POINT('Origin',(4.99999999999998,195.216902383352,-67.2534789188327));
#1857=CARTESIAN_POINT('',(1.39999999999998,192.518529140099,-66.7776829120253));
#1858=CARTESIAN_POINT('',(1.39999999999998,195.187358150762,-67.2482694735027));
#1859=CARTESIAN_POINT('',(8.59999999999998,192.518529140099,-66.7776829120253));
#1860=CARTESIAN_POINT('',(8.59999999999998,195.187358150762,-67.2482694735027));
#1861=CARTESIAN_POINT('',(4.99999999999998,192.518529140099,-66.7776829120253));
#1862=CARTESIAN_POINT('Origin',(8.59999999999998,195.487745455739,-65.3719252974495));
#1863=CARTESIAN_POINT('',(8.59999999999998,196.221307019798,-64.638159373101));
#1864=CARTESIAN_POINT('',(8.59999999999998,195.635346406756,-64.5348387073891));
#1865=CARTESIAN_POINT('',(8.59999999999998,196.075876671002,-65.4629358662487));
#1866=CARTESIAN_POINT('',(8.59999999999998,194.801897974879,-63.4739953111228));
#1867=CARTESIAN_POINT('',(8.59999999999998,194.559224646589,-64.8502641459574));
#1868=CARTESIAN_POINT('',(8.59999999999998,193.152344988583,-63.1831346135307));
#1869=CARTESIAN_POINT('',(8.59999999999998,195.530655712108,-63.6024949625964));
#1870=CARTESIAN_POINT('',(8.59999999999998,192.88536091542,-64.697276533787));
#1871=CARTESIAN_POINT('Origin',(1.39999999999998,195.487745455739,-65.3719252974495));
#1872=CARTESIAN_POINT('',(1.39999999999998,193.152344988583,-63.1831346135307));
#1873=CARTESIAN_POINT('',(1.39999999999998,192.88536091542,-64.697276533787));
#1874=CARTESIAN_POINT('',(1.39999999999998,194.801897974879,-63.4739953111228));
#1875=CARTESIAN_POINT('',(1.39999999999998,195.530655712108,-63.6024949625964));
#1876=CARTESIAN_POINT('',(1.39999999999998,194.559224646589,-64.8502641459574));
#1877=CARTESIAN_POINT('',(1.39999999999998,196.221307019798,-64.638159373101));
#1878=CARTESIAN_POINT('',(1.39999999999998,196.075876671002,-65.4629358662487));
#1879=CARTESIAN_POINT('',(1.39999999999998,195.635346406756,-64.5348387073891));
#1880=CARTESIAN_POINT('Origin',(4.99999999999998,195.269681657559,-63.5564781955146));
#1881=CARTESIAN_POINT('',(4.99999999999998,194.801897974879,-63.4739953111229));
#1882=CARTESIAN_POINT('',(4.99999999999998,193.152344988583,-63.1831346135307));
#1883=CARTESIAN_POINT('Origin',(4.99999999999998,192.922261153174,-64.4880048862719));
#1884=CARTESIAN_POINT('Origin',(4.99999999999998,194.620435629217,-64.5031194130206));
#1885=CARTESIAN_POINT('Origin',(4.99999999999998,196.078047273223,-65.450625769336));
#1886=CARTESIAN_POINT('',(7.49999999999998,196.203942202031,-64.7366401484022));
#1887=CARTESIAN_POINT('',(7.49999999999998,196.054170648793,-65.5860368353752));
#1888=CARTESIAN_POINT('',(4.99999999999998,196.221307019798,-64.638159373101));
#1889=CARTESIAN_POINT('',(2.49999999999998,196.203942202031,-64.7366401484022));
#1890=CARTESIAN_POINT('',(2.49999999999998,196.054170648793,-65.5860368353752));
#1891=CARTESIAN_POINT('',(4.99999999999998,196.203942202031,-64.7366401484022));
#1892=CARTESIAN_POINT('Origin',(4.99999999999998,195.635346406756,-64.5348387073891));
#1893=CARTESIAN_POINT('Origin',(4.99999999999998,195.861569885462,-66.7071238953149));
#1894=CARTESIAN_POINT('',(2.49999999999998,195.861569885462,-66.7071238953149));
#1895=CARTESIAN_POINT('',(2.49999999999998,195.861569885462,-66.7071238953149));
#1896=CARTESIAN_POINT('',(7.49999999999998,195.861569885462,-66.7071238953149));
#1897=CARTESIAN_POINT('',(15.7,195.861569885462,-66.7071238953149));
#1898=CARTESIAN_POINT('',(7.49999999999998,195.861569885462,-66.7071238953149));
#1899=CARTESIAN_POINT('Origin',(7.49999999999998,196.035218063129,-65.7223161423027));
#1900=CARTESIAN_POINT('',(7.49999999999998,196.159625853146,-64.7288259804071));
#1901=CARTESIAN_POINT('',(7.49999999999998,196.208866240796,-64.7375083892905));
#1902=CARTESIAN_POINT('',(7.49999999999998,195.985977675479,-65.7136337334194));
#1903=CARTESIAN_POINT('Origin',(7.49999999999998,196.035218063129,-65.7223161423027));
#1904=CARTESIAN_POINT('',(7.49999999999998,196.208866240796,-64.7375083892905));
#1905=CARTESIAN_POINT('',(7.49999999999998,193.013739771725,-82.8579710447151));
#1906=CARTESIAN_POINT('',(7.49999999999998,196.208866240796,-64.7375083892905));
#1907=CARTESIAN_POINT('Origin',(4.99999999999998,196.208866240796,-64.7375083892905));
#1908=CARTESIAN_POINT('',(2.49999999999998,196.159625853146,-64.7288259804071));
#1909=CARTESIAN_POINT('',(2.49999999999998,196.208866240796,-64.7375083892905));
#1910=CARTESIAN_POINT('',(4.99999999999998,196.159625853146,-64.7288259804071));
#1911=CARTESIAN_POINT('Origin',(2.49999999999998,196.035218063129,-65.7223161423027));
#1912=CARTESIAN_POINT('',(2.49999999999998,195.985977675479,-65.7136337334194));
#1913=CARTESIAN_POINT('Origin',(2.49999999999998,196.035218063129,-65.7223161423027));
#1914=CARTESIAN_POINT('',(2.49999999999998,196.208866240796,-64.7375083892905));
#1915=CARTESIAN_POINT('',(2.49999999999998,196.208866240796,-64.7375083892905));
#1916=CARTESIAN_POINT('',(2.49999999999998,193.013739771725,-82.8579710447151));
#1917=CARTESIAN_POINT('Origin',(4.99999999999998,195.985977675479,-65.7136337334194));
#1918=CARTESIAN_POINT('Origin',(4.99999999999998,196.208866240796,-64.7375083892905));
#1919=CARTESIAN_POINT('',(15.7,196.208866240796,-64.7375083892905));
#1920=CARTESIAN_POINT('Origin',(62.55,196.68712000099,-67.2080899687694));
#1921=CARTESIAN_POINT('',(60.3148268523445,195.453323019767,-69.0224069226466));
#1922=CARTESIAN_POINT('',(60.3148268523445,197.225976975189,-69.3349736424471));
#1923=CARTESIAN_POINT('',(60.3148268523445,196.339649997478,-69.1786902825469));
#1924=CARTESIAN_POINT('',(60.3139320225002,195.453496667945,-69.0214221148936));
#1925=CARTESIAN_POINT('Origin',(62.55,195.800793023279,-67.0518066088692));
#1926=CARTESIAN_POINT('',(60.3139320225002,197.226150623367,-69.3339888346941));
#1927=CARTESIAN_POINT('',(60.3139320225002,196.339823645656,-69.1777054747938));
#1928=CARTESIAN_POINT('Origin',(62.55,197.573446978701,-67.3643733286696));
#1929=CARTESIAN_POINT('Origin',(-9.75000000000002,196.68712000099,-67.2080899687694));
#1930=CARTESIAN_POINT('',(-7.51482685234457,197.225976975189,-69.3349736424471));
#1931=CARTESIAN_POINT('',(-7.51482685234457,195.453323019767,-69.0224069226466));
#1932=CARTESIAN_POINT('',(-7.51482685234457,196.339649997478,-69.1786902825469));
#1933=CARTESIAN_POINT('',(-7.51393202250024,197.226150623367,-69.3339888346941));
#1934=CARTESIAN_POINT('Origin',(-9.75000000000002,197.573446978701,-67.3643733286696));
#1935=CARTESIAN_POINT('',(-7.51393202250024,195.453496667945,-69.0214221148936));
#1936=CARTESIAN_POINT('',(-7.51393202250024,196.339823645656,-69.1777054747938));
#1937=CARTESIAN_POINT('Origin',(-9.75000000000002,195.800793023279,-67.0518066088692));
#1938=CARTESIAN_POINT('Origin',(-9.75000000000002,196.68712000099,-67.2080899687694));
#1939=CARTESIAN_POINT('',(-11.9851731476555,195.453323019767,-69.0224069226466));
#1940=CARTESIAN_POINT('',(-11.9851731476555,197.225976975189,-69.3349736424471));
#1941=CARTESIAN_POINT('',(-11.9851731476555,196.339649997478,-69.1786902825469));
#1942=CARTESIAN_POINT('',(-11.9860679774998,195.453496667945,-69.0214221148936));
#1943=CARTESIAN_POINT('Origin',(-9.75000000000002,195.800793023279,-67.0518066088692));
#1944=CARTESIAN_POINT('',(-11.9860679774998,197.226150623367,-69.3339888346941));
#1945=CARTESIAN_POINT('',(-11.9860679774998,196.339823645656,-69.1777054747938));
#1946=CARTESIAN_POINT('Origin',(-9.75000000000002,197.573446978701,-67.3643733286696));
#1947=CARTESIAN_POINT('Origin',(62.55,196.68712000099,-67.2080899687694));
#1948=CARTESIAN_POINT('',(64.7851731476554,197.225976975189,-69.3349736424471));
#1949=CARTESIAN_POINT('',(64.7851731476554,195.453323019767,-69.0224069226466));
#1950=CARTESIAN_POINT('',(64.7851731476554,196.339649997478,-69.1786902825469));
#1951=CARTESIAN_POINT('',(64.7860679774998,197.226150623367,-69.3339888346941));
#1952=CARTESIAN_POINT('Origin',(62.55,197.573446978701,-67.3643733286696));
#1953=CARTESIAN_POINT('',(64.7860679774998,195.453496667945,-69.0214221148936));
#1954=CARTESIAN_POINT('',(64.7860679774998,196.339823645656,-69.1777054747938));
#1955=CARTESIAN_POINT('Origin',(62.55,195.800793023279,-67.0518066088692));
#1956=CARTESIAN_POINT('Origin',(62.55,196.68712000099,-67.2080899687694));
#1957=CARTESIAN_POINT('',(65.55,195.800793023279,-67.0518066088692));
#1958=CARTESIAN_POINT('',(65.55,197.573446978701,-67.3643733286696));
#1959=CARTESIAN_POINT('',(65.55,196.68712000099,-67.2080899687694));
#1960=CARTESIAN_POINT('',(62.55,198.094391511702,-64.409950069633));
#1961=CARTESIAN_POINT('Origin',(62.55,197.573446978701,-67.3643733286696));
#1962=CARTESIAN_POINT('',(62.55,196.32173755628,-64.0973833498326));
#1963=CARTESIAN_POINT('',(62.55,197.208064533991,-64.2536667097328));
#1964=CARTESIAN_POINT('Origin',(62.55,195.800793023279,-67.0518066088692));
#1965=CARTESIAN_POINT('Origin',(26.4,196.339823645656,-69.1777054747938));
#1966=CARTESIAN_POINT('',(26.4,195.453496667945,-69.0214221148936));
#1967=CARTESIAN_POINT('',(26.4,197.226150623367,-69.3339888346941));
#1968=CARTESIAN_POINT('Origin',(26.4,196.339823645656,-69.1777054747938));
#1969=CARTESIAN_POINT('',(65.55,197.226150623367,-69.3339888346941));
#1970=CARTESIAN_POINT('',(26.4,197.226150623367,-69.3339888346941));
#1971=CARTESIAN_POINT('',(65.55,195.453496667945,-69.0214221148936));
#1972=CARTESIAN_POINT('',(65.55,196.339823645656,-69.1777054747938));
#1973=CARTESIAN_POINT('',(26.4,195.453496667945,-69.0214221148936));
#1974=CARTESIAN_POINT('Origin',(-9.75000000000002,196.68712000099,-67.2080899687694));
#1975=CARTESIAN_POINT('',(-12.75,195.800793023279,-67.0518066088692));
#1976=CARTESIAN_POINT('',(-12.75,197.573446978701,-67.3643733286696));
#1977=CARTESIAN_POINT('',(-12.75,196.68712000099,-67.2080899687694));
#1978=CARTESIAN_POINT('',(-9.75000000000001,196.32173755628,-64.0973833498326));
#1979=CARTESIAN_POINT('Origin',(-9.75000000000002,195.800793023279,-67.0518066088692));
#1980=CARTESIAN_POINT('',(-9.75000000000001,198.094391511702,-64.409950069633));
#1981=CARTESIAN_POINT('',(-9.75000000000001,197.208064533991,-64.2536667097328));
#1982=CARTESIAN_POINT('Origin',(-9.75000000000002,197.573446978701,-67.3643733286696));
#1983=CARTESIAN_POINT('Origin',(26.4,197.208064533991,-64.2536667097328));
#1984=CARTESIAN_POINT('',(26.4,198.094391511702,-64.409950069633));
#1985=CARTESIAN_POINT('',(26.4,196.32173755628,-64.0973833498326));
#1986=CARTESIAN_POINT('Origin',(26.4,196.339823645656,-69.1777054747938));
#1987=CARTESIAN_POINT('',(-12.75,195.453496667945,-69.0214221148936));
#1988=CARTESIAN_POINT('',(26.4,195.453496667945,-69.0214221148936));
#1989=CARTESIAN_POINT('',(-12.75,197.226150623367,-69.3339888346941));
#1990=CARTESIAN_POINT('',(-12.75,196.339823645656,-69.1777054747938));
#1991=CARTESIAN_POINT('',(26.4,197.226150623367,-69.3339888346941));
#1992=CARTESIAN_POINT('Origin',(-12.75,196.513471823323,-68.1928977217816));
#1993=CARTESIAN_POINT('',(-12.75,197.399798801034,-68.3491810816818));
#1994=CARTESIAN_POINT('',(-12.75,195.627144845612,-68.0366143618814));
#1995=CARTESIAN_POINT('Origin',(65.55,196.513471823323,-68.1928977217816));
#1996=CARTESIAN_POINT('',(65.55,197.399798801034,-68.3491810816818));
#1997=CARTESIAN_POINT('',(65.55,195.627144845612,-68.0366143618814));
#1998=CARTESIAN_POINT('Origin',(30.,195.079096073623,-68.9564206151332));
#1999=CARTESIAN_POINT('',(-12.75,197.225976975189,-69.3349736424471));
#2000=CARTESIAN_POINT('',(28.2,197.225976975189,-69.3349736424471));
#2001=CARTESIAN_POINT('',(-12.75,195.453323019767,-69.0224069226466));
#2002=CARTESIAN_POINT('',(-12.75,195.709373035551,-69.06755544884));
#2003=CARTESIAN_POINT('',(28.2,195.453323019767,-69.0224069226466));
#2004=CARTESIAN_POINT('Origin',(30.,195.079096073623,-68.9564206151332));
#2005=CARTESIAN_POINT('',(28.2,197.225976975189,-69.3349736424471));
#2006=CARTESIAN_POINT('',(28.2,195.453323019767,-69.0224069226466));
#2007=CARTESIAN_POINT('Origin',(30.,195.079096073623,-68.9564206151332));
#2008=CARTESIAN_POINT('',(65.55,195.453323019767,-69.0224069226466));
#2009=CARTESIAN_POINT('',(28.2,195.453323019767,-69.0224069226466));
#2010=CARTESIAN_POINT('',(65.55,197.225976975189,-69.3349736424471));
#2011=CARTESIAN_POINT('',(65.55,195.709373035551,-69.06755544884));
#2012=CARTESIAN_POINT('',(28.2,197.225976975189,-69.3349736424471));
#2013=CARTESIAN_POINT('Origin',(26.4,189.99226148032,-99.9936259471275));
#2014=CARTESIAN_POINT('',(-12.75,184.531026292695,-130.965829779361));
#2015=CARTESIAN_POINT('',(-12.75,189.99226148032,-99.9936259471275));
#2016=CARTESIAN_POINT('',(-9.75000000000002,184.010081759694,-133.920253038398));
#2017=CARTESIAN_POINT('Origin',(-9.75000000000002,184.531026292695,-130.965829779361));
#2018=CARTESIAN_POINT('',(17.79,184.010081759694,-133.920253038398));
#2019=CARTESIAN_POINT('',(26.4,184.010081759694,-133.920253038398));
#2020=CARTESIAN_POINT('',(17.79,184.011818241471,-133.910404960868));
#2021=CARTESIAN_POINT('',(17.79,186.660387071336,-118.889624708049));
#2022=CARTESIAN_POINT('',(23.709572524672,184.011818241471,-133.910404960868));
#2023=CARTESIAN_POINT('',(26.4,184.011818241471,-133.910404960868));
#2024=CARTESIAN_POINT('',(29.090427475328,184.011818241471,-133.910404960868));
#2025=CARTESIAN_POINT('Origin',(26.4,183.497819635577,-136.825435909784));
#2026=CARTESIAN_POINT('',(35.01,184.011818241471,-133.910404960868));
#2027=CARTESIAN_POINT('',(26.4,184.011818241471,-133.910404960868));
#2028=CARTESIAN_POINT('',(35.01,184.010081759694,-133.920253038398));
#2029=CARTESIAN_POINT('',(35.01,186.660387071336,-118.889624708049));
#2030=CARTESIAN_POINT('',(62.55,184.010081759694,-133.920253038398));
#2031=CARTESIAN_POINT('',(26.4,184.010081759694,-133.920253038398));
#2032=CARTESIAN_POINT('',(65.55,184.531026292695,-130.965829779361));
#2033=CARTESIAN_POINT('Origin',(62.55,184.531026292695,-130.965829779361));
#2034=CARTESIAN_POINT('',(65.55,189.99226148032,-99.9936259471275));
#2035=CARTESIAN_POINT('',(24.7,183.497819635577,-136.825435909784));
#2036=CARTESIAN_POINT('Origin',(26.4,183.497819635577,-136.825435909784));
#2037=CARTESIAN_POINT('Origin',(-12.75,190.878588458031,-100.149909307028));
#2038=CARTESIAN_POINT('',(-12.75,186.303680248117,-131.278396499162));
#2039=CARTESIAN_POINT('',(-12.75,191.764915435742,-100.306192666928));
#2040=CARTESIAN_POINT('',(-12.75,185.417353270406,-131.122113139262));
#2041=CARTESIAN_POINT('Origin',(26.4,184.630348551541,-137.025131314101));
#2042=CARTESIAN_POINT('',(23.3,185.270473590999,-137.138002629585));
#2043=CARTESIAN_POINT('Origin',(26.4,185.270473590999,-137.138002629585));
#2044=CARTESIAN_POINT('',(24.7,183.891742736782,-136.894895180851));
#2045=CARTESIAN_POINT('',(23.95,184.630348551541,-137.025131314101));
#2046=CARTESIAN_POINT('Origin',(26.4,183.891742736782,-136.894895180851));
#2047=CARTESIAN_POINT('Origin',(26.4,184.384146613288,-136.981719269684));
#2048=CARTESIAN_POINT('',(24.7,184.384146613288,-136.981719269684));
#2049=CARTESIAN_POINT('Origin',(26.4,184.384146613288,-136.981719269684));
#2050=CARTESIAN_POINT('',(23.709572524672,185.784472196893,-134.222971680668));
#2051=CARTESIAN_POINT('',(23.709572524672,184.898145219182,-134.066688320768));
#2052=CARTESIAN_POINT('',(29.090427475328,185.784472196893,-134.222971680668));
#2053=CARTESIAN_POINT('Origin',(26.4,185.270473590999,-137.138002629585));
#2054=CARTESIAN_POINT('',(29.090427475328,184.898145219182,-134.066688320768));
#2055=CARTESIAN_POINT('Origin',(26.4,184.893221180417,-134.06582007988));
#2056=CARTESIAN_POINT('',(35.01,185.784472196893,-134.222971680668));
#2057=CARTESIAN_POINT('',(26.4,185.784472196893,-134.222971680668));
#2058=CARTESIAN_POINT('',(35.01,184.893221180417,-134.06582007988));
#2059=CARTESIAN_POINT('Origin',(26.4,184.893221180417,-134.06582007988));
#2060=CARTESIAN_POINT('',(17.79,185.784472196893,-134.222971680668));
#2061=CARTESIAN_POINT('',(17.79,184.893221180417,-134.06582007988));
#2062=CARTESIAN_POINT('',(26.4,185.784472196893,-134.222971680668));
#2063=CARTESIAN_POINT('Origin',(35.01,184.209915601298,-137.941038587983));
#2064=CARTESIAN_POINT('',(35.01,185.782735715116,-134.232819758199));
#2065=CARTESIAN_POINT('',(35.01,188.433041026758,-119.20219142785));
#2066=CARTESIAN_POINT('',(35.01,184.893946718023,-134.076102277854));
#2067=CARTESIAN_POINT('Origin',(17.79,184.209915601298,-137.941038587983));
#2068=CARTESIAN_POINT('',(17.79,185.782735715116,-134.232819758199));
#2069=CARTESIAN_POINT('',(17.79,184.893946718023,-134.076102277854));
#2070=CARTESIAN_POINT('',(17.79,188.433041026758,-119.20219142785));
#2071=CARTESIAN_POINT('Origin',(26.4,184.896408737405,-134.076536398298));
#2072=CARTESIAN_POINT('',(62.55,185.782735715116,-134.232819758199));
#2073=CARTESIAN_POINT('',(26.4,185.782735715116,-134.232819758199));
#2074=CARTESIAN_POINT('',(62.55,184.896408737405,-134.076536398298));
#2075=CARTESIAN_POINT('Origin',(26.4,191.764915435742,-100.306192666928));
#2076=CARTESIAN_POINT('',(65.55,186.303680248117,-131.278396499162));
#2077=CARTESIAN_POINT('',(65.55,191.764915435742,-100.306192666928));
#2078=CARTESIAN_POINT('Origin',(62.55,186.303680248117,-131.278396499162));
#2079=CARTESIAN_POINT('',(-9.75000000000002,185.782735715116,-134.232819758199));
#2080=CARTESIAN_POINT('',(26.4,185.782735715116,-134.232819758199));
#2081=CARTESIAN_POINT('Origin',(-9.75000000000002,186.303680248117,-131.278396499162));
#2082=CARTESIAN_POINT('Origin',(62.55,185.417353270406,-131.122113139262));
#2083=CARTESIAN_POINT('',(65.55,185.417353270406,-131.122113139262));
#2084=CARTESIAN_POINT('Origin',(-9.75000000000002,185.417353270406,-131.122113139262));
#2085=CARTESIAN_POINT('',(-9.75000000000002,184.896408737405,-134.076536398298));
#2086=CARTESIAN_POINT('Origin',(65.55,190.878588458031,-100.149909307028));
#2087=CARTESIAN_POINT('Origin',(26.4,184.896408737405,-134.076536398298));
#2088=UNCERTAINTY_MEASURE_WITH_UNIT(LENGTH_MEASURE(0.01),#2092,
'DISTANCE_ACCURACY_VALUE',
'Maximum model space distance between geometric entities at asserted c
onnectivities');
#2089=UNCERTAINTY_MEASURE_WITH_UNIT(LENGTH_MEASURE(0.01),#2092,
'DISTANCE_ACCURACY_VALUE',
'Maximum model space distance between geometric entities at asserted c
onnectivities');
#2090=(
GEOMETRIC_REPRESENTATION_CONTEXT(3)
GLOBAL_UNCERTAINTY_ASSIGNED_CONTEXT((#2088))
GLOBAL_UNIT_ASSIGNED_CONTEXT((#2092,#2094,#2095))
REPRESENTATION_CONTEXT('','3D')
);
#2091=(
GEOMETRIC_REPRESENTATION_CONTEXT(3)
GLOBAL_UNCERTAINTY_ASSIGNED_CONTEXT((#2089))
GLOBAL_UNIT_ASSIGNED_CONTEXT((#2092,#2094,#2095))
REPRESENTATION_CONTEXT('','3D')
);
#2092=(
LENGTH_UNIT()
NAMED_UNIT(*)
SI_UNIT(.MILLI.,.METRE.)
);
#2093=(
LENGTH_UNIT()
NAMED_UNIT(*)
SI_UNIT($,.METRE.)
);
#2094=(
NAMED_UNIT(*)
PLANE_ANGLE_UNIT()
SI_UNIT($,.RADIAN.)
);
#2095=(
NAMED_UNIT(*)
SI_UNIT($,.STERADIAN.)
SOLID_ANGLE_UNIT()
);
#2096=SHAPE_DEFINITION_REPRESENTATION(#2097,#2098);
#2097=PRODUCT_DEFINITION_SHAPE('',$,#2100);
#2098=SHAPE_REPRESENTATION('',(#1301),#2090);
#2099=PRODUCT_DEFINITION_CONTEXT('part definition',#2104,'design');
#2100=PRODUCT_DEFINITION('(Unsaved)','(Unsaved)',#2101,#2099);
#2101=PRODUCT_DEFINITION_FORMATION('',$,#2106);
#2102=PRODUCT_RELATED_PRODUCT_CATEGORY('(Unsaved)','(Unsaved)',(#2106));
#2103=APPLICATION_PROTOCOL_DEFINITION('international standard',
'automotive_design',2009,#2104);
#2104=APPLICATION_CONTEXT(
'Core Data for Automotive Mechanical Design Process');
#2105=PRODUCT_CONTEXT('part definition',#2104,'mechanical');
#2106=PRODUCT('(Unsaved)','(Unsaved)',$,(#2105));
#2107=PRESENTATION_STYLE_ASSIGNMENT((#2108));
#2108=SURFACE_STYLE_USAGE(.BOTH.,#2109);
#2109=SURFACE_SIDE_STYLE('',(#2110));
#2110=SURFACE_STYLE_FILL_AREA(#2111);
#2111=FILL_AREA_STYLE('Steel - Satin',(#2112));
#2112=FILL_AREA_STYLE_COLOUR('Steel - Satin',#2113);
#2113=COLOUR_RGB('Steel - Satin',0.627450980392157,0.627450980392157,0.627450980392157);
ENDSEC;
END-ISO-10303-21;
