ISO-10303-21;
HEADER;
/* Generated by software containing ST-Developer
 * from STEP Tools, Inc. (www.steptools.com) 
 */

FILE_DESCRIPTION(
/* description */ (''),
/* implementation_level */ '2;1');

FILE_NAME(
/* name */ 'openflight-housing-front.step',
/* time_stamp */ '2026-09-11T16:57:52-07:00',
/* author */ (''),
/* organization */ (''),
/* preprocessor_version */ 'ST-DEVELOPER v20.2',
/* originating_system */ 'Autodesk Translation Framework v15.15.0.0',
/* authorisation */ '');

FILE_SCHEMA (('AUTOMOTIVE_DESIGN { 1 0 10303 214 3 1 1 }'));
ENDSEC;

DATA;
#10=MECHANICAL_DESIGN_GEOMETRIC_PRESENTATION_REPRESENTATION('',(#13),#10332);
#11=SHAPE_REPRESENTATION_RELATIONSHIP('SRR','None',#10339,#12);
#12=ADVANCED_BREP_SHAPE_REPRESENTATION('',(#14),#10331);
#13=STYLED_ITEM('',(#10348),#14);
#14=MANIFOLD_SOLID_BREP('openflight-housing-front',#4707);
#15=(
BOUNDED_SURFACE()
B_SPLINE_SURFACE(1,2,((#10131,#10132,#10133),(#10134,#10135,#10136)),
 .UNSPECIFIED.,.F.,.F.,.F.)
B_SPLINE_SURFACE_WITH_KNOTS((2,2),(3,3),(1.1667261889578,1.6597261889578),
(-0.472902570452211,0.472902570452212),.UNSPECIFIED.)
GEOMETRIC_REPRESENTATION_ITEM()
RATIONAL_B_SPLINE_SURFACE(((1.,0.890249999999994,1.),(1.,0.890249999999994,
1.)))
REPRESENTATION_ITEM('')
SURFACE()
);
#16=(
BOUNDED_SURFACE()
B_SPLINE_SURFACE(1,2,((#10320,#10321,#10322),(#10323,#10324,#10325)),
 .UNSPECIFIED.,.F.,.F.,.F.)
B_SPLINE_SURFACE_WITH_KNOTS((2,2),(3,3),(1.1667261889578,1.6597261889578),
(-0.472902570452212,0.472902570452212),.UNSPECIFIED.)
GEOMETRIC_REPRESENTATION_ITEM()
RATIONAL_B_SPLINE_SURFACE(((1.,0.890249999999993,1.),(1.,0.890249999999993,
1.)))
REPRESENTATION_ITEM('')
SURFACE()
);
#17=B_SPLINE_SURFACE_WITH_KNOTS('',6,1,((#7830,#7831),(#7832,#7833),(#7834,
#7835),(#7836,#7837),(#7838,#7839),(#7840,#7841),(#7842,#7843),(#7844,#7845),
(#7846,#7847),(#7848,#7849),(#7850,#7851),(#7852,#7853),(#7854,#7855),(#7856,
#7857),(#7858,#7859),(#7860,#7861),(#7862,#7863),(#7864,#7865),(#7866,#7867),
(#7868,#7869),(#7870,#7871),(#7872,#7873),(#7874,#7875),(#7876,#7877),(#7878,
#7879),(#7880,#7881),(#7882,#7883),(#7884,#7885),(#7886,#7887),(#7888,#7889),
(#7890,#7891),(#7892,#7893),(#7894,#7895),(#7896,#7897),(#7898,#7899),(#7900,
#7901),(#7902,#7903),(#7904,#7905),(#7906,#7907),(#7908,#7909),(#7910,#7911),
(#7912,#7913),(#7914,#7915),(#7916,#7917),(#7918,#7919),(#7920,#7921),(#7922,
#7923),(#7924,#7925),(#7926,#7927),(#7928,#7929),(#7930,#7931),(#7932,#7933),
(#7934,#7935),(#7936,#7937),(#7938,#7939),(#7940,#7941),(#7942,#7943),(#7944,
#7945),(#7946,#7947),(#7948,#7949),(#7950,#7951),(#7952,#7953),(#7954,#7955),
(#7956,#7957),(#7958,#7959),(#7960,#7961),(#7962,#7963),(#7964,#7965),(#7966,
#7967),(#7968,#7969),(#7970,#7971)),.UNSPECIFIED.,.F.,.F.,.F.,(7,4,5,4,
4,2,3,3,4,4,4,2,2,2,2,3,4,4,4,4,7),(2,2),(0.,0.011972919656,0.031734182835,
0.043291857282,0.062913463142,0.066989969342,0.109838248825,0.138268024597,
0.181156870956,0.195369615023,0.249840022648,0.276826403225,0.288317100857,
0.301804120999,0.34235693474,0.381812111398,0.500417878108,0.625331687919,
0.750244624822,0.875192373755,1.),(0.,0.0479999999999999),.UNSPECIFIED.);
#18=B_SPLINE_SURFACE_WITH_KNOTS('',8,1,((#8051,#8052),(#8053,#8054),(#8055,
#8056),(#8057,#8058),(#8059,#8060),(#8061,#8062),(#8063,#8064),(#8065,#8066),
(#8067,#8068),(#8069,#8070),(#8071,#8072),(#8073,#8074),(#8075,#8076),(#8077,
#8078),(#8079,#8080),(#8081,#8082),(#8083,#8084),(#8085,#8086),(#8087,#8088),
(#8089,#8090),(#8091,#8092),(#8093,#8094),(#8095,#8096),(#8097,#8098),(#8099,
#8100),(#8101,#8102),(#8103,#8104),(#8105,#8106),(#8107,#8108),(#8109,#8110),
(#8111,#8112),(#8113,#8114),(#8115,#8116),(#8117,#8118),(#8119,#8120),(#8121,
#8122),(#8123,#8124),(#8125,#8126),(#8127,#8128),(#8129,#8130),(#8131,#8132),
(#8133,#8134),(#8135,#8136),(#8137,#8138),(#8139,#8140),(#8141,#8142),(#8143,
#8144),(#8145,#8146),(#8147,#8148),(#8149,#8150),(#8151,#8152),(#8153,#8154),
(#8155,#8156),(#8157,#8158),(#8159,#8160),(#8161,#8162),(#8163,#8164),(#8165,
#8166),(#8167,#8168),(#8169,#8170),(#8171,#8172),(#8173,#8174),(#8175,#8176),
(#8177,#8178),(#8179,#8180),(#8181,#8182),(#8183,#8184),(#8185,#8186),(#8187,
#8188),(#8189,#8190),(#8191,#8192),(#8193,#8194),(#8195,#8196),(#8197,#8198),
(#8199,#8200),(#8201,#8202),(#8203,#8204),(#8205,#8206),(#8207,#8208),(#8209,
#8210),(#8211,#8212),(#8213,#8214),(#8215,#8216),(#8217,#8218),(#8219,#8220),
(#8221,#8222),(#8223,#8224),(#8225,#8226),(#8227,#8228),(#8229,#8230),(#8231,
#8232),(#8233,#8234),(#8235,#8236),(#8237,#8238),(#8239,#8240),(#8241,#8242),
(#8243,#8244),(#8245,#8246),(#8247,#8248),(#8249,#8250),(#8251,#8252),(#8253,
#8254),(#8255,#8256),(#8257,#8258),(#8259,#8260),(#8261,#8262),(#8263,#8264),
(#8265,#8266),(#8267,#8268),(#8269,#8270),(#8271,#8272),(#8273,#8274),(#8275,
#8276),(#8277,#8278),(#8279,#8280),(#8281,#8282),(#8283,#8284),(#8285,#8286),
(#8287,#8288),(#8289,#8290),(#8291,#8292),(#8293,#8294),(#8295,#8296),(#8297,
#8298),(#8299,#8300),(#8301,#8302),(#8303,#8304),(#8305,#8306),(#8307,#8308),
(#8309,#8310),(#8311,#8312),(#8313,#8314)),.UNSPECIFIED.,.F.,.F.,.F.,(9,
6,7,4,6,1,4,6,6,6,7,7,7,4,5,7,7,6,6,7,7,7,9),(2,2),(0.,0.0424563613100001,
0.124728545346,0.229257757486,0.259530974741,0.273640744968,0.287742696549,
0.377184749475,0.502940024417,0.627677527546,0.75241585394,0.760398836899,
0.772527928469,0.802730580119,0.8117721816,0.823842681024,0.874274276787,
0.92433860672908,0.93860090494423,0.94577791008156,0.96786355250355,0.97474367386374,
1.),(0.,0.048),.UNSPECIFIED.);
#19=B_SPLINE_SURFACE_WITH_KNOTS('',8,1,((#8453,#8454),(#8455,#8456),(#8457,
#8458),(#8459,#8460),(#8461,#8462),(#8463,#8464),(#8465,#8466),(#8467,#8468),
(#8469,#8470),(#8471,#8472),(#8473,#8474),(#8475,#8476),(#8477,#8478),(#8479,
#8480),(#8481,#8482),(#8483,#8484),(#8485,#8486),(#8487,#8488),(#8489,#8490),
(#8491,#8492),(#8493,#8494),(#8495,#8496),(#8497,#8498),(#8499,#8500),(#8501,
#8502),(#8503,#8504),(#8505,#8506),(#8507,#8508),(#8509,#8510),(#8511,#8512),
(#8513,#8514),(#8515,#8516),(#8517,#8518),(#8519,#8520),(#8521,#8522),(#8523,
#8524),(#8525,#8526),(#8527,#8528),(#8529,#8530),(#8531,#8532),(#8533,#8534),
(#8535,#8536),(#8537,#8538),(#8539,#8540),(#8541,#8542),(#8543,#8544),(#8545,
#8546),(#8547,#8548),(#8549,#8550),(#8551,#8552),(#8553,#8554),(#8555,#8556),
(#8557,#8558),(#8559,#8560),(#8561,#8562),(#8563,#8564),(#8565,#8566),(#8567,
#8568),(#8569,#8570),(#8571,#8572),(#8573,#8574),(#8575,#8576),(#8577,#8578),
(#8579,#8580),(#8581,#8582),(#8583,#8584),(#8585,#8586),(#8587,#8588),(#8589,
#8590),(#8591,#8592),(#8593,#8594),(#8595,#8596),(#8597,#8598),(#8599,#8600),
(#8601,#8602),(#8603,#8604),(#8605,#8606),(#8607,#8608),(#8609,#8610),(#8611,
#8612),(#8613,#8614),(#8615,#8616),(#8617,#8618),(#8619,#8620),(#8621,#8622),
(#8623,#8624),(#8625,#8626),(#8627,#8628),(#8629,#8630),(#8631,#8632),(#8633,
#8634),(#8635,#8636),(#8637,#8638),(#8639,#8640),(#8641,#8642),(#8643,#8644),
(#8645,#8646),(#8647,#8648),(#8649,#8650),(#8651,#8652),(#8653,#8654),(#8655,
#8656),(#8657,#8658),(#8659,#8660),(#8661,#8662),(#8663,#8664),(#8665,#8666),
(#8667,#8668),(#8669,#8670),(#8671,#8672),(#8673,#8674),(#8675,#8676),(#8677,
#8678),(#8679,#8680),(#8681,#8682),(#8683,#8684),(#8685,#8686),(#8687,#8688),
(#8689,#8690),(#8691,#8692),(#8693,#8694),(#8695,#8696),(#8697,#8698),(#8699,
#8700),(#8701,#8702),(#8703,#8704),(#8705,#8706),(#8707,#8708),(#8709,#8710),
(#8711,#8712),(#8713,#8714),(#8715,#8716),(#8717,#8718),(#8719,#8720),(#8721,
#8722),(#8723,#8724),(#8725,#8726),(#8727,#8728),(#8729,#8730),(#8731,#8732)),
 .UNSPECIFIED.,.F.,.F.,.F.,(9,1,6,1,5,1,3,6,3,6,1,2,5,5,6,5,7,6,5,3,5,3,
4,3,6,4,6,6,6,1,6,4,9),(2,2),(0.,0.028043124908,0.0827151859490001,0.112481626478,
0.163440877607,0.187408681068,0.205340474687,0.248054614866,0.297630770713,
0.371499401366,0.384625494681,0.410750765398,0.4256410718,0.439480297386,
0.466489890894,0.483788924628,0.499743515489,0.52602522884,0.534079175142,
0.541077100646,0.555122355234,0.564185220545,0.572241840833,0.588323574018,
0.621373693608,0.64338229059,0.688489266332,0.750573413436,0.832687697647,
0.867802702248,0.91284194756462,0.92782777553468,1.),(0.,0.048),
 .UNSPECIFIED.);
#20=B_SPLINE_SURFACE_WITH_KNOTS('',8,1,((#9185,#9186),(#9187,#9188),(#9189,
#9190),(#9191,#9192),(#9193,#9194),(#9195,#9196),(#9197,#9198),(#9199,#9200),
(#9201,#9202),(#9203,#9204),(#9205,#9206),(#9207,#9208),(#9209,#9210),(#9211,
#9212),(#9213,#9214),(#9215,#9216),(#9217,#9218),(#9219,#9220),(#9221,#9222),
(#9223,#9224),(#9225,#9226),(#9227,#9228),(#9229,#9230),(#9231,#9232),(#9233,
#9234),(#9235,#9236),(#9237,#9238),(#9239,#9240),(#9241,#9242),(#9243,#9244),
(#9245,#9246),(#9247,#9248),(#9249,#9250),(#9251,#9252),(#9253,#9254),(#9255,
#9256),(#9257,#9258),(#9259,#9260),(#9261,#9262),(#9263,#9264),(#9265,#9266),
(#9267,#9268),(#9269,#9270),(#9271,#9272),(#9273,#9274),(#9275,#9276),(#9277,
#9278),(#9279,#9280),(#9281,#9282),(#9283,#9284),(#9285,#9286),(#9287,#9288),
(#9289,#9290),(#9291,#9292),(#9293,#9294),(#9295,#9296),(#9297,#9298),(#9299,
#9300),(#9301,#9302),(#9303,#9304),(#9305,#9306),(#9307,#9308),(#9309,#9310),
(#9311,#9312),(#9313,#9314),(#9315,#9316),(#9317,#9318),(#9319,#9320),(#9321,
#9322),(#9323,#9324),(#9325,#9326)),.UNSPECIFIED.,.F.,.F.,.F.,(9,6,2,3,
2,4,6,6,6,4,5,6,6,6,9),(2,2),(0.,0.069867409117,0.127893330257,0.147961038429,
0.187059761699,0.241345757305,0.346321797251,0.397209015521,0.499925899106,
0.564810442747,0.628739523608,0.733956155985,0.836264409477,0.87522648395,
1.),(0.,0.048),.UNSPECIFIED.);
#21=B_SPLINE_SURFACE_WITH_KNOTS('',8,1,((#9404,#9405),(#9406,#9407),(#9408,
#9409),(#9410,#9411),(#9412,#9413),(#9414,#9415),(#9416,#9417),(#9418,#9419),
(#9420,#9421),(#9422,#9423),(#9424,#9425),(#9426,#9427),(#9428,#9429),(#9430,
#9431),(#9432,#9433),(#9434,#9435),(#9436,#9437),(#9438,#9439),(#9440,#9441),
(#9442,#9443),(#9444,#9445),(#9446,#9447),(#9448,#9449),(#9450,#9451),(#9452,
#9453),(#9454,#9455),(#9456,#9457),(#9458,#9459),(#9460,#9461),(#9462,#9463),
(#9464,#9465),(#9466,#9467),(#9468,#9469),(#9470,#9471),(#9472,#9473),(#9474,
#9475),(#9476,#9477),(#9478,#9479),(#9480,#9481),(#9482,#9483),(#9484,#9485),
(#9486,#9487),(#9488,#9489),(#9490,#9491),(#9492,#9493),(#9494,#9495),(#9496,
#9497),(#9498,#9499),(#9500,#9501),(#9502,#9503),(#9504,#9505),(#9506,#9507),
(#9508,#9509),(#9510,#9511),(#9512,#9513),(#9514,#9515),(#9516,#9517),(#9518,
#9519),(#9520,#9521),(#9522,#9523),(#9524,#9525),(#9526,#9527),(#9528,#9529),
(#9530,#9531),(#9532,#9533),(#9534,#9535),(#9536,#9537),(#9538,#9539),(#9540,
#9541),(#9542,#9543),(#9544,#9545),(#9546,#9547),(#9548,#9549),(#9550,#9551),
(#9552,#9553),(#9554,#9555),(#9556,#9557),(#9558,#9559),(#9560,#9561),(#9562,
#9563),(#9564,#9565),(#9566,#9567)),.UNSPECIFIED.,.F.,.F.,.F.,(9,5,6,5,
6,1,6,6,6,6,5,6,3,2,1,6,1,2,9),(2,2),(0.,0.0848002772400001,0.124546533398,
0.204278768511,0.257552153165,0.322086910323,0.372896823428,0.480211395206,
0.526325565682,0.623011826644,0.714709365996,0.756691032047,0.839984957192,
0.870036837813,0.90020989603258,0.9311102395082,0.94792357517314,0.98185547544139,
1.),(0.,0.048),.UNSPECIFIED.);
#22=B_SPLINE_SURFACE_WITH_KNOTS('',8,1,((#9695,#9696),(#9697,#9698),(#9699,
#9700),(#9701,#9702),(#9703,#9704),(#9705,#9706),(#9707,#9708),(#9709,#9710),
(#9711,#9712),(#9713,#9714),(#9715,#9716),(#9717,#9718),(#9719,#9720),(#9721,
#9722),(#9723,#9724),(#9725,#9726),(#9727,#9728),(#9729,#9730),(#9731,#9732),
(#9733,#9734),(#9735,#9736),(#9737,#9738),(#9739,#9740),(#9741,#9742),(#9743,
#9744),(#9745,#9746),(#9747,#9748),(#9749,#9750),(#9751,#9752),(#9753,#9754),
(#9755,#9756),(#9757,#9758),(#9759,#9760),(#9761,#9762),(#9763,#9764),(#9765,
#9766),(#9767,#9768),(#9769,#9770),(#9771,#9772),(#9773,#9774),(#9775,#9776),
(#9777,#9778)),.UNSPECIFIED.,.F.,.F.,.F.,(9,7,6,6,2,6,5,1,9),(2,2),(0.,
0.186974701518,0.373072615508,0.560123680641,0.594071710335,0.760119198652,
0.827156149015,0.90511281839732,1.),(0.,0.048),.UNSPECIFIED.);
#23=B_SPLINE_SURFACE_WITH_KNOTS('',8,1,((#9845,#9846),(#9847,#9848),(#9849,
#9850),(#9851,#9852),(#9853,#9854),(#9855,#9856),(#9857,#9858),(#9859,#9860),
(#9861,#9862),(#9863,#9864),(#9865,#9866),(#9867,#9868),(#9869,#9870),(#9871,
#9872),(#9873,#9874),(#9875,#9876),(#9877,#9878),(#9879,#9880),(#9881,#9882),
(#9883,#9884),(#9885,#9886),(#9887,#9888),(#9889,#9890),(#9891,#9892),(#9893,
#9894),(#9895,#9896),(#9897,#9898),(#9899,#9900),(#9901,#9902),(#9903,#9904),
(#9905,#9906),(#9907,#9908),(#9909,#9910),(#9911,#9912),(#9913,#9914),(#9915,
#9916),(#9917,#9918),(#9919,#9920),(#9921,#9922),(#9923,#9924),(#9925,#9926),
(#9927,#9928),(#9929,#9930),(#9931,#9932),(#9933,#9934),(#9935,#9936),(#9937,
#9938),(#9939,#9940),(#9941,#9942),(#9943,#9944),(#9945,#9946),(#9947,#9948),
(#9949,#9950),(#9951,#9952),(#9953,#9954),(#9955,#9956),(#9957,#9958),(#9959,
#9960),(#9961,#9962),(#9963,#9964),(#9965,#9966),(#9967,#9968),(#9969,#9970),
(#9971,#9972),(#9973,#9974),(#9975,#9976),(#9977,#9978),(#9979,#9980)),
 .UNSPECIFIED.,.F.,.F.,.F.,(9,6,2,6,2,2,6,6,2,6,6,6,6,1,2,9),(2,2),(0.,
0.087046364045,0.146986681027,0.17705358895,0.238078340151,0.271060938954,
0.315017741456,0.427032413932,0.50702942836,0.560999804636,0.659936407612,
0.724974139387,0.852990460309,0.882940277011,0.96093563554419,1.),(0.,0.048),
 .UNSPECIFIED.);
#24=CONICAL_SURFACE('',#4830,9.13300945,1.22952057257899);
#25=CONICAL_SURFACE('',#4843,14.,0.785398163397462);
#26=CONICAL_SURFACE('',#4847,14.,0.785398163397462);
#27=CONICAL_SURFACE('',#4855,14.,0.785398163397459);
#28=CONICAL_SURFACE('',#4859,14.,0.785398163397466);
#29=CONICAL_SURFACE('',#5148,13.5720271102622,0.0174532925199433);
#30=CONICAL_SURFACE('',#5151,13.5720271102622,0.0174532925199433);
#31=CONICAL_SURFACE('',#5154,13.5720271102622,0.0174532925199433);
#32=CONICAL_SURFACE('',#5156,13.5720271102621,0.0174532925199433);
#33=B_SPLINE_CURVE_WITH_KNOTS('',3,(#6738,#6739,#6740,#6741),
 .UNSPECIFIED.,.F.,.F.,(4,4),(2.34313642655086,2.42169348828028),
 .UNSPECIFIED.);
#34=B_SPLINE_CURVE_WITH_KNOTS('',3,(#6743,#6744,#6745,#6746,#6747,#6748,
#6749,#6750,#6751,#6752,#6753,#6754,#6755,#6756,#6757,#6758,#6759,#6760),
 .UNSPECIFIED.,.F.,.F.,(4,2,2,2,2,2,2,2,4),(0.,0.300675669790317,0.601351339580634,
0.886459776428032,1.17156821327543,1.45667665012283,1.74178508697022,2.04246075676054,
2.34313642655086),.UNSPECIFIED.);
#35=B_SPLINE_CURVE_WITH_KNOTS('',3,(#6761,#6762,#6763,#6764,#6765,#6766,
#6767,#6768,#6769,#6770,#6771,#6772,#6773,#6774,#6775,#6776,#6777,#6778),
 .UNSPECIFIED.,.F.,.F.,(4,2,2,2,2,2,2,2,4),(2.42169348828028,2.66729761781416,
2.99145880907746,3.33285767407604,3.67425653907461,4.01565540407319,4.35705426907177,
4.68121546033507,5.00537665159837),.UNSPECIFIED.);
#36=B_SPLINE_CURVE_WITH_KNOTS('',8,(#6915,#6916,#6917,#6918,#6919,#6920,
#6921,#6922,#6923,#6924,#6925,#6926,#6927,#6928,#6929,#6930,#6931,#6932,
#6933,#6934,#6935,#6936,#6937,#6938,#6939,#6940,#6941,#6942,#6943,#6944,
#6945,#6946,#6947,#6948,#6949,#6950,#6951,#6952,#6953,#6954,#6955,#6956,
#6957,#6958,#6959,#6960,#6961,#6962,#6963,#6964,#6965,#6966,#6967,#6968,
#6969,#6970,#6971,#6972,#6973,#6974,#6975,#6976,#6977,#6978,#6979,#6980,
#6981,#6982,#6983,#6984,#6985,#6986,#6987,#6988,#6989,#6990,#6991,#6992,
#6993,#6994,#6995,#6996,#6997,#6998,#6999,#7000,#7001,#7002,#7003,#7004,
#7005,#7006,#7007,#7008,#7009,#7010,#7011,#7012,#7013,#7014,#7015,#7016,
#7017,#7018,#7019,#7020,#7021,#7022,#7023,#7024,#7025,#7026,#7027,#7028,
#7029,#7030,#7031,#7032,#7033,#7034,#7035,#7036,#7037,#7038,#7039,#7040,
#7041,#7042,#7043,#7044,#7045,#7046,#7047,#7048,#7049,#7050,#7051,#7052,
#7053,#7054),.UNSPECIFIED.,.F.,.F.,(9,1,6,1,5,1,3,6,3,6,1,2,5,5,6,5,7,6,
5,3,5,3,4,3,6,4,6,6,6,1,6,4,9),(0.,0.028043124908,0.0827151859490001,0.112481626478,
0.163440877607,0.187408681068,0.205340474687,0.248054614866,0.297630770713,
0.371499401366,0.384625494681,0.410750765398,0.4256410718,0.439480297386,
0.466489890894,0.483788924628,0.499743515489,0.52602522884,0.534079175142,
0.541077100646,0.555122355234,0.564185220545,0.572241840833,0.588323574018,
0.621373693608,0.64338229059,0.688489266332,0.750573413436,0.832687697647,
0.867802702248,0.91284194756462,0.92782777553468,1.),.UNSPECIFIED.);
#37=B_SPLINE_CURVE_WITH_KNOTS('',6,(#7058,#7059,#7060,#7061,#7062,#7063,
#7064,#7065,#7066,#7067,#7068,#7069,#7070,#7071,#7072,#7073,#7074,#7075,
#7076,#7077,#7078,#7079,#7080,#7081,#7082,#7083,#7084,#7085,#7086,#7087,
#7088,#7089,#7090,#7091,#7092,#7093,#7094,#7095,#7096,#7097,#7098,#7099,
#7100,#7101,#7102,#7103,#7104,#7105,#7106,#7107,#7108,#7109,#7110,#7111,
#7112,#7113,#7114,#7115,#7116,#7117,#7118,#7119,#7120,#7121,#7122,#7123,
#7124,#7125,#7126,#7127,#7128),.UNSPECIFIED.,.F.,.F.,(7,4,5,4,4,2,3,3,4,
4,4,2,2,2,2,3,4,4,4,4,7),(0.,0.011972919656,0.031734182835,0.043291857282,
0.062913463142,0.066989969342,0.109838248825,0.138268024597,0.181156870956,
0.195369615023,0.249840022648,0.276826403225,0.288317100857,0.301804120999,
0.34235693474,0.381812111398,0.500417878108,0.625331687919,0.750244624822,
0.875192373755,1.),.UNSPECIFIED.);
#38=B_SPLINE_CURVE_WITH_KNOTS('',8,(#7132,#7133,#7134,#7135,#7136,#7137,
#7138,#7139,#7140,#7141,#7142,#7143,#7144,#7145,#7146,#7147,#7148,#7149,
#7150,#7151,#7152,#7153,#7154,#7155,#7156,#7157,#7158,#7159,#7160,#7161,
#7162,#7163,#7164,#7165,#7166,#7167,#7168,#7169,#7170,#7171,#7172,#7173,
#7174,#7175,#7176,#7177,#7178,#7179,#7180,#7181,#7182,#7183,#7184,#7185,
#7186,#7187,#7188,#7189,#7190,#7191,#7192,#7193,#7194,#7195,#7196,#7197,
#7198,#7199,#7200,#7201,#7202,#7203,#7204,#7205,#7206,#7207,#7208,#7209,
#7210,#7211,#7212,#7213,#7214,#7215,#7216,#7217,#7218,#7219,#7220,#7221,
#7222,#7223,#7224,#7225,#7226,#7227,#7228,#7229,#7230,#7231,#7232,#7233,
#7234,#7235,#7236,#7237,#7238,#7239,#7240,#7241,#7242,#7243,#7244,#7245,
#7246,#7247,#7248,#7249,#7250,#7251,#7252,#7253,#7254,#7255,#7256,#7257,
#7258,#7259,#7260,#7261,#7262,#7263),.UNSPECIFIED.,.F.,.F.,(9,6,7,4,6,1,
4,6,6,6,7,7,7,4,5,7,7,6,6,7,7,7,9),(0.,0.0424563613100001,0.124728545346,
0.229257757486,0.259530974741,0.273640744968,0.287742696549,0.377184749475,
0.502940024417,0.627677527546,0.75241585394,0.760398836899,0.772527928469,
0.802730580119,0.8117721816,0.823842681024,0.874274276787,0.92433860672908,
0.93860090494423,0.94577791008156,0.96786355250355,0.97474367386374,1.),
 .UNSPECIFIED.);
#39=B_SPLINE_CURVE_WITH_KNOTS('',8,(#7407,#7408,#7409,#7410,#7411,#7412,
#7413,#7414,#7415,#7416,#7417,#7418,#7419,#7420,#7421,#7422,#7423,#7424,
#7425,#7426,#7427,#7428,#7429,#7430,#7431,#7432,#7433,#7434,#7435,#7436,
#7437,#7438,#7439,#7440,#7441,#7442,#7443,#7444,#7445,#7446,#7447,#7448,
#7449,#7450,#7451,#7452,#7453,#7454,#7455,#7456,#7457,#7458,#7459,#7460,
#7461,#7462,#7463,#7464,#7465,#7466,#7467,#7468,#7469,#7470,#7471,#7472,
#7473,#7474,#7475,#7476,#7477),.UNSPECIFIED.,.F.,.F.,(9,6,2,3,2,4,6,6,6,
4,5,6,6,6,9),(0.,0.069867409117,0.127893330257,0.147961038429,0.187059761699,
0.241345757305,0.346321797251,0.397209015521,0.499925899106,0.564810442747,
0.628739523608,0.733956155985,0.836264409477,0.87522648395,1.),
 .UNSPECIFIED.);
#40=B_SPLINE_CURVE_WITH_KNOTS('',8,(#7481,#7482,#7483,#7484,#7485,#7486,
#7487,#7488,#7489,#7490,#7491,#7492,#7493,#7494,#7495,#7496,#7497,#7498,
#7499,#7500,#7501,#7502,#7503,#7504,#7505,#7506,#7507,#7508,#7509,#7510,
#7511,#7512,#7513,#7514,#7515,#7516,#7517,#7518,#7519,#7520,#7521,#7522,
#7523,#7524,#7525,#7526,#7527,#7528,#7529,#7530,#7531,#7532,#7533,#7534,
#7535,#7536,#7537,#7538,#7539,#7540,#7541,#7542,#7543,#7544,#7545,#7546,
#7547,#7548,#7549,#7550,#7551,#7552,#7553,#7554,#7555,#7556,#7557,#7558,
#7559,#7560,#7561,#7562),.UNSPECIFIED.,.F.,.F.,(9,5,6,5,6,1,6,6,6,6,5,6,
3,2,1,6,1,2,9),(0.,0.0848002772400001,0.124546533398,0.204278768511,0.257552153165,
0.322086910323,0.372896823428,0.480211395206,0.526325565682,0.623011826644,
0.714709365996,0.756691032047,0.839984957192,0.870036837813,0.90020989603258,
0.9311102395082,0.94792357517314,0.98185547544139,1.),.UNSPECIFIED.);
#41=B_SPLINE_CURVE_WITH_KNOTS('',8,(#7586,#7587,#7588,#7589,#7590,#7591,
#7592,#7593,#7594,#7595,#7596,#7597,#7598,#7599,#7600,#7601,#7602,#7603,
#7604,#7605,#7606,#7607,#7608,#7609,#7610,#7611,#7612,#7613,#7614,#7615,
#7616,#7617,#7618,#7619,#7620,#7621,#7622,#7623,#7624,#7625,#7626,#7627),
 .UNSPECIFIED.,.F.,.F.,(9,7,6,6,2,6,5,1,9),(0.,0.186974701518,0.373072615508,
0.560123680641,0.594071710335,0.760119198652,0.827156149015,0.90511281839732,
1.),.UNSPECIFIED.);
#42=B_SPLINE_CURVE_WITH_KNOTS('',8,(#7639,#7640,#7641,#7642,#7643,#7644,
#7645,#7646,#7647,#7648,#7649,#7650,#7651,#7652,#7653,#7654,#7655,#7656,
#7657,#7658,#7659,#7660,#7661,#7662,#7663,#7664,#7665,#7666,#7667,#7668,
#7669,#7670,#7671,#7672,#7673,#7674,#7675,#7676,#7677,#7678,#7679,#7680,
#7681,#7682,#7683,#7684,#7685,#7686,#7687,#7688,#7689,#7690,#7691,#7692,
#7693,#7694,#7695,#7696,#7697,#7698,#7699,#7700,#7701,#7702,#7703,#7704,
#7705,#7706),.UNSPECIFIED.,.F.,.F.,(9,6,2,6,2,2,6,6,2,6,6,6,6,1,2,9),(0.,
0.087046364045,0.146986681027,0.17705358895,0.238078340151,0.271060938954,
0.315017741456,0.427032413932,0.50702942836,0.560999804636,0.659936407612,
0.724974139387,0.852990460309,0.882940277011,0.96093563554419,1.),
 .UNSPECIFIED.);
#43=B_SPLINE_CURVE_WITH_KNOTS('',6,(#7975,#7976,#7977,#7978,#7979,#7980,
#7981,#7982,#7983,#7984,#7985,#7986,#7987,#7988,#7989,#7990,#7991,#7992,
#7993,#7994,#7995,#7996,#7997,#7998,#7999,#8000,#8001,#8002,#8003,#8004,
#8005,#8006,#8007,#8008,#8009,#8010,#8011,#8012,#8013,#8014,#8015,#8016,
#8017,#8018,#8019,#8020,#8021,#8022,#8023,#8024,#8025,#8026,#8027,#8028,
#8029,#8030,#8031,#8032,#8033,#8034,#8035,#8036,#8037,#8038,#8039,#8040,
#8041,#8042,#8043,#8044,#8045),.UNSPECIFIED.,.F.,.F.,(7,4,5,4,4,2,3,3,4,
4,4,2,2,2,2,3,4,4,4,4,7),(0.,0.011972919656,0.031734182835,0.043291857282,
0.062913463142,0.066989969342,0.109838248825,0.138268024597,0.181156870956,
0.195369615023,0.249840022648,0.276826403225,0.288317100857,0.301804120999,
0.34235693474,0.381812111398,0.500417878108,0.625331687919,0.750244624822,
0.875192373755,1.),.UNSPECIFIED.);
#44=B_SPLINE_CURVE_WITH_KNOTS('',8,(#8316,#8317,#8318,#8319,#8320,#8321,
#8322,#8323,#8324,#8325,#8326,#8327,#8328,#8329,#8330,#8331,#8332,#8333,
#8334,#8335,#8336,#8337,#8338,#8339,#8340,#8341,#8342,#8343,#8344,#8345,
#8346,#8347,#8348,#8349,#8350,#8351,#8352,#8353,#8354,#8355,#8356,#8357,
#8358,#8359,#8360,#8361,#8362,#8363,#8364,#8365,#8366,#8367,#8368,#8369,
#8370,#8371,#8372,#8373,#8374,#8375,#8376,#8377,#8378,#8379,#8380,#8381,
#8382,#8383,#8384,#8385,#8386,#8387,#8388,#8389,#8390,#8391,#8392,#8393,
#8394,#8395,#8396,#8397,#8398,#8399,#8400,#8401,#8402,#8403,#8404,#8405,
#8406,#8407,#8408,#8409,#8410,#8411,#8412,#8413,#8414,#8415,#8416,#8417,
#8418,#8419,#8420,#8421,#8422,#8423,#8424,#8425,#8426,#8427,#8428,#8429,
#8430,#8431,#8432,#8433,#8434,#8435,#8436,#8437,#8438,#8439,#8440,#8441,
#8442,#8443,#8444,#8445,#8446,#8447),.UNSPECIFIED.,.F.,.F.,(9,6,7,4,6,1,
4,6,6,6,7,7,7,4,5,7,7,6,6,7,7,7,9),(0.,0.0424563613100001,0.124728545346,
0.229257757486,0.259530974741,0.273640744968,0.287742696549,0.377184749475,
0.502940024417,0.627677527546,0.75241585394,0.760398836899,0.772527928469,
0.802730580119,0.8117721816,0.823842681024,0.874274276787,0.92433860672908,
0.93860090494423,0.94577791008156,0.96786355250355,0.97474367386374,1.),
 .UNSPECIFIED.);
#45=B_SPLINE_CURVE_WITH_KNOTS('',8,(#8734,#8735,#8736,#8737,#8738,#8739,
#8740,#8741,#8742,#8743,#8744,#8745,#8746,#8747,#8748,#8749,#8750,#8751,
#8752,#8753,#8754,#8755,#8756,#8757,#8758,#8759,#8760,#8761,#8762,#8763,
#8764,#8765,#8766,#8767,#8768,#8769,#8770,#8771,#8772,#8773,#8774,#8775,
#8776,#8777,#8778,#8779,#8780,#8781,#8782,#8783,#8784,#8785,#8786,#8787,
#8788,#8789,#8790,#8791,#8792,#8793,#8794,#8795,#8796,#8797,#8798,#8799,
#8800,#8801,#8802,#8803,#8804,#8805,#8806,#8807,#8808,#8809,#8810,#8811,
#8812,#8813,#8814,#8815,#8816,#8817,#8818,#8819,#8820,#8821,#8822,#8823,
#8824,#8825,#8826,#8827,#8828,#8829,#8830,#8831,#8832,#8833,#8834,#8835,
#8836,#8837,#8838,#8839,#8840,#8841,#8842,#8843,#8844,#8845,#8846,#8847,
#8848,#8849,#8850,#8851,#8852,#8853,#8854,#8855,#8856,#8857,#8858,#8859,
#8860,#8861,#8862,#8863,#8864,#8865,#8866,#8867,#8868,#8869,#8870,#8871,
#8872,#8873),.UNSPECIFIED.,.F.,.F.,(9,1,6,1,5,1,3,6,3,6,1,2,5,5,6,5,7,6,
5,3,5,3,4,3,6,4,6,6,6,1,6,4,9),(0.,0.028043124908,0.0827151859490001,0.112481626478,
0.163440877607,0.187408681068,0.205340474687,0.248054614866,0.297630770713,
0.371499401366,0.384625494681,0.410750765398,0.4256410718,0.439480297386,
0.466489890894,0.483788924628,0.499743515489,0.52602522884,0.534079175142,
0.541077100646,0.555122355234,0.564185220545,0.572241840833,0.588323574018,
0.621373693608,0.64338229059,0.688489266332,0.750573413436,0.832687697647,
0.867802702248,0.91284194756462,0.92782777553468,1.),.UNSPECIFIED.);
#46=B_SPLINE_CURVE_WITH_KNOTS('',8,(#9328,#9329,#9330,#9331,#9332,#9333,
#9334,#9335,#9336,#9337,#9338,#9339,#9340,#9341,#9342,#9343,#9344,#9345,
#9346,#9347,#9348,#9349,#9350,#9351,#9352,#9353,#9354,#9355,#9356,#9357,
#9358,#9359,#9360,#9361,#9362,#9363,#9364,#9365,#9366,#9367,#9368,#9369,
#9370,#9371,#9372,#9373,#9374,#9375,#9376,#9377,#9378,#9379,#9380,#9381,
#9382,#9383,#9384,#9385,#9386,#9387,#9388,#9389,#9390,#9391,#9392,#9393,
#9394,#9395,#9396,#9397,#9398),.UNSPECIFIED.,.F.,.F.,(9,6,2,3,2,4,6,6,6,
4,5,6,6,6,9),(0.,0.069867409117,0.127893330257,0.147961038429,0.187059761699,
0.241345757305,0.346321797251,0.397209015521,0.499925899106,0.564810442747,
0.628739523608,0.733956155985,0.836264409477,0.87522648395,1.),
 .UNSPECIFIED.);
#47=B_SPLINE_CURVE_WITH_KNOTS('',8,(#9569,#9570,#9571,#9572,#9573,#9574,
#9575,#9576,#9577,#9578,#9579,#9580,#9581,#9582,#9583,#9584,#9585,#9586,
#9587,#9588,#9589,#9590,#9591,#9592,#9593,#9594,#9595,#9596,#9597,#9598,
#9599,#9600,#9601,#9602,#9603,#9604,#9605,#9606,#9607,#9608,#9609,#9610,
#9611,#9612,#9613,#9614,#9615,#9616,#9617,#9618,#9619,#9620,#9621,#9622,
#9623,#9624,#9625,#9626,#9627,#9628,#9629,#9630,#9631,#9632,#9633,#9634,
#9635,#9636,#9637,#9638,#9639,#9640,#9641,#9642,#9643,#9644,#9645,#9646,
#9647,#9648,#9649,#9650),.UNSPECIFIED.,.F.,.F.,(9,5,6,5,6,1,6,6,6,6,5,6,
3,2,1,6,1,2,9),(0.,0.0848002772400001,0.124546533398,0.204278768511,0.257552153165,
0.322086910323,0.372896823428,0.480211395206,0.526325565682,0.623011826644,
0.714709365996,0.756691032047,0.839984957192,0.870036837813,0.90020989603258,
0.9311102395082,0.94792357517314,0.98185547544139,1.),.UNSPECIFIED.);
#48=B_SPLINE_CURVE_WITH_KNOTS('',8,(#9782,#9783,#9784,#9785,#9786,#9787,
#9788,#9789,#9790,#9791,#9792,#9793,#9794,#9795,#9796,#9797,#9798,#9799,
#9800,#9801,#9802,#9803,#9804,#9805,#9806,#9807,#9808,#9809,#9810,#9811,
#9812,#9813,#9814,#9815,#9816,#9817,#9818,#9819,#9820,#9821,#9822,#9823),
 .UNSPECIFIED.,.F.,.F.,(9,7,6,6,2,6,5,1,9),(0.,0.186974701518,0.373072615508,
0.560123680641,0.594071710335,0.760119198652,0.827156149015,0.90511281839732,
1.),.UNSPECIFIED.);
#49=B_SPLINE_CURVE_WITH_KNOTS('',8,(#9982,#9983,#9984,#9985,#9986,#9987,
#9988,#9989,#9990,#9991,#9992,#9993,#9994,#9995,#9996,#9997,#9998,#9999,
#10000,#10001,#10002,#10003,#10004,#10005,#10006,#10007,#10008,#10009,#10010,
#10011,#10012,#10013,#10014,#10015,#10016,#10017,#10018,#10019,#10020,#10021,
#10022,#10023,#10024,#10025,#10026,#10027,#10028,#10029,#10030,#10031,#10032,
#10033,#10034,#10035,#10036,#10037,#10038,#10039,#10040,#10041,#10042,#10043,
#10044,#10045,#10046,#10047,#10048,#10049),.UNSPECIFIED.,.F.,.F.,(9,6,2,
6,2,2,6,6,2,6,6,6,6,1,2,9),(0.,0.087046364045,0.146986681027,0.17705358895,
0.238078340151,0.271060938954,0.315017741456,0.427032413932,0.50702942836,
0.560999804636,0.659936407612,0.724974139387,0.852990460309,0.882940277011,
0.96093563554419,1.),.UNSPECIFIED.);
#50=ELLIPSE('',#4829,8.40441274186955,8.25);
#51=ELLIPSE('',#4841,20.,4.);
#52=ELLIPSE('',#4842,20.,4.);
#53=ELLIPSE('',#5096,20.,4.);
#54=ELLIPSE('',#5159,20.,4.);
#55=CYLINDRICAL_SURFACE('',#4740,2.025);
#56=CYLINDRICAL_SURFACE('',#4743,2.025);
#57=CYLINDRICAL_SURFACE('',#4752,1.1);
#58=CYLINDRICAL_SURFACE('',#4758,2.025);
#59=CYLINDRICAL_SURFACE('',#4760,2.025);
#60=CYLINDRICAL_SURFACE('',#4764,1.1);
#61=CYLINDRICAL_SURFACE('',#4772,2.025);
#62=CYLINDRICAL_SURFACE('',#4775,2.025);
#63=CYLINDRICAL_SURFACE('',#4784,1.1);
#64=CYLINDRICAL_SURFACE('',#4790,2.025);
#65=CYLINDRICAL_SURFACE('',#4792,2.025);
#66=CYLINDRICAL_SURFACE('',#4796,1.1);
#67=CYLINDRICAL_SURFACE('',#4801,4.);
#68=CYLINDRICAL_SURFACE('',#4807,0.9);
#69=CYLINDRICAL_SURFACE('',#4810,0.9);
#70=CYLINDRICAL_SURFACE('',#4813,0.9);
#71=CYLINDRICAL_SURFACE('',#4816,0.9);
#72=CYLINDRICAL_SURFACE('',#4819,0.9);
#73=CYLINDRICAL_SURFACE('',#4822,0.9);
#74=CYLINDRICAL_SURFACE('',#4825,0.9);
#75=CYLINDRICAL_SURFACE('',#4828,8.25);
#76=CYLINDRICAL_SURFACE('',#4908,0.199999999999999);
#77=CYLINDRICAL_SURFACE('',#4910,0.199999999999999);
#78=CYLINDRICAL_SURFACE('',#4912,0.199999999999999);
#79=CYLINDRICAL_SURFACE('',#4914,0.200000000000001);
#80=CYLINDRICAL_SURFACE('',#4916,0.200000000000001);
#81=CYLINDRICAL_SURFACE('',#4918,0.200000000000001);
#82=CYLINDRICAL_SURFACE('',#4920,0.200000000000001);
#83=CYLINDRICAL_SURFACE('',#4922,1.30776653209787);
#84=CYLINDRICAL_SURFACE('',#4941,43.5425431138449);
#85=CYLINDRICAL_SURFACE('',#4943,0.346321546975299);
#86=CYLINDRICAL_SURFACE('',#4945,44.5325142076494);
#87=CYLINDRICAL_SURFACE('',#4948,4.15650031086957);
#88=CYLINDRICAL_SURFACE('',#4951,61.2144942996765);
#89=CYLINDRICAL_SURFACE('',#4953,50.1945859136152);
#90=CYLINDRICAL_SURFACE('',#4956,52.5665336428159);
#91=CYLINDRICAL_SURFACE('',#4958,46.2529719099262);
#92=CYLINDRICAL_SURFACE('',#4961,52.6420896831635);
#93=CYLINDRICAL_SURFACE('',#4963,44.1776354362846);
#94=CYLINDRICAL_SURFACE('',#4966,49.5892691622763);
#95=CYLINDRICAL_SURFACE('',#4968,38.6954681242244);
#96=CYLINDRICAL_SURFACE('',#4973,4.90119131065791);
#97=CYLINDRICAL_SURFACE('',#4975,44.3136803642885);
#98=CYLINDRICAL_SURFACE('',#4977,42.1440013136134);
#99=CYLINDRICAL_SURFACE('',#4979,4.90119131066163);
#100=CYLINDRICAL_SURFACE('',#4981,6.72856878239396);
#101=CYLINDRICAL_SURFACE('',#4983,42.2478939456766);
#102=CYLINDRICAL_SURFACE('',#4985,38.6603211628496);
#103=CYLINDRICAL_SURFACE('',#4987,6.72856878239173);
#104=CYLINDRICAL_SURFACE('',#4991,3.75584114412462);
#105=CYLINDRICAL_SURFACE('',#5038,1.95336433872067);
#106=CYLINDRICAL_SURFACE('',#5049,1.94791142651376);
#107=CYLINDRICAL_SURFACE('',#5052,1.99243524020185);
#108=CYLINDRICAL_SURFACE('',#5055,1.97958833479199);
#109=CYLINDRICAL_SURFACE('',#5083,0.2);
#110=CYLINDRICAL_SURFACE('',#5084,0.2);
#111=CYLINDRICAL_SURFACE('',#5085,0.199999999999999);
#112=CYLINDRICAL_SURFACE('',#5086,0.199999999999999);
#113=CYLINDRICAL_SURFACE('',#5087,0.199999999999999);
#114=CYLINDRICAL_SURFACE('',#5088,0.199999999999999);
#115=CYLINDRICAL_SURFACE('',#5089,0.199999999999999);
#116=CYLINDRICAL_SURFACE('',#5090,0.199999999999999);
#117=CYLINDRICAL_SURFACE('',#5091,0.199999999999999);
#118=CYLINDRICAL_SURFACE('',#5092,0.199999999999999);
#119=CYLINDRICAL_SURFACE('',#5093,0.199999999999999);
#120=CYLINDRICAL_SURFACE('',#5094,0.199999999999999);
#121=CYLINDRICAL_SURFACE('',#5098,15.);
#122=CYLINDRICAL_SURFACE('',#5101,15.);
#123=CYLINDRICAL_SURFACE('',#5105,12.5);
#124=CYLINDRICAL_SURFACE('',#5108,12.5);
#125=CYLINDRICAL_SURFACE('',#5110,4.);
#126=CYLINDRICAL_SURFACE('',#5115,4.);
#127=CYLINDRICAL_SURFACE('',#5118,12.5);
#128=CYLINDRICAL_SURFACE('',#5122,15.);
#129=CYLINDRICAL_SURFACE('',#5127,4.);
#130=CYLINDRICAL_SURFACE('',#5133,12.5);
#131=CYLINDRICAL_SURFACE('',#5136,15.);
#132=FACE_BOUND('',#623,.T.);
#133=FACE_BOUND('',#625,.T.);
#134=FACE_BOUND('',#627,.T.);
#135=FACE_BOUND('',#629,.T.);
#136=FACE_BOUND('',#635,.T.);
#137=FACE_BOUND('',#645,.T.);
#138=FACE_BOUND('',#651,.T.);
#139=FACE_BOUND('',#661,.T.);
#140=FACE_BOUND('',#673,.T.);
#141=FACE_BOUND('',#674,.T.);
#142=FACE_BOUND('',#675,.T.);
#143=FACE_BOUND('',#676,.T.);
#144=FACE_BOUND('',#677,.T.);
#145=FACE_BOUND('',#678,.T.);
#146=FACE_BOUND('',#679,.T.);
#147=FACE_BOUND('',#680,.T.);
#148=FACE_BOUND('',#681,.T.);
#149=FACE_BOUND('',#682,.T.);
#150=FACE_BOUND('',#683,.T.);
#151=FACE_BOUND('',#694,.T.);
#152=FACE_BOUND('',#695,.T.);
#153=FACE_BOUND('',#696,.T.);
#154=FACE_BOUND('',#697,.T.);
#155=FACE_BOUND('',#698,.T.);
#156=FACE_BOUND('',#699,.T.);
#157=FACE_BOUND('',#700,.T.);
#158=FACE_BOUND('',#701,.T.);
#159=FACE_BOUND('',#702,.T.);
#160=FACE_BOUND('',#703,.T.);
#161=FACE_BOUND('',#704,.T.);
#162=FACE_BOUND('',#705,.T.);
#163=FACE_BOUND('',#706,.T.);
#164=FACE_BOUND('',#707,.T.);
#165=FACE_BOUND('',#708,.T.);
#166=FACE_BOUND('',#709,.T.);
#167=FACE_BOUND('',#710,.T.);
#168=FACE_BOUND('',#787,.T.);
#169=FACE_BOUND('',#788,.T.);
#170=FACE_BOUND('',#789,.T.);
#171=FACE_BOUND('',#898,.T.);
#172=FACE_BOUND('',#910,.T.);
#173=CIRCLE('',#4726,4.);
#174=CIRCLE('',#4727,2.025);
#175=CIRCLE('',#4729,4.);
#176=CIRCLE('',#4730,2.025);
#177=CIRCLE('',#4732,4.);
#178=CIRCLE('',#4733,2.025);
#179=CIRCLE('',#4735,4.);
#180=CIRCLE('',#4736,2.025);
#181=CIRCLE('',#4738,2.025);
#182=CIRCLE('',#4739,2.025);
#183=CIRCLE('',#4741,2.025);
#184=CIRCLE('',#4742,2.025);
#185=CIRCLE('',#4744,2.025);
#186=CIRCLE('',#4745,2.025);
#187=CIRCLE('',#4746,2.025);
#188=CIRCLE('',#4749,1.1);
#189=CIRCLE('',#4751,1.1);
#190=CIRCLE('',#4754,2.025);
#191=CIRCLE('',#4755,2.025);
#192=CIRCLE('',#4756,2.025);
#193=CIRCLE('',#4757,2.025);
#194=CIRCLE('',#4759,2.025);
#195=CIRCLE('',#4761,2.025);
#196=CIRCLE('',#4762,2.025);
#197=CIRCLE('',#4765,1.1);
#198=CIRCLE('',#4766,1.1);
#199=CIRCLE('',#4770,2.025);
#200=CIRCLE('',#4771,2.025);
#201=CIRCLE('',#4773,2.025);
#202=CIRCLE('',#4774,2.025);
#203=CIRCLE('',#4776,2.025);
#204=CIRCLE('',#4777,2.025);
#205=CIRCLE('',#4778,2.025);
#206=CIRCLE('',#4781,1.1);
#207=CIRCLE('',#4783,1.1);
#208=CIRCLE('',#4786,2.025);
#209=CIRCLE('',#4787,2.025);
#210=CIRCLE('',#4788,2.025);
#211=CIRCLE('',#4789,2.025);
#212=CIRCLE('',#4791,2.025);
#213=CIRCLE('',#4793,2.025);
#214=CIRCLE('',#4794,2.025);
#215=CIRCLE('',#4797,1.1);
#216=CIRCLE('',#4798,1.1);
#217=CIRCLE('',#4802,4.);
#218=CIRCLE('',#4803,4.);
#219=CIRCLE('',#4804,4.);
#220=CIRCLE('',#4805,4.);
#221=CIRCLE('',#4806,4.);
#222=CIRCLE('',#4808,0.9);
#223=CIRCLE('',#4809,0.9);
#224=CIRCLE('',#4811,0.9);
#225=CIRCLE('',#4812,0.9);
#226=CIRCLE('',#4814,0.9);
#227=CIRCLE('',#4815,0.9);
#228=CIRCLE('',#4817,0.9);
#229=CIRCLE('',#4818,0.9);
#230=CIRCLE('',#4820,0.9);
#231=CIRCLE('',#4821,0.9);
#232=CIRCLE('',#4823,0.9);
#233=CIRCLE('',#4824,0.9);
#234=CIRCLE('',#4826,0.9);
#235=CIRCLE('',#4827,0.9);
#236=CIRCLE('',#4831,11.76553);
#237=CIRCLE('',#4833,12.5);
#238=CIRCLE('',#4834,4.);
#239=CIRCLE('',#4835,4.);
#240=CIRCLE('',#4836,4.);
#241=CIRCLE('',#4837,4.);
#242=CIRCLE('',#4838,12.5);
#243=CIRCLE('',#4839,4.);
#244=CIRCLE('',#4840,4.);
#245=CIRCLE('',#4844,15.);
#246=CIRCLE('',#4845,14.);
#247=CIRCLE('',#4848,15.);
#248=CIRCLE('',#4849,14.);
#249=CIRCLE('',#4851,12.5);
#250=CIRCLE('',#4853,4.);
#251=CIRCLE('',#4854,12.5);
#252=CIRCLE('',#4856,14.);
#253=CIRCLE('',#4857,15.);
#254=CIRCLE('',#4860,14.);
#255=CIRCLE('',#4861,15.);
#256=CIRCLE('',#4864,43.5425431138449);
#257=CIRCLE('',#4865,0.346321546975298);
#258=CIRCLE('',#4866,44.5325142076494);
#259=CIRCLE('',#4867,0.199999999999999);
#260=CIRCLE('',#4868,0.2);
#261=CIRCLE('',#4869,0.2);
#262=CIRCLE('',#4870,0.199999999999999);
#263=CIRCLE('',#4871,4.15650031086957);
#264=CIRCLE('',#4872,0.199999999999999);
#265=CIRCLE('',#4873,61.2144942996765);
#266=CIRCLE('',#4874,0.200000000000001);
#267=CIRCLE('',#4875,50.1945859136152);
#268=CIRCLE('',#4876,0.199999999999999);
#269=CIRCLE('',#4877,0.199999999999999);
#270=CIRCLE('',#4878,52.5665336428159);
#271=CIRCLE('',#4879,0.200000000000001);
#272=CIRCLE('',#4880,46.2529719099262);
#273=CIRCLE('',#4881,0.199999999999999);
#274=CIRCLE('',#4882,0.199999999999999);
#275=CIRCLE('',#4883,52.6420896831635);
#276=CIRCLE('',#4884,0.200000000000001);
#277=CIRCLE('',#4885,44.1776354362846);
#278=CIRCLE('',#4886,0.199999999999999);
#279=CIRCLE('',#4887,0.199999999999999);
#280=CIRCLE('',#4888,49.5892691622763);
#281=CIRCLE('',#4889,0.200000000000001);
#282=CIRCLE('',#4890,38.6954681242244);
#283=CIRCLE('',#4891,0.199999999999999);
#284=CIRCLE('',#4892,4.90119131065791);
#285=CIRCLE('',#4893,44.3136803642885);
#286=CIRCLE('',#4894,0.199999999999999);
#287=CIRCLE('',#4895,42.1440013136134);
#288=CIRCLE('',#4896,4.90119131066163);
#289=CIRCLE('',#4897,6.72856878239396);
#290=CIRCLE('',#4898,42.2478939456766);
#291=CIRCLE('',#4899,0.199999999999999);
#292=CIRCLE('',#4900,38.6603211628496);
#293=CIRCLE('',#4901,6.72856878239173);
#294=CIRCLE('',#4902,3.75584114412462);
#295=CIRCLE('',#4903,0.199999999999999);
#296=CIRCLE('',#4904,1.95336433872067);
#297=CIRCLE('',#4905,1.94791142651376);
#298=CIRCLE('',#4906,1.99243524020185);
#299=CIRCLE('',#4907,1.97958833479199);
#300=CIRCLE('',#4909,0.199999999999999);
#301=CIRCLE('',#4911,0.199999999999999);
#302=CIRCLE('',#4913,0.199999999999999);
#303=CIRCLE('',#4915,0.200000000000001);
#304=CIRCLE('',#4917,0.200000000000001);
#305=CIRCLE('',#4919,0.200000000000001);
#306=CIRCLE('',#4921,0.200000000000001);
#307=CIRCLE('',#4923,1.30776653209787);
#308=CIRCLE('',#4924,1.30776653209787);
#309=CIRCLE('',#4942,43.5425431138449);
#310=CIRCLE('',#4944,0.346321546975298);
#311=CIRCLE('',#4946,44.5325142076494);
#312=CIRCLE('',#4949,4.15650031086957);
#313=CIRCLE('',#4952,61.2144942996765);
#314=CIRCLE('',#4954,50.1945859136152);
#315=CIRCLE('',#4957,52.5665336428159);
#316=CIRCLE('',#4959,46.2529719099262);
#317=CIRCLE('',#4962,52.6420896831635);
#318=CIRCLE('',#4964,44.1776354362846);
#319=CIRCLE('',#4967,49.5892691622763);
#320=CIRCLE('',#4969,38.6954681242244);
#321=CIRCLE('',#4974,4.90119131065791);
#322=CIRCLE('',#4976,44.3136803642885);
#323=CIRCLE('',#4978,42.1440013136134);
#324=CIRCLE('',#4980,4.90119131066163);
#325=CIRCLE('',#4982,6.72856878239396);
#326=CIRCLE('',#4984,42.2478939456766);
#327=CIRCLE('',#4986,38.6603211628496);
#328=CIRCLE('',#4988,6.72856878239173);
#329=CIRCLE('',#4992,3.75584114412462);
#330=CIRCLE('',#5011,0.199999999999999);
#331=CIRCLE('',#5012,0.199999999999999);
#332=CIRCLE('',#5013,0.2);
#333=CIRCLE('',#5014,0.2);
#334=CIRCLE('',#5015,0.199999999999999);
#335=CIRCLE('',#5016,0.199999999999999);
#336=CIRCLE('',#5017,0.199999999999999);
#337=CIRCLE('',#5018,0.199999999999999);
#338=CIRCLE('',#5019,0.199999999999999);
#339=CIRCLE('',#5020,0.199999999999999);
#340=CIRCLE('',#5021,0.199999999999999);
#341=CIRCLE('',#5022,0.199999999999999);
#342=CIRCLE('',#5039,1.95336433872067);
#343=CIRCLE('',#5050,1.94791142651376);
#344=CIRCLE('',#5053,1.99243524020185);
#345=CIRCLE('',#5056,1.97958833479199);
#346=CIRCLE('',#5099,15.);
#347=CIRCLE('',#5102,15.);
#348=CIRCLE('',#5106,12.5);
#349=CIRCLE('',#5109,12.5);
#350=CIRCLE('',#5111,4.);
#351=CIRCLE('',#5116,4.);
#352=CIRCLE('',#5119,12.5);
#353=CIRCLE('',#5123,15.);
#354=CIRCLE('',#5128,4.);
#355=CIRCLE('',#5129,4.);
#356=CIRCLE('',#5134,12.5);
#357=CIRCLE('',#5137,15.);
#358=CIRCLE('',#5143,13.5772094050867);
#359=CIRCLE('',#5144,13.5772094050866);
#360=CIRCLE('',#5145,13.5772094050866);
#361=CIRCLE('',#5146,13.5772094050866);
#362=CIRCLE('',#5149,13.5501540544479);
#363=CIRCLE('',#5152,13.5501540544479);
#364=CIRCLE('',#5155,13.5501540544479);
#365=CIRCLE('',#5157,13.5501540544479);
#366=FACE_OUTER_BOUND('',#618,.T.);
#367=FACE_OUTER_BOUND('',#619,.T.);
#368=FACE_OUTER_BOUND('',#620,.T.);
#369=FACE_OUTER_BOUND('',#621,.T.);
#370=FACE_OUTER_BOUND('',#622,.T.);
#371=FACE_OUTER_BOUND('',#624,.T.);
#372=FACE_OUTER_BOUND('',#626,.T.);
#373=FACE_OUTER_BOUND('',#628,.T.);
#374=FACE_OUTER_BOUND('',#630,.T.);
#375=FACE_OUTER_BOUND('',#631,.T.);
#376=FACE_OUTER_BOUND('',#632,.T.);
#377=FACE_OUTER_BOUND('',#633,.T.);
#378=FACE_OUTER_BOUND('',#634,.T.);
#379=FACE_OUTER_BOUND('',#636,.T.);
#380=FACE_OUTER_BOUND('',#637,.T.);
#381=FACE_OUTER_BOUND('',#638,.T.);
#382=FACE_OUTER_BOUND('',#639,.T.);
#383=FACE_OUTER_BOUND('',#640,.T.);
#384=FACE_OUTER_BOUND('',#641,.T.);
#385=FACE_OUTER_BOUND('',#642,.T.);
#386=FACE_OUTER_BOUND('',#643,.T.);
#387=FACE_OUTER_BOUND('',#644,.T.);
#388=FACE_OUTER_BOUND('',#646,.T.);
#389=FACE_OUTER_BOUND('',#647,.T.);
#390=FACE_OUTER_BOUND('',#648,.T.);
#391=FACE_OUTER_BOUND('',#649,.T.);
#392=FACE_OUTER_BOUND('',#650,.T.);
#393=FACE_OUTER_BOUND('',#652,.T.);
#394=FACE_OUTER_BOUND('',#653,.T.);
#395=FACE_OUTER_BOUND('',#654,.T.);
#396=FACE_OUTER_BOUND('',#655,.T.);
#397=FACE_OUTER_BOUND('',#656,.T.);
#398=FACE_OUTER_BOUND('',#657,.T.);
#399=FACE_OUTER_BOUND('',#658,.T.);
#400=FACE_OUTER_BOUND('',#659,.T.);
#401=FACE_OUTER_BOUND('',#660,.T.);
#402=FACE_OUTER_BOUND('',#662,.T.);
#403=FACE_OUTER_BOUND('',#663,.T.);
#404=FACE_OUTER_BOUND('',#664,.T.);
#405=FACE_OUTER_BOUND('',#665,.T.);
#406=FACE_OUTER_BOUND('',#666,.T.);
#407=FACE_OUTER_BOUND('',#667,.T.);
#408=FACE_OUTER_BOUND('',#668,.T.);
#409=FACE_OUTER_BOUND('',#669,.T.);
#410=FACE_OUTER_BOUND('',#670,.T.);
#411=FACE_OUTER_BOUND('',#671,.T.);
#412=FACE_OUTER_BOUND('',#672,.T.);
#413=FACE_OUTER_BOUND('',#684,.T.);
#414=FACE_OUTER_BOUND('',#685,.T.);
#415=FACE_OUTER_BOUND('',#686,.T.);
#416=FACE_OUTER_BOUND('',#687,.T.);
#417=FACE_OUTER_BOUND('',#688,.T.);
#418=FACE_OUTER_BOUND('',#689,.T.);
#419=FACE_OUTER_BOUND('',#690,.T.);
#420=FACE_OUTER_BOUND('',#691,.T.);
#421=FACE_OUTER_BOUND('',#692,.T.);
#422=FACE_OUTER_BOUND('',#693,.T.);
#423=FACE_OUTER_BOUND('',#711,.T.);
#424=FACE_OUTER_BOUND('',#712,.T.);
#425=FACE_OUTER_BOUND('',#713,.T.);
#426=FACE_OUTER_BOUND('',#714,.T.);
#427=FACE_OUTER_BOUND('',#715,.T.);
#428=FACE_OUTER_BOUND('',#716,.T.);
#429=FACE_OUTER_BOUND('',#717,.T.);
#430=FACE_OUTER_BOUND('',#718,.T.);
#431=FACE_OUTER_BOUND('',#719,.T.);
#432=FACE_OUTER_BOUND('',#720,.T.);
#433=FACE_OUTER_BOUND('',#721,.T.);
#434=FACE_OUTER_BOUND('',#722,.T.);
#435=FACE_OUTER_BOUND('',#723,.T.);
#436=FACE_OUTER_BOUND('',#724,.T.);
#437=FACE_OUTER_BOUND('',#725,.T.);
#438=FACE_OUTER_BOUND('',#726,.T.);
#439=FACE_OUTER_BOUND('',#727,.T.);
#440=FACE_OUTER_BOUND('',#728,.T.);
#441=FACE_OUTER_BOUND('',#729,.T.);
#442=FACE_OUTER_BOUND('',#730,.T.);
#443=FACE_OUTER_BOUND('',#731,.T.);
#444=FACE_OUTER_BOUND('',#732,.T.);
#445=FACE_OUTER_BOUND('',#733,.T.);
#446=FACE_OUTER_BOUND('',#734,.T.);
#447=FACE_OUTER_BOUND('',#735,.T.);
#448=FACE_OUTER_BOUND('',#736,.T.);
#449=FACE_OUTER_BOUND('',#737,.T.);
#450=FACE_OUTER_BOUND('',#738,.T.);
#451=FACE_OUTER_BOUND('',#739,.T.);
#452=FACE_OUTER_BOUND('',#740,.T.);
#453=FACE_OUTER_BOUND('',#741,.T.);
#454=FACE_OUTER_BOUND('',#742,.T.);
#455=FACE_OUTER_BOUND('',#743,.T.);
#456=FACE_OUTER_BOUND('',#744,.T.);
#457=FACE_OUTER_BOUND('',#745,.T.);
#458=FACE_OUTER_BOUND('',#746,.T.);
#459=FACE_OUTER_BOUND('',#747,.T.);
#460=FACE_OUTER_BOUND('',#748,.T.);
#461=FACE_OUTER_BOUND('',#749,.T.);
#462=FACE_OUTER_BOUND('',#750,.T.);
#463=FACE_OUTER_BOUND('',#751,.T.);
#464=FACE_OUTER_BOUND('',#752,.T.);
#465=FACE_OUTER_BOUND('',#753,.T.);
#466=FACE_OUTER_BOUND('',#754,.T.);
#467=FACE_OUTER_BOUND('',#755,.T.);
#468=FACE_OUTER_BOUND('',#756,.T.);
#469=FACE_OUTER_BOUND('',#757,.T.);
#470=FACE_OUTER_BOUND('',#758,.T.);
#471=FACE_OUTER_BOUND('',#759,.T.);
#472=FACE_OUTER_BOUND('',#760,.T.);
#473=FACE_OUTER_BOUND('',#761,.T.);
#474=FACE_OUTER_BOUND('',#762,.T.);
#475=FACE_OUTER_BOUND('',#763,.T.);
#476=FACE_OUTER_BOUND('',#764,.T.);
#477=FACE_OUTER_BOUND('',#765,.T.);
#478=FACE_OUTER_BOUND('',#766,.T.);
#479=FACE_OUTER_BOUND('',#767,.T.);
#480=FACE_OUTER_BOUND('',#768,.T.);
#481=FACE_OUTER_BOUND('',#769,.T.);
#482=FACE_OUTER_BOUND('',#770,.T.);
#483=FACE_OUTER_BOUND('',#771,.T.);
#484=FACE_OUTER_BOUND('',#772,.T.);
#485=FACE_OUTER_BOUND('',#773,.T.);
#486=FACE_OUTER_BOUND('',#774,.T.);
#487=FACE_OUTER_BOUND('',#775,.T.);
#488=FACE_OUTER_BOUND('',#776,.T.);
#489=FACE_OUTER_BOUND('',#777,.T.);
#490=FACE_OUTER_BOUND('',#778,.T.);
#491=FACE_OUTER_BOUND('',#779,.T.);
#492=FACE_OUTER_BOUND('',#780,.T.);
#493=FACE_OUTER_BOUND('',#781,.T.);
#494=FACE_OUTER_BOUND('',#782,.T.);
#495=FACE_OUTER_BOUND('',#783,.T.);
#496=FACE_OUTER_BOUND('',#784,.T.);
#497=FACE_OUTER_BOUND('',#785,.T.);
#498=FACE_OUTER_BOUND('',#786,.T.);
#499=FACE_OUTER_BOUND('',#790,.T.);
#500=FACE_OUTER_BOUND('',#791,.T.);
#501=FACE_OUTER_BOUND('',#792,.T.);
#502=FACE_OUTER_BOUND('',#793,.T.);
#503=FACE_OUTER_BOUND('',#794,.T.);
#504=FACE_OUTER_BOUND('',#795,.T.);
#505=FACE_OUTER_BOUND('',#796,.T.);
#506=FACE_OUTER_BOUND('',#797,.T.);
#507=FACE_OUTER_BOUND('',#798,.T.);
#508=FACE_OUTER_BOUND('',#799,.T.);
#509=FACE_OUTER_BOUND('',#800,.T.);
#510=FACE_OUTER_BOUND('',#801,.T.);
#511=FACE_OUTER_BOUND('',#802,.T.);
#512=FACE_OUTER_BOUND('',#803,.T.);
#513=FACE_OUTER_BOUND('',#804,.T.);
#514=FACE_OUTER_BOUND('',#805,.T.);
#515=FACE_OUTER_BOUND('',#806,.T.);
#516=FACE_OUTER_BOUND('',#807,.T.);
#517=FACE_OUTER_BOUND('',#808,.T.);
#518=FACE_OUTER_BOUND('',#809,.T.);
#519=FACE_OUTER_BOUND('',#810,.T.);
#520=FACE_OUTER_BOUND('',#811,.T.);
#521=FACE_OUTER_BOUND('',#812,.T.);
#522=FACE_OUTER_BOUND('',#813,.T.);
#523=FACE_OUTER_BOUND('',#814,.T.);
#524=FACE_OUTER_BOUND('',#815,.T.);
#525=FACE_OUTER_BOUND('',#816,.T.);
#526=FACE_OUTER_BOUND('',#817,.T.);
#527=FACE_OUTER_BOUND('',#818,.T.);
#528=FACE_OUTER_BOUND('',#819,.T.);
#529=FACE_OUTER_BOUND('',#820,.T.);
#530=FACE_OUTER_BOUND('',#821,.T.);
#531=FACE_OUTER_BOUND('',#822,.T.);
#532=FACE_OUTER_BOUND('',#823,.T.);
#533=FACE_OUTER_BOUND('',#824,.T.);
#534=FACE_OUTER_BOUND('',#825,.T.);
#535=FACE_OUTER_BOUND('',#826,.T.);
#536=FACE_OUTER_BOUND('',#827,.T.);
#537=FACE_OUTER_BOUND('',#828,.T.);
#538=FACE_OUTER_BOUND('',#829,.T.);
#539=FACE_OUTER_BOUND('',#830,.T.);
#540=FACE_OUTER_BOUND('',#831,.T.);
#541=FACE_OUTER_BOUND('',#832,.T.);
#542=FACE_OUTER_BOUND('',#833,.T.);
#543=FACE_OUTER_BOUND('',#834,.T.);
#544=FACE_OUTER_BOUND('',#835,.T.);
#545=FACE_OUTER_BOUND('',#836,.T.);
#546=FACE_OUTER_BOUND('',#837,.T.);
#547=FACE_OUTER_BOUND('',#838,.T.);
#548=FACE_OUTER_BOUND('',#839,.T.);
#549=FACE_OUTER_BOUND('',#840,.T.);
#550=FACE_OUTER_BOUND('',#841,.T.);
#551=FACE_OUTER_BOUND('',#842,.T.);
#552=FACE_OUTER_BOUND('',#843,.T.);
#553=FACE_OUTER_BOUND('',#844,.T.);
#554=FACE_OUTER_BOUND('',#845,.T.);
#555=FACE_OUTER_BOUND('',#846,.T.);
#556=FACE_OUTER_BOUND('',#847,.T.);
#557=FACE_OUTER_BOUND('',#848,.T.);
#558=FACE_OUTER_BOUND('',#849,.T.);
#559=FACE_OUTER_BOUND('',#850,.T.);
#560=FACE_OUTER_BOUND('',#851,.T.);
#561=FACE_OUTER_BOUND('',#852,.T.);
#562=FACE_OUTER_BOUND('',#853,.T.);
#563=FACE_OUTER_BOUND('',#854,.T.);
#564=FACE_OUTER_BOUND('',#855,.T.);
#565=FACE_OUTER_BOUND('',#856,.T.);
#566=FACE_OUTER_BOUND('',#857,.T.);
#567=FACE_OUTER_BOUND('',#858,.T.);
#568=FACE_OUTER_BOUND('',#859,.T.);
#569=FACE_OUTER_BOUND('',#860,.T.);
#570=FACE_OUTER_BOUND('',#861,.T.);
#571=FACE_OUTER_BOUND('',#862,.T.);
#572=FACE_OUTER_BOUND('',#863,.T.);
#573=FACE_OUTER_BOUND('',#864,.T.);
#574=FACE_OUTER_BOUND('',#865,.T.);
#575=FACE_OUTER_BOUND('',#866,.T.);
#576=FACE_OUTER_BOUND('',#867,.T.);
#577=FACE_OUTER_BOUND('',#868,.T.);
#578=FACE_OUTER_BOUND('',#869,.T.);
#579=FACE_OUTER_BOUND('',#870,.T.);
#580=FACE_OUTER_BOUND('',#871,.T.);
#581=FACE_OUTER_BOUND('',#872,.T.);
#582=FACE_OUTER_BOUND('',#873,.T.);
#583=FACE_OUTER_BOUND('',#874,.T.);
#584=FACE_OUTER_BOUND('',#875,.T.);
#585=FACE_OUTER_BOUND('',#876,.T.);
#586=FACE_OUTER_BOUND('',#877,.T.);
#587=FACE_OUTER_BOUND('',#878,.T.);
#588=FACE_OUTER_BOUND('',#879,.T.);
#589=FACE_OUTER_BOUND('',#880,.T.);
#590=FACE_OUTER_BOUND('',#881,.T.);
#591=FACE_OUTER_BOUND('',#882,.T.);
#592=FACE_OUTER_BOUND('',#883,.T.);
#593=FACE_OUTER_BOUND('',#884,.T.);
#594=FACE_OUTER_BOUND('',#885,.T.);
#595=FACE_OUTER_BOUND('',#886,.T.);
#596=FACE_OUTER_BOUND('',#887,.T.);
#597=FACE_OUTER_BOUND('',#888,.T.);
#598=FACE_OUTER_BOUND('',#889,.T.);
#599=FACE_OUTER_BOUND('',#890,.T.);
#600=FACE_OUTER_BOUND('',#891,.T.);
#601=FACE_OUTER_BOUND('',#892,.T.);
#602=FACE_OUTER_BOUND('',#893,.T.);
#603=FACE_OUTER_BOUND('',#894,.T.);
#604=FACE_OUTER_BOUND('',#895,.T.);
#605=FACE_OUTER_BOUND('',#896,.T.);
#606=FACE_OUTER_BOUND('',#897,.T.);
#607=FACE_OUTER_BOUND('',#899,.T.);
#608=FACE_OUTER_BOUND('',#900,.T.);
#609=FACE_OUTER_BOUND('',#901,.T.);
#610=FACE_OUTER_BOUND('',#902,.T.);
#611=FACE_OUTER_BOUND('',#903,.T.);
#612=FACE_OUTER_BOUND('',#904,.T.);
#613=FACE_OUTER_BOUND('',#905,.T.);
#614=FACE_OUTER_BOUND('',#906,.T.);
#615=FACE_OUTER_BOUND('',#907,.T.);
#616=FACE_OUTER_BOUND('',#908,.T.);
#617=FACE_OUTER_BOUND('',#909,.T.);
#618=EDGE_LOOP('',(#2950,#2951,#2952,#2953));
#619=EDGE_LOOP('',(#2954,#2955,#2956,#2957));
#620=EDGE_LOOP('',(#2958,#2959,#2960,#2961));
#621=EDGE_LOOP('',(#2962,#2963,#2964,#2965));
#622=EDGE_LOOP('',(#2966));
#623=EDGE_LOOP('',(#2967));
#624=EDGE_LOOP('',(#2968));
#625=EDGE_LOOP('',(#2969));
#626=EDGE_LOOP('',(#2970));
#627=EDGE_LOOP('',(#2971));
#628=EDGE_LOOP('',(#2972));
#629=EDGE_LOOP('',(#2973));
#630=EDGE_LOOP('',(#2974,#2975));
#631=EDGE_LOOP('',(#2976,#2977,#2978,#2979,#2980,#2981,#2982,#2983));
#632=EDGE_LOOP('',(#2984,#2985,#2986,#2987,#2988,#2989,#2990,#2991));
#633=EDGE_LOOP('',(#2992,#2993,#2994,#2995));
#634=EDGE_LOOP('',(#2996));
#635=EDGE_LOOP('',(#2997));
#636=EDGE_LOOP('',(#2998));
#637=EDGE_LOOP('',(#2999,#3000,#3001,#3002));
#638=EDGE_LOOP('',(#3003,#3004,#3005,#3006));
#639=EDGE_LOOP('',(#3007,#3008,#3009,#3010,#3011,#3012,#3013,#3014));
#640=EDGE_LOOP('',(#3015,#3016,#3017,#3018,#3019,#3020,#3021,#3022));
#641=EDGE_LOOP('',(#3023,#3024));
#642=EDGE_LOOP('',(#3025,#3026,#3027,#3028));
#643=EDGE_LOOP('',(#3029));
#644=EDGE_LOOP('',(#3030));
#645=EDGE_LOOP('',(#3031));
#646=EDGE_LOOP('',(#3032,#3033));
#647=EDGE_LOOP('',(#3034,#3035,#3036,#3037,#3038,#3039,#3040,#3041));
#648=EDGE_LOOP('',(#3042,#3043,#3044,#3045,#3046,#3047,#3048,#3049));
#649=EDGE_LOOP('',(#3050,#3051,#3052,#3053));
#650=EDGE_LOOP('',(#3054));
#651=EDGE_LOOP('',(#3055));
#652=EDGE_LOOP('',(#3056));
#653=EDGE_LOOP('',(#3057,#3058,#3059,#3060));
#654=EDGE_LOOP('',(#3061,#3062,#3063,#3064));
#655=EDGE_LOOP('',(#3065,#3066,#3067,#3068,#3069,#3070,#3071,#3072));
#656=EDGE_LOOP('',(#3073,#3074,#3075,#3076,#3077,#3078,#3079,#3080));
#657=EDGE_LOOP('',(#3081,#3082));
#658=EDGE_LOOP('',(#3083,#3084,#3085,#3086));
#659=EDGE_LOOP('',(#3087));
#660=EDGE_LOOP('',(#3088));
#661=EDGE_LOOP('',(#3089));
#662=EDGE_LOOP('',(#3090,#3091,#3092,#3093,#3094,#3095,#3096,#3097,#3098,
#3099,#3100,#3101));
#663=EDGE_LOOP('',(#3102,#3103,#3104,#3105));
#664=EDGE_LOOP('',(#3106,#3107,#3108,#3109));
#665=EDGE_LOOP('',(#3110,#3111,#3112,#3113));
#666=EDGE_LOOP('',(#3114,#3115,#3116,#3117));
#667=EDGE_LOOP('',(#3118,#3119,#3120,#3121));
#668=EDGE_LOOP('',(#3122,#3123,#3124,#3125));
#669=EDGE_LOOP('',(#3126,#3127,#3128,#3129));
#670=EDGE_LOOP('',(#3130,#3131,#3132,#3133,#3134,#3135));
#671=EDGE_LOOP('',(#3136,#3137,#3138,#3139,#3140,#3141));
#672=EDGE_LOOP('',(#3142,#3143,#3144,#3145,#3146,#3147,#3148,#3149,#3150,
#3151,#3152,#3153,#3154,#3155,#3156,#3157,#3158,#3159,#3160,#3161,#3162));
#673=EDGE_LOOP('',(#3163));
#674=EDGE_LOOP('',(#3164));
#675=EDGE_LOOP('',(#3165));
#676=EDGE_LOOP('',(#3166));
#677=EDGE_LOOP('',(#3167));
#678=EDGE_LOOP('',(#3168));
#679=EDGE_LOOP('',(#3169,#3170));
#680=EDGE_LOOP('',(#3171,#3172));
#681=EDGE_LOOP('',(#3173));
#682=EDGE_LOOP('',(#3174));
#683=EDGE_LOOP('',(#3175,#3176,#3177,#3178));
#684=EDGE_LOOP('',(#3179,#3180,#3181,#3182));
#685=EDGE_LOOP('',(#3183,#3184,#3185,#3186));
#686=EDGE_LOOP('',(#3187,#3188,#3189,#3190));
#687=EDGE_LOOP('',(#3191,#3192,#3193,#3194));
#688=EDGE_LOOP('',(#3195,#3196,#3197,#3198));
#689=EDGE_LOOP('',(#3199,#3200,#3201,#3202));
#690=EDGE_LOOP('',(#3203,#3204,#3205,#3206));
#691=EDGE_LOOP('',(#3207,#3208,#3209,#3210));
#692=EDGE_LOOP('',(#3211,#3212,#3213,#3214));
#693=EDGE_LOOP('',(#3215,#3216,#3217,#3218,#3219,#3220,#3221,#3222));
#694=EDGE_LOOP('',(#3223));
#695=EDGE_LOOP('',(#3224));
#696=EDGE_LOOP('',(#3225));
#697=EDGE_LOOP('',(#3226,#3227,#3228,#3229,#3230,#3231,#3232,#3233,#3234,
#3235));
#698=EDGE_LOOP('',(#3236,#3237,#3238,#3239,#3240,#3241));
#699=EDGE_LOOP('',(#3242,#3243,#3244,#3245));
#700=EDGE_LOOP('',(#3246,#3247,#3248,#3249,#3250,#3251,#3252,#3253,#3254,
#3255,#3256,#3257,#3258,#3259,#3260,#3261,#3262,#3263,#3264,#3265,#3266,
#3267,#3268,#3269,#3270,#3271,#3272,#3273,#3274,#3275,#3276,#3277,#3278,
#3279,#3280,#3281,#3282,#3283,#3284,#3285,#3286,#3287,#3288,#3289,#3290,
#3291,#3292,#3293,#3294,#3295,#3296,#3297,#3298,#3299,#3300,#3301,#3302,
#3303,#3304,#3305,#3306,#3307));
#701=EDGE_LOOP('',(#3308,#3309,#3310,#3311,#3312,#3313,#3314,#3315,#3316,
#3317,#3318,#3319,#3320,#3321,#3322,#3323,#3324,#3325));
#702=EDGE_LOOP('',(#3326,#3327,#3328,#3329,#3330,#3331,#3332,#3333,#3334,
#3335,#3336,#3337));
#703=EDGE_LOOP('',(#3338,#3339,#3340,#3341));
#704=EDGE_LOOP('',(#3342,#3343,#3344,#3345,#3346,#3347));
#705=EDGE_LOOP('',(#3348));
#706=EDGE_LOOP('',(#3349));
#707=EDGE_LOOP('',(#3350));
#708=EDGE_LOOP('',(#3351));
#709=EDGE_LOOP('',(#3352));
#710=EDGE_LOOP('',(#3353,#3354,#3355,#3356));
#711=EDGE_LOOP('',(#3357,#3358,#3359,#3360));
#712=EDGE_LOOP('',(#3361,#3362,#3363,#3364));
#713=EDGE_LOOP('',(#3365,#3366,#3367,#3368));
#714=EDGE_LOOP('',(#3369,#3370,#3371,#3372));
#715=EDGE_LOOP('',(#3373,#3374,#3375,#3376));
#716=EDGE_LOOP('',(#3377,#3378,#3379,#3380));
#717=EDGE_LOOP('',(#3381,#3382,#3383,#3384));
#718=EDGE_LOOP('',(#3385,#3386,#3387,#3388));
#719=EDGE_LOOP('',(#3389,#3390,#3391,#3392));
#720=EDGE_LOOP('',(#3393,#3394,#3395,#3396));
#721=EDGE_LOOP('',(#3397,#3398,#3399,#3400));
#722=EDGE_LOOP('',(#3401,#3402,#3403,#3404));
#723=EDGE_LOOP('',(#3405,#3406,#3407,#3408));
#724=EDGE_LOOP('',(#3409,#3410,#3411,#3412));
#725=EDGE_LOOP('',(#3413,#3414,#3415,#3416));
#726=EDGE_LOOP('',(#3417,#3418,#3419,#3420));
#727=EDGE_LOOP('',(#3421,#3422,#3423,#3424));
#728=EDGE_LOOP('',(#3425,#3426,#3427,#3428));
#729=EDGE_LOOP('',(#3429,#3430,#3431,#3432));
#730=EDGE_LOOP('',(#3433,#3434,#3435,#3436,#3437,#3438,#3439,#3440,#3441,
#3442));
#731=EDGE_LOOP('',(#3443,#3444,#3445,#3446));
#732=EDGE_LOOP('',(#3447,#3448,#3449,#3450));
#733=EDGE_LOOP('',(#3451,#3452,#3453,#3454));
#734=EDGE_LOOP('',(#3455,#3456,#3457,#3458));
#735=EDGE_LOOP('',(#3459,#3460,#3461,#3462));
#736=EDGE_LOOP('',(#3463,#3464,#3465,#3466));
#737=EDGE_LOOP('',(#3467,#3468,#3469,#3470,#3471,#3472));
#738=EDGE_LOOP('',(#3473,#3474,#3475,#3476));
#739=EDGE_LOOP('',(#3477,#3478,#3479,#3480));
#740=EDGE_LOOP('',(#3481,#3482,#3483,#3484));
#741=EDGE_LOOP('',(#3485,#3486,#3487,#3488));
#742=EDGE_LOOP('',(#3489,#3490,#3491,#3492));
#743=EDGE_LOOP('',(#3493,#3494,#3495,#3496));
#744=EDGE_LOOP('',(#3497,#3498,#3499,#3500));
#745=EDGE_LOOP('',(#3501,#3502,#3503,#3504));
#746=EDGE_LOOP('',(#3505,#3506,#3507,#3508));
#747=EDGE_LOOP('',(#3509,#3510,#3511,#3512));
#748=EDGE_LOOP('',(#3513,#3514,#3515,#3516));
#749=EDGE_LOOP('',(#3517,#3518,#3519,#3520));
#750=EDGE_LOOP('',(#3521,#3522,#3523,#3524));
#751=EDGE_LOOP('',(#3525,#3526,#3527,#3528));
#752=EDGE_LOOP('',(#3529,#3530,#3531,#3532));
#753=EDGE_LOOP('',(#3533,#3534,#3535,#3536));
#754=EDGE_LOOP('',(#3537,#3538,#3539,#3540));
#755=EDGE_LOOP('',(#3541,#3542,#3543,#3544));
#756=EDGE_LOOP('',(#3545,#3546,#3547,#3548));
#757=EDGE_LOOP('',(#3549,#3550,#3551,#3552));
#758=EDGE_LOOP('',(#3553,#3554,#3555,#3556));
#759=EDGE_LOOP('',(#3557,#3558,#3559,#3560));
#760=EDGE_LOOP('',(#3561,#3562,#3563,#3564));
#761=EDGE_LOOP('',(#3565,#3566,#3567,#3568));
#762=EDGE_LOOP('',(#3569,#3570,#3571,#3572));
#763=EDGE_LOOP('',(#3573,#3574,#3575,#3576));
#764=EDGE_LOOP('',(#3577,#3578,#3579,#3580));
#765=EDGE_LOOP('',(#3581,#3582,#3583,#3584));
#766=EDGE_LOOP('',(#3585,#3586,#3587,#3588));
#767=EDGE_LOOP('',(#3589,#3590,#3591,#3592));
#768=EDGE_LOOP('',(#3593,#3594,#3595,#3596));
#769=EDGE_LOOP('',(#3597,#3598,#3599,#3600));
#770=EDGE_LOOP('',(#3601,#3602,#3603,#3604));
#771=EDGE_LOOP('',(#3605,#3606,#3607,#3608));
#772=EDGE_LOOP('',(#3609,#3610,#3611,#3612));
#773=EDGE_LOOP('',(#3613,#3614,#3615,#3616));
#774=EDGE_LOOP('',(#3617,#3618,#3619,#3620));
#775=EDGE_LOOP('',(#3621,#3622,#3623,#3624));
#776=EDGE_LOOP('',(#3625,#3626,#3627,#3628));
#777=EDGE_LOOP('',(#3629,#3630,#3631,#3632));
#778=EDGE_LOOP('',(#3633,#3634,#3635,#3636));
#779=EDGE_LOOP('',(#3637,#3638,#3639,#3640));
#780=EDGE_LOOP('',(#3641,#3642,#3643,#3644));
#781=EDGE_LOOP('',(#3645,#3646,#3647,#3648));
#782=EDGE_LOOP('',(#3649,#3650,#3651,#3652));
#783=EDGE_LOOP('',(#3653,#3654,#3655,#3656));
#784=EDGE_LOOP('',(#3657,#3658,#3659,#3660));
#785=EDGE_LOOP('',(#3661,#3662,#3663,#3664));
#786=EDGE_LOOP('',(#3665,#3666,#3667,#3668,#3669,#3670,#3671,#3672,#3673,
#3674,#3675,#3676,#3677,#3678,#3679,#3680,#3681,#3682,#3683,#3684,#3685,
#3686,#3687,#3688,#3689,#3690,#3691,#3692,#3693,#3694,#3695,#3696,#3697,
#3698,#3699,#3700,#3701,#3702,#3703,#3704,#3705,#3706,#3707,#3708,#3709,
#3710,#3711,#3712,#3713,#3714,#3715,#3716,#3717,#3718,#3719,#3720,#3721,
#3722,#3723,#3724,#3725,#3726));
#787=EDGE_LOOP('',(#3727,#3728,#3729,#3730));
#788=EDGE_LOOP('',(#3731,#3732,#3733,#3734,#3735,#3736));
#789=EDGE_LOOP('',(#3737,#3738,#3739,#3740));
#790=EDGE_LOOP('',(#3741,#3742,#3743,#3744));
#791=EDGE_LOOP('',(#3745,#3746,#3747,#3748));
#792=EDGE_LOOP('',(#3749,#3750,#3751,#3752));
#793=EDGE_LOOP('',(#3753,#3754,#3755,#3756));
#794=EDGE_LOOP('',(#3757,#3758,#3759,#3760));
#795=EDGE_LOOP('',(#3761,#3762,#3763,#3764));
#796=EDGE_LOOP('',(#3765,#3766,#3767,#3768));
#797=EDGE_LOOP('',(#3769,#3770,#3771,#3772));
#798=EDGE_LOOP('',(#3773,#3774,#3775,#3776));
#799=EDGE_LOOP('',(#3777,#3778,#3779,#3780));
#800=EDGE_LOOP('',(#3781,#3782,#3783,#3784));
#801=EDGE_LOOP('',(#3785,#3786,#3787,#3788));
#802=EDGE_LOOP('',(#3789,#3790,#3791,#3792));
#803=EDGE_LOOP('',(#3793,#3794,#3795,#3796,#3797,#3798));
#804=EDGE_LOOP('',(#3799,#3800,#3801,#3802));
#805=EDGE_LOOP('',(#3803,#3804,#3805,#3806));
#806=EDGE_LOOP('',(#3807,#3808,#3809,#3810));
#807=EDGE_LOOP('',(#3811,#3812,#3813,#3814));
#808=EDGE_LOOP('',(#3815,#3816,#3817,#3818));
#809=EDGE_LOOP('',(#3819,#3820,#3821,#3822));
#810=EDGE_LOOP('',(#3823,#3824,#3825,#3826));
#811=EDGE_LOOP('',(#3827,#3828,#3829,#3830));
#812=EDGE_LOOP('',(#3831,#3832,#3833,#3834));
#813=EDGE_LOOP('',(#3835,#3836,#3837,#3838));
#814=EDGE_LOOP('',(#3839,#3840,#3841,#3842));
#815=EDGE_LOOP('',(#3843,#3844,#3845,#3846));
#816=EDGE_LOOP('',(#3847,#3848,#3849,#3850));
#817=EDGE_LOOP('',(#3851,#3852,#3853,#3854));
#818=EDGE_LOOP('',(#3855,#3856,#3857,#3858));
#819=EDGE_LOOP('',(#3859,#3860,#3861,#3862));
#820=EDGE_LOOP('',(#3863,#3864,#3865,#3866));
#821=EDGE_LOOP('',(#3867,#3868,#3869,#3870));
#822=EDGE_LOOP('',(#3871,#3872,#3873,#3874));
#823=EDGE_LOOP('',(#3875,#3876,#3877,#3878,#3879,#3880,#3881,#3882,#3883,
#3884,#3885,#3886,#3887,#3888,#3889,#3890,#3891,#3892));
#824=EDGE_LOOP('',(#3893,#3894,#3895,#3896));
#825=EDGE_LOOP('',(#3897,#3898,#3899,#3900));
#826=EDGE_LOOP('',(#3901,#3902,#3903,#3904));
#827=EDGE_LOOP('',(#3905,#3906,#3907,#3908));
#828=EDGE_LOOP('',(#3909,#3910,#3911,#3912));
#829=EDGE_LOOP('',(#3913,#3914,#3915,#3916));
#830=EDGE_LOOP('',(#3917,#3918,#3919,#3920));
#831=EDGE_LOOP('',(#3921,#3922,#3923,#3924));
#832=EDGE_LOOP('',(#3925,#3926,#3927,#3928));
#833=EDGE_LOOP('',(#3929,#3930,#3931,#3932));
#834=EDGE_LOOP('',(#3933,#3934,#3935,#3936));
#835=EDGE_LOOP('',(#3937,#3938,#3939,#3940));
#836=EDGE_LOOP('',(#3941,#3942,#3943,#3944,#3945,#3946,#3947,#3948,#3949,
#3950,#3951,#3952));
#837=EDGE_LOOP('',(#3953,#3954,#3955,#3956));
#838=EDGE_LOOP('',(#3957,#3958,#3959,#3960));
#839=EDGE_LOOP('',(#3961,#3962,#3963,#3964));
#840=EDGE_LOOP('',(#3965,#3966,#3967,#3968));
#841=EDGE_LOOP('',(#3969,#3970,#3971,#3972));
#842=EDGE_LOOP('',(#3973,#3974,#3975,#3976));
#843=EDGE_LOOP('',(#3977,#3978,#3979,#3980));
#844=EDGE_LOOP('',(#3981,#3982,#3983,#3984));
#845=EDGE_LOOP('',(#3985,#3986,#3987,#3988));
#846=EDGE_LOOP('',(#3989,#3990,#3991,#3992));
#847=EDGE_LOOP('',(#3993,#3994,#3995,#3996));
#848=EDGE_LOOP('',(#3997,#3998,#3999,#4000,#4001,#4002));
#849=EDGE_LOOP('',(#4003,#4004,#4005,#4006));
#850=EDGE_LOOP('',(#4007,#4008,#4009,#4010));
#851=EDGE_LOOP('',(#4011,#4012,#4013,#4014));
#852=EDGE_LOOP('',(#4015,#4016,#4017,#4018));
#853=EDGE_LOOP('',(#4019,#4020,#4021,#4022));
#854=EDGE_LOOP('',(#4023,#4024,#4025,#4026));
#855=EDGE_LOOP('',(#4027,#4028,#4029,#4030));
#856=EDGE_LOOP('',(#4031,#4032,#4033,#4034));
#857=EDGE_LOOP('',(#4035,#4036,#4037,#4038));
#858=EDGE_LOOP('',(#4039,#4040,#4041,#4042));
#859=EDGE_LOOP('',(#4043,#4044,#4045,#4046));
#860=EDGE_LOOP('',(#4047,#4048,#4049,#4050));
#861=EDGE_LOOP('',(#4051,#4052,#4053,#4054));
#862=EDGE_LOOP('',(#4055,#4056,#4057,#4058));
#863=EDGE_LOOP('',(#4059,#4060,#4061,#4062));
#864=EDGE_LOOP('',(#4063,#4064));
#865=EDGE_LOOP('',(#4065,#4066,#4067,#4068));
#866=EDGE_LOOP('',(#4069,#4070,#4071,#4072));
#867=EDGE_LOOP('',(#4073,#4074,#4075,#4076));
#868=EDGE_LOOP('',(#4077,#4078,#4079,#4080));
#869=EDGE_LOOP('',(#4081,#4082,#4083,#4084));
#870=EDGE_LOOP('',(#4085,#4086,#4087,#4088));
#871=EDGE_LOOP('',(#4089,#4090,#4091,#4092));
#872=EDGE_LOOP('',(#4093,#4094,#4095,#4096));
#873=EDGE_LOOP('',(#4097,#4098,#4099,#4100,#4101,#4102,#4103,#4104));
#874=EDGE_LOOP('',(#4105,#4106,#4107,#4108));
#875=EDGE_LOOP('',(#4109,#4110,#4111,#4112));
#876=EDGE_LOOP('',(#4113,#4114,#4115,#4116));
#877=EDGE_LOOP('',(#4117,#4118,#4119,#4120,#4121,#4122,#4123,#4124));
#878=EDGE_LOOP('',(#4125,#4126,#4127,#4128));
#879=EDGE_LOOP('',(#4129,#4130,#4131,#4132));
#880=EDGE_LOOP('',(#4133,#4134,#4135,#4136));
#881=EDGE_LOOP('',(#4137,#4138,#4139,#4140));
#882=EDGE_LOOP('',(#4141,#4142,#4143,#4144));
#883=EDGE_LOOP('',(#4145,#4146,#4147,#4148));
#884=EDGE_LOOP('',(#4149,#4150,#4151,#4152));
#885=EDGE_LOOP('',(#4153,#4154,#4155,#4156));
#886=EDGE_LOOP('',(#4157,#4158,#4159,#4160,#4161,#4162,#4163,#4164,#4165,
#4166,#4167,#4168));
#887=EDGE_LOOP('',(#4169,#4170,#4171,#4172));
#888=EDGE_LOOP('',(#4173,#4174,#4175,#4176));
#889=EDGE_LOOP('',(#4177,#4178,#4179,#4180));
#890=EDGE_LOOP('',(#4181,#4182,#4183,#4184));
#891=EDGE_LOOP('',(#4185,#4186,#4187,#4188));
#892=EDGE_LOOP('',(#4189,#4190,#4191,#4192));
#893=EDGE_LOOP('',(#4193,#4194,#4195,#4196));
#894=EDGE_LOOP('',(#4197,#4198,#4199,#4200));
#895=EDGE_LOOP('',(#4201,#4202,#4203,#4204));
#896=EDGE_LOOP('',(#4205,#4206,#4207,#4208));
#897=EDGE_LOOP('',(#4209,#4210,#4211,#4212,#4213,#4214,#4215,#4216));
#898=EDGE_LOOP('',(#4217,#4218,#4219,#4220,#4221,#4222,#4223,#4224));
#899=EDGE_LOOP('',(#4225,#4226,#4227,#4228));
#900=EDGE_LOOP('',(#4229,#4230,#4231,#4232));
#901=EDGE_LOOP('',(#4233,#4234,#4235,#4236));
#902=EDGE_LOOP('',(#4237,#4238,#4239,#4240));
#903=EDGE_LOOP('',(#4241,#4242,#4243,#4244));
#904=EDGE_LOOP('',(#4245,#4246,#4247,#4248));
#905=EDGE_LOOP('',(#4249,#4250,#4251,#4252));
#906=EDGE_LOOP('',(#4253,#4254,#4255,#4256));
#907=EDGE_LOOP('',(#4257,#4258,#4259,#4260));
#908=EDGE_LOOP('',(#4261,#4262));
#909=EDGE_LOOP('',(#4263,#4264,#4265,#4266,#4267,#4268,#4269,#4270));
#910=EDGE_LOOP('',(#4271,#4272,#4273,#4274,#4275,#4276,#4277,#4278,#4279,
#4280,#4281,#4282,#4283,#4284,#4285,#4286,#4287,#4288,#4289,#4290,#4291,
#4292,#4293,#4294,#4295,#4296,#4297));
#911=LINE('',#6509,#1370);
#912=LINE('',#6511,#1371);
#913=LINE('',#6513,#1372);
#914=LINE('',#6514,#1373);
#915=LINE('',#6517,#1374);
#916=LINE('',#6519,#1375);
#917=LINE('',#6520,#1376);
#918=LINE('',#6523,#1377);
#919=LINE('',#6525,#1378);
#920=LINE('',#6526,#1379);
#921=LINE('',#6528,#1380);
#922=LINE('',#6529,#1381);
#923=LINE('',#6557,#1382);
#924=LINE('',#6560,#1383);
#925=LINE('',#6562,#1384);
#926=LINE('',#6568,#1385);
#927=LINE('',#6579,#1386);
#928=LINE('',#6590,#1387);
#929=LINE('',#6592,#1388);
#930=LINE('',#6595,#1389);
#931=LINE('',#6598,#1390);
#932=LINE('',#6606,#1391);
#933=LINE('',#6617,#1392);
#934=LINE('',#6620,#1393);
#935=LINE('',#6622,#1394);
#936=LINE('',#6628,#1395);
#937=LINE('',#6639,#1396);
#938=LINE('',#6650,#1397);
#939=LINE('',#6652,#1398);
#940=LINE('',#6655,#1399);
#941=LINE('',#6658,#1400);
#942=LINE('',#6666,#1401);
#943=LINE('',#6673,#1402);
#944=LINE('',#6677,#1403);
#945=LINE('',#6680,#1404);
#946=LINE('',#6684,#1405);
#947=LINE('',#6688,#1406);
#948=LINE('',#6694,#1407);
#949=LINE('',#6700,#1408);
#950=LINE('',#6706,#1409);
#951=LINE('',#6712,#1410);
#952=LINE('',#6718,#1411);
#953=LINE('',#6724,#1412);
#954=LINE('',#6730,#1413);
#955=LINE('',#6736,#1414);
#956=LINE('',#6781,#1415);
#957=LINE('',#6786,#1416);
#958=LINE('',#6790,#1417);
#959=LINE('',#6796,#1418);
#960=LINE('',#6798,#1419);
#961=LINE('',#6800,#1420);
#962=LINE('',#6806,#1421);
#963=LINE('',#6810,#1422);
#964=LINE('',#6812,#1423);
#965=LINE('',#6818,#1424);
#966=LINE('',#6820,#1425);
#967=LINE('',#6821,#1426);
#968=LINE('',#6822,#1427);
#969=LINE('',#6826,#1428);
#970=LINE('',#6829,#1429);
#971=LINE('',#6834,#1430);
#972=LINE('',#6838,#1431);
#973=LINE('',#6842,#1432);
#974=LINE('',#6844,#1433);
#975=LINE('',#6845,#1434);
#976=LINE('',#6850,#1435);
#977=LINE('',#6854,#1436);
#978=LINE('',#6856,#1437);
#979=LINE('',#6861,#1438);
#980=LINE('',#6865,#1439);
#981=LINE('',#6870,#1440);
#982=LINE('',#6874,#1441);
#983=LINE('',#6878,#1442);
#984=LINE('',#6880,#1443);
#985=LINE('',#6881,#1444);
#986=LINE('',#6886,#1445);
#987=LINE('',#6889,#1446);
#988=LINE('',#6890,#1447);
#989=LINE('',#6892,#1448);
#990=LINE('',#6895,#1449);
#991=LINE('',#6897,#1450);
#992=LINE('',#6899,#1451);
#993=LINE('',#6901,#1452);
#994=LINE('',#6903,#1453);
#995=LINE('',#6905,#1454);
#996=LINE('',#6907,#1455);
#997=LINE('',#6909,#1456);
#998=LINE('',#6911,#1457);
#999=LINE('',#6912,#1458);
#1000=LINE('',#7056,#1459);
#1001=LINE('',#7130,#1460);
#1002=LINE('',#7264,#1461);
#1003=LINE('',#7275,#1462);
#1004=LINE('',#7279,#1463);
#1005=LINE('',#7281,#1464);
#1006=LINE('',#7283,#1465);
#1007=LINE('',#7285,#1466);
#1008=LINE('',#7287,#1467);
#1009=LINE('',#7289,#1468);
#1010=LINE('',#7291,#1469);
#1011=LINE('',#7293,#1470);
#1012=LINE('',#7295,#1471);
#1013=LINE('',#7299,#1472);
#1014=LINE('',#7301,#1473);
#1015=LINE('',#7303,#1474);
#1016=LINE('',#7305,#1475);
#1017=LINE('',#7307,#1476);
#1018=LINE('',#7313,#1477);
#1019=LINE('',#7325,#1478);
#1020=LINE('',#7337,#1479);
#1021=LINE('',#7349,#1480);
#1022=LINE('',#7359,#1481);
#1023=LINE('',#7363,#1482);
#1024=LINE('',#7365,#1483);
#1025=LINE('',#7387,#1484);
#1026=LINE('',#7389,#1485);
#1027=LINE('',#7395,#1486);
#1028=LINE('',#7396,#1487);
#1029=LINE('',#7401,#1488);
#1030=LINE('',#7403,#1489);
#1031=LINE('',#7405,#1490);
#1032=LINE('',#7479,#1491);
#1033=LINE('',#7564,#1492);
#1034=LINE('',#7566,#1493);
#1035=LINE('',#7568,#1494);
#1036=LINE('',#7570,#1495);
#1037=LINE('',#7572,#1496);
#1038=LINE('',#7576,#1497);
#1039=LINE('',#7580,#1498);
#1040=LINE('',#7583,#1499);
#1041=LINE('',#7629,#1500);
#1042=LINE('',#7631,#1501);
#1043=LINE('',#7633,#1502);
#1044=LINE('',#7635,#1503);
#1045=LINE('',#7637,#1504);
#1046=LINE('',#7708,#1505);
#1047=LINE('',#7710,#1506);
#1048=LINE('',#7712,#1507);
#1049=LINE('',#7714,#1508);
#1050=LINE('',#7715,#1509);
#1051=LINE('',#7718,#1510);
#1052=LINE('',#7720,#1511);
#1053=LINE('',#7722,#1512);
#1054=LINE('',#7723,#1513);
#1055=LINE('',#7726,#1514);
#1056=LINE('',#7728,#1515);
#1057=LINE('',#7730,#1516);
#1058=LINE('',#7732,#1517);
#1059=LINE('',#7734,#1518);
#1060=LINE('',#7735,#1519);
#1061=LINE('',#7740,#1520);
#1062=LINE('',#7741,#1521);
#1063=LINE('',#7746,#1522);
#1064=LINE('',#7747,#1523);
#1065=LINE('',#7752,#1524);
#1066=LINE('',#7753,#1525);
#1067=LINE('',#7758,#1526);
#1068=LINE('',#7759,#1527);
#1069=LINE('',#7764,#1528);
#1070=LINE('',#7765,#1529);
#1071=LINE('',#7770,#1530);
#1072=LINE('',#7771,#1531);
#1073=LINE('',#7776,#1532);
#1074=LINE('',#7777,#1533);
#1075=LINE('',#7783,#1534);
#1076=LINE('',#7786,#1535);
#1077=LINE('',#7788,#1536);
#1078=LINE('',#7791,#1537);
#1079=LINE('',#7793,#1538);
#1080=LINE('',#7794,#1539);
#1081=LINE('',#7797,#1540);
#1082=LINE('',#7798,#1541);
#1083=LINE('',#7801,#1542);
#1084=LINE('',#7802,#1543);
#1085=LINE('',#7805,#1544);
#1086=LINE('',#7806,#1545);
#1087=LINE('',#7809,#1546);
#1088=LINE('',#7810,#1547);
#1089=LINE('',#7813,#1548);
#1090=LINE('',#7814,#1549);
#1091=LINE('',#7817,#1550);
#1092=LINE('',#7818,#1551);
#1093=LINE('',#7821,#1552);
#1094=LINE('',#7822,#1553);
#1095=LINE('',#7825,#1554);
#1096=LINE('',#7826,#1555);
#1097=LINE('',#7828,#1556);
#1098=LINE('',#7973,#1557);
#1099=LINE('',#8046,#1558);
#1100=LINE('',#8049,#1559);
#1101=LINE('',#8050,#1560);
#1102=LINE('',#8448,#1561);
#1103=LINE('',#8451,#1562);
#1104=LINE('',#8452,#1563);
#1105=LINE('',#8874,#1564);
#1106=LINE('',#8876,#1565);
#1107=LINE('',#8881,#1566);
#1108=LINE('',#8885,#1567);
#1109=LINE('',#8891,#1568);
#1110=LINE('',#8894,#1569);
#1111=LINE('',#8897,#1570);
#1112=LINE('',#8898,#1571);
#1113=LINE('',#8901,#1572);
#1114=LINE('',#8906,#1573);
#1115=LINE('',#8909,#1574);
#1116=LINE('',#8911,#1575);
#1117=LINE('',#8912,#1576);
#1118=LINE('',#8915,#1577);
#1119=LINE('',#8920,#1578);
#1120=LINE('',#8924,#1579);
#1121=LINE('',#8925,#1580);
#1122=LINE('',#8926,#1581);
#1123=LINE('',#8929,#1582);
#1124=LINE('',#8934,#1583);
#1125=LINE('',#8937,#1584);
#1126=LINE('',#8939,#1585);
#1127=LINE('',#8940,#1586);
#1128=LINE('',#8943,#1587);
#1129=LINE('',#8948,#1588);
#1130=LINE('',#8951,#1589);
#1131=LINE('',#8952,#1590);
#1132=LINE('',#8955,#1591);
#1133=LINE('',#8957,#1592);
#1134=LINE('',#8958,#1593);
#1135=LINE('',#8961,#1594);
#1136=LINE('',#8962,#1595);
#1137=LINE('',#8966,#1596);
#1138=LINE('',#8972,#1597);
#1139=LINE('',#8976,#1598);
#1140=LINE('',#8980,#1599);
#1141=LINE('',#8986,#1600);
#1142=LINE('',#8990,#1601);
#1143=LINE('',#8993,#1602);
#1144=LINE('',#8994,#1603);
#1145=LINE('',#8997,#1604);
#1146=LINE('',#8998,#1605);
#1147=LINE('',#9002,#1606);
#1148=LINE('',#9005,#1607);
#1149=LINE('',#9007,#1608);
#1150=LINE('',#9008,#1609);
#1151=LINE('',#9011,#1610);
#1152=LINE('',#9012,#1611);
#1153=LINE('',#9015,#1612);
#1154=LINE('',#9016,#1613);
#1155=LINE('',#9019,#1614);
#1156=LINE('',#9021,#1615);
#1157=LINE('',#9022,#1616);
#1158=LINE('',#9025,#1617);
#1159=LINE('',#9026,#1618);
#1160=LINE('',#9029,#1619);
#1161=LINE('',#9030,#1620);
#1162=LINE('',#9033,#1621);
#1163=LINE('',#9034,#1622);
#1164=LINE('',#9037,#1623);
#1165=LINE('',#9038,#1624);
#1166=LINE('',#9041,#1625);
#1167=LINE('',#9042,#1626);
#1168=LINE('',#9045,#1627);
#1169=LINE('',#9046,#1628);
#1170=LINE('',#9049,#1629);
#1171=LINE('',#9050,#1630);
#1172=LINE('',#9053,#1631);
#1173=LINE('',#9054,#1632);
#1174=LINE('',#9057,#1633);
#1175=LINE('',#9059,#1634);
#1176=LINE('',#9060,#1635);
#1177=LINE('',#9063,#1636);
#1178=LINE('',#9064,#1637);
#1179=LINE('',#9067,#1638);
#1180=LINE('',#9068,#1639);
#1181=LINE('',#9071,#1640);
#1182=LINE('',#9072,#1641);
#1183=LINE('',#9075,#1642);
#1184=LINE('',#9076,#1643);
#1185=LINE('',#9091,#1644);
#1186=LINE('',#9093,#1645);
#1187=LINE('',#9094,#1646);
#1188=LINE('',#9097,#1647);
#1189=LINE('',#9099,#1648);
#1190=LINE('',#9101,#1649);
#1191=LINE('',#9103,#1650);
#1192=LINE('',#9105,#1651);
#1193=LINE('',#9106,#1652);
#1194=LINE('',#9109,#1653);
#1195=LINE('',#9111,#1654);
#1196=LINE('',#9113,#1655);
#1197=LINE('',#9114,#1656);
#1198=LINE('',#9118,#1657);
#1199=LINE('',#9119,#1658);
#1200=LINE('',#9120,#1659);
#1201=LINE('',#9123,#1660);
#1202=LINE('',#9124,#1661);
#1203=LINE('',#9127,#1662);
#1204=LINE('',#9128,#1663);
#1205=LINE('',#9130,#1664);
#1206=LINE('',#9134,#1665);
#1207=LINE('',#9135,#1666);
#1208=LINE('',#9136,#1667);
#1209=LINE('',#9139,#1668);
#1210=LINE('',#9140,#1669);
#1211=LINE('',#9143,#1670);
#1212=LINE('',#9144,#1671);
#1213=LINE('',#9147,#1672);
#1214=LINE('',#9148,#1673);
#1215=LINE('',#9151,#1674);
#1216=LINE('',#9152,#1675);
#1217=LINE('',#9154,#1676);
#1218=LINE('',#9158,#1677);
#1219=LINE('',#9159,#1678);
#1220=LINE('',#9160,#1679);
#1221=LINE('',#9162,#1680);
#1222=LINE('',#9164,#1681);
#1223=LINE('',#9169,#1682);
#1224=LINE('',#9172,#1683);
#1225=LINE('',#9175,#1684);
#1226=LINE('',#9176,#1685);
#1227=LINE('',#9179,#1686);
#1228=LINE('',#9180,#1687);
#1229=LINE('',#9183,#1688);
#1230=LINE('',#9184,#1689);
#1231=LINE('',#9399,#1690);
#1232=LINE('',#9402,#1691);
#1233=LINE('',#9403,#1692);
#1234=LINE('',#9651,#1693);
#1235=LINE('',#9654,#1694);
#1236=LINE('',#9655,#1695);
#1237=LINE('',#9658,#1696);
#1238=LINE('',#9659,#1697);
#1239=LINE('',#9662,#1698);
#1240=LINE('',#9663,#1699);
#1241=LINE('',#9666,#1700);
#1242=LINE('',#9667,#1701);
#1243=LINE('',#9670,#1702);
#1244=LINE('',#9671,#1703);
#1245=LINE('',#9675,#1704);
#1246=LINE('',#9678,#1705);
#1247=LINE('',#9679,#1706);
#1248=LINE('',#9683,#1707);
#1249=LINE('',#9686,#1708);
#1250=LINE('',#9687,#1709);
#1251=LINE('',#9691,#1710);
#1252=LINE('',#9693,#1711);
#1253=LINE('',#9780,#1712);
#1254=LINE('',#9824,#1713);
#1255=LINE('',#9827,#1714);
#1256=LINE('',#9828,#1715);
#1257=LINE('',#9831,#1716);
#1258=LINE('',#9832,#1717);
#1259=LINE('',#9835,#1718);
#1260=LINE('',#9836,#1719);
#1261=LINE('',#9839,#1720);
#1262=LINE('',#9840,#1721);
#1263=LINE('',#9843,#1722);
#1264=LINE('',#9844,#1723);
#1265=LINE('',#10050,#1724);
#1266=LINE('',#10053,#1725);
#1267=LINE('',#10054,#1726);
#1268=LINE('',#10057,#1727);
#1269=LINE('',#10058,#1728);
#1270=LINE('',#10061,#1729);
#1271=LINE('',#10062,#1730);
#1272=LINE('',#10065,#1731);
#1273=LINE('',#10066,#1732);
#1274=LINE('',#10068,#1733);
#1275=LINE('',#10072,#1734);
#1276=LINE('',#10074,#1735);
#1277=LINE('',#10075,#1736);
#1278=LINE('',#10078,#1737);
#1279=LINE('',#10079,#1738);
#1280=LINE('',#10082,#1739);
#1281=LINE('',#10083,#1740);
#1282=LINE('',#10085,#1741);
#1283=LINE('',#10089,#1742);
#1284=LINE('',#10091,#1743);
#1285=LINE('',#10092,#1744);
#1286=LINE('',#10095,#1745);
#1287=LINE('',#10096,#1746);
#1288=LINE('',#10099,#1747);
#1289=LINE('',#10100,#1748);
#1290=LINE('',#10103,#1749);
#1291=LINE('',#10104,#1750);
#1292=LINE('',#10107,#1751);
#1293=LINE('',#10108,#1752);
#1294=LINE('',#10110,#1753);
#1295=LINE('',#10127,#1754);
#1296=LINE('',#10129,#1755);
#1297=LINE('',#10130,#1756);
#1298=LINE('',#10141,#1757);
#1299=LINE('',#10144,#1758);
#1300=LINE('',#10147,#1759);
#1301=LINE('',#10148,#1760);
#1302=LINE('',#10151,#1761);
#1303=LINE('',#10155,#1762);
#1304=LINE('',#10156,#1763);
#1305=LINE('',#10159,#1764);
#1306=LINE('',#10160,#1765);
#1307=LINE('',#10163,#1766);
#1308=LINE('',#10167,#1767);
#1309=LINE('',#10169,#1768);
#1310=LINE('',#10170,#1769);
#1311=LINE('',#10173,#1770);
#1312=LINE('',#10177,#1771);
#1313=LINE('',#10178,#1772);
#1314=LINE('',#10180,#1773);
#1315=LINE('',#10184,#1774);
#1316=LINE('',#10185,#1775);
#1317=LINE('',#10188,#1776);
#1318=LINE('',#10189,#1777);
#1319=LINE('',#10192,#1778);
#1320=LINE('',#10193,#1779);
#1321=LINE('',#10195,#1780);
#1322=LINE('',#10197,#1781);
#1323=LINE('',#10201,#1782);
#1324=LINE('',#10202,#1783);
#1325=LINE('',#10205,#1784);
#1326=LINE('',#10209,#1785);
#1327=LINE('',#10210,#1786);
#1328=LINE('',#10212,#1787);
#1329=LINE('',#10215,#1788);
#1330=LINE('',#10219,#1789);
#1331=LINE('',#10220,#1790);
#1332=LINE('',#10222,#1791);
#1333=LINE('',#10225,#1792);
#1334=LINE('',#10226,#1793);
#1335=LINE('',#10230,#1794);
#1336=LINE('',#10231,#1795);
#1337=LINE('',#10233,#1796);
#1338=LINE('',#10237,#1797);
#1339=LINE('',#10238,#1798);
#1340=LINE('',#10241,#1799);
#1341=LINE('',#10242,#1800);
#1342=LINE('',#10245,#1801);
#1343=LINE('',#10246,#1802);
#1344=LINE('',#10249,#1803);
#1345=LINE('',#10252,#1804);
#1346=LINE('',#10255,#1805);
#1347=LINE('',#10258,#1806);
#1348=LINE('',#10261,#1807);
#1349=LINE('',#10262,#1808);
#1350=LINE('',#10264,#1809);
#1351=LINE('',#10268,#1810);
#1352=LINE('',#10270,#1811);
#1353=LINE('',#10272,#1812);
#1354=LINE('',#10273,#1813);
#1355=LINE('',#10277,#1814);
#1356=LINE('',#10281,#1815);
#1357=LINE('',#10286,#1816);
#1358=LINE('',#10290,#1817);
#1359=LINE('',#10292,#1818);
#1360=LINE('',#10293,#1819);
#1361=LINE('',#10297,#1820);
#1362=LINE('',#10300,#1821);
#1363=LINE('',#10301,#1822);
#1364=LINE('',#10306,#1823);
#1365=LINE('',#10308,#1824);
#1366=LINE('',#10309,#1825);
#1367=LINE('',#10316,#1826);
#1368=LINE('',#10318,#1827);
#1369=LINE('',#10319,#1828);
#1370=VECTOR('',#5166,10.);
#1371=VECTOR('',#5167,10.);
#1372=VECTOR('',#5168,10.);
#1373=VECTOR('',#5169,10.);
#1374=VECTOR('',#5172,10.);
#1375=VECTOR('',#5173,10.);
#1376=VECTOR('',#5174,10.);
#1377=VECTOR('',#5177,10.);
#1378=VECTOR('',#5178,10.);
#1379=VECTOR('',#5179,10.);
#1380=VECTOR('',#5182,10.);
#1381=VECTOR('',#5183,10.);
#1382=VECTOR('',#5216,2.025);
#1383=VECTOR('',#5219,10.);
#1384=VECTOR('',#5220,10.);
#1385=VECTOR('',#5227,2.025);
#1386=VECTOR('',#5244,1.1);
#1387=VECTOR('',#5257,2.025);
#1388=VECTOR('',#5258,10.);
#1389=VECTOR('',#5261,10.);
#1390=VECTOR('',#5264,2.025);
#1391=VECTOR('',#5275,1.1);
#1392=VECTOR('',#5290,2.025);
#1393=VECTOR('',#5293,10.);
#1394=VECTOR('',#5294,10.);
#1395=VECTOR('',#5301,2.025);
#1396=VECTOR('',#5318,1.1);
#1397=VECTOR('',#5331,2.025);
#1398=VECTOR('',#5332,10.);
#1399=VECTOR('',#5335,10.);
#1400=VECTOR('',#5338,2.025);
#1401=VECTOR('',#5349,1.1);
#1402=VECTOR('',#5358,1000.);
#1403=VECTOR('',#5361,1000.);
#1404=VECTOR('',#5364,4.);
#1405=VECTOR('',#5367,1000.);
#1406=VECTOR('',#5370,1000.);
#1407=VECTOR('',#5377,0.9);
#1408=VECTOR('',#5384,0.9);
#1409=VECTOR('',#5391,0.9);
#1410=VECTOR('',#5398,0.9);
#1411=VECTOR('',#5405,0.9);
#1412=VECTOR('',#5412,0.9);
#1413=VECTOR('',#5419,0.9);
#1414=VECTOR('',#5426,8.25);
#1415=VECTOR('',#5429,9.13300945);
#1416=VECTOR('',#5434,1000.);
#1417=VECTOR('',#5437,1000.);
#1418=VECTOR('',#5442,1000.);
#1419=VECTOR('',#5443,1000.);
#1420=VECTOR('',#5444,1000.);
#1421=VECTOR('',#5449,1000.);
#1422=VECTOR('',#5452,1000.);
#1423=VECTOR('',#5453,1000.);
#1424=VECTOR('',#5458,1000.);
#1425=VECTOR('',#5459,1000.);
#1426=VECTOR('',#5460,1000.);
#1427=VECTOR('',#5461,1000.);
#1428=VECTOR('',#5464,10.);
#1429=VECTOR('',#5465,10.);
#1430=VECTOR('',#5470,1000.);
#1431=VECTOR('',#5473,1000.);
#1432=VECTOR('',#5478,1000.);
#1433=VECTOR('',#5479,1000.);
#1434=VECTOR('',#5480,1000.);
#1435=VECTOR('',#5485,1000.);
#1436=VECTOR('',#5490,1000.);
#1437=VECTOR('',#5491,1000.);
#1438=VECTOR('',#5496,1000.);
#1439=VECTOR('',#5499,1000.);
#1440=VECTOR('',#5504,1000.);
#1441=VECTOR('',#5507,1000.);
#1442=VECTOR('',#5512,1000.);
#1443=VECTOR('',#5513,1000.);
#1444=VECTOR('',#5514,1000.);
#1445=VECTOR('',#5519,1000.);
#1446=VECTOR('',#5524,1000.);
#1447=VECTOR('',#5525,1000.);
#1448=VECTOR('',#5528,1000.);
#1449=VECTOR('',#5529,1000.);
#1450=VECTOR('',#5530,1000.);
#1451=VECTOR('',#5531,1000.);
#1452=VECTOR('',#5532,1000.);
#1453=VECTOR('',#5533,1000.);
#1454=VECTOR('',#5534,1000.);
#1455=VECTOR('',#5535,1000.);
#1456=VECTOR('',#5536,1000.);
#1457=VECTOR('',#5537,1000.);
#1458=VECTOR('',#5538,1000.);
#1459=VECTOR('',#5539,1000.);
#1460=VECTOR('',#5540,1000.);
#1461=VECTOR('',#5541,1000.);
#1462=VECTOR('',#5550,1000.);
#1463=VECTOR('',#5553,1000.);
#1464=VECTOR('',#5554,1000.);
#1465=VECTOR('',#5555,1000.);
#1466=VECTOR('',#5556,1000.);
#1467=VECTOR('',#5557,1000.);
#1468=VECTOR('',#5558,1000.);
#1469=VECTOR('',#5559,1000.);
#1470=VECTOR('',#5560,1000.);
#1471=VECTOR('',#5561,1000.);
#1472=VECTOR('',#5564,1000.);
#1473=VECTOR('',#5565,1000.);
#1474=VECTOR('',#5566,1000.);
#1475=VECTOR('',#5567,1000.);
#1476=VECTOR('',#5568,1000.);
#1477=VECTOR('',#5573,1000.);
#1478=VECTOR('',#5584,1000.);
#1479=VECTOR('',#5595,1000.);
#1480=VECTOR('',#5606,1000.);
#1481=VECTOR('',#5615,1000.);
#1482=VECTOR('',#5618,1000.);
#1483=VECTOR('',#5619,1000.);
#1484=VECTOR('',#5640,1000.);
#1485=VECTOR('',#5641,1000.);
#1486=VECTOR('',#5646,1000.);
#1487=VECTOR('',#5647,1000.);
#1488=VECTOR('',#5650,1000.);
#1489=VECTOR('',#5651,1000.);
#1490=VECTOR('',#5652,1000.);
#1491=VECTOR('',#5653,1000.);
#1492=VECTOR('',#5654,1000.);
#1493=VECTOR('',#5655,1000.);
#1494=VECTOR('',#5656,1000.);
#1495=VECTOR('',#5657,1000.);
#1496=VECTOR('',#5658,1000.);
#1497=VECTOR('',#5661,1000.);
#1498=VECTOR('',#5664,1000.);
#1499=VECTOR('',#5667,1000.);
#1500=VECTOR('',#5668,1000.);
#1501=VECTOR('',#5669,1000.);
#1502=VECTOR('',#5670,1000.);
#1503=VECTOR('',#5671,1000.);
#1504=VECTOR('',#5672,1000.);
#1505=VECTOR('',#5673,1000.);
#1506=VECTOR('',#5674,1000.);
#1507=VECTOR('',#5675,1000.);
#1508=VECTOR('',#5676,1000.);
#1509=VECTOR('',#5677,1000.);
#1510=VECTOR('',#5678,1000.);
#1511=VECTOR('',#5679,1000.);
#1512=VECTOR('',#5680,1000.);
#1513=VECTOR('',#5681,1000.);
#1514=VECTOR('',#5682,1000.);
#1515=VECTOR('',#5683,1000.);
#1516=VECTOR('',#5684,1000.);
#1517=VECTOR('',#5685,1000.);
#1518=VECTOR('',#5686,1000.);
#1519=VECTOR('',#5687,1000.);
#1520=VECTOR('',#5692,1000.);
#1521=VECTOR('',#5693,1000.);
#1522=VECTOR('',#5698,1000.);
#1523=VECTOR('',#5699,1000.);
#1524=VECTOR('',#5704,1000.);
#1525=VECTOR('',#5705,1000.);
#1526=VECTOR('',#5710,1000.);
#1527=VECTOR('',#5711,1000.);
#1528=VECTOR('',#5716,1000.);
#1529=VECTOR('',#5717,1000.);
#1530=VECTOR('',#5722,1000.);
#1531=VECTOR('',#5723,1000.);
#1532=VECTOR('',#5728,1000.);
#1533=VECTOR('',#5729,1000.);
#1534=VECTOR('',#5734,1000.);
#1535=VECTOR('',#5737,1000.);
#1536=VECTOR('',#5740,1000.);
#1537=VECTOR('',#5743,1000.);
#1538=VECTOR('',#5744,1000.);
#1539=VECTOR('',#5745,1000.);
#1540=VECTOR('',#5748,1000.);
#1541=VECTOR('',#5749,1000.);
#1542=VECTOR('',#5752,1000.);
#1543=VECTOR('',#5753,1000.);
#1544=VECTOR('',#5756,1000.);
#1545=VECTOR('',#5757,1000.);
#1546=VECTOR('',#5760,1000.);
#1547=VECTOR('',#5761,1000.);
#1548=VECTOR('',#5764,1000.);
#1549=VECTOR('',#5765,1000.);
#1550=VECTOR('',#5768,1000.);
#1551=VECTOR('',#5769,1000.);
#1552=VECTOR('',#5772,1000.);
#1553=VECTOR('',#5773,1000.);
#1554=VECTOR('',#5776,1000.);
#1555=VECTOR('',#5777,1000.);
#1556=VECTOR('',#5780,1000.);
#1557=VECTOR('',#5783,1000.);
#1558=VECTOR('',#5784,1000.);
#1559=VECTOR('',#5787,1000.);
#1560=VECTOR('',#5788,1000.);
#1561=VECTOR('',#5789,1000.);
#1562=VECTOR('',#5792,1000.);
#1563=VECTOR('',#5793,1000.);
#1564=VECTOR('',#5794,1000.);
#1565=VECTOR('',#5797,1000.);
#1566=VECTOR('',#5804,1000.);
#1567=VECTOR('',#5809,1000.);
#1568=VECTOR('',#5818,1000.);
#1569=VECTOR('',#5821,1000.);
#1570=VECTOR('',#5824,1000.);
#1571=VECTOR('',#5825,1000.);
#1572=VECTOR('',#5828,1000.);
#1573=VECTOR('',#5835,1000.);
#1574=VECTOR('',#5838,1000.);
#1575=VECTOR('',#5839,1000.);
#1576=VECTOR('',#5840,1000.);
#1577=VECTOR('',#5843,1000.);
#1578=VECTOR('',#5850,1000.);
#1579=VECTOR('',#5853,1000.);
#1580=VECTOR('',#5854,1000.);
#1581=VECTOR('',#5855,1000.);
#1582=VECTOR('',#5858,1000.);
#1583=VECTOR('',#5865,1000.);
#1584=VECTOR('',#5868,1000.);
#1585=VECTOR('',#5869,1000.);
#1586=VECTOR('',#5870,1000.);
#1587=VECTOR('',#5873,1000.);
#1588=VECTOR('',#5880,1000.);
#1589=VECTOR('',#5883,1000.);
#1590=VECTOR('',#5884,1000.);
#1591=VECTOR('',#5887,1000.);
#1592=VECTOR('',#5888,1000.);
#1593=VECTOR('',#5889,1000.);
#1594=VECTOR('',#5892,1000.);
#1595=VECTOR('',#5893,1000.);
#1596=VECTOR('',#5898,1000.);
#1597=VECTOR('',#5907,1000.);
#1598=VECTOR('',#5912,1000.);
#1599=VECTOR('',#5917,1000.);
#1600=VECTOR('',#5926,1000.);
#1601=VECTOR('',#5931,1000.);
#1602=VECTOR('',#5934,1000.);
#1603=VECTOR('',#5935,1000.);
#1604=VECTOR('',#5938,1000.);
#1605=VECTOR('',#5939,1000.);
#1606=VECTOR('',#5944,1000.);
#1607=VECTOR('',#5947,1000.);
#1608=VECTOR('',#5948,1000.);
#1609=VECTOR('',#5949,1000.);
#1610=VECTOR('',#5952,1000.);
#1611=VECTOR('',#5953,1000.);
#1612=VECTOR('',#5956,1000.);
#1613=VECTOR('',#5957,1000.);
#1614=VECTOR('',#5960,1000.);
#1615=VECTOR('',#5961,1000.);
#1616=VECTOR('',#5962,1000.);
#1617=VECTOR('',#5965,1000.);
#1618=VECTOR('',#5966,1000.);
#1619=VECTOR('',#5969,1000.);
#1620=VECTOR('',#5970,1000.);
#1621=VECTOR('',#5973,1000.);
#1622=VECTOR('',#5974,1000.);
#1623=VECTOR('',#5977,1000.);
#1624=VECTOR('',#5978,1000.);
#1625=VECTOR('',#5981,1000.);
#1626=VECTOR('',#5982,1000.);
#1627=VECTOR('',#5985,1000.);
#1628=VECTOR('',#5986,1000.);
#1629=VECTOR('',#5989,1000.);
#1630=VECTOR('',#5990,1000.);
#1631=VECTOR('',#5993,1000.);
#1632=VECTOR('',#5994,1000.);
#1633=VECTOR('',#5997,1000.);
#1634=VECTOR('',#5998,1000.);
#1635=VECTOR('',#5999,1000.);
#1636=VECTOR('',#6002,1000.);
#1637=VECTOR('',#6003,1000.);
#1638=VECTOR('',#6006,1000.);
#1639=VECTOR('',#6007,1000.);
#1640=VECTOR('',#6010,1000.);
#1641=VECTOR('',#6011,1000.);
#1642=VECTOR('',#6014,1000.);
#1643=VECTOR('',#6015,1000.);
#1644=VECTOR('',#6042,1000.);
#1645=VECTOR('',#6043,1000.);
#1646=VECTOR('',#6044,1000.);
#1647=VECTOR('',#6045,1000.);
#1648=VECTOR('',#6046,1000.);
#1649=VECTOR('',#6047,1000.);
#1650=VECTOR('',#6048,1000.);
#1651=VECTOR('',#6049,1000.);
#1652=VECTOR('',#6050,1000.);
#1653=VECTOR('',#6051,1000.);
#1654=VECTOR('',#6052,1000.);
#1655=VECTOR('',#6053,1000.);
#1656=VECTOR('',#6054,1000.);
#1657=VECTOR('',#6057,1000.);
#1658=VECTOR('',#6058,1000.);
#1659=VECTOR('',#6059,1000.);
#1660=VECTOR('',#6062,1000.);
#1661=VECTOR('',#6063,1000.);
#1662=VECTOR('',#6066,1000.);
#1663=VECTOR('',#6067,1000.);
#1664=VECTOR('',#6070,1000.);
#1665=VECTOR('',#6073,1000.);
#1666=VECTOR('',#6074,1000.);
#1667=VECTOR('',#6075,1000.);
#1668=VECTOR('',#6078,1000.);
#1669=VECTOR('',#6079,1000.);
#1670=VECTOR('',#6082,1000.);
#1671=VECTOR('',#6083,1000.);
#1672=VECTOR('',#6086,1000.);
#1673=VECTOR('',#6087,1000.);
#1674=VECTOR('',#6090,1000.);
#1675=VECTOR('',#6091,1000.);
#1676=VECTOR('',#6094,1000.);
#1677=VECTOR('',#6097,1000.);
#1678=VECTOR('',#6098,1000.);
#1679=VECTOR('',#6099,1000.);
#1680=VECTOR('',#6102,1000.);
#1681=VECTOR('',#6105,1000.);
#1682=VECTOR('',#6112,1000.);
#1683=VECTOR('',#6115,1000.);
#1684=VECTOR('',#6118,1000.);
#1685=VECTOR('',#6119,1000.);
#1686=VECTOR('',#6122,1000.);
#1687=VECTOR('',#6123,1000.);
#1688=VECTOR('',#6126,1000.);
#1689=VECTOR('',#6127,1000.);
#1690=VECTOR('',#6128,1000.);
#1691=VECTOR('',#6131,1000.);
#1692=VECTOR('',#6132,1000.);
#1693=VECTOR('',#6133,1000.);
#1694=VECTOR('',#6136,1000.);
#1695=VECTOR('',#6137,1000.);
#1696=VECTOR('',#6140,1000.);
#1697=VECTOR('',#6141,1000.);
#1698=VECTOR('',#6144,1000.);
#1699=VECTOR('',#6145,1000.);
#1700=VECTOR('',#6148,1000.);
#1701=VECTOR('',#6149,1000.);
#1702=VECTOR('',#6152,1000.);
#1703=VECTOR('',#6153,1000.);
#1704=VECTOR('',#6158,1000.);
#1705=VECTOR('',#6161,1000.);
#1706=VECTOR('',#6162,1000.);
#1707=VECTOR('',#6167,1000.);
#1708=VECTOR('',#6170,1000.);
#1709=VECTOR('',#6171,1000.);
#1710=VECTOR('',#6176,1000.);
#1711=VECTOR('',#6179,1000.);
#1712=VECTOR('',#6182,1000.);
#1713=VECTOR('',#6183,1000.);
#1714=VECTOR('',#6186,1000.);
#1715=VECTOR('',#6187,1000.);
#1716=VECTOR('',#6190,1000.);
#1717=VECTOR('',#6191,1000.);
#1718=VECTOR('',#6194,1000.);
#1719=VECTOR('',#6195,1000.);
#1720=VECTOR('',#6198,1000.);
#1721=VECTOR('',#6199,1000.);
#1722=VECTOR('',#6202,1000.);
#1723=VECTOR('',#6203,1000.);
#1724=VECTOR('',#6204,1000.);
#1725=VECTOR('',#6207,1000.);
#1726=VECTOR('',#6208,1000.);
#1727=VECTOR('',#6211,1000.);
#1728=VECTOR('',#6212,1000.);
#1729=VECTOR('',#6215,1000.);
#1730=VECTOR('',#6216,1000.);
#1731=VECTOR('',#6219,1000.);
#1732=VECTOR('',#6220,1000.);
#1733=VECTOR('',#6223,1000.);
#1734=VECTOR('',#6228,1000.);
#1735=VECTOR('',#6229,1000.);
#1736=VECTOR('',#6230,1000.);
#1737=VECTOR('',#6233,1000.);
#1738=VECTOR('',#6234,1000.);
#1739=VECTOR('',#6237,1000.);
#1740=VECTOR('',#6238,1000.);
#1741=VECTOR('',#6241,1000.);
#1742=VECTOR('',#6246,1000.);
#1743=VECTOR('',#6247,1000.);
#1744=VECTOR('',#6248,1000.);
#1745=VECTOR('',#6251,1000.);
#1746=VECTOR('',#6252,1000.);
#1747=VECTOR('',#6255,1000.);
#1748=VECTOR('',#6256,1000.);
#1749=VECTOR('',#6259,1000.);
#1750=VECTOR('',#6260,1000.);
#1751=VECTOR('',#6263,1000.);
#1752=VECTOR('',#6264,1000.);
#1753=VECTOR('',#6267,1000.);
#1754=VECTOR('',#6298,10.);
#1755=VECTOR('',#6299,10.);
#1756=VECTOR('',#6300,10.);
#1757=VECTOR('',#6307,1000.);
#1758=VECTOR('',#6310,1000.);
#1759=VECTOR('',#6313,1000.);
#1760=VECTOR('',#6314,1000.);
#1761=VECTOR('',#6317,1000.);
#1762=VECTOR('',#6322,1000.);
#1763=VECTOR('',#6323,1000.);
#1764=VECTOR('',#6326,1000.);
#1765=VECTOR('',#6327,1000.);
#1766=VECTOR('',#6330,1000.);
#1767=VECTOR('',#6335,1000.);
#1768=VECTOR('',#6336,1000.);
#1769=VECTOR('',#6337,1000.);
#1770=VECTOR('',#6340,1000.);
#1771=VECTOR('',#6345,1000.);
#1772=VECTOR('',#6346,4.);
#1773=VECTOR('',#6347,1000.);
#1774=VECTOR('',#6352,1000.);
#1775=VECTOR('',#6353,1000.);
#1776=VECTOR('',#6356,1000.);
#1777=VECTOR('',#6357,1000.);
#1778=VECTOR('',#6360,1000.);
#1779=VECTOR('',#6361,1000.);
#1780=VECTOR('',#6364,4.);
#1781=VECTOR('',#6365,1000.);
#1782=VECTOR('',#6370,1000.);
#1783=VECTOR('',#6371,1000.);
#1784=VECTOR('',#6374,1000.);
#1785=VECTOR('',#6379,1000.);
#1786=VECTOR('',#6380,1000.);
#1787=VECTOR('',#6383,1000.);
#1788=VECTOR('',#6386,1000.);
#1789=VECTOR('',#6391,1000.);
#1790=VECTOR('',#6392,1000.);
#1791=VECTOR('',#6395,1000.);
#1792=VECTOR('',#6398,1000.);
#1793=VECTOR('',#6399,1000.);
#1794=VECTOR('',#6404,1000.);
#1795=VECTOR('',#6405,4.);
#1796=VECTOR('',#6406,1000.);
#1797=VECTOR('',#6411,1000.);
#1798=VECTOR('',#6412,1000.);
#1799=VECTOR('',#6415,1000.);
#1800=VECTOR('',#6416,1000.);
#1801=VECTOR('',#6419,1000.);
#1802=VECTOR('',#6420,1000.);
#1803=VECTOR('',#6423,1000.);
#1804=VECTOR('',#6428,1000.);
#1805=VECTOR('',#6431,1000.);
#1806=VECTOR('',#6436,1000.);
#1807=VECTOR('',#6439,1000.);
#1808=VECTOR('',#6440,1000.);
#1809=VECTOR('',#6443,1000.);
#1810=VECTOR('',#6446,10.);
#1811=VECTOR('',#6447,1000.);
#1812=VECTOR('',#6448,10.);
#1813=VECTOR('',#6449,1000.);
#1814=VECTOR('',#6452,10.);
#1815=VECTOR('',#6455,10.);
#1816=VECTOR('',#6460,10.);
#1817=VECTOR('',#6465,1000.);
#1818=VECTOR('',#6466,10.);
#1819=VECTOR('',#6467,1000.);
#1820=VECTOR('',#6472,1000.);
#1821=VECTOR('',#6475,10.);
#1822=VECTOR('',#6476,1000.);
#1823=VECTOR('',#6483,1000.);
#1824=VECTOR('',#6484,10.);
#1825=VECTOR('',#6485,1000.);
#1826=VECTOR('',#6496,10.);
#1827=VECTOR('',#6497,10.);
#1828=VECTOR('',#6498,10.);
#1829=VERTEX_POINT('',#6507);
#1830=VERTEX_POINT('',#6508);
#1831=VERTEX_POINT('',#6510);
#1832=VERTEX_POINT('',#6512);
#1833=VERTEX_POINT('',#6516);
#1834=VERTEX_POINT('',#6518);
#1835=VERTEX_POINT('',#6522);
#1836=VERTEX_POINT('',#6524);
#1837=VERTEX_POINT('',#6531);
#1838=VERTEX_POINT('',#6533);
#1839=VERTEX_POINT('',#6536);
#1840=VERTEX_POINT('',#6538);
#1841=VERTEX_POINT('',#6541);
#1842=VERTEX_POINT('',#6543);
#1843=VERTEX_POINT('',#6546);
#1844=VERTEX_POINT('',#6548);
#1845=VERTEX_POINT('',#6551);
#1846=VERTEX_POINT('',#6552);
#1847=VERTEX_POINT('',#6556);
#1848=VERTEX_POINT('',#6558);
#1849=VERTEX_POINT('',#6561);
#1850=VERTEX_POINT('',#6565);
#1851=VERTEX_POINT('',#6567);
#1852=VERTEX_POINT('',#6573);
#1853=VERTEX_POINT('',#6576);
#1854=VERTEX_POINT('',#6581);
#1855=VERTEX_POINT('',#6582);
#1856=VERTEX_POINT('',#6584);
#1857=VERTEX_POINT('',#6586);
#1858=VERTEX_POINT('',#6591);
#1859=VERTEX_POINT('',#6593);
#1860=VERTEX_POINT('',#6597);
#1861=VERTEX_POINT('',#6603);
#1862=VERTEX_POINT('',#6605);
#1863=VERTEX_POINT('',#6611);
#1864=VERTEX_POINT('',#6612);
#1865=VERTEX_POINT('',#6616);
#1866=VERTEX_POINT('',#6618);
#1867=VERTEX_POINT('',#6621);
#1868=VERTEX_POINT('',#6625);
#1869=VERTEX_POINT('',#6627);
#1870=VERTEX_POINT('',#6633);
#1871=VERTEX_POINT('',#6636);
#1872=VERTEX_POINT('',#6641);
#1873=VERTEX_POINT('',#6642);
#1874=VERTEX_POINT('',#6644);
#1875=VERTEX_POINT('',#6646);
#1876=VERTEX_POINT('',#6651);
#1877=VERTEX_POINT('',#6653);
#1878=VERTEX_POINT('',#6657);
#1879=VERTEX_POINT('',#6663);
#1880=VERTEX_POINT('',#6665);
#1881=VERTEX_POINT('',#6671);
#1882=VERTEX_POINT('',#6672);
#1883=VERTEX_POINT('',#6674);
#1884=VERTEX_POINT('',#6676);
#1885=VERTEX_POINT('',#6678);
#1886=VERTEX_POINT('',#6681);
#1887=VERTEX_POINT('',#6683);
#1888=VERTEX_POINT('',#6685);
#1889=VERTEX_POINT('',#6687);
#1890=VERTEX_POINT('',#6691);
#1891=VERTEX_POINT('',#6693);
#1892=VERTEX_POINT('',#6697);
#1893=VERTEX_POINT('',#6699);
#1894=VERTEX_POINT('',#6703);
#1895=VERTEX_POINT('',#6705);
#1896=VERTEX_POINT('',#6709);
#1897=VERTEX_POINT('',#6711);
#1898=VERTEX_POINT('',#6715);
#1899=VERTEX_POINT('',#6717);
#1900=VERTEX_POINT('',#6721);
#1901=VERTEX_POINT('',#6723);
#1902=VERTEX_POINT('',#6727);
#1903=VERTEX_POINT('',#6729);
#1904=VERTEX_POINT('',#6733);
#1905=VERTEX_POINT('',#6735);
#1906=VERTEX_POINT('',#6737);
#1907=VERTEX_POINT('',#6742);
#1908=VERTEX_POINT('',#6780);
#1909=VERTEX_POINT('',#6784);
#1910=VERTEX_POINT('',#6785);
#1911=VERTEX_POINT('',#6787);
#1912=VERTEX_POINT('',#6789);
#1913=VERTEX_POINT('',#6791);
#1914=VERTEX_POINT('',#6793);
#1915=VERTEX_POINT('',#6795);
#1916=VERTEX_POINT('',#6797);
#1917=VERTEX_POINT('',#6799);
#1918=VERTEX_POINT('',#6801);
#1919=VERTEX_POINT('',#6803);
#1920=VERTEX_POINT('',#6805);
#1921=VERTEX_POINT('',#6807);
#1922=VERTEX_POINT('',#6809);
#1923=VERTEX_POINT('',#6811);
#1924=VERTEX_POINT('',#6813);
#1925=VERTEX_POINT('',#6815);
#1926=VERTEX_POINT('',#6817);
#1927=VERTEX_POINT('',#6819);
#1928=VERTEX_POINT('',#6823);
#1929=VERTEX_POINT('',#6824);
#1930=VERTEX_POINT('',#6827);
#1931=VERTEX_POINT('',#6828);
#1932=VERTEX_POINT('',#6832);
#1933=VERTEX_POINT('',#6833);
#1934=VERTEX_POINT('',#6835);
#1935=VERTEX_POINT('',#6837);
#1936=VERTEX_POINT('',#6841);
#1937=VERTEX_POINT('',#6843);
#1938=VERTEX_POINT('',#6847);
#1939=VERTEX_POINT('',#6849);
#1940=VERTEX_POINT('',#6853);
#1941=VERTEX_POINT('',#6855);
#1942=VERTEX_POINT('',#6859);
#1943=VERTEX_POINT('',#6860);
#1944=VERTEX_POINT('',#6862);
#1945=VERTEX_POINT('',#6864);
#1946=VERTEX_POINT('',#6868);
#1947=VERTEX_POINT('',#6869);
#1948=VERTEX_POINT('',#6871);
#1949=VERTEX_POINT('',#6873);
#1950=VERTEX_POINT('',#6877);
#1951=VERTEX_POINT('',#6879);
#1952=VERTEX_POINT('',#6883);
#1953=VERTEX_POINT('',#6885);
#1954=VERTEX_POINT('',#6893);
#1955=VERTEX_POINT('',#6894);
#1956=VERTEX_POINT('',#6896);
#1957=VERTEX_POINT('',#6898);
#1958=VERTEX_POINT('',#6900);
#1959=VERTEX_POINT('',#6902);
#1960=VERTEX_POINT('',#6904);
#1961=VERTEX_POINT('',#6906);
#1962=VERTEX_POINT('',#6908);
#1963=VERTEX_POINT('',#6910);
#1964=VERTEX_POINT('',#6913);
#1965=VERTEX_POINT('',#6914);
#1966=VERTEX_POINT('',#7055);
#1967=VERTEX_POINT('',#7057);
#1968=VERTEX_POINT('',#7129);
#1969=VERTEX_POINT('',#7131);
#1970=VERTEX_POINT('',#7265);
#1971=VERTEX_POINT('',#7266);
#1972=VERTEX_POINT('',#7268);
#1973=VERTEX_POINT('',#7270);
#1974=VERTEX_POINT('',#7273);
#1975=VERTEX_POINT('',#7274);
#1976=VERTEX_POINT('',#7276);
#1977=VERTEX_POINT('',#7278);
#1978=VERTEX_POINT('',#7280);
#1979=VERTEX_POINT('',#7282);
#1980=VERTEX_POINT('',#7284);
#1981=VERTEX_POINT('',#7286);
#1982=VERTEX_POINT('',#7288);
#1983=VERTEX_POINT('',#7290);
#1984=VERTEX_POINT('',#7292);
#1985=VERTEX_POINT('',#7294);
#1986=VERTEX_POINT('',#7296);
#1987=VERTEX_POINT('',#7298);
#1988=VERTEX_POINT('',#7300);
#1989=VERTEX_POINT('',#7302);
#1990=VERTEX_POINT('',#7304);
#1991=VERTEX_POINT('',#7306);
#1992=VERTEX_POINT('',#7308);
#1993=VERTEX_POINT('',#7310);
#1994=VERTEX_POINT('',#7312);
#1995=VERTEX_POINT('',#7314);
#1996=VERTEX_POINT('',#7316);
#1997=VERTEX_POINT('',#7318);
#1998=VERTEX_POINT('',#7320);
#1999=VERTEX_POINT('',#7322);
#2000=VERTEX_POINT('',#7324);
#2001=VERTEX_POINT('',#7326);
#2002=VERTEX_POINT('',#7328);
#2003=VERTEX_POINT('',#7330);
#2004=VERTEX_POINT('',#7332);
#2005=VERTEX_POINT('',#7334);
#2006=VERTEX_POINT('',#7336);
#2007=VERTEX_POINT('',#7338);
#2008=VERTEX_POINT('',#7340);
#2009=VERTEX_POINT('',#7342);
#2010=VERTEX_POINT('',#7344);
#2011=VERTEX_POINT('',#7346);
#2012=VERTEX_POINT('',#7348);
#2013=VERTEX_POINT('',#7350);
#2014=VERTEX_POINT('',#7352);
#2015=VERTEX_POINT('',#7354);
#2016=VERTEX_POINT('',#7356);
#2017=VERTEX_POINT('',#7358);
#2018=VERTEX_POINT('',#7360);
#2019=VERTEX_POINT('',#7362);
#2020=VERTEX_POINT('',#7364);
#2021=VERTEX_POINT('',#7366);
#2022=VERTEX_POINT('',#7368);
#2023=VERTEX_POINT('',#7370);
#2024=VERTEX_POINT('',#7372);
#2025=VERTEX_POINT('',#7374);
#2026=VERTEX_POINT('',#7376);
#2027=VERTEX_POINT('',#7378);
#2028=VERTEX_POINT('',#7380);
#2029=VERTEX_POINT('',#7382);
#2030=VERTEX_POINT('',#7384);
#2031=VERTEX_POINT('',#7386);
#2032=VERTEX_POINT('',#7388);
#2033=VERTEX_POINT('',#7390);
#2034=VERTEX_POINT('',#7392);
#2035=VERTEX_POINT('',#7394);
#2036=VERTEX_POINT('',#7397);
#2037=VERTEX_POINT('',#7398);
#2038=VERTEX_POINT('',#7400);
#2039=VERTEX_POINT('',#7402);
#2040=VERTEX_POINT('',#7404);
#2041=VERTEX_POINT('',#7406);
#2042=VERTEX_POINT('',#7478);
#2043=VERTEX_POINT('',#7480);
#2044=VERTEX_POINT('',#7563);
#2045=VERTEX_POINT('',#7565);
#2046=VERTEX_POINT('',#7567);
#2047=VERTEX_POINT('',#7569);
#2048=VERTEX_POINT('',#7571);
#2049=VERTEX_POINT('',#7573);
#2050=VERTEX_POINT('',#7575);
#2051=VERTEX_POINT('',#7577);
#2052=VERTEX_POINT('',#7579);
#2053=VERTEX_POINT('',#7581);
#2054=VERTEX_POINT('',#7584);
#2055=VERTEX_POINT('',#7585);
#2056=VERTEX_POINT('',#7628);
#2057=VERTEX_POINT('',#7630);
#2058=VERTEX_POINT('',#7632);
#2059=VERTEX_POINT('',#7634);
#2060=VERTEX_POINT('',#7636);
#2061=VERTEX_POINT('',#7638);
#2062=VERTEX_POINT('',#7707);
#2063=VERTEX_POINT('',#7709);
#2064=VERTEX_POINT('',#7711);
#2065=VERTEX_POINT('',#7713);
#2066=VERTEX_POINT('',#7716);
#2067=VERTEX_POINT('',#7717);
#2068=VERTEX_POINT('',#7719);
#2069=VERTEX_POINT('',#7721);
#2070=VERTEX_POINT('',#7724);
#2071=VERTEX_POINT('',#7725);
#2072=VERTEX_POINT('',#7727);
#2073=VERTEX_POINT('',#7729);
#2074=VERTEX_POINT('',#7731);
#2075=VERTEX_POINT('',#7733);
#2076=VERTEX_POINT('',#7737);
#2077=VERTEX_POINT('',#7738);
#2078=VERTEX_POINT('',#7743);
#2079=VERTEX_POINT('',#7744);
#2080=VERTEX_POINT('',#7749);
#2081=VERTEX_POINT('',#7750);
#2082=VERTEX_POINT('',#7755);
#2083=VERTEX_POINT('',#7756);
#2084=VERTEX_POINT('',#7761);
#2085=VERTEX_POINT('',#7762);
#2086=VERTEX_POINT('',#7767);
#2087=VERTEX_POINT('',#7768);
#2088=VERTEX_POINT('',#7773);
#2089=VERTEX_POINT('',#7774);
#2090=VERTEX_POINT('',#7779);
#2091=VERTEX_POINT('',#7780);
#2092=VERTEX_POINT('',#7782);
#2093=VERTEX_POINT('',#7784);
#2094=VERTEX_POINT('',#7790);
#2095=VERTEX_POINT('',#7792);
#2096=VERTEX_POINT('',#7796);
#2097=VERTEX_POINT('',#7800);
#2098=VERTEX_POINT('',#7804);
#2099=VERTEX_POINT('',#7808);
#2100=VERTEX_POINT('',#7812);
#2101=VERTEX_POINT('',#7816);
#2102=VERTEX_POINT('',#7820);
#2103=VERTEX_POINT('',#7824);
#2104=VERTEX_POINT('',#7972);
#2105=VERTEX_POINT('',#7974);
#2106=VERTEX_POINT('',#8048);
#2107=VERTEX_POINT('',#8315);
#2108=VERTEX_POINT('',#8450);
#2109=VERTEX_POINT('',#8733);
#2110=VERTEX_POINT('',#8879);
#2111=VERTEX_POINT('',#8883);
#2112=VERTEX_POINT('',#8890);
#2113=VERTEX_POINT('',#8892);
#2114=VERTEX_POINT('',#8896);
#2115=VERTEX_POINT('',#8900);
#2116=VERTEX_POINT('',#8904);
#2117=VERTEX_POINT('',#8908);
#2118=VERTEX_POINT('',#8910);
#2119=VERTEX_POINT('',#8914);
#2120=VERTEX_POINT('',#8918);
#2121=VERTEX_POINT('',#8922);
#2122=VERTEX_POINT('',#8923);
#2123=VERTEX_POINT('',#8928);
#2124=VERTEX_POINT('',#8932);
#2125=VERTEX_POINT('',#8936);
#2126=VERTEX_POINT('',#8938);
#2127=VERTEX_POINT('',#8942);
#2128=VERTEX_POINT('',#8946);
#2129=VERTEX_POINT('',#8950);
#2130=VERTEX_POINT('',#8954);
#2131=VERTEX_POINT('',#8956);
#2132=VERTEX_POINT('',#8960);
#2133=VERTEX_POINT('',#8964);
#2134=VERTEX_POINT('',#8970);
#2135=VERTEX_POINT('',#8974);
#2136=VERTEX_POINT('',#8978);
#2137=VERTEX_POINT('',#8984);
#2138=VERTEX_POINT('',#8988);
#2139=VERTEX_POINT('',#8992);
#2140=VERTEX_POINT('',#8996);
#2141=VERTEX_POINT('',#9000);
#2142=VERTEX_POINT('',#9004);
#2143=VERTEX_POINT('',#9006);
#2144=VERTEX_POINT('',#9010);
#2145=VERTEX_POINT('',#9014);
#2146=VERTEX_POINT('',#9018);
#2147=VERTEX_POINT('',#9020);
#2148=VERTEX_POINT('',#9024);
#2149=VERTEX_POINT('',#9028);
#2150=VERTEX_POINT('',#9032);
#2151=VERTEX_POINT('',#9036);
#2152=VERTEX_POINT('',#9040);
#2153=VERTEX_POINT('',#9044);
#2154=VERTEX_POINT('',#9048);
#2155=VERTEX_POINT('',#9052);
#2156=VERTEX_POINT('',#9056);
#2157=VERTEX_POINT('',#9058);
#2158=VERTEX_POINT('',#9062);
#2159=VERTEX_POINT('',#9066);
#2160=VERTEX_POINT('',#9070);
#2161=VERTEX_POINT('',#9074);
#2162=VERTEX_POINT('',#9090);
#2163=VERTEX_POINT('',#9092);
#2164=VERTEX_POINT('',#9095);
#2165=VERTEX_POINT('',#9096);
#2166=VERTEX_POINT('',#9098);
#2167=VERTEX_POINT('',#9100);
#2168=VERTEX_POINT('',#9102);
#2169=VERTEX_POINT('',#9104);
#2170=VERTEX_POINT('',#9107);
#2171=VERTEX_POINT('',#9108);
#2172=VERTEX_POINT('',#9110);
#2173=VERTEX_POINT('',#9112);
#2174=VERTEX_POINT('',#9116);
#2175=VERTEX_POINT('',#9117);
#2176=VERTEX_POINT('',#9122);
#2177=VERTEX_POINT('',#9126);
#2178=VERTEX_POINT('',#9132);
#2179=VERTEX_POINT('',#9133);
#2180=VERTEX_POINT('',#9138);
#2181=VERTEX_POINT('',#9142);
#2182=VERTEX_POINT('',#9146);
#2183=VERTEX_POINT('',#9150);
#2184=VERTEX_POINT('',#9156);
#2185=VERTEX_POINT('',#9157);
#2186=VERTEX_POINT('',#9168);
#2187=VERTEX_POINT('',#9170);
#2188=VERTEX_POINT('',#9174);
#2189=VERTEX_POINT('',#9178);
#2190=VERTEX_POINT('',#9182);
#2191=VERTEX_POINT('',#9327);
#2192=VERTEX_POINT('',#9401);
#2193=VERTEX_POINT('',#9568);
#2194=VERTEX_POINT('',#9653);
#2195=VERTEX_POINT('',#9657);
#2196=VERTEX_POINT('',#9661);
#2197=VERTEX_POINT('',#9665);
#2198=VERTEX_POINT('',#9669);
#2199=VERTEX_POINT('',#9673);
#2200=VERTEX_POINT('',#9677);
#2201=VERTEX_POINT('',#9681);
#2202=VERTEX_POINT('',#9685);
#2203=VERTEX_POINT('',#9689);
#2204=VERTEX_POINT('',#9779);
#2205=VERTEX_POINT('',#9781);
#2206=VERTEX_POINT('',#9826);
#2207=VERTEX_POINT('',#9830);
#2208=VERTEX_POINT('',#9834);
#2209=VERTEX_POINT('',#9838);
#2210=VERTEX_POINT('',#9842);
#2211=VERTEX_POINT('',#9981);
#2212=VERTEX_POINT('',#10052);
#2213=VERTEX_POINT('',#10056);
#2214=VERTEX_POINT('',#10060);
#2215=VERTEX_POINT('',#10064);
#2216=VERTEX_POINT('',#10071);
#2217=VERTEX_POINT('',#10073);
#2218=VERTEX_POINT('',#10077);
#2219=VERTEX_POINT('',#10081);
#2220=VERTEX_POINT('',#10088);
#2221=VERTEX_POINT('',#10090);
#2222=VERTEX_POINT('',#10094);
#2223=VERTEX_POINT('',#10098);
#2224=VERTEX_POINT('',#10102);
#2225=VERTEX_POINT('',#10106);
#2226=VERTEX_POINT('',#10126);
#2227=VERTEX_POINT('',#10128);
#2228=VERTEX_POINT('',#10140);
#2229=VERTEX_POINT('',#10142);
#2230=VERTEX_POINT('',#10146);
#2231=VERTEX_POINT('',#10150);
#2232=VERTEX_POINT('',#10154);
#2233=VERTEX_POINT('',#10158);
#2234=VERTEX_POINT('',#10162);
#2235=VERTEX_POINT('',#10166);
#2236=VERTEX_POINT('',#10168);
#2237=VERTEX_POINT('',#10172);
#2238=VERTEX_POINT('',#10176);
#2239=VERTEX_POINT('',#10179);
#2240=VERTEX_POINT('',#10183);
#2241=VERTEX_POINT('',#10187);
#2242=VERTEX_POINT('',#10191);
#2243=VERTEX_POINT('',#10196);
#2244=VERTEX_POINT('',#10200);
#2245=VERTEX_POINT('',#10204);
#2246=VERTEX_POINT('',#10208);
#2247=VERTEX_POINT('',#10214);
#2248=VERTEX_POINT('',#10218);
#2249=VERTEX_POINT('',#10224);
#2250=VERTEX_POINT('',#10228);
#2251=VERTEX_POINT('',#10232);
#2252=VERTEX_POINT('',#10236);
#2253=VERTEX_POINT('',#10240);
#2254=VERTEX_POINT('',#10244);
#2255=VERTEX_POINT('',#10248);
#2256=VERTEX_POINT('',#10254);
#2257=VERTEX_POINT('',#10260);
#2258=VERTEX_POINT('',#10266);
#2259=VERTEX_POINT('',#10267);
#2260=VERTEX_POINT('',#10269);
#2261=VERTEX_POINT('',#10271);
#2262=VERTEX_POINT('',#10275);
#2263=VERTEX_POINT('',#10276);
#2264=VERTEX_POINT('',#10278);
#2265=VERTEX_POINT('',#10280);
#2266=VERTEX_POINT('',#10283);
#2267=VERTEX_POINT('',#10285);
#2268=VERTEX_POINT('',#10289);
#2269=VERTEX_POINT('',#10291);
#2270=VERTEX_POINT('',#10295);
#2271=VERTEX_POINT('',#10299);
#2272=VERTEX_POINT('',#10305);
#2273=VERTEX_POINT('',#10307);
#2274=VERTEX_POINT('',#10315);
#2275=VERTEX_POINT('',#10317);
#2276=EDGE_CURVE('',#1829,#1830,#911,.T.);
#2277=EDGE_CURVE('',#1831,#1829,#912,.T.);
#2278=EDGE_CURVE('',#1832,#1831,#913,.T.);
#2279=EDGE_CURVE('',#1832,#1830,#914,.T.);
#2280=EDGE_CURVE('',#1830,#1833,#915,.T.);
#2281=EDGE_CURVE('',#1834,#1832,#916,.T.);
#2282=EDGE_CURVE('',#1834,#1833,#917,.T.);
#2283=EDGE_CURVE('',#1833,#1835,#918,.T.);
#2284=EDGE_CURVE('',#1836,#1834,#919,.T.);
#2285=EDGE_CURVE('',#1836,#1835,#920,.T.);
#2286=EDGE_CURVE('',#1835,#1829,#921,.T.);
#2287=EDGE_CURVE('',#1831,#1836,#922,.T.);
#2288=EDGE_CURVE('',#1837,#1837,#173,.T.);
#2289=EDGE_CURVE('',#1838,#1838,#174,.T.);
#2290=EDGE_CURVE('',#1839,#1839,#175,.T.);
#2291=EDGE_CURVE('',#1840,#1840,#176,.T.);
#2292=EDGE_CURVE('',#1841,#1841,#177,.T.);
#2293=EDGE_CURVE('',#1842,#1842,#178,.T.);
#2294=EDGE_CURVE('',#1843,#1843,#179,.T.);
#2295=EDGE_CURVE('',#1844,#1844,#180,.T.);
#2296=EDGE_CURVE('',#1845,#1846,#181,.T.);
#2297=EDGE_CURVE('',#1846,#1845,#182,.T.);
#2298=EDGE_CURVE('',#1838,#1847,#923,.T.);
#2299=EDGE_CURVE('',#1848,#1847,#183,.T.);
#2300=EDGE_CURVE('',#1846,#1848,#924,.T.);
#2301=EDGE_CURVE('',#1849,#1845,#925,.T.);
#2302=EDGE_CURVE('',#1847,#1849,#184,.T.);
#2303=EDGE_CURVE('',#1848,#1850,#185,.T.);
#2304=EDGE_CURVE('',#1850,#1851,#926,.T.);
#2305=EDGE_CURVE('',#1851,#1851,#186,.T.);
#2306=EDGE_CURVE('',#1850,#1849,#187,.T.);
#2307=EDGE_CURVE('',#1852,#1852,#188,.T.);
#2308=EDGE_CURVE('',#1853,#1853,#189,.T.);
#2309=EDGE_CURVE('',#1852,#1853,#927,.T.);
#2310=EDGE_CURVE('',#1854,#1855,#190,.T.);
#2311=EDGE_CURVE('',#1856,#1854,#191,.T.);
#2312=EDGE_CURVE('',#1857,#1856,#192,.T.);
#2313=EDGE_CURVE('',#1855,#1857,#193,.T.);
#2314=EDGE_CURVE('',#1840,#1856,#928,.T.);
#2315=EDGE_CURVE('',#1858,#1854,#929,.T.);
#2316=EDGE_CURVE('',#1859,#1858,#194,.T.);
#2317=EDGE_CURVE('',#1857,#1859,#930,.T.);
#2318=EDGE_CURVE('',#1855,#1860,#931,.T.);
#2319=EDGE_CURVE('',#1860,#1860,#195,.T.);
#2320=EDGE_CURVE('',#1859,#1858,#196,.T.);
#2321=EDGE_CURVE('',#1861,#1861,#197,.T.);
#2322=EDGE_CURVE('',#1861,#1862,#932,.T.);
#2323=EDGE_CURVE('',#1862,#1862,#198,.T.);
#2324=EDGE_CURVE('',#1863,#1864,#199,.T.);
#2325=EDGE_CURVE('',#1864,#1863,#200,.T.);
#2326=EDGE_CURVE('',#1842,#1865,#933,.T.);
#2327=EDGE_CURVE('',#1866,#1865,#201,.T.);
#2328=EDGE_CURVE('',#1864,#1866,#934,.T.);
#2329=EDGE_CURVE('',#1867,#1863,#935,.T.);
#2330=EDGE_CURVE('',#1865,#1867,#202,.T.);
#2331=EDGE_CURVE('',#1866,#1868,#203,.T.);
#2332=EDGE_CURVE('',#1868,#1869,#936,.T.);
#2333=EDGE_CURVE('',#1869,#1869,#204,.T.);
#2334=EDGE_CURVE('',#1868,#1867,#205,.T.);
#2335=EDGE_CURVE('',#1870,#1870,#206,.T.);
#2336=EDGE_CURVE('',#1871,#1871,#207,.T.);
#2337=EDGE_CURVE('',#1870,#1871,#937,.T.);
#2338=EDGE_CURVE('',#1872,#1873,#208,.T.);
#2339=EDGE_CURVE('',#1874,#1872,#209,.T.);
#2340=EDGE_CURVE('',#1875,#1874,#210,.T.);
#2341=EDGE_CURVE('',#1873,#1875,#211,.T.);
#2342=EDGE_CURVE('',#1844,#1874,#938,.T.);
#2343=EDGE_CURVE('',#1876,#1872,#939,.T.);
#2344=EDGE_CURVE('',#1877,#1876,#212,.T.);
#2345=EDGE_CURVE('',#1875,#1877,#940,.T.);
#2346=EDGE_CURVE('',#1873,#1878,#941,.T.);
#2347=EDGE_CURVE('',#1878,#1878,#213,.T.);
#2348=EDGE_CURVE('',#1877,#1876,#214,.T.);
#2349=EDGE_CURVE('',#1879,#1879,#215,.T.);
#2350=EDGE_CURVE('',#1879,#1880,#942,.T.);
#2351=EDGE_CURVE('',#1880,#1880,#216,.T.);
#2352=EDGE_CURVE('',#1881,#1882,#943,.T.);
#2353=EDGE_CURVE('',#1882,#1883,#217,.T.);
#2354=EDGE_CURVE('',#1884,#1883,#944,.T.);
#2355=EDGE_CURVE('',#1885,#1884,#218,.T.);
#2356=EDGE_CURVE('',#1885,#1843,#945,.T.);
#2357=EDGE_CURVE('',#1886,#1885,#219,.T.);
#2358=EDGE_CURVE('',#1886,#1887,#946,.T.);
#2359=EDGE_CURVE('',#1887,#1888,#220,.T.);
#2360=EDGE_CURVE('',#1889,#1888,#947,.T.);
#2361=EDGE_CURVE('',#1881,#1889,#221,.T.);
#2362=EDGE_CURVE('',#1890,#1890,#222,.T.);
#2363=EDGE_CURVE('',#1890,#1891,#948,.T.);
#2364=EDGE_CURVE('',#1891,#1891,#223,.T.);
#2365=EDGE_CURVE('',#1892,#1892,#224,.T.);
#2366=EDGE_CURVE('',#1892,#1893,#949,.T.);
#2367=EDGE_CURVE('',#1893,#1893,#225,.T.);
#2368=EDGE_CURVE('',#1894,#1894,#226,.T.);
#2369=EDGE_CURVE('',#1894,#1895,#950,.T.);
#2370=EDGE_CURVE('',#1895,#1895,#227,.T.);
#2371=EDGE_CURVE('',#1896,#1896,#228,.T.);
#2372=EDGE_CURVE('',#1896,#1897,#951,.T.);
#2373=EDGE_CURVE('',#1897,#1897,#229,.T.);
#2374=EDGE_CURVE('',#1898,#1898,#230,.T.);
#2375=EDGE_CURVE('',#1898,#1899,#952,.T.);
#2376=EDGE_CURVE('',#1899,#1899,#231,.T.);
#2377=EDGE_CURVE('',#1900,#1900,#232,.T.);
#2378=EDGE_CURVE('',#1900,#1901,#953,.T.);
#2379=EDGE_CURVE('',#1901,#1901,#233,.T.);
#2380=EDGE_CURVE('',#1902,#1902,#234,.T.);
#2381=EDGE_CURVE('',#1902,#1903,#954,.T.);
#2382=EDGE_CURVE('',#1903,#1903,#235,.T.);
#2383=EDGE_CURVE('',#1904,#1904,#50,.T.);
#2384=EDGE_CURVE('',#1904,#1905,#955,.T.);
#2385=EDGE_CURVE('',#1906,#1905,#33,.T.);
#2386=EDGE_CURVE('',#1907,#1906,#34,.T.);
#2387=EDGE_CURVE('',#1905,#1907,#35,.T.);
#2388=EDGE_CURVE('',#1906,#1908,#956,.T.);
#2389=EDGE_CURVE('',#1908,#1908,#236,.T.);
#2390=EDGE_CURVE('',#1909,#1910,#957,.T.);
#2391=EDGE_CURVE('',#1911,#1909,#237,.T.);
#2392=EDGE_CURVE('',#1912,#1911,#958,.T.);
#2393=EDGE_CURVE('',#1913,#1912,#238,.T.);
#2394=EDGE_CURVE('',#1914,#1913,#239,.T.);
#2395=EDGE_CURVE('',#1915,#1914,#959,.T.);
#2396=EDGE_CURVE('',#1916,#1915,#960,.T.);
#2397=EDGE_CURVE('',#1917,#1916,#961,.T.);
#2398=EDGE_CURVE('',#1918,#1917,#240,.T.);
#2399=EDGE_CURVE('',#1919,#1918,#241,.T.);
#2400=EDGE_CURVE('',#1920,#1919,#962,.T.);
#2401=EDGE_CURVE('',#1921,#1920,#242,.T.);
#2402=EDGE_CURVE('',#1922,#1921,#963,.T.);
#2403=EDGE_CURVE('',#1923,#1922,#964,.T.);
#2404=EDGE_CURVE('',#1924,#1923,#243,.T.);
#2405=EDGE_CURVE('',#1925,#1924,#244,.T.);
#2406=EDGE_CURVE('',#1926,#1925,#965,.T.);
#2407=EDGE_CURVE('',#1927,#1926,#966,.T.);
#2408=EDGE_CURVE('',#1888,#1927,#967,.T.);
#2409=EDGE_CURVE('',#1910,#1887,#968,.T.);
#2410=EDGE_CURVE('',#1928,#1929,#51,.T.);
#2411=EDGE_CURVE('',#1929,#1928,#969,.T.);
#2412=EDGE_CURVE('',#1930,#1931,#970,.T.);
#2413=EDGE_CURVE('',#1931,#1930,#52,.T.);
#2414=EDGE_CURVE('',#1932,#1933,#971,.T.);
#2415=EDGE_CURVE('',#1934,#1933,#245,.T.);
#2416=EDGE_CURVE('',#1935,#1934,#972,.T.);
#2417=EDGE_CURVE('',#1932,#1935,#246,.T.);
#2418=EDGE_CURVE('',#1936,#1934,#973,.T.);
#2419=EDGE_CURVE('',#1937,#1936,#974,.T.);
#2420=EDGE_CURVE('',#1935,#1937,#975,.T.);
#2421=EDGE_CURVE('',#1938,#1936,#247,.T.);
#2422=EDGE_CURVE('',#1939,#1938,#976,.T.);
#2423=EDGE_CURVE('',#1937,#1939,#248,.T.);
#2424=EDGE_CURVE('',#1883,#1940,#977,.T.);
#2425=EDGE_CURVE('',#1941,#1882,#978,.T.);
#2426=EDGE_CURVE('',#1940,#1941,#249,.T.);
#2427=EDGE_CURVE('',#1942,#1943,#979,.T.);
#2428=EDGE_CURVE('',#1944,#1942,#250,.T.);
#2429=EDGE_CURVE('',#1945,#1944,#980,.T.);
#2430=EDGE_CURVE('',#1943,#1945,#251,.T.);
#2431=EDGE_CURVE('',#1946,#1947,#981,.T.);
#2432=EDGE_CURVE('',#1948,#1947,#252,.T.);
#2433=EDGE_CURVE('',#1949,#1948,#982,.T.);
#2434=EDGE_CURVE('',#1946,#1949,#253,.T.);
#2435=EDGE_CURVE('',#1950,#1948,#983,.T.);
#2436=EDGE_CURVE('',#1951,#1950,#984,.T.);
#2437=EDGE_CURVE('',#1949,#1951,#985,.T.);
#2438=EDGE_CURVE('',#1952,#1950,#254,.T.);
#2439=EDGE_CURVE('',#1953,#1952,#986,.T.);
#2440=EDGE_CURVE('',#1951,#1953,#255,.T.);
#2441=EDGE_CURVE('',#1939,#1952,#987,.T.);
#2442=EDGE_CURVE('',#1953,#1938,#988,.T.);
#2443=EDGE_CURVE('',#1947,#1932,#989,.T.);
#2444=EDGE_CURVE('',#1954,#1955,#990,.T.);
#2445=EDGE_CURVE('',#1956,#1954,#991,.T.);
#2446=EDGE_CURVE('',#1957,#1956,#992,.T.);
#2447=EDGE_CURVE('',#1958,#1957,#993,.T.);
#2448=EDGE_CURVE('',#1959,#1958,#994,.T.);
#2449=EDGE_CURVE('',#1960,#1959,#995,.T.);
#2450=EDGE_CURVE('',#1961,#1960,#996,.T.);
#2451=EDGE_CURVE('',#1962,#1961,#997,.T.);
#2452=EDGE_CURVE('',#1963,#1962,#998,.T.);
#2453=EDGE_CURVE('',#1955,#1963,#999,.T.);
#2454=EDGE_CURVE('',#1964,#1965,#36,.T.);
#2455=EDGE_CURVE('',#1966,#1964,#1000,.T.);
#2456=EDGE_CURVE('',#1967,#1966,#37,.T.);
#2457=EDGE_CURVE('',#1968,#1967,#1001,.T.);
#2458=EDGE_CURVE('',#1969,#1968,#38,.T.);
#2459=EDGE_CURVE('',#1965,#1969,#1002,.T.);
#2460=EDGE_CURVE('',#1970,#1971,#256,.T.);
#2461=EDGE_CURVE('',#1972,#1970,#257,.T.);
#2462=EDGE_CURVE('',#1973,#1972,#258,.T.);
#2463=EDGE_CURVE('',#1973,#1971,#259,.T.);
#2464=EDGE_CURVE('',#1974,#1975,#1003,.T.);
#2465=EDGE_CURVE('',#1974,#1976,#260,.T.);
#2466=EDGE_CURVE('',#1977,#1976,#1004,.T.);
#2467=EDGE_CURVE('',#1978,#1977,#1005,.T.);
#2468=EDGE_CURVE('',#1979,#1978,#1006,.T.);
#2469=EDGE_CURVE('',#1980,#1979,#1007,.T.);
#2470=EDGE_CURVE('',#1981,#1980,#1008,.T.);
#2471=EDGE_CURVE('',#1982,#1981,#1009,.T.);
#2472=EDGE_CURVE('',#1983,#1982,#1010,.T.);
#2473=EDGE_CURVE('',#1984,#1983,#1011,.T.);
#2474=EDGE_CURVE('',#1985,#1984,#1012,.T.);
#2475=EDGE_CURVE('',#1985,#1986,#261,.T.);
#2476=EDGE_CURVE('',#1987,#1986,#1013,.T.);
#2477=EDGE_CURVE('',#1988,#1987,#1014,.T.);
#2478=EDGE_CURVE('',#1989,#1988,#1015,.T.);
#2479=EDGE_CURVE('',#1990,#1989,#1016,.T.);
#2480=EDGE_CURVE('',#1991,#1990,#1017,.T.);
#2481=EDGE_CURVE('',#1991,#1992,#262,.T.);
#2482=EDGE_CURVE('',#1993,#1992,#263,.T.);
#2483=EDGE_CURVE('',#1994,#1993,#1018,.T.);
#2484=EDGE_CURVE('',#1994,#1995,#264,.T.);
#2485=EDGE_CURVE('',#1996,#1995,#265,.T.);
#2486=EDGE_CURVE('',#1996,#1997,#266,.T.);
#2487=EDGE_CURVE('',#1998,#1997,#267,.T.);
#2488=EDGE_CURVE('',#1998,#1999,#268,.T.);
#2489=EDGE_CURVE('',#2000,#1999,#1019,.T.);
#2490=EDGE_CURVE('',#2000,#2001,#269,.T.);
#2491=EDGE_CURVE('',#2002,#2001,#270,.T.);
#2492=EDGE_CURVE('',#2002,#2003,#271,.T.);
#2493=EDGE_CURVE('',#2004,#2003,#272,.T.);
#2494=EDGE_CURVE('',#2004,#2005,#273,.T.);
#2495=EDGE_CURVE('',#2006,#2005,#1020,.T.);
#2496=EDGE_CURVE('',#2006,#2007,#274,.T.);
#2497=EDGE_CURVE('',#2008,#2007,#275,.T.);
#2498=EDGE_CURVE('',#2008,#2009,#276,.T.);
#2499=EDGE_CURVE('',#2010,#2009,#277,.T.);
#2500=EDGE_CURVE('',#2010,#2011,#278,.T.);
#2501=EDGE_CURVE('',#2012,#2011,#1021,.T.);
#2502=EDGE_CURVE('',#2012,#2013,#279,.T.);
#2503=EDGE_CURVE('',#2014,#2013,#280,.T.);
#2504=EDGE_CURVE('',#2014,#2015,#281,.T.);
#2505=EDGE_CURVE('',#2016,#2015,#282,.T.);
#2506=EDGE_CURVE('',#2017,#2016,#1022,.T.);
#2507=EDGE_CURVE('',#2017,#2018,#283,.T.);
#2508=EDGE_CURVE('',#2019,#2018,#1023,.T.);
#2509=EDGE_CURVE('',#2020,#2019,#1024,.T.);
#2510=EDGE_CURVE('',#2021,#2020,#284,.T.);
#2511=EDGE_CURVE('',#2022,#2021,#285,.T.);
#2512=EDGE_CURVE('',#2022,#2023,#286,.T.);
#2513=EDGE_CURVE('',#2024,#2023,#287,.T.);
#2514=EDGE_CURVE('',#2025,#2024,#288,.T.);
#2515=EDGE_CURVE('',#2026,#2025,#289,.T.);
#2516=EDGE_CURVE('',#2027,#2026,#290,.T.);
#2517=EDGE_CURVE('',#2027,#2028,#291,.T.);
#2518=EDGE_CURVE('',#2029,#2028,#292,.T.);
#2519=EDGE_CURVE('',#2030,#2029,#293,.T.);
#2520=EDGE_CURVE('',#2031,#2030,#1025,.T.);
#2521=EDGE_CURVE('',#2032,#2031,#1026,.T.);
#2522=EDGE_CURVE('',#2033,#2032,#294,.T.);
#2523=EDGE_CURVE('',#2033,#2034,#295,.T.);
#2524=EDGE_CURVE('',#2035,#2034,#1027,.T.);
#2525=EDGE_CURVE('',#1975,#2035,#1028,.T.);
#2526=EDGE_CURVE('',#2036,#2037,#296,.T.);
#2527=EDGE_CURVE('',#2038,#2036,#1029,.T.);
#2528=EDGE_CURVE('',#2039,#2038,#1030,.T.);
#2529=EDGE_CURVE('',#2040,#2039,#1031,.T.);
#2530=EDGE_CURVE('',#2041,#2040,#39,.T.);
#2531=EDGE_CURVE('',#2042,#2041,#1032,.T.);
#2532=EDGE_CURVE('',#2043,#2042,#40,.T.);
#2533=EDGE_CURVE('',#2044,#2043,#1033,.T.);
#2534=EDGE_CURVE('',#2045,#2044,#1034,.T.);
#2535=EDGE_CURVE('',#2046,#2045,#1035,.T.);
#2536=EDGE_CURVE('',#2047,#2046,#1036,.T.);
#2537=EDGE_CURVE('',#2048,#2047,#1037,.T.);
#2538=EDGE_CURVE('',#2049,#2048,#297,.T.);
#2539=EDGE_CURVE('',#2050,#2049,#1038,.T.);
#2540=EDGE_CURVE('',#2051,#2050,#298,.T.);
#2541=EDGE_CURVE('',#2052,#2051,#1039,.T.);
#2542=EDGE_CURVE('',#2053,#2052,#299,.T.);
#2543=EDGE_CURVE('',#2037,#2053,#1040,.T.);
#2544=EDGE_CURVE('',#2054,#2055,#41,.T.);
#2545=EDGE_CURVE('',#2056,#2054,#1041,.T.);
#2546=EDGE_CURVE('',#2057,#2056,#1042,.T.);
#2547=EDGE_CURVE('',#2058,#2057,#1043,.T.);
#2548=EDGE_CURVE('',#2059,#2058,#1044,.T.);
#2549=EDGE_CURVE('',#2060,#2059,#1045,.T.);
#2550=EDGE_CURVE('',#2061,#2060,#42,.T.);
#2551=EDGE_CURVE('',#2062,#2061,#1046,.T.);
#2552=EDGE_CURVE('',#2063,#2062,#1047,.T.);
#2553=EDGE_CURVE('',#2064,#2063,#1048,.T.);
#2554=EDGE_CURVE('',#2065,#2064,#1049,.T.);
#2555=EDGE_CURVE('',#2055,#2065,#1050,.T.);
#2556=EDGE_CURVE('',#2066,#2067,#1051,.T.);
#2557=EDGE_CURVE('',#2068,#2066,#1052,.T.);
#2558=EDGE_CURVE('',#2069,#2068,#1053,.T.);
#2559=EDGE_CURVE('',#2067,#2069,#1054,.T.);
#2560=EDGE_CURVE('',#2070,#2071,#1055,.T.);
#2561=EDGE_CURVE('',#2072,#2070,#1056,.T.);
#2562=EDGE_CURVE('',#2073,#2072,#1057,.T.);
#2563=EDGE_CURVE('',#2074,#2073,#1058,.T.);
#2564=EDGE_CURVE('',#2075,#2074,#1059,.T.);
#2565=EDGE_CURVE('',#2071,#2075,#1060,.T.);
#2566=EDGE_CURVE('',#2076,#2077,#300,.T.);
#2567=EDGE_CURVE('',#1971,#2076,#1061,.T.);
#2568=EDGE_CURVE('',#2077,#1973,#1062,.T.);
#2569=EDGE_CURVE('',#2078,#2079,#301,.T.);
#2570=EDGE_CURVE('',#2023,#2078,#1063,.T.);
#2571=EDGE_CURVE('',#2079,#2022,#1064,.T.);
#2572=EDGE_CURVE('',#2080,#2081,#302,.T.);
#2573=EDGE_CURVE('',#2028,#2080,#1065,.T.);
#2574=EDGE_CURVE('',#2081,#2027,#1066,.T.);
#2575=EDGE_CURVE('',#2082,#2083,#303,.T.);
#2576=EDGE_CURVE('',#2015,#2082,#1067,.T.);
#2577=EDGE_CURVE('',#2083,#2014,#1068,.T.);
#2578=EDGE_CURVE('',#2084,#2085,#304,.T.);
#2579=EDGE_CURVE('',#2009,#2084,#1069,.T.);
#2580=EDGE_CURVE('',#2085,#2008,#1070,.T.);
#2581=EDGE_CURVE('',#2086,#2087,#305,.T.);
#2582=EDGE_CURVE('',#2003,#2086,#1071,.T.);
#2583=EDGE_CURVE('',#2087,#2002,#1072,.T.);
#2584=EDGE_CURVE('',#2088,#2089,#306,.T.);
#2585=EDGE_CURVE('',#1997,#2088,#1073,.T.);
#2586=EDGE_CURVE('',#2089,#1996,#1074,.T.);
#2587=EDGE_CURVE('',#2090,#2091,#307,.T.);
#2588=EDGE_CURVE('',#2091,#2092,#1075,.T.);
#2589=EDGE_CURVE('',#2093,#2092,#308,.T.);
#2590=EDGE_CURVE('',#2090,#2093,#1076,.T.);
#2591=EDGE_CURVE('',#1933,#1946,#1077,.T.);
#2592=EDGE_CURVE('',#2094,#1955,#1078,.T.);
#2593=EDGE_CURVE('',#2095,#2094,#1079,.T.);
#2594=EDGE_CURVE('',#2095,#1954,#1080,.T.);
#2595=EDGE_CURVE('',#2096,#2095,#1081,.T.);
#2596=EDGE_CURVE('',#2096,#1956,#1082,.T.);
#2597=EDGE_CURVE('',#2097,#2096,#1083,.T.);
#2598=EDGE_CURVE('',#2097,#1957,#1084,.T.);
#2599=EDGE_CURVE('',#2098,#2097,#1085,.T.);
#2600=EDGE_CURVE('',#2098,#1958,#1086,.T.);
#2601=EDGE_CURVE('',#2099,#2098,#1087,.T.);
#2602=EDGE_CURVE('',#2099,#1959,#1088,.T.);
#2603=EDGE_CURVE('',#2100,#2099,#1089,.T.);
#2604=EDGE_CURVE('',#2100,#1960,#1090,.T.);
#2605=EDGE_CURVE('',#2101,#2100,#1091,.T.);
#2606=EDGE_CURVE('',#2101,#1961,#1092,.T.);
#2607=EDGE_CURVE('',#2102,#2101,#1093,.T.);
#2608=EDGE_CURVE('',#2102,#1962,#1094,.T.);
#2609=EDGE_CURVE('',#2103,#2102,#1095,.T.);
#2610=EDGE_CURVE('',#2103,#1963,#1096,.T.);
#2611=EDGE_CURVE('',#2094,#2103,#1097,.T.);
#2612=EDGE_CURVE('',#2104,#1966,#1098,.T.);
#2613=EDGE_CURVE('',#2105,#2104,#43,.T.);
#2614=EDGE_CURVE('',#2105,#1967,#1099,.T.);
#2615=EDGE_CURVE('',#2106,#2105,#1100,.T.);
#2616=EDGE_CURVE('',#2106,#1968,#1101,.T.);
#2617=EDGE_CURVE('',#2107,#2106,#44,.T.);
#2618=EDGE_CURVE('',#2107,#1969,#1102,.T.);
#2619=EDGE_CURVE('',#2108,#2107,#1103,.T.);
#2620=EDGE_CURVE('',#2108,#1965,#1104,.T.);
#2621=EDGE_CURVE('',#2109,#2108,#45,.T.);
#2622=EDGE_CURVE('',#2109,#1964,#1105,.T.);
#2623=EDGE_CURVE('',#2104,#2109,#1106,.T.);
#2624=EDGE_CURVE('',#2110,#2076,#309,.T.);
#2625=EDGE_CURVE('',#2110,#1970,#1107,.T.);
#2626=EDGE_CURVE('',#2111,#2110,#310,.T.);
#2627=EDGE_CURVE('',#2111,#1972,#1108,.T.);
#2628=EDGE_CURVE('',#2077,#2111,#311,.T.);
#2629=EDGE_CURVE('',#1992,#2112,#1109,.T.);
#2630=EDGE_CURVE('',#2113,#2112,#312,.T.);
#2631=EDGE_CURVE('',#2113,#1993,#1110,.T.);
#2632=EDGE_CURVE('',#2114,#2113,#1111,.T.);
#2633=EDGE_CURVE('',#2114,#1994,#1112,.T.);
#2634=EDGE_CURVE('',#1995,#2115,#1113,.T.);
#2635=EDGE_CURVE('',#2089,#2115,#313,.T.);
#2636=EDGE_CURVE('',#2116,#2088,#314,.T.);
#2637=EDGE_CURVE('',#2116,#1998,#1114,.T.);
#2638=EDGE_CURVE('',#1999,#2117,#1115,.T.);
#2639=EDGE_CURVE('',#2118,#2117,#1116,.T.);
#2640=EDGE_CURVE('',#2118,#2000,#1117,.T.);
#2641=EDGE_CURVE('',#2001,#2119,#1118,.T.);
#2642=EDGE_CURVE('',#2087,#2119,#315,.T.);
#2643=EDGE_CURVE('',#2120,#2086,#316,.T.);
#2644=EDGE_CURVE('',#2120,#2004,#1119,.T.);
#2645=EDGE_CURVE('',#2121,#2122,#1120,.T.);
#2646=EDGE_CURVE('',#2121,#2006,#1121,.T.);
#2647=EDGE_CURVE('',#2005,#2122,#1122,.T.);
#2648=EDGE_CURVE('',#2007,#2123,#1123,.T.);
#2649=EDGE_CURVE('',#2085,#2123,#317,.T.);
#2650=EDGE_CURVE('',#2124,#2084,#318,.T.);
#2651=EDGE_CURVE('',#2124,#2010,#1124,.T.);
#2652=EDGE_CURVE('',#2011,#2125,#1125,.T.);
#2653=EDGE_CURVE('',#2126,#2125,#1126,.T.);
#2654=EDGE_CURVE('',#2126,#2012,#1127,.T.);
#2655=EDGE_CURVE('',#2013,#2127,#1128,.T.);
#2656=EDGE_CURVE('',#2083,#2127,#319,.T.);
#2657=EDGE_CURVE('',#2128,#2082,#320,.T.);
#2658=EDGE_CURVE('',#2128,#2016,#1129,.T.);
#2659=EDGE_CURVE('',#2129,#2128,#1130,.T.);
#2660=EDGE_CURVE('',#2129,#2017,#1131,.T.);
#2661=EDGE_CURVE('',#2018,#2130,#1132,.T.);
#2662=EDGE_CURVE('',#2131,#2130,#1133,.T.);
#2663=EDGE_CURVE('',#2131,#2019,#1134,.T.);
#2664=EDGE_CURVE('',#2132,#2131,#1135,.T.);
#2665=EDGE_CURVE('',#2132,#2020,#1136,.T.);
#2666=EDGE_CURVE('',#2133,#2132,#321,.T.);
#2667=EDGE_CURVE('',#2133,#2021,#1137,.T.);
#2668=EDGE_CURVE('',#2079,#2133,#322,.T.);
#2669=EDGE_CURVE('',#2134,#2078,#323,.T.);
#2670=EDGE_CURVE('',#2134,#2024,#1138,.T.);
#2671=EDGE_CURVE('',#2135,#2134,#324,.T.);
#2672=EDGE_CURVE('',#2135,#2025,#1139,.T.);
#2673=EDGE_CURVE('',#2136,#2135,#325,.T.);
#2674=EDGE_CURVE('',#2136,#2026,#1140,.T.);
#2675=EDGE_CURVE('',#2081,#2136,#326,.T.);
#2676=EDGE_CURVE('',#2137,#2080,#327,.T.);
#2677=EDGE_CURVE('',#2137,#2029,#1141,.T.);
#2678=EDGE_CURVE('',#2138,#2137,#328,.T.);
#2679=EDGE_CURVE('',#2138,#2030,#1142,.T.);
#2680=EDGE_CURVE('',#2139,#2138,#1143,.T.);
#2681=EDGE_CURVE('',#2139,#2031,#1144,.T.);
#2682=EDGE_CURVE('',#2140,#2139,#1145,.T.);
#2683=EDGE_CURVE('',#2140,#2032,#1146,.T.);
#2684=EDGE_CURVE('',#2141,#2140,#329,.T.);
#2685=EDGE_CURVE('',#2141,#2033,#1147,.T.);
#2686=EDGE_CURVE('',#2034,#2142,#1148,.T.);
#2687=EDGE_CURVE('',#2143,#2142,#1149,.T.);
#2688=EDGE_CURVE('',#2143,#2035,#1150,.T.);
#2689=EDGE_CURVE('',#2144,#2143,#1151,.T.);
#2690=EDGE_CURVE('',#2144,#1975,#1152,.T.);
#2691=EDGE_CURVE('',#2145,#2144,#1153,.T.);
#2692=EDGE_CURVE('',#2145,#1974,#1154,.T.);
#2693=EDGE_CURVE('',#1976,#2146,#1155,.T.);
#2694=EDGE_CURVE('',#2147,#2146,#1156,.T.);
#2695=EDGE_CURVE('',#2147,#1977,#1157,.T.);
#2696=EDGE_CURVE('',#2148,#2147,#1158,.T.);
#2697=EDGE_CURVE('',#2148,#1978,#1159,.T.);
#2698=EDGE_CURVE('',#2149,#2148,#1160,.T.);
#2699=EDGE_CURVE('',#2149,#1979,#1161,.T.);
#2700=EDGE_CURVE('',#2150,#2149,#1162,.T.);
#2701=EDGE_CURVE('',#2150,#1980,#1163,.T.);
#2702=EDGE_CURVE('',#2151,#2150,#1164,.T.);
#2703=EDGE_CURVE('',#2151,#1981,#1165,.T.);
#2704=EDGE_CURVE('',#2152,#2151,#1166,.T.);
#2705=EDGE_CURVE('',#2152,#1982,#1167,.T.);
#2706=EDGE_CURVE('',#2153,#2152,#1168,.T.);
#2707=EDGE_CURVE('',#2153,#1983,#1169,.T.);
#2708=EDGE_CURVE('',#2154,#2153,#1170,.T.);
#2709=EDGE_CURVE('',#2154,#1984,#1171,.T.);
#2710=EDGE_CURVE('',#2155,#2154,#1172,.T.);
#2711=EDGE_CURVE('',#2155,#1985,#1173,.T.);
#2712=EDGE_CURVE('',#1986,#2156,#1174,.T.);
#2713=EDGE_CURVE('',#2157,#2156,#1175,.T.);
#2714=EDGE_CURVE('',#2157,#1987,#1176,.T.);
#2715=EDGE_CURVE('',#2158,#2157,#1177,.T.);
#2716=EDGE_CURVE('',#2158,#1988,#1178,.T.);
#2717=EDGE_CURVE('',#2159,#2158,#1179,.T.);
#2718=EDGE_CURVE('',#2159,#1989,#1180,.T.);
#2719=EDGE_CURVE('',#2160,#2159,#1181,.T.);
#2720=EDGE_CURVE('',#2160,#1990,#1182,.T.);
#2721=EDGE_CURVE('',#2161,#2160,#1183,.T.);
#2722=EDGE_CURVE('',#2161,#1991,#1184,.T.);
#2723=EDGE_CURVE('',#2115,#2114,#330,.T.);
#2724=EDGE_CURVE('',#2112,#2161,#331,.T.);
#2725=EDGE_CURVE('',#2156,#2155,#332,.T.);
#2726=EDGE_CURVE('',#2146,#2145,#333,.T.);
#2727=EDGE_CURVE('',#2142,#2141,#334,.T.);
#2728=EDGE_CURVE('',#2130,#2129,#335,.T.);
#2729=EDGE_CURVE('',#2127,#2126,#336,.T.);
#2730=EDGE_CURVE('',#2125,#2124,#337,.T.);
#2731=EDGE_CURVE('',#2123,#2121,#338,.T.);
#2732=EDGE_CURVE('',#2122,#2120,#339,.T.);
#2733=EDGE_CURVE('',#2119,#2118,#340,.T.);
#2734=EDGE_CURVE('',#2117,#2116,#341,.T.);
#2735=EDGE_CURVE('',#2091,#2162,#1185,.T.);
#2736=EDGE_CURVE('',#2163,#2090,#1186,.T.);
#2737=EDGE_CURVE('',#2162,#2163,#1187,.T.);
#2738=EDGE_CURVE('',#2164,#2165,#1188,.T.);
#2739=EDGE_CURVE('',#2166,#2164,#1189,.T.);
#2740=EDGE_CURVE('',#2167,#2166,#1190,.T.);
#2741=EDGE_CURVE('',#2168,#2167,#1191,.T.);
#2742=EDGE_CURVE('',#2169,#2168,#1192,.T.);
#2743=EDGE_CURVE('',#2165,#2169,#1193,.T.);
#2744=EDGE_CURVE('',#2170,#2171,#1194,.T.);
#2745=EDGE_CURVE('',#2172,#2170,#1195,.T.);
#2746=EDGE_CURVE('',#2173,#2172,#1196,.T.);
#2747=EDGE_CURVE('',#2171,#2173,#1197,.T.);
#2748=EDGE_CURVE('',#2174,#2175,#1198,.T.);
#2749=EDGE_CURVE('',#2171,#2174,#1199,.T.);
#2750=EDGE_CURVE('',#2173,#2175,#1200,.T.);
#2751=EDGE_CURVE('',#2176,#2174,#1201,.T.);
#2752=EDGE_CURVE('',#2170,#2176,#1202,.T.);
#2753=EDGE_CURVE('',#2177,#2176,#1203,.T.);
#2754=EDGE_CURVE('',#2172,#2177,#1204,.T.);
#2755=EDGE_CURVE('',#2175,#2177,#1205,.T.);
#2756=EDGE_CURVE('',#2178,#2179,#1206,.T.);
#2757=EDGE_CURVE('',#2165,#2178,#1207,.T.);
#2758=EDGE_CURVE('',#2169,#2179,#1208,.T.);
#2759=EDGE_CURVE('',#2180,#2178,#1209,.T.);
#2760=EDGE_CURVE('',#2164,#2180,#1210,.T.);
#2761=EDGE_CURVE('',#2181,#2180,#1211,.T.);
#2762=EDGE_CURVE('',#2166,#2181,#1212,.T.);
#2763=EDGE_CURVE('',#2182,#2181,#1213,.T.);
#2764=EDGE_CURVE('',#2167,#2182,#1214,.T.);
#2765=EDGE_CURVE('',#2183,#2182,#1215,.T.);
#2766=EDGE_CURVE('',#2168,#2183,#1216,.T.);
#2767=EDGE_CURVE('',#2179,#2183,#1217,.T.);
#2768=EDGE_CURVE('',#2184,#2185,#1218,.T.);
#2769=EDGE_CURVE('',#2162,#2184,#1219,.T.);
#2770=EDGE_CURVE('',#2163,#2185,#1220,.T.);
#2771=EDGE_CURVE('',#2092,#2184,#1221,.T.);
#2772=EDGE_CURVE('',#2185,#2093,#1222,.T.);
#2773=EDGE_CURVE('',#2186,#2037,#1223,.T.);
#2774=EDGE_CURVE('',#2187,#2186,#342,.T.);
#2775=EDGE_CURVE('',#2187,#2036,#1224,.T.);
#2776=EDGE_CURVE('',#2188,#2187,#1225,.T.);
#2777=EDGE_CURVE('',#2188,#2038,#1226,.T.);
#2778=EDGE_CURVE('',#2189,#2188,#1227,.T.);
#2779=EDGE_CURVE('',#2189,#2039,#1228,.T.);
#2780=EDGE_CURVE('',#2190,#2189,#1229,.T.);
#2781=EDGE_CURVE('',#2190,#2040,#1230,.T.);
#2782=EDGE_CURVE('',#2191,#2190,#46,.T.);
#2783=EDGE_CURVE('',#2191,#2041,#1231,.T.);
#2784=EDGE_CURVE('',#2192,#2191,#1232,.T.);
#2785=EDGE_CURVE('',#2192,#2042,#1233,.T.);
#2786=EDGE_CURVE('',#2193,#2192,#47,.T.);
#2787=EDGE_CURVE('',#2193,#2043,#1234,.T.);
#2788=EDGE_CURVE('',#2194,#2193,#1235,.T.);
#2789=EDGE_CURVE('',#2194,#2044,#1236,.T.);
#2790=EDGE_CURVE('',#2195,#2194,#1237,.T.);
#2791=EDGE_CURVE('',#2195,#2045,#1238,.T.);
#2792=EDGE_CURVE('',#2196,#2195,#1239,.T.);
#2793=EDGE_CURVE('',#2196,#2046,#1240,.T.);
#2794=EDGE_CURVE('',#2197,#2196,#1241,.T.);
#2795=EDGE_CURVE('',#2197,#2047,#1242,.T.);
#2796=EDGE_CURVE('',#2198,#2197,#1243,.T.);
#2797=EDGE_CURVE('',#2198,#2048,#1244,.T.);
#2798=EDGE_CURVE('',#2199,#2198,#343,.T.);
#2799=EDGE_CURVE('',#2199,#2049,#1245,.T.);
#2800=EDGE_CURVE('',#2200,#2199,#1246,.T.);
#2801=EDGE_CURVE('',#2200,#2050,#1247,.T.);
#2802=EDGE_CURVE('',#2201,#2200,#344,.T.);
#2803=EDGE_CURVE('',#2201,#2051,#1248,.T.);
#2804=EDGE_CURVE('',#2202,#2201,#1249,.T.);
#2805=EDGE_CURVE('',#2202,#2052,#1250,.T.);
#2806=EDGE_CURVE('',#2203,#2202,#345,.T.);
#2807=EDGE_CURVE('',#2203,#2053,#1251,.T.);
#2808=EDGE_CURVE('',#2186,#2203,#1252,.T.);
#2809=EDGE_CURVE('',#2204,#2055,#1253,.T.);
#2810=EDGE_CURVE('',#2205,#2204,#48,.T.);
#2811=EDGE_CURVE('',#2205,#2054,#1254,.T.);
#2812=EDGE_CURVE('',#2206,#2205,#1255,.T.);
#2813=EDGE_CURVE('',#2206,#2056,#1256,.T.);
#2814=EDGE_CURVE('',#2207,#2206,#1257,.T.);
#2815=EDGE_CURVE('',#2207,#2057,#1258,.T.);
#2816=EDGE_CURVE('',#2208,#2207,#1259,.T.);
#2817=EDGE_CURVE('',#2208,#2058,#1260,.T.);
#2818=EDGE_CURVE('',#2209,#2208,#1261,.T.);
#2819=EDGE_CURVE('',#2209,#2059,#1262,.T.);
#2820=EDGE_CURVE('',#2210,#2209,#1263,.T.);
#2821=EDGE_CURVE('',#2210,#2060,#1264,.T.);
#2822=EDGE_CURVE('',#2211,#2210,#49,.T.);
#2823=EDGE_CURVE('',#2211,#2061,#1265,.T.);
#2824=EDGE_CURVE('',#2212,#2211,#1266,.T.);
#2825=EDGE_CURVE('',#2212,#2062,#1267,.T.);
#2826=EDGE_CURVE('',#2213,#2212,#1268,.T.);
#2827=EDGE_CURVE('',#2213,#2063,#1269,.T.);
#2828=EDGE_CURVE('',#2214,#2213,#1270,.T.);
#2829=EDGE_CURVE('',#2214,#2064,#1271,.T.);
#2830=EDGE_CURVE('',#2215,#2214,#1272,.T.);
#2831=EDGE_CURVE('',#2215,#2065,#1273,.T.);
#2832=EDGE_CURVE('',#2204,#2215,#1274,.T.);
#2833=EDGE_CURVE('',#2216,#2067,#1275,.T.);
#2834=EDGE_CURVE('',#2217,#2216,#1276,.T.);
#2835=EDGE_CURVE('',#2217,#2066,#1277,.T.);
#2836=EDGE_CURVE('',#2218,#2217,#1278,.T.);
#2837=EDGE_CURVE('',#2218,#2068,#1279,.T.);
#2838=EDGE_CURVE('',#2219,#2218,#1280,.T.);
#2839=EDGE_CURVE('',#2219,#2069,#1281,.T.);
#2840=EDGE_CURVE('',#2216,#2219,#1282,.T.);
#2841=EDGE_CURVE('',#2220,#2071,#1283,.T.);
#2842=EDGE_CURVE('',#2221,#2220,#1284,.T.);
#2843=EDGE_CURVE('',#2221,#2070,#1285,.T.);
#2844=EDGE_CURVE('',#2222,#2221,#1286,.T.);
#2845=EDGE_CURVE('',#2222,#2072,#1287,.T.);
#2846=EDGE_CURVE('',#2223,#2222,#1288,.T.);
#2847=EDGE_CURVE('',#2223,#2073,#1289,.T.);
#2848=EDGE_CURVE('',#2224,#2223,#1290,.T.);
#2849=EDGE_CURVE('',#2224,#2074,#1291,.T.);
#2850=EDGE_CURVE('',#2225,#2224,#1292,.T.);
#2851=EDGE_CURVE('',#2225,#2075,#1293,.T.);
#2852=EDGE_CURVE('',#2220,#2225,#1294,.T.);
#2853=EDGE_CURVE('',#1931,#2226,#1295,.T.);
#2854=EDGE_CURVE('',#2226,#2227,#1296,.T.);
#2855=EDGE_CURVE('',#2227,#1930,#1297,.T.);
#2856=EDGE_CURVE('',#2226,#2227,#53,.T.);
#2857=EDGE_CURVE('',#1933,#2228,#1298,.T.);
#2858=EDGE_CURVE('',#2229,#2228,#346,.T.);
#2859=EDGE_CURVE('',#1934,#2229,#1299,.T.);
#2860=EDGE_CURVE('',#1946,#2230,#1300,.T.);
#2861=EDGE_CURVE('',#2228,#2230,#1301,.T.);
#2862=EDGE_CURVE('',#1949,#2231,#1302,.T.);
#2863=EDGE_CURVE('',#2230,#2231,#347,.T.);
#2864=EDGE_CURVE('',#1951,#2232,#1303,.T.);
#2865=EDGE_CURVE('',#2231,#2232,#1304,.T.);
#2866=EDGE_CURVE('',#2233,#1940,#1305,.T.);
#2867=EDGE_CURVE('',#1884,#2233,#1306,.T.);
#2868=EDGE_CURVE('',#1941,#2234,#1307,.T.);
#2869=EDGE_CURVE('',#2234,#2233,#348,.T.);
#2870=EDGE_CURVE('',#2235,#1943,#1308,.T.);
#2871=EDGE_CURVE('',#2236,#2235,#1309,.T.);
#2872=EDGE_CURVE('',#2236,#1942,#1310,.T.);
#2873=EDGE_CURVE('',#1945,#2237,#1311,.T.);
#2874=EDGE_CURVE('',#2237,#2235,#349,.T.);
#2875=EDGE_CURVE('',#2238,#1919,#1312,.T.);
#2876=EDGE_CURVE('',#1918,#1837,#1313,.T.);
#2877=EDGE_CURVE('',#2239,#1917,#1314,.T.);
#2878=EDGE_CURVE('',#2238,#2239,#350,.T.);
#2879=EDGE_CURVE('',#2240,#1916,#1315,.T.);
#2880=EDGE_CURVE('',#2239,#2240,#1316,.T.);
#2881=EDGE_CURVE('',#2241,#1915,#1317,.T.);
#2882=EDGE_CURVE('',#2241,#2240,#1318,.T.);
#2883=EDGE_CURVE('',#2242,#1914,#1319,.T.);
#2884=EDGE_CURVE('',#2241,#2242,#1320,.T.);
#2885=EDGE_CURVE('',#1913,#1839,#1321,.T.);
#2886=EDGE_CURVE('',#2243,#1912,#1322,.T.);
#2887=EDGE_CURVE('',#2242,#2243,#351,.T.);
#2888=EDGE_CURVE('',#2244,#1911,#1323,.T.);
#2889=EDGE_CURVE('',#2243,#2244,#1324,.T.);
#2890=EDGE_CURVE('',#1909,#2245,#1325,.T.);
#2891=EDGE_CURVE('',#2245,#2244,#352,.T.);
#2892=EDGE_CURVE('',#2246,#1910,#1326,.T.);
#2893=EDGE_CURVE('',#2246,#2245,#1327,.T.);
#2894=EDGE_CURVE('',#2246,#1886,#1328,.T.);
#2895=EDGE_CURVE('',#1953,#2247,#1329,.T.);
#2896=EDGE_CURVE('',#2232,#2247,#353,.T.);
#2897=EDGE_CURVE('',#1938,#2248,#1330,.T.);
#2898=EDGE_CURVE('',#2247,#2248,#1331,.T.);
#2899=EDGE_CURVE('',#2234,#1881,#1332,.T.);
#2900=EDGE_CURVE('',#2249,#1944,#1333,.T.);
#2901=EDGE_CURVE('',#2237,#2249,#1334,.T.);
#2902=EDGE_CURVE('',#2250,#2236,#354,.T.);
#2903=EDGE_CURVE('',#2250,#1925,#1335,.T.);
#2904=EDGE_CURVE('',#1924,#1841,#1336,.T.);
#2905=EDGE_CURVE('',#2251,#1923,#1337,.T.);
#2906=EDGE_CURVE('',#2249,#2251,#355,.T.);
#2907=EDGE_CURVE('',#2252,#2250,#1338,.T.);
#2908=EDGE_CURVE('',#2252,#1926,#1339,.T.);
#2909=EDGE_CURVE('',#2253,#1922,#1340,.T.);
#2910=EDGE_CURVE('',#2251,#2253,#1341,.T.);
#2911=EDGE_CURVE('',#1921,#2254,#1342,.T.);
#2912=EDGE_CURVE('',#2254,#2253,#1343,.T.);
#2913=EDGE_CURVE('',#1920,#2255,#1344,.T.);
#2914=EDGE_CURVE('',#2255,#2254,#356,.T.);
#2915=EDGE_CURVE('',#2255,#2238,#1345,.T.);
#2916=EDGE_CURVE('',#1936,#2256,#1346,.T.);
#2917=EDGE_CURVE('',#2248,#2256,#357,.T.);
#2918=EDGE_CURVE('',#2256,#2229,#1347,.T.);
#2919=EDGE_CURVE('',#2252,#2257,#1348,.T.);
#2920=EDGE_CURVE('',#2257,#1927,#1349,.T.);
#2921=EDGE_CURVE('',#1889,#2257,#1350,.T.);
#2922=EDGE_CURVE('',#2258,#2259,#1351,.F.);
#2923=EDGE_CURVE('',#2258,#2260,#1352,.T.);
#2924=EDGE_CURVE('',#2260,#2261,#1353,.F.);
#2925=EDGE_CURVE('',#2259,#2261,#1354,.T.);
#2926=EDGE_CURVE('',#2262,#2263,#1355,.F.);
#2927=EDGE_CURVE('',#2264,#2262,#358,.F.);
#2928=EDGE_CURVE('',#2265,#2264,#1356,.F.);
#2929=EDGE_CURVE('',#2261,#2265,#359,.F.);
#2930=EDGE_CURVE('',#2266,#2260,#360,.F.);
#2931=EDGE_CURVE('',#2267,#2266,#1357,.F.);
#2932=EDGE_CURVE('',#2263,#2267,#361,.F.);
#2933=EDGE_CURVE('',#2268,#2263,#1358,.T.);
#2934=EDGE_CURVE('',#2269,#2268,#1359,.F.);
#2935=EDGE_CURVE('',#2269,#2262,#1360,.T.);
#2936=EDGE_CURVE('',#2270,#2269,#362,.F.);
#2937=EDGE_CURVE('',#2270,#2264,#1361,.T.);
#2938=EDGE_CURVE('',#2271,#2270,#1362,.F.);
#2939=EDGE_CURVE('',#2271,#2265,#1363,.T.);
#2940=EDGE_CURVE('',#2259,#2271,#363,.F.);
#2941=EDGE_CURVE('',#2272,#2266,#1364,.T.);
#2942=EDGE_CURVE('',#2273,#2272,#1365,.F.);
#2943=EDGE_CURVE('',#2273,#2267,#1366,.T.);
#2944=EDGE_CURVE('',#2268,#2273,#364,.F.);
#2945=EDGE_CURVE('',#2272,#2258,#365,.F.);
#2946=EDGE_CURVE('',#1928,#2274,#1367,.T.);
#2947=EDGE_CURVE('',#2274,#2275,#1368,.T.);
#2948=EDGE_CURVE('',#2275,#1929,#1369,.T.);
#2949=EDGE_CURVE('',#2274,#2275,#54,.T.);
#2950=ORIENTED_EDGE('',*,*,#2276,.F.);
#2951=ORIENTED_EDGE('',*,*,#2277,.F.);
#2952=ORIENTED_EDGE('',*,*,#2278,.F.);
#2953=ORIENTED_EDGE('',*,*,#2279,.T.);
#2954=ORIENTED_EDGE('',*,*,#2280,.F.);
#2955=ORIENTED_EDGE('',*,*,#2279,.F.);
#2956=ORIENTED_EDGE('',*,*,#2281,.F.);
#2957=ORIENTED_EDGE('',*,*,#2282,.T.);
#2958=ORIENTED_EDGE('',*,*,#2283,.F.);
#2959=ORIENTED_EDGE('',*,*,#2282,.F.);
#2960=ORIENTED_EDGE('',*,*,#2284,.F.);
#2961=ORIENTED_EDGE('',*,*,#2285,.T.);
#2962=ORIENTED_EDGE('',*,*,#2286,.F.);
#2963=ORIENTED_EDGE('',*,*,#2285,.F.);
#2964=ORIENTED_EDGE('',*,*,#2287,.F.);
#2965=ORIENTED_EDGE('',*,*,#2277,.T.);
#2966=ORIENTED_EDGE('',*,*,#2288,.F.);
#2967=ORIENTED_EDGE('',*,*,#2289,.F.);
#2968=ORIENTED_EDGE('',*,*,#2290,.F.);
#2969=ORIENTED_EDGE('',*,*,#2291,.F.);
#2970=ORIENTED_EDGE('',*,*,#2292,.F.);
#2971=ORIENTED_EDGE('',*,*,#2293,.F.);
#2972=ORIENTED_EDGE('',*,*,#2294,.F.);
#2973=ORIENTED_EDGE('',*,*,#2295,.F.);
#2974=ORIENTED_EDGE('',*,*,#2296,.F.);
#2975=ORIENTED_EDGE('',*,*,#2297,.F.);
#2976=ORIENTED_EDGE('',*,*,#2289,.T.);
#2977=ORIENTED_EDGE('',*,*,#2298,.T.);
#2978=ORIENTED_EDGE('',*,*,#2299,.F.);
#2979=ORIENTED_EDGE('',*,*,#2300,.F.);
#2980=ORIENTED_EDGE('',*,*,#2297,.T.);
#2981=ORIENTED_EDGE('',*,*,#2301,.F.);
#2982=ORIENTED_EDGE('',*,*,#2302,.F.);
#2983=ORIENTED_EDGE('',*,*,#2298,.F.);
#2984=ORIENTED_EDGE('',*,*,#2301,.T.);
#2985=ORIENTED_EDGE('',*,*,#2296,.T.);
#2986=ORIENTED_EDGE('',*,*,#2300,.T.);
#2987=ORIENTED_EDGE('',*,*,#2303,.T.);
#2988=ORIENTED_EDGE('',*,*,#2304,.T.);
#2989=ORIENTED_EDGE('',*,*,#2305,.T.);
#2990=ORIENTED_EDGE('',*,*,#2304,.F.);
#2991=ORIENTED_EDGE('',*,*,#2306,.T.);
#2992=ORIENTED_EDGE('',*,*,#2299,.T.);
#2993=ORIENTED_EDGE('',*,*,#2302,.T.);
#2994=ORIENTED_EDGE('',*,*,#2306,.F.);
#2995=ORIENTED_EDGE('',*,*,#2303,.F.);
#2996=ORIENTED_EDGE('',*,*,#2305,.F.);
#2997=ORIENTED_EDGE('',*,*,#2307,.T.);
#2998=ORIENTED_EDGE('',*,*,#2308,.F.);
#2999=ORIENTED_EDGE('',*,*,#2307,.F.);
#3000=ORIENTED_EDGE('',*,*,#2309,.T.);
#3001=ORIENTED_EDGE('',*,*,#2308,.T.);
#3002=ORIENTED_EDGE('',*,*,#2309,.F.);
#3003=ORIENTED_EDGE('',*,*,#2310,.F.);
#3004=ORIENTED_EDGE('',*,*,#2311,.F.);
#3005=ORIENTED_EDGE('',*,*,#2312,.F.);
#3006=ORIENTED_EDGE('',*,*,#2313,.F.);
#3007=ORIENTED_EDGE('',*,*,#2291,.T.);
#3008=ORIENTED_EDGE('',*,*,#2314,.T.);
#3009=ORIENTED_EDGE('',*,*,#2311,.T.);
#3010=ORIENTED_EDGE('',*,*,#2315,.F.);
#3011=ORIENTED_EDGE('',*,*,#2316,.F.);
#3012=ORIENTED_EDGE('',*,*,#2317,.F.);
#3013=ORIENTED_EDGE('',*,*,#2312,.T.);
#3014=ORIENTED_EDGE('',*,*,#2314,.F.);
#3015=ORIENTED_EDGE('',*,*,#2315,.T.);
#3016=ORIENTED_EDGE('',*,*,#2310,.T.);
#3017=ORIENTED_EDGE('',*,*,#2318,.T.);
#3018=ORIENTED_EDGE('',*,*,#2319,.T.);
#3019=ORIENTED_EDGE('',*,*,#2318,.F.);
#3020=ORIENTED_EDGE('',*,*,#2313,.T.);
#3021=ORIENTED_EDGE('',*,*,#2317,.T.);
#3022=ORIENTED_EDGE('',*,*,#2320,.T.);
#3023=ORIENTED_EDGE('',*,*,#2316,.T.);
#3024=ORIENTED_EDGE('',*,*,#2320,.F.);
#3025=ORIENTED_EDGE('',*,*,#2321,.F.);
#3026=ORIENTED_EDGE('',*,*,#2322,.T.);
#3027=ORIENTED_EDGE('',*,*,#2323,.T.);
#3028=ORIENTED_EDGE('',*,*,#2322,.F.);
#3029=ORIENTED_EDGE('',*,*,#2323,.F.);
#3030=ORIENTED_EDGE('',*,*,#2319,.F.);
#3031=ORIENTED_EDGE('',*,*,#2321,.T.);
#3032=ORIENTED_EDGE('',*,*,#2324,.F.);
#3033=ORIENTED_EDGE('',*,*,#2325,.F.);
#3034=ORIENTED_EDGE('',*,*,#2293,.T.);
#3035=ORIENTED_EDGE('',*,*,#2326,.T.);
#3036=ORIENTED_EDGE('',*,*,#2327,.F.);
#3037=ORIENTED_EDGE('',*,*,#2328,.F.);
#3038=ORIENTED_EDGE('',*,*,#2325,.T.);
#3039=ORIENTED_EDGE('',*,*,#2329,.F.);
#3040=ORIENTED_EDGE('',*,*,#2330,.F.);
#3041=ORIENTED_EDGE('',*,*,#2326,.F.);
#3042=ORIENTED_EDGE('',*,*,#2329,.T.);
#3043=ORIENTED_EDGE('',*,*,#2324,.T.);
#3044=ORIENTED_EDGE('',*,*,#2328,.T.);
#3045=ORIENTED_EDGE('',*,*,#2331,.T.);
#3046=ORIENTED_EDGE('',*,*,#2332,.T.);
#3047=ORIENTED_EDGE('',*,*,#2333,.T.);
#3048=ORIENTED_EDGE('',*,*,#2332,.F.);
#3049=ORIENTED_EDGE('',*,*,#2334,.T.);
#3050=ORIENTED_EDGE('',*,*,#2327,.T.);
#3051=ORIENTED_EDGE('',*,*,#2330,.T.);
#3052=ORIENTED_EDGE('',*,*,#2334,.F.);
#3053=ORIENTED_EDGE('',*,*,#2331,.F.);
#3054=ORIENTED_EDGE('',*,*,#2333,.F.);
#3055=ORIENTED_EDGE('',*,*,#2335,.T.);
#3056=ORIENTED_EDGE('',*,*,#2336,.F.);
#3057=ORIENTED_EDGE('',*,*,#2335,.F.);
#3058=ORIENTED_EDGE('',*,*,#2337,.T.);
#3059=ORIENTED_EDGE('',*,*,#2336,.T.);
#3060=ORIENTED_EDGE('',*,*,#2337,.F.);
#3061=ORIENTED_EDGE('',*,*,#2338,.F.);
#3062=ORIENTED_EDGE('',*,*,#2339,.F.);
#3063=ORIENTED_EDGE('',*,*,#2340,.F.);
#3064=ORIENTED_EDGE('',*,*,#2341,.F.);
#3065=ORIENTED_EDGE('',*,*,#2295,.T.);
#3066=ORIENTED_EDGE('',*,*,#2342,.T.);
#3067=ORIENTED_EDGE('',*,*,#2339,.T.);
#3068=ORIENTED_EDGE('',*,*,#2343,.F.);
#3069=ORIENTED_EDGE('',*,*,#2344,.F.);
#3070=ORIENTED_EDGE('',*,*,#2345,.F.);
#3071=ORIENTED_EDGE('',*,*,#2340,.T.);
#3072=ORIENTED_EDGE('',*,*,#2342,.F.);
#3073=ORIENTED_EDGE('',*,*,#2343,.T.);
#3074=ORIENTED_EDGE('',*,*,#2338,.T.);
#3075=ORIENTED_EDGE('',*,*,#2346,.T.);
#3076=ORIENTED_EDGE('',*,*,#2347,.T.);
#3077=ORIENTED_EDGE('',*,*,#2346,.F.);
#3078=ORIENTED_EDGE('',*,*,#2341,.T.);
#3079=ORIENTED_EDGE('',*,*,#2345,.T.);
#3080=ORIENTED_EDGE('',*,*,#2348,.T.);
#3081=ORIENTED_EDGE('',*,*,#2344,.T.);
#3082=ORIENTED_EDGE('',*,*,#2348,.F.);
#3083=ORIENTED_EDGE('',*,*,#2349,.F.);
#3084=ORIENTED_EDGE('',*,*,#2350,.T.);
#3085=ORIENTED_EDGE('',*,*,#2351,.T.);
#3086=ORIENTED_EDGE('',*,*,#2350,.F.);
#3087=ORIENTED_EDGE('',*,*,#2351,.F.);
#3088=ORIENTED_EDGE('',*,*,#2347,.F.);
#3089=ORIENTED_EDGE('',*,*,#2349,.T.);
#3090=ORIENTED_EDGE('',*,*,#2352,.T.);
#3091=ORIENTED_EDGE('',*,*,#2353,.T.);
#3092=ORIENTED_EDGE('',*,*,#2354,.F.);
#3093=ORIENTED_EDGE('',*,*,#2355,.F.);
#3094=ORIENTED_EDGE('',*,*,#2356,.T.);
#3095=ORIENTED_EDGE('',*,*,#2294,.T.);
#3096=ORIENTED_EDGE('',*,*,#2356,.F.);
#3097=ORIENTED_EDGE('',*,*,#2357,.F.);
#3098=ORIENTED_EDGE('',*,*,#2358,.T.);
#3099=ORIENTED_EDGE('',*,*,#2359,.T.);
#3100=ORIENTED_EDGE('',*,*,#2360,.F.);
#3101=ORIENTED_EDGE('',*,*,#2361,.F.);
#3102=ORIENTED_EDGE('',*,*,#2362,.F.);
#3103=ORIENTED_EDGE('',*,*,#2363,.T.);
#3104=ORIENTED_EDGE('',*,*,#2364,.F.);
#3105=ORIENTED_EDGE('',*,*,#2363,.F.);
#3106=ORIENTED_EDGE('',*,*,#2365,.F.);
#3107=ORIENTED_EDGE('',*,*,#2366,.T.);
#3108=ORIENTED_EDGE('',*,*,#2367,.F.);
#3109=ORIENTED_EDGE('',*,*,#2366,.F.);
#3110=ORIENTED_EDGE('',*,*,#2368,.F.);
#3111=ORIENTED_EDGE('',*,*,#2369,.T.);
#3112=ORIENTED_EDGE('',*,*,#2370,.F.);
#3113=ORIENTED_EDGE('',*,*,#2369,.F.);
#3114=ORIENTED_EDGE('',*,*,#2371,.F.);
#3115=ORIENTED_EDGE('',*,*,#2372,.T.);
#3116=ORIENTED_EDGE('',*,*,#2373,.F.);
#3117=ORIENTED_EDGE('',*,*,#2372,.F.);
#3118=ORIENTED_EDGE('',*,*,#2374,.F.);
#3119=ORIENTED_EDGE('',*,*,#2375,.T.);
#3120=ORIENTED_EDGE('',*,*,#2376,.F.);
#3121=ORIENTED_EDGE('',*,*,#2375,.F.);
#3122=ORIENTED_EDGE('',*,*,#2377,.F.);
#3123=ORIENTED_EDGE('',*,*,#2378,.T.);
#3124=ORIENTED_EDGE('',*,*,#2379,.F.);
#3125=ORIENTED_EDGE('',*,*,#2378,.F.);
#3126=ORIENTED_EDGE('',*,*,#2380,.F.);
#3127=ORIENTED_EDGE('',*,*,#2381,.T.);
#3128=ORIENTED_EDGE('',*,*,#2382,.F.);
#3129=ORIENTED_EDGE('',*,*,#2381,.F.);
#3130=ORIENTED_EDGE('',*,*,#2383,.F.);
#3131=ORIENTED_EDGE('',*,*,#2384,.T.);
#3132=ORIENTED_EDGE('',*,*,#2385,.F.);
#3133=ORIENTED_EDGE('',*,*,#2386,.F.);
#3134=ORIENTED_EDGE('',*,*,#2387,.F.);
#3135=ORIENTED_EDGE('',*,*,#2384,.F.);
#3136=ORIENTED_EDGE('',*,*,#2386,.T.);
#3137=ORIENTED_EDGE('',*,*,#2388,.T.);
#3138=ORIENTED_EDGE('',*,*,#2389,.F.);
#3139=ORIENTED_EDGE('',*,*,#2388,.F.);
#3140=ORIENTED_EDGE('',*,*,#2385,.T.);
#3141=ORIENTED_EDGE('',*,*,#2387,.T.);
#3142=ORIENTED_EDGE('',*,*,#2390,.F.);
#3143=ORIENTED_EDGE('',*,*,#2391,.F.);
#3144=ORIENTED_EDGE('',*,*,#2392,.F.);
#3145=ORIENTED_EDGE('',*,*,#2393,.F.);
#3146=ORIENTED_EDGE('',*,*,#2394,.F.);
#3147=ORIENTED_EDGE('',*,*,#2395,.F.);
#3148=ORIENTED_EDGE('',*,*,#2396,.F.);
#3149=ORIENTED_EDGE('',*,*,#2397,.F.);
#3150=ORIENTED_EDGE('',*,*,#2398,.F.);
#3151=ORIENTED_EDGE('',*,*,#2399,.F.);
#3152=ORIENTED_EDGE('',*,*,#2400,.F.);
#3153=ORIENTED_EDGE('',*,*,#2401,.F.);
#3154=ORIENTED_EDGE('',*,*,#2402,.F.);
#3155=ORIENTED_EDGE('',*,*,#2403,.F.);
#3156=ORIENTED_EDGE('',*,*,#2404,.F.);
#3157=ORIENTED_EDGE('',*,*,#2405,.F.);
#3158=ORIENTED_EDGE('',*,*,#2406,.F.);
#3159=ORIENTED_EDGE('',*,*,#2407,.F.);
#3160=ORIENTED_EDGE('',*,*,#2408,.F.);
#3161=ORIENTED_EDGE('',*,*,#2359,.F.);
#3162=ORIENTED_EDGE('',*,*,#2409,.F.);
#3163=ORIENTED_EDGE('',*,*,#2365,.T.);
#3164=ORIENTED_EDGE('',*,*,#2371,.T.);
#3165=ORIENTED_EDGE('',*,*,#2374,.T.);
#3166=ORIENTED_EDGE('',*,*,#2377,.T.);
#3167=ORIENTED_EDGE('',*,*,#2380,.T.);
#3168=ORIENTED_EDGE('',*,*,#2383,.T.);
#3169=ORIENTED_EDGE('',*,*,#2410,.F.);
#3170=ORIENTED_EDGE('',*,*,#2411,.F.);
#3171=ORIENTED_EDGE('',*,*,#2412,.F.);
#3172=ORIENTED_EDGE('',*,*,#2413,.F.);
#3173=ORIENTED_EDGE('',*,*,#2368,.T.);
#3174=ORIENTED_EDGE('',*,*,#2362,.T.);
#3175=ORIENTED_EDGE('',*,*,#2283,.T.);
#3176=ORIENTED_EDGE('',*,*,#2286,.T.);
#3177=ORIENTED_EDGE('',*,*,#2276,.T.);
#3178=ORIENTED_EDGE('',*,*,#2280,.T.);
#3179=ORIENTED_EDGE('',*,*,#2414,.T.);
#3180=ORIENTED_EDGE('',*,*,#2415,.F.);
#3181=ORIENTED_EDGE('',*,*,#2416,.F.);
#3182=ORIENTED_EDGE('',*,*,#2417,.F.);
#3183=ORIENTED_EDGE('',*,*,#2416,.T.);
#3184=ORIENTED_EDGE('',*,*,#2418,.F.);
#3185=ORIENTED_EDGE('',*,*,#2419,.F.);
#3186=ORIENTED_EDGE('',*,*,#2420,.F.);
#3187=ORIENTED_EDGE('',*,*,#2419,.T.);
#3188=ORIENTED_EDGE('',*,*,#2421,.F.);
#3189=ORIENTED_EDGE('',*,*,#2422,.F.);
#3190=ORIENTED_EDGE('',*,*,#2423,.F.);
#3191=ORIENTED_EDGE('',*,*,#2424,.F.);
#3192=ORIENTED_EDGE('',*,*,#2353,.F.);
#3193=ORIENTED_EDGE('',*,*,#2425,.F.);
#3194=ORIENTED_EDGE('',*,*,#2426,.F.);
#3195=ORIENTED_EDGE('',*,*,#2427,.F.);
#3196=ORIENTED_EDGE('',*,*,#2428,.F.);
#3197=ORIENTED_EDGE('',*,*,#2429,.F.);
#3198=ORIENTED_EDGE('',*,*,#2430,.F.);
#3199=ORIENTED_EDGE('',*,*,#2431,.T.);
#3200=ORIENTED_EDGE('',*,*,#2432,.F.);
#3201=ORIENTED_EDGE('',*,*,#2433,.F.);
#3202=ORIENTED_EDGE('',*,*,#2434,.F.);
#3203=ORIENTED_EDGE('',*,*,#2433,.T.);
#3204=ORIENTED_EDGE('',*,*,#2435,.F.);
#3205=ORIENTED_EDGE('',*,*,#2436,.F.);
#3206=ORIENTED_EDGE('',*,*,#2437,.F.);
#3207=ORIENTED_EDGE('',*,*,#2436,.T.);
#3208=ORIENTED_EDGE('',*,*,#2438,.F.);
#3209=ORIENTED_EDGE('',*,*,#2439,.F.);
#3210=ORIENTED_EDGE('',*,*,#2440,.F.);
#3211=ORIENTED_EDGE('',*,*,#2441,.F.);
#3212=ORIENTED_EDGE('',*,*,#2422,.T.);
#3213=ORIENTED_EDGE('',*,*,#2442,.F.);
#3214=ORIENTED_EDGE('',*,*,#2439,.T.);
#3215=ORIENTED_EDGE('',*,*,#2443,.T.);
#3216=ORIENTED_EDGE('',*,*,#2417,.T.);
#3217=ORIENTED_EDGE('',*,*,#2420,.T.);
#3218=ORIENTED_EDGE('',*,*,#2423,.T.);
#3219=ORIENTED_EDGE('',*,*,#2441,.T.);
#3220=ORIENTED_EDGE('',*,*,#2438,.T.);
#3221=ORIENTED_EDGE('',*,*,#2435,.T.);
#3222=ORIENTED_EDGE('',*,*,#2432,.T.);
#3223=ORIENTED_EDGE('',*,*,#2367,.T.);
#3224=ORIENTED_EDGE('',*,*,#2373,.T.);
#3225=ORIENTED_EDGE('',*,*,#2379,.T.);
#3226=ORIENTED_EDGE('',*,*,#2444,.F.);
#3227=ORIENTED_EDGE('',*,*,#2445,.F.);
#3228=ORIENTED_EDGE('',*,*,#2446,.F.);
#3229=ORIENTED_EDGE('',*,*,#2447,.F.);
#3230=ORIENTED_EDGE('',*,*,#2448,.F.);
#3231=ORIENTED_EDGE('',*,*,#2449,.F.);
#3232=ORIENTED_EDGE('',*,*,#2450,.F.);
#3233=ORIENTED_EDGE('',*,*,#2451,.F.);
#3234=ORIENTED_EDGE('',*,*,#2452,.F.);
#3235=ORIENTED_EDGE('',*,*,#2453,.F.);
#3236=ORIENTED_EDGE('',*,*,#2454,.F.);
#3237=ORIENTED_EDGE('',*,*,#2455,.F.);
#3238=ORIENTED_EDGE('',*,*,#2456,.F.);
#3239=ORIENTED_EDGE('',*,*,#2457,.F.);
#3240=ORIENTED_EDGE('',*,*,#2458,.F.);
#3241=ORIENTED_EDGE('',*,*,#2459,.F.);
#3242=ORIENTED_EDGE('',*,*,#2460,.F.);
#3243=ORIENTED_EDGE('',*,*,#2461,.F.);
#3244=ORIENTED_EDGE('',*,*,#2462,.F.);
#3245=ORIENTED_EDGE('',*,*,#2463,.T.);
#3246=ORIENTED_EDGE('',*,*,#2464,.F.);
#3247=ORIENTED_EDGE('',*,*,#2465,.T.);
#3248=ORIENTED_EDGE('',*,*,#2466,.F.);
#3249=ORIENTED_EDGE('',*,*,#2467,.F.);
#3250=ORIENTED_EDGE('',*,*,#2468,.F.);
#3251=ORIENTED_EDGE('',*,*,#2469,.F.);
#3252=ORIENTED_EDGE('',*,*,#2470,.F.);
#3253=ORIENTED_EDGE('',*,*,#2471,.F.);
#3254=ORIENTED_EDGE('',*,*,#2472,.F.);
#3255=ORIENTED_EDGE('',*,*,#2473,.F.);
#3256=ORIENTED_EDGE('',*,*,#2474,.F.);
#3257=ORIENTED_EDGE('',*,*,#2475,.T.);
#3258=ORIENTED_EDGE('',*,*,#2476,.F.);
#3259=ORIENTED_EDGE('',*,*,#2477,.F.);
#3260=ORIENTED_EDGE('',*,*,#2478,.F.);
#3261=ORIENTED_EDGE('',*,*,#2479,.F.);
#3262=ORIENTED_EDGE('',*,*,#2480,.F.);
#3263=ORIENTED_EDGE('',*,*,#2481,.T.);
#3264=ORIENTED_EDGE('',*,*,#2482,.F.);
#3265=ORIENTED_EDGE('',*,*,#2483,.F.);
#3266=ORIENTED_EDGE('',*,*,#2484,.T.);
#3267=ORIENTED_EDGE('',*,*,#2485,.F.);
#3268=ORIENTED_EDGE('',*,*,#2486,.T.);
#3269=ORIENTED_EDGE('',*,*,#2487,.F.);
#3270=ORIENTED_EDGE('',*,*,#2488,.T.);
#3271=ORIENTED_EDGE('',*,*,#2489,.F.);
#3272=ORIENTED_EDGE('',*,*,#2490,.T.);
#3273=ORIENTED_EDGE('',*,*,#2491,.F.);
#3274=ORIENTED_EDGE('',*,*,#2492,.T.);
#3275=ORIENTED_EDGE('',*,*,#2493,.F.);
#3276=ORIENTED_EDGE('',*,*,#2494,.T.);
#3277=ORIENTED_EDGE('',*,*,#2495,.F.);
#3278=ORIENTED_EDGE('',*,*,#2496,.T.);
#3279=ORIENTED_EDGE('',*,*,#2497,.F.);
#3280=ORIENTED_EDGE('',*,*,#2498,.T.);
#3281=ORIENTED_EDGE('',*,*,#2499,.F.);
#3282=ORIENTED_EDGE('',*,*,#2500,.T.);
#3283=ORIENTED_EDGE('',*,*,#2501,.F.);
#3284=ORIENTED_EDGE('',*,*,#2502,.T.);
#3285=ORIENTED_EDGE('',*,*,#2503,.F.);
#3286=ORIENTED_EDGE('',*,*,#2504,.T.);
#3287=ORIENTED_EDGE('',*,*,#2505,.F.);
#3288=ORIENTED_EDGE('',*,*,#2506,.F.);
#3289=ORIENTED_EDGE('',*,*,#2507,.T.);
#3290=ORIENTED_EDGE('',*,*,#2508,.F.);
#3291=ORIENTED_EDGE('',*,*,#2509,.F.);
#3292=ORIENTED_EDGE('',*,*,#2510,.F.);
#3293=ORIENTED_EDGE('',*,*,#2511,.F.);
#3294=ORIENTED_EDGE('',*,*,#2512,.T.);
#3295=ORIENTED_EDGE('',*,*,#2513,.F.);
#3296=ORIENTED_EDGE('',*,*,#2514,.F.);
#3297=ORIENTED_EDGE('',*,*,#2515,.F.);
#3298=ORIENTED_EDGE('',*,*,#2516,.F.);
#3299=ORIENTED_EDGE('',*,*,#2517,.T.);
#3300=ORIENTED_EDGE('',*,*,#2518,.F.);
#3301=ORIENTED_EDGE('',*,*,#2519,.F.);
#3302=ORIENTED_EDGE('',*,*,#2520,.F.);
#3303=ORIENTED_EDGE('',*,*,#2521,.F.);
#3304=ORIENTED_EDGE('',*,*,#2522,.F.);
#3305=ORIENTED_EDGE('',*,*,#2523,.T.);
#3306=ORIENTED_EDGE('',*,*,#2524,.F.);
#3307=ORIENTED_EDGE('',*,*,#2525,.F.);
#3308=ORIENTED_EDGE('',*,*,#2526,.F.);
#3309=ORIENTED_EDGE('',*,*,#2527,.F.);
#3310=ORIENTED_EDGE('',*,*,#2528,.F.);
#3311=ORIENTED_EDGE('',*,*,#2529,.F.);
#3312=ORIENTED_EDGE('',*,*,#2530,.F.);
#3313=ORIENTED_EDGE('',*,*,#2531,.F.);
#3314=ORIENTED_EDGE('',*,*,#2532,.F.);
#3315=ORIENTED_EDGE('',*,*,#2533,.F.);
#3316=ORIENTED_EDGE('',*,*,#2534,.F.);
#3317=ORIENTED_EDGE('',*,*,#2535,.F.);
#3318=ORIENTED_EDGE('',*,*,#2536,.F.);
#3319=ORIENTED_EDGE('',*,*,#2537,.F.);
#3320=ORIENTED_EDGE('',*,*,#2538,.F.);
#3321=ORIENTED_EDGE('',*,*,#2539,.F.);
#3322=ORIENTED_EDGE('',*,*,#2540,.F.);
#3323=ORIENTED_EDGE('',*,*,#2541,.F.);
#3324=ORIENTED_EDGE('',*,*,#2542,.F.);
#3325=ORIENTED_EDGE('',*,*,#2543,.F.);
#3326=ORIENTED_EDGE('',*,*,#2544,.F.);
#3327=ORIENTED_EDGE('',*,*,#2545,.F.);
#3328=ORIENTED_EDGE('',*,*,#2546,.F.);
#3329=ORIENTED_EDGE('',*,*,#2547,.F.);
#3330=ORIENTED_EDGE('',*,*,#2548,.F.);
#3331=ORIENTED_EDGE('',*,*,#2549,.F.);
#3332=ORIENTED_EDGE('',*,*,#2550,.F.);
#3333=ORIENTED_EDGE('',*,*,#2551,.F.);
#3334=ORIENTED_EDGE('',*,*,#2552,.F.);
#3335=ORIENTED_EDGE('',*,*,#2553,.F.);
#3336=ORIENTED_EDGE('',*,*,#2554,.F.);
#3337=ORIENTED_EDGE('',*,*,#2555,.F.);
#3338=ORIENTED_EDGE('',*,*,#2556,.F.);
#3339=ORIENTED_EDGE('',*,*,#2557,.F.);
#3340=ORIENTED_EDGE('',*,*,#2558,.F.);
#3341=ORIENTED_EDGE('',*,*,#2559,.F.);
#3342=ORIENTED_EDGE('',*,*,#2560,.F.);
#3343=ORIENTED_EDGE('',*,*,#2561,.F.);
#3344=ORIENTED_EDGE('',*,*,#2562,.F.);
#3345=ORIENTED_EDGE('',*,*,#2563,.F.);
#3346=ORIENTED_EDGE('',*,*,#2564,.F.);
#3347=ORIENTED_EDGE('',*,*,#2565,.F.);
#3348=ORIENTED_EDGE('',*,*,#2389,.T.);
#3349=ORIENTED_EDGE('',*,*,#2382,.T.);
#3350=ORIENTED_EDGE('',*,*,#2376,.T.);
#3351=ORIENTED_EDGE('',*,*,#2370,.T.);
#3352=ORIENTED_EDGE('',*,*,#2364,.T.);
#3353=ORIENTED_EDGE('',*,*,#2284,.T.);
#3354=ORIENTED_EDGE('',*,*,#2281,.T.);
#3355=ORIENTED_EDGE('',*,*,#2278,.T.);
#3356=ORIENTED_EDGE('',*,*,#2287,.T.);
#3357=ORIENTED_EDGE('',*,*,#2566,.F.);
#3358=ORIENTED_EDGE('',*,*,#2567,.F.);
#3359=ORIENTED_EDGE('',*,*,#2463,.F.);
#3360=ORIENTED_EDGE('',*,*,#2568,.F.);
#3361=ORIENTED_EDGE('',*,*,#2569,.F.);
#3362=ORIENTED_EDGE('',*,*,#2570,.F.);
#3363=ORIENTED_EDGE('',*,*,#2512,.F.);
#3364=ORIENTED_EDGE('',*,*,#2571,.F.);
#3365=ORIENTED_EDGE('',*,*,#2572,.F.);
#3366=ORIENTED_EDGE('',*,*,#2573,.F.);
#3367=ORIENTED_EDGE('',*,*,#2517,.F.);
#3368=ORIENTED_EDGE('',*,*,#2574,.F.);
#3369=ORIENTED_EDGE('',*,*,#2575,.F.);
#3370=ORIENTED_EDGE('',*,*,#2576,.F.);
#3371=ORIENTED_EDGE('',*,*,#2504,.F.);
#3372=ORIENTED_EDGE('',*,*,#2577,.F.);
#3373=ORIENTED_EDGE('',*,*,#2578,.F.);
#3374=ORIENTED_EDGE('',*,*,#2579,.F.);
#3375=ORIENTED_EDGE('',*,*,#2498,.F.);
#3376=ORIENTED_EDGE('',*,*,#2580,.F.);
#3377=ORIENTED_EDGE('',*,*,#2581,.F.);
#3378=ORIENTED_EDGE('',*,*,#2582,.F.);
#3379=ORIENTED_EDGE('',*,*,#2492,.F.);
#3380=ORIENTED_EDGE('',*,*,#2583,.F.);
#3381=ORIENTED_EDGE('',*,*,#2584,.F.);
#3382=ORIENTED_EDGE('',*,*,#2585,.F.);
#3383=ORIENTED_EDGE('',*,*,#2486,.F.);
#3384=ORIENTED_EDGE('',*,*,#2586,.F.);
#3385=ORIENTED_EDGE('',*,*,#2587,.T.);
#3386=ORIENTED_EDGE('',*,*,#2588,.T.);
#3387=ORIENTED_EDGE('',*,*,#2589,.F.);
#3388=ORIENTED_EDGE('',*,*,#2590,.F.);
#3389=ORIENTED_EDGE('',*,*,#2591,.F.);
#3390=ORIENTED_EDGE('',*,*,#2414,.F.);
#3391=ORIENTED_EDGE('',*,*,#2443,.F.);
#3392=ORIENTED_EDGE('',*,*,#2431,.F.);
#3393=ORIENTED_EDGE('',*,*,#2444,.T.);
#3394=ORIENTED_EDGE('',*,*,#2592,.F.);
#3395=ORIENTED_EDGE('',*,*,#2593,.F.);
#3396=ORIENTED_EDGE('',*,*,#2594,.T.);
#3397=ORIENTED_EDGE('',*,*,#2445,.T.);
#3398=ORIENTED_EDGE('',*,*,#2594,.F.);
#3399=ORIENTED_EDGE('',*,*,#2595,.F.);
#3400=ORIENTED_EDGE('',*,*,#2596,.T.);
#3401=ORIENTED_EDGE('',*,*,#2446,.T.);
#3402=ORIENTED_EDGE('',*,*,#2596,.F.);
#3403=ORIENTED_EDGE('',*,*,#2597,.F.);
#3404=ORIENTED_EDGE('',*,*,#2598,.T.);
#3405=ORIENTED_EDGE('',*,*,#2447,.T.);
#3406=ORIENTED_EDGE('',*,*,#2598,.F.);
#3407=ORIENTED_EDGE('',*,*,#2599,.F.);
#3408=ORIENTED_EDGE('',*,*,#2600,.T.);
#3409=ORIENTED_EDGE('',*,*,#2448,.T.);
#3410=ORIENTED_EDGE('',*,*,#2600,.F.);
#3411=ORIENTED_EDGE('',*,*,#2601,.F.);
#3412=ORIENTED_EDGE('',*,*,#2602,.T.);
#3413=ORIENTED_EDGE('',*,*,#2449,.T.);
#3414=ORIENTED_EDGE('',*,*,#2602,.F.);
#3415=ORIENTED_EDGE('',*,*,#2603,.F.);
#3416=ORIENTED_EDGE('',*,*,#2604,.T.);
#3417=ORIENTED_EDGE('',*,*,#2450,.T.);
#3418=ORIENTED_EDGE('',*,*,#2604,.F.);
#3419=ORIENTED_EDGE('',*,*,#2605,.F.);
#3420=ORIENTED_EDGE('',*,*,#2606,.T.);
#3421=ORIENTED_EDGE('',*,*,#2451,.T.);
#3422=ORIENTED_EDGE('',*,*,#2606,.F.);
#3423=ORIENTED_EDGE('',*,*,#2607,.F.);
#3424=ORIENTED_EDGE('',*,*,#2608,.T.);
#3425=ORIENTED_EDGE('',*,*,#2452,.T.);
#3426=ORIENTED_EDGE('',*,*,#2608,.F.);
#3427=ORIENTED_EDGE('',*,*,#2609,.F.);
#3428=ORIENTED_EDGE('',*,*,#2610,.T.);
#3429=ORIENTED_EDGE('',*,*,#2453,.T.);
#3430=ORIENTED_EDGE('',*,*,#2610,.F.);
#3431=ORIENTED_EDGE('',*,*,#2611,.F.);
#3432=ORIENTED_EDGE('',*,*,#2592,.T.);
#3433=ORIENTED_EDGE('',*,*,#2593,.T.);
#3434=ORIENTED_EDGE('',*,*,#2611,.T.);
#3435=ORIENTED_EDGE('',*,*,#2609,.T.);
#3436=ORIENTED_EDGE('',*,*,#2607,.T.);
#3437=ORIENTED_EDGE('',*,*,#2605,.T.);
#3438=ORIENTED_EDGE('',*,*,#2603,.T.);
#3439=ORIENTED_EDGE('',*,*,#2601,.T.);
#3440=ORIENTED_EDGE('',*,*,#2599,.T.);
#3441=ORIENTED_EDGE('',*,*,#2597,.T.);
#3442=ORIENTED_EDGE('',*,*,#2595,.T.);
#3443=ORIENTED_EDGE('',*,*,#2456,.T.);
#3444=ORIENTED_EDGE('',*,*,#2612,.F.);
#3445=ORIENTED_EDGE('',*,*,#2613,.F.);
#3446=ORIENTED_EDGE('',*,*,#2614,.T.);
#3447=ORIENTED_EDGE('',*,*,#2457,.T.);
#3448=ORIENTED_EDGE('',*,*,#2614,.F.);
#3449=ORIENTED_EDGE('',*,*,#2615,.F.);
#3450=ORIENTED_EDGE('',*,*,#2616,.T.);
#3451=ORIENTED_EDGE('',*,*,#2458,.T.);
#3452=ORIENTED_EDGE('',*,*,#2616,.F.);
#3453=ORIENTED_EDGE('',*,*,#2617,.F.);
#3454=ORIENTED_EDGE('',*,*,#2618,.T.);
#3455=ORIENTED_EDGE('',*,*,#2459,.T.);
#3456=ORIENTED_EDGE('',*,*,#2618,.F.);
#3457=ORIENTED_EDGE('',*,*,#2619,.F.);
#3458=ORIENTED_EDGE('',*,*,#2620,.T.);
#3459=ORIENTED_EDGE('',*,*,#2454,.T.);
#3460=ORIENTED_EDGE('',*,*,#2620,.F.);
#3461=ORIENTED_EDGE('',*,*,#2621,.F.);
#3462=ORIENTED_EDGE('',*,*,#2622,.T.);
#3463=ORIENTED_EDGE('',*,*,#2455,.T.);
#3464=ORIENTED_EDGE('',*,*,#2622,.F.);
#3465=ORIENTED_EDGE('',*,*,#2623,.F.);
#3466=ORIENTED_EDGE('',*,*,#2612,.T.);
#3467=ORIENTED_EDGE('',*,*,#2613,.T.);
#3468=ORIENTED_EDGE('',*,*,#2623,.T.);
#3469=ORIENTED_EDGE('',*,*,#2621,.T.);
#3470=ORIENTED_EDGE('',*,*,#2619,.T.);
#3471=ORIENTED_EDGE('',*,*,#2617,.T.);
#3472=ORIENTED_EDGE('',*,*,#2615,.T.);
#3473=ORIENTED_EDGE('',*,*,#2460,.T.);
#3474=ORIENTED_EDGE('',*,*,#2567,.T.);
#3475=ORIENTED_EDGE('',*,*,#2624,.F.);
#3476=ORIENTED_EDGE('',*,*,#2625,.T.);
#3477=ORIENTED_EDGE('',*,*,#2461,.T.);
#3478=ORIENTED_EDGE('',*,*,#2625,.F.);
#3479=ORIENTED_EDGE('',*,*,#2626,.F.);
#3480=ORIENTED_EDGE('',*,*,#2627,.T.);
#3481=ORIENTED_EDGE('',*,*,#2628,.F.);
#3482=ORIENTED_EDGE('',*,*,#2568,.T.);
#3483=ORIENTED_EDGE('',*,*,#2462,.T.);
#3484=ORIENTED_EDGE('',*,*,#2627,.F.);
#3485=ORIENTED_EDGE('',*,*,#2624,.T.);
#3486=ORIENTED_EDGE('',*,*,#2566,.T.);
#3487=ORIENTED_EDGE('',*,*,#2628,.T.);
#3488=ORIENTED_EDGE('',*,*,#2626,.T.);
#3489=ORIENTED_EDGE('',*,*,#2482,.T.);
#3490=ORIENTED_EDGE('',*,*,#2629,.T.);
#3491=ORIENTED_EDGE('',*,*,#2630,.F.);
#3492=ORIENTED_EDGE('',*,*,#2631,.T.);
#3493=ORIENTED_EDGE('',*,*,#2632,.F.);
#3494=ORIENTED_EDGE('',*,*,#2633,.T.);
#3495=ORIENTED_EDGE('',*,*,#2483,.T.);
#3496=ORIENTED_EDGE('',*,*,#2631,.F.);
#3497=ORIENTED_EDGE('',*,*,#2485,.T.);
#3498=ORIENTED_EDGE('',*,*,#2634,.T.);
#3499=ORIENTED_EDGE('',*,*,#2635,.F.);
#3500=ORIENTED_EDGE('',*,*,#2586,.T.);
#3501=ORIENTED_EDGE('',*,*,#2636,.F.);
#3502=ORIENTED_EDGE('',*,*,#2637,.T.);
#3503=ORIENTED_EDGE('',*,*,#2487,.T.);
#3504=ORIENTED_EDGE('',*,*,#2585,.T.);
#3505=ORIENTED_EDGE('',*,*,#2489,.T.);
#3506=ORIENTED_EDGE('',*,*,#2638,.T.);
#3507=ORIENTED_EDGE('',*,*,#2639,.F.);
#3508=ORIENTED_EDGE('',*,*,#2640,.T.);
#3509=ORIENTED_EDGE('',*,*,#2491,.T.);
#3510=ORIENTED_EDGE('',*,*,#2641,.T.);
#3511=ORIENTED_EDGE('',*,*,#2642,.F.);
#3512=ORIENTED_EDGE('',*,*,#2583,.T.);
#3513=ORIENTED_EDGE('',*,*,#2643,.F.);
#3514=ORIENTED_EDGE('',*,*,#2644,.T.);
#3515=ORIENTED_EDGE('',*,*,#2493,.T.);
#3516=ORIENTED_EDGE('',*,*,#2582,.T.);
#3517=ORIENTED_EDGE('',*,*,#2645,.F.);
#3518=ORIENTED_EDGE('',*,*,#2646,.T.);
#3519=ORIENTED_EDGE('',*,*,#2495,.T.);
#3520=ORIENTED_EDGE('',*,*,#2647,.T.);
#3521=ORIENTED_EDGE('',*,*,#2497,.T.);
#3522=ORIENTED_EDGE('',*,*,#2648,.T.);
#3523=ORIENTED_EDGE('',*,*,#2649,.F.);
#3524=ORIENTED_EDGE('',*,*,#2580,.T.);
#3525=ORIENTED_EDGE('',*,*,#2650,.F.);
#3526=ORIENTED_EDGE('',*,*,#2651,.T.);
#3527=ORIENTED_EDGE('',*,*,#2499,.T.);
#3528=ORIENTED_EDGE('',*,*,#2579,.T.);
#3529=ORIENTED_EDGE('',*,*,#2501,.T.);
#3530=ORIENTED_EDGE('',*,*,#2652,.T.);
#3531=ORIENTED_EDGE('',*,*,#2653,.F.);
#3532=ORIENTED_EDGE('',*,*,#2654,.T.);
#3533=ORIENTED_EDGE('',*,*,#2503,.T.);
#3534=ORIENTED_EDGE('',*,*,#2655,.T.);
#3535=ORIENTED_EDGE('',*,*,#2656,.F.);
#3536=ORIENTED_EDGE('',*,*,#2577,.T.);
#3537=ORIENTED_EDGE('',*,*,#2505,.T.);
#3538=ORIENTED_EDGE('',*,*,#2576,.T.);
#3539=ORIENTED_EDGE('',*,*,#2657,.F.);
#3540=ORIENTED_EDGE('',*,*,#2658,.T.);
#3541=ORIENTED_EDGE('',*,*,#2659,.F.);
#3542=ORIENTED_EDGE('',*,*,#2660,.T.);
#3543=ORIENTED_EDGE('',*,*,#2506,.T.);
#3544=ORIENTED_EDGE('',*,*,#2658,.F.);
#3545=ORIENTED_EDGE('',*,*,#2508,.T.);
#3546=ORIENTED_EDGE('',*,*,#2661,.T.);
#3547=ORIENTED_EDGE('',*,*,#2662,.F.);
#3548=ORIENTED_EDGE('',*,*,#2663,.T.);
#3549=ORIENTED_EDGE('',*,*,#2509,.T.);
#3550=ORIENTED_EDGE('',*,*,#2663,.F.);
#3551=ORIENTED_EDGE('',*,*,#2664,.F.);
#3552=ORIENTED_EDGE('',*,*,#2665,.T.);
#3553=ORIENTED_EDGE('',*,*,#2510,.T.);
#3554=ORIENTED_EDGE('',*,*,#2665,.F.);
#3555=ORIENTED_EDGE('',*,*,#2666,.F.);
#3556=ORIENTED_EDGE('',*,*,#2667,.T.);
#3557=ORIENTED_EDGE('',*,*,#2668,.F.);
#3558=ORIENTED_EDGE('',*,*,#2571,.T.);
#3559=ORIENTED_EDGE('',*,*,#2511,.T.);
#3560=ORIENTED_EDGE('',*,*,#2667,.F.);
#3561=ORIENTED_EDGE('',*,*,#2513,.T.);
#3562=ORIENTED_EDGE('',*,*,#2570,.T.);
#3563=ORIENTED_EDGE('',*,*,#2669,.F.);
#3564=ORIENTED_EDGE('',*,*,#2670,.T.);
#3565=ORIENTED_EDGE('',*,*,#2514,.T.);
#3566=ORIENTED_EDGE('',*,*,#2670,.F.);
#3567=ORIENTED_EDGE('',*,*,#2671,.F.);
#3568=ORIENTED_EDGE('',*,*,#2672,.T.);
#3569=ORIENTED_EDGE('',*,*,#2515,.T.);
#3570=ORIENTED_EDGE('',*,*,#2672,.F.);
#3571=ORIENTED_EDGE('',*,*,#2673,.F.);
#3572=ORIENTED_EDGE('',*,*,#2674,.T.);
#3573=ORIENTED_EDGE('',*,*,#2675,.F.);
#3574=ORIENTED_EDGE('',*,*,#2574,.T.);
#3575=ORIENTED_EDGE('',*,*,#2516,.T.);
#3576=ORIENTED_EDGE('',*,*,#2674,.F.);
#3577=ORIENTED_EDGE('',*,*,#2518,.T.);
#3578=ORIENTED_EDGE('',*,*,#2573,.T.);
#3579=ORIENTED_EDGE('',*,*,#2676,.F.);
#3580=ORIENTED_EDGE('',*,*,#2677,.T.);
#3581=ORIENTED_EDGE('',*,*,#2519,.T.);
#3582=ORIENTED_EDGE('',*,*,#2677,.F.);
#3583=ORIENTED_EDGE('',*,*,#2678,.F.);
#3584=ORIENTED_EDGE('',*,*,#2679,.T.);
#3585=ORIENTED_EDGE('',*,*,#2520,.T.);
#3586=ORIENTED_EDGE('',*,*,#2679,.F.);
#3587=ORIENTED_EDGE('',*,*,#2680,.F.);
#3588=ORIENTED_EDGE('',*,*,#2681,.T.);
#3589=ORIENTED_EDGE('',*,*,#2521,.T.);
#3590=ORIENTED_EDGE('',*,*,#2681,.F.);
#3591=ORIENTED_EDGE('',*,*,#2682,.F.);
#3592=ORIENTED_EDGE('',*,*,#2683,.T.);
#3593=ORIENTED_EDGE('',*,*,#2684,.F.);
#3594=ORIENTED_EDGE('',*,*,#2685,.T.);
#3595=ORIENTED_EDGE('',*,*,#2522,.T.);
#3596=ORIENTED_EDGE('',*,*,#2683,.F.);
#3597=ORIENTED_EDGE('',*,*,#2524,.T.);
#3598=ORIENTED_EDGE('',*,*,#2686,.T.);
#3599=ORIENTED_EDGE('',*,*,#2687,.F.);
#3600=ORIENTED_EDGE('',*,*,#2688,.T.);
#3601=ORIENTED_EDGE('',*,*,#2525,.T.);
#3602=ORIENTED_EDGE('',*,*,#2688,.F.);
#3603=ORIENTED_EDGE('',*,*,#2689,.F.);
#3604=ORIENTED_EDGE('',*,*,#2690,.T.);
#3605=ORIENTED_EDGE('',*,*,#2691,.F.);
#3606=ORIENTED_EDGE('',*,*,#2692,.T.);
#3607=ORIENTED_EDGE('',*,*,#2464,.T.);
#3608=ORIENTED_EDGE('',*,*,#2690,.F.);
#3609=ORIENTED_EDGE('',*,*,#2466,.T.);
#3610=ORIENTED_EDGE('',*,*,#2693,.T.);
#3611=ORIENTED_EDGE('',*,*,#2694,.F.);
#3612=ORIENTED_EDGE('',*,*,#2695,.T.);
#3613=ORIENTED_EDGE('',*,*,#2467,.T.);
#3614=ORIENTED_EDGE('',*,*,#2695,.F.);
#3615=ORIENTED_EDGE('',*,*,#2696,.F.);
#3616=ORIENTED_EDGE('',*,*,#2697,.T.);
#3617=ORIENTED_EDGE('',*,*,#2468,.T.);
#3618=ORIENTED_EDGE('',*,*,#2697,.F.);
#3619=ORIENTED_EDGE('',*,*,#2698,.F.);
#3620=ORIENTED_EDGE('',*,*,#2699,.T.);
#3621=ORIENTED_EDGE('',*,*,#2469,.T.);
#3622=ORIENTED_EDGE('',*,*,#2699,.F.);
#3623=ORIENTED_EDGE('',*,*,#2700,.F.);
#3624=ORIENTED_EDGE('',*,*,#2701,.T.);
#3625=ORIENTED_EDGE('',*,*,#2470,.T.);
#3626=ORIENTED_EDGE('',*,*,#2701,.F.);
#3627=ORIENTED_EDGE('',*,*,#2702,.F.);
#3628=ORIENTED_EDGE('',*,*,#2703,.T.);
#3629=ORIENTED_EDGE('',*,*,#2471,.T.);
#3630=ORIENTED_EDGE('',*,*,#2703,.F.);
#3631=ORIENTED_EDGE('',*,*,#2704,.F.);
#3632=ORIENTED_EDGE('',*,*,#2705,.T.);
#3633=ORIENTED_EDGE('',*,*,#2472,.T.);
#3634=ORIENTED_EDGE('',*,*,#2705,.F.);
#3635=ORIENTED_EDGE('',*,*,#2706,.F.);
#3636=ORIENTED_EDGE('',*,*,#2707,.T.);
#3637=ORIENTED_EDGE('',*,*,#2473,.T.);
#3638=ORIENTED_EDGE('',*,*,#2707,.F.);
#3639=ORIENTED_EDGE('',*,*,#2708,.F.);
#3640=ORIENTED_EDGE('',*,*,#2709,.T.);
#3641=ORIENTED_EDGE('',*,*,#2710,.F.);
#3642=ORIENTED_EDGE('',*,*,#2711,.T.);
#3643=ORIENTED_EDGE('',*,*,#2474,.T.);
#3644=ORIENTED_EDGE('',*,*,#2709,.F.);
#3645=ORIENTED_EDGE('',*,*,#2476,.T.);
#3646=ORIENTED_EDGE('',*,*,#2712,.T.);
#3647=ORIENTED_EDGE('',*,*,#2713,.F.);
#3648=ORIENTED_EDGE('',*,*,#2714,.T.);
#3649=ORIENTED_EDGE('',*,*,#2477,.T.);
#3650=ORIENTED_EDGE('',*,*,#2714,.F.);
#3651=ORIENTED_EDGE('',*,*,#2715,.F.);
#3652=ORIENTED_EDGE('',*,*,#2716,.T.);
#3653=ORIENTED_EDGE('',*,*,#2478,.T.);
#3654=ORIENTED_EDGE('',*,*,#2716,.F.);
#3655=ORIENTED_EDGE('',*,*,#2717,.F.);
#3656=ORIENTED_EDGE('',*,*,#2718,.T.);
#3657=ORIENTED_EDGE('',*,*,#2479,.T.);
#3658=ORIENTED_EDGE('',*,*,#2718,.F.);
#3659=ORIENTED_EDGE('',*,*,#2719,.F.);
#3660=ORIENTED_EDGE('',*,*,#2720,.T.);
#3661=ORIENTED_EDGE('',*,*,#2721,.F.);
#3662=ORIENTED_EDGE('',*,*,#2722,.T.);
#3663=ORIENTED_EDGE('',*,*,#2480,.T.);
#3664=ORIENTED_EDGE('',*,*,#2720,.F.);
#3665=ORIENTED_EDGE('',*,*,#2636,.T.);
#3666=ORIENTED_EDGE('',*,*,#2584,.T.);
#3667=ORIENTED_EDGE('',*,*,#2635,.T.);
#3668=ORIENTED_EDGE('',*,*,#2723,.T.);
#3669=ORIENTED_EDGE('',*,*,#2632,.T.);
#3670=ORIENTED_EDGE('',*,*,#2630,.T.);
#3671=ORIENTED_EDGE('',*,*,#2724,.T.);
#3672=ORIENTED_EDGE('',*,*,#2721,.T.);
#3673=ORIENTED_EDGE('',*,*,#2719,.T.);
#3674=ORIENTED_EDGE('',*,*,#2717,.T.);
#3675=ORIENTED_EDGE('',*,*,#2715,.T.);
#3676=ORIENTED_EDGE('',*,*,#2713,.T.);
#3677=ORIENTED_EDGE('',*,*,#2725,.T.);
#3678=ORIENTED_EDGE('',*,*,#2710,.T.);
#3679=ORIENTED_EDGE('',*,*,#2708,.T.);
#3680=ORIENTED_EDGE('',*,*,#2706,.T.);
#3681=ORIENTED_EDGE('',*,*,#2704,.T.);
#3682=ORIENTED_EDGE('',*,*,#2702,.T.);
#3683=ORIENTED_EDGE('',*,*,#2700,.T.);
#3684=ORIENTED_EDGE('',*,*,#2698,.T.);
#3685=ORIENTED_EDGE('',*,*,#2696,.T.);
#3686=ORIENTED_EDGE('',*,*,#2694,.T.);
#3687=ORIENTED_EDGE('',*,*,#2726,.T.);
#3688=ORIENTED_EDGE('',*,*,#2691,.T.);
#3689=ORIENTED_EDGE('',*,*,#2689,.T.);
#3690=ORIENTED_EDGE('',*,*,#2687,.T.);
#3691=ORIENTED_EDGE('',*,*,#2727,.T.);
#3692=ORIENTED_EDGE('',*,*,#2684,.T.);
#3693=ORIENTED_EDGE('',*,*,#2682,.T.);
#3694=ORIENTED_EDGE('',*,*,#2680,.T.);
#3695=ORIENTED_EDGE('',*,*,#2678,.T.);
#3696=ORIENTED_EDGE('',*,*,#2676,.T.);
#3697=ORIENTED_EDGE('',*,*,#2572,.T.);
#3698=ORIENTED_EDGE('',*,*,#2675,.T.);
#3699=ORIENTED_EDGE('',*,*,#2673,.T.);
#3700=ORIENTED_EDGE('',*,*,#2671,.T.);
#3701=ORIENTED_EDGE('',*,*,#2669,.T.);
#3702=ORIENTED_EDGE('',*,*,#2569,.T.);
#3703=ORIENTED_EDGE('',*,*,#2668,.T.);
#3704=ORIENTED_EDGE('',*,*,#2666,.T.);
#3705=ORIENTED_EDGE('',*,*,#2664,.T.);
#3706=ORIENTED_EDGE('',*,*,#2662,.T.);
#3707=ORIENTED_EDGE('',*,*,#2728,.T.);
#3708=ORIENTED_EDGE('',*,*,#2659,.T.);
#3709=ORIENTED_EDGE('',*,*,#2657,.T.);
#3710=ORIENTED_EDGE('',*,*,#2575,.T.);
#3711=ORIENTED_EDGE('',*,*,#2656,.T.);
#3712=ORIENTED_EDGE('',*,*,#2729,.T.);
#3713=ORIENTED_EDGE('',*,*,#2653,.T.);
#3714=ORIENTED_EDGE('',*,*,#2730,.T.);
#3715=ORIENTED_EDGE('',*,*,#2650,.T.);
#3716=ORIENTED_EDGE('',*,*,#2578,.T.);
#3717=ORIENTED_EDGE('',*,*,#2649,.T.);
#3718=ORIENTED_EDGE('',*,*,#2731,.T.);
#3719=ORIENTED_EDGE('',*,*,#2645,.T.);
#3720=ORIENTED_EDGE('',*,*,#2732,.T.);
#3721=ORIENTED_EDGE('',*,*,#2643,.T.);
#3722=ORIENTED_EDGE('',*,*,#2581,.T.);
#3723=ORIENTED_EDGE('',*,*,#2642,.T.);
#3724=ORIENTED_EDGE('',*,*,#2733,.T.);
#3725=ORIENTED_EDGE('',*,*,#2639,.T.);
#3726=ORIENTED_EDGE('',*,*,#2734,.T.);
#3727=ORIENTED_EDGE('',*,*,#2735,.F.);
#3728=ORIENTED_EDGE('',*,*,#2587,.F.);
#3729=ORIENTED_EDGE('',*,*,#2736,.F.);
#3730=ORIENTED_EDGE('',*,*,#2737,.F.);
#3731=ORIENTED_EDGE('',*,*,#2738,.F.);
#3732=ORIENTED_EDGE('',*,*,#2739,.F.);
#3733=ORIENTED_EDGE('',*,*,#2740,.F.);
#3734=ORIENTED_EDGE('',*,*,#2741,.F.);
#3735=ORIENTED_EDGE('',*,*,#2742,.F.);
#3736=ORIENTED_EDGE('',*,*,#2743,.F.);
#3737=ORIENTED_EDGE('',*,*,#2744,.F.);
#3738=ORIENTED_EDGE('',*,*,#2745,.F.);
#3739=ORIENTED_EDGE('',*,*,#2746,.F.);
#3740=ORIENTED_EDGE('',*,*,#2747,.F.);
#3741=ORIENTED_EDGE('',*,*,#2748,.F.);
#3742=ORIENTED_EDGE('',*,*,#2749,.F.);
#3743=ORIENTED_EDGE('',*,*,#2747,.T.);
#3744=ORIENTED_EDGE('',*,*,#2750,.T.);
#3745=ORIENTED_EDGE('',*,*,#2751,.F.);
#3746=ORIENTED_EDGE('',*,*,#2752,.F.);
#3747=ORIENTED_EDGE('',*,*,#2744,.T.);
#3748=ORIENTED_EDGE('',*,*,#2749,.T.);
#3749=ORIENTED_EDGE('',*,*,#2753,.F.);
#3750=ORIENTED_EDGE('',*,*,#2754,.F.);
#3751=ORIENTED_EDGE('',*,*,#2745,.T.);
#3752=ORIENTED_EDGE('',*,*,#2752,.T.);
#3753=ORIENTED_EDGE('',*,*,#2755,.F.);
#3754=ORIENTED_EDGE('',*,*,#2750,.F.);
#3755=ORIENTED_EDGE('',*,*,#2746,.T.);
#3756=ORIENTED_EDGE('',*,*,#2754,.T.);
#3757=ORIENTED_EDGE('',*,*,#2756,.F.);
#3758=ORIENTED_EDGE('',*,*,#2757,.F.);
#3759=ORIENTED_EDGE('',*,*,#2743,.T.);
#3760=ORIENTED_EDGE('',*,*,#2758,.T.);
#3761=ORIENTED_EDGE('',*,*,#2759,.F.);
#3762=ORIENTED_EDGE('',*,*,#2760,.F.);
#3763=ORIENTED_EDGE('',*,*,#2738,.T.);
#3764=ORIENTED_EDGE('',*,*,#2757,.T.);
#3765=ORIENTED_EDGE('',*,*,#2761,.F.);
#3766=ORIENTED_EDGE('',*,*,#2762,.F.);
#3767=ORIENTED_EDGE('',*,*,#2739,.T.);
#3768=ORIENTED_EDGE('',*,*,#2760,.T.);
#3769=ORIENTED_EDGE('',*,*,#2763,.F.);
#3770=ORIENTED_EDGE('',*,*,#2764,.F.);
#3771=ORIENTED_EDGE('',*,*,#2740,.T.);
#3772=ORIENTED_EDGE('',*,*,#2762,.T.);
#3773=ORIENTED_EDGE('',*,*,#2765,.F.);
#3774=ORIENTED_EDGE('',*,*,#2766,.F.);
#3775=ORIENTED_EDGE('',*,*,#2741,.T.);
#3776=ORIENTED_EDGE('',*,*,#2764,.T.);
#3777=ORIENTED_EDGE('',*,*,#2767,.F.);
#3778=ORIENTED_EDGE('',*,*,#2758,.F.);
#3779=ORIENTED_EDGE('',*,*,#2742,.T.);
#3780=ORIENTED_EDGE('',*,*,#2766,.T.);
#3781=ORIENTED_EDGE('',*,*,#2768,.F.);
#3782=ORIENTED_EDGE('',*,*,#2769,.F.);
#3783=ORIENTED_EDGE('',*,*,#2737,.T.);
#3784=ORIENTED_EDGE('',*,*,#2770,.T.);
#3785=ORIENTED_EDGE('',*,*,#2771,.F.);
#3786=ORIENTED_EDGE('',*,*,#2588,.F.);
#3787=ORIENTED_EDGE('',*,*,#2735,.T.);
#3788=ORIENTED_EDGE('',*,*,#2769,.T.);
#3789=ORIENTED_EDGE('',*,*,#2772,.F.);
#3790=ORIENTED_EDGE('',*,*,#2770,.F.);
#3791=ORIENTED_EDGE('',*,*,#2736,.T.);
#3792=ORIENTED_EDGE('',*,*,#2590,.T.);
#3793=ORIENTED_EDGE('',*,*,#2759,.T.);
#3794=ORIENTED_EDGE('',*,*,#2756,.T.);
#3795=ORIENTED_EDGE('',*,*,#2767,.T.);
#3796=ORIENTED_EDGE('',*,*,#2765,.T.);
#3797=ORIENTED_EDGE('',*,*,#2763,.T.);
#3798=ORIENTED_EDGE('',*,*,#2761,.T.);
#3799=ORIENTED_EDGE('',*,*,#2751,.T.);
#3800=ORIENTED_EDGE('',*,*,#2748,.T.);
#3801=ORIENTED_EDGE('',*,*,#2755,.T.);
#3802=ORIENTED_EDGE('',*,*,#2753,.T.);
#3803=ORIENTED_EDGE('',*,*,#2526,.T.);
#3804=ORIENTED_EDGE('',*,*,#2773,.F.);
#3805=ORIENTED_EDGE('',*,*,#2774,.F.);
#3806=ORIENTED_EDGE('',*,*,#2775,.T.);
#3807=ORIENTED_EDGE('',*,*,#2527,.T.);
#3808=ORIENTED_EDGE('',*,*,#2775,.F.);
#3809=ORIENTED_EDGE('',*,*,#2776,.F.);
#3810=ORIENTED_EDGE('',*,*,#2777,.T.);
#3811=ORIENTED_EDGE('',*,*,#2528,.T.);
#3812=ORIENTED_EDGE('',*,*,#2777,.F.);
#3813=ORIENTED_EDGE('',*,*,#2778,.F.);
#3814=ORIENTED_EDGE('',*,*,#2779,.T.);
#3815=ORIENTED_EDGE('',*,*,#2529,.T.);
#3816=ORIENTED_EDGE('',*,*,#2779,.F.);
#3817=ORIENTED_EDGE('',*,*,#2780,.F.);
#3818=ORIENTED_EDGE('',*,*,#2781,.T.);
#3819=ORIENTED_EDGE('',*,*,#2530,.T.);
#3820=ORIENTED_EDGE('',*,*,#2781,.F.);
#3821=ORIENTED_EDGE('',*,*,#2782,.F.);
#3822=ORIENTED_EDGE('',*,*,#2783,.T.);
#3823=ORIENTED_EDGE('',*,*,#2531,.T.);
#3824=ORIENTED_EDGE('',*,*,#2783,.F.);
#3825=ORIENTED_EDGE('',*,*,#2784,.F.);
#3826=ORIENTED_EDGE('',*,*,#2785,.T.);
#3827=ORIENTED_EDGE('',*,*,#2532,.T.);
#3828=ORIENTED_EDGE('',*,*,#2785,.F.);
#3829=ORIENTED_EDGE('',*,*,#2786,.F.);
#3830=ORIENTED_EDGE('',*,*,#2787,.T.);
#3831=ORIENTED_EDGE('',*,*,#2533,.T.);
#3832=ORIENTED_EDGE('',*,*,#2787,.F.);
#3833=ORIENTED_EDGE('',*,*,#2788,.F.);
#3834=ORIENTED_EDGE('',*,*,#2789,.T.);
#3835=ORIENTED_EDGE('',*,*,#2534,.T.);
#3836=ORIENTED_EDGE('',*,*,#2789,.F.);
#3837=ORIENTED_EDGE('',*,*,#2790,.F.);
#3838=ORIENTED_EDGE('',*,*,#2791,.T.);
#3839=ORIENTED_EDGE('',*,*,#2535,.T.);
#3840=ORIENTED_EDGE('',*,*,#2791,.F.);
#3841=ORIENTED_EDGE('',*,*,#2792,.F.);
#3842=ORIENTED_EDGE('',*,*,#2793,.T.);
#3843=ORIENTED_EDGE('',*,*,#2536,.T.);
#3844=ORIENTED_EDGE('',*,*,#2793,.F.);
#3845=ORIENTED_EDGE('',*,*,#2794,.F.);
#3846=ORIENTED_EDGE('',*,*,#2795,.T.);
#3847=ORIENTED_EDGE('',*,*,#2537,.T.);
#3848=ORIENTED_EDGE('',*,*,#2795,.F.);
#3849=ORIENTED_EDGE('',*,*,#2796,.F.);
#3850=ORIENTED_EDGE('',*,*,#2797,.T.);
#3851=ORIENTED_EDGE('',*,*,#2538,.T.);
#3852=ORIENTED_EDGE('',*,*,#2797,.F.);
#3853=ORIENTED_EDGE('',*,*,#2798,.F.);
#3854=ORIENTED_EDGE('',*,*,#2799,.T.);
#3855=ORIENTED_EDGE('',*,*,#2539,.T.);
#3856=ORIENTED_EDGE('',*,*,#2799,.F.);
#3857=ORIENTED_EDGE('',*,*,#2800,.F.);
#3858=ORIENTED_EDGE('',*,*,#2801,.T.);
#3859=ORIENTED_EDGE('',*,*,#2540,.T.);
#3860=ORIENTED_EDGE('',*,*,#2801,.F.);
#3861=ORIENTED_EDGE('',*,*,#2802,.F.);
#3862=ORIENTED_EDGE('',*,*,#2803,.T.);
#3863=ORIENTED_EDGE('',*,*,#2541,.T.);
#3864=ORIENTED_EDGE('',*,*,#2803,.F.);
#3865=ORIENTED_EDGE('',*,*,#2804,.F.);
#3866=ORIENTED_EDGE('',*,*,#2805,.T.);
#3867=ORIENTED_EDGE('',*,*,#2542,.T.);
#3868=ORIENTED_EDGE('',*,*,#2805,.F.);
#3869=ORIENTED_EDGE('',*,*,#2806,.F.);
#3870=ORIENTED_EDGE('',*,*,#2807,.T.);
#3871=ORIENTED_EDGE('',*,*,#2543,.T.);
#3872=ORIENTED_EDGE('',*,*,#2807,.F.);
#3873=ORIENTED_EDGE('',*,*,#2808,.F.);
#3874=ORIENTED_EDGE('',*,*,#2773,.T.);
#3875=ORIENTED_EDGE('',*,*,#2774,.T.);
#3876=ORIENTED_EDGE('',*,*,#2808,.T.);
#3877=ORIENTED_EDGE('',*,*,#2806,.T.);
#3878=ORIENTED_EDGE('',*,*,#2804,.T.);
#3879=ORIENTED_EDGE('',*,*,#2802,.T.);
#3880=ORIENTED_EDGE('',*,*,#2800,.T.);
#3881=ORIENTED_EDGE('',*,*,#2798,.T.);
#3882=ORIENTED_EDGE('',*,*,#2796,.T.);
#3883=ORIENTED_EDGE('',*,*,#2794,.T.);
#3884=ORIENTED_EDGE('',*,*,#2792,.T.);
#3885=ORIENTED_EDGE('',*,*,#2790,.T.);
#3886=ORIENTED_EDGE('',*,*,#2788,.T.);
#3887=ORIENTED_EDGE('',*,*,#2786,.T.);
#3888=ORIENTED_EDGE('',*,*,#2784,.T.);
#3889=ORIENTED_EDGE('',*,*,#2782,.T.);
#3890=ORIENTED_EDGE('',*,*,#2780,.T.);
#3891=ORIENTED_EDGE('',*,*,#2778,.T.);
#3892=ORIENTED_EDGE('',*,*,#2776,.T.);
#3893=ORIENTED_EDGE('',*,*,#2544,.T.);
#3894=ORIENTED_EDGE('',*,*,#2809,.F.);
#3895=ORIENTED_EDGE('',*,*,#2810,.F.);
#3896=ORIENTED_EDGE('',*,*,#2811,.T.);
#3897=ORIENTED_EDGE('',*,*,#2545,.T.);
#3898=ORIENTED_EDGE('',*,*,#2811,.F.);
#3899=ORIENTED_EDGE('',*,*,#2812,.F.);
#3900=ORIENTED_EDGE('',*,*,#2813,.T.);
#3901=ORIENTED_EDGE('',*,*,#2546,.T.);
#3902=ORIENTED_EDGE('',*,*,#2813,.F.);
#3903=ORIENTED_EDGE('',*,*,#2814,.F.);
#3904=ORIENTED_EDGE('',*,*,#2815,.T.);
#3905=ORIENTED_EDGE('',*,*,#2547,.T.);
#3906=ORIENTED_EDGE('',*,*,#2815,.F.);
#3907=ORIENTED_EDGE('',*,*,#2816,.F.);
#3908=ORIENTED_EDGE('',*,*,#2817,.T.);
#3909=ORIENTED_EDGE('',*,*,#2548,.T.);
#3910=ORIENTED_EDGE('',*,*,#2817,.F.);
#3911=ORIENTED_EDGE('',*,*,#2818,.F.);
#3912=ORIENTED_EDGE('',*,*,#2819,.T.);
#3913=ORIENTED_EDGE('',*,*,#2549,.T.);
#3914=ORIENTED_EDGE('',*,*,#2819,.F.);
#3915=ORIENTED_EDGE('',*,*,#2820,.F.);
#3916=ORIENTED_EDGE('',*,*,#2821,.T.);
#3917=ORIENTED_EDGE('',*,*,#2550,.T.);
#3918=ORIENTED_EDGE('',*,*,#2821,.F.);
#3919=ORIENTED_EDGE('',*,*,#2822,.F.);
#3920=ORIENTED_EDGE('',*,*,#2823,.T.);
#3921=ORIENTED_EDGE('',*,*,#2551,.T.);
#3922=ORIENTED_EDGE('',*,*,#2823,.F.);
#3923=ORIENTED_EDGE('',*,*,#2824,.F.);
#3924=ORIENTED_EDGE('',*,*,#2825,.T.);
#3925=ORIENTED_EDGE('',*,*,#2552,.T.);
#3926=ORIENTED_EDGE('',*,*,#2825,.F.);
#3927=ORIENTED_EDGE('',*,*,#2826,.F.);
#3928=ORIENTED_EDGE('',*,*,#2827,.T.);
#3929=ORIENTED_EDGE('',*,*,#2553,.T.);
#3930=ORIENTED_EDGE('',*,*,#2827,.F.);
#3931=ORIENTED_EDGE('',*,*,#2828,.F.);
#3932=ORIENTED_EDGE('',*,*,#2829,.T.);
#3933=ORIENTED_EDGE('',*,*,#2554,.T.);
#3934=ORIENTED_EDGE('',*,*,#2829,.F.);
#3935=ORIENTED_EDGE('',*,*,#2830,.F.);
#3936=ORIENTED_EDGE('',*,*,#2831,.T.);
#3937=ORIENTED_EDGE('',*,*,#2555,.T.);
#3938=ORIENTED_EDGE('',*,*,#2831,.F.);
#3939=ORIENTED_EDGE('',*,*,#2832,.F.);
#3940=ORIENTED_EDGE('',*,*,#2809,.T.);
#3941=ORIENTED_EDGE('',*,*,#2810,.T.);
#3942=ORIENTED_EDGE('',*,*,#2832,.T.);
#3943=ORIENTED_EDGE('',*,*,#2830,.T.);
#3944=ORIENTED_EDGE('',*,*,#2828,.T.);
#3945=ORIENTED_EDGE('',*,*,#2826,.T.);
#3946=ORIENTED_EDGE('',*,*,#2824,.T.);
#3947=ORIENTED_EDGE('',*,*,#2822,.T.);
#3948=ORIENTED_EDGE('',*,*,#2820,.T.);
#3949=ORIENTED_EDGE('',*,*,#2818,.T.);
#3950=ORIENTED_EDGE('',*,*,#2816,.T.);
#3951=ORIENTED_EDGE('',*,*,#2814,.T.);
#3952=ORIENTED_EDGE('',*,*,#2812,.T.);
#3953=ORIENTED_EDGE('',*,*,#2556,.T.);
#3954=ORIENTED_EDGE('',*,*,#2833,.F.);
#3955=ORIENTED_EDGE('',*,*,#2834,.F.);
#3956=ORIENTED_EDGE('',*,*,#2835,.T.);
#3957=ORIENTED_EDGE('',*,*,#2557,.T.);
#3958=ORIENTED_EDGE('',*,*,#2835,.F.);
#3959=ORIENTED_EDGE('',*,*,#2836,.F.);
#3960=ORIENTED_EDGE('',*,*,#2837,.T.);
#3961=ORIENTED_EDGE('',*,*,#2558,.T.);
#3962=ORIENTED_EDGE('',*,*,#2837,.F.);
#3963=ORIENTED_EDGE('',*,*,#2838,.F.);
#3964=ORIENTED_EDGE('',*,*,#2839,.T.);
#3965=ORIENTED_EDGE('',*,*,#2559,.T.);
#3966=ORIENTED_EDGE('',*,*,#2839,.F.);
#3967=ORIENTED_EDGE('',*,*,#2840,.F.);
#3968=ORIENTED_EDGE('',*,*,#2833,.T.);
#3969=ORIENTED_EDGE('',*,*,#2834,.T.);
#3970=ORIENTED_EDGE('',*,*,#2840,.T.);
#3971=ORIENTED_EDGE('',*,*,#2838,.T.);
#3972=ORIENTED_EDGE('',*,*,#2836,.T.);
#3973=ORIENTED_EDGE('',*,*,#2560,.T.);
#3974=ORIENTED_EDGE('',*,*,#2841,.F.);
#3975=ORIENTED_EDGE('',*,*,#2842,.F.);
#3976=ORIENTED_EDGE('',*,*,#2843,.T.);
#3977=ORIENTED_EDGE('',*,*,#2561,.T.);
#3978=ORIENTED_EDGE('',*,*,#2843,.F.);
#3979=ORIENTED_EDGE('',*,*,#2844,.F.);
#3980=ORIENTED_EDGE('',*,*,#2845,.T.);
#3981=ORIENTED_EDGE('',*,*,#2562,.T.);
#3982=ORIENTED_EDGE('',*,*,#2845,.F.);
#3983=ORIENTED_EDGE('',*,*,#2846,.F.);
#3984=ORIENTED_EDGE('',*,*,#2847,.T.);
#3985=ORIENTED_EDGE('',*,*,#2563,.T.);
#3986=ORIENTED_EDGE('',*,*,#2847,.F.);
#3987=ORIENTED_EDGE('',*,*,#2848,.F.);
#3988=ORIENTED_EDGE('',*,*,#2849,.T.);
#3989=ORIENTED_EDGE('',*,*,#2564,.T.);
#3990=ORIENTED_EDGE('',*,*,#2849,.F.);
#3991=ORIENTED_EDGE('',*,*,#2850,.F.);
#3992=ORIENTED_EDGE('',*,*,#2851,.T.);
#3993=ORIENTED_EDGE('',*,*,#2565,.T.);
#3994=ORIENTED_EDGE('',*,*,#2851,.F.);
#3995=ORIENTED_EDGE('',*,*,#2852,.F.);
#3996=ORIENTED_EDGE('',*,*,#2841,.T.);
#3997=ORIENTED_EDGE('',*,*,#2842,.T.);
#3998=ORIENTED_EDGE('',*,*,#2852,.T.);
#3999=ORIENTED_EDGE('',*,*,#2850,.T.);
#4000=ORIENTED_EDGE('',*,*,#2848,.T.);
#4001=ORIENTED_EDGE('',*,*,#2846,.T.);
#4002=ORIENTED_EDGE('',*,*,#2844,.T.);
#4003=ORIENTED_EDGE('',*,*,#2771,.T.);
#4004=ORIENTED_EDGE('',*,*,#2768,.T.);
#4005=ORIENTED_EDGE('',*,*,#2772,.T.);
#4006=ORIENTED_EDGE('',*,*,#2589,.T.);
#4007=ORIENTED_EDGE('',*,*,#2726,.F.);
#4008=ORIENTED_EDGE('',*,*,#2693,.F.);
#4009=ORIENTED_EDGE('',*,*,#2465,.F.);
#4010=ORIENTED_EDGE('',*,*,#2692,.F.);
#4011=ORIENTED_EDGE('',*,*,#2725,.F.);
#4012=ORIENTED_EDGE('',*,*,#2712,.F.);
#4013=ORIENTED_EDGE('',*,*,#2475,.F.);
#4014=ORIENTED_EDGE('',*,*,#2711,.F.);
#4015=ORIENTED_EDGE('',*,*,#2727,.F.);
#4016=ORIENTED_EDGE('',*,*,#2686,.F.);
#4017=ORIENTED_EDGE('',*,*,#2523,.F.);
#4018=ORIENTED_EDGE('',*,*,#2685,.F.);
#4019=ORIENTED_EDGE('',*,*,#2724,.F.);
#4020=ORIENTED_EDGE('',*,*,#2629,.F.);
#4021=ORIENTED_EDGE('',*,*,#2481,.F.);
#4022=ORIENTED_EDGE('',*,*,#2722,.F.);
#4023=ORIENTED_EDGE('',*,*,#2723,.F.);
#4024=ORIENTED_EDGE('',*,*,#2634,.F.);
#4025=ORIENTED_EDGE('',*,*,#2484,.F.);
#4026=ORIENTED_EDGE('',*,*,#2633,.F.);
#4027=ORIENTED_EDGE('',*,*,#2734,.F.);
#4028=ORIENTED_EDGE('',*,*,#2638,.F.);
#4029=ORIENTED_EDGE('',*,*,#2488,.F.);
#4030=ORIENTED_EDGE('',*,*,#2637,.F.);
#4031=ORIENTED_EDGE('',*,*,#2733,.F.);
#4032=ORIENTED_EDGE('',*,*,#2641,.F.);
#4033=ORIENTED_EDGE('',*,*,#2490,.F.);
#4034=ORIENTED_EDGE('',*,*,#2640,.F.);
#4035=ORIENTED_EDGE('',*,*,#2731,.F.);
#4036=ORIENTED_EDGE('',*,*,#2648,.F.);
#4037=ORIENTED_EDGE('',*,*,#2496,.F.);
#4038=ORIENTED_EDGE('',*,*,#2646,.F.);
#4039=ORIENTED_EDGE('',*,*,#2732,.F.);
#4040=ORIENTED_EDGE('',*,*,#2647,.F.);
#4041=ORIENTED_EDGE('',*,*,#2494,.F.);
#4042=ORIENTED_EDGE('',*,*,#2644,.F.);
#4043=ORIENTED_EDGE('',*,*,#2728,.F.);
#4044=ORIENTED_EDGE('',*,*,#2661,.F.);
#4045=ORIENTED_EDGE('',*,*,#2507,.F.);
#4046=ORIENTED_EDGE('',*,*,#2660,.F.);
#4047=ORIENTED_EDGE('',*,*,#2730,.F.);
#4048=ORIENTED_EDGE('',*,*,#2652,.F.);
#4049=ORIENTED_EDGE('',*,*,#2500,.F.);
#4050=ORIENTED_EDGE('',*,*,#2651,.F.);
#4051=ORIENTED_EDGE('',*,*,#2729,.F.);
#4052=ORIENTED_EDGE('',*,*,#2655,.F.);
#4053=ORIENTED_EDGE('',*,*,#2502,.F.);
#4054=ORIENTED_EDGE('',*,*,#2654,.F.);
#4055=ORIENTED_EDGE('',*,*,#2853,.T.);
#4056=ORIENTED_EDGE('',*,*,#2854,.T.);
#4057=ORIENTED_EDGE('',*,*,#2855,.T.);
#4058=ORIENTED_EDGE('',*,*,#2412,.T.);
#4059=ORIENTED_EDGE('',*,*,#2855,.F.);
#4060=ORIENTED_EDGE('',*,*,#2856,.F.);
#4061=ORIENTED_EDGE('',*,*,#2853,.F.);
#4062=ORIENTED_EDGE('',*,*,#2413,.T.);
#4063=ORIENTED_EDGE('',*,*,#2854,.F.);
#4064=ORIENTED_EDGE('',*,*,#2856,.T.);
#4065=ORIENTED_EDGE('',*,*,#2857,.T.);
#4066=ORIENTED_EDGE('',*,*,#2858,.F.);
#4067=ORIENTED_EDGE('',*,*,#2859,.F.);
#4068=ORIENTED_EDGE('',*,*,#2415,.T.);
#4069=ORIENTED_EDGE('',*,*,#2860,.T.);
#4070=ORIENTED_EDGE('',*,*,#2861,.F.);
#4071=ORIENTED_EDGE('',*,*,#2857,.F.);
#4072=ORIENTED_EDGE('',*,*,#2591,.T.);
#4073=ORIENTED_EDGE('',*,*,#2862,.T.);
#4074=ORIENTED_EDGE('',*,*,#2863,.F.);
#4075=ORIENTED_EDGE('',*,*,#2860,.F.);
#4076=ORIENTED_EDGE('',*,*,#2434,.T.);
#4077=ORIENTED_EDGE('',*,*,#2864,.T.);
#4078=ORIENTED_EDGE('',*,*,#2865,.F.);
#4079=ORIENTED_EDGE('',*,*,#2862,.F.);
#4080=ORIENTED_EDGE('',*,*,#2437,.T.);
#4081=ORIENTED_EDGE('',*,*,#2866,.F.);
#4082=ORIENTED_EDGE('',*,*,#2867,.F.);
#4083=ORIENTED_EDGE('',*,*,#2354,.T.);
#4084=ORIENTED_EDGE('',*,*,#2424,.T.);
#4085=ORIENTED_EDGE('',*,*,#2868,.T.);
#4086=ORIENTED_EDGE('',*,*,#2869,.T.);
#4087=ORIENTED_EDGE('',*,*,#2866,.T.);
#4088=ORIENTED_EDGE('',*,*,#2426,.T.);
#4089=ORIENTED_EDGE('',*,*,#2870,.F.);
#4090=ORIENTED_EDGE('',*,*,#2871,.F.);
#4091=ORIENTED_EDGE('',*,*,#2872,.T.);
#4092=ORIENTED_EDGE('',*,*,#2427,.T.);
#4093=ORIENTED_EDGE('',*,*,#2873,.T.);
#4094=ORIENTED_EDGE('',*,*,#2874,.T.);
#4095=ORIENTED_EDGE('',*,*,#2870,.T.);
#4096=ORIENTED_EDGE('',*,*,#2430,.T.);
#4097=ORIENTED_EDGE('',*,*,#2875,.T.);
#4098=ORIENTED_EDGE('',*,*,#2399,.T.);
#4099=ORIENTED_EDGE('',*,*,#2876,.T.);
#4100=ORIENTED_EDGE('',*,*,#2288,.T.);
#4101=ORIENTED_EDGE('',*,*,#2876,.F.);
#4102=ORIENTED_EDGE('',*,*,#2398,.T.);
#4103=ORIENTED_EDGE('',*,*,#2877,.F.);
#4104=ORIENTED_EDGE('',*,*,#2878,.F.);
#4105=ORIENTED_EDGE('',*,*,#2879,.F.);
#4106=ORIENTED_EDGE('',*,*,#2880,.F.);
#4107=ORIENTED_EDGE('',*,*,#2877,.T.);
#4108=ORIENTED_EDGE('',*,*,#2397,.T.);
#4109=ORIENTED_EDGE('',*,*,#2881,.F.);
#4110=ORIENTED_EDGE('',*,*,#2882,.T.);
#4111=ORIENTED_EDGE('',*,*,#2879,.T.);
#4112=ORIENTED_EDGE('',*,*,#2396,.T.);
#4113=ORIENTED_EDGE('',*,*,#2883,.F.);
#4114=ORIENTED_EDGE('',*,*,#2884,.F.);
#4115=ORIENTED_EDGE('',*,*,#2881,.T.);
#4116=ORIENTED_EDGE('',*,*,#2395,.T.);
#4117=ORIENTED_EDGE('',*,*,#2883,.T.);
#4118=ORIENTED_EDGE('',*,*,#2394,.T.);
#4119=ORIENTED_EDGE('',*,*,#2885,.T.);
#4120=ORIENTED_EDGE('',*,*,#2290,.T.);
#4121=ORIENTED_EDGE('',*,*,#2885,.F.);
#4122=ORIENTED_EDGE('',*,*,#2393,.T.);
#4123=ORIENTED_EDGE('',*,*,#2886,.F.);
#4124=ORIENTED_EDGE('',*,*,#2887,.F.);
#4125=ORIENTED_EDGE('',*,*,#2888,.F.);
#4126=ORIENTED_EDGE('',*,*,#2889,.F.);
#4127=ORIENTED_EDGE('',*,*,#2886,.T.);
#4128=ORIENTED_EDGE('',*,*,#2392,.T.);
#4129=ORIENTED_EDGE('',*,*,#2890,.T.);
#4130=ORIENTED_EDGE('',*,*,#2891,.T.);
#4131=ORIENTED_EDGE('',*,*,#2888,.T.);
#4132=ORIENTED_EDGE('',*,*,#2391,.T.);
#4133=ORIENTED_EDGE('',*,*,#2892,.F.);
#4134=ORIENTED_EDGE('',*,*,#2893,.T.);
#4135=ORIENTED_EDGE('',*,*,#2890,.F.);
#4136=ORIENTED_EDGE('',*,*,#2390,.T.);
#4137=ORIENTED_EDGE('',*,*,#2358,.F.);
#4138=ORIENTED_EDGE('',*,*,#2894,.F.);
#4139=ORIENTED_EDGE('',*,*,#2892,.T.);
#4140=ORIENTED_EDGE('',*,*,#2409,.T.);
#4141=ORIENTED_EDGE('',*,*,#2895,.T.);
#4142=ORIENTED_EDGE('',*,*,#2896,.F.);
#4143=ORIENTED_EDGE('',*,*,#2864,.F.);
#4144=ORIENTED_EDGE('',*,*,#2440,.T.);
#4145=ORIENTED_EDGE('',*,*,#2897,.T.);
#4146=ORIENTED_EDGE('',*,*,#2898,.F.);
#4147=ORIENTED_EDGE('',*,*,#2895,.F.);
#4148=ORIENTED_EDGE('',*,*,#2442,.T.);
#4149=ORIENTED_EDGE('',*,*,#2352,.F.);
#4150=ORIENTED_EDGE('',*,*,#2899,.F.);
#4151=ORIENTED_EDGE('',*,*,#2868,.F.);
#4152=ORIENTED_EDGE('',*,*,#2425,.T.);
#4153=ORIENTED_EDGE('',*,*,#2900,.F.);
#4154=ORIENTED_EDGE('',*,*,#2901,.F.);
#4155=ORIENTED_EDGE('',*,*,#2873,.F.);
#4156=ORIENTED_EDGE('',*,*,#2429,.T.);
#4157=ORIENTED_EDGE('',*,*,#2900,.T.);
#4158=ORIENTED_EDGE('',*,*,#2428,.T.);
#4159=ORIENTED_EDGE('',*,*,#2872,.F.);
#4160=ORIENTED_EDGE('',*,*,#2902,.F.);
#4161=ORIENTED_EDGE('',*,*,#2903,.T.);
#4162=ORIENTED_EDGE('',*,*,#2405,.T.);
#4163=ORIENTED_EDGE('',*,*,#2904,.T.);
#4164=ORIENTED_EDGE('',*,*,#2292,.T.);
#4165=ORIENTED_EDGE('',*,*,#2904,.F.);
#4166=ORIENTED_EDGE('',*,*,#2404,.T.);
#4167=ORIENTED_EDGE('',*,*,#2905,.F.);
#4168=ORIENTED_EDGE('',*,*,#2906,.F.);
#4169=ORIENTED_EDGE('',*,*,#2903,.F.);
#4170=ORIENTED_EDGE('',*,*,#2907,.F.);
#4171=ORIENTED_EDGE('',*,*,#2908,.T.);
#4172=ORIENTED_EDGE('',*,*,#2406,.T.);
#4173=ORIENTED_EDGE('',*,*,#2909,.F.);
#4174=ORIENTED_EDGE('',*,*,#2910,.F.);
#4175=ORIENTED_EDGE('',*,*,#2905,.T.);
#4176=ORIENTED_EDGE('',*,*,#2403,.T.);
#4177=ORIENTED_EDGE('',*,*,#2911,.T.);
#4178=ORIENTED_EDGE('',*,*,#2912,.T.);
#4179=ORIENTED_EDGE('',*,*,#2909,.T.);
#4180=ORIENTED_EDGE('',*,*,#2402,.T.);
#4181=ORIENTED_EDGE('',*,*,#2913,.T.);
#4182=ORIENTED_EDGE('',*,*,#2914,.T.);
#4183=ORIENTED_EDGE('',*,*,#2911,.F.);
#4184=ORIENTED_EDGE('',*,*,#2401,.T.);
#4185=ORIENTED_EDGE('',*,*,#2875,.F.);
#4186=ORIENTED_EDGE('',*,*,#2915,.F.);
#4187=ORIENTED_EDGE('',*,*,#2913,.F.);
#4188=ORIENTED_EDGE('',*,*,#2400,.T.);
#4189=ORIENTED_EDGE('',*,*,#2916,.T.);
#4190=ORIENTED_EDGE('',*,*,#2917,.F.);
#4191=ORIENTED_EDGE('',*,*,#2897,.F.);
#4192=ORIENTED_EDGE('',*,*,#2421,.T.);
#4193=ORIENTED_EDGE('',*,*,#2859,.T.);
#4194=ORIENTED_EDGE('',*,*,#2918,.F.);
#4195=ORIENTED_EDGE('',*,*,#2916,.F.);
#4196=ORIENTED_EDGE('',*,*,#2418,.T.);
#4197=ORIENTED_EDGE('',*,*,#2908,.F.);
#4198=ORIENTED_EDGE('',*,*,#2919,.T.);
#4199=ORIENTED_EDGE('',*,*,#2920,.T.);
#4200=ORIENTED_EDGE('',*,*,#2407,.T.);
#4201=ORIENTED_EDGE('',*,*,#2920,.F.);
#4202=ORIENTED_EDGE('',*,*,#2921,.F.);
#4203=ORIENTED_EDGE('',*,*,#2360,.T.);
#4204=ORIENTED_EDGE('',*,*,#2408,.T.);
#4205=ORIENTED_EDGE('',*,*,#2922,.F.);
#4206=ORIENTED_EDGE('',*,*,#2923,.T.);
#4207=ORIENTED_EDGE('',*,*,#2924,.T.);
#4208=ORIENTED_EDGE('',*,*,#2925,.F.);
#4209=ORIENTED_EDGE('',*,*,#2898,.T.);
#4210=ORIENTED_EDGE('',*,*,#2917,.T.);
#4211=ORIENTED_EDGE('',*,*,#2918,.T.);
#4212=ORIENTED_EDGE('',*,*,#2858,.T.);
#4213=ORIENTED_EDGE('',*,*,#2861,.T.);
#4214=ORIENTED_EDGE('',*,*,#2863,.T.);
#4215=ORIENTED_EDGE('',*,*,#2865,.T.);
#4216=ORIENTED_EDGE('',*,*,#2896,.T.);
#4217=ORIENTED_EDGE('',*,*,#2926,.F.);
#4218=ORIENTED_EDGE('',*,*,#2927,.F.);
#4219=ORIENTED_EDGE('',*,*,#2928,.F.);
#4220=ORIENTED_EDGE('',*,*,#2929,.F.);
#4221=ORIENTED_EDGE('',*,*,#2924,.F.);
#4222=ORIENTED_EDGE('',*,*,#2930,.F.);
#4223=ORIENTED_EDGE('',*,*,#2931,.F.);
#4224=ORIENTED_EDGE('',*,*,#2932,.F.);
#4225=ORIENTED_EDGE('',*,*,#2926,.T.);
#4226=ORIENTED_EDGE('',*,*,#2933,.F.);
#4227=ORIENTED_EDGE('',*,*,#2934,.F.);
#4228=ORIENTED_EDGE('',*,*,#2935,.T.);
#4229=ORIENTED_EDGE('',*,*,#2927,.T.);
#4230=ORIENTED_EDGE('',*,*,#2935,.F.);
#4231=ORIENTED_EDGE('',*,*,#2936,.F.);
#4232=ORIENTED_EDGE('',*,*,#2937,.T.);
#4233=ORIENTED_EDGE('',*,*,#2928,.T.);
#4234=ORIENTED_EDGE('',*,*,#2937,.F.);
#4235=ORIENTED_EDGE('',*,*,#2938,.F.);
#4236=ORIENTED_EDGE('',*,*,#2939,.T.);
#4237=ORIENTED_EDGE('',*,*,#2929,.T.);
#4238=ORIENTED_EDGE('',*,*,#2939,.F.);
#4239=ORIENTED_EDGE('',*,*,#2940,.F.);
#4240=ORIENTED_EDGE('',*,*,#2925,.T.);
#4241=ORIENTED_EDGE('',*,*,#2931,.T.);
#4242=ORIENTED_EDGE('',*,*,#2941,.F.);
#4243=ORIENTED_EDGE('',*,*,#2942,.F.);
#4244=ORIENTED_EDGE('',*,*,#2943,.T.);
#4245=ORIENTED_EDGE('',*,*,#2932,.T.);
#4246=ORIENTED_EDGE('',*,*,#2943,.F.);
#4247=ORIENTED_EDGE('',*,*,#2944,.F.);
#4248=ORIENTED_EDGE('',*,*,#2933,.T.);
#4249=ORIENTED_EDGE('',*,*,#2930,.T.);
#4250=ORIENTED_EDGE('',*,*,#2923,.F.);
#4251=ORIENTED_EDGE('',*,*,#2945,.F.);
#4252=ORIENTED_EDGE('',*,*,#2941,.T.);
#4253=ORIENTED_EDGE('',*,*,#2946,.T.);
#4254=ORIENTED_EDGE('',*,*,#2947,.T.);
#4255=ORIENTED_EDGE('',*,*,#2948,.T.);
#4256=ORIENTED_EDGE('',*,*,#2411,.T.);
#4257=ORIENTED_EDGE('',*,*,#2948,.F.);
#4258=ORIENTED_EDGE('',*,*,#2949,.F.);
#4259=ORIENTED_EDGE('',*,*,#2946,.F.);
#4260=ORIENTED_EDGE('',*,*,#2410,.T.);
#4261=ORIENTED_EDGE('',*,*,#2947,.F.);
#4262=ORIENTED_EDGE('',*,*,#2949,.T.);
#4263=ORIENTED_EDGE('',*,*,#2934,.T.);
#4264=ORIENTED_EDGE('',*,*,#2944,.T.);
#4265=ORIENTED_EDGE('',*,*,#2942,.T.);
#4266=ORIENTED_EDGE('',*,*,#2945,.T.);
#4267=ORIENTED_EDGE('',*,*,#2922,.T.);
#4268=ORIENTED_EDGE('',*,*,#2940,.T.);
#4269=ORIENTED_EDGE('',*,*,#2938,.T.);
#4270=ORIENTED_EDGE('',*,*,#2936,.T.);
#4271=ORIENTED_EDGE('',*,*,#2878,.T.);
#4272=ORIENTED_EDGE('',*,*,#2880,.T.);
#4273=ORIENTED_EDGE('',*,*,#2882,.F.);
#4274=ORIENTED_EDGE('',*,*,#2884,.T.);
#4275=ORIENTED_EDGE('',*,*,#2887,.T.);
#4276=ORIENTED_EDGE('',*,*,#2889,.T.);
#4277=ORIENTED_EDGE('',*,*,#2891,.F.);
#4278=ORIENTED_EDGE('',*,*,#2893,.F.);
#4279=ORIENTED_EDGE('',*,*,#2894,.T.);
#4280=ORIENTED_EDGE('',*,*,#2357,.T.);
#4281=ORIENTED_EDGE('',*,*,#2355,.T.);
#4282=ORIENTED_EDGE('',*,*,#2867,.T.);
#4283=ORIENTED_EDGE('',*,*,#2869,.F.);
#4284=ORIENTED_EDGE('',*,*,#2899,.T.);
#4285=ORIENTED_EDGE('',*,*,#2361,.T.);
#4286=ORIENTED_EDGE('',*,*,#2921,.T.);
#4287=ORIENTED_EDGE('',*,*,#2919,.F.);
#4288=ORIENTED_EDGE('',*,*,#2907,.T.);
#4289=ORIENTED_EDGE('',*,*,#2902,.T.);
#4290=ORIENTED_EDGE('',*,*,#2871,.T.);
#4291=ORIENTED_EDGE('',*,*,#2874,.F.);
#4292=ORIENTED_EDGE('',*,*,#2901,.T.);
#4293=ORIENTED_EDGE('',*,*,#2906,.T.);
#4294=ORIENTED_EDGE('',*,*,#2910,.T.);
#4295=ORIENTED_EDGE('',*,*,#2912,.F.);
#4296=ORIENTED_EDGE('',*,*,#2914,.F.);
#4297=ORIENTED_EDGE('',*,*,#2915,.T.);
#4298=PLANE('',#4721);
#4299=PLANE('',#4722);
#4300=PLANE('',#4723);
#4301=PLANE('',#4724);
#4302=PLANE('',#4725);
#4303=PLANE('',#4728);
#4304=PLANE('',#4731);
#4305=PLANE('',#4734);
#4306=PLANE('',#4737);
#4307=PLANE('',#4747);
#4308=PLANE('',#4748);
#4309=PLANE('',#4750);
#4310=PLANE('',#4753);
#4311=PLANE('',#4763);
#4312=PLANE('',#4767);
#4313=PLANE('',#4768);
#4314=PLANE('',#4769);
#4315=PLANE('',#4779);
#4316=PLANE('',#4780);
#4317=PLANE('',#4782);
#4318=PLANE('',#4785);
#4319=PLANE('',#4795);
#4320=PLANE('',#4799);
#4321=PLANE('',#4800);
#4322=PLANE('',#4832);
#4323=PLANE('',#4846);
#4324=PLANE('',#4850);
#4325=PLANE('',#4852);
#4326=PLANE('',#4858);
#4327=PLANE('',#4862);
#4328=PLANE('',#4863);
#4329=PLANE('',#4925);
#4330=PLANE('',#4926);
#4331=PLANE('',#4927);
#4332=PLANE('',#4928);
#4333=PLANE('',#4929);
#4334=PLANE('',#4930);
#4335=PLANE('',#4931);
#4336=PLANE('',#4932);
#4337=PLANE('',#4933);
#4338=PLANE('',#4934);
#4339=PLANE('',#4935);
#4340=PLANE('',#4936);
#4341=PLANE('',#4937);
#4342=PLANE('',#4938);
#4343=PLANE('',#4939);
#4344=PLANE('',#4940);
#4345=PLANE('',#4947);
#4346=PLANE('',#4950);
#4347=PLANE('',#4955);
#4348=PLANE('',#4960);
#4349=PLANE('',#4965);
#4350=PLANE('',#4970);
#4351=PLANE('',#4971);
#4352=PLANE('',#4972);
#4353=PLANE('',#4989);
#4354=PLANE('',#4990);
#4355=PLANE('',#4993);
#4356=PLANE('',#4994);
#4357=PLANE('',#4995);
#4358=PLANE('',#4996);
#4359=PLANE('',#4997);
#4360=PLANE('',#4998);
#4361=PLANE('',#4999);
#4362=PLANE('',#5000);
#4363=PLANE('',#5001);
#4364=PLANE('',#5002);
#4365=PLANE('',#5003);
#4366=PLANE('',#5004);
#4367=PLANE('',#5005);
#4368=PLANE('',#5006);
#4369=PLANE('',#5007);
#4370=PLANE('',#5008);
#4371=PLANE('',#5009);
#4372=PLANE('',#5010);
#4373=PLANE('',#5023);
#4374=PLANE('',#5024);
#4375=PLANE('',#5025);
#4376=PLANE('',#5026);
#4377=PLANE('',#5027);
#4378=PLANE('',#5028);
#4379=PLANE('',#5029);
#4380=PLANE('',#5030);
#4381=PLANE('',#5031);
#4382=PLANE('',#5032);
#4383=PLANE('',#5033);
#4384=PLANE('',#5034);
#4385=PLANE('',#5035);
#4386=PLANE('',#5036);
#4387=PLANE('',#5037);
#4388=PLANE('',#5040);
#4389=PLANE('',#5041);
#4390=PLANE('',#5042);
#4391=PLANE('',#5043);
#4392=PLANE('',#5044);
#4393=PLANE('',#5045);
#4394=PLANE('',#5046);
#4395=PLANE('',#5047);
#4396=PLANE('',#5048);
#4397=PLANE('',#5051);
#4398=PLANE('',#5054);
#4399=PLANE('',#5057);
#4400=PLANE('',#5058);
#4401=PLANE('',#5059);
#4402=PLANE('',#5060);
#4403=PLANE('',#5061);
#4404=PLANE('',#5062);
#4405=PLANE('',#5063);
#4406=PLANE('',#5064);
#4407=PLANE('',#5065);
#4408=PLANE('',#5066);
#4409=PLANE('',#5067);
#4410=PLANE('',#5068);
#4411=PLANE('',#5069);
#4412=PLANE('',#5070);
#4413=PLANE('',#5071);
#4414=PLANE('',#5072);
#4415=PLANE('',#5073);
#4416=PLANE('',#5074);
#4417=PLANE('',#5075);
#4418=PLANE('',#5076);
#4419=PLANE('',#5077);
#4420=PLANE('',#5078);
#4421=PLANE('',#5079);
#4422=PLANE('',#5080);
#4423=PLANE('',#5081);
#4424=PLANE('',#5082);
#4425=PLANE('',#5095);
#4426=PLANE('',#5097);
#4427=PLANE('',#5100);
#4428=PLANE('',#5103);
#4429=PLANE('',#5104);
#4430=PLANE('',#5107);
#4431=PLANE('',#5112);
#4432=PLANE('',#5113);
#4433=PLANE('',#5114);
#4434=PLANE('',#5117);
#4435=PLANE('',#5120);
#4436=PLANE('',#5121);
#4437=PLANE('',#5124);
#4438=PLANE('',#5125);
#4439=PLANE('',#5126);
#4440=PLANE('',#5130);
#4441=PLANE('',#5131);
#4442=PLANE('',#5132);
#4443=PLANE('',#5135);
#4444=PLANE('',#5138);
#4445=PLANE('',#5139);
#4446=PLANE('',#5140);
#4447=PLANE('',#5141);
#4448=PLANE('',#5142);
#4449=PLANE('',#5147);
#4450=PLANE('',#5150);
#4451=PLANE('',#5153);
#4452=PLANE('',#5158);
#4453=PLANE('',#5160);
#4454=PLANE('',#5161);
#4455=ADVANCED_FACE('',(#366),#4298,.T.);
#4456=ADVANCED_FACE('',(#367),#4299,.T.);
#4457=ADVANCED_FACE('',(#368),#4300,.T.);
#4458=ADVANCED_FACE('',(#369),#4301,.T.);
#4459=ADVANCED_FACE('',(#370,#132),#4302,.F.);
#4460=ADVANCED_FACE('',(#371,#133),#4303,.F.);
#4461=ADVANCED_FACE('',(#372,#134),#4304,.F.);
#4462=ADVANCED_FACE('',(#373,#135),#4305,.F.);
#4463=ADVANCED_FACE('',(#374),#4306,.F.);
#4464=ADVANCED_FACE('',(#375),#55,.F.);
#4465=ADVANCED_FACE('',(#376),#56,.F.);
#4466=ADVANCED_FACE('',(#377),#4307,.T.);
#4467=ADVANCED_FACE('',(#378,#136),#4308,.F.);
#4468=ADVANCED_FACE('',(#379),#4309,.F.);
#4469=ADVANCED_FACE('',(#380),#57,.F.);
#4470=ADVANCED_FACE('',(#381),#4310,.F.);
#4471=ADVANCED_FACE('',(#382),#58,.F.);
#4472=ADVANCED_FACE('',(#383),#59,.F.);
#4473=ADVANCED_FACE('',(#384),#4311,.T.);
#4474=ADVANCED_FACE('',(#385),#60,.F.);
#4475=ADVANCED_FACE('',(#386),#4312,.F.);
#4476=ADVANCED_FACE('',(#387,#137),#4313,.F.);
#4477=ADVANCED_FACE('',(#388),#4314,.F.);
#4478=ADVANCED_FACE('',(#389),#61,.F.);
#4479=ADVANCED_FACE('',(#390),#62,.F.);
#4480=ADVANCED_FACE('',(#391),#4315,.T.);
#4481=ADVANCED_FACE('',(#392,#138),#4316,.F.);
#4482=ADVANCED_FACE('',(#393),#4317,.F.);
#4483=ADVANCED_FACE('',(#394),#63,.F.);
#4484=ADVANCED_FACE('',(#395),#4318,.F.);
#4485=ADVANCED_FACE('',(#396),#64,.F.);
#4486=ADVANCED_FACE('',(#397),#65,.F.);
#4487=ADVANCED_FACE('',(#398),#4319,.T.);
#4488=ADVANCED_FACE('',(#399),#66,.F.);
#4489=ADVANCED_FACE('',(#400),#4320,.F.);
#4490=ADVANCED_FACE('',(#401,#139),#4321,.F.);
#4491=ADVANCED_FACE('',(#402),#67,.T.);
#4492=ADVANCED_FACE('',(#403),#68,.F.);
#4493=ADVANCED_FACE('',(#404),#69,.F.);
#4494=ADVANCED_FACE('',(#405),#70,.F.);
#4495=ADVANCED_FACE('',(#406),#71,.F.);
#4496=ADVANCED_FACE('',(#407),#72,.F.);
#4497=ADVANCED_FACE('',(#408),#73,.F.);
#4498=ADVANCED_FACE('',(#409),#74,.F.);
#4499=ADVANCED_FACE('',(#410),#75,.F.);
#4500=ADVANCED_FACE('',(#411),#24,.F.);
#4501=ADVANCED_FACE('',(#412,#140,#141,#142,#143,#144,#145,#146,#147,#148,
#149,#150),#4322,.F.);
#4502=ADVANCED_FACE('',(#413),#25,.T.);
#4503=ADVANCED_FACE('',(#414),#4323,.T.);
#4504=ADVANCED_FACE('',(#415),#26,.T.);
#4505=ADVANCED_FACE('',(#416),#4324,.F.);
#4506=ADVANCED_FACE('',(#417),#4325,.F.);
#4507=ADVANCED_FACE('',(#418),#27,.T.);
#4508=ADVANCED_FACE('',(#419),#4326,.T.);
#4509=ADVANCED_FACE('',(#420),#28,.T.);
#4510=ADVANCED_FACE('',(#421),#4327,.T.);
#4511=ADVANCED_FACE('',(#422,#151,#152,#153,#154,#155,#156,#157,#158,#159,
#160,#161,#162,#163,#164,#165,#166,#167),#4328,.T.);
#4512=ADVANCED_FACE('',(#423),#76,.F.);
#4513=ADVANCED_FACE('',(#424),#77,.F.);
#4514=ADVANCED_FACE('',(#425),#78,.F.);
#4515=ADVANCED_FACE('',(#426),#79,.F.);
#4516=ADVANCED_FACE('',(#427),#80,.F.);
#4517=ADVANCED_FACE('',(#428),#81,.F.);
#4518=ADVANCED_FACE('',(#429),#82,.F.);
#4519=ADVANCED_FACE('',(#430),#83,.T.);
#4520=ADVANCED_FACE('',(#431),#4329,.T.);
#4521=ADVANCED_FACE('',(#432),#4330,.F.);
#4522=ADVANCED_FACE('',(#433),#4331,.F.);
#4523=ADVANCED_FACE('',(#434),#4332,.F.);
#4524=ADVANCED_FACE('',(#435),#4333,.F.);
#4525=ADVANCED_FACE('',(#436),#4334,.F.);
#4526=ADVANCED_FACE('',(#437),#4335,.F.);
#4527=ADVANCED_FACE('',(#438),#4336,.F.);
#4528=ADVANCED_FACE('',(#439),#4337,.F.);
#4529=ADVANCED_FACE('',(#440),#4338,.F.);
#4530=ADVANCED_FACE('',(#441),#4339,.F.);
#4531=ADVANCED_FACE('',(#442),#4340,.F.);
#4532=ADVANCED_FACE('',(#443),#17,.F.);
#4533=ADVANCED_FACE('',(#444),#4341,.F.);
#4534=ADVANCED_FACE('',(#445),#18,.F.);
#4535=ADVANCED_FACE('',(#446),#4342,.F.);
#4536=ADVANCED_FACE('',(#447),#19,.F.);
#4537=ADVANCED_FACE('',(#448),#4343,.F.);
#4538=ADVANCED_FACE('',(#449),#4344,.F.);
#4539=ADVANCED_FACE('',(#450),#84,.F.);
#4540=ADVANCED_FACE('',(#451),#85,.F.);
#4541=ADVANCED_FACE('',(#452),#86,.T.);
#4542=ADVANCED_FACE('',(#453),#4345,.T.);
#4543=ADVANCED_FACE('',(#454),#87,.F.);
#4544=ADVANCED_FACE('',(#455),#4346,.F.);
#4545=ADVANCED_FACE('',(#456),#88,.T.);
#4546=ADVANCED_FACE('',(#457),#89,.F.);
#4547=ADVANCED_FACE('',(#458),#4347,.F.);
#4548=ADVANCED_FACE('',(#459),#90,.T.);
#4549=ADVANCED_FACE('',(#460),#91,.F.);
#4550=ADVANCED_FACE('',(#461),#4348,.F.);
#4551=ADVANCED_FACE('',(#462),#92,.T.);
#4552=ADVANCED_FACE('',(#463),#93,.F.);
#4553=ADVANCED_FACE('',(#464),#4349,.F.);
#4554=ADVANCED_FACE('',(#465),#94,.T.);
#4555=ADVANCED_FACE('',(#466),#95,.F.);
#4556=ADVANCED_FACE('',(#467),#4350,.F.);
#4557=ADVANCED_FACE('',(#468),#4351,.F.);
#4558=ADVANCED_FACE('',(#469),#4352,.F.);
#4559=ADVANCED_FACE('',(#470),#96,.F.);
#4560=ADVANCED_FACE('',(#471),#97,.T.);
#4561=ADVANCED_FACE('',(#472),#98,.F.);
#4562=ADVANCED_FACE('',(#473),#99,.F.);
#4563=ADVANCED_FACE('',(#474),#100,.F.);
#4564=ADVANCED_FACE('',(#475),#101,.T.);
#4565=ADVANCED_FACE('',(#476),#102,.F.);
#4566=ADVANCED_FACE('',(#477),#103,.F.);
#4567=ADVANCED_FACE('',(#478),#4353,.F.);
#4568=ADVANCED_FACE('',(#479),#4354,.F.);
#4569=ADVANCED_FACE('',(#480),#104,.F.);
#4570=ADVANCED_FACE('',(#481),#4355,.F.);
#4571=ADVANCED_FACE('',(#482),#4356,.F.);
#4572=ADVANCED_FACE('',(#483),#4357,.F.);
#4573=ADVANCED_FACE('',(#484),#4358,.F.);
#4574=ADVANCED_FACE('',(#485),#4359,.F.);
#4575=ADVANCED_FACE('',(#486),#4360,.F.);
#4576=ADVANCED_FACE('',(#487),#4361,.F.);
#4577=ADVANCED_FACE('',(#488),#4362,.F.);
#4578=ADVANCED_FACE('',(#489),#4363,.F.);
#4579=ADVANCED_FACE('',(#490),#4364,.F.);
#4580=ADVANCED_FACE('',(#491),#4365,.F.);
#4581=ADVANCED_FACE('',(#492),#4366,.F.);
#4582=ADVANCED_FACE('',(#493),#4367,.F.);
#4583=ADVANCED_FACE('',(#494),#4368,.F.);
#4584=ADVANCED_FACE('',(#495),#4369,.F.);
#4585=ADVANCED_FACE('',(#496),#4370,.F.);
#4586=ADVANCED_FACE('',(#497),#4371,.F.);
#4587=ADVANCED_FACE('',(#498,#168,#169,#170),#4372,.T.);
#4588=ADVANCED_FACE('',(#499),#4373,.T.);
#4589=ADVANCED_FACE('',(#500),#4374,.T.);
#4590=ADVANCED_FACE('',(#501),#4375,.T.);
#4591=ADVANCED_FACE('',(#502),#4376,.T.);
#4592=ADVANCED_FACE('',(#503),#4377,.T.);
#4593=ADVANCED_FACE('',(#504),#4378,.T.);
#4594=ADVANCED_FACE('',(#505),#4379,.T.);
#4595=ADVANCED_FACE('',(#506),#4380,.T.);
#4596=ADVANCED_FACE('',(#507),#4381,.T.);
#4597=ADVANCED_FACE('',(#508),#4382,.T.);
#4598=ADVANCED_FACE('',(#509),#4383,.T.);
#4599=ADVANCED_FACE('',(#510),#4384,.T.);
#4600=ADVANCED_FACE('',(#511),#4385,.T.);
#4601=ADVANCED_FACE('',(#512),#4386,.T.);
#4602=ADVANCED_FACE('',(#513),#4387,.T.);
#4603=ADVANCED_FACE('',(#514),#105,.F.);
#4604=ADVANCED_FACE('',(#515),#4388,.F.);
#4605=ADVANCED_FACE('',(#516),#4389,.F.);
#4606=ADVANCED_FACE('',(#517),#4390,.F.);
#4607=ADVANCED_FACE('',(#518),#20,.F.);
#4608=ADVANCED_FACE('',(#519),#4391,.F.);
#4609=ADVANCED_FACE('',(#520),#21,.F.);
#4610=ADVANCED_FACE('',(#521),#4392,.F.);
#4611=ADVANCED_FACE('',(#522),#4393,.F.);
#4612=ADVANCED_FACE('',(#523),#4394,.F.);
#4613=ADVANCED_FACE('',(#524),#4395,.F.);
#4614=ADVANCED_FACE('',(#525),#4396,.F.);
#4615=ADVANCED_FACE('',(#526),#106,.F.);
#4616=ADVANCED_FACE('',(#527),#4397,.F.);
#4617=ADVANCED_FACE('',(#528),#107,.F.);
#4618=ADVANCED_FACE('',(#529),#4398,.F.);
#4619=ADVANCED_FACE('',(#530),#108,.F.);
#4620=ADVANCED_FACE('',(#531),#4399,.F.);
#4621=ADVANCED_FACE('',(#532),#4400,.T.);
#4622=ADVANCED_FACE('',(#533),#22,.F.);
#4623=ADVANCED_FACE('',(#534),#4401,.F.);
#4624=ADVANCED_FACE('',(#535),#4402,.F.);
#4625=ADVANCED_FACE('',(#536),#4403,.F.);
#4626=ADVANCED_FACE('',(#537),#4404,.F.);
#4627=ADVANCED_FACE('',(#538),#4405,.F.);
#4628=ADVANCED_FACE('',(#539),#23,.F.);
#4629=ADVANCED_FACE('',(#540),#4406,.F.);
#4630=ADVANCED_FACE('',(#541),#4407,.F.);
#4631=ADVANCED_FACE('',(#542),#4408,.F.);
#4632=ADVANCED_FACE('',(#543),#4409,.F.);
#4633=ADVANCED_FACE('',(#544),#4410,.F.);
#4634=ADVANCED_FACE('',(#545),#4411,.T.);
#4635=ADVANCED_FACE('',(#546),#4412,.F.);
#4636=ADVANCED_FACE('',(#547),#4413,.F.);
#4637=ADVANCED_FACE('',(#548),#4414,.F.);
#4638=ADVANCED_FACE('',(#549),#4415,.F.);
#4639=ADVANCED_FACE('',(#550),#4416,.T.);
#4640=ADVANCED_FACE('',(#551),#4417,.F.);
#4641=ADVANCED_FACE('',(#552),#4418,.F.);
#4642=ADVANCED_FACE('',(#553),#4419,.F.);
#4643=ADVANCED_FACE('',(#554),#4420,.F.);
#4644=ADVANCED_FACE('',(#555),#4421,.F.);
#4645=ADVANCED_FACE('',(#556),#4422,.F.);
#4646=ADVANCED_FACE('',(#557),#4423,.T.);
#4647=ADVANCED_FACE('',(#558),#4424,.T.);
#4648=ADVANCED_FACE('',(#559),#109,.T.);
#4649=ADVANCED_FACE('',(#560),#110,.T.);
#4650=ADVANCED_FACE('',(#561),#111,.T.);
#4651=ADVANCED_FACE('',(#562),#112,.T.);
#4652=ADVANCED_FACE('',(#563),#113,.T.);
#4653=ADVANCED_FACE('',(#564),#114,.T.);
#4654=ADVANCED_FACE('',(#565),#115,.T.);
#4655=ADVANCED_FACE('',(#566),#116,.T.);
#4656=ADVANCED_FACE('',(#567),#117,.T.);
#4657=ADVANCED_FACE('',(#568),#118,.T.);
#4658=ADVANCED_FACE('',(#569),#119,.T.);
#4659=ADVANCED_FACE('',(#570),#120,.T.);
#4660=ADVANCED_FACE('',(#571),#4425,.F.);
#4661=ADVANCED_FACE('',(#572),#15,.F.);
#4662=ADVANCED_FACE('',(#573),#4426,.T.);
#4663=ADVANCED_FACE('',(#574),#121,.T.);
#4664=ADVANCED_FACE('',(#575),#4427,.F.);
#4665=ADVANCED_FACE('',(#576),#122,.T.);
#4666=ADVANCED_FACE('',(#577),#4428,.F.);
#4667=ADVANCED_FACE('',(#578),#4429,.F.);
#4668=ADVANCED_FACE('',(#579),#123,.F.);
#4669=ADVANCED_FACE('',(#580),#4430,.F.);
#4670=ADVANCED_FACE('',(#581),#124,.F.);
#4671=ADVANCED_FACE('',(#582),#125,.T.);
#4672=ADVANCED_FACE('',(#583),#4431,.F.);
#4673=ADVANCED_FACE('',(#584),#4432,.T.);
#4674=ADVANCED_FACE('',(#585),#4433,.F.);
#4675=ADVANCED_FACE('',(#586),#126,.T.);
#4676=ADVANCED_FACE('',(#587),#4434,.F.);
#4677=ADVANCED_FACE('',(#588),#127,.F.);
#4678=ADVANCED_FACE('',(#589),#4435,.T.);
#4679=ADVANCED_FACE('',(#590),#4436,.F.);
#4680=ADVANCED_FACE('',(#591),#128,.T.);
#4681=ADVANCED_FACE('',(#592),#4437,.F.);
#4682=ADVANCED_FACE('',(#593),#4438,.F.);
#4683=ADVANCED_FACE('',(#594),#4439,.F.);
#4684=ADVANCED_FACE('',(#595),#129,.T.);
#4685=ADVANCED_FACE('',(#596),#4440,.F.);
#4686=ADVANCED_FACE('',(#597),#4441,.F.);
#4687=ADVANCED_FACE('',(#598),#4442,.T.);
#4688=ADVANCED_FACE('',(#599),#130,.F.);
#4689=ADVANCED_FACE('',(#600),#4443,.F.);
#4690=ADVANCED_FACE('',(#601),#131,.T.);
#4691=ADVANCED_FACE('',(#602),#4444,.F.);
#4692=ADVANCED_FACE('',(#603),#4445,.T.);
#4693=ADVANCED_FACE('',(#604),#4446,.F.);
#4694=ADVANCED_FACE('',(#605),#4447,.T.);
#4695=ADVANCED_FACE('',(#606,#171),#4448,.T.);
#4696=ADVANCED_FACE('',(#607),#4449,.T.);
#4697=ADVANCED_FACE('',(#608),#29,.T.);
#4698=ADVANCED_FACE('',(#609),#4450,.T.);
#4699=ADVANCED_FACE('',(#610),#30,.T.);
#4700=ADVANCED_FACE('',(#611),#4451,.T.);
#4701=ADVANCED_FACE('',(#612),#31,.T.);
#4702=ADVANCED_FACE('',(#613),#32,.T.);
#4703=ADVANCED_FACE('',(#614),#4452,.F.);
#4704=ADVANCED_FACE('',(#615),#16,.F.);
#4705=ADVANCED_FACE('',(#616),#4453,.T.);
#4706=ADVANCED_FACE('',(#617,#172),#4454,.T.);
#4707=CLOSED_SHELL('',(#4455,#4456,#4457,#4458,#4459,#4460,#4461,#4462,
#4463,#4464,#4465,#4466,#4467,#4468,#4469,#4470,#4471,#4472,#4473,#4474,
#4475,#4476,#4477,#4478,#4479,#4480,#4481,#4482,#4483,#4484,#4485,#4486,
#4487,#4488,#4489,#4490,#4491,#4492,#4493,#4494,#4495,#4496,#4497,#4498,
#4499,#4500,#4501,#4502,#4503,#4504,#4505,#4506,#4507,#4508,#4509,#4510,
#4511,#4512,#4513,#4514,#4515,#4516,#4517,#4518,#4519,#4520,#4521,#4522,
#4523,#4524,#4525,#4526,#4527,#4528,#4529,#4530,#4531,#4532,#4533,#4534,
#4535,#4536,#4537,#4538,#4539,#4540,#4541,#4542,#4543,#4544,#4545,#4546,
#4547,#4548,#4549,#4550,#4551,#4552,#4553,#4554,#4555,#4556,#4557,#4558,
#4559,#4560,#4561,#4562,#4563,#4564,#4565,#4566,#4567,#4568,#4569,#4570,
#4571,#4572,#4573,#4574,#4575,#4576,#4577,#4578,#4579,#4580,#4581,#4582,
#4583,#4584,#4585,#4586,#4587,#4588,#4589,#4590,#4591,#4592,#4593,#4594,
#4595,#4596,#4597,#4598,#4599,#4600,#4601,#4602,#4603,#4604,#4605,#4606,
#4607,#4608,#4609,#4610,#4611,#4612,#4613,#4614,#4615,#4616,#4617,#4618,
#4619,#4620,#4621,#4622,#4623,#4624,#4625,#4626,#4627,#4628,#4629,#4630,
#4631,#4632,#4633,#4634,#4635,#4636,#4637,#4638,#4639,#4640,#4641,#4642,
#4643,#4644,#4645,#4646,#4647,#4648,#4649,#4650,#4651,#4652,#4653,#4654,
#4655,#4656,#4657,#4658,#4659,#4660,#4661,#4662,#4663,#4664,#4665,#4666,
#4667,#4668,#4669,#4670,#4671,#4672,#4673,#4674,#4675,#4676,#4677,#4678,
#4679,#4680,#4681,#4682,#4683,#4684,#4685,#4686,#4687,#4688,#4689,#4690,
#4691,#4692,#4693,#4694,#4695,#4696,#4697,#4698,#4699,#4700,#4701,#4702,
#4703,#4704,#4705,#4706));
#4708=DERIVED_UNIT_ELEMENT(#4710,1.);
#4709=DERIVED_UNIT_ELEMENT(#10334,-3.);
#4710=(
MASS_UNIT()
NAMED_UNIT(*)
SI_UNIT(.KILO.,.GRAM.)
);
#4711=DERIVED_UNIT((#4708,#4709));
#4712=MEASURE_REPRESENTATION_ITEM('density measure',
POSITIVE_RATIO_MEASURE(7850.),#4711);
#4713=PROPERTY_DEFINITION_REPRESENTATION(#4718,#4715);
#4714=PROPERTY_DEFINITION_REPRESENTATION(#4719,#4716);
#4715=REPRESENTATION('material name',(#4717),#10331);
#4716=REPRESENTATION('density',(#4712),#10331);
#4717=DESCRIPTIVE_REPRESENTATION_ITEM('Steel','Steel');
#4718=PROPERTY_DEFINITION('material property','material name',#10341);
#4719=PROPERTY_DEFINITION('material property','density of part',#10341);
#4720=AXIS2_PLACEMENT_3D('',#6505,#5162,#5163);
#4721=AXIS2_PLACEMENT_3D('',#6506,#5164,#5165);
#4722=AXIS2_PLACEMENT_3D('',#6515,#5170,#5171);
#4723=AXIS2_PLACEMENT_3D('',#6521,#5175,#5176);
#4724=AXIS2_PLACEMENT_3D('',#6527,#5180,#5181);
#4725=AXIS2_PLACEMENT_3D('',#6530,#5184,#5185);
#4726=AXIS2_PLACEMENT_3D('',#6532,#5186,#5187);
#4727=AXIS2_PLACEMENT_3D('',#6534,#5188,#5189);
#4728=AXIS2_PLACEMENT_3D('',#6535,#5190,#5191);
#4729=AXIS2_PLACEMENT_3D('',#6537,#5192,#5193);
#4730=AXIS2_PLACEMENT_3D('',#6539,#5194,#5195);
#4731=AXIS2_PLACEMENT_3D('',#6540,#5196,#5197);
#4732=AXIS2_PLACEMENT_3D('',#6542,#5198,#5199);
#4733=AXIS2_PLACEMENT_3D('',#6544,#5200,#5201);
#4734=AXIS2_PLACEMENT_3D('',#6545,#5202,#5203);
#4735=AXIS2_PLACEMENT_3D('',#6547,#5204,#5205);
#4736=AXIS2_PLACEMENT_3D('',#6549,#5206,#5207);
#4737=AXIS2_PLACEMENT_3D('',#6550,#5208,#5209);
#4738=AXIS2_PLACEMENT_3D('',#6553,#5210,#5211);
#4739=AXIS2_PLACEMENT_3D('',#6554,#5212,#5213);
#4740=AXIS2_PLACEMENT_3D('',#6555,#5214,#5215);
#4741=AXIS2_PLACEMENT_3D('',#6559,#5217,#5218);
#4742=AXIS2_PLACEMENT_3D('',#6563,#5221,#5222);
#4743=AXIS2_PLACEMENT_3D('',#6564,#5223,#5224);
#4744=AXIS2_PLACEMENT_3D('',#6566,#5225,#5226);
#4745=AXIS2_PLACEMENT_3D('',#6569,#5228,#5229);
#4746=AXIS2_PLACEMENT_3D('',#6570,#5230,#5231);
#4747=AXIS2_PLACEMENT_3D('',#6571,#5232,#5233);
#4748=AXIS2_PLACEMENT_3D('',#6572,#5234,#5235);
#4749=AXIS2_PLACEMENT_3D('',#6574,#5236,#5237);
#4750=AXIS2_PLACEMENT_3D('',#6575,#5238,#5239);
#4751=AXIS2_PLACEMENT_3D('',#6577,#5240,#5241);
#4752=AXIS2_PLACEMENT_3D('',#6578,#5242,#5243);
#4753=AXIS2_PLACEMENT_3D('',#6580,#5245,#5246);
#4754=AXIS2_PLACEMENT_3D('',#6583,#5247,#5248);
#4755=AXIS2_PLACEMENT_3D('',#6585,#5249,#5250);
#4756=AXIS2_PLACEMENT_3D('',#6587,#5251,#5252);
#4757=AXIS2_PLACEMENT_3D('',#6588,#5253,#5254);
#4758=AXIS2_PLACEMENT_3D('',#6589,#5255,#5256);
#4759=AXIS2_PLACEMENT_3D('',#6594,#5259,#5260);
#4760=AXIS2_PLACEMENT_3D('',#6596,#5262,#5263);
#4761=AXIS2_PLACEMENT_3D('',#6599,#5265,#5266);
#4762=AXIS2_PLACEMENT_3D('',#6600,#5267,#5268);
#4763=AXIS2_PLACEMENT_3D('',#6601,#5269,#5270);
#4764=AXIS2_PLACEMENT_3D('',#6602,#5271,#5272);
#4765=AXIS2_PLACEMENT_3D('',#6604,#5273,#5274);
#4766=AXIS2_PLACEMENT_3D('',#6607,#5276,#5277);
#4767=AXIS2_PLACEMENT_3D('',#6608,#5278,#5279);
#4768=AXIS2_PLACEMENT_3D('',#6609,#5280,#5281);
#4769=AXIS2_PLACEMENT_3D('',#6610,#5282,#5283);
#4770=AXIS2_PLACEMENT_3D('',#6613,#5284,#5285);
#4771=AXIS2_PLACEMENT_3D('',#6614,#5286,#5287);
#4772=AXIS2_PLACEMENT_3D('',#6615,#5288,#5289);
#4773=AXIS2_PLACEMENT_3D('',#6619,#5291,#5292);
#4774=AXIS2_PLACEMENT_3D('',#6623,#5295,#5296);
#4775=AXIS2_PLACEMENT_3D('',#6624,#5297,#5298);
#4776=AXIS2_PLACEMENT_3D('',#6626,#5299,#5300);
#4777=AXIS2_PLACEMENT_3D('',#6629,#5302,#5303);
#4778=AXIS2_PLACEMENT_3D('',#6630,#5304,#5305);
#4779=AXIS2_PLACEMENT_3D('',#6631,#5306,#5307);
#4780=AXIS2_PLACEMENT_3D('',#6632,#5308,#5309);
#4781=AXIS2_PLACEMENT_3D('',#6634,#5310,#5311);
#4782=AXIS2_PLACEMENT_3D('',#6635,#5312,#5313);
#4783=AXIS2_PLACEMENT_3D('',#6637,#5314,#5315);
#4784=AXIS2_PLACEMENT_3D('',#6638,#5316,#5317);
#4785=AXIS2_PLACEMENT_3D('',#6640,#5319,#5320);
#4786=AXIS2_PLACEMENT_3D('',#6643,#5321,#5322);
#4787=AXIS2_PLACEMENT_3D('',#6645,#5323,#5324);
#4788=AXIS2_PLACEMENT_3D('',#6647,#5325,#5326);
#4789=AXIS2_PLACEMENT_3D('',#6648,#5327,#5328);
#4790=AXIS2_PLACEMENT_3D('',#6649,#5329,#5330);
#4791=AXIS2_PLACEMENT_3D('',#6654,#5333,#5334);
#4792=AXIS2_PLACEMENT_3D('',#6656,#5336,#5337);
#4793=AXIS2_PLACEMENT_3D('',#6659,#5339,#5340);
#4794=AXIS2_PLACEMENT_3D('',#6660,#5341,#5342);
#4795=AXIS2_PLACEMENT_3D('',#6661,#5343,#5344);
#4796=AXIS2_PLACEMENT_3D('',#6662,#5345,#5346);
#4797=AXIS2_PLACEMENT_3D('',#6664,#5347,#5348);
#4798=AXIS2_PLACEMENT_3D('',#6667,#5350,#5351);
#4799=AXIS2_PLACEMENT_3D('',#6668,#5352,#5353);
#4800=AXIS2_PLACEMENT_3D('',#6669,#5354,#5355);
#4801=AXIS2_PLACEMENT_3D('',#6670,#5356,#5357);
#4802=AXIS2_PLACEMENT_3D('',#6675,#5359,#5360);
#4803=AXIS2_PLACEMENT_3D('',#6679,#5362,#5363);
#4804=AXIS2_PLACEMENT_3D('',#6682,#5365,#5366);
#4805=AXIS2_PLACEMENT_3D('',#6686,#5368,#5369);
#4806=AXIS2_PLACEMENT_3D('',#6689,#5371,#5372);
#4807=AXIS2_PLACEMENT_3D('',#6690,#5373,#5374);
#4808=AXIS2_PLACEMENT_3D('',#6692,#5375,#5376);
#4809=AXIS2_PLACEMENT_3D('',#6695,#5378,#5379);
#4810=AXIS2_PLACEMENT_3D('',#6696,#5380,#5381);
#4811=AXIS2_PLACEMENT_3D('',#6698,#5382,#5383);
#4812=AXIS2_PLACEMENT_3D('',#6701,#5385,#5386);
#4813=AXIS2_PLACEMENT_3D('',#6702,#5387,#5388);
#4814=AXIS2_PLACEMENT_3D('',#6704,#5389,#5390);
#4815=AXIS2_PLACEMENT_3D('',#6707,#5392,#5393);
#4816=AXIS2_PLACEMENT_3D('',#6708,#5394,#5395);
#4817=AXIS2_PLACEMENT_3D('',#6710,#5396,#5397);
#4818=AXIS2_PLACEMENT_3D('',#6713,#5399,#5400);
#4819=AXIS2_PLACEMENT_3D('',#6714,#5401,#5402);
#4820=AXIS2_PLACEMENT_3D('',#6716,#5403,#5404);
#4821=AXIS2_PLACEMENT_3D('',#6719,#5406,#5407);
#4822=AXIS2_PLACEMENT_3D('',#6720,#5408,#5409);
#4823=AXIS2_PLACEMENT_3D('',#6722,#5410,#5411);
#4824=AXIS2_PLACEMENT_3D('',#6725,#5413,#5414);
#4825=AXIS2_PLACEMENT_3D('',#6726,#5415,#5416);
#4826=AXIS2_PLACEMENT_3D('',#6728,#5417,#5418);
#4827=AXIS2_PLACEMENT_3D('',#6731,#5420,#5421);
#4828=AXIS2_PLACEMENT_3D('',#6732,#5422,#5423);
#4829=AXIS2_PLACEMENT_3D('',#6734,#5424,#5425);
#4830=AXIS2_PLACEMENT_3D('',#6779,#5427,#5428);
#4831=AXIS2_PLACEMENT_3D('',#6782,#5430,#5431);
#4832=AXIS2_PLACEMENT_3D('',#6783,#5432,#5433);
#4833=AXIS2_PLACEMENT_3D('',#6788,#5435,#5436);
#4834=AXIS2_PLACEMENT_3D('',#6792,#5438,#5439);
#4835=AXIS2_PLACEMENT_3D('',#6794,#5440,#5441);
#4836=AXIS2_PLACEMENT_3D('',#6802,#5445,#5446);
#4837=AXIS2_PLACEMENT_3D('',#6804,#5447,#5448);
#4838=AXIS2_PLACEMENT_3D('',#6808,#5450,#5451);
#4839=AXIS2_PLACEMENT_3D('',#6814,#5454,#5455);
#4840=AXIS2_PLACEMENT_3D('',#6816,#5456,#5457);
#4841=AXIS2_PLACEMENT_3D('',#6825,#5462,#5463);
#4842=AXIS2_PLACEMENT_3D('',#6830,#5466,#5467);
#4843=AXIS2_PLACEMENT_3D('',#6831,#5468,#5469);
#4844=AXIS2_PLACEMENT_3D('',#6836,#5471,#5472);
#4845=AXIS2_PLACEMENT_3D('',#6839,#5474,#5475);
#4846=AXIS2_PLACEMENT_3D('',#6840,#5476,#5477);
#4847=AXIS2_PLACEMENT_3D('',#6846,#5481,#5482);
#4848=AXIS2_PLACEMENT_3D('',#6848,#5483,#5484);
#4849=AXIS2_PLACEMENT_3D('',#6851,#5486,#5487);
#4850=AXIS2_PLACEMENT_3D('',#6852,#5488,#5489);
#4851=AXIS2_PLACEMENT_3D('',#6857,#5492,#5493);
#4852=AXIS2_PLACEMENT_3D('',#6858,#5494,#5495);
#4853=AXIS2_PLACEMENT_3D('',#6863,#5497,#5498);
#4854=AXIS2_PLACEMENT_3D('',#6866,#5500,#5501);
#4855=AXIS2_PLACEMENT_3D('',#6867,#5502,#5503);
#4856=AXIS2_PLACEMENT_3D('',#6872,#5505,#5506);
#4857=AXIS2_PLACEMENT_3D('',#6875,#5508,#5509);
#4858=AXIS2_PLACEMENT_3D('',#6876,#5510,#5511);
#4859=AXIS2_PLACEMENT_3D('',#6882,#5515,#5516);
#4860=AXIS2_PLACEMENT_3D('',#6884,#5517,#5518);
#4861=AXIS2_PLACEMENT_3D('',#6887,#5520,#5521);
#4862=AXIS2_PLACEMENT_3D('',#6888,#5522,#5523);
#4863=AXIS2_PLACEMENT_3D('',#6891,#5526,#5527);
#4864=AXIS2_PLACEMENT_3D('',#7267,#5542,#5543);
#4865=AXIS2_PLACEMENT_3D('',#7269,#5544,#5545);
#4866=AXIS2_PLACEMENT_3D('',#7271,#5546,#5547);
#4867=AXIS2_PLACEMENT_3D('',#7272,#5548,#5549);
#4868=AXIS2_PLACEMENT_3D('',#7277,#5551,#5552);
#4869=AXIS2_PLACEMENT_3D('',#7297,#5562,#5563);
#4870=AXIS2_PLACEMENT_3D('',#7309,#5569,#5570);
#4871=AXIS2_PLACEMENT_3D('',#7311,#5571,#5572);
#4872=AXIS2_PLACEMENT_3D('',#7315,#5574,#5575);
#4873=AXIS2_PLACEMENT_3D('',#7317,#5576,#5577);
#4874=AXIS2_PLACEMENT_3D('',#7319,#5578,#5579);
#4875=AXIS2_PLACEMENT_3D('',#7321,#5580,#5581);
#4876=AXIS2_PLACEMENT_3D('',#7323,#5582,#5583);
#4877=AXIS2_PLACEMENT_3D('',#7327,#5585,#5586);
#4878=AXIS2_PLACEMENT_3D('',#7329,#5587,#5588);
#4879=AXIS2_PLACEMENT_3D('',#7331,#5589,#5590);
#4880=AXIS2_PLACEMENT_3D('',#7333,#5591,#5592);
#4881=AXIS2_PLACEMENT_3D('',#7335,#5593,#5594);
#4882=AXIS2_PLACEMENT_3D('',#7339,#5596,#5597);
#4883=AXIS2_PLACEMENT_3D('',#7341,#5598,#5599);
#4884=AXIS2_PLACEMENT_3D('',#7343,#5600,#5601);
#4885=AXIS2_PLACEMENT_3D('',#7345,#5602,#5603);
#4886=AXIS2_PLACEMENT_3D('',#7347,#5604,#5605);
#4887=AXIS2_PLACEMENT_3D('',#7351,#5607,#5608);
#4888=AXIS2_PLACEMENT_3D('',#7353,#5609,#5610);
#4889=AXIS2_PLACEMENT_3D('',#7355,#5611,#5612);
#4890=AXIS2_PLACEMENT_3D('',#7357,#5613,#5614);
#4891=AXIS2_PLACEMENT_3D('',#7361,#5616,#5617);
#4892=AXIS2_PLACEMENT_3D('',#7367,#5620,#5621);
#4893=AXIS2_PLACEMENT_3D('',#7369,#5622,#5623);
#4894=AXIS2_PLACEMENT_3D('',#7371,#5624,#5625);
#4895=AXIS2_PLACEMENT_3D('',#7373,#5626,#5627);
#4896=AXIS2_PLACEMENT_3D('',#7375,#5628,#5629);
#4897=AXIS2_PLACEMENT_3D('',#7377,#5630,#5631);
#4898=AXIS2_PLACEMENT_3D('',#7379,#5632,#5633);
#4899=AXIS2_PLACEMENT_3D('',#7381,#5634,#5635);
#4900=AXIS2_PLACEMENT_3D('',#7383,#5636,#5637);
#4901=AXIS2_PLACEMENT_3D('',#7385,#5638,#5639);
#4902=AXIS2_PLACEMENT_3D('',#7391,#5642,#5643);
#4903=AXIS2_PLACEMENT_3D('',#7393,#5644,#5645);
#4904=AXIS2_PLACEMENT_3D('',#7399,#5648,#5649);
#4905=AXIS2_PLACEMENT_3D('',#7574,#5659,#5660);
#4906=AXIS2_PLACEMENT_3D('',#7578,#5662,#5663);
#4907=AXIS2_PLACEMENT_3D('',#7582,#5665,#5666);
#4908=AXIS2_PLACEMENT_3D('',#7736,#5688,#5689);
#4909=AXIS2_PLACEMENT_3D('',#7739,#5690,#5691);
#4910=AXIS2_PLACEMENT_3D('',#7742,#5694,#5695);
#4911=AXIS2_PLACEMENT_3D('',#7745,#5696,#5697);
#4912=AXIS2_PLACEMENT_3D('',#7748,#5700,#5701);
#4913=AXIS2_PLACEMENT_3D('',#7751,#5702,#5703);
#4914=AXIS2_PLACEMENT_3D('',#7754,#5706,#5707);
#4915=AXIS2_PLACEMENT_3D('',#7757,#5708,#5709);
#4916=AXIS2_PLACEMENT_3D('',#7760,#5712,#5713);
#4917=AXIS2_PLACEMENT_3D('',#7763,#5714,#5715);
#4918=AXIS2_PLACEMENT_3D('',#7766,#5718,#5719);
#4919=AXIS2_PLACEMENT_3D('',#7769,#5720,#5721);
#4920=AXIS2_PLACEMENT_3D('',#7772,#5724,#5725);
#4921=AXIS2_PLACEMENT_3D('',#7775,#5726,#5727);
#4922=AXIS2_PLACEMENT_3D('',#7778,#5730,#5731);
#4923=AXIS2_PLACEMENT_3D('',#7781,#5732,#5733);
#4924=AXIS2_PLACEMENT_3D('',#7785,#5735,#5736);
#4925=AXIS2_PLACEMENT_3D('',#7787,#5738,#5739);
#4926=AXIS2_PLACEMENT_3D('',#7789,#5741,#5742);
#4927=AXIS2_PLACEMENT_3D('',#7795,#5746,#5747);
#4928=AXIS2_PLACEMENT_3D('',#7799,#5750,#5751);
#4929=AXIS2_PLACEMENT_3D('',#7803,#5754,#5755);
#4930=AXIS2_PLACEMENT_3D('',#7807,#5758,#5759);
#4931=AXIS2_PLACEMENT_3D('',#7811,#5762,#5763);
#4932=AXIS2_PLACEMENT_3D('',#7815,#5766,#5767);
#4933=AXIS2_PLACEMENT_3D('',#7819,#5770,#5771);
#4934=AXIS2_PLACEMENT_3D('',#7823,#5774,#5775);
#4935=AXIS2_PLACEMENT_3D('',#7827,#5778,#5779);
#4936=AXIS2_PLACEMENT_3D('',#7829,#5781,#5782);
#4937=AXIS2_PLACEMENT_3D('',#8047,#5785,#5786);
#4938=AXIS2_PLACEMENT_3D('',#8449,#5790,#5791);
#4939=AXIS2_PLACEMENT_3D('',#8875,#5795,#5796);
#4940=AXIS2_PLACEMENT_3D('',#8877,#5798,#5799);
#4941=AXIS2_PLACEMENT_3D('',#8878,#5800,#5801);
#4942=AXIS2_PLACEMENT_3D('',#8880,#5802,#5803);
#4943=AXIS2_PLACEMENT_3D('',#8882,#5805,#5806);
#4944=AXIS2_PLACEMENT_3D('',#8884,#5807,#5808);
#4945=AXIS2_PLACEMENT_3D('',#8886,#5810,#5811);
#4946=AXIS2_PLACEMENT_3D('',#8887,#5812,#5813);
#4947=AXIS2_PLACEMENT_3D('',#8888,#5814,#5815);
#4948=AXIS2_PLACEMENT_3D('',#8889,#5816,#5817);
#4949=AXIS2_PLACEMENT_3D('',#8893,#5819,#5820);
#4950=AXIS2_PLACEMENT_3D('',#8895,#5822,#5823);
#4951=AXIS2_PLACEMENT_3D('',#8899,#5826,#5827);
#4952=AXIS2_PLACEMENT_3D('',#8902,#5829,#5830);
#4953=AXIS2_PLACEMENT_3D('',#8903,#5831,#5832);
#4954=AXIS2_PLACEMENT_3D('',#8905,#5833,#5834);
#4955=AXIS2_PLACEMENT_3D('',#8907,#5836,#5837);
#4956=AXIS2_PLACEMENT_3D('',#8913,#5841,#5842);
#4957=AXIS2_PLACEMENT_3D('',#8916,#5844,#5845);
#4958=AXIS2_PLACEMENT_3D('',#8917,#5846,#5847);
#4959=AXIS2_PLACEMENT_3D('',#8919,#5848,#5849);
#4960=AXIS2_PLACEMENT_3D('',#8921,#5851,#5852);
#4961=AXIS2_PLACEMENT_3D('',#8927,#5856,#5857);
#4962=AXIS2_PLACEMENT_3D('',#8930,#5859,#5860);
#4963=AXIS2_PLACEMENT_3D('',#8931,#5861,#5862);
#4964=AXIS2_PLACEMENT_3D('',#8933,#5863,#5864);
#4965=AXIS2_PLACEMENT_3D('',#8935,#5866,#5867);
#4966=AXIS2_PLACEMENT_3D('',#8941,#5871,#5872);
#4967=AXIS2_PLACEMENT_3D('',#8944,#5874,#5875);
#4968=AXIS2_PLACEMENT_3D('',#8945,#5876,#5877);
#4969=AXIS2_PLACEMENT_3D('',#8947,#5878,#5879);
#4970=AXIS2_PLACEMENT_3D('',#8949,#5881,#5882);
#4971=AXIS2_PLACEMENT_3D('',#8953,#5885,#5886);
#4972=AXIS2_PLACEMENT_3D('',#8959,#5890,#5891);
#4973=AXIS2_PLACEMENT_3D('',#8963,#5894,#5895);
#4974=AXIS2_PLACEMENT_3D('',#8965,#5896,#5897);
#4975=AXIS2_PLACEMENT_3D('',#8967,#5899,#5900);
#4976=AXIS2_PLACEMENT_3D('',#8968,#5901,#5902);
#4977=AXIS2_PLACEMENT_3D('',#8969,#5903,#5904);
#4978=AXIS2_PLACEMENT_3D('',#8971,#5905,#5906);
#4979=AXIS2_PLACEMENT_3D('',#8973,#5908,#5909);
#4980=AXIS2_PLACEMENT_3D('',#8975,#5910,#5911);
#4981=AXIS2_PLACEMENT_3D('',#8977,#5913,#5914);
#4982=AXIS2_PLACEMENT_3D('',#8979,#5915,#5916);
#4983=AXIS2_PLACEMENT_3D('',#8981,#5918,#5919);
#4984=AXIS2_PLACEMENT_3D('',#8982,#5920,#5921);
#4985=AXIS2_PLACEMENT_3D('',#8983,#5922,#5923);
#4986=AXIS2_PLACEMENT_3D('',#8985,#5924,#5925);
#4987=AXIS2_PLACEMENT_3D('',#8987,#5927,#5928);
#4988=AXIS2_PLACEMENT_3D('',#8989,#5929,#5930);
#4989=AXIS2_PLACEMENT_3D('',#8991,#5932,#5933);
#4990=AXIS2_PLACEMENT_3D('',#8995,#5936,#5937);
#4991=AXIS2_PLACEMENT_3D('',#8999,#5940,#5941);
#4992=AXIS2_PLACEMENT_3D('',#9001,#5942,#5943);
#4993=AXIS2_PLACEMENT_3D('',#9003,#5945,#5946);
#4994=AXIS2_PLACEMENT_3D('',#9009,#5950,#5951);
#4995=AXIS2_PLACEMENT_3D('',#9013,#5954,#5955);
#4996=AXIS2_PLACEMENT_3D('',#9017,#5958,#5959);
#4997=AXIS2_PLACEMENT_3D('',#9023,#5963,#5964);
#4998=AXIS2_PLACEMENT_3D('',#9027,#5967,#5968);
#4999=AXIS2_PLACEMENT_3D('',#9031,#5971,#5972);
#5000=AXIS2_PLACEMENT_3D('',#9035,#5975,#5976);
#5001=AXIS2_PLACEMENT_3D('',#9039,#5979,#5980);
#5002=AXIS2_PLACEMENT_3D('',#9043,#5983,#5984);
#5003=AXIS2_PLACEMENT_3D('',#9047,#5987,#5988);
#5004=AXIS2_PLACEMENT_3D('',#9051,#5991,#5992);
#5005=AXIS2_PLACEMENT_3D('',#9055,#5995,#5996);
#5006=AXIS2_PLACEMENT_3D('',#9061,#6000,#6001);
#5007=AXIS2_PLACEMENT_3D('',#9065,#6004,#6005);
#5008=AXIS2_PLACEMENT_3D('',#9069,#6008,#6009);
#5009=AXIS2_PLACEMENT_3D('',#9073,#6012,#6013);
#5010=AXIS2_PLACEMENT_3D('',#9077,#6016,#6017);
#5011=AXIS2_PLACEMENT_3D('',#9078,#6018,#6019);
#5012=AXIS2_PLACEMENT_3D('',#9079,#6020,#6021);
#5013=AXIS2_PLACEMENT_3D('',#9080,#6022,#6023);
#5014=AXIS2_PLACEMENT_3D('',#9081,#6024,#6025);
#5015=AXIS2_PLACEMENT_3D('',#9082,#6026,#6027);
#5016=AXIS2_PLACEMENT_3D('',#9083,#6028,#6029);
#5017=AXIS2_PLACEMENT_3D('',#9084,#6030,#6031);
#5018=AXIS2_PLACEMENT_3D('',#9085,#6032,#6033);
#5019=AXIS2_PLACEMENT_3D('',#9086,#6034,#6035);
#5020=AXIS2_PLACEMENT_3D('',#9087,#6036,#6037);
#5021=AXIS2_PLACEMENT_3D('',#9088,#6038,#6039);
#5022=AXIS2_PLACEMENT_3D('',#9089,#6040,#6041);
#5023=AXIS2_PLACEMENT_3D('',#9115,#6055,#6056);
#5024=AXIS2_PLACEMENT_3D('',#9121,#6060,#6061);
#5025=AXIS2_PLACEMENT_3D('',#9125,#6064,#6065);
#5026=AXIS2_PLACEMENT_3D('',#9129,#6068,#6069);
#5027=AXIS2_PLACEMENT_3D('',#9131,#6071,#6072);
#5028=AXIS2_PLACEMENT_3D('',#9137,#6076,#6077);
#5029=AXIS2_PLACEMENT_3D('',#9141,#6080,#6081);
#5030=AXIS2_PLACEMENT_3D('',#9145,#6084,#6085);
#5031=AXIS2_PLACEMENT_3D('',#9149,#6088,#6089);
#5032=AXIS2_PLACEMENT_3D('',#9153,#6092,#6093);
#5033=AXIS2_PLACEMENT_3D('',#9155,#6095,#6096);
#5034=AXIS2_PLACEMENT_3D('',#9161,#6100,#6101);
#5035=AXIS2_PLACEMENT_3D('',#9163,#6103,#6104);
#5036=AXIS2_PLACEMENT_3D('',#9165,#6106,#6107);
#5037=AXIS2_PLACEMENT_3D('',#9166,#6108,#6109);
#5038=AXIS2_PLACEMENT_3D('',#9167,#6110,#6111);
#5039=AXIS2_PLACEMENT_3D('',#9171,#6113,#6114);
#5040=AXIS2_PLACEMENT_3D('',#9173,#6116,#6117);
#5041=AXIS2_PLACEMENT_3D('',#9177,#6120,#6121);
#5042=AXIS2_PLACEMENT_3D('',#9181,#6124,#6125);
#5043=AXIS2_PLACEMENT_3D('',#9400,#6129,#6130);
#5044=AXIS2_PLACEMENT_3D('',#9652,#6134,#6135);
#5045=AXIS2_PLACEMENT_3D('',#9656,#6138,#6139);
#5046=AXIS2_PLACEMENT_3D('',#9660,#6142,#6143);
#5047=AXIS2_PLACEMENT_3D('',#9664,#6146,#6147);
#5048=AXIS2_PLACEMENT_3D('',#9668,#6150,#6151);
#5049=AXIS2_PLACEMENT_3D('',#9672,#6154,#6155);
#5050=AXIS2_PLACEMENT_3D('',#9674,#6156,#6157);
#5051=AXIS2_PLACEMENT_3D('',#9676,#6159,#6160);
#5052=AXIS2_PLACEMENT_3D('',#9680,#6163,#6164);
#5053=AXIS2_PLACEMENT_3D('',#9682,#6165,#6166);
#5054=AXIS2_PLACEMENT_3D('',#9684,#6168,#6169);
#5055=AXIS2_PLACEMENT_3D('',#9688,#6172,#6173);
#5056=AXIS2_PLACEMENT_3D('',#9690,#6174,#6175);
#5057=AXIS2_PLACEMENT_3D('',#9692,#6177,#6178);
#5058=AXIS2_PLACEMENT_3D('',#9694,#6180,#6181);
#5059=AXIS2_PLACEMENT_3D('',#9825,#6184,#6185);
#5060=AXIS2_PLACEMENT_3D('',#9829,#6188,#6189);
#5061=AXIS2_PLACEMENT_3D('',#9833,#6192,#6193);
#5062=AXIS2_PLACEMENT_3D('',#9837,#6196,#6197);
#5063=AXIS2_PLACEMENT_3D('',#9841,#6200,#6201);
#5064=AXIS2_PLACEMENT_3D('',#10051,#6205,#6206);
#5065=AXIS2_PLACEMENT_3D('',#10055,#6209,#6210);
#5066=AXIS2_PLACEMENT_3D('',#10059,#6213,#6214);
#5067=AXIS2_PLACEMENT_3D('',#10063,#6217,#6218);
#5068=AXIS2_PLACEMENT_3D('',#10067,#6221,#6222);
#5069=AXIS2_PLACEMENT_3D('',#10069,#6224,#6225);
#5070=AXIS2_PLACEMENT_3D('',#10070,#6226,#6227);
#5071=AXIS2_PLACEMENT_3D('',#10076,#6231,#6232);
#5072=AXIS2_PLACEMENT_3D('',#10080,#6235,#6236);
#5073=AXIS2_PLACEMENT_3D('',#10084,#6239,#6240);
#5074=AXIS2_PLACEMENT_3D('',#10086,#6242,#6243);
#5075=AXIS2_PLACEMENT_3D('',#10087,#6244,#6245);
#5076=AXIS2_PLACEMENT_3D('',#10093,#6249,#6250);
#5077=AXIS2_PLACEMENT_3D('',#10097,#6253,#6254);
#5078=AXIS2_PLACEMENT_3D('',#10101,#6257,#6258);
#5079=AXIS2_PLACEMENT_3D('',#10105,#6261,#6262);
#5080=AXIS2_PLACEMENT_3D('',#10109,#6265,#6266);
#5081=AXIS2_PLACEMENT_3D('',#10111,#6268,#6269);
#5082=AXIS2_PLACEMENT_3D('',#10112,#6270,#6271);
#5083=AXIS2_PLACEMENT_3D('',#10113,#6272,#6273);
#5084=AXIS2_PLACEMENT_3D('',#10114,#6274,#6275);
#5085=AXIS2_PLACEMENT_3D('',#10115,#6276,#6277);
#5086=AXIS2_PLACEMENT_3D('',#10116,#6278,#6279);
#5087=AXIS2_PLACEMENT_3D('',#10117,#6280,#6281);
#5088=AXIS2_PLACEMENT_3D('',#10118,#6282,#6283);
#5089=AXIS2_PLACEMENT_3D('',#10119,#6284,#6285);
#5090=AXIS2_PLACEMENT_3D('',#10120,#6286,#6287);
#5091=AXIS2_PLACEMENT_3D('',#10121,#6288,#6289);
#5092=AXIS2_PLACEMENT_3D('',#10122,#6290,#6291);
#5093=AXIS2_PLACEMENT_3D('',#10123,#6292,#6293);
#5094=AXIS2_PLACEMENT_3D('',#10124,#6294,#6295);
#5095=AXIS2_PLACEMENT_3D('',#10125,#6296,#6297);
#5096=AXIS2_PLACEMENT_3D('',#10137,#6301,#6302);
#5097=AXIS2_PLACEMENT_3D('',#10138,#6303,#6304);
#5098=AXIS2_PLACEMENT_3D('',#10139,#6305,#6306);
#5099=AXIS2_PLACEMENT_3D('',#10143,#6308,#6309);
#5100=AXIS2_PLACEMENT_3D('',#10145,#6311,#6312);
#5101=AXIS2_PLACEMENT_3D('',#10149,#6315,#6316);
#5102=AXIS2_PLACEMENT_3D('',#10152,#6318,#6319);
#5103=AXIS2_PLACEMENT_3D('',#10153,#6320,#6321);
#5104=AXIS2_PLACEMENT_3D('',#10157,#6324,#6325);
#5105=AXIS2_PLACEMENT_3D('',#10161,#6328,#6329);
#5106=AXIS2_PLACEMENT_3D('',#10164,#6331,#6332);
#5107=AXIS2_PLACEMENT_3D('',#10165,#6333,#6334);
#5108=AXIS2_PLACEMENT_3D('',#10171,#6338,#6339);
#5109=AXIS2_PLACEMENT_3D('',#10174,#6341,#6342);
#5110=AXIS2_PLACEMENT_3D('',#10175,#6343,#6344);
#5111=AXIS2_PLACEMENT_3D('',#10181,#6348,#6349);
#5112=AXIS2_PLACEMENT_3D('',#10182,#6350,#6351);
#5113=AXIS2_PLACEMENT_3D('',#10186,#6354,#6355);
#5114=AXIS2_PLACEMENT_3D('',#10190,#6358,#6359);
#5115=AXIS2_PLACEMENT_3D('',#10194,#6362,#6363);
#5116=AXIS2_PLACEMENT_3D('',#10198,#6366,#6367);
#5117=AXIS2_PLACEMENT_3D('',#10199,#6368,#6369);
#5118=AXIS2_PLACEMENT_3D('',#10203,#6372,#6373);
#5119=AXIS2_PLACEMENT_3D('',#10206,#6375,#6376);
#5120=AXIS2_PLACEMENT_3D('',#10207,#6377,#6378);
#5121=AXIS2_PLACEMENT_3D('',#10211,#6381,#6382);
#5122=AXIS2_PLACEMENT_3D('',#10213,#6384,#6385);
#5123=AXIS2_PLACEMENT_3D('',#10216,#6387,#6388);
#5124=AXIS2_PLACEMENT_3D('',#10217,#6389,#6390);
#5125=AXIS2_PLACEMENT_3D('',#10221,#6393,#6394);
#5126=AXIS2_PLACEMENT_3D('',#10223,#6396,#6397);
#5127=AXIS2_PLACEMENT_3D('',#10227,#6400,#6401);
#5128=AXIS2_PLACEMENT_3D('',#10229,#6402,#6403);
#5129=AXIS2_PLACEMENT_3D('',#10234,#6407,#6408);
#5130=AXIS2_PLACEMENT_3D('',#10235,#6409,#6410);
#5131=AXIS2_PLACEMENT_3D('',#10239,#6413,#6414);
#5132=AXIS2_PLACEMENT_3D('',#10243,#6417,#6418);
#5133=AXIS2_PLACEMENT_3D('',#10247,#6421,#6422);
#5134=AXIS2_PLACEMENT_3D('',#10250,#6424,#6425);
#5135=AXIS2_PLACEMENT_3D('',#10251,#6426,#6427);
#5136=AXIS2_PLACEMENT_3D('',#10253,#6429,#6430);
#5137=AXIS2_PLACEMENT_3D('',#10256,#6432,#6433);
#5138=AXIS2_PLACEMENT_3D('',#10257,#6434,#6435);
#5139=AXIS2_PLACEMENT_3D('',#10259,#6437,#6438);
#5140=AXIS2_PLACEMENT_3D('',#10263,#6441,#6442);
#5141=AXIS2_PLACEMENT_3D('',#10265,#6444,#6445);
#5142=AXIS2_PLACEMENT_3D('',#10274,#6450,#6451);
#5143=AXIS2_PLACEMENT_3D('',#10279,#6453,#6454);
#5144=AXIS2_PLACEMENT_3D('',#10282,#6456,#6457);
#5145=AXIS2_PLACEMENT_3D('',#10284,#6458,#6459);
#5146=AXIS2_PLACEMENT_3D('',#10287,#6461,#6462);
#5147=AXIS2_PLACEMENT_3D('',#10288,#6463,#6464);
#5148=AXIS2_PLACEMENT_3D('',#10294,#6468,#6469);
#5149=AXIS2_PLACEMENT_3D('',#10296,#6470,#6471);
#5150=AXIS2_PLACEMENT_3D('',#10298,#6473,#6474);
#5151=AXIS2_PLACEMENT_3D('',#10302,#6477,#6478);
#5152=AXIS2_PLACEMENT_3D('',#10303,#6479,#6480);
#5153=AXIS2_PLACEMENT_3D('',#10304,#6481,#6482);
#5154=AXIS2_PLACEMENT_3D('',#10310,#6486,#6487);
#5155=AXIS2_PLACEMENT_3D('',#10311,#6488,#6489);
#5156=AXIS2_PLACEMENT_3D('',#10312,#6490,#6491);
#5157=AXIS2_PLACEMENT_3D('',#10313,#6492,#6493);
#5158=AXIS2_PLACEMENT_3D('',#10314,#6494,#6495);
#5159=AXIS2_PLACEMENT_3D('',#10326,#6499,#6500);
#5160=AXIS2_PLACEMENT_3D('',#10327,#6501,#6502);
#5161=AXIS2_PLACEMENT_3D('',#10328,#6503,#6504);
#5162=DIRECTION('axis',(0.,0.,1.));
#5163=DIRECTION('refdir',(1.,0.,0.));
#5164=DIRECTION('center_axis',(3.51842845256724E-17,-0.17364817766693,-0.984807753012208));
#5165=DIRECTION('ref_axis',(-4.02158212363673E-16,0.984807753012208,-0.17364817766693));
#5166=DIRECTION('',(-1.,-4.02158212363673E-16,3.51842845256725E-17));
#5167=DIRECTION('',(-4.02158212363673E-16,0.984807753012208,-0.17364817766693));
#5168=DIRECTION('',(1.,4.02158212363673E-16,-3.51842845256725E-17));
#5169=DIRECTION('',(-4.02158212363673E-16,0.984807753012208,-0.17364817766693));
#5170=DIRECTION('center_axis',(1.,4.02158212363673E-16,-3.51842845256725E-17));
#5171=DIRECTION('ref_axis',(-4.02158212363673E-16,0.984807753012208,-0.17364817766693));
#5172=DIRECTION('',(3.51842845256724E-17,-0.17364817766693,-0.984807753012208));
#5173=DIRECTION('',(-3.51842845256724E-17,0.17364817766693,0.984807753012208));
#5174=DIRECTION('',(-4.02158212363673E-16,0.984807753012208,-0.17364817766693));
#5175=DIRECTION('center_axis',(-3.51842845256724E-17,0.17364817766693,0.984807753012208));
#5176=DIRECTION('ref_axis',(4.02158212363673E-16,-0.984807753012208,0.17364817766693));
#5177=DIRECTION('',(1.,4.02158212363673E-16,-3.51842845256725E-17));
#5178=DIRECTION('',(-1.,-4.02158212363673E-16,3.51842845256725E-17));
#5179=DIRECTION('',(-4.02158212363673E-16,0.984807753012208,-0.17364817766693));
#5180=DIRECTION('center_axis',(-1.,-4.02158212363673E-16,3.51842845256725E-17));
#5181=DIRECTION('ref_axis',(4.02158212363673E-16,-0.984807753012208,0.17364817766693));
#5182=DIRECTION('',(-3.51842845256724E-17,0.17364817766693,0.984807753012208));
#5183=DIRECTION('',(3.51842845256724E-17,-0.17364817766693,-0.984807753012208));
#5184=DIRECTION('center_axis',(4.02158212363673E-16,-0.984807753012208,
0.17364817766693));
#5185=DIRECTION('ref_axis',(1.,4.02158212363673E-16,-3.51842845256725E-17));
#5186=DIRECTION('center_axis',(4.02158212363673E-16,-0.984807753012208,
0.17364817766693));
#5187=DIRECTION('ref_axis',(1.,4.02158212363673E-16,-3.51842845256725E-17));
#5188=DIRECTION('center_axis',(-4.02158212363673E-16,0.984807753012208,
-0.17364817766693));
#5189=DIRECTION('ref_axis',(1.,4.02158212363673E-16,-3.51842845256725E-17));
#5190=DIRECTION('center_axis',(4.02158212363673E-16,-0.984807753012208,
0.17364817766693));
#5191=DIRECTION('ref_axis',(1.,4.02158212363673E-16,-3.51842845256725E-17));
#5192=DIRECTION('center_axis',(4.02158212363673E-16,-0.984807753012208,
0.17364817766693));
#5193=DIRECTION('ref_axis',(1.,4.02158212363673E-16,-3.51842845256725E-17));
#5194=DIRECTION('center_axis',(-4.02158212363673E-16,0.984807753012208,
-0.17364817766693));
#5195=DIRECTION('ref_axis',(1.,4.02158212363673E-16,-3.51842845256725E-17));
#5196=DIRECTION('center_axis',(4.02158212363673E-16,-0.984807753012208,
0.17364817766693));
#5197=DIRECTION('ref_axis',(1.,4.02158212363673E-16,-3.51842845256725E-17));
#5198=DIRECTION('center_axis',(4.02158212363673E-16,-0.984807753012208,
0.17364817766693));
#5199=DIRECTION('ref_axis',(1.,4.02158212363673E-16,-3.51842845256725E-17));
#5200=DIRECTION('center_axis',(-4.02158212363673E-16,0.984807753012208,
-0.17364817766693));
#5201=DIRECTION('ref_axis',(1.,4.02158212363673E-16,-3.51842845256725E-17));
#5202=DIRECTION('center_axis',(4.02158212363673E-16,-0.984807753012208,
0.17364817766693));
#5203=DIRECTION('ref_axis',(1.,4.02158212363673E-16,-3.51842845256725E-17));
#5204=DIRECTION('center_axis',(4.02158212363673E-16,-0.984807753012208,
0.17364817766693));
#5205=DIRECTION('ref_axis',(1.,4.02158212363673E-16,-3.51842845256725E-17));
#5206=DIRECTION('center_axis',(-4.02158212363673E-16,0.984807753012208,
-0.17364817766693));
#5207=DIRECTION('ref_axis',(1.,4.02158212363673E-16,-3.51842845256725E-17));
#5208=DIRECTION('center_axis',(4.02158212363673E-16,-0.984807753012208,
0.17364817766693));
#5209=DIRECTION('ref_axis',(1.,4.02158212363673E-16,-3.51842845256725E-17));
#5210=DIRECTION('center_axis',(-4.02158212363673E-16,0.984807753012208,
-0.17364817766693));
#5211=DIRECTION('ref_axis',(1.,4.02158212363673E-16,-3.51842845256725E-17));
#5212=DIRECTION('center_axis',(4.02158212363673E-16,-0.984807753012208,
0.17364817766693));
#5213=DIRECTION('ref_axis',(1.,4.02158212363673E-16,-3.51842845256725E-17));
#5214=DIRECTION('center_axis',(4.02158212363673E-16,-0.984807753012208,
0.17364817766693));
#5215=DIRECTION('ref_axis',(1.,4.02158212363673E-16,-3.51842845256725E-17));
#5216=DIRECTION('',(4.02158212363673E-16,-0.984807753012208,0.17364817766693));
#5217=DIRECTION('center_axis',(-4.02158212363673E-16,0.984807753012208,
-0.17364817766693));
#5218=DIRECTION('ref_axis',(1.,4.02158212363673E-16,-3.51842845256725E-17));
#5219=DIRECTION('',(-4.02158212363673E-16,0.984807753012208,-0.17364817766693));
#5220=DIRECTION('',(4.02158212363673E-16,-0.984807753012208,0.17364817766693));
#5221=DIRECTION('center_axis',(-4.02158212363673E-16,0.984807753012208,
-0.17364817766693));
#5222=DIRECTION('ref_axis',(1.,4.02158212363673E-16,-3.51842845256725E-17));
#5223=DIRECTION('center_axis',(4.02158212363673E-16,-0.984807753012208,
0.17364817766693));
#5224=DIRECTION('ref_axis',(1.,4.02158212363673E-16,-3.51842845256725E-17));
#5225=DIRECTION('center_axis',(-4.02158212363673E-16,0.984807753012208,
-0.17364817766693));
#5226=DIRECTION('ref_axis',(1.,4.02158212363673E-16,-3.51842845256725E-17));
#5227=DIRECTION('',(4.02158212363673E-16,-0.984807753012208,0.17364817766693));
#5228=DIRECTION('center_axis',(4.02158212363673E-16,-0.984807753012208,
0.17364817766693));
#5229=DIRECTION('ref_axis',(1.,4.02158212363673E-16,-3.51842845256725E-17));
#5230=DIRECTION('center_axis',(-4.02158212363673E-16,0.984807753012208,
-0.17364817766693));
#5231=DIRECTION('ref_axis',(1.,4.02158212363673E-16,-3.51842845256725E-17));
#5232=DIRECTION('center_axis',(4.02158212363673E-16,-0.984807753012208,
0.17364817766693));
#5233=DIRECTION('ref_axis',(1.,4.02158212363673E-16,-3.51842845256725E-17));
#5234=DIRECTION('center_axis',(4.02158212363673E-16,-0.984807753012208,
0.17364817766693));
#5235=DIRECTION('ref_axis',(1.,4.02158212363673E-16,-3.51842845256725E-17));
#5236=DIRECTION('center_axis',(4.02158212363673E-16,-0.984807753012208,
0.17364817766693));
#5237=DIRECTION('ref_axis',(1.,4.02158212363673E-16,-3.51842845256725E-17));
#5238=DIRECTION('center_axis',(4.02158212363673E-16,-0.984807753012208,
0.17364817766693));
#5239=DIRECTION('ref_axis',(1.,4.02158212363673E-16,-3.51842845256725E-17));
#5240=DIRECTION('center_axis',(4.02158212363673E-16,-0.984807753012208,
0.17364817766693));
#5241=DIRECTION('ref_axis',(1.,4.02158212363673E-16,-3.51842845256725E-17));
#5242=DIRECTION('center_axis',(4.02158212363673E-16,-0.984807753012208,
0.17364817766693));
#5243=DIRECTION('ref_axis',(1.,4.02158212363673E-16,-3.51842845256725E-17));
#5244=DIRECTION('',(4.02158212363673E-16,-0.984807753012208,0.17364817766693));
#5245=DIRECTION('center_axis',(4.02158212363673E-16,-0.984807753012208,
0.17364817766693));
#5246=DIRECTION('ref_axis',(1.,4.02158212363673E-16,-3.51842845256725E-17));
#5247=DIRECTION('center_axis',(-4.02158212363673E-16,0.984807753012208,
-0.17364817766693));
#5248=DIRECTION('ref_axis',(1.,4.02158212363673E-16,-3.51842845256725E-17));
#5249=DIRECTION('center_axis',(4.02158212363673E-16,-0.984807753012208,
0.17364817766693));
#5250=DIRECTION('ref_axis',(1.,4.02158212363673E-16,-3.51842845256725E-17));
#5251=DIRECTION('center_axis',(4.02158212363673E-16,-0.984807753012208,
0.17364817766693));
#5252=DIRECTION('ref_axis',(1.,4.02158212363673E-16,-3.51842845256725E-17));
#5253=DIRECTION('center_axis',(-4.02158212363673E-16,0.984807753012208,
-0.17364817766693));
#5254=DIRECTION('ref_axis',(1.,4.02158212363673E-16,-3.51842845256725E-17));
#5255=DIRECTION('center_axis',(4.02158212363673E-16,-0.984807753012208,
0.17364817766693));
#5256=DIRECTION('ref_axis',(1.,4.02158212363673E-16,-3.51842845256725E-17));
#5257=DIRECTION('',(4.02158212363673E-16,-0.984807753012208,0.17364817766693));
#5258=DIRECTION('',(4.02158212363673E-16,-0.984807753012208,0.17364817766693));
#5259=DIRECTION('center_axis',(-4.02158212363673E-16,0.984807753012208,
-0.17364817766693));
#5260=DIRECTION('ref_axis',(1.,4.02158212363673E-16,-3.51842845256725E-17));
#5261=DIRECTION('',(-4.02158212363673E-16,0.984807753012208,-0.17364817766693));
#5262=DIRECTION('center_axis',(4.02158212363673E-16,-0.984807753012208,
0.17364817766693));
#5263=DIRECTION('ref_axis',(1.,4.02158212363673E-16,-3.51842845256725E-17));
#5264=DIRECTION('',(4.02158212363673E-16,-0.984807753012208,0.17364817766693));
#5265=DIRECTION('center_axis',(4.02158212363673E-16,-0.984807753012208,
0.17364817766693));
#5266=DIRECTION('ref_axis',(1.,4.02158212363673E-16,-3.51842845256725E-17));
#5267=DIRECTION('center_axis',(-4.02158212363673E-16,0.984807753012208,
-0.17364817766693));
#5268=DIRECTION('ref_axis',(1.,4.02158212363673E-16,-3.51842845256725E-17));
#5269=DIRECTION('center_axis',(4.02158212363673E-16,-0.984807753012208,
0.17364817766693));
#5270=DIRECTION('ref_axis',(1.,4.02158212363673E-16,-3.51842845256725E-17));
#5271=DIRECTION('center_axis',(4.02158212363673E-16,-0.984807753012208,
0.17364817766693));
#5272=DIRECTION('ref_axis',(1.,4.02158212363673E-16,-3.51842845256725E-17));
#5273=DIRECTION('center_axis',(4.02158212363673E-16,-0.984807753012208,
0.17364817766693));
#5274=DIRECTION('ref_axis',(1.,4.02158212363673E-16,-3.51842845256725E-17));
#5275=DIRECTION('',(4.02158212363673E-16,-0.984807753012208,0.17364817766693));
#5276=DIRECTION('center_axis',(4.02158212363673E-16,-0.984807753012208,
0.17364817766693));
#5277=DIRECTION('ref_axis',(1.,4.02158212363673E-16,-3.51842845256725E-17));
#5278=DIRECTION('center_axis',(4.02158212363673E-16,-0.984807753012208,
0.17364817766693));
#5279=DIRECTION('ref_axis',(1.,4.02158212363673E-16,-3.51842845256725E-17));
#5280=DIRECTION('center_axis',(4.02158212363673E-16,-0.984807753012208,
0.17364817766693));
#5281=DIRECTION('ref_axis',(1.,4.02158212363673E-16,-3.51842845256725E-17));
#5282=DIRECTION('center_axis',(4.02158212363673E-16,-0.984807753012208,
0.17364817766693));
#5283=DIRECTION('ref_axis',(1.,4.02158212363673E-16,-3.51842845256725E-17));
#5284=DIRECTION('center_axis',(-4.02158212363673E-16,0.984807753012208,
-0.17364817766693));
#5285=DIRECTION('ref_axis',(1.,4.02158212363673E-16,-3.51842845256725E-17));
#5286=DIRECTION('center_axis',(4.02158212363673E-16,-0.984807753012208,
0.17364817766693));
#5287=DIRECTION('ref_axis',(1.,4.02158212363673E-16,-3.51842845256725E-17));
#5288=DIRECTION('center_axis',(4.02158212363673E-16,-0.984807753012208,
0.17364817766693));
#5289=DIRECTION('ref_axis',(1.,4.02158212363673E-16,-3.51842845256725E-17));
#5290=DIRECTION('',(4.02158212363673E-16,-0.984807753012208,0.17364817766693));
#5291=DIRECTION('center_axis',(-4.02158212363673E-16,0.984807753012208,
-0.17364817766693));
#5292=DIRECTION('ref_axis',(1.,4.02158212363673E-16,-3.51842845256725E-17));
#5293=DIRECTION('',(-4.02158212363673E-16,0.984807753012208,-0.17364817766693));
#5294=DIRECTION('',(4.02158212363673E-16,-0.984807753012208,0.17364817766693));
#5295=DIRECTION('center_axis',(-4.02158212363673E-16,0.984807753012208,
-0.17364817766693));
#5296=DIRECTION('ref_axis',(1.,4.02158212363673E-16,-3.51842845256725E-17));
#5297=DIRECTION('center_axis',(4.02158212363673E-16,-0.984807753012208,
0.17364817766693));
#5298=DIRECTION('ref_axis',(1.,4.02158212363673E-16,-3.51842845256725E-17));
#5299=DIRECTION('center_axis',(-4.02158212363673E-16,0.984807753012208,
-0.17364817766693));
#5300=DIRECTION('ref_axis',(1.,4.02158212363673E-16,-3.51842845256725E-17));
#5301=DIRECTION('',(4.02158212363673E-16,-0.984807753012208,0.17364817766693));
#5302=DIRECTION('center_axis',(4.02158212363673E-16,-0.984807753012208,
0.17364817766693));
#5303=DIRECTION('ref_axis',(1.,4.02158212363673E-16,-3.51842845256725E-17));
#5304=DIRECTION('center_axis',(-4.02158212363673E-16,0.984807753012208,
-0.17364817766693));
#5305=DIRECTION('ref_axis',(1.,4.02158212363673E-16,-3.51842845256725E-17));
#5306=DIRECTION('center_axis',(4.02158212363673E-16,-0.984807753012208,
0.17364817766693));
#5307=DIRECTION('ref_axis',(1.,4.02158212363673E-16,-3.51842845256725E-17));
#5308=DIRECTION('center_axis',(4.02158212363673E-16,-0.984807753012208,
0.17364817766693));
#5309=DIRECTION('ref_axis',(1.,4.02158212363673E-16,-3.51842845256725E-17));
#5310=DIRECTION('center_axis',(4.02158212363673E-16,-0.984807753012208,
0.17364817766693));
#5311=DIRECTION('ref_axis',(1.,4.02158212363673E-16,-3.51842845256725E-17));
#5312=DIRECTION('center_axis',(4.02158212363673E-16,-0.984807753012208,
0.17364817766693));
#5313=DIRECTION('ref_axis',(1.,4.02158212363673E-16,-3.51842845256725E-17));
#5314=DIRECTION('center_axis',(4.02158212363673E-16,-0.984807753012208,
0.17364817766693));
#5315=DIRECTION('ref_axis',(1.,4.02158212363673E-16,-3.51842845256725E-17));
#5316=DIRECTION('center_axis',(4.02158212363673E-16,-0.984807753012208,
0.17364817766693));
#5317=DIRECTION('ref_axis',(1.,4.02158212363673E-16,-3.51842845256725E-17));
#5318=DIRECTION('',(4.02158212363673E-16,-0.984807753012208,0.17364817766693));
#5319=DIRECTION('center_axis',(4.02158212363673E-16,-0.984807753012208,
0.17364817766693));
#5320=DIRECTION('ref_axis',(1.,4.02158212363673E-16,-3.51842845256725E-17));
#5321=DIRECTION('center_axis',(-4.02158212363673E-16,0.984807753012208,
-0.17364817766693));
#5322=DIRECTION('ref_axis',(1.,4.02158212363673E-16,-3.51842845256725E-17));
#5323=DIRECTION('center_axis',(4.02158212363673E-16,-0.984807753012208,
0.17364817766693));
#5324=DIRECTION('ref_axis',(1.,4.02158212363673E-16,-3.51842845256725E-17));
#5325=DIRECTION('center_axis',(4.02158212363673E-16,-0.984807753012208,
0.17364817766693));
#5326=DIRECTION('ref_axis',(1.,4.02158212363673E-16,-3.51842845256725E-17));
#5327=DIRECTION('center_axis',(-4.02158212363673E-16,0.984807753012208,
-0.17364817766693));
#5328=DIRECTION('ref_axis',(1.,4.02158212363673E-16,-3.51842845256725E-17));
#5329=DIRECTION('center_axis',(4.02158212363673E-16,-0.984807753012208,
0.17364817766693));
#5330=DIRECTION('ref_axis',(1.,4.02158212363673E-16,-3.51842845256725E-17));
#5331=DIRECTION('',(4.02158212363673E-16,-0.984807753012208,0.17364817766693));
#5332=DIRECTION('',(4.02158212363673E-16,-0.984807753012208,0.17364817766693));
#5333=DIRECTION('center_axis',(-4.02158212363673E-16,0.984807753012208,
-0.17364817766693));
#5334=DIRECTION('ref_axis',(1.,4.02158212363673E-16,-3.51842845256725E-17));
#5335=DIRECTION('',(-4.02158212363673E-16,0.984807753012208,-0.17364817766693));
#5336=DIRECTION('center_axis',(4.02158212363673E-16,-0.984807753012208,
0.17364817766693));
#5337=DIRECTION('ref_axis',(1.,4.02158212363673E-16,-3.51842845256725E-17));
#5338=DIRECTION('',(4.02158212363673E-16,-0.984807753012208,0.17364817766693));
#5339=DIRECTION('center_axis',(4.02158212363673E-16,-0.984807753012208,
0.17364817766693));
#5340=DIRECTION('ref_axis',(1.,4.02158212363673E-16,-3.51842845256725E-17));
#5341=DIRECTION('center_axis',(-4.02158212363673E-16,0.984807753012208,
-0.17364817766693));
#5342=DIRECTION('ref_axis',(1.,4.02158212363673E-16,-3.51842845256725E-17));
#5343=DIRECTION('center_axis',(4.02158212363673E-16,-0.984807753012208,
0.17364817766693));
#5344=DIRECTION('ref_axis',(1.,4.02158212363673E-16,-3.51842845256725E-17));
#5345=DIRECTION('center_axis',(4.02158212363673E-16,-0.984807753012208,
0.17364817766693));
#5346=DIRECTION('ref_axis',(1.,4.02158212363673E-16,-3.51842845256725E-17));
#5347=DIRECTION('center_axis',(4.02158212363673E-16,-0.984807753012208,
0.17364817766693));
#5348=DIRECTION('ref_axis',(1.,4.02158212363673E-16,-3.51842845256725E-17));
#5349=DIRECTION('',(4.02158212363673E-16,-0.984807753012208,0.17364817766693));
#5350=DIRECTION('center_axis',(4.02158212363673E-16,-0.984807753012208,
0.17364817766693));
#5351=DIRECTION('ref_axis',(1.,4.02158212363673E-16,-3.51842845256725E-17));
#5352=DIRECTION('center_axis',(4.02158212363673E-16,-0.984807753012208,
0.17364817766693));
#5353=DIRECTION('ref_axis',(1.,4.02158212363673E-16,-3.51842845256725E-17));
#5354=DIRECTION('center_axis',(4.02158212363673E-16,-0.984807753012208,
0.17364817766693));
#5355=DIRECTION('ref_axis',(1.,4.02158212363673E-16,-3.51842845256725E-17));
#5356=DIRECTION('center_axis',(4.02158212363673E-16,-0.984807753012208,
0.17364817766693));
#5357=DIRECTION('ref_axis',(1.,4.02158212363673E-16,-3.51842845256725E-17));
#5358=DIRECTION('',(4.02158212363673E-16,-0.984807753012208,0.17364817766693));
#5359=DIRECTION('center_axis',(-4.02158212363673E-16,0.984807753012208,
-0.17364817766693));
#5360=DIRECTION('ref_axis',(1.,4.02158212363673E-16,-3.51842845256725E-17));
#5361=DIRECTION('',(4.02158212363673E-16,-0.984807753012208,0.17364817766693));
#5362=DIRECTION('center_axis',(4.02158212363673E-16,-0.984807753012208,
0.17364817766693));
#5363=DIRECTION('ref_axis',(1.,4.02158212363673E-16,-3.51842845256725E-17));
#5364=DIRECTION('',(-4.02158212363673E-16,0.984807753012208,-0.17364817766693));
#5365=DIRECTION('center_axis',(4.02158212363673E-16,-0.984807753012208,
0.17364817766693));
#5366=DIRECTION('ref_axis',(1.,4.02158212363673E-16,-3.51842845256725E-17));
#5367=DIRECTION('',(4.02158212363673E-16,-0.984807753012208,0.17364817766693));
#5368=DIRECTION('center_axis',(-4.02158212363673E-16,0.984807753012208,
-0.17364817766693));
#5369=DIRECTION('ref_axis',(1.,4.02158212363673E-16,-3.51842845256725E-17));
#5370=DIRECTION('',(4.02158212363673E-16,-0.984807753012208,0.17364817766693));
#5371=DIRECTION('center_axis',(4.02158212363673E-16,-0.984807753012208,
0.17364817766693));
#5372=DIRECTION('ref_axis',(1.,4.02158212363673E-16,-3.51842845256725E-17));
#5373=DIRECTION('center_axis',(4.02158212363673E-16,-0.984807753012208,
0.17364817766693));
#5374=DIRECTION('ref_axis',(1.,4.02158212363673E-16,-3.51842845256725E-17));
#5375=DIRECTION('center_axis',(4.02158212363673E-16,-0.984807753012208,
0.17364817766693));
#5376=DIRECTION('ref_axis',(1.,4.02158212363673E-16,-3.51842845256725E-17));
#5377=DIRECTION('',(4.02158212363673E-16,-0.984807753012208,0.17364817766693));
#5378=DIRECTION('center_axis',(-4.02158212363673E-16,0.984807753012208,
-0.17364817766693));
#5379=DIRECTION('ref_axis',(1.,4.02158212363673E-16,-3.51842845256725E-17));
#5380=DIRECTION('center_axis',(4.02158212363673E-16,-0.984807753012208,
0.17364817766693));
#5381=DIRECTION('ref_axis',(1.,4.02158212363673E-16,-3.51842845256725E-17));
#5382=DIRECTION('center_axis',(4.02158212363673E-16,-0.984807753012208,
0.17364817766693));
#5383=DIRECTION('ref_axis',(1.,4.02158212363673E-16,-3.51842845256725E-17));
#5384=DIRECTION('',(4.02158212363673E-16,-0.984807753012208,0.17364817766693));
#5385=DIRECTION('center_axis',(-4.02158212363673E-16,0.984807753012208,
-0.17364817766693));
#5386=DIRECTION('ref_axis',(1.,4.02158212363673E-16,-3.51842845256725E-17));
#5387=DIRECTION('center_axis',(4.02158212363673E-16,-0.984807753012208,
0.17364817766693));
#5388=DIRECTION('ref_axis',(1.,4.02158212363673E-16,-3.51842845256725E-17));
#5389=DIRECTION('center_axis',(4.02158212363673E-16,-0.984807753012208,
0.17364817766693));
#5390=DIRECTION('ref_axis',(1.,4.02158212363673E-16,-3.51842845256725E-17));
#5391=DIRECTION('',(4.02158212363673E-16,-0.984807753012208,0.17364817766693));
#5392=DIRECTION('center_axis',(-4.02158212363673E-16,0.984807753012208,
-0.17364817766693));
#5393=DIRECTION('ref_axis',(1.,4.02158212363673E-16,-3.51842845256725E-17));
#5394=DIRECTION('center_axis',(4.02158212363673E-16,-0.984807753012208,
0.17364817766693));
#5395=DIRECTION('ref_axis',(1.,4.02158212363673E-16,-3.51842845256725E-17));
#5396=DIRECTION('center_axis',(4.02158212363673E-16,-0.984807753012208,
0.17364817766693));
#5397=DIRECTION('ref_axis',(1.,4.02158212363673E-16,-3.51842845256725E-17));
#5398=DIRECTION('',(4.02158212363673E-16,-0.984807753012208,0.17364817766693));
#5399=DIRECTION('center_axis',(-4.02158212363673E-16,0.984807753012208,
-0.17364817766693));
#5400=DIRECTION('ref_axis',(1.,4.02158212363673E-16,-3.51842845256725E-17));
#5401=DIRECTION('center_axis',(4.02158212363673E-16,-0.984807753012208,
0.17364817766693));
#5402=DIRECTION('ref_axis',(1.,4.02158212363673E-16,-3.51842845256725E-17));
#5403=DIRECTION('center_axis',(4.02158212363673E-16,-0.984807753012208,
0.17364817766693));
#5404=DIRECTION('ref_axis',(1.,4.02158212363673E-16,-3.51842845256725E-17));
#5405=DIRECTION('',(4.02158212363673E-16,-0.984807753012208,0.17364817766693));
#5406=DIRECTION('center_axis',(-4.02158212363673E-16,0.984807753012208,
-0.17364817766693));
#5407=DIRECTION('ref_axis',(1.,4.02158212363673E-16,-3.51842845256725E-17));
#5408=DIRECTION('center_axis',(4.02158212363673E-16,-0.984807753012208,
0.17364817766693));
#5409=DIRECTION('ref_axis',(1.,4.02158212363673E-16,-3.51842845256725E-17));
#5410=DIRECTION('center_axis',(4.02158212363673E-16,-0.984807753012208,
0.17364817766693));
#5411=DIRECTION('ref_axis',(1.,4.02158212363673E-16,-3.51842845256725E-17));
#5412=DIRECTION('',(4.02158212363673E-16,-0.984807753012208,0.17364817766693));
#5413=DIRECTION('center_axis',(-4.02158212363673E-16,0.984807753012208,
-0.17364817766693));
#5414=DIRECTION('ref_axis',(1.,4.02158212363673E-16,-3.51842845256725E-17));
#5415=DIRECTION('center_axis',(4.02158212363673E-16,-0.984807753012208,
0.17364817766693));
#5416=DIRECTION('ref_axis',(1.,4.02158212363673E-16,-3.51842845256725E-17));
#5417=DIRECTION('center_axis',(4.02158212363673E-16,-0.984807753012208,
0.17364817766693));
#5418=DIRECTION('ref_axis',(1.,4.02158212363673E-16,-3.51842845256725E-17));
#5419=DIRECTION('',(4.02158212363673E-16,-0.984807753012208,0.17364817766693));
#5420=DIRECTION('center_axis',(-4.02158212363673E-16,0.984807753012208,
-0.17364817766693));
#5421=DIRECTION('ref_axis',(1.,4.02158212363673E-16,-3.51842845256725E-17));
#5422=DIRECTION('center_axis',(4.01482911067013E-16,-0.999847695065702,
-0.0174524116328441));
#5423=DIRECTION('ref_axis',(1.,4.02158212363673E-16,-3.51842845256725E-17));
#5424=DIRECTION('center_axis',(4.02158212363673E-16,-0.984807753012208,
0.17364817766693));
#5425=DIRECTION('ref_axis',(-3.51842845256724E-17,0.17364817766693,0.984807753012208));
#5426=DIRECTION('',(4.01482911067013E-16,-0.999847695065702,-0.0174524116328441));
#5427=DIRECTION('center_axis',(4.02158212363673E-16,-0.984807753012208,
0.17364817766693));
#5428=DIRECTION('ref_axis',(1.,4.02158212363673E-16,-3.51842845256725E-17));
#5429=DIRECTION('',(-0.942328450890484,-0.329604857458786,0.0581182293425515));
#5430=DIRECTION('center_axis',(-4.02158212363673E-16,0.984807753012208,
-0.17364817766693));
#5431=DIRECTION('ref_axis',(1.,4.02158212363673E-16,-3.51842845256725E-17));
#5432=DIRECTION('center_axis',(4.02158212363673E-16,-0.984807753012208,
0.17364817766693));
#5433=DIRECTION('ref_axis',(1.,4.02158212363673E-16,-3.51842845256725E-17));
#5434=DIRECTION('',(1.05326906032839E-16,-0.17364817766693,-0.984807753012208));
#5435=DIRECTION('center_axis',(4.02158212363673E-16,-0.984807753012208,
0.17364817766693));
#5436=DIRECTION('ref_axis',(1.,4.02158212363673E-16,-3.51842845256725E-17));
#5437=DIRECTION('',(1.58398295215614E-15,0.17364817766693,0.984807753012208));
#5438=DIRECTION('center_axis',(-4.02158212363673E-16,0.984807753012208,
-0.17364817766693));
#5439=DIRECTION('ref_axis',(1.,4.02158212363673E-16,-3.51842845256725E-17));
#5440=DIRECTION('center_axis',(-4.02158212363673E-16,0.984807753012208,
-0.17364817766693));
#5441=DIRECTION('ref_axis',(1.,4.02158212363673E-16,-3.51842845256725E-17));
#5442=DIRECTION('',(1.65435152120748E-15,-0.17364817766693,-0.984807753012208));
#5443=DIRECTION('',(-1.,-4.02158212363673E-16,3.51842845256725E-17));
#5444=DIRECTION('',(1.58398295215614E-15,0.17364817766693,0.984807753012208));
#5445=DIRECTION('center_axis',(-4.02158212363673E-16,0.984807753012208,
-0.17364817766693));
#5446=DIRECTION('ref_axis',(-1.,-4.02158212363673E-16,3.51842845256725E-17));
#5447=DIRECTION('center_axis',(-4.02158212363673E-16,0.984807753012208,
-0.17364817766693));
#5448=DIRECTION('ref_axis',(-1.,-4.02158212363673E-16,3.51842845256725E-17));
#5449=DIRECTION('',(1.65435152120748E-15,-0.17364817766693,-0.984807753012208));
#5450=DIRECTION('center_axis',(4.02158212363673E-16,-0.984807753012208,
0.17364817766693));
#5451=DIRECTION('ref_axis',(1.,4.02158212363673E-16,-3.51842845256725E-17));
#5452=DIRECTION('',(3.49583369814944E-17,0.17364817766693,0.984807753012208));
#5453=DIRECTION('',(1.,4.02158212363673E-16,-3.51842845256725E-17));
#5454=DIRECTION('center_axis',(-4.02158212363673E-16,0.984807753012208,
-0.17364817766693));
#5455=DIRECTION('ref_axis',(-1.,-4.02158212363673E-16,3.51842845256725E-17));
#5456=DIRECTION('center_axis',(-4.02158212363673E-16,0.984807753012208,
-0.17364817766693));
#5457=DIRECTION('ref_axis',(-1.,-4.02158212363673E-16,3.51842845256725E-17));
#5458=DIRECTION('',(-3.51842845256724E-17,0.17364817766693,0.984807753012208));
#5459=DIRECTION('',(1.,4.02158212363673E-16,-3.51842845256725E-17));
#5460=DIRECTION('',(3.51842845256724E-17,-0.17364817766693,-0.984807753012208));
#5461=DIRECTION('',(1.,4.02158212363673E-16,-3.51842845256725E-17));
#5462=DIRECTION('center_axis',(-4.02158212363673E-16,0.984807753012208,
-0.17364817766693));
#5463=DIRECTION('ref_axis',(-3.51842845256724E-17,0.17364817766693,0.984807753012208));
#5464=DIRECTION('',(-1.,-4.02158212363673E-16,3.51842845256725E-17));
#5465=DIRECTION('',(-1.,-4.02158212363673E-16,3.51842845256725E-17));
#5466=DIRECTION('center_axis',(-4.02158212363673E-16,0.984807753012208,
-0.17364817766693));
#5467=DIRECTION('ref_axis',(3.51842845256724E-17,-0.17364817766693,-0.984807753012208));
#5468=DIRECTION('center_axis',(-4.02158212363673E-16,0.984807753012208,
-0.17364817766693));
#5469=DIRECTION('ref_axis',(-1.,-4.02158212363673E-16,3.51842845256725E-17));
#5470=DIRECTION('',(0.707106781186557,0.69636424032001,-0.122787803968971));
#5471=DIRECTION('center_axis',(-4.02158212363673E-16,0.984807753012208,
-0.17364817766693));
#5472=DIRECTION('ref_axis',(1.,4.02158212363673E-16,-3.51842845256725E-17));
#5473=DIRECTION('',(-3.09247845251509E-16,0.819152044288984,0.573576436351058));
#5474=DIRECTION('center_axis',(4.02158212363673E-16,-0.984807753012208,
0.17364817766693));
#5475=DIRECTION('ref_axis',(1.,4.02158212363673E-16,-3.51842845256725E-17));
#5476=DIRECTION('center_axis',(2.59489752892915E-16,-0.573576436351052,
0.819152044288988));
#5477=DIRECTION('ref_axis',(1.,4.02158212363673E-16,-3.51842845256725E-17));
#5478=DIRECTION('',(1.,4.02158212363673E-16,-3.51842845256725E-17));
#5479=DIRECTION('',(-3.09247845251511E-16,0.819152044288988,0.573576436351052));
#5480=DIRECTION('',(-1.,-4.02158212363673E-16,3.51842845256725E-17));
#5481=DIRECTION('center_axis',(-4.02158212363673E-16,0.984807753012208,
-0.17364817766693));
#5482=DIRECTION('ref_axis',(-1.,-4.02158212363673E-16,3.51842845256725E-17));
#5483=DIRECTION('center_axis',(-4.02158212363673E-16,0.984807753012208,
-0.17364817766693));
#5484=DIRECTION('ref_axis',(1.,4.02158212363673E-16,-3.51842845256725E-17));
#5485=DIRECTION('',(-0.707106781186557,0.696364240320009,-0.122787803968971));
#5486=DIRECTION('center_axis',(4.02158212363673E-16,-0.984807753012208,
0.17364817766693));
#5487=DIRECTION('ref_axis',(1.,4.02158212363673E-16,-3.51842845256725E-17));
#5488=DIRECTION('center_axis',(4.02158212363673E-16,-0.984807753012208,
0.17364817766693));
#5489=DIRECTION('ref_axis',(1.,4.02158212363673E-16,-3.51842845256725E-17));
#5490=DIRECTION('',(-1.,-4.02158212363673E-16,3.51842845256725E-17));
#5491=DIRECTION('',(-3.51842845256724E-17,0.17364817766693,0.984807753012208));
#5492=DIRECTION('center_axis',(4.02158212363673E-16,-0.984807753012208,
0.17364817766693));
#5493=DIRECTION('ref_axis',(1.,4.02158212363673E-16,-3.51842845256725E-17));
#5494=DIRECTION('center_axis',(4.02158212363673E-16,-0.984807753012208,
0.17364817766693));
#5495=DIRECTION('ref_axis',(1.,4.02158212363673E-16,-3.51842845256725E-17));
#5496=DIRECTION('',(3.51842845256724E-17,-0.17364817766693,-0.984807753012208));
#5497=DIRECTION('center_axis',(-4.02158212363673E-16,0.984807753012208,
-0.17364817766693));
#5498=DIRECTION('ref_axis',(-1.,-4.02158212363673E-16,3.51842845256725E-17));
#5499=DIRECTION('',(-1.,-4.02158212363673E-16,3.51842845256725E-17));
#5500=DIRECTION('center_axis',(4.02158212363673E-16,-0.984807753012208,
0.17364817766693));
#5501=DIRECTION('ref_axis',(1.,4.02158212363673E-16,-3.51842845256725E-17));
#5502=DIRECTION('center_axis',(-4.02158212363673E-16,0.984807753012208,
-0.17364817766693));
#5503=DIRECTION('ref_axis',(-1.,-4.02158212363673E-16,3.51842845256725E-17));
#5504=DIRECTION('',(-0.707106781186557,-0.69636424032001,0.122787803968971));
#5505=DIRECTION('center_axis',(4.02158212363673E-16,-0.984807753012208,
0.17364817766693));
#5506=DIRECTION('ref_axis',(1.,4.02158212363673E-16,-3.51842845256725E-17));
#5507=DIRECTION('',(2.59489752892909E-16,-0.573576436351035,0.819152044289));
#5508=DIRECTION('center_axis',(-4.02158212363673E-16,0.984807753012208,
-0.17364817766693));
#5509=DIRECTION('ref_axis',(1.,4.02158212363673E-16,-3.51842845256725E-17));
#5510=DIRECTION('center_axis',(3.09247845251516E-16,-0.819152044289,-0.573576436351035));
#5511=DIRECTION('ref_axis',(-1.,-4.02158212363673E-16,3.51842845256725E-17));
#5512=DIRECTION('',(1.,4.02158212363673E-16,-3.51842845256725E-17));
#5513=DIRECTION('',(2.59489752892909E-16,-0.573576436351035,0.819152044289));
#5514=DIRECTION('',(-1.,-4.02158212363673E-16,3.51842845256725E-17));
#5515=DIRECTION('center_axis',(-4.02158212363673E-16,0.984807753012208,
-0.17364817766693));
#5516=DIRECTION('ref_axis',(-1.,-4.02158212363673E-16,3.51842845256725E-17));
#5517=DIRECTION('center_axis',(4.02158212363673E-16,-0.984807753012208,
0.17364817766693));
#5518=DIRECTION('ref_axis',(1.,4.02158212363673E-16,-3.51842845256725E-17));
#5519=DIRECTION('',(0.707106781186563,-0.696364240320004,0.12278780396897));
#5520=DIRECTION('center_axis',(-4.02158212363673E-16,0.984807753012208,
-0.17364817766693));
#5521=DIRECTION('ref_axis',(1.,4.02158212363673E-16,-3.51842845256725E-17));
#5522=DIRECTION('center_axis',(-0.707106781186537,-0.696364240320029,0.122787803968974));
#5523=DIRECTION('ref_axis',(-1.05326906032839E-16,0.17364817766693,0.984807753012208));
#5524=DIRECTION('',(1.05326906032839E-16,-0.17364817766693,-0.984807753012208));
#5525=DIRECTION('',(-1.05326906032839E-16,0.17364817766693,0.984807753012208));
#5526=DIRECTION('center_axis',(4.02158212363673E-16,-0.984807753012208,
0.17364817766693));
#5527=DIRECTION('ref_axis',(1.,4.02158212363673E-16,-3.51842845256725E-17));
#5528=DIRECTION('',(3.49583369814944E-17,0.17364817766693,0.984807753012208));
#5529=DIRECTION('',(-3.51842845256724E-17,0.17364817766693,0.984807753012208));
#5530=DIRECTION('',(-1.,-4.02158212363673E-16,3.51842845256725E-17));
#5531=DIRECTION('',(-3.51842845256724E-17,0.17364817766693,0.984807753012208));
#5532=DIRECTION('',(1.,4.02158212363673E-16,-3.51842845256725E-17));
#5533=DIRECTION('',(-3.51842845256724E-17,0.17364817766693,0.984807753012208));
#5534=DIRECTION('',(1.,4.02158212363673E-16,-3.51842845256725E-17));
#5535=DIRECTION('',(3.51842845256724E-17,-0.17364817766693,-0.984807753012208));
#5536=DIRECTION('',(-1.,-4.02158212363673E-16,3.51842845256725E-17));
#5537=DIRECTION('',(-3.51842845256724E-17,0.17364817766693,0.984807753012208));
#5538=DIRECTION('',(1.,4.02158212363673E-16,-3.51842845256725E-17));
#5539=DIRECTION('',(-1.74587415502883E-6,-0.173648177666666,-0.984807753010707));
#5540=DIRECTION('',(-0.999999999999707,1.32976921302263E-7,7.54149598526195E-7));
#5541=DIRECTION('',(-6.51632310668033E-7,0.173648177666893,0.984807753011999));
#5542=DIRECTION('center_axis',(4.02158212363673E-16,-0.984807753012208,
0.17364817766693));
#5543=DIRECTION('ref_axis',(1.,4.02158212363673E-16,-3.51842845256725E-17));
#5544=DIRECTION('center_axis',(4.02158212363673E-16,-0.984807753012208,
0.17364817766693));
#5545=DIRECTION('ref_axis',(1.,4.02158212363673E-16,-3.51842845256725E-17));
#5546=DIRECTION('center_axis',(-4.02158212363673E-16,0.984807753012208,
-0.17364817766693));
#5547=DIRECTION('ref_axis',(1.,4.02158212363673E-16,-3.51842845256725E-17));
#5548=DIRECTION('center_axis',(-4.02158212363673E-16,0.984807753012208,
-0.17364817766693));
#5549=DIRECTION('ref_axis',(1.,4.02158212363673E-16,-3.51842845256725E-17));
#5550=DIRECTION('',(-0.491817148928639,0.15119520923009,0.857470641319908));
#5551=DIRECTION('center_axis',(4.02158212363673E-16,-0.984807753012208,
0.17364817766693));
#5552=DIRECTION('ref_axis',(1.,4.02158212363673E-16,-3.51842845256725E-17));
#5553=DIRECTION('',(3.51842845256724E-17,-0.17364817766693,-0.984807753012208));
#5554=DIRECTION('',(-1.,-4.02158212363673E-16,3.51842845256725E-17));
#5555=DIRECTION('',(-3.51842845256724E-17,0.17364817766693,0.984807753012208));
#5556=DIRECTION('',(-1.,-4.02158212363673E-16,3.51842845256725E-17));
#5557=DIRECTION('',(-3.51842845256724E-17,0.17364817766693,0.984807753012208));
#5558=DIRECTION('',(1.,4.02158212363673E-16,-3.51842845256725E-17));
#5559=DIRECTION('',(0.545799868455363,-0.145502511887962,-0.825185750378909));
#5560=DIRECTION('',(1.,4.02158212363673E-16,-3.51842845256725E-17));
#5561=DIRECTION('',(0.4918171489481,-0.151195209228181,-0.857470641309082));
#5562=DIRECTION('center_axis',(4.02158212363673E-16,-0.984807753012208,
0.17364817766693));
#5563=DIRECTION('ref_axis',(1.,4.02158212363673E-16,-3.51842845256725E-17));
#5564=DIRECTION('',(-3.51842845256724E-17,0.17364817766693,0.984807753012208));
#5565=DIRECTION('',(1.,4.02158212363673E-16,-3.51842845256725E-17));
#5566=DIRECTION('',(3.51842845256724E-17,-0.17364817766693,-0.984807753012208));
#5567=DIRECTION('',(1.,4.02158212363673E-16,-3.51842845256725E-17));
#5568=DIRECTION('',(3.51842845256724E-17,-0.17364817766693,-0.984807753012208));
#5569=DIRECTION('center_axis',(4.02158212363673E-16,-0.984807753012208,
0.17364817766693));
#5570=DIRECTION('ref_axis',(1.,4.02158212363673E-16,-3.51842845256725E-17));
#5571=DIRECTION('center_axis',(4.02158212363673E-16,-0.984807753012208,
0.17364817766693));
#5572=DIRECTION('ref_axis',(1.,4.02158212363673E-16,-3.51842845256725E-17));
#5573=DIRECTION('',(1.,4.02158212363673E-16,-3.51842845256725E-17));
#5574=DIRECTION('center_axis',(4.02158212363673E-16,-0.984807753012208,
0.17364817766693));
#5575=DIRECTION('ref_axis',(1.,4.02158212363673E-16,-3.51842845256725E-17));
#5576=DIRECTION('center_axis',(-4.02158212363673E-16,0.984807753012208,
-0.17364817766693));
#5577=DIRECTION('ref_axis',(1.,4.02158212363673E-16,-3.51842845256725E-17));
#5578=DIRECTION('center_axis',(-4.02158212363673E-16,0.984807753012208,
-0.17364817766693));
#5579=DIRECTION('ref_axis',(1.,1.24514210267403E-14,6.8299580854444E-14));
#5580=DIRECTION('center_axis',(4.02158212363673E-16,-0.984807753012208,
0.17364817766693));
#5581=DIRECTION('ref_axis',(1.,4.02158212363673E-16,-3.51842845256725E-17));
#5582=DIRECTION('center_axis',(4.02158212363673E-16,-0.984807753012208,
0.17364817766693));
#5583=DIRECTION('ref_axis',(1.,4.02158212363673E-16,-3.51842845256725E-17));
#5584=DIRECTION('',(-3.51842845256724E-17,0.17364817766693,0.984807753012208));
#5585=DIRECTION('center_axis',(4.02158212363673E-16,-0.984807753012208,
0.17364817766693));
#5586=DIRECTION('ref_axis',(1.,4.02158212363673E-16,-3.51842845256725E-17));
#5587=DIRECTION('center_axis',(-4.02158212363673E-16,0.984807753012208,
-0.17364817766693));
#5588=DIRECTION('ref_axis',(1.,4.02158212363673E-16,-3.51842845256725E-17));
#5589=DIRECTION('center_axis',(-4.02158212363673E-16,0.984807753012208,
-0.17364817766693));
#5590=DIRECTION('ref_axis',(1.,-1.16471046020129E-14,-6.83699494234954E-14));
#5591=DIRECTION('center_axis',(4.02158212363673E-16,-0.984807753012208,
0.17364817766693));
#5592=DIRECTION('ref_axis',(1.,4.02158212363673E-16,-3.51842845256725E-17));
#5593=DIRECTION('center_axis',(4.02158212363673E-16,-0.984807753012208,
0.17364817766693));
#5594=DIRECTION('ref_axis',(1.,4.02158212363673E-16,-3.51842845256725E-17));
#5595=DIRECTION('',(-3.51842845256724E-17,0.17364817766693,0.984807753012208));
#5596=DIRECTION('center_axis',(4.02158212363673E-16,-0.984807753012208,
0.17364817766693));
#5597=DIRECTION('ref_axis',(1.,4.02158212363673E-16,-3.51842845256725E-17));
#5598=DIRECTION('center_axis',(-4.02158212363673E-16,0.984807753012208,
-0.17364817766693));
#5599=DIRECTION('ref_axis',(1.,4.02158212363673E-16,-3.51842845256725E-17));
#5600=DIRECTION('center_axis',(-4.02158212363673E-16,0.984807753012208,
-0.17364817766693));
#5601=DIRECTION('ref_axis',(1.,4.02158212363673E-16,-3.51842845256725E-17));
#5602=DIRECTION('center_axis',(4.02158212363673E-16,-0.984807753012208,
0.17364817766693));
#5603=DIRECTION('ref_axis',(1.,4.02158212363673E-16,-3.51842845256725E-17));
#5604=DIRECTION('center_axis',(4.02158212363673E-16,-0.984807753012208,
0.17364817766693));
#5605=DIRECTION('ref_axis',(1.,4.02158212363673E-16,-3.51842845256725E-17));
#5606=DIRECTION('',(1.,4.02158212363673E-16,-3.51842845256725E-17));
#5607=DIRECTION('center_axis',(4.02158212363673E-16,-0.984807753012208,
0.17364817766693));
#5608=DIRECTION('ref_axis',(1.,4.02158212363673E-16,-3.51842845256725E-17));
#5609=DIRECTION('center_axis',(-4.02158212363673E-16,0.984807753012208,
-0.17364817766693));
#5610=DIRECTION('ref_axis',(1.,4.02158212363673E-16,-3.51842845256725E-17));
#5611=DIRECTION('center_axis',(-4.02158212363673E-16,0.984807753012208,
-0.17364817766693));
#5612=DIRECTION('ref_axis',(1.,-1.16471046020129E-14,-6.83699494234954E-14));
#5613=DIRECTION('center_axis',(4.02158212363673E-16,-0.984807753012208,
0.17364817766693));
#5614=DIRECTION('ref_axis',(1.,4.02158212363673E-16,-3.51842845256725E-17));
#5615=DIRECTION('',(3.51842845256724E-17,-0.17364817766693,-0.984807753012208));
#5616=DIRECTION('center_axis',(4.02158212363673E-16,-0.984807753012208,
0.17364817766693));
#5617=DIRECTION('ref_axis',(1.,4.02158212363673E-16,-3.51842845256725E-17));
#5618=DIRECTION('',(1.,4.02158212363673E-16,-3.51842845256725E-17));
#5619=DIRECTION('',(3.51842845256724E-17,-0.17364817766693,-0.984807753012208));
#5620=DIRECTION('center_axis',(4.02158212363673E-16,-0.984807753012208,
0.17364817766693));
#5621=DIRECTION('ref_axis',(1.,4.02158212363673E-16,-3.51842845256725E-17));
#5622=DIRECTION('center_axis',(-4.02158212363673E-16,0.984807753012208,
-0.17364817766693));
#5623=DIRECTION('ref_axis',(1.,4.02158212363673E-16,-3.51842845256725E-17));
#5624=DIRECTION('center_axis',(-4.02158212363673E-16,0.984807753012208,
-0.17364817766693));
#5625=DIRECTION('ref_axis',(1.,4.02158212363673E-16,-3.51842845256725E-17));
#5626=DIRECTION('center_axis',(4.02158212363673E-16,-0.984807753012208,
0.17364817766693));
#5627=DIRECTION('ref_axis',(1.,4.02158212363673E-16,-3.51842845256725E-17));
#5628=DIRECTION('center_axis',(4.02158212363673E-16,-0.984807753012208,
0.17364817766693));
#5629=DIRECTION('ref_axis',(1.,4.02158212363673E-16,-3.51842845256725E-17));
#5630=DIRECTION('center_axis',(4.02158212363673E-16,-0.984807753012208,
0.17364817766693));
#5631=DIRECTION('ref_axis',(1.,4.02158212363673E-16,-3.51842845256725E-17));
#5632=DIRECTION('center_axis',(-4.02158212363673E-16,0.984807753012208,
-0.17364817766693));
#5633=DIRECTION('ref_axis',(1.,4.02158212363673E-16,-3.51842845256725E-17));
#5634=DIRECTION('center_axis',(-4.02158212363673E-16,0.984807753012208,
-0.17364817766693));
#5635=DIRECTION('ref_axis',(1.,4.02158212363673E-16,-3.51842845256725E-17));
#5636=DIRECTION('center_axis',(4.02158212363673E-16,-0.984807753012208,
0.17364817766693));
#5637=DIRECTION('ref_axis',(1.,4.02158212363673E-16,-3.51842845256725E-17));
#5638=DIRECTION('center_axis',(4.02158212363673E-16,-0.984807753012208,
0.17364817766693));
#5639=DIRECTION('ref_axis',(1.,4.02158212363673E-16,-3.51842845256725E-17));
#5640=DIRECTION('',(3.51842845256724E-17,-0.17364817766693,-0.984807753012208));
#5641=DIRECTION('',(-1.,-4.02158212363673E-16,3.51842845256725E-17));
#5642=DIRECTION('center_axis',(4.02158212363673E-16,-0.984807753012208,
0.17364817766693));
#5643=DIRECTION('ref_axis',(1.,4.02158212363673E-16,-3.51842845256725E-17));
#5644=DIRECTION('center_axis',(4.02158212363673E-16,-0.984807753012208,
0.17364817766693));
#5645=DIRECTION('ref_axis',(1.,4.02158212363673E-16,-3.51842845256725E-17));
#5646=DIRECTION('',(3.51842845256724E-17,-0.17364817766693,-0.984807753012208));
#5647=DIRECTION('',(-1.,-4.02158212363673E-16,3.51842845256725E-17));
#5648=DIRECTION('center_axis',(4.02158212363673E-16,-0.984807753012208,
0.17364817766693));
#5649=DIRECTION('ref_axis',(1.,4.02158212363673E-16,-3.51842845256725E-17));
#5650=DIRECTION('',(-3.51842845256724E-17,0.17364817766693,0.984807753012208));
#5651=DIRECTION('',(1.,4.02158212363673E-16,-3.51842845256725E-17));
#5652=DIRECTION('',(3.51842845256724E-17,-0.17364817766693,-0.984807753012208));
#5653=DIRECTION('',(-5.07486067980409E-7,0.173648177666908,0.984807753012081));
#5654=DIRECTION('',(-1.58003435638697E-6,-0.173648177666714,-0.984807753010979));
#5655=DIRECTION('',(1.,4.02158212363673E-16,-3.51842845256725E-17));
#5656=DIRECTION('',(3.51842845256724E-17,-0.17364817766693,-0.984807753012208));
#5657=DIRECTION('',(-1.,-4.02158212363673E-16,3.51842845256725E-17));
#5658=DIRECTION('',(-3.51842845256724E-17,0.17364817766693,0.984807753012208));
#5659=DIRECTION('center_axis',(4.02158212363673E-16,-0.984807753012208,
0.17364817766693));
#5660=DIRECTION('ref_axis',(1.,4.02158212363673E-16,-3.51842845256725E-17));
#5661=DIRECTION('',(1.,4.02158212363673E-16,-3.51842845256725E-17));
#5662=DIRECTION('center_axis',(4.02158212363673E-16,-0.984807753012208,
0.17364817766693));
#5663=DIRECTION('ref_axis',(1.,4.02158212363673E-16,-3.51842845256725E-17));
#5664=DIRECTION('',(3.51842845256724E-17,-0.17364817766693,-0.984807753012208));
#5665=DIRECTION('center_axis',(4.02158212363673E-16,-0.984807753012208,
0.17364817766693));
#5666=DIRECTION('ref_axis',(1.,4.02158212363673E-16,-3.51842845256725E-17));
#5667=DIRECTION('',(-1.,-4.02158212363673E-16,3.51842845256725E-17));
#5668=DIRECTION('',(-3.50726978431224E-6,-0.173648177665862,-0.984807753006151));
#5669=DIRECTION('',(-1.,-4.02158212363673E-16,3.51842845256725E-17));
#5670=DIRECTION('',(-3.51842845256724E-17,0.17364817766693,0.984807753012208));
#5671=DIRECTION('',(1.,4.02158212363673E-16,-3.51842845256725E-17));
#5672=DIRECTION('',(3.51842845256724E-17,-0.17364817766693,-0.984807753012208));
#5673=DIRECTION('',(-7.04123517316105E-7,0.173648177666887,0.984807753011964));
#5674=DIRECTION('',(1.,4.02158212363673E-16,-3.51842845256725E-17));
#5675=DIRECTION('',(3.51842845256724E-17,-0.17364817766693,-0.984807753012208));
#5676=DIRECTION('',(-1.,-4.02158212363673E-16,3.51842845256725E-17));
#5677=DIRECTION('',(-3.51842845256724E-17,0.17364817766693,0.984807753012208));
#5678=DIRECTION('',(3.51842845256724E-17,-0.17364817766693,-0.984807753012208));
#5679=DIRECTION('',(-1.,-4.02158212363673E-16,3.51842845256725E-17));
#5680=DIRECTION('',(-3.51842845256724E-17,0.17364817766693,0.984807753012208));
#5681=DIRECTION('',(1.,4.02158212363673E-16,-3.51842845256725E-17));
#5682=DIRECTION('',(-3.51842845256724E-17,0.17364817766693,0.984807753012208));
#5683=DIRECTION('',(1.,4.02158212363673E-16,-3.51842845256725E-17));
#5684=DIRECTION('',(3.51842845256724E-17,-0.17364817766693,-0.984807753012208));
#5685=DIRECTION('',(-1.,-4.02158212363673E-16,3.51842845256725E-17));
#5686=DIRECTION('',(-3.51842845256724E-17,0.17364817766693,0.984807753012208));
#5687=DIRECTION('',(-1.,-4.02158212363673E-16,3.51842845256725E-17));
#5688=DIRECTION('center_axis',(4.02158212363673E-16,-0.984807753012208,
0.17364817766693));
#5689=DIRECTION('ref_axis',(1.,4.02158212363673E-16,-3.51842845256725E-17));
#5690=DIRECTION('center_axis',(4.02158212363673E-16,-0.984807753012208,
0.17364817766693));
#5691=DIRECTION('ref_axis',(1.,4.02158212363673E-16,-3.51842845256725E-17));
#5692=DIRECTION('',(-4.02158212363673E-16,0.984807753012208,-0.17364817766693));
#5693=DIRECTION('',(4.02158212363673E-16,-0.984807753012208,0.17364817766693));
#5694=DIRECTION('center_axis',(4.02158212363673E-16,-0.984807753012208,
0.17364817766693));
#5695=DIRECTION('ref_axis',(1.,4.02158212363673E-16,-3.51842845256725E-17));
#5696=DIRECTION('center_axis',(4.02158212363673E-16,-0.984807753012208,
0.17364817766693));
#5697=DIRECTION('ref_axis',(1.,4.02158212363673E-16,-3.51842845256725E-17));
#5698=DIRECTION('',(-4.02158212363673E-16,0.984807753012208,-0.17364817766693));
#5699=DIRECTION('',(4.02158212363673E-16,-0.984807753012208,0.17364817766693));
#5700=DIRECTION('center_axis',(4.02158212363673E-16,-0.984807753012208,
0.17364817766693));
#5701=DIRECTION('ref_axis',(1.,4.02158212363673E-16,-3.51842845256725E-17));
#5702=DIRECTION('center_axis',(4.02158212363673E-16,-0.984807753012208,
0.17364817766693));
#5703=DIRECTION('ref_axis',(1.,4.02158212363673E-16,-3.51842845256725E-17));
#5704=DIRECTION('',(-4.02158212363673E-16,0.984807753012208,-0.17364817766693));
#5705=DIRECTION('',(4.02158212363673E-16,-0.984807753012208,0.17364817766693));
#5706=DIRECTION('center_axis',(4.02158212363673E-16,-0.984807753012208,
0.17364817766693));
#5707=DIRECTION('ref_axis',(1.,4.02158212363673E-16,-3.51842845256725E-17));
#5708=DIRECTION('center_axis',(4.02158212363673E-16,-0.984807753012208,
0.17364817766693));
#5709=DIRECTION('ref_axis',(1.,4.02158212363673E-16,-3.51842845256725E-17));
#5710=DIRECTION('',(-4.02158212363673E-16,0.984807753012208,-0.17364817766693));
#5711=DIRECTION('',(4.02158212363673E-16,-0.984807753012208,0.17364817766693));
#5712=DIRECTION('center_axis',(4.02158212363673E-16,-0.984807753012208,
0.17364817766693));
#5713=DIRECTION('ref_axis',(1.,4.02158212363673E-16,-3.51842845256725E-17));
#5714=DIRECTION('center_axis',(4.02158212363673E-16,-0.984807753012208,
0.17364817766693));
#5715=DIRECTION('ref_axis',(1.,4.02158212363673E-16,-3.51842845256725E-17));
#5716=DIRECTION('',(-4.02158212363673E-16,0.984807753012208,-0.17364817766693));
#5717=DIRECTION('',(4.02158212363673E-16,-0.984807753012208,0.17364817766693));
#5718=DIRECTION('center_axis',(4.02158212363673E-16,-0.984807753012208,
0.17364817766693));
#5719=DIRECTION('ref_axis',(1.,4.02158212363673E-16,-3.51842845256725E-17));
#5720=DIRECTION('center_axis',(4.02158212363673E-16,-0.984807753012208,
0.17364817766693));
#5721=DIRECTION('ref_axis',(1.,4.02158212363673E-16,-3.51842845256725E-17));
#5722=DIRECTION('',(-4.02158212363673E-16,0.984807753012208,-0.17364817766693));
#5723=DIRECTION('',(4.02158212363673E-16,-0.984807753012208,0.17364817766693));
#5724=DIRECTION('center_axis',(4.02158212363673E-16,-0.984807753012208,
0.17364817766693));
#5725=DIRECTION('ref_axis',(1.,4.02158212363673E-16,-3.51842845256725E-17));
#5726=DIRECTION('center_axis',(4.02158212363673E-16,-0.984807753012208,
0.17364817766693));
#5727=DIRECTION('ref_axis',(1.,4.02158212363673E-16,-3.51842845256725E-17));
#5728=DIRECTION('',(-4.02158212363673E-16,0.984807753012208,-0.17364817766693));
#5729=DIRECTION('',(4.02158212363673E-16,-0.984807753012208,0.17364817766693));
#5730=DIRECTION('center_axis',(4.02158212363673E-16,-0.984807753012208,
0.17364817766693));
#5731=DIRECTION('ref_axis',(1.,4.02158212363673E-16,-3.51842845256725E-17));
#5732=DIRECTION('center_axis',(4.02158212363673E-16,-0.984807753012208,
0.17364817766693));
#5733=DIRECTION('ref_axis',(1.,4.02158212363673E-16,-3.51842845256725E-17));
#5734=DIRECTION('',(4.02158212363673E-16,-0.984807753012208,0.17364817766693));
#5735=DIRECTION('center_axis',(4.02158212363673E-16,-0.984807753012208,
0.17364817766693));
#5736=DIRECTION('ref_axis',(1.,4.02158212363673E-16,-3.51842845256725E-17));
#5737=DIRECTION('',(4.02158212363673E-16,-0.984807753012208,0.17364817766693));
#5738=DIRECTION('center_axis',(0.707106781186538,-0.696364240320028,0.122787803968974));
#5739=DIRECTION('ref_axis',(-3.49583369814944E-17,-0.17364817766693,-0.984807753012208));
#5740=DIRECTION('',(-3.49583369814944E-17,-0.17364817766693,-0.984807753012208));
#5741=DIRECTION('center_axis',(1.,4.02158212363673E-16,-3.51842845256725E-17));
#5742=DIRECTION('ref_axis',(-4.02158212363673E-16,0.984807753012208,-0.17364817766693));
#5743=DIRECTION('',(4.02158212363673E-16,-0.984807753012208,0.17364817766693));
#5744=DIRECTION('',(-3.51842845256724E-17,0.17364817766693,0.984807753012208));
#5745=DIRECTION('',(4.02158212363673E-16,-0.984807753012208,0.17364817766693));
#5746=DIRECTION('center_axis',(-3.51842845256724E-17,0.17364817766693,0.984807753012208));
#5747=DIRECTION('ref_axis',(4.02158212363673E-16,-0.984807753012208,0.17364817766693));
#5748=DIRECTION('',(-1.,-4.02158212363673E-16,3.51842845256725E-17));
#5749=DIRECTION('',(4.02158212363673E-16,-0.984807753012208,0.17364817766693));
#5750=DIRECTION('center_axis',(1.,4.02158212363673E-16,-3.51842845256725E-17));
#5751=DIRECTION('ref_axis',(-4.02158212363673E-16,0.984807753012208,-0.17364817766693));
#5752=DIRECTION('',(-3.51842845256724E-17,0.17364817766693,0.984807753012208));
#5753=DIRECTION('',(4.02158212363673E-16,-0.984807753012208,0.17364817766693));
#5754=DIRECTION('center_axis',(3.51842845256724E-17,-0.17364817766693,-0.984807753012208));
#5755=DIRECTION('ref_axis',(-4.02158212363673E-16,0.984807753012208,-0.17364817766693));
#5756=DIRECTION('',(1.,4.02158212363673E-16,-3.51842845256725E-17));
#5757=DIRECTION('',(4.02158212363673E-16,-0.984807753012208,0.17364817766693));
#5758=DIRECTION('center_axis',(1.,4.02158212363673E-16,-3.51842845256725E-17));
#5759=DIRECTION('ref_axis',(-4.02158212363673E-16,0.984807753012208,-0.17364817766693));
#5760=DIRECTION('',(-3.51842845256724E-17,0.17364817766693,0.984807753012208));
#5761=DIRECTION('',(4.02158212363673E-16,-0.984807753012208,0.17364817766693));
#5762=DIRECTION('center_axis',(3.51842845256724E-17,-0.17364817766693,-0.984807753012208));
#5763=DIRECTION('ref_axis',(-4.02158212363673E-16,0.984807753012208,-0.17364817766693));
#5764=DIRECTION('',(1.,4.02158212363673E-16,-3.51842845256725E-17));
#5765=DIRECTION('',(4.02158212363673E-16,-0.984807753012208,0.17364817766693));
#5766=DIRECTION('center_axis',(-1.,-4.02158212363673E-16,3.51842845256725E-17));
#5767=DIRECTION('ref_axis',(4.02158212363673E-16,-0.984807753012208,0.17364817766693));
#5768=DIRECTION('',(3.51842845256724E-17,-0.17364817766693,-0.984807753012208));
#5769=DIRECTION('',(4.02158212363673E-16,-0.984807753012208,0.17364817766693));
#5770=DIRECTION('center_axis',(-3.51842845256724E-17,0.17364817766693,0.984807753012208));
#5771=DIRECTION('ref_axis',(4.02158212363673E-16,-0.984807753012208,0.17364817766693));
#5772=DIRECTION('',(-1.,-4.02158212363673E-16,3.51842845256725E-17));
#5773=DIRECTION('',(4.02158212363673E-16,-0.984807753012208,0.17364817766693));
#5774=DIRECTION('center_axis',(1.,4.02158212363673E-16,-3.51842845256725E-17));
#5775=DIRECTION('ref_axis',(-4.02158212363673E-16,0.984807753012208,-0.17364817766693));
#5776=DIRECTION('',(-3.51842845256724E-17,0.17364817766693,0.984807753012208));
#5777=DIRECTION('',(4.02158212363673E-16,-0.984807753012208,0.17364817766693));
#5778=DIRECTION('center_axis',(3.51842845256724E-17,-0.17364817766693,-0.984807753012208));
#5779=DIRECTION('ref_axis',(-4.02158212363673E-16,0.984807753012208,-0.17364817766693));
#5780=DIRECTION('',(1.,4.02158212363673E-16,-3.51842845256725E-17));
#5781=DIRECTION('center_axis',(-4.02158212363673E-16,0.984807753012208,
-0.17364817766693));
#5782=DIRECTION('ref_axis',(-1.,-4.02158212363673E-16,3.51842845256725E-17));
#5783=DIRECTION('',(4.02158212363673E-16,-0.984807753012208,0.17364817766693));
#5784=DIRECTION('',(4.02158212363673E-16,-0.984807753012208,0.17364817766693));
#5785=DIRECTION('center_axis',(7.65783571615538E-7,0.173648177666879,0.984807753011919));
#5786=DIRECTION('ref_axis',(-0.999999999999707,1.32976921302263E-7,7.54149598526195E-7));
#5787=DIRECTION('',(-0.999999999999707,1.32976921302263E-7,7.54149598526195E-7));
#5788=DIRECTION('',(4.02158212363673E-16,-0.984807753012208,0.17364817766693));
#5789=DIRECTION('',(4.02158212363673E-16,-0.984807753012208,0.17364817766693));
#5790=DIRECTION('center_axis',(0.999999999999788,1.13154763652443E-7,6.41732551589305E-7));
#5791=DIRECTION('ref_axis',(-6.51632310668033E-7,0.173648177666893,0.984807753011999));
#5792=DIRECTION('',(-6.51632310668033E-7,0.173648177666893,0.984807753011999));
#5793=DIRECTION('',(4.02158212363673E-16,-0.984807753012208,0.17364817766693));
#5794=DIRECTION('',(4.02158212363673E-16,-0.984807753012208,0.17364817766693));
#5795=DIRECTION('center_axis',(-0.999999999998476,3.03167865060499E-7,1.71935040372586E-6));
#5796=DIRECTION('ref_axis',(-1.74587415502883E-6,-0.173648177666666,-0.984807753010707));
#5797=DIRECTION('',(-1.74587415502883E-6,-0.173648177666666,-0.984807753010707));
#5798=DIRECTION('center_axis',(-4.02158212363673E-16,0.984807753012208,
-0.17364817766693));
#5799=DIRECTION('ref_axis',(-1.,-4.02158212363673E-16,3.51842845256725E-17));
#5800=DIRECTION('center_axis',(4.02158212363673E-16,-0.984807753012208,
0.17364817766693));
#5801=DIRECTION('ref_axis',(1.,4.02158212363673E-16,-3.51842845256725E-17));
#5802=DIRECTION('center_axis',(4.02158212363673E-16,-0.984807753012208,
0.17364817766693));
#5803=DIRECTION('ref_axis',(1.,4.02158212363673E-16,-3.51842845256725E-17));
#5804=DIRECTION('',(4.02158212363673E-16,-0.984807753012208,0.17364817766693));
#5805=DIRECTION('center_axis',(4.02158212363673E-16,-0.984807753012208,
0.17364817766693));
#5806=DIRECTION('ref_axis',(-0.761244132486027,0.112604834422147,0.638613750259386));
#5807=DIRECTION('center_axis',(4.02158212363673E-16,-0.984807753012208,
0.17364817766693));
#5808=DIRECTION('ref_axis',(1.,4.02158212363673E-16,-3.51842845256725E-17));
#5809=DIRECTION('',(4.02158212363673E-16,-0.984807753012208,0.17364817766693));
#5810=DIRECTION('center_axis',(4.02158212363673E-16,-0.984807753012208,
0.17364817766693));
#5811=DIRECTION('ref_axis',(1.,4.02158212363673E-16,-3.51842845256725E-17));
#5812=DIRECTION('center_axis',(-4.02158212363673E-16,0.984807753012208,
-0.17364817766693));
#5813=DIRECTION('ref_axis',(1.,4.02158212363673E-16,-3.51842845256725E-17));
#5814=DIRECTION('center_axis',(4.02158212363673E-16,-0.984807753012208,
0.17364817766693));
#5815=DIRECTION('ref_axis',(1.,4.02158212363673E-16,-3.51842845256725E-17));
#5816=DIRECTION('center_axis',(4.02158212363673E-16,-0.984807753012208,
0.17364817766693));
#5817=DIRECTION('ref_axis',(1.,4.02158212363673E-16,-3.51842845256725E-17));
#5818=DIRECTION('',(-4.02158212363673E-16,0.984807753012208,-0.17364817766693));
#5819=DIRECTION('center_axis',(4.02158212363673E-16,-0.984807753012208,
0.17364817766693));
#5820=DIRECTION('ref_axis',(1.,4.02158212363673E-16,-3.51842845256725E-17));
#5821=DIRECTION('',(4.02158212363673E-16,-0.984807753012208,0.17364817766693));
#5822=DIRECTION('center_axis',(3.51842845256724E-17,-0.17364817766693,-0.984807753012208));
#5823=DIRECTION('ref_axis',(-4.02158212363673E-16,0.984807753012208,-0.17364817766693));
#5824=DIRECTION('',(1.,4.02158212363673E-16,-3.51842845256725E-17));
#5825=DIRECTION('',(4.02158212363673E-16,-0.984807753012208,0.17364817766693));
#5826=DIRECTION('center_axis',(4.02158212363673E-16,-0.984807753012208,
0.17364817766693));
#5827=DIRECTION('ref_axis',(1.,4.02158212363673E-16,-3.51842845256725E-17));
#5828=DIRECTION('',(-4.02158212363673E-16,0.984807753012208,-0.17364817766693));
#5829=DIRECTION('center_axis',(-4.02158212363673E-16,0.984807753012208,
-0.17364817766693));
#5830=DIRECTION('ref_axis',(1.,4.02158212363673E-16,-3.51842845256725E-17));
#5831=DIRECTION('center_axis',(4.02158212363673E-16,-0.984807753012208,
0.17364817766693));
#5832=DIRECTION('ref_axis',(1.,4.02158212363673E-16,-3.51842845256725E-17));
#5833=DIRECTION('center_axis',(4.02158212363673E-16,-0.984807753012208,
0.17364817766693));
#5834=DIRECTION('ref_axis',(1.,4.02158212363673E-16,-3.51842845256725E-17));
#5835=DIRECTION('',(4.02158212363673E-16,-0.984807753012208,0.17364817766693));
#5836=DIRECTION('center_axis',(1.,4.02158212363673E-16,-3.51842845256725E-17));
#5837=DIRECTION('ref_axis',(-4.02158212363673E-16,0.984807753012208,-0.17364817766693));
#5838=DIRECTION('',(-4.02158212363673E-16,0.984807753012208,-0.17364817766693));
#5839=DIRECTION('',(-3.51842845256724E-17,0.17364817766693,0.984807753012208));
#5840=DIRECTION('',(4.02158212363673E-16,-0.984807753012208,0.17364817766693));
#5841=DIRECTION('center_axis',(4.02158212363673E-16,-0.984807753012208,
0.17364817766693));
#5842=DIRECTION('ref_axis',(1.,4.02158212363673E-16,-3.51842845256725E-17));
#5843=DIRECTION('',(-4.02158212363673E-16,0.984807753012208,-0.17364817766693));
#5844=DIRECTION('center_axis',(-4.02158212363673E-16,0.984807753012208,
-0.17364817766693));
#5845=DIRECTION('ref_axis',(1.,4.02158212363673E-16,-3.51842845256725E-17));
#5846=DIRECTION('center_axis',(4.02158212363673E-16,-0.984807753012208,
0.17364817766693));
#5847=DIRECTION('ref_axis',(1.,4.02158212363673E-16,-3.51842845256725E-17));
#5848=DIRECTION('center_axis',(4.02158212363673E-16,-0.984807753012208,
0.17364817766693));
#5849=DIRECTION('ref_axis',(1.,4.02158212363673E-16,-3.51842845256725E-17));
#5850=DIRECTION('',(4.02158212363673E-16,-0.984807753012208,0.17364817766693));
#5851=DIRECTION('center_axis',(1.,4.02158212363673E-16,-3.51842845256725E-17));
#5852=DIRECTION('ref_axis',(-4.02158212363673E-16,0.984807753012208,-0.17364817766693));
#5853=DIRECTION('',(-3.51842845256724E-17,0.17364817766693,0.984807753012208));
#5854=DIRECTION('',(4.02158212363673E-16,-0.984807753012208,0.17364817766693));
#5855=DIRECTION('',(-4.02158212363673E-16,0.984807753012208,-0.17364817766693));
#5856=DIRECTION('center_axis',(4.02158212363673E-16,-0.984807753012208,
0.17364817766693));
#5857=DIRECTION('ref_axis',(1.,4.02158212363673E-16,-3.51842845256725E-17));
#5858=DIRECTION('',(-4.02158212363673E-16,0.984807753012208,-0.17364817766693));
#5859=DIRECTION('center_axis',(-4.02158212363673E-16,0.984807753012208,
-0.17364817766693));
#5860=DIRECTION('ref_axis',(1.,4.02158212363673E-16,-3.51842845256725E-17));
#5861=DIRECTION('center_axis',(4.02158212363673E-16,-0.984807753012208,
0.17364817766693));
#5862=DIRECTION('ref_axis',(1.,4.02158212363673E-16,-3.51842845256725E-17));
#5863=DIRECTION('center_axis',(4.02158212363673E-16,-0.984807753012208,
0.17364817766693));
#5864=DIRECTION('ref_axis',(1.,4.02158212363673E-16,-3.51842845256725E-17));
#5865=DIRECTION('',(4.02158212363673E-16,-0.984807753012208,0.17364817766693));
#5866=DIRECTION('center_axis',(3.51842845256724E-17,-0.17364817766693,-0.984807753012208));
#5867=DIRECTION('ref_axis',(-4.02158212363673E-16,0.984807753012208,-0.17364817766693));
#5868=DIRECTION('',(-4.02158212363673E-16,0.984807753012208,-0.17364817766693));
#5869=DIRECTION('',(1.,4.02158212363673E-16,-3.51842845256725E-17));
#5870=DIRECTION('',(4.02158212363673E-16,-0.984807753012208,0.17364817766693));
#5871=DIRECTION('center_axis',(4.02158212363673E-16,-0.984807753012208,
0.17364817766693));
#5872=DIRECTION('ref_axis',(1.,4.02158212363673E-16,-3.51842845256725E-17));
#5873=DIRECTION('',(-4.02158212363673E-16,0.984807753012208,-0.17364817766693));
#5874=DIRECTION('center_axis',(-4.02158212363673E-16,0.984807753012208,
-0.17364817766693));
#5875=DIRECTION('ref_axis',(1.,4.02158212363673E-16,-3.51842845256725E-17));
#5876=DIRECTION('center_axis',(4.02158212363673E-16,-0.984807753012208,
0.17364817766693));
#5877=DIRECTION('ref_axis',(1.,4.02158212363673E-16,-3.51842845256725E-17));
#5878=DIRECTION('center_axis',(4.02158212363673E-16,-0.984807753012208,
0.17364817766693));
#5879=DIRECTION('ref_axis',(1.,4.02158212363673E-16,-3.51842845256725E-17));
#5880=DIRECTION('',(4.02158212363673E-16,-0.984807753012208,0.17364817766693));
#5881=DIRECTION('center_axis',(-1.,-4.02158212363673E-16,3.51842845256725E-17));
#5882=DIRECTION('ref_axis',(4.02158212363673E-16,-0.984807753012208,0.17364817766693));
#5883=DIRECTION('',(3.51842845256724E-17,-0.17364817766693,-0.984807753012208));
#5884=DIRECTION('',(4.02158212363673E-16,-0.984807753012208,0.17364817766693));
#5885=DIRECTION('center_axis',(3.51842845256724E-17,-0.17364817766693,-0.984807753012208));
#5886=DIRECTION('ref_axis',(-4.02158212363673E-16,0.984807753012208,-0.17364817766693));
#5887=DIRECTION('',(-4.02158212363673E-16,0.984807753012208,-0.17364817766693));
#5888=DIRECTION('',(1.,4.02158212363673E-16,-3.51842845256725E-17));
#5889=DIRECTION('',(4.02158212363673E-16,-0.984807753012208,0.17364817766693));
#5890=DIRECTION('center_axis',(-1.,-4.02158212363673E-16,3.51842845256725E-17));
#5891=DIRECTION('ref_axis',(4.02158212363673E-16,-0.984807753012208,0.17364817766693));
#5892=DIRECTION('',(3.51842845256724E-17,-0.17364817766693,-0.984807753012208));
#5893=DIRECTION('',(4.02158212363673E-16,-0.984807753012208,0.17364817766693));
#5894=DIRECTION('center_axis',(4.02158212363673E-16,-0.984807753012208,
0.17364817766693));
#5895=DIRECTION('ref_axis',(1.,4.02158212363673E-16,-3.51842845256725E-17));
#5896=DIRECTION('center_axis',(4.02158212363673E-16,-0.984807753012208,
0.17364817766693));
#5897=DIRECTION('ref_axis',(1.,4.02158212363673E-16,-3.51842845256725E-17));
#5898=DIRECTION('',(4.02158212363673E-16,-0.984807753012208,0.17364817766693));
#5899=DIRECTION('center_axis',(4.02158212363673E-16,-0.984807753012208,
0.17364817766693));
#5900=DIRECTION('ref_axis',(1.,4.02158212363673E-16,-3.51842845256725E-17));
#5901=DIRECTION('center_axis',(-4.02158212363673E-16,0.984807753012208,
-0.17364817766693));
#5902=DIRECTION('ref_axis',(1.,4.02158212363673E-16,-3.51842845256725E-17));
#5903=DIRECTION('center_axis',(4.02158212363673E-16,-0.984807753012208,
0.17364817766693));
#5904=DIRECTION('ref_axis',(1.,4.02158212363673E-16,-3.51842845256725E-17));
#5905=DIRECTION('center_axis',(4.02158212363673E-16,-0.984807753012208,
0.17364817766693));
#5906=DIRECTION('ref_axis',(1.,4.02158212363673E-16,-3.51842845256725E-17));
#5907=DIRECTION('',(4.02158212363673E-16,-0.984807753012208,0.17364817766693));
#5908=DIRECTION('center_axis',(4.02158212363673E-16,-0.984807753012208,
0.17364817766693));
#5909=DIRECTION('ref_axis',(1.,4.02158212363673E-16,-3.51842845256725E-17));
#5910=DIRECTION('center_axis',(4.02158212363673E-16,-0.984807753012208,
0.17364817766693));
#5911=DIRECTION('ref_axis',(1.,4.02158212363673E-16,-3.51842845256725E-17));
#5912=DIRECTION('',(4.02158212363673E-16,-0.984807753012208,0.17364817766693));
#5913=DIRECTION('center_axis',(4.02158212363673E-16,-0.984807753012208,
0.17364817766693));
#5914=DIRECTION('ref_axis',(1.,4.02158212363673E-16,-3.51842845256725E-17));
#5915=DIRECTION('center_axis',(4.02158212363673E-16,-0.984807753012208,
0.17364817766693));
#5916=DIRECTION('ref_axis',(1.,4.02158212363673E-16,-3.51842845256725E-17));
#5917=DIRECTION('',(4.02158212363673E-16,-0.984807753012208,0.17364817766693));
#5918=DIRECTION('center_axis',(4.02158212363673E-16,-0.984807753012208,
0.17364817766693));
#5919=DIRECTION('ref_axis',(1.,4.02158212363673E-16,-3.51842845256725E-17));
#5920=DIRECTION('center_axis',(-4.02158212363673E-16,0.984807753012208,
-0.17364817766693));
#5921=DIRECTION('ref_axis',(1.,4.02158212363673E-16,-3.51842845256725E-17));
#5922=DIRECTION('center_axis',(4.02158212363673E-16,-0.984807753012208,
0.17364817766693));
#5923=DIRECTION('ref_axis',(1.,4.02158212363673E-16,-3.51842845256725E-17));
#5924=DIRECTION('center_axis',(4.02158212363673E-16,-0.984807753012208,
0.17364817766693));
#5925=DIRECTION('ref_axis',(1.,4.02158212363673E-16,-3.51842845256725E-17));
#5926=DIRECTION('',(4.02158212363673E-16,-0.984807753012208,0.17364817766693));
#5927=DIRECTION('center_axis',(4.02158212363673E-16,-0.984807753012208,
0.17364817766693));
#5928=DIRECTION('ref_axis',(-0.742326757112973,0.116350885990589,0.659858664414845));
#5929=DIRECTION('center_axis',(4.02158212363673E-16,-0.984807753012208,
0.17364817766693));
#5930=DIRECTION('ref_axis',(1.,4.02158212363673E-16,-3.51842845256725E-17));
#5931=DIRECTION('',(4.02158212363673E-16,-0.984807753012208,0.17364817766693));
#5932=DIRECTION('center_axis',(-1.,-4.02158212363673E-16,3.51842845256725E-17));
#5933=DIRECTION('ref_axis',(4.02158212363673E-16,-0.984807753012208,0.17364817766693));
#5934=DIRECTION('',(3.51842845256724E-17,-0.17364817766693,-0.984807753012208));
#5935=DIRECTION('',(4.02158212363673E-16,-0.984807753012208,0.17364817766693));
#5936=DIRECTION('center_axis',(-3.51842845256724E-17,0.17364817766693,0.984807753012208));
#5937=DIRECTION('ref_axis',(4.02158212363673E-16,-0.984807753012208,0.17364817766693));
#5938=DIRECTION('',(-1.,-4.02158212363673E-16,3.51842845256725E-17));
#5939=DIRECTION('',(4.02158212363673E-16,-0.984807753012208,0.17364817766693));
#5940=DIRECTION('center_axis',(4.02158212363673E-16,-0.984807753012208,
0.17364817766693));
#5941=DIRECTION('ref_axis',(1.,4.02158212363673E-16,-3.51842845256725E-17));
#5942=DIRECTION('center_axis',(4.02158212363673E-16,-0.984807753012208,
0.17364817766693));
#5943=DIRECTION('ref_axis',(1.,4.02158212363673E-16,-3.51842845256725E-17));
#5944=DIRECTION('',(4.02158212363673E-16,-0.984807753012208,0.17364817766693));
#5945=DIRECTION('center_axis',(-1.,-4.02158212363673E-16,3.51842845256725E-17));
#5946=DIRECTION('ref_axis',(4.02158212363673E-16,-0.984807753012208,0.17364817766693));
#5947=DIRECTION('',(-4.02158212363673E-16,0.984807753012208,-0.17364817766693));
#5948=DIRECTION('',(3.51842845256724E-17,-0.17364817766693,-0.984807753012208));
#5949=DIRECTION('',(4.02158212363673E-16,-0.984807753012208,0.17364817766693));
#5950=DIRECTION('center_axis',(-3.51842845256724E-17,0.17364817766693,0.984807753012208));
#5951=DIRECTION('ref_axis',(4.02158212363673E-16,-0.984807753012208,0.17364817766693));
#5952=DIRECTION('',(-1.,-4.02158212363673E-16,3.51842845256725E-17));
#5953=DIRECTION('',(4.02158212363673E-16,-0.984807753012208,0.17364817766693));
#5954=DIRECTION('center_axis',(0.870698508106971,0.0854031516568038,0.484345341329283));
#5955=DIRECTION('ref_axis',(-0.491817148928639,0.15119520923009,0.857470641319908));
#5956=DIRECTION('',(-0.491817148928639,0.15119520923009,0.857470641319908));
#5957=DIRECTION('',(4.02158212363673E-16,-0.984807753012208,0.17364817766693));
#5958=DIRECTION('center_axis',(-1.,-4.02158212363673E-16,3.51842845256725E-17));
#5959=DIRECTION('ref_axis',(4.02158212363673E-16,-0.984807753012208,0.17364817766693));
#5960=DIRECTION('',(-4.02158212363673E-16,0.984807753012208,-0.17364817766693));
#5961=DIRECTION('',(3.51842845256724E-17,-0.17364817766693,-0.984807753012208));
#5962=DIRECTION('',(4.02158212363673E-16,-0.984807753012208,0.17364817766693));
#5963=DIRECTION('center_axis',(-3.51842845256724E-17,0.17364817766693,0.984807753012208));
#5964=DIRECTION('ref_axis',(4.02158212363673E-16,-0.984807753012208,0.17364817766693));
#5965=DIRECTION('',(-1.,-4.02158212363673E-16,3.51842845256725E-17));
#5966=DIRECTION('',(4.02158212363673E-16,-0.984807753012208,0.17364817766693));
#5967=DIRECTION('center_axis',(1.,4.02158212363673E-16,-3.51842845256725E-17));
#5968=DIRECTION('ref_axis',(-4.02158212363673E-16,0.984807753012208,-0.17364817766693));
#5969=DIRECTION('',(-3.51842845256724E-17,0.17364817766693,0.984807753012208));
#5970=DIRECTION('',(4.02158212363673E-16,-0.984807753012208,0.17364817766693));
#5971=DIRECTION('center_axis',(-3.51842845256724E-17,0.17364817766693,0.984807753012208));
#5972=DIRECTION('ref_axis',(4.02158212363673E-16,-0.984807753012208,0.17364817766693));
#5973=DIRECTION('',(-1.,-4.02158212363673E-16,3.51842845256725E-17));
#5974=DIRECTION('',(4.02158212363673E-16,-0.984807753012208,0.17364817766693));
#5975=DIRECTION('center_axis',(1.,4.02158212363673E-16,-3.51842845256725E-17));
#5976=DIRECTION('ref_axis',(-4.02158212363673E-16,0.984807753012208,-0.17364817766693));
#5977=DIRECTION('',(-3.51842845256724E-17,0.17364817766693,0.984807753012208));
#5978=DIRECTION('',(4.02158212363673E-16,-0.984807753012208,0.17364817766693));
#5979=DIRECTION('center_axis',(3.51842845256724E-17,-0.17364817766693,-0.984807753012208));
#5980=DIRECTION('ref_axis',(-4.02158212363673E-16,0.984807753012208,-0.17364817766693));
#5981=DIRECTION('',(1.,4.02158212363673E-16,-3.51842845256725E-17));
#5982=DIRECTION('',(4.02158212363673E-16,-0.984807753012208,0.17364817766693));
#5983=DIRECTION('center_axis',(-0.837915570683651,-0.0947771525281244,-0.537507942047885));
#5984=DIRECTION('ref_axis',(0.545799868455363,-0.145502511887962,-0.825185750378908));
#5985=DIRECTION('',(0.545799868455363,-0.145502511887962,-0.825185750378909));
#5986=DIRECTION('',(4.02158212363673E-16,-0.984807753012208,0.17364817766693));
#5987=DIRECTION('center_axis',(3.51842845256724E-17,-0.17364817766693,-0.984807753012208));
#5988=DIRECTION('ref_axis',(-4.02158212363673E-16,0.984807753012208,-0.17364817766693));
#5989=DIRECTION('',(1.,4.02158212363673E-16,-3.51842845256725E-17));
#5990=DIRECTION('',(4.02158212363673E-16,-0.984807753012208,0.17364817766693));
#5991=DIRECTION('center_axis',(-0.870698508095978,-0.0854031516601831,-0.484345341348448));
#5992=DIRECTION('ref_axis',(0.4918171489481,-0.151195209228181,-0.857470641309082));
#5993=DIRECTION('',(0.4918171489481,-0.151195209228181,-0.857470641309082));
#5994=DIRECTION('',(4.02158212363673E-16,-0.984807753012208,0.17364817766693));
#5995=DIRECTION('center_axis',(1.,4.02158212363673E-16,-3.51842845256725E-17));
#5996=DIRECTION('ref_axis',(-4.02158212363673E-16,0.984807753012208,-0.17364817766693));
#5997=DIRECTION('',(-4.02158212363673E-16,0.984807753012208,-0.17364817766693));
#5998=DIRECTION('',(-3.51842845256724E-17,0.17364817766693,0.984807753012208));
#5999=DIRECTION('',(4.02158212363673E-16,-0.984807753012208,0.17364817766693));
#6000=DIRECTION('center_axis',(3.51842845256724E-17,-0.17364817766693,-0.984807753012208));
#6001=DIRECTION('ref_axis',(-4.02158212363673E-16,0.984807753012208,-0.17364817766693));
#6002=DIRECTION('',(1.,4.02158212363673E-16,-3.51842845256725E-17));
#6003=DIRECTION('',(4.02158212363673E-16,-0.984807753012208,0.17364817766693));
#6004=DIRECTION('center_axis',(-1.,-4.02158212363673E-16,3.51842845256725E-17));
#6005=DIRECTION('ref_axis',(4.02158212363673E-16,-0.984807753012208,0.17364817766693));
#6006=DIRECTION('',(3.51842845256724E-17,-0.17364817766693,-0.984807753012208));
#6007=DIRECTION('',(4.02158212363673E-16,-0.984807753012208,0.17364817766693));
#6008=DIRECTION('center_axis',(3.51842845256724E-17,-0.17364817766693,-0.984807753012208));
#6009=DIRECTION('ref_axis',(-4.02158212363673E-16,0.984807753012208,-0.17364817766693));
#6010=DIRECTION('',(1.,4.02158212363673E-16,-3.51842845256725E-17));
#6011=DIRECTION('',(4.02158212363673E-16,-0.984807753012208,0.17364817766693));
#6012=DIRECTION('center_axis',(-1.,-4.02158212363673E-16,3.51842845256725E-17));
#6013=DIRECTION('ref_axis',(4.02158212363673E-16,-0.984807753012208,0.17364817766693));
#6014=DIRECTION('',(3.51842845256724E-17,-0.17364817766693,-0.984807753012208));
#6015=DIRECTION('',(4.02158212363673E-16,-0.984807753012208,0.17364817766693));
#6016=DIRECTION('center_axis',(4.02158212363673E-16,-0.984807753012208,
0.17364817766693));
#6017=DIRECTION('ref_axis',(1.,4.02158212363673E-16,-3.51842845256725E-17));
#6018=DIRECTION('center_axis',(-4.02158212363673E-16,0.984807753012208,
-0.17364817766693));
#6019=DIRECTION('ref_axis',(1.,4.02158212363673E-16,-3.51842845256725E-17));
#6020=DIRECTION('center_axis',(-4.02158212363673E-16,0.984807753012208,
-0.17364817766693));
#6021=DIRECTION('ref_axis',(1.,4.02158212363673E-16,-3.51842845256725E-17));
#6022=DIRECTION('center_axis',(-4.02158212363673E-16,0.984807753012208,
-0.17364817766693));
#6023=DIRECTION('ref_axis',(1.,4.02158212363673E-16,-3.51842845256725E-17));
#6024=DIRECTION('center_axis',(-4.02158212363673E-16,0.984807753012208,
-0.17364817766693));
#6025=DIRECTION('ref_axis',(1.,4.02158212363673E-16,-3.51842845256725E-17));
#6026=DIRECTION('center_axis',(-4.02158212363673E-16,0.984807753012208,
-0.17364817766693));
#6027=DIRECTION('ref_axis',(1.,4.02158212363673E-16,-3.51842845256725E-17));
#6028=DIRECTION('center_axis',(-4.02158212363673E-16,0.984807753012208,
-0.17364817766693));
#6029=DIRECTION('ref_axis',(1.,4.02158212363673E-16,-3.51842845256725E-17));
#6030=DIRECTION('center_axis',(-4.02158212363673E-16,0.984807753012208,
-0.17364817766693));
#6031=DIRECTION('ref_axis',(1.,4.02158212363673E-16,-3.51842845256725E-17));
#6032=DIRECTION('center_axis',(-4.02158212363673E-16,0.984807753012208,
-0.17364817766693));
#6033=DIRECTION('ref_axis',(1.,4.02158212363673E-16,-3.51842845256725E-17));
#6034=DIRECTION('center_axis',(-4.02158212363673E-16,0.984807753012208,
-0.17364817766693));
#6035=DIRECTION('ref_axis',(1.,-5.62247319482467E-15,-3.42025668540108E-14));
#6036=DIRECTION('center_axis',(-4.02158212363673E-16,0.984807753012208,
-0.17364817766693));
#6037=DIRECTION('ref_axis',(1.,4.02158212363673E-16,-3.51842845256725E-17));
#6038=DIRECTION('center_axis',(-4.02158212363673E-16,0.984807753012208,
-0.17364817766693));
#6039=DIRECTION('ref_axis',(1.,-5.62247319482467E-15,-3.42025668540108E-14));
#6040=DIRECTION('center_axis',(-4.02158212363673E-16,0.984807753012208,
-0.17364817766693));
#6041=DIRECTION('ref_axis',(1.,4.02158212363673E-16,-3.51842845256725E-17));
#6042=DIRECTION('',(-1.,-4.02158212363673E-16,3.51842845256725E-17));
#6043=DIRECTION('',(1.,4.02158212363673E-16,-3.51842845256725E-17));
#6044=DIRECTION('',(3.51842845256724E-17,-0.17364817766693,-0.984807753012208));
#6045=DIRECTION('',(3.51842845256724E-17,-0.17364817766693,-0.984807753012208));
#6046=DIRECTION('',(1.,4.02158212363673E-16,-3.51842845256725E-17));
#6047=DIRECTION('',(3.51842845256724E-17,-0.17364817766693,-0.984807753012208));
#6048=DIRECTION('',(-1.,-4.02158212363673E-16,3.51842845256725E-17));
#6049=DIRECTION('',(-3.51842845256724E-17,0.17364817766693,0.984807753012208));
#6050=DIRECTION('',(1.,4.02158212363673E-16,-3.51842845256725E-17));
#6051=DIRECTION('',(3.51842845256724E-17,-0.17364817766693,-0.984807753012208));
#6052=DIRECTION('',(-1.,-4.02158212363673E-16,3.51842845256725E-17));
#6053=DIRECTION('',(-3.51842845256724E-17,0.17364817766693,0.984807753012208));
#6054=DIRECTION('',(1.,4.02158212363673E-16,-3.51842845256725E-17));
#6055=DIRECTION('center_axis',(3.51842845256724E-17,-0.17364817766693,-0.984807753012208));
#6056=DIRECTION('ref_axis',(-4.02158212363673E-16,0.984807753012208,-0.17364817766693));
#6057=DIRECTION('',(1.,4.02158212363673E-16,-3.51842845256725E-17));
#6058=DIRECTION('',(4.02158212363673E-16,-0.984807753012208,0.17364817766693));
#6059=DIRECTION('',(4.02158212363673E-16,-0.984807753012208,0.17364817766693));
#6060=DIRECTION('center_axis',(-1.,-4.02158212363673E-16,3.51842845256725E-17));
#6061=DIRECTION('ref_axis',(4.02158212363673E-16,-0.984807753012208,0.17364817766693));
#6062=DIRECTION('',(3.51842845256724E-17,-0.17364817766693,-0.984807753012208));
#6063=DIRECTION('',(4.02158212363673E-16,-0.984807753012208,0.17364817766693));
#6064=DIRECTION('center_axis',(-3.51842845256724E-17,0.17364817766693,0.984807753012208));
#6065=DIRECTION('ref_axis',(4.02158212363673E-16,-0.984807753012208,0.17364817766693));
#6066=DIRECTION('',(-1.,-4.02158212363673E-16,3.51842845256725E-17));
#6067=DIRECTION('',(4.02158212363673E-16,-0.984807753012208,0.17364817766693));
#6068=DIRECTION('center_axis',(1.,4.02158212363673E-16,-3.51842845256725E-17));
#6069=DIRECTION('ref_axis',(-4.02158212363673E-16,0.984807753012208,-0.17364817766693));
#6070=DIRECTION('',(-3.51842845256724E-17,0.17364817766693,0.984807753012208));
#6071=DIRECTION('center_axis',(3.51842845256724E-17,-0.17364817766693,-0.984807753012208));
#6072=DIRECTION('ref_axis',(-4.02158212363673E-16,0.984807753012208,-0.17364817766693));
#6073=DIRECTION('',(1.,4.02158212363673E-16,-3.51842845256725E-17));
#6074=DIRECTION('',(4.02158212363673E-16,-0.984807753012208,0.17364817766693));
#6075=DIRECTION('',(4.02158212363673E-16,-0.984807753012208,0.17364817766693));
#6076=DIRECTION('center_axis',(-1.,-4.02158212363673E-16,3.51842845256725E-17));
#6077=DIRECTION('ref_axis',(4.02158212363673E-16,-0.984807753012208,0.17364817766693));
#6078=DIRECTION('',(3.51842845256724E-17,-0.17364817766693,-0.984807753012208));
#6079=DIRECTION('',(4.02158212363673E-16,-0.984807753012208,0.17364817766693));
#6080=DIRECTION('center_axis',(3.51842845256724E-17,-0.17364817766693,-0.984807753012208));
#6081=DIRECTION('ref_axis',(-4.02158212363673E-16,0.984807753012208,-0.17364817766693));
#6082=DIRECTION('',(1.,4.02158212363673E-16,-3.51842845256725E-17));
#6083=DIRECTION('',(4.02158212363673E-16,-0.984807753012208,0.17364817766693));
#6084=DIRECTION('center_axis',(-1.,-4.02158212363673E-16,3.51842845256725E-17));
#6085=DIRECTION('ref_axis',(4.02158212363673E-16,-0.984807753012208,0.17364817766693));
#6086=DIRECTION('',(3.51842845256724E-17,-0.17364817766693,-0.984807753012208));
#6087=DIRECTION('',(4.02158212363673E-16,-0.984807753012208,0.17364817766693));
#6088=DIRECTION('center_axis',(-3.51842845256724E-17,0.17364817766693,0.984807753012208));
#6089=DIRECTION('ref_axis',(4.02158212363673E-16,-0.984807753012208,0.17364817766693));
#6090=DIRECTION('',(-1.,-4.02158212363673E-16,3.51842845256725E-17));
#6091=DIRECTION('',(4.02158212363673E-16,-0.984807753012208,0.17364817766693));
#6092=DIRECTION('center_axis',(1.,4.02158212363673E-16,-3.51842845256725E-17));
#6093=DIRECTION('ref_axis',(-4.02158212363673E-16,0.984807753012208,-0.17364817766693));
#6094=DIRECTION('',(-3.51842845256724E-17,0.17364817766693,0.984807753012208));
#6095=DIRECTION('center_axis',(-1.,-4.02158212363673E-16,3.51842845256725E-17));
#6096=DIRECTION('ref_axis',(4.02158212363673E-16,-0.984807753012208,0.17364817766693));
#6097=DIRECTION('',(3.51842845256724E-17,-0.17364817766693,-0.984807753012208));
#6098=DIRECTION('',(4.02158212363673E-16,-0.984807753012208,0.17364817766693));
#6099=DIRECTION('',(4.02158212363673E-16,-0.984807753012208,0.17364817766693));
#6100=DIRECTION('center_axis',(-3.51842845256724E-17,0.17364817766693,0.984807753012208));
#6101=DIRECTION('ref_axis',(4.02158212363673E-16,-0.984807753012208,0.17364817766693));
#6102=DIRECTION('',(-1.,-4.02158212363673E-16,3.51842845256725E-17));
#6103=DIRECTION('center_axis',(3.51842845256724E-17,-0.17364817766693,-0.984807753012208));
#6104=DIRECTION('ref_axis',(-4.02158212363673E-16,0.984807753012208,-0.17364817766693));
#6105=DIRECTION('',(1.,4.02158212363673E-16,-3.51842845256725E-17));
#6106=DIRECTION('center_axis',(4.02158212363673E-16,-0.984807753012208,
0.17364817766693));
#6107=DIRECTION('ref_axis',(1.,4.02158212363673E-16,-3.51842845256725E-17));
#6108=DIRECTION('center_axis',(4.02158212363673E-16,-0.984807753012208,
0.17364817766693));
#6109=DIRECTION('ref_axis',(1.,4.02158212363673E-16,-3.51842845256725E-17));
#6110=DIRECTION('center_axis',(4.02158212363673E-16,-0.984807753012208,
0.17364817766693));
#6111=DIRECTION('ref_axis',(1.,4.02158212363673E-16,-3.51842845256725E-17));
#6112=DIRECTION('',(4.02158212363673E-16,-0.984807753012208,0.17364817766693));
#6113=DIRECTION('center_axis',(4.02158212363673E-16,-0.984807753012208,
0.17364817766693));
#6114=DIRECTION('ref_axis',(1.,4.02158212363673E-16,-3.51842845256725E-17));
#6115=DIRECTION('',(4.02158212363673E-16,-0.984807753012208,0.17364817766693));
#6116=DIRECTION('center_axis',(1.,4.02158212363673E-16,-3.51842845256725E-17));
#6117=DIRECTION('ref_axis',(-4.02158212363673E-16,0.984807753012208,-0.17364817766693));
#6118=DIRECTION('',(-3.51842845256724E-17,0.17364817766693,0.984807753012208));
#6119=DIRECTION('',(4.02158212363673E-16,-0.984807753012208,0.17364817766693));
#6120=DIRECTION('center_axis',(3.51842845256724E-17,-0.17364817766693,-0.984807753012208));
#6121=DIRECTION('ref_axis',(-4.02158212363673E-16,0.984807753012208,-0.17364817766693));
#6122=DIRECTION('',(1.,4.02158212363673E-16,-3.51842845256725E-17));
#6123=DIRECTION('',(4.02158212363673E-16,-0.984807753012208,0.17364817766693));
#6124=DIRECTION('center_axis',(-1.,-4.02158212363673E-16,3.51842845256725E-17));
#6125=DIRECTION('ref_axis',(4.02158212363673E-16,-0.984807753012208,0.17364817766693));
#6126=DIRECTION('',(3.51842845256724E-17,-0.17364817766693,-0.984807753012208));
#6127=DIRECTION('',(4.02158212363673E-16,-0.984807753012208,0.17364817766693));
#6128=DIRECTION('',(4.02158212363673E-16,-0.984807753012208,0.17364817766693));
#6129=DIRECTION('center_axis',(0.999999999999871,8.81240312922025E-8,4.99776214222954E-7));
#6130=DIRECTION('ref_axis',(-5.07486067980409E-7,0.173648177666908,0.984807753012081));
#6131=DIRECTION('',(-5.07486067980409E-7,0.173648177666908,0.984807753012081));
#6132=DIRECTION('',(4.02158212363673E-16,-0.984807753012208,0.17364817766693));
#6133=DIRECTION('',(4.02158212363673E-16,-0.984807753012208,0.17364817766693));
#6134=DIRECTION('center_axis',(-0.999999999998752,2.7437008624169E-7,1.55603008426538E-6));
#6135=DIRECTION('ref_axis',(-1.58003435638697E-6,-0.173648177666714,-0.984807753010979));
#6136=DIRECTION('',(-1.58003435638697E-6,-0.173648177666714,-0.984807753010979));
#6137=DIRECTION('',(4.02158212363673E-16,-0.984807753012208,0.17364817766693));
#6138=DIRECTION('center_axis',(3.51842845256724E-17,-0.17364817766693,-0.984807753012208));
#6139=DIRECTION('ref_axis',(-4.02158212363673E-16,0.984807753012208,-0.17364817766693));
#6140=DIRECTION('',(1.,4.02158212363673E-16,-3.51842845256725E-17));
#6141=DIRECTION('',(4.02158212363673E-16,-0.984807753012208,0.17364817766693));
#6142=DIRECTION('center_axis',(-1.,-4.02158212363673E-16,3.51842845256725E-17));
#6143=DIRECTION('ref_axis',(4.02158212363673E-16,-0.984807753012208,0.17364817766693));
#6144=DIRECTION('',(3.51842845256724E-17,-0.17364817766693,-0.984807753012208));
#6145=DIRECTION('',(4.02158212363673E-16,-0.984807753012208,0.17364817766693));
#6146=DIRECTION('center_axis',(-3.51842845256724E-17,0.17364817766693,0.984807753012208));
#6147=DIRECTION('ref_axis',(4.02158212363673E-16,-0.984807753012208,0.17364817766693));
#6148=DIRECTION('',(-1.,-4.02158212363673E-16,3.51842845256725E-17));
#6149=DIRECTION('',(4.02158212363673E-16,-0.984807753012208,0.17364817766693));
#6150=DIRECTION('center_axis',(1.,4.02158212363673E-16,-3.51842845256725E-17));
#6151=DIRECTION('ref_axis',(-4.02158212363673E-16,0.984807753012208,-0.17364817766693));
#6152=DIRECTION('',(-3.51842845256724E-17,0.17364817766693,0.984807753012208));
#6153=DIRECTION('',(4.02158212363673E-16,-0.984807753012208,0.17364817766693));
#6154=DIRECTION('center_axis',(4.02158212363673E-16,-0.984807753012208,
0.17364817766693));
#6155=DIRECTION('ref_axis',(1.,4.02158212363673E-16,-3.51842845256725E-17));
#6156=DIRECTION('center_axis',(4.02158212363673E-16,-0.984807753012208,
0.17364817766693));
#6157=DIRECTION('ref_axis',(1.,4.02158212363673E-16,-3.51842845256725E-17));
#6158=DIRECTION('',(4.02158212363673E-16,-0.984807753012208,0.17364817766693));
#6159=DIRECTION('center_axis',(3.51842845256724E-17,-0.17364817766693,-0.984807753012208));
#6160=DIRECTION('ref_axis',(-4.02158212363673E-16,0.984807753012208,-0.17364817766693));
#6161=DIRECTION('',(1.,4.02158212363673E-16,-3.51842845256725E-17));
#6162=DIRECTION('',(4.02158212363673E-16,-0.984807753012208,0.17364817766693));
#6163=DIRECTION('center_axis',(4.02158212363673E-16,-0.984807753012208,
0.17364817766693));
#6164=DIRECTION('ref_axis',(-0.716076039881743,-0.121210297108213,-0.687417754340269));
#6165=DIRECTION('center_axis',(4.02158212363673E-16,-0.984807753012208,
0.17364817766693));
#6166=DIRECTION('ref_axis',(1.,4.02158212363673E-16,-3.51842845256725E-17));
#6167=DIRECTION('',(4.02158212363673E-16,-0.984807753012208,0.17364817766693));
#6168=DIRECTION('center_axis',(-1.,-4.02158212363673E-16,3.51842845256725E-17));
#6169=DIRECTION('ref_axis',(4.02158212363673E-16,-0.984807753012208,0.17364817766693));
#6170=DIRECTION('',(3.51842845256724E-17,-0.17364817766693,-0.984807753012208));
#6171=DIRECTION('',(4.02158212363673E-16,-0.984807753012208,0.17364817766693));
#6172=DIRECTION('center_axis',(4.02158212363673E-16,-0.984807753012208,
0.17364817766693));
#6173=DIRECTION('ref_axis',(1.,4.02158212363673E-16,-3.51842845256725E-17));
#6174=DIRECTION('center_axis',(4.02158212363673E-16,-0.984807753012208,
0.17364817766693));
#6175=DIRECTION('ref_axis',(1.,4.02158212363673E-16,-3.51842845256725E-17));
#6176=DIRECTION('',(4.02158212363673E-16,-0.984807753012208,0.17364817766693));
#6177=DIRECTION('center_axis',(-3.51842845256724E-17,0.17364817766693,0.984807753012208));
#6178=DIRECTION('ref_axis',(4.02158212363673E-16,-0.984807753012208,0.17364817766693));
#6179=DIRECTION('',(-1.,-4.02158212363673E-16,3.51842845256725E-17));
#6180=DIRECTION('center_axis',(4.02158212363673E-16,-0.984807753012208,
0.17364817766693));
#6181=DIRECTION('ref_axis',(1.,4.02158212363673E-16,-3.51842845256725E-17));
#6182=DIRECTION('',(4.02158212363673E-16,-0.984807753012208,0.17364817766693));
#6183=DIRECTION('',(4.02158212363673E-16,-0.984807753012208,0.17364817766693));
#6184=DIRECTION('center_axis',(-0.99999999999385,6.0903100623606E-7,3.45398647556598E-6));
#6185=DIRECTION('ref_axis',(-3.50726978431224E-6,-0.173648177665862,-0.984807753006151));
#6186=DIRECTION('',(-3.50726978431224E-6,-0.173648177665862,-0.984807753006151));
#6187=DIRECTION('',(4.02158212363673E-16,-0.984807753012208,0.17364817766693));
#6188=DIRECTION('center_axis',(-3.51842845256724E-17,0.17364817766693,0.984807753012208));
#6189=DIRECTION('ref_axis',(4.02158212363673E-16,-0.984807753012208,0.17364817766693));
#6190=DIRECTION('',(-1.,-4.02158212363673E-16,3.51842845256725E-17));
#6191=DIRECTION('',(4.02158212363673E-16,-0.984807753012208,0.17364817766693));
#6192=DIRECTION('center_axis',(1.,4.02158212363673E-16,-3.51842845256725E-17));
#6193=DIRECTION('ref_axis',(-4.02158212363673E-16,0.984807753012208,-0.17364817766693));
#6194=DIRECTION('',(-3.51842845256724E-17,0.17364817766693,0.984807753012208));
#6195=DIRECTION('',(4.02158212363673E-16,-0.984807753012208,0.17364817766693));
#6196=DIRECTION('center_axis',(3.51842845256724E-17,-0.17364817766693,-0.984807753012208));
#6197=DIRECTION('ref_axis',(-4.02158212363673E-16,0.984807753012208,-0.17364817766693));
#6198=DIRECTION('',(1.,4.02158212363673E-16,-3.51842845256725E-17));
#6199=DIRECTION('',(4.02158212363673E-16,-0.984807753012208,0.17364817766693));
#6200=DIRECTION('center_axis',(-1.,-4.02158212363673E-16,3.51842845256725E-17));
#6201=DIRECTION('ref_axis',(4.02158212363673E-16,-0.984807753012208,0.17364817766693));
#6202=DIRECTION('',(3.51842845256724E-17,-0.17364817766693,-0.984807753012208));
#6203=DIRECTION('',(4.02158212363673E-16,-0.984807753012208,0.17364817766693));
#6204=DIRECTION('',(4.02158212363673E-16,-0.984807753012208,0.17364817766693));
#6205=DIRECTION('center_axis',(0.999999999999752,1.22269766030419E-7,6.93426298861292E-7));
#6206=DIRECTION('ref_axis',(-7.04123517316105E-7,0.173648177666887,0.984807753011964));
#6207=DIRECTION('',(-7.04123517316105E-7,0.173648177666887,0.984807753011964));
#6208=DIRECTION('',(4.02158212363673E-16,-0.984807753012208,0.17364817766693));
#6209=DIRECTION('center_axis',(3.51842845256724E-17,-0.17364817766693,-0.984807753012208));
#6210=DIRECTION('ref_axis',(-4.02158212363673E-16,0.984807753012208,-0.17364817766693));
#6211=DIRECTION('',(1.,4.02158212363673E-16,-3.51842845256725E-17));
#6212=DIRECTION('',(4.02158212363673E-16,-0.984807753012208,0.17364817766693));
#6213=DIRECTION('center_axis',(-1.,-4.02158212363673E-16,3.51842845256725E-17));
#6214=DIRECTION('ref_axis',(4.02158212363673E-16,-0.984807753012208,0.17364817766693));
#6215=DIRECTION('',(3.51842845256724E-17,-0.17364817766693,-0.984807753012208));
#6216=DIRECTION('',(4.02158212363673E-16,-0.984807753012208,0.17364817766693));
#6217=DIRECTION('center_axis',(-3.51842845256724E-17,0.17364817766693,0.984807753012208));
#6218=DIRECTION('ref_axis',(4.02158212363673E-16,-0.984807753012208,0.17364817766693));
#6219=DIRECTION('',(-1.,-4.02158212363673E-16,3.51842845256725E-17));
#6220=DIRECTION('',(4.02158212363673E-16,-0.984807753012208,0.17364817766693));
#6221=DIRECTION('center_axis',(1.,4.02158212363673E-16,-3.51842845256725E-17));
#6222=DIRECTION('ref_axis',(-4.02158212363673E-16,0.984807753012208,-0.17364817766693));
#6223=DIRECTION('',(-3.51842845256724E-17,0.17364817766693,0.984807753012208));
#6224=DIRECTION('center_axis',(4.02158212363673E-16,-0.984807753012208,
0.17364817766693));
#6225=DIRECTION('ref_axis',(1.,4.02158212363673E-16,-3.51842845256725E-17));
#6226=DIRECTION('center_axis',(-1.,-4.02158212363673E-16,3.51842845256725E-17));
#6227=DIRECTION('ref_axis',(4.02158212363673E-16,-0.984807753012208,0.17364817766693));
#6228=DIRECTION('',(4.02158212363673E-16,-0.984807753012208,0.17364817766693));
#6229=DIRECTION('',(3.51842845256724E-17,-0.17364817766693,-0.984807753012208));
#6230=DIRECTION('',(4.02158212363673E-16,-0.984807753012208,0.17364817766693));
#6231=DIRECTION('center_axis',(-3.51842845256724E-17,0.17364817766693,0.984807753012208));
#6232=DIRECTION('ref_axis',(4.02158212363673E-16,-0.984807753012208,0.17364817766693));
#6233=DIRECTION('',(-1.,-4.02158212363673E-16,3.51842845256725E-17));
#6234=DIRECTION('',(4.02158212363673E-16,-0.984807753012208,0.17364817766693));
#6235=DIRECTION('center_axis',(1.,4.02158212363673E-16,-3.51842845256725E-17));
#6236=DIRECTION('ref_axis',(-4.02158212363673E-16,0.984807753012208,-0.17364817766693));
#6237=DIRECTION('',(-3.51842845256724E-17,0.17364817766693,0.984807753012208));
#6238=DIRECTION('',(4.02158212363673E-16,-0.984807753012208,0.17364817766693));
#6239=DIRECTION('center_axis',(3.51842845256724E-17,-0.17364817766693,-0.984807753012208));
#6240=DIRECTION('ref_axis',(-4.02158212363673E-16,0.984807753012208,-0.17364817766693));
#6241=DIRECTION('',(1.,4.02158212363673E-16,-3.51842845256725E-17));
#6242=DIRECTION('center_axis',(4.02158212363673E-16,-0.984807753012208,
0.17364817766693));
#6243=DIRECTION('ref_axis',(1.,4.02158212363673E-16,-3.51842845256725E-17));
#6244=DIRECTION('center_axis',(1.,4.02158212363673E-16,-3.51842845256725E-17));
#6245=DIRECTION('ref_axis',(-4.02158212363673E-16,0.984807753012208,-0.17364817766693));
#6246=DIRECTION('',(4.02158212363673E-16,-0.984807753012208,0.17364817766693));
#6247=DIRECTION('',(-3.51842845256724E-17,0.17364817766693,0.984807753012208));
#6248=DIRECTION('',(4.02158212363673E-16,-0.984807753012208,0.17364817766693));
#6249=DIRECTION('center_axis',(3.51842845256724E-17,-0.17364817766693,-0.984807753012208));
#6250=DIRECTION('ref_axis',(-4.02158212363673E-16,0.984807753012208,-0.17364817766693));
#6251=DIRECTION('',(1.,4.02158212363673E-16,-3.51842845256725E-17));
#6252=DIRECTION('',(4.02158212363673E-16,-0.984807753012208,0.17364817766693));
#6253=DIRECTION('center_axis',(-1.,-4.02158212363673E-16,3.51842845256725E-17));
#6254=DIRECTION('ref_axis',(4.02158212363673E-16,-0.984807753012208,0.17364817766693));
#6255=DIRECTION('',(3.51842845256724E-17,-0.17364817766693,-0.984807753012208));
#6256=DIRECTION('',(4.02158212363673E-16,-0.984807753012208,0.17364817766693));
#6257=DIRECTION('center_axis',(-3.51842845256724E-17,0.17364817766693,0.984807753012208));
#6258=DIRECTION('ref_axis',(4.02158212363673E-16,-0.984807753012208,0.17364817766693));
#6259=DIRECTION('',(-1.,-4.02158212363673E-16,3.51842845256725E-17));
#6260=DIRECTION('',(4.02158212363673E-16,-0.984807753012208,0.17364817766693));
#6261=DIRECTION('center_axis',(1.,4.02158212363673E-16,-3.51842845256725E-17));
#6262=DIRECTION('ref_axis',(-4.02158212363673E-16,0.984807753012208,-0.17364817766693));
#6263=DIRECTION('',(-3.51842845256724E-17,0.17364817766693,0.984807753012208));
#6264=DIRECTION('',(4.02158212363673E-16,-0.984807753012208,0.17364817766693));
#6265=DIRECTION('center_axis',(-3.51842845256724E-17,0.17364817766693,0.984807753012208));
#6266=DIRECTION('ref_axis',(4.02158212363673E-16,-0.984807753012208,0.17364817766693));
#6267=DIRECTION('',(-1.,-4.02158212363673E-16,3.51842845256725E-17));
#6268=DIRECTION('center_axis',(4.02158212363673E-16,-0.984807753012208,
0.17364817766693));
#6269=DIRECTION('ref_axis',(1.,4.02158212363673E-16,-3.51842845256725E-17));
#6270=DIRECTION('center_axis',(4.02158212363673E-16,-0.984807753012208,
0.17364817766693));
#6271=DIRECTION('ref_axis',(1.,4.02158212363673E-16,-3.51842845256725E-17));
#6272=DIRECTION('center_axis',(4.02158212363673E-16,-0.984807753012208,
0.17364817766693));
#6273=DIRECTION('ref_axis',(1.,4.02158212363673E-16,-3.51842845256725E-17));
#6274=DIRECTION('center_axis',(4.02158212363673E-16,-0.984807753012208,
0.17364817766693));
#6275=DIRECTION('ref_axis',(1.,4.02158212363673E-16,-3.51842845256725E-17));
#6276=DIRECTION('center_axis',(4.02158212363673E-16,-0.984807753012208,
0.17364817766693));
#6277=DIRECTION('ref_axis',(1.,4.02158212363673E-16,-3.51842845256725E-17));
#6278=DIRECTION('center_axis',(4.02158212363673E-16,-0.984807753012208,
0.17364817766693));
#6279=DIRECTION('ref_axis',(1.,4.02158212363673E-16,-3.51842845256725E-17));
#6280=DIRECTION('center_axis',(4.02158212363673E-16,-0.984807753012208,
0.17364817766693));
#6281=DIRECTION('ref_axis',(-0.947910303686123,0.0553134338408944,0.313698071722494));
#6282=DIRECTION('center_axis',(4.02158212363673E-16,-0.984807753012208,
0.17364817766693));
#6283=DIRECTION('ref_axis',(1.,4.02158212363673E-16,-3.51842845256725E-17));
#6284=DIRECTION('center_axis',(4.02158212363673E-16,-0.984807753012208,
0.17364817766693));
#6285=DIRECTION('ref_axis',(1.,4.02158212363673E-16,-3.51842845256725E-17));
#6286=DIRECTION('center_axis',(4.02158212363673E-16,-0.984807753012208,
0.17364817766693));
#6287=DIRECTION('ref_axis',(1.,4.02158212363673E-16,-3.51842845256725E-17));
#6288=DIRECTION('center_axis',(4.02158212363673E-16,-0.984807753012208,
0.17364817766693));
#6289=DIRECTION('ref_axis',(1.,4.02158212363673E-16,-3.51842845256725E-17));
#6290=DIRECTION('center_axis',(4.02158212363673E-16,-0.984807753012208,
0.17364817766693));
#6291=DIRECTION('ref_axis',(1.,4.02158212363673E-16,-3.51842845256725E-17));
#6292=DIRECTION('center_axis',(4.02158212363673E-16,-0.984807753012208,
0.17364817766693));
#6293=DIRECTION('ref_axis',(1.,4.02158212363673E-16,-3.51842845256725E-17));
#6294=DIRECTION('center_axis',(4.02158212363673E-16,-0.984807753012208,
0.17364817766693));
#6295=DIRECTION('ref_axis',(-0.948479970502649,0.0550181843797685,0.312023628821358));
#6296=DIRECTION('center_axis',(-3.51842845256724E-17,0.17364817766693,0.984807753012208));
#6297=DIRECTION('ref_axis',(4.02158212363673E-16,-0.984807753012208,0.17364817766693));
#6298=DIRECTION('',(-4.02158212363673E-16,0.984807753012208,-0.17364817766693));
#6299=DIRECTION('',(1.,4.02158212363673E-16,-3.51842845256725E-17));
#6300=DIRECTION('',(4.02158212363673E-16,-0.984807753012208,0.17364817766693));
#6301=DIRECTION('center_axis',(-4.02158212363673E-16,0.984807753012208,
-0.17364817766693));
#6302=DIRECTION('ref_axis',(-3.51842845256724E-17,0.17364817766693,0.984807753012208));
#6303=DIRECTION('center_axis',(-4.02158212363673E-16,0.984807753012208,
-0.17364817766693));
#6304=DIRECTION('ref_axis',(-1.,-4.02158212363673E-16,3.51842845256725E-17));
#6305=DIRECTION('center_axis',(-4.02158212363673E-16,0.984807753012208,
-0.17364817766693));
#6306=DIRECTION('ref_axis',(-1.,-4.02158212363673E-16,3.51842845256725E-17));
#6307=DIRECTION('',(-4.02158212363673E-16,0.984807753012208,-0.17364817766693));
#6308=DIRECTION('center_axis',(-4.02158212363673E-16,0.984807753012208,
-0.17364817766693));
#6309=DIRECTION('ref_axis',(-1.,-4.02158212363673E-16,3.51842845256725E-17));
#6310=DIRECTION('',(-4.02158212363673E-16,0.984807753012208,-0.17364817766693));
#6311=DIRECTION('center_axis',(-1.,-3.89978073962172E-16,1.04261282002531E-16));
#6312=DIRECTION('ref_axis',(-3.49583369814944E-17,-0.17364817766693,-0.984807753012208));
#6313=DIRECTION('',(-4.02158212363673E-16,0.984807753012208,-0.17364817766693));
#6314=DIRECTION('',(-3.49583369814944E-17,-0.17364817766693,-0.984807753012208));
#6315=DIRECTION('center_axis',(-4.02158212363673E-16,0.984807753012208,
-0.17364817766693));
#6316=DIRECTION('ref_axis',(-1.,-4.02158212363673E-16,3.51842845256725E-17));
#6317=DIRECTION('',(-4.02158212363673E-16,0.984807753012208,-0.17364817766693));
#6318=DIRECTION('center_axis',(-4.02158212363673E-16,0.984807753012208,
-0.17364817766693));
#6319=DIRECTION('ref_axis',(-1.,-4.02158212363673E-16,3.51842845256725E-17));
#6320=DIRECTION('center_axis',(-3.51842845256724E-17,0.17364817766693,0.984807753012208));
#6321=DIRECTION('ref_axis',(4.02158212363673E-16,-0.984807753012208,0.17364817766693));
#6322=DIRECTION('',(-4.02158212363673E-16,0.984807753012208,-0.17364817766693));
#6323=DIRECTION('',(-1.,-4.02158212363673E-16,3.51842845256725E-17));
#6324=DIRECTION('center_axis',(-3.51842845256724E-17,0.17364817766693,0.984807753012208));
#6325=DIRECTION('ref_axis',(4.02158212363673E-16,-0.984807753012208,0.17364817766693));
#6326=DIRECTION('',(4.02158212363673E-16,-0.984807753012208,0.17364817766693));
#6327=DIRECTION('',(-1.,-4.02158212363673E-16,3.51842845256725E-17));
#6328=DIRECTION('center_axis',(-4.02158212363673E-16,0.984807753012208,
-0.17364817766693));
#6329=DIRECTION('ref_axis',(-1.,-4.02158212363673E-16,3.51842845256725E-17));
#6330=DIRECTION('',(-4.02158212363673E-16,0.984807753012208,-0.17364817766693));
#6331=DIRECTION('center_axis',(-4.02158212363673E-16,0.984807753012208,
-0.17364817766693));
#6332=DIRECTION('ref_axis',(-1.,-4.02158212363673E-16,3.51842845256725E-17));
#6333=DIRECTION('center_axis',(-1.,-4.02158212363673E-16,3.51842845256725E-17));
#6334=DIRECTION('ref_axis',(4.02158212363673E-16,-0.984807753012208,0.17364817766693));
#6335=DIRECTION('',(4.02158212363673E-16,-0.984807753012208,0.17364817766693));
#6336=DIRECTION('',(3.51842845256724E-17,-0.17364817766693,-0.984807753012208));
#6337=DIRECTION('',(4.02158212363673E-16,-0.984807753012208,0.17364817766693));
#6338=DIRECTION('center_axis',(-4.02158212363673E-16,0.984807753012208,
-0.17364817766693));
#6339=DIRECTION('ref_axis',(-1.,-4.02158212363673E-16,3.51842845256725E-17));
#6340=DIRECTION('',(-4.02158212363673E-16,0.984807753012208,-0.17364817766693));
#6341=DIRECTION('center_axis',(-4.02158212363673E-16,0.984807753012208,
-0.17364817766693));
#6342=DIRECTION('ref_axis',(-1.,-4.02158212363673E-16,3.51842845256725E-17));
#6343=DIRECTION('center_axis',(4.02158212363673E-16,-0.984807753012208,
0.17364817766693));
#6344=DIRECTION('ref_axis',(1.,4.02158212363673E-16,-3.51842845256725E-17));
#6345=DIRECTION('',(4.02158212363673E-16,-0.984807753012208,0.17364817766693));
#6346=DIRECTION('',(-4.02158212363673E-16,0.984807753012208,-0.17364817766693));
#6347=DIRECTION('',(4.02158212363673E-16,-0.984807753012208,0.17364817766693));
#6348=DIRECTION('center_axis',(4.02158212363673E-16,-0.984807753012208,
0.17364817766693));
#6349=DIRECTION('ref_axis',(1.,4.02158212363673E-16,-3.51842845256725E-17));
#6350=DIRECTION('center_axis',(1.,1.20992772375877E-16,-1.62975273263327E-15));
#6351=DIRECTION('ref_axis',(1.58398295215614E-15,0.17364817766693,0.984807753012208));
#6352=DIRECTION('',(4.02158212363673E-16,-0.984807753012208,0.17364817766693));
#6353=DIRECTION('',(1.58398295215614E-15,0.17364817766693,0.984807753012208));
#6354=DIRECTION('center_axis',(3.51842845256724E-17,-0.17364817766693,-0.984807753012208));
#6355=DIRECTION('ref_axis',(-4.02158212363673E-16,0.984807753012208,-0.17364817766693));
#6356=DIRECTION('',(4.02158212363673E-16,-0.984807753012208,0.17364817766693));
#6357=DIRECTION('',(1.,4.02158212363673E-16,-3.51842845256725E-17));
#6358=DIRECTION('center_axis',(-1.,-6.83323652351469E-16,-1.55938416358193E-15));
#6359=DIRECTION('ref_axis',(1.65435152120748E-15,-0.17364817766693,-0.984807753012208));
#6360=DIRECTION('',(4.02158212363673E-16,-0.984807753012208,0.17364817766693));
#6361=DIRECTION('',(1.65435152120748E-15,-0.17364817766693,-0.984807753012208));
#6362=DIRECTION('center_axis',(4.02158212363673E-16,-0.984807753012208,
0.17364817766693));
#6363=DIRECTION('ref_axis',(1.,4.02158212363673E-16,-3.51842845256725E-17));
#6364=DIRECTION('',(-4.02158212363673E-16,0.984807753012208,-0.17364817766693));
#6365=DIRECTION('',(4.02158212363673E-16,-0.984807753012208,0.17364817766693));
#6366=DIRECTION('center_axis',(4.02158212363673E-16,-0.984807753012208,
0.17364817766693));
#6367=DIRECTION('ref_axis',(1.,4.02158212363673E-16,-3.51842845256725E-17));
#6368=DIRECTION('center_axis',(1.,1.20992772375877E-16,-1.62975273263327E-15));
#6369=DIRECTION('ref_axis',(1.58398295215614E-15,0.17364817766693,0.984807753012208));
#6370=DIRECTION('',(4.02158212363673E-16,-0.984807753012208,0.17364817766693));
#6371=DIRECTION('',(1.58398295215614E-15,0.17364817766693,0.984807753012208));
#6372=DIRECTION('center_axis',(-4.02158212363673E-16,0.984807753012208,
-0.17364817766693));
#6373=DIRECTION('ref_axis',(-1.,-4.02158212363673E-16,3.51842845256725E-17));
#6374=DIRECTION('',(-4.02158212363673E-16,0.984807753012208,-0.17364817766693));
#6375=DIRECTION('center_axis',(-4.02158212363673E-16,0.984807753012208,
-0.17364817766693));
#6376=DIRECTION('ref_axis',(-1.,-4.02158212363673E-16,3.51842845256725E-17));
#6377=DIRECTION('center_axis',(1.,4.14338350765174E-16,3.38927129511862E-17));
#6378=DIRECTION('ref_axis',(-1.05326906032839E-16,0.17364817766693,0.984807753012208));
#6379=DIRECTION('',(4.02158212363673E-16,-0.984807753012208,0.17364817766693));
#6380=DIRECTION('',(-1.05326906032839E-16,0.17364817766693,0.984807753012208));
#6381=DIRECTION('center_axis',(3.51842845256724E-17,-0.17364817766693,-0.984807753012208));
#6382=DIRECTION('ref_axis',(-4.02158212363673E-16,0.984807753012208,-0.17364817766693));
#6383=DIRECTION('',(1.,4.02158212363673E-16,-3.51842845256725E-17));
#6384=DIRECTION('center_axis',(-4.02158212363673E-16,0.984807753012208,
-0.17364817766693));
#6385=DIRECTION('ref_axis',(-1.,-4.02158212363673E-16,3.51842845256725E-17));
#6386=DIRECTION('',(-4.02158212363673E-16,0.984807753012208,-0.17364817766693));
#6387=DIRECTION('center_axis',(-4.02158212363673E-16,0.984807753012208,
-0.17364817766693));
#6388=DIRECTION('ref_axis',(-1.,-4.02158212363673E-16,3.51842845256725E-17));
#6389=DIRECTION('center_axis',(1.,4.14338350765174E-16,3.38927129511862E-17));
#6390=DIRECTION('ref_axis',(-1.05326906032839E-16,0.17364817766693,0.984807753012208));
#6391=DIRECTION('',(-4.02158212363673E-16,0.984807753012208,-0.17364817766693));
#6392=DIRECTION('',(-1.05326906032839E-16,0.17364817766693,0.984807753012208));
#6393=DIRECTION('center_axis',(1.,4.02158212363673E-16,-3.51842845256725E-17));
#6394=DIRECTION('ref_axis',(-4.02158212363673E-16,0.984807753012208,-0.17364817766693));
#6395=DIRECTION('',(-3.51842845256724E-17,0.17364817766693,0.984807753012208));
#6396=DIRECTION('center_axis',(-3.51842845256724E-17,0.17364817766693,0.984807753012208));
#6397=DIRECTION('ref_axis',(4.02158212363673E-16,-0.984807753012208,0.17364817766693));
#6398=DIRECTION('',(4.02158212363673E-16,-0.984807753012208,0.17364817766693));
#6399=DIRECTION('',(-1.,-4.02158212363673E-16,3.51842845256725E-17));
#6400=DIRECTION('center_axis',(4.02158212363673E-16,-0.984807753012208,
0.17364817766693));
#6401=DIRECTION('ref_axis',(1.,4.02158212363673E-16,-3.51842845256725E-17));
#6402=DIRECTION('center_axis',(4.02158212363673E-16,-0.984807753012208,
0.17364817766693));
#6403=DIRECTION('ref_axis',(1.,4.02158212363673E-16,-3.51842845256725E-17));
#6404=DIRECTION('',(4.02158212363673E-16,-0.984807753012208,0.17364817766693));
#6405=DIRECTION('',(-4.02158212363673E-16,0.984807753012208,-0.17364817766693));
#6406=DIRECTION('',(4.02158212363673E-16,-0.984807753012208,0.17364817766693));
#6407=DIRECTION('center_axis',(4.02158212363673E-16,-0.984807753012208,
0.17364817766693));
#6408=DIRECTION('ref_axis',(1.,4.02158212363673E-16,-3.51842845256725E-17));
#6409=DIRECTION('center_axis',(1.,4.02158212363673E-16,-3.51842845256725E-17));
#6410=DIRECTION('ref_axis',(-4.02158212363673E-16,0.984807753012208,-0.17364817766693));
#6411=DIRECTION('',(-3.51842845256724E-17,0.17364817766693,0.984807753012208));
#6412=DIRECTION('',(4.02158212363673E-16,-0.984807753012208,0.17364817766693));
#6413=DIRECTION('center_axis',(3.51842845256724E-17,-0.17364817766693,-0.984807753012208));
#6414=DIRECTION('ref_axis',(-4.02158212363673E-16,0.984807753012208,-0.17364817766693));
#6415=DIRECTION('',(4.02158212363673E-16,-0.984807753012208,0.17364817766693));
#6416=DIRECTION('',(1.,4.02158212363673E-16,-3.51842845256725E-17));
#6417=DIRECTION('center_axis',(-1.,-3.89978073962172E-16,1.04261282002531E-16));
#6418=DIRECTION('ref_axis',(-3.49583369814944E-17,-0.17364817766693,-0.984807753012208));
#6419=DIRECTION('',(-4.02158212363673E-16,0.984807753012208,-0.17364817766693));
#6420=DIRECTION('',(-3.49583369814944E-17,-0.17364817766693,-0.984807753012208));
#6421=DIRECTION('center_axis',(-4.02158212363673E-16,0.984807753012208,
-0.17364817766693));
#6422=DIRECTION('ref_axis',(-1.,-4.02158212363673E-16,3.51842845256725E-17));
#6423=DIRECTION('',(-4.02158212363673E-16,0.984807753012208,-0.17364817766693));
#6424=DIRECTION('center_axis',(-4.02158212363673E-16,0.984807753012208,
-0.17364817766693));
#6425=DIRECTION('ref_axis',(-1.,-4.02158212363673E-16,3.51842845256725E-17));
#6426=DIRECTION('center_axis',(-1.,-6.83323652351469E-16,-1.55938416358193E-15));
#6427=DIRECTION('ref_axis',(1.65435152120748E-15,-0.17364817766693,-0.984807753012208));
#6428=DIRECTION('',(1.65435152120748E-15,-0.17364817766693,-0.984807753012208));
#6429=DIRECTION('center_axis',(-4.02158212363673E-16,0.984807753012208,
-0.17364817766693));
#6430=DIRECTION('ref_axis',(-1.,-4.02158212363673E-16,3.51842845256725E-17));
#6431=DIRECTION('',(-4.02158212363673E-16,0.984807753012208,-0.17364817766693));
#6432=DIRECTION('center_axis',(-4.02158212363673E-16,0.984807753012208,
-0.17364817766693));
#6433=DIRECTION('ref_axis',(-1.,-4.02158212363673E-16,3.51842845256725E-17));
#6434=DIRECTION('center_axis',(3.51842845256724E-17,-0.17364817766693,-0.984807753012208));
#6435=DIRECTION('ref_axis',(-4.02158212363673E-16,0.984807753012208,-0.17364817766693));
#6436=DIRECTION('',(1.,4.02158212363673E-16,-3.51842845256725E-17));
#6437=DIRECTION('center_axis',(-3.51842845256724E-17,0.17364817766693,0.984807753012208));
#6438=DIRECTION('ref_axis',(4.02158212363673E-16,-0.984807753012208,0.17364817766693));
#6439=DIRECTION('',(-1.,-4.02158212363673E-16,3.51842845256725E-17));
#6440=DIRECTION('',(4.02158212363673E-16,-0.984807753012208,0.17364817766693));
#6441=DIRECTION('center_axis',(-1.,-4.02158212363673E-16,3.51842845256725E-17));
#6442=DIRECTION('ref_axis',(4.02158212363673E-16,-0.984807753012208,0.17364817766693));
#6443=DIRECTION('',(3.51842845256724E-17,-0.17364817766693,-0.984807753012208));
#6444=DIRECTION('center_axis',(0.999847695156391,0.0171872651681574,-0.00303057857373707));
#6445=DIRECTION('ref_axis',(-0.017452406437284,0.984657762021401,-0.173621730208388));
#6446=DIRECTION('',(1.05100958488661E-16,0.17364817766693,0.984807753012208));
#6447=DIRECTION('',(0.017452406437284,-0.984657762021401,0.173621730208388));
#6448=DIRECTION('',(1.05100958488661E-16,0.17364817766693,0.984807753012208));
#6449=DIRECTION('',(0.017452406437284,-0.984657762021401,0.173621730208388));
#6450=DIRECTION('center_axis',(-4.02158212363673E-16,0.984807753012208,
-0.17364817766693));
#6451=DIRECTION('ref_axis',(-1.,-4.02158212363673E-16,3.51842845256725E-17));
#6452=DIRECTION('',(3.51842845256724E-17,-0.17364817766693,-0.984807753012208));
#6453=DIRECTION('center_axis',(4.02158212363673E-16,-0.984807753012208,
0.17364817766693));
#6454=DIRECTION('ref_axis',(-1.,-4.02158212363673E-16,3.51842845256725E-17));
#6455=DIRECTION('',(1.,4.02158212363673E-16,-3.51842845256725E-17));
#6456=DIRECTION('center_axis',(4.02158212363673E-16,-0.984807753012208,
0.17364817766693));
#6457=DIRECTION('ref_axis',(-1.,-4.02158212363673E-16,3.51842845256725E-17));
#6458=DIRECTION('center_axis',(4.02158212363673E-16,-0.984807753012208,
0.17364817766693));
#6459=DIRECTION('ref_axis',(-1.,-4.02158212363673E-16,3.51842845256725E-17));
#6460=DIRECTION('',(-1.,-3.58232497608919E-16,2.84299392028023E-16));
#6461=DIRECTION('center_axis',(4.02158212363673E-16,-0.984807753012208,
0.17364817766693));
#6462=DIRECTION('ref_axis',(-1.,-4.02158212363673E-16,3.51842845256725E-17));
#6463=DIRECTION('center_axis',(-0.999847695156391,0.0171872651681566,-0.00303057857373686));
#6464=DIRECTION('ref_axis',(0.0174524064372831,0.984657762021401,-0.173621730208388));
#6465=DIRECTION('',(-0.0174524064372832,-0.984657762021401,0.173621730208388));
#6466=DIRECTION('',(3.51842845256724E-17,-0.17364817766693,-0.984807753012208));
#6467=DIRECTION('',(-0.0174524064372832,-0.984657762021401,0.173621730208388));
#6468=DIRECTION('center_axis',(4.02158212363673E-16,-0.984807753012208,
0.17364817766693));
#6469=DIRECTION('ref_axis',(-1.,-4.02158212363673E-16,3.51842845256725E-17));
#6470=DIRECTION('center_axis',(4.02158212363673E-16,-0.984807753012208,
0.17364817766693));
#6471=DIRECTION('ref_axis',(-1.,-4.02158212363673E-16,3.51842845256725E-17));
#6472=DIRECTION('',(4.0271101215378E-16,-0.987688340595138,0.156434465040231));
#6473=DIRECTION('center_axis',(2.8160297214458E-17,-0.156434465040231,-0.987688340595138));
#6474=DIRECTION('ref_axis',(-4.0271101215378E-16,0.987688340595138,-0.156434465040231));
#6475=DIRECTION('',(1.,4.02158212363673E-16,-3.51842845256725E-17));
#6476=DIRECTION('',(4.0271101215378E-16,-0.987688340595138,0.156434465040231));
#6477=DIRECTION('center_axis',(4.02158212363673E-16,-0.984807753012208,
0.17364817766693));
#6478=DIRECTION('ref_axis',(-1.,-4.02158212363673E-16,3.51842845256725E-17));
#6479=DIRECTION('center_axis',(4.02158212363673E-16,-0.984807753012208,
0.17364817766693));
#6480=DIRECTION('ref_axis',(-1.,-4.02158212363673E-16,3.51842845256725E-17));
#6481=DIRECTION('center_axis',(2.10722028472364E-16,0.190808995376545,0.981627183447664));
#6482=DIRECTION('ref_axis',(-4.05897639026295E-16,0.981627183447664,-0.190808995376545));
#6483=DIRECTION('',(4.01482911286286E-16,-0.981627183447664,0.190808995376545));
#6484=DIRECTION('',(-1.,-3.58232497608919E-16,2.84299392028023E-16));
#6485=DIRECTION('',(4.05897639026295E-16,-0.981627183447664,0.190808995376545));
#6486=DIRECTION('center_axis',(4.02158212363673E-16,-0.984807753012208,
0.17364817766693));
#6487=DIRECTION('ref_axis',(-1.,-4.02158212363673E-16,3.51842845256725E-17));
#6488=DIRECTION('center_axis',(4.02158212363673E-16,-0.984807753012208,
0.17364817766693));
#6489=DIRECTION('ref_axis',(-1.,-4.02158212363673E-16,3.51842845256725E-17));
#6490=DIRECTION('center_axis',(4.02158212363673E-16,-0.984807753012208,
0.17364817766693));
#6491=DIRECTION('ref_axis',(-1.,-4.02158212363673E-16,3.51842845256725E-17));
#6492=DIRECTION('center_axis',(4.02158212363673E-16,-0.984807753012208,
0.17364817766693));
#6493=DIRECTION('ref_axis',(-1.,-4.02158212363673E-16,3.51842845256725E-17));
#6494=DIRECTION('center_axis',(-3.51842845256724E-17,0.17364817766693,0.984807753012208));
#6495=DIRECTION('ref_axis',(4.02158212363673E-16,-0.984807753012208,0.17364817766693));
#6496=DIRECTION('',(-4.02158212363673E-16,0.984807753012208,-0.17364817766693));
#6497=DIRECTION('',(1.,4.02158212363673E-16,-3.51842845256725E-17));
#6498=DIRECTION('',(4.02158212363673E-16,-0.984807753012208,0.17364817766693));
#6499=DIRECTION('center_axis',(-4.02158212363673E-16,0.984807753012208,
-0.17364817766693));
#6500=DIRECTION('ref_axis',(-3.51842845256724E-17,0.17364817766693,0.984807753012208));
#6501=DIRECTION('center_axis',(-4.02158212363673E-16,0.984807753012208,
-0.17364817766693));
#6502=DIRECTION('ref_axis',(-1.,-4.02158212363673E-16,3.51842845256725E-17));
#6503=DIRECTION('center_axis',(-4.02158212363673E-16,0.984807753012208,
-0.17364817766693));
#6504=DIRECTION('ref_axis',(-1.,-4.02158212363673E-16,3.51842845256725E-17));
#6505=CARTESIAN_POINT('',(0.,0.,0.));
#6506=CARTESIAN_POINT('Origin',(4.58704574039354E-15,152.34330694665,46.2965224652713));
#6507=CARTESIAN_POINT('',(83.15,153.554620482855,46.082935206741));
#6508=CARTESIAN_POINT('',(-83.15,153.554620482855,46.082935206741));
#6509=CARTESIAN_POINT('',(41.1465,153.554620482855,46.082935206741));
#6510=CARTESIAN_POINT('',(83.15,151.092601100325,46.5170556509083));
#6511=CARTESIAN_POINT('',(83.15,152.34330694665,46.2965224652713));
#6512=CARTESIAN_POINT('',(-83.15,151.092601100325,46.5170556509083));
#6513=CARTESIAN_POINT('',(41.1465,151.092601100325,46.5170556509083));
#6514=CARTESIAN_POINT('',(-83.15,152.34330694665,46.2965224652713));
#6515=CARTESIAN_POINT('Origin',(-83.15,143.541080820714,-3.62338253491759));
#6516=CARTESIAN_POINT('',(-83.15,135.950168230982,-53.7568747936367));
#6517=CARTESIAN_POINT('',(-83.15,133.760377886513,-66.1757929629972));
#6518=CARTESIAN_POINT('',(-83.15,133.488148848451,-53.3227543494694));
#6519=CARTESIAN_POINT('',(-83.15,131.298358503983,-65.7416725188298));
#6520=CARTESIAN_POINT('',(-83.15,134.738854694777,-53.5432875351064));
#6521=CARTESIAN_POINT('Origin',(8.15402850560621E-15,134.738854694777,-53.5432875351064));
#6522=CARTESIAN_POINT('',(83.15,135.950168230982,-53.7568747936367));
#6523=CARTESIAN_POINT('',(41.1465,135.950168230982,-53.7568747936367));
#6524=CARTESIAN_POINT('',(83.15,133.488148848451,-53.3227543494694));
#6525=CARTESIAN_POINT('',(41.1465,133.488148848451,-53.3227543494694));
#6526=CARTESIAN_POINT('',(83.15,134.738854694777,-53.5432875351064));
#6527=CARTESIAN_POINT('Origin',(83.15,143.541080820714,-3.62338253491759));
#6528=CARTESIAN_POINT('',(83.15,133.760377886513,-66.1757929629972));
#6529=CARTESIAN_POINT('',(83.15,131.298358503983,-65.7416725188298));
#6530=CARTESIAN_POINT('Origin',(82.293,168.591209392117,74.4630161434447));
#6531=CARTESIAN_POINT('',(78.293,168.591209392117,74.4630161434447));
#6532=CARTESIAN_POINT('Origin',(82.293,168.591209392117,74.4630161434447));
#6533=CARTESIAN_POINT('',(80.268,168.591209392117,74.4630161434447));
#6534=CARTESIAN_POINT('Origin',(82.293,168.591209392117,74.4630161434447));
#6535=CARTESIAN_POINT('Origin',(-82.293,168.591209392117,74.4630161434447));
#6536=CARTESIAN_POINT('',(-86.293,168.591209392117,74.4630161434447));
#6537=CARTESIAN_POINT('Origin',(-82.293,168.591209392117,74.4630161434447));
#6538=CARTESIAN_POINT('',(-84.318,168.591209392117,74.4630161434447));
#6539=CARTESIAN_POINT('Origin',(-82.293,168.591209392117,74.4630161434447));
#6540=CARTESIAN_POINT('Origin',(82.293,131.630021127534,-135.154298892957));
#6541=CARTESIAN_POINT('',(78.293,131.630021127534,-135.154298892957));
#6542=CARTESIAN_POINT('Origin',(82.293,131.630021127534,-135.154298892957));
#6543=CARTESIAN_POINT('',(80.268,131.630021127534,-135.154298892957));
#6544=CARTESIAN_POINT('Origin',(82.293,131.630021127534,-135.154298892957));
#6545=CARTESIAN_POINT('Origin',(-82.293,131.630021127533,-135.154298892957));
#6546=CARTESIAN_POINT('',(-86.293,131.630021127533,-135.154298892957));
#6547=CARTESIAN_POINT('Origin',(-82.293,131.630021127533,-135.154298892957));
#6548=CARTESIAN_POINT('',(-84.318,131.630021127533,-135.154298892957));
#6549=CARTESIAN_POINT('Origin',(-82.293,131.630021127533,-135.154298892957));
#6550=CARTESIAN_POINT('Origin',(82.293,168.522272849406,74.4751715158814));
#6551=CARTESIAN_POINT('',(82.2914999999998,168.873910312711,76.4694066686157));
#6552=CARTESIAN_POINT('',(82.2914999999998,168.170635386102,72.4809363631472));
#6553=CARTESIAN_POINT('Origin',(82.29,168.522272849406,74.4751715158814));
#6554=CARTESIAN_POINT('Origin',(82.293,168.522272849406,74.4751715158814));
#6555=CARTESIAN_POINT('Origin',(82.293,169.61540945525,74.2824220386711));
#6556=CARTESIAN_POINT('',(80.268,168.551817081997,74.4699620705514));
#6557=CARTESIAN_POINT('',(80.268,169.61540945525,74.2824220386711));
#6558=CARTESIAN_POINT('',(82.2914999999998,168.200179618693,72.4757269178172));
#6559=CARTESIAN_POINT('Origin',(82.293,168.551817081997,74.4699620705514));
#6560=CARTESIAN_POINT('',(82.2914999999998,169.263771991946,72.2881868859369));
#6561=CARTESIAN_POINT('',(82.2914999999998,168.903454545301,76.4641972232857));
#6562=CARTESIAN_POINT('',(82.2914999999998,169.967046918554,76.2766571914054));
#6563=CARTESIAN_POINT('Origin',(82.293,168.551817081997,74.4699620705514));
#6564=CARTESIAN_POINT('Origin',(82.29,165.370888039767,75.0308456844156));
#6565=CARTESIAN_POINT('',(80.265,168.551817081997,74.4699620705514));
#6566=CARTESIAN_POINT('Origin',(82.29,168.551817081997,74.4699620705514));
#6567=CARTESIAN_POINT('',(80.265,162.130870532357,75.6021481889398));
#6568=CARTESIAN_POINT('',(80.265,165.370888039767,75.0308456844156));
#6569=CARTESIAN_POINT('Origin',(82.29,162.130870532357,75.6021481889398));
#6570=CARTESIAN_POINT('Origin',(82.29,168.551817081997,74.4699620705514));
#6571=CARTESIAN_POINT('Origin',(82.293,168.551817081997,74.4699620705514));
#6572=CARTESIAN_POINT('Origin',(82.29,162.130870532357,75.6021481889398));
#6573=CARTESIAN_POINT('',(81.19,162.130870532357,75.6021481889398));
#6574=CARTESIAN_POINT('Origin',(82.29,162.130870532357,75.6021481889398));
#6575=CARTESIAN_POINT('Origin',(82.29,159.225687660971,76.1144103130573));
#6576=CARTESIAN_POINT('',(81.19,159.225687660971,76.1144103130572));
#6577=CARTESIAN_POINT('Origin',(82.29,159.225687660971,76.1144103130573));
#6578=CARTESIAN_POINT('Origin',(82.29,160.707823329255,75.8530698056685));
#6579=CARTESIAN_POINT('',(81.19,160.707823329255,75.8530698056685));
#6580=CARTESIAN_POINT('Origin',(-82.293,168.522272849406,74.4751715158814));
#6581=CARTESIAN_POINT('',(-82.2914999999998,168.170635386102,72.4809363631472));
#6582=CARTESIAN_POINT('',(-84.315,168.522272849406,74.4751715158814));
#6583=CARTESIAN_POINT('Origin',(-82.29,168.522272849406,74.4751715158814));
#6584=CARTESIAN_POINT('',(-84.318,168.522272849406,74.4751715158814));
#6585=CARTESIAN_POINT('Origin',(-82.293,168.522272849406,74.4751715158814));
#6586=CARTESIAN_POINT('',(-82.2914999999998,168.873910312711,76.4694066686157));
#6587=CARTESIAN_POINT('Origin',(-82.293,168.522272849406,74.4751715158814));
#6588=CARTESIAN_POINT('Origin',(-82.29,168.522272849406,74.4751715158814));
#6589=CARTESIAN_POINT('Origin',(-82.293,169.61540945525,74.2824220386711));
#6590=CARTESIAN_POINT('',(-84.318,169.61540945525,74.2824220386711));
#6591=CARTESIAN_POINT('',(-82.2914999999998,168.200179618692,72.4757269178172));
#6592=CARTESIAN_POINT('',(-82.2914999999998,169.263771991946,72.2881868859369));
#6593=CARTESIAN_POINT('',(-82.2914999999998,168.903454545301,76.4641972232857));
#6594=CARTESIAN_POINT('Origin',(-82.293,168.551817081997,74.4699620705514));
#6595=CARTESIAN_POINT('',(-82.2914999999998,169.967046918554,76.2766571914054));
#6596=CARTESIAN_POINT('Origin',(-82.29,165.370888039767,75.0308456844156));
#6597=CARTESIAN_POINT('',(-84.315,162.130870532357,75.6021481889398));
#6598=CARTESIAN_POINT('',(-84.315,165.370888039767,75.0308456844156));
#6599=CARTESIAN_POINT('Origin',(-82.29,162.130870532357,75.6021481889398));
#6600=CARTESIAN_POINT('Origin',(-82.29,168.551817081997,74.4699620705514));
#6601=CARTESIAN_POINT('Origin',(-82.293,168.551817081997,74.4699620705514));
#6602=CARTESIAN_POINT('Origin',(-82.29,160.707823329255,75.8530698056685));
#6603=CARTESIAN_POINT('',(-83.39,162.130870532357,75.6021481889398));
#6604=CARTESIAN_POINT('Origin',(-82.29,162.130870532357,75.6021481889398));
#6605=CARTESIAN_POINT('',(-83.39,159.225687660971,76.1144103130572));
#6606=CARTESIAN_POINT('',(-83.39,160.707823329255,75.8530698056685));
#6607=CARTESIAN_POINT('Origin',(-82.29,159.225687660971,76.1144103130573));
#6608=CARTESIAN_POINT('Origin',(-82.29,159.225687660971,76.1144103130573));
#6609=CARTESIAN_POINT('Origin',(-82.29,162.130870532357,75.6021481889398));
#6610=CARTESIAN_POINT('Origin',(82.293,131.561084584823,-135.14214352052));
#6611=CARTESIAN_POINT('',(82.9318610309841,131.894763987148,-133.249753592531));
#6612=CARTESIAN_POINT('',(81.6511389690155,131.227578830675,-137.033548640756));
#6613=CARTESIAN_POINT('Origin',(82.29,131.561258233,-135.141158712767));
#6614=CARTESIAN_POINT('Origin',(82.293,131.561084584823,-135.14214352052));
#6615=CARTESIAN_POINT('Origin',(82.293,132.654221190666,-135.33489299773));
#6616=CARTESIAN_POINT('',(80.268,131.590628817413,-135.14735296585));
#6617=CARTESIAN_POINT('',(80.268,132.654221190666,-135.33489299773));
#6618=CARTESIAN_POINT('',(81.6511389690155,131.257123063265,-137.038758086086));
#6619=CARTESIAN_POINT('Origin',(82.293,131.590628817413,-135.14735296585));
#6620=CARTESIAN_POINT('',(81.6511389690155,132.320715436519,-137.226298117966));
#6621=CARTESIAN_POINT('',(82.9318610309841,131.924308219738,-133.254963037861));
#6622=CARTESIAN_POINT('',(82.9318610309841,132.987900592992,-133.442503069742));
#6623=CARTESIAN_POINT('Origin',(82.293,131.590628817413,-135.14735296585));
#6624=CARTESIAN_POINT('Origin',(82.29,128.409873423361,-134.585484544233));
#6625=CARTESIAN_POINT('',(80.265,131.590802465591,-135.146368158097));
#6626=CARTESIAN_POINT('Origin',(82.29,131.590802465591,-135.146368158097));
#6627=CARTESIAN_POINT('',(80.265,125.169855915951,-134.014182039709));
#6628=CARTESIAN_POINT('',(80.265,128.409873423361,-134.585484544233));
#6629=CARTESIAN_POINT('Origin',(82.29,125.169855915951,-134.014182039709));
#6630=CARTESIAN_POINT('Origin',(82.29,131.590802465591,-135.146368158097));
#6631=CARTESIAN_POINT('Origin',(82.293,131.590628817413,-135.14735296585));
#6632=CARTESIAN_POINT('Origin',(82.29,125.169855915951,-134.014182039709));
#6633=CARTESIAN_POINT('',(81.19,125.169855915951,-134.014182039709));
#6634=CARTESIAN_POINT('Origin',(82.29,125.169855915951,-134.014182039709));
#6635=CARTESIAN_POINT('Origin',(82.29,122.264673044565,-133.501919915591));
#6636=CARTESIAN_POINT('',(81.19,122.264673044565,-133.501919915591));
#6637=CARTESIAN_POINT('Origin',(82.29,122.264673044565,-133.501919915591));
#6638=CARTESIAN_POINT('Origin',(82.29,123.746808712848,-133.76326042298));
#6639=CARTESIAN_POINT('',(81.19,123.746808712848,-133.76326042298));
#6640=CARTESIAN_POINT('Origin',(-82.293,131.561084584823,-135.14214352052));
#6641=CARTESIAN_POINT('',(-81.6511389690155,131.227578830675,-137.033548640756));
#6642=CARTESIAN_POINT('',(-84.315,131.561258233,-135.141158712767));
#6643=CARTESIAN_POINT('Origin',(-82.29,131.561258233,-135.141158712767));
#6644=CARTESIAN_POINT('',(-84.318,131.561084584823,-135.14214352052));
#6645=CARTESIAN_POINT('Origin',(-82.293,131.561084584823,-135.14214352052));
#6646=CARTESIAN_POINT('',(-82.9318610309841,131.894763987148,-133.249753592531));
#6647=CARTESIAN_POINT('Origin',(-82.293,131.561084584823,-135.14214352052));
#6648=CARTESIAN_POINT('Origin',(-82.29,131.561258233,-135.141158712767));
#6649=CARTESIAN_POINT('Origin',(-82.293,132.654221190666,-135.33489299773));
#6650=CARTESIAN_POINT('',(-84.318,132.654221190666,-135.33489299773));
#6651=CARTESIAN_POINT('',(-81.6511389690155,131.257123063265,-137.038758086086));
#6652=CARTESIAN_POINT('',(-81.6511389690155,132.320715436518,-137.226298117966));
#6653=CARTESIAN_POINT('',(-82.9318610309841,131.924308219738,-133.254963037861));
#6654=CARTESIAN_POINT('Origin',(-82.293,131.590628817413,-135.14735296585));
#6655=CARTESIAN_POINT('',(-82.9318610309841,132.987900592992,-133.442503069742));
#6656=CARTESIAN_POINT('Origin',(-82.29,128.409873423361,-134.585484544233));
#6657=CARTESIAN_POINT('',(-84.315,125.169855915951,-134.014182039709));
#6658=CARTESIAN_POINT('',(-84.315,128.409873423361,-134.585484544233));
#6659=CARTESIAN_POINT('Origin',(-82.29,125.169855915951,-134.014182039709));
#6660=CARTESIAN_POINT('Origin',(-82.29,131.590802465591,-135.146368158097));
#6661=CARTESIAN_POINT('Origin',(-82.293,131.590628817413,-135.14735296585));
#6662=CARTESIAN_POINT('Origin',(-82.29,123.746808712848,-133.76326042298));
#6663=CARTESIAN_POINT('',(-83.39,125.169855915951,-134.014182039709));
#6664=CARTESIAN_POINT('Origin',(-82.29,125.169855915951,-134.014182039709));
#6665=CARTESIAN_POINT('',(-83.39,122.264673044565,-133.501919915591));
#6666=CARTESIAN_POINT('',(-83.39,123.746808712848,-133.76326042298));
#6667=CARTESIAN_POINT('Origin',(-82.29,122.264673044565,-133.501919915591));
#6668=CARTESIAN_POINT('Origin',(-82.29,122.264673044565,-133.501919915591));
#6669=CARTESIAN_POINT('Origin',(-82.29,125.169855915951,-134.014182039709));
#6670=CARTESIAN_POINT('Origin',(-82.293,154.590344903034,-139.20282346038));
#6671=CARTESIAN_POINT('',(-83.043,130.928051139391,-139.020193114964));
#6672=CARTESIAN_POINT('',(-83.043,121.217846694691,-137.308022083168));
#6673=CARTESIAN_POINT('',(-83.043,153.908071069952,-143.07219064594));
#6674=CARTESIAN_POINT('',(-86.2220584113754,121.769884394523,-134.177260712367));
#6675=CARTESIAN_POINT('Origin',(-82.293,121.900120527773,-133.438654897607));
#6676=CARTESIAN_POINT('',(-86.2220584113754,131.480088839223,-135.889431744163));
#6677=CARTESIAN_POINT('',(-86.2220584113754,157.837999362616,-140.537042524536));
#6678=CARTESIAN_POINT('',(-86.293,131.610324972473,-135.150825929403));
#6679=CARTESIAN_POINT('Origin',(-82.293,131.610324972473,-135.150825929403));
#6680=CARTESIAN_POINT('',(-86.293,154.590344903034,-139.20282346038));
#6681=CARTESIAN_POINT('',(-86.2220584113754,131.740561105723,-134.412220114644));
#6682=CARTESIAN_POINT('Origin',(-82.293,131.610324972473,-135.150825929403));
#6683=CARTESIAN_POINT('',(-86.2220584113754,122.030356661023,-132.700049082848));
#6684=CARTESIAN_POINT('',(-86.2220584113754,158.39391395502,-139.111925348318));
#6685=CARTESIAN_POINT('',(-81.543,121.217846694691,-137.308022083168));
#6686=CARTESIAN_POINT('Origin',(-82.293,121.900120527773,-133.438654897607));
#6687=CARTESIAN_POINT('',(-81.543,130.928051139391,-139.020193114964));
#6688=CARTESIAN_POINT('',(-81.543,157.581403988687,-143.719898348638));
#6689=CARTESIAN_POINT('Origin',(-82.293,131.610324972473,-135.150825929403));
#6690=CARTESIAN_POINT('Origin',(31.3,155.315148024215,62.574793690943));
#6691=CARTESIAN_POINT('',(30.4,156.427980785119,62.3785712501794));
#6692=CARTESIAN_POINT('Origin',(31.3,156.427980785119,62.3785712501794));
#6693=CARTESIAN_POINT('',(30.4,153.965961402588,62.8126916943467));
#6694=CARTESIAN_POINT('',(30.4,155.315148024215,62.574793690943));
#6695=CARTESIAN_POINT('Origin',(31.3,153.965961402588,62.8126916943467));
#6696=CARTESIAN_POINT('Origin',(28.6,155.315148024215,62.574793690943));
#6697=CARTESIAN_POINT('',(27.7,156.427980785119,62.3785712501794));
#6698=CARTESIAN_POINT('Origin',(28.6,156.427980785119,62.3785712501794));
#6699=CARTESIAN_POINT('',(27.7,153.965961402588,62.8126916943467));
#6700=CARTESIAN_POINT('',(27.7,155.315148024215,62.574793690943));
#6701=CARTESIAN_POINT('Origin',(28.6,153.965961402588,62.8126916943467));
#6702=CARTESIAN_POINT('Origin',(27.25,155.721184103802,64.8775387272146));
#6703=CARTESIAN_POINT('',(26.35,156.834016864706,64.681316286451));
#6704=CARTESIAN_POINT('Origin',(27.25,156.834016864706,64.681316286451));
#6705=CARTESIAN_POINT('',(26.35,154.371997482175,65.1154367306183));
#6706=CARTESIAN_POINT('',(26.35,155.721184103802,64.8775387272146));
#6707=CARTESIAN_POINT('Origin',(27.25,154.371997482175,65.1154367306183));
#6708=CARTESIAN_POINT('Origin',(28.6,156.127220183389,67.1802837634862));
#6709=CARTESIAN_POINT('',(27.7,157.240052944293,66.9840613227226));
#6710=CARTESIAN_POINT('Origin',(28.6,157.240052944293,66.9840613227226));
#6711=CARTESIAN_POINT('',(27.7,154.778033561763,67.4181817668899));
#6712=CARTESIAN_POINT('',(27.7,156.127220183389,67.1802837634862));
#6713=CARTESIAN_POINT('Origin',(28.6,154.778033561763,67.4181817668899));
#6714=CARTESIAN_POINT('Origin',(31.3,156.127220183389,67.1802837634862));
#6715=CARTESIAN_POINT('',(30.4,157.240052944293,66.9840613227226));
#6716=CARTESIAN_POINT('Origin',(31.3,157.240052944293,66.9840613227226));
#6717=CARTESIAN_POINT('',(30.4,154.778033561763,67.4181817668899));
#6718=CARTESIAN_POINT('',(30.4,156.127220183389,67.1802837634862));
#6719=CARTESIAN_POINT('Origin',(31.3,154.778033561763,67.4181817668899));
#6720=CARTESIAN_POINT('Origin',(32.65,155.721184103802,64.8775387272146));
#6721=CARTESIAN_POINT('',(31.75,156.834016864706,64.681316286451));
#6722=CARTESIAN_POINT('Origin',(32.65,156.834016864706,64.681316286451));
#6723=CARTESIAN_POINT('',(31.75,154.371997482175,65.1154367306183));
#6724=CARTESIAN_POINT('',(31.75,155.721184103802,64.8775387272146));
#6725=CARTESIAN_POINT('Origin',(32.65,154.371997482175,65.1154367306183));
#6726=CARTESIAN_POINT('Origin',(29.95,155.721184103802,64.8775387272146));
#6727=CARTESIAN_POINT('',(29.05,156.834016864706,64.681316286451));
#6728=CARTESIAN_POINT('Origin',(29.95,156.834016864706,64.681316286451));
#6729=CARTESIAN_POINT('',(29.05,154.371997482175,65.1154367306183));
#6730=CARTESIAN_POINT('',(29.05,155.721184103802,64.8775387272146));
#6731=CARTESIAN_POINT('Origin',(29.95,154.371997482175,65.1154367306183));
#6732=CARTESIAN_POINT('Origin',(3.16149489227369E-15,157.539336819449,65.1707228608637));
#6733=CARTESIAN_POINT('',(-8.25,156.918401333187,65.1598843884072));
#6734=CARTESIAN_POINT('Origin',(3.41082785352308E-15,156.918401333187,65.1598843884072));
#6735=CARTESIAN_POINT('',(-8.24999999999999,155.62995788739,65.1373945177073));
#6736=CARTESIAN_POINT('',(-8.25,157.539336819449,65.1707228608637));
#6737=CARTESIAN_POINT('',(-8.21248589590752,155.518348924161,64.3494670041521));
#6738=CARTESIAN_POINT('Ctrl Pts',(-8.21248589590752,155.518348924161,64.349467004152));
#6739=CARTESIAN_POINT('Ctrl Pts',(-8.23711970013429,155.554976399518,64.6075767199278));
#6740=CARTESIAN_POINT('Ctrl Pts',(-8.24999999999999,155.592290607596,64.8709969126033));
#6741=CARTESIAN_POINT('Ctrl Pts',(-8.24999999999999,155.62995788739,65.1373945177073));
#6742=CARTESIAN_POINT('',(8.21248589590753,155.518348924161,64.349467004152));
#6743=CARTESIAN_POINT('Ctrl Pts',(8.21248589590753,155.518348924161,64.3494670041521));
#6744=CARTESIAN_POINT('Ctrl Pts',(8.11820047557346,155.378157954142,63.3615569428316));
#6745=CARTESIAN_POINT('Ctrl Pts',(7.82902235685338,155.229534280383,62.3218062778461));
#6746=CARTESIAN_POINT('Ctrl Pts',(6.86837074167878,154.957554918156,60.4340051482668));
#6747=CARTESIAN_POINT('Ctrl Pts',(6.19682010889137,154.834250146017,59.5859866019413));
#6748=CARTESIAN_POINT('Ctrl Pts',(4.73917473820328,154.646324036563,58.3004307033679));
#6749=CARTESIAN_POINT('Ctrl Pts',(3.86277028318641,154.56643216744,57.7579047456639));
#6750=CARTESIAN_POINT('Ctrl Pts',(1.96838218181248,154.460460559922,57.0402822191444));
#6751=CARTESIAN_POINT('Ctrl Pts',(0.950361456157995,154.43446929559,56.8652704733917));
#6752=CARTESIAN_POINT('Ctrl Pts',(-0.950361456157986,154.43446929559,56.8652704733917));
#6753=CARTESIAN_POINT('Ctrl Pts',(-1.96838218181247,154.460460559922,57.0402822191444));
#6754=CARTESIAN_POINT('Ctrl Pts',(-3.86277028318641,154.56643216744,57.7579047456639));
#6755=CARTESIAN_POINT('Ctrl Pts',(-4.73917473820327,154.646324036563,58.3004307033679));
#6756=CARTESIAN_POINT('Ctrl Pts',(-6.19682010889136,154.834250146017,59.5859866019413));
#6757=CARTESIAN_POINT('Ctrl Pts',(-6.86837074167877,154.957554918156,60.4340051482668));
#6758=CARTESIAN_POINT('Ctrl Pts',(-7.82902235685337,155.229534280382,62.3218062778461));
#6759=CARTESIAN_POINT('Ctrl Pts',(-8.11820047557346,155.378157954142,63.3615569428316));
#6760=CARTESIAN_POINT('Ctrl Pts',(-8.21248589590752,155.518348924161,64.349467004152));
#6761=CARTESIAN_POINT('Ctrl Pts',(-8.25,155.62995788739,65.1373945177073));
#6762=CARTESIAN_POINT('Ctrl Pts',(-8.25,155.747722468474,65.9702712886951));
#6763=CARTESIAN_POINT('Ctrl Pts',(-8.12045245245427,155.868909559786,66.832263145034));
#6764=CARTESIAN_POINT('Ctrl Pts',(-7.51503643613441,156.135027272679,68.7342775614204));
#6765=CARTESIAN_POINT('Ctrl Pts',(-6.93629587409574,156.27517242579,69.7430265724236));
#6766=CARTESIAN_POINT('Ctrl Pts',(-5.4929973455484,156.506242554219,71.4119744255568));
#6767=CARTESIAN_POINT('Ctrl Pts',(-4.52001969839169,156.609312109496,72.1602133959691));
#6768=CARTESIAN_POINT('Ctrl Pts',(-2.34253149384283,156.746628569546,73.1586264224962));
#6769=CARTESIAN_POINT('Ctrl Pts',(-1.13799621666192,156.780914138747,73.4087412468975));
#6770=CARTESIAN_POINT('Ctrl Pts',(1.13799621666193,156.780914138747,73.4087412468975));
#6771=CARTESIAN_POINT('Ctrl Pts',(2.34253149384283,156.746628569546,73.1586264224962));
#6772=CARTESIAN_POINT('Ctrl Pts',(4.52001969839169,156.609312109496,72.1602133959691));
#6773=CARTESIAN_POINT('Ctrl Pts',(5.4929973455484,156.506242554219,71.4119744255568));
#6774=CARTESIAN_POINT('Ctrl Pts',(6.93629587409575,156.27517242579,69.7430265724236));
#6775=CARTESIAN_POINT('Ctrl Pts',(7.51503643613442,156.135027272679,68.7342775614204));
#6776=CARTESIAN_POINT('Ctrl Pts',(8.203924895634,155.832218268063,66.5700206770136));
#6777=CARTESIAN_POINT('Ctrl Pts',(8.31413587043179,155.66949009191,65.4145418822157));
#6778=CARTESIAN_POINT('Ctrl Pts',(8.21248589590753,155.518348924161,64.349467004152));
#6779=CARTESIAN_POINT('Origin',(4.0768401024941E-15,155.19637091899,64.4062404136585));
#6780=CARTESIAN_POINT('',(-11.76553,154.275575669923,64.5686014597771));
#6781=CARTESIAN_POINT('',(-9.13300945,155.19637091899,64.4062404136585));
#6782=CARTESIAN_POINT('Origin',(4.45285803105414E-15,154.275575669923,64.5686014597771));
#6783=CARTESIAN_POINT('Origin',(82.293,122.768361416108,-128.514616132546));
#6784=CARTESIAN_POINT('',(-94.793,158.861308792357,76.178660138794));
#6785=CARTESIAN_POINT('',(-94.793,122.030356661023,-132.700049082848));
#6786=CARTESIAN_POINT('',(-94.793,158.861308792357,76.178660138794));
#6787=CARTESIAN_POINT('',(-83.043,161.028000406476,88.4665788986696));
#6788=CARTESIAN_POINT('Origin',(-82.293,158.861308792357,76.178660138794));
#6789=CARTESIAN_POINT('',(-83.043,159.543582625439,80.0480273243544));
#6790=CARTESIAN_POINT('',(-83.043,161.031911013193,88.4887570514466));
#6791=CARTESIAN_POINT('',(-86.293,158.861308792357,76.178660138794));
#6792=CARTESIAN_POINT('Origin',(-82.293,158.861308792357,76.178660138794));
#6793=CARTESIAN_POINT('',(-81.5429999999999,159.543582625439,80.0480273243544));
#6794=CARTESIAN_POINT('Origin',(-82.293,158.861308792357,76.178660138794));
#6795=CARTESIAN_POINT('',(-81.5429999999999,161.031911013193,88.4887570514466));
#6796=CARTESIAN_POINT('',(-81.5429999999999,161.031911013193,88.4887570514466));
#6797=CARTESIAN_POINT('',(81.543,161.031911013193,88.4887570514466));
#6798=CARTESIAN_POINT('',(-82.293,161.031911013193,88.4887570514466));
#6799=CARTESIAN_POINT('',(81.543,159.543582625439,80.0480273243544));
#6800=CARTESIAN_POINT('',(81.543,161.031911013193,88.4887570514466));
#6801=CARTESIAN_POINT('',(78.293,158.861308792357,76.178660138794));
#6802=CARTESIAN_POINT('Origin',(82.293,158.861308792357,76.178660138794));
#6803=CARTESIAN_POINT('',(83.043,159.543582625439,80.0480273243544));
#6804=CARTESIAN_POINT('Origin',(82.293,158.861308792357,76.178660138794));
#6805=CARTESIAN_POINT('',(83.043,161.028000406476,88.4665788986696));
#6806=CARTESIAN_POINT('',(83.043,161.031911013193,88.4887570514466));
#6807=CARTESIAN_POINT('',(94.793,158.861308792357,76.178660138794));
#6808=CARTESIAN_POINT('Origin',(82.293,158.861308792357,76.178660138794));
#6809=CARTESIAN_POINT('',(94.793,122.030356661023,-132.700049082848));
#6810=CARTESIAN_POINT('',(94.793,158.861308792357,76.178660138794));
#6811=CARTESIAN_POINT('',(86.2220584113754,122.030356661023,-132.700049082848));
#6812=CARTESIAN_POINT('',(94.793,122.030356661023,-132.700049082848));
#6813=CARTESIAN_POINT('',(78.293,121.900120527773,-133.438654897608));
#6814=CARTESIAN_POINT('Origin',(82.293,121.900120527773,-133.438654897608));
#6815=CARTESIAN_POINT('',(81.543,121.217846694691,-137.308022083168));
#6816=CARTESIAN_POINT('Origin',(82.293,121.900120527773,-133.438654897608));
#6817=CARTESIAN_POINT('',(81.543,119.729518306936,-145.74875181026));
#6818=CARTESIAN_POINT('',(81.543,121.217846694691,-137.308022083168));
#6819=CARTESIAN_POINT('',(-81.543,119.729518306936,-145.74875181026));
#6820=CARTESIAN_POINT('',(-82.293,119.729518306936,-145.74875181026));
#6821=CARTESIAN_POINT('',(-81.543,121.217846694691,-137.308022083168));
#6822=CARTESIAN_POINT('',(-94.793,122.030356661023,-132.700049082848));
#6823=CARTESIAN_POINT('',(80.4711111449926,122.692129866112,-128.946946736119));
#6824=CARTESIAN_POINT('',(84.1148888550074,122.692129866112,-128.946946736119));
#6825=CARTESIAN_POINT('Origin',(82.293,119.600324062752,-146.481448778501));
#6826=CARTESIAN_POINT('',(41.1465,122.692129866112,-128.946946736119));
#6827=CARTESIAN_POINT('',(-80.4711111449926,122.692129866112,-128.946946736119));
#6828=CARTESIAN_POINT('',(-84.1148888550074,122.692129866112,-128.946946736119));
#6829=CARTESIAN_POINT('',(41.1465,122.692129866112,-128.946946736119));
#6830=CARTESIAN_POINT('Origin',(-82.293,119.600324062752,-146.481448778501));
#6831=CARTESIAN_POINT('Origin',(82.293,156.399289409826,76.6127805829613));
#6832=CARTESIAN_POINT('',(96.293,156.399289409826,76.6127805829613));
#6833=CARTESIAN_POINT('',(97.293,157.384097162838,76.4391324052944));
#6834=CARTESIAN_POINT('',(96.293,156.399289409826,76.6127805829613));
#6835=CARTESIAN_POINT('',(82.293,159.988819827842,91.2112487004775));
#6836=CARTESIAN_POINT('Origin',(82.293,157.384097162838,76.4391324052944));
#6837=CARTESIAN_POINT('',(82.293,158.830363897163,90.4000891251322));
#6838=CARTESIAN_POINT('',(82.293,158.830363897163,90.4000891251322));
#6839=CARTESIAN_POINT('Origin',(82.293,156.399289409826,76.6127805829613));
#6840=CARTESIAN_POINT('Origin',(82.293,158.830363897163,90.4000891251323));
#6841=CARTESIAN_POINT('',(-82.293,159.988819827842,91.2112487004775));
#6842=CARTESIAN_POINT('',(82.293,159.988819827842,91.2112487004775));
#6843=CARTESIAN_POINT('',(-82.293,158.830363897163,90.4000891251323));
#6844=CARTESIAN_POINT('',(-82.293,158.830363897163,90.4000891251323));
#6845=CARTESIAN_POINT('',(-82.293,158.830363897163,90.4000891251323));
#6846=CARTESIAN_POINT('Origin',(-82.293,156.399289409826,76.6127805829613));
#6847=CARTESIAN_POINT('',(-97.293,157.384097162838,76.4391324052944));
#6848=CARTESIAN_POINT('Origin',(-82.293,157.384097162838,76.4391324052944));
#6849=CARTESIAN_POINT('',(-96.293,156.399289409826,76.6127805829613));
#6850=CARTESIAN_POINT('',(-96.293,156.399289409826,76.6127805829613));
#6851=CARTESIAN_POINT('Origin',(-82.293,156.399289409826,76.6127805829613));
#6852=CARTESIAN_POINT('Origin',(82.293,121.900120527773,-133.438654897608));
#6853=CARTESIAN_POINT('',(-94.7704797134678,121.769884394523,-134.177260712367));
#6854=CARTESIAN_POINT('',(-94.793,121.769884394523,-134.177260712367));
#6855=CARTESIAN_POINT('',(-83.043,119.733428913653,-145.726573657483));
#6856=CARTESIAN_POINT('',(-83.043,121.217846694691,-137.308022083168));
#6857=CARTESIAN_POINT('Origin',(-82.293,121.900120527773,-133.438654897607));
#6858=CARTESIAN_POINT('Origin',(82.293,121.900120527773,-133.438654897608));
#6859=CARTESIAN_POINT('',(83.043,121.217846694691,-137.308022083168));
#6860=CARTESIAN_POINT('',(83.043,119.733428913653,-145.726573657483));
#6861=CARTESIAN_POINT('',(83.043,121.217846694691,-137.308022083168));
#6862=CARTESIAN_POINT('',(86.2220584113754,121.769884394523,-134.177260712367));
#6863=CARTESIAN_POINT('Origin',(82.293,121.900120527773,-133.438654897608));
#6864=CARTESIAN_POINT('',(94.7704797134678,121.769884394523,-134.177260712367));
#6865=CARTESIAN_POINT('',(94.793,121.769884394523,-134.177260712367));
#6866=CARTESIAN_POINT('Origin',(82.293,121.900120527773,-133.438654897608));
#6867=CARTESIAN_POINT('Origin',(82.293,119.438101145242,-133.00453445344));
#6868=CARTESIAN_POINT('',(97.293,120.422908898255,-133.178182631107));
#6869=CARTESIAN_POINT('',(96.293,119.438101145242,-133.00453445344));
#6870=CARTESIAN_POINT('',(97.293,120.422908898255,-133.178182631107));
#6871=CARTESIAN_POINT('',(82.293,117.007026657905,-146.791842995611));
#6872=CARTESIAN_POINT('Origin',(82.293,119.438101145242,-133.00453445344));
#6873=CARTESIAN_POINT('',(82.293,117.818186233251,-147.95029892629));
#6874=CARTESIAN_POINT('',(82.293,117.818186233251,-147.95029892629));
#6875=CARTESIAN_POINT('Origin',(82.293,120.422908898255,-133.178182631107));
#6876=CARTESIAN_POINT('Origin',(82.293,117.007026657905,-146.791842995611));
#6877=CARTESIAN_POINT('',(-82.293,117.007026657905,-146.791842995611));
#6878=CARTESIAN_POINT('',(82.293,117.007026657905,-146.791842995611));
#6879=CARTESIAN_POINT('',(-82.293,117.818186233251,-147.95029892629));
#6880=CARTESIAN_POINT('',(-82.293,117.818186233251,-147.95029892629));
#6881=CARTESIAN_POINT('',(-82.293,117.818186233251,-147.95029892629));
#6882=CARTESIAN_POINT('Origin',(-82.293,119.438101145242,-133.00453445344));
#6883=CARTESIAN_POINT('',(-96.293,119.438101145242,-133.00453445344));
#6884=CARTESIAN_POINT('Origin',(-82.293,119.438101145242,-133.00453445344));
#6885=CARTESIAN_POINT('',(-97.293,120.422908898255,-133.178182631107));
#6886=CARTESIAN_POINT('',(-97.293,120.422908898255,-133.178182631107));
#6887=CARTESIAN_POINT('Origin',(-82.293,120.422908898255,-133.178182631107));
#6888=CARTESIAN_POINT('Origin',(-96.293,120.306342033577,-128.080495688379));
#6889=CARTESIAN_POINT('',(-96.293,119.438101145242,-133.00453445344));
#6890=CARTESIAN_POINT('',(-97.293,157.384097162838,76.4391324052944));
#6891=CARTESIAN_POINT('Origin',(82.293,120.306342033577,-128.080495688379));
#6892=CARTESIAN_POINT('',(96.293,156.399289409826,76.6127805829613));
#6893=CARTESIAN_POINT('',(5.90203775450383,131.305574203001,-65.7007502561731));
#6894=CARTESIAN_POINT('',(5.90203775450383,132.766499812716,-57.4154294059779));
#6895=CARTESIAN_POINT('',(5.90203775450383,131.305574203001,-65.7007502561731));
#6896=CARTESIAN_POINT('',(7.74903803216383,131.305574203001,-65.7007502561731));
#6897=CARTESIAN_POINT('',(7.74903803216383,131.305574203001,-65.7007502561731));
#6898=CARTESIAN_POINT('',(7.74903803216383,130.894711995165,-68.0308656258363));
#6899=CARTESIAN_POINT('',(7.74903803216383,130.894711995165,-68.0308656258363));
#6900=CARTESIAN_POINT('',(5.90203775450383,130.894711995165,-68.0308656258363));
#6901=CARTESIAN_POINT('',(5.90203775450383,130.894711995165,-68.0308656258363));
#6902=CARTESIAN_POINT('',(5.90203775450384,129.046221521267,-78.5141760441944));
#6903=CARTESIAN_POINT('',(5.90203775450384,129.046221521267,-78.5141760441944));
#6904=CARTESIAN_POINT('',(3.65727524457383,129.046221521267,-78.5141760441944));
#6905=CARTESIAN_POINT('',(3.65727524457383,129.046221521267,-78.5141760441944));
#6906=CARTESIAN_POINT('',(3.65727524457383,133.175423086978,-55.0963102750377));
#6907=CARTESIAN_POINT('',(3.65727524457383,133.175423086978,-55.0963102750377));
#6908=CARTESIAN_POINT('',(7.74903803216383,133.175423086978,-55.0963102750377));
#6909=CARTESIAN_POINT('',(7.74903803216383,133.175423086978,-55.0963102750377));
#6910=CARTESIAN_POINT('',(7.74903803216383,132.766499812716,-57.4154294059779));
#6911=CARTESIAN_POINT('',(7.74903803216383,132.766499812716,-57.4154294059779));
#6912=CARTESIAN_POINT('',(5.90203775450383,132.766499812716,-57.4154294059779));
#6913=CARTESIAN_POINT('',(33.9659494785808,129.499089888968,-75.9458319037678));
#6914=CARTESIAN_POINT('',(35.9680049662698,129.503526207227,-75.9206722926832));
#6915=CARTESIAN_POINT('Ctrl Pts',(33.9659494785808,129.499089888968,-75.9458319037678));
#6916=CARTESIAN_POINT('Ctrl Pts',(33.9651184260554,129.495424493611,-75.9666193938194));
#6917=CARTESIAN_POINT('Ctrl Pts',(33.962667342159,129.484613238757,-76.0279330669193));
#6918=CARTESIAN_POINT('Ctrl Pts',(33.9603817670962,129.473800911435,-76.0892528222877));
#6919=CARTESIAN_POINT('Ctrl Pts',(33.9587513408605,129.462984527366,-76.1505955846172));
#6920=CARTESIAN_POINT('Ctrl Pts',(33.9582722630204,129.452164943666,-76.2119564929497));
#6921=CARTESIAN_POINT('Ctrl Pts',(33.9594534886543,129.441340776533,-76.2733433952204));
#6922=CARTESIAN_POINT('Ctrl Pts',(33.9628340750591,129.430530702252,-76.3346503729635));
#6923=CARTESIAN_POINT('Ctrl Pts',(33.9711356531636,129.415888614276,-76.4176897802989));
#6924=CARTESIAN_POINT('Ctrl Pts',(33.9862067373627,129.398376577038,-76.5170054787133));
#6925=CARTESIAN_POINT('Ctrl Pts',(33.9978938322834,129.388008068861,-76.5758082106325));
#6926=CARTESIAN_POINT('Ctrl Pts',(34.011812549449,129.377720532377,-76.6341517292649));
#6927=CARTESIAN_POINT('Ctrl Pts',(34.0274527091467,129.367514259928,-76.6920343766478));
#6928=CARTESIAN_POINT('Ctrl Pts',(34.0443845202171,129.357370155564,-76.7495644513085));
#6929=CARTESIAN_POINT('Ctrl Pts',(34.0674594020357,129.344274986077,-76.8238308479397));
#6930=CARTESIAN_POINT('Ctrl Pts',(34.0953700851964,129.328986033008,-76.9105388095245));
#6931=CARTESIAN_POINT('Ctrl Pts',(34.1165975044457,129.317413546502,-76.9761696418506));
#6932=CARTESIAN_POINT('Ctrl Pts',(34.1262185577201,129.312194407414,-77.005768850474));
#6933=CARTESIAN_POINT('Ctrl Pts',(34.1456153792767,129.301653216852,-77.0655509128679));
#6934=CARTESIAN_POINT('Ctrl Pts',(34.1650111178163,129.291112495111,-77.1253303164413));
#6935=CARTESIAN_POINT('Ctrl Pts',(34.1842385576423,129.280563035651,-77.185159274087));
#6936=CARTESIAN_POINT('Ctrl Pts',(34.2032152070716,129.270000308617,-77.2450634758816));
#6937=CARTESIAN_POINT('Ctrl Pts',(34.216641260861,129.262420371308,-77.2880514365361));
#6938=CARTESIAN_POINT('Ctrl Pts',(34.2259956796694,129.257076360826,-77.3183588260227));
#6939=CARTESIAN_POINT('Ctrl Pts',(34.2459557645221,129.245516859155,-77.3839160176973));
#6940=CARTESIAN_POINT('Ctrl Pts',(34.2652967175675,129.233925948817,-77.4496513367649));
#6941=CARTESIAN_POINT('Ctrl Pts',(34.2755458107841,129.227692663706,-77.4850020532948));
#6942=CARTESIAN_POINT('Ctrl Pts',(34.300849642443,129.21216117316,-77.5730855132609));
#6943=CARTESIAN_POINT('Ctrl Pts',(34.3258403055255,129.196614538896,-77.6612548575152));
#6944=CARTESIAN_POINT('Ctrl Pts',(34.3512773749459,129.181088357216,-77.7493082094037));
#6945=CARTESIAN_POINT('Ctrl Pts',(34.3777641788774,129.165612554096,-77.8370758502832));
#6946=CARTESIAN_POINT('Ctrl Pts',(34.4060353486736,129.150229025324,-77.9243201773312));
#6947=CARTESIAN_POINT('Ctrl Pts',(34.4237091746042,129.141065084561,-77.9762914679733));
#6948=CARTESIAN_POINT('Ctrl Pts',(34.445577096991,129.130334903607,-78.0371453481414));
#6949=CARTESIAN_POINT('Ctrl Pts',(34.4758115445225,129.116496729619,-78.1156255326994));
#6950=CARTESIAN_POINT('Ctrl Pts',(34.4866070029385,129.111714715081,-78.1427456848084));
#6951=CARTESIAN_POINT('Ctrl Pts',(34.5020720961806,129.105157546946,-78.1799332332391));
#6952=CARTESIAN_POINT('Ctrl Pts',(34.5185327055369,129.098672406979,-78.2167122896312));
#6953=CARTESIAN_POINT('Ctrl Pts',(34.5362732987468,129.092286157055,-78.2529305127196));
#6954=CARTESIAN_POINT('Ctrl Pts',(34.5555855720172,129.086038657016,-78.288361846112));
#6955=CARTESIAN_POINT('Ctrl Pts',(34.5767577549864,129.079980051073,-78.3227219078492));
#6956=CARTESIAN_POINT('Ctrl Pts',(34.5997742986344,129.074022296393,-78.3565100136512));
#6957=CARTESIAN_POINT('Ctrl Pts',(34.6124183312222,129.070972799924,-78.3738045675337));
#6958=CARTESIAN_POINT('Ctrl Pts',(34.6256910346776,129.068005570275,-78.3906325630963));
#6959=CARTESIAN_POINT('Ctrl Pts',(34.6322278673296,129.066595651643,-78.3986286090016));
#6960=CARTESIAN_POINT('Ctrl Pts',(34.638915068709,129.065207196047,-78.4065029319801));
#6961=CARTESIAN_POINT('Ctrl Pts',(34.659114143446,129.061177701367,-78.4293553319025));
#6962=CARTESIAN_POINT('Ctrl Pts',(34.6806054319424,129.057348516165,-78.4510717203222));
#6963=CARTESIAN_POINT('Ctrl Pts',(34.7033153861815,129.053735688091,-78.4715610864972));
#6964=CARTESIAN_POINT('Ctrl Pts',(34.7188389063701,129.051445024837,-78.4845520833615));
#6965=CARTESIAN_POINT('Ctrl Pts',(34.7348438129554,129.049255843454,-78.4969675479388));
#6966=CARTESIAN_POINT('Ctrl Pts',(34.7513024742187,129.047170996242,-78.5087913040303));
#6967=CARTESIAN_POINT('Ctrl Pts',(34.7790010693377,129.043926196809,-78.5271934760641));
#6968=CARTESIAN_POINT('Ctrl Pts',(34.8077533408657,129.04097295947,-78.5439421172943));
#6969=CARTESIAN_POINT('Ctrl Pts',(34.8191409532079,129.039867525419,-78.5502113453295));
#6970=CARTESIAN_POINT('Ctrl Pts',(34.830710113591,129.038818017945,-78.556163397986));
#6971=CARTESIAN_POINT('Ctrl Pts',(34.8424530069042,129.037828438412,-78.5617755824001));
#6972=CARTESIAN_POINT('Ctrl Pts',(34.865384839143,129.036060195898,-78.5718037840193));
#6973=CARTESIAN_POINT('Ctrl Pts',(34.8889887151395,129.034577774522,-78.5802110134196));
#6974=CARTESIAN_POINT('Ctrl Pts',(34.9132255917993,129.033450996696,-78.5866012880186));
#6975=CARTESIAN_POINT('Ctrl Pts',(34.9249872140862,129.033000596257,-78.5891556358403));
#6976=CARTESIAN_POINT('Ctrl Pts',(34.9368626605939,129.03264932554,-78.5911477910744));
#6977=CARTESIAN_POINT('Ctrl Pts',(34.9488247316925,129.032406073858,-78.5925273399115));
#6978=CARTESIAN_POINT('Ctrl Pts',(34.9608375401072,129.032278857409,-78.593248820246));
#6979=CARTESIAN_POINT('Ctrl Pts',(34.9926523982974,129.032265174804,-78.5933264181598));
#6980=CARTESIAN_POINT('Ctrl Pts',(35.0124204171232,129.032588938456,-78.5914902632457));
#6981=CARTESIAN_POINT('Ctrl Pts',(35.0319942644321,129.033214817611,-78.5879407261708));
#6982=CARTESIAN_POINT('Ctrl Pts',(35.0512327684949,129.034114131049,-78.5828404662225));
#6983=CARTESIAN_POINT('Ctrl Pts',(35.0700189109971,129.035260913214,-78.5763367413784));
#6984=CARTESIAN_POINT('Ctrl Pts',(35.0882574134158,129.03663351564,-78.5685523261914));
#6985=CARTESIAN_POINT('Ctrl Pts',(35.111268229518,129.038702149718,-78.5568205193532));
#6986=CARTESIAN_POINT('Ctrl Pts',(35.1330899202731,129.041117304602,-78.543123495366));
#6987=CARTESIAN_POINT('Ctrl Pts',(35.1381379042485,129.041702555096,-78.5398043748834));
#6988=CARTESIAN_POINT('Ctrl Pts',(35.1431122239021,129.042306436574,-78.5363795928336));
#6989=CARTESIAN_POINT('Ctrl Pts',(35.1480106936139,129.042928529154,-78.5328515304932));
#6990=CARTESIAN_POINT('Ctrl Pts',(35.1570215994933,129.044124012096,-78.5260716098239));
#6991=CARTESIAN_POINT('Ctrl Pts',(35.1657689875151,129.045378442265,-78.5189573828115));
#6992=CARTESIAN_POINT('Ctrl Pts',(35.1742323255746,129.046682319369,-78.5115627282934));
#6993=CARTESIAN_POINT('Ctrl Pts',(35.1858890921686,129.048536753107,-78.5010457119484));
#6994=CARTESIAN_POINT('Ctrl Pts',(35.1970347455294,129.050482486805,-78.4900109078012));
#6995=CARTESIAN_POINT('Ctrl Pts',(35.2077204327938,129.052509423014,-78.4785155813294));
#6996=CARTESIAN_POINT('Ctrl Pts',(35.2179682296143,129.054601176949,-78.4666526552693));
#6997=CARTESIAN_POINT('Ctrl Pts',(35.2278323531259,129.056746954705,-78.4544833448943));
#6998=CARTESIAN_POINT('Ctrl Pts',(35.238408775327,129.059137599108,-78.4409253267545));
#6999=CARTESIAN_POINT('Ctrl Pts',(35.2486077654673,129.061576052331,-78.4270961713208));
#7000=CARTESIAN_POINT('Ctrl Pts',(35.2585134054524,129.064054627271,-78.4130394743229));
#7001=CARTESIAN_POINT('Ctrl Pts',(35.2657724020778,129.065900653204,-78.4025701410131));
#7002=CARTESIAN_POINT('Ctrl Pts',(35.2729000574112,129.067761575157,-78.3920163281712));
#7003=CARTESIAN_POINT('Ctrl Pts',(35.2799284120591,129.069630312371,-78.3814181927866));
#7004=CARTESIAN_POINT('Ctrl Pts',(35.2868422333077,129.071509546022,-78.3707605291464));
#7005=CARTESIAN_POINT('Ctrl Pts',(35.3000371660461,129.075173323417,-78.3499822150129));
#7006=CARTESIAN_POINT('Ctrl Pts',(35.3094105457625,129.077856114753,-78.3347673492874));
#7007=CARTESIAN_POINT('Ctrl Pts',(35.3185764780651,129.08056050916,-78.3194299664534));
#7008=CARTESIAN_POINT('Ctrl Pts',(35.3398032688711,129.087017946462,-78.2828080196822));
#7009=CARTESIAN_POINT('Ctrl Pts',(35.3571795166313,129.092649616297,-78.2508692329316));
#7010=CARTESIAN_POINT('Ctrl Pts',(35.3736993098553,129.098358880189,-78.2184903884133));
#7011=CARTESIAN_POINT('Ctrl Pts',(35.3893701558412,129.104139499124,-78.1857068693443));
#7012=CARTESIAN_POINT('Ctrl Pts',(35.4042013715948,129.109985552489,-78.1525522531779));
#7013=CARTESIAN_POINT('Ctrl Pts',(35.4138014124322,129.113945946839,-78.130091740704));
#7014=CARTESIAN_POINT('Ctrl Pts',(35.4291722646115,129.120587286537,-78.092426831616));
#7015=CARTESIAN_POINT('Ctrl Pts',(35.4435221199376,129.127296439421,-78.0543773348399));
#7016=CARTESIAN_POINT('Ctrl Pts',(35.4490893548121,129.12998904775,-78.0391067941754));
#7017=CARTESIAN_POINT('Ctrl Pts',(35.4545063568922,129.132690918397,-78.0237837242985));
#7018=CARTESIAN_POINT('Ctrl Pts',(35.4705955240229,129.140955883915,-77.9769107756161));
#7019=CARTESIAN_POINT('Ctrl Pts',(35.4854283371029,129.149293098258,-77.9296280834824));
#7020=CARTESIAN_POINT('Ctrl Pts',(35.4993470570939,129.157676666733,-77.8820825040118));
#7021=CARTESIAN_POINT('Ctrl Pts',(35.5125505709444,129.166095441002,-77.8343372625563));
#7022=CARTESIAN_POINT('Ctrl Pts',(35.5212575218884,129.171760636165,-77.8022083442196));
#7023=CARTESIAN_POINT('Ctrl Pts',(35.5298067393407,129.177433215165,-77.7700375500711));
#7024=CARTESIAN_POINT('Ctrl Pts',(35.550087082723,129.190914807719,-77.693579639315));
#7025=CARTESIAN_POINT('Ctrl Pts',(35.5706376350422,129.204383746567,-77.6171934912971));
#7026=CARTESIAN_POINT('Ctrl Pts',(35.582618144936,129.212181090237,-77.5729725579033));
#7027=CARTESIAN_POINT('Ctrl Pts',(35.5946730821297,129.219974866708,-77.5287718550973));
#7028=CARTESIAN_POINT('Ctrl Pts',(35.60679666501,129.227765344977,-77.4845898573223));
#7029=CARTESIAN_POINT('Ctrl Pts',(35.6189830842191,129.235552802118,-77.4404249932188));
#7030=CARTESIAN_POINT('Ctrl Pts',(35.647419389745,129.253633861183,-77.3378822116644));
#7031=CARTESIAN_POINT('Ctrl Pts',(35.6761343851629,129.271701551673,-77.2354152470651));
#7032=CARTESIAN_POINT('Ctrl Pts',(35.6926100342041,129.281984367635,-77.1770984998459));
#7033=CARTESIAN_POINT('Ctrl Pts',(35.7092411810132,129.292259769298,-77.1188238012042));
#7034=CARTESIAN_POINT('Ctrl Pts',(35.7260595412057,129.302526150358,-77.060600260943));
#7035=CARTESIAN_POINT('Ctrl Pts',(35.743096497913,129.31278184443,-77.002437329605));
#7036=CARTESIAN_POINT('Ctrl Pts',(35.767773222996,129.327405697734,-76.9195013362336));
#7037=CARTESIAN_POINT('Ctrl Pts',(35.8027305467822,129.347607234053,-76.8049327305775));
#7038=CARTESIAN_POINT('Ctrl Pts',(35.8201367979948,129.357578896517,-76.7483806225358));
#7039=CARTESIAN_POINT('Ctrl Pts',(35.8373486980663,129.367561007865,-76.6917692559251));
#7040=CARTESIAN_POINT('Ctrl Pts',(35.854047092677,129.377568996005,-76.6350111347378));
#7041=CARTESIAN_POINT('Ctrl Pts',(35.8699010260052,129.387620660167,-76.5780053145151));
#7042=CARTESIAN_POINT('Ctrl Pts',(35.8845647518754,129.397726777307,-76.5206906761114));
#7043=CARTESIAN_POINT('Ctrl Pts',(35.9001387706084,129.409794665091,-76.4522502835212));
#7044=CARTESIAN_POINT('Ctrl Pts',(35.9089914559326,129.417443557777,-76.4088712574913));
#7045=CARTESIAN_POINT('Ctrl Pts',(35.9111357080741,129.419355437875,-76.3980284466521));
#7046=CARTESIAN_POINT('Ctrl Pts',(35.9132155467423,129.421269475866,-76.3871733977899));
#7047=CARTESIAN_POINT('Ctrl Pts',(35.9249577281698,129.432413070805,-76.3239749304104));
#7048=CARTESIAN_POINT('Ctrl Pts',(35.9347011115576,129.443618776782,-76.2604242138278));
#7049=CARTESIAN_POINT('Ctrl Pts',(35.9427731844092,129.454864001193,-76.1966493770679));
#7050=CARTESIAN_POINT('Ctrl Pts',(35.9496281468138,129.466133325343,-76.1327378638968));
#7051=CARTESIAN_POINT('Ctrl Pts',(35.9546460388399,129.475474968297,-76.0797587740441));
#7052=CARTESIAN_POINT('Ctrl Pts',(35.959241139189,129.484823377308,-76.026741311979));
#7053=CARTESIAN_POINT('Ctrl Pts',(35.9636230705259,129.494174763139,-75.973706967527));
#7054=CARTESIAN_POINT('Ctrl Pts',(35.9680049662698,129.503526207227,-75.9206722926832));
#7055=CARTESIAN_POINT('',(33.9659730244929,131.841013966211,-62.6641204615751));
#7056=CARTESIAN_POINT('',(33.9659730244929,131.841013966211,-62.6641204615751));
#7057=CARTESIAN_POINT('',(32.1384927161229,133.175423839543,-55.0963060070286));
#7058=CARTESIAN_POINT('Ctrl Pts',(32.1384927161229,133.175423839543,-55.0963060070286));
#7059=CARTESIAN_POINT('Ctrl Pts',(32.1255621495926,133.17369469445,-55.1061124761587));
#7060=CARTESIAN_POINT('Ctrl Pts',(32.1126316031658,133.171965555269,-55.115918911762));
#7061=CARTESIAN_POINT('Ctrl Pts',(32.0997440860529,133.1702268437,-55.1257796350708));
#7062=CARTESIAN_POINT('Ctrl Pts',(32.086942290272,133.168468968487,-55.1357490408113));
#7063=CARTESIAN_POINT('Ctrl Pts',(32.0533626929586,133.163732654012,-55.1626100149802));
#7064=CARTESIAN_POINT('Ctrl Pts',(32.0211300901598,133.158727278665,-55.1909969091862));
#7065=CARTESIAN_POINT('Ctrl Pts',(32.0018102397501,133.155459002775,-55.2095322228237));
#7066=CARTESIAN_POINT('Ctrl Pts',(31.983579466176,133.151998845862,-55.2291557478162));
#7067=CARTESIAN_POINT('Ctrl Pts',(31.9669103651922,133.148311269913,-55.2500690302587));
#7068=CARTESIAN_POINT('Ctrl Pts',(31.9436514762085,133.142100888207,-55.2852898551185));
#7069=CARTESIAN_POINT('Ctrl Pts',(31.9357569664416,133.139731491886,-55.2987273693992));
#7070=CARTESIAN_POINT('Ctrl Pts',(31.9285218404822,133.137298290194,-55.3125267419181));
#7071=CARTESIAN_POINT('Ctrl Pts',(31.921900112327,133.134813737734,-55.3266173391122));
#7072=CARTESIAN_POINT('Ctrl Pts',(31.9055440371256,133.127999854493,-55.3652607912618));
#7073=CARTESIAN_POINT('Ctrl Pts',(31.8928759530654,133.120945547334,-55.4052677551991));
#7074=CARTESIAN_POINT('Ctrl Pts',(31.8860899478872,133.116446113243,-55.4307853139575));
#7075=CARTESIAN_POINT('Ctrl Pts',(31.8802442616355,133.111910134859,-55.4565101257032));
#7076=CARTESIAN_POINT('Ctrl Pts',(31.8740487673855,133.106404838092,-55.4877322151674));
#7077=CARTESIAN_POINT('Ctrl Pts',(31.8685895625436,133.100875288948,-55.5190918467001));
#7078=CARTESIAN_POINT('Ctrl Pts',(31.8580357963805,133.089919186561,-55.5812269909833));
#7079=CARTESIAN_POINT('Ctrl Pts',(31.8504130522925,133.078880684867,-55.643829444956));
#7080=CARTESIAN_POINT('Ctrl Pts',(31.8457529074378,133.067789244973,-55.7067321263806));
#7081=CARTESIAN_POINT('Ctrl Pts',(31.8429885380571,133.049941679523,-55.8079506998401));
#7082=CARTESIAN_POINT('Ctrl Pts',(31.8470116784392,133.033066826542,-55.9036527467613));
#7083=CARTESIAN_POINT('Ctrl Pts',(31.8572931384079,133.016287693747,-55.9988119375299));
#7084=CARTESIAN_POINT('Ctrl Pts',(31.8700298330922,132.999549897258,-56.0937366984562));
#7085=CARTESIAN_POINT('Ctrl Pts',(31.8886365765046,132.982965932664,-56.1877890353564));
#7086=CARTESIAN_POINT('Ctrl Pts',(31.9126010018836,132.966595305824,-56.2806314737286));
#7087=CARTESIAN_POINT('Ctrl Pts',(31.9288420306674,132.956837574305,-56.3359703190957));
#7088=CARTESIAN_POINT('Ctrl Pts',(31.9527781025015,132.943973381859,-56.4089267798392));
#7089=CARTESIAN_POINT('Ctrl Pts',(31.9796558743863,132.931291652489,-56.4808484410545));
#7090=CARTESIAN_POINT('Ctrl Pts',(31.9865214906382,132.92814650057,-56.4986854839547));
#7091=CARTESIAN_POINT('Ctrl Pts',(31.9935737871613,132.925013897997,-56.5164513559728));
#7092=CARTESIAN_POINT('Ctrl Pts',(32.0284362581501,132.909929908136,-56.601996913438));
#7093=CARTESIAN_POINT('Ctrl Pts',(32.0669425902187,132.895107460647,-56.6860591904053));
#7094=CARTESIAN_POINT('Ctrl Pts',(32.0991954415997,132.883493492927,-56.7519252743866));
#7095=CARTESIAN_POINT('Ctrl Pts',(32.1326111852452,132.871983244632,-56.8172031362866));
#7096=CARTESIAN_POINT('Ctrl Pts',(32.1835430404626,132.854856710702,-56.9143325367949));
#7097=CARTESIAN_POINT('Ctrl Pts',(32.2347391363314,132.837754090468,-57.0113263159953));
#7098=CARTESIAN_POINT('Ctrl Pts',(32.2589271284322,132.829675943821,-57.0571397622126));
#7099=CARTESIAN_POINT('Ctrl Pts',(32.2831629873684,132.821602133358,-57.1029286167064));
#7100=CARTESIAN_POINT('Ctrl Pts',(32.3158871265125,132.810697714017,-57.164770651866));
#7101=CARTESIAN_POINT('Ctrl Pts',(32.3486194141872,132.799794060603,-57.2266083432395));
#7102=CARTESIAN_POINT('Ctrl Pts',(32.3898800699359,132.786042230058,-57.3045988497992));
#7103=CARTESIAN_POINT('Ctrl Pts',(32.4310906080028,132.77228591399,-57.3826147950194));
#7104=CARTESIAN_POINT('Ctrl Pts',(32.4897557758326,132.75264739506,-57.4939903703877));
#7105=CARTESIAN_POINT('Ctrl Pts',(32.548095404541,132.732979622192,-57.6055318530882));
#7106=CARTESIAN_POINT('Ctrl Pts',(32.5976497442678,132.716116005063,-57.7011701783247));
#7107=CARTESIAN_POINT('Ctrl Pts',(32.7194854994614,132.674149569729,-57.9391736600702));
#7108=CARTESIAN_POINT('Ctrl Pts',(32.8142816923479,132.640562897541,-58.1296531434281));
#7109=CARTESIAN_POINT('Ctrl Pts',(32.9062838798382,132.606740835097,-58.3214675912691));
#7110=CARTESIAN_POINT('Ctrl Pts',(32.9734292631655,132.581207266775,-58.4662756530856));
#7111=CARTESIAN_POINT('Ctrl Pts',(33.1068235137592,132.528435474881,-58.765559357041));
#7112=CARTESIAN_POINT('Ctrl Pts',(33.2297247847364,132.474899669023,-59.0691759995043));
#7113=CARTESIAN_POINT('Ctrl Pts',(33.2900317833265,132.447251649762,-59.2259757084893));
#7114=CARTESIAN_POINT('Ctrl Pts',(33.3476227160074,132.419429802817,-59.3837612432529));
#7115=CARTESIAN_POINT('Ctrl Pts',(33.4574254564646,132.363464246185,-59.701157687105));
#7116=CARTESIAN_POINT('Ctrl Pts',(33.556560939419,132.306901828614,-60.0219390975518));
#7117=CARTESIAN_POINT('Ctrl Pts',(33.6034154208516,132.278479343006,-60.18313102345));
#7118=CARTESIAN_POINT('Ctrl Pts',(33.6475129719914,132.249923901505,-60.3450769796817));
#7119=CARTESIAN_POINT('Ctrl Pts',(33.7301213722503,132.19255693987,-60.67042118625));
#7120=CARTESIAN_POINT('Ctrl Pts',(33.8013772726832,132.134731549295,-60.9983652725327));
#7121=CARTESIAN_POINT('Ctrl Pts',(33.8336424766055,132.105690497712,-61.1630652603964));
#7122=CARTESIAN_POINT('Ctrl Pts',(33.8619799534492,132.076521768454,-61.328489344339));
#7123=CARTESIAN_POINT('Ctrl Pts',(33.9096140166708,132.017977613728,-61.6605097446793));
#7124=CARTESIAN_POINT('Ctrl Pts',(33.9369026907514,131.959043101462,-61.994743972641));
#7125=CARTESIAN_POINT('Ctrl Pts',(33.946705842249,131.929551916599,-62.1619967931969));
#7126=CARTESIAN_POINT('Ctrl Pts',(33.953974054633,131.90004460321,-62.3293410831669));
#7127=CARTESIAN_POINT('Ctrl Pts',(33.9599735390636,131.870529283862,-62.496730777185));
#7128=CARTESIAN_POINT('Ctrl Pts',(33.9659730244929,131.841013966211,-62.6641204615751));
#7129=CARTESIAN_POINT('',(37.7977940642569,133.175423086987,-55.0963102749885));
#7130=CARTESIAN_POINT('',(37.7977940642569,133.175423086987,-55.0963102749885));
#7131=CARTESIAN_POINT('',(35.9679958973018,131.920241492288,-62.2147988333259));
#7132=CARTESIAN_POINT('Ctrl Pts',(35.9679958973018,131.920241492288,-62.2147988333259));
#7133=CARTESIAN_POINT('Ctrl Pts',(35.9671144040634,131.927370787669,-62.1743665900447));
#7134=CARTESIAN_POINT('Ctrl Pts',(35.9662330126583,131.934500023224,-62.1339346860492));
#7135=CARTESIAN_POINT('Ctrl Pts',(35.9653883405393,131.941629396756,-62.093501999552));
#7136=CARTESIAN_POINT('Ctrl Pts',(35.9646172151096,131.948759033229,-62.0530678218429));
#7137=CARTESIAN_POINT('Ctrl Pts',(35.9639566737168,131.955888984769,-62.0126318572988));
#7138=CARTESIAN_POINT('Ctrl Pts',(35.9634439636577,131.963019230672,-61.9721942233442));
#7139=CARTESIAN_POINT('Ctrl Pts',(35.9624819765599,131.98396754907,-61.8533904060624));
#7140=CARTESIAN_POINT('Ctrl Pts',(35.9634447618965,132.004913517602,-61.734599915529));
#7141=CARTESIAN_POINT('Ctrl Pts',(35.9651924089366,132.018728383563,-61.6562519173646));
#7142=CARTESIAN_POINT('Ctrl Pts',(35.9683329620812,132.032538515514,-61.5779307671076));
#7143=CARTESIAN_POINT('Ctrl Pts',(35.9731532776392,132.04633584817,-61.4996822052547));
#7144=CARTESIAN_POINT('Ctrl Pts',(35.9799431038952,132.060108028906,-61.4215762870286));
#7145=CARTESIAN_POINT('Ctrl Pts',(35.9889868378935,132.073838512139,-61.3437068470944));
#7146=CARTESIAN_POINT('Ctrl Pts',(36.015242753206,132.104872529493,-61.1677041886866));
#7147=CARTESIAN_POINT('Ctrl Pts',(36.0340226162878,132.12213315639,-61.0698143091718));
#7148=CARTESIAN_POINT('Ctrl Pts',(36.0563010703678,132.139272181444,-60.9726140679724));
#7149=CARTESIAN_POINT('Ctrl Pts',(36.081452464561,132.156286497984,-60.8761210839064));
#7150=CARTESIAN_POINT('Ctrl Pts',(36.1168399686556,132.178083585374,-60.7525036584707));
#7151=CARTESIAN_POINT('Ctrl Pts',(36.1551281902677,132.199729624332,-60.6297428712661));
#7152=CARTESIAN_POINT('Ctrl Pts',(36.1951801124948,132.221275584799,-60.5075496573782));
#7153=CARTESIAN_POINT('Ctrl Pts',(36.2359062478715,132.242783409062,-60.3855727246593));
#7154=CARTESIAN_POINT('Ctrl Pts',(36.2450752282412,132.247612112284,-60.3581877878607));
#7155=CARTESIAN_POINT('Ctrl Pts',(36.2542440169576,132.252440791252,-60.3308029886213));
#7156=CARTESIAN_POINT('Ctrl Pts',(36.2676878787232,132.259520361874,-60.2906527484609));
#7157=CARTESIAN_POINT('Ctrl Pts',(36.2854285492504,132.268845785479,-60.2377656431101));
#7158=CARTESIAN_POINT('Ctrl Pts',(36.2939900148168,132.273341359139,-60.21226997794));
#7159=CARTESIAN_POINT('Ctrl Pts',(36.3025610435232,132.277835208324,-60.1867840927589));
#7160=CARTESIAN_POINT('Ctrl Pts',(36.3111389019155,132.282325214098,-60.1613200046403));
#7161=CARTESIAN_POINT('Ctrl Pts',(36.3469868815316,132.301051819023,-60.0551161505878));
#7162=CARTESIAN_POINT('Ctrl Pts',(36.383140721826,132.319760126091,-59.9490160688411));
#7163=CARTESIAN_POINT('Ctrl Pts',(36.4197619535075,132.338440617969,-59.84307373487));
#7164=CARTESIAN_POINT('Ctrl Pts',(36.4524639919837,132.354852715578,-59.749996104075));
#7165=CARTESIAN_POINT('Ctrl Pts',(36.48113559553,132.369004006938,-59.6697401426618));
#7166=CARTESIAN_POINT('Ctrl Pts',(36.5103003922988,132.383124867152,-59.5896567648544));
#7167=CARTESIAN_POINT('Ctrl Pts',(36.5818234782333,132.417014276613,-59.3974603731001));
#7168=CARTESIAN_POINT('Ctrl Pts',(36.6569811649398,132.450667810372,-59.2066016989286));
#7169=CARTESIAN_POINT('Ctrl Pts',(36.7020930992455,132.470253395294,-59.0955263272328));
#7170=CARTESIAN_POINT('Ctrl Pts',(36.7483514232238,132.489758622501,-58.9849066867882));
#7171=CARTESIAN_POINT('Ctrl Pts',(36.7957114298229,132.509183930515,-58.8747402906039));
#7172=CARTESIAN_POINT('Ctrl Pts',(36.8441298060522,132.528529975405,-58.7650234179405));
#7173=CARTESIAN_POINT('Ctrl Pts',(36.9425997523592,132.566909373491,-58.5473630353272));
#7174=CARTESIAN_POINT('Ctrl Pts',(37.0449403502869,132.60498197291,-58.3314425944175));
#7175=CARTESIAN_POINT('Ctrl Pts',(37.0967956600223,132.623868091081,-58.2243340957873));
#7176=CARTESIAN_POINT('Ctrl Pts',(37.1494788398269,132.642684952502,-58.1176183717112));
#7177=CARTESIAN_POINT('Ctrl Pts',(37.2029257350376,132.66143640859,-58.0112735797072));
#7178=CARTESIAN_POINT('Ctrl Pts',(37.2570732762082,132.680126596192,-57.9052762585538));
#7179=CARTESIAN_POINT('Ctrl Pts',(37.3666480431231,132.717393365212,-57.6939259089382));
#7180=CARTESIAN_POINT('Ctrl Pts',(37.4785258779561,132.754451725948,-57.4837575014292));
#7181=CARTESIAN_POINT('Ctrl Pts',(37.5351674992942,132.77291703669,-57.3790355203226));
#7182=CARTESIAN_POINT('Ctrl Pts',(37.5926396272304,132.791305774336,-57.2747478068272));
#7183=CARTESIAN_POINT('Ctrl Pts',(37.6510647696036,132.809604735392,-57.17096924167));
#7184=CARTESIAN_POINT('Ctrl Pts',(37.7105592352838,132.82780029769,-57.0677770800149));
#7185=CARTESIAN_POINT('Ctrl Pts',(37.7712314148598,132.845878581274,-56.9652500389919));
#7186=CARTESIAN_POINT('Ctrl Pts',(37.8371446406507,132.864974180244,-56.8569535157212));
#7187=CARTESIAN_POINT('Ctrl Pts',(37.8437917571002,132.866898071632,-56.846042585467));
#7188=CARTESIAN_POINT('Ctrl Pts',(37.8521640767911,132.869313671032,-56.8323430405106));
#7189=CARTESIAN_POINT('Ctrl Pts',(37.8613997721839,132.871965690166,-56.8173026926092));
#7190=CARTESIAN_POINT('Ctrl Pts',(37.8706367623776,132.874617955275,-56.8022609497167));
#7191=CARTESIAN_POINT('Ctrl Pts',(37.8790130447879,132.877034196949,-56.7885577622385));
#7192=CARTESIAN_POINT('Ctrl Pts',(37.8856661583699,132.878958934184,-56.7776420349507));
#7193=CARTESIAN_POINT('Ctrl Pts',(37.8956646751584,132.881855233302,-56.7612163064191));
#7194=CARTESIAN_POINT('Ctrl Pts',(37.9016792764533,132.883603194078,-56.7513031282442));
#7195=CARTESIAN_POINT('Ctrl Pts',(37.9076740608062,132.88535275749,-56.7413808610777));
#7196=CARTESIAN_POINT('Ctrl Pts',(37.9136444665993,132.887104251302,-56.7314476460616));
#7197=CARTESIAN_POINT('Ctrl Pts',(37.9195859322137,132.888858003286,-56.7215016243179));
#7198=CARTESIAN_POINT('Ctrl Pts',(37.9254938960296,132.890614341211,-56.7115409369786));
#7199=CARTESIAN_POINT('Ctrl Pts',(37.931363796429,132.89237359284,-56.7015637251954));
#7200=CARTESIAN_POINT('Ctrl Pts',(37.9517015705287,132.898524870136,-56.6666780980985));
#7201=CARTESIAN_POINT('Ctrl Pts',(37.9659618698961,132.902938082202,-56.6416495287458));
#7202=CARTESIAN_POINT('Ctrl Pts',(37.979905810698,132.907382216153,-56.6164455926637));
#7203=CARTESIAN_POINT('Ctrl Pts',(37.9934624077451,132.911863063233,-56.5910334460839));
#7204=CARTESIAN_POINT('Ctrl Pts',(38.0104769313275,132.917739520801,-56.5577063991159));
#7205=CARTESIAN_POINT('Ctrl Pts',(38.0265809164006,132.923693216161,-56.5239413148577));
#7206=CARTESIAN_POINT('Ctrl Pts',(38.0415988130416,132.929732025055,-56.4896935277638));
#7207=CARTESIAN_POINT('Ctrl Pts',(38.0553582000723,132.935857849398,-56.4549522515416));
#7208=CARTESIAN_POINT('Ctrl Pts',(38.058458937211,132.937273845742,-56.4469217372172));
#7209=CARTESIAN_POINT('Ctrl Pts',(38.0655317270339,132.940591086288,-56.4281087312144));
#7210=CARTESIAN_POINT('Ctrl Pts',(38.0722001975247,132.943933132126,-56.4091550474172));
#7211=CARTESIAN_POINT('Ctrl Pts',(38.0784801056241,132.947303446082,-56.39004104715));
#7212=CARTESIAN_POINT('Ctrl Pts',(38.0819439071767,132.949238831333,-56.3790649319617));
#7213=CARTESIAN_POINT('Ctrl Pts',(38.0852820612051,132.951182287687,-56.3680430432754));
#7214=CARTESIAN_POINT('Ctrl Pts',(38.0884955536865,132.953133423039,-56.3569776048245));
#7215=CARTESIAN_POINT('Ctrl Pts',(38.0915853705974,132.955091845286,-56.3458708403427));
#7216=CARTESIAN_POINT('Ctrl Pts',(38.1069494137495,132.965268427741,-56.2881565732781));
#7217=CARTESIAN_POINT('Ctrl Pts',(38.1171709565078,132.973577543409,-56.2410332366536));
#7218=CARTESIAN_POINT('Ctrl Pts',(38.1253157952395,132.981960380887,-56.193491802867));
#7219=CARTESIAN_POINT('Ctrl Pts',(38.1314855775278,132.990396220399,-56.1456497796075));
#7220=CARTESIAN_POINT('Ctrl Pts',(38.1357477549802,132.998865525497,-56.097617963584));
#7221=CARTESIAN_POINT('Ctrl Pts',(38.1381944671567,133.007353212813,-56.0494818968184));
#7222=CARTESIAN_POINT('Ctrl Pts',(38.1388656368307,133.015845107613,-56.0013219682208));
#7223=CARTESIAN_POINT('Ctrl Pts',(38.1367623030619,133.032755131039,-55.9054204597974));
#7224=CARTESIAN_POINT('Ctrl Pts',(38.134017738602,133.041171819954,-55.8576870449755));
#7225=CARTESIAN_POINT('Ctrl Pts',(38.1296690868864,133.049569727083,-55.8100601469494));
#7226=CARTESIAN_POINT('Ctrl Pts',(38.1238364854525,133.057940583688,-55.7625866600723));
#7227=CARTESIAN_POINT('Ctrl Pts',(38.1166572040581,133.066278952811,-55.7152974188608));
#7228=CARTESIAN_POINT('Ctrl Pts',(38.108276795,133.074582018442,-55.6682083936995));
#7229=CARTESIAN_POINT('Ctrl Pts',(38.0961558042081,133.085204802635,-55.6079635908333));
#7230=CARTESIAN_POINT('Ctrl Pts',(38.0825225122735,133.095771548766,-55.5480365956078));
#7231=CARTESIAN_POINT('Ctrl Pts',(38.0794357357857,133.098112035572,-55.5347630353332));
#7232=CARTESIAN_POINT('Ctrl Pts',(38.0762600221635,133.100448834288,-55.521510391261));
#7233=CARTESIAN_POINT('Ctrl Pts',(38.0730587069596,133.102784959907,-55.5082615645095));
#7234=CARTESIAN_POINT('Ctrl Pts',(38.0697486989782,133.105116361094,-55.4950395313437));
#7235=CARTESIAN_POINT('Ctrl Pts',(38.0647479325366,133.108619505091,-55.4751722144832));
#7236=CARTESIAN_POINT('Ctrl Pts',(38.0595644838199,133.112116867536,-55.4553376864277));
#7237=CARTESIAN_POINT('Ctrl Pts',(38.0578044101898,133.113287173921,-55.4487005491061));
#7238=CARTESIAN_POINT('Ctrl Pts',(38.056015770518,133.114456181543,-55.4420707774291));
#7239=CARTESIAN_POINT('Ctrl Pts',(38.0541946913986,133.115623312329,-55.4354516498251));
#7240=CARTESIAN_POINT('Ctrl Pts',(38.0523372994238,133.116787988205,-55.4288464447029));
#7241=CARTESIAN_POINT('Ctrl Pts',(38.0504397211885,133.1179496311,-55.4222584404715));
#7242=CARTESIAN_POINT('Ctrl Pts',(38.0425231230323,133.122671249233,-55.3954808133921));
#7243=CARTESIAN_POINT('Ctrl Pts',(38.036114999084,133.126210239077,-55.3754102046327));
#7244=CARTESIAN_POINT('Ctrl Pts',(38.0291363866483,133.129719286531,-55.3555094076048));
#7245=CARTESIAN_POINT('Ctrl Pts',(38.0214493306458,133.133187274321,-55.3358414714966));
#7246=CARTESIAN_POINT('Ctrl Pts',(38.0129087367378,133.136596829477,-55.3165049233312));
#7247=CARTESIAN_POINT('Ctrl Pts',(38.0033661976189,133.139924662714,-55.2976318431953));
#7248=CARTESIAN_POINT('Ctrl Pts',(37.9926841545563,133.143142731603,-55.2793812676082));
#7249=CARTESIAN_POINT('Ctrl Pts',(37.977045903251,133.147178929342,-55.2564908527509));
#7250=CARTESIAN_POINT('Ctrl Pts',(37.973211783557,133.148122724187,-55.2511383262036));
#7251=CARTESIAN_POINT('Ctrl Pts',(37.9692616168346,133.149052088947,-55.2458676367394));
#7252=CARTESIAN_POINT('Ctrl Pts',(37.9651992604263,133.149967521679,-55.2406759597291));
#7253=CARTESIAN_POINT('Ctrl Pts',(37.9610288472853,133.150869541609,-55.2355603504951));
#7254=CARTESIAN_POINT('Ctrl Pts',(37.9567547859696,133.151758689143,-55.2305177442524));
#7255=CARTESIAN_POINT('Ctrl Pts',(37.9523817606481,133.152635525852,-55.2255449561675));
#7256=CARTESIAN_POINT('Ctrl Pts',(37.9315166547644,133.156676372904,-55.2026281737433));
#7257=CARTESIAN_POINT('Ctrl Pts',(37.9139806906699,133.159667753061,-55.1856632138437));
#7258=CARTESIAN_POINT('Ctrl Pts',(37.8955797898593,133.162503057133,-55.1695834054075));
#7259=CARTESIAN_POINT('Ctrl Pts',(37.8765589377979,133.165213026277,-55.1542144066716));
#7260=CARTESIAN_POINT('Ctrl Pts',(37.8571239511277,133.167828639249,-55.1393805283763));
#7261=CARTESIAN_POINT('Ctrl Pts',(37.8374382928117,133.170380571153,-55.1249078033657));
#7262=CARTESIAN_POINT('Ctrl Pts',(37.8176279056645,133.172900332264,-55.1106175279871));
#7263=CARTESIAN_POINT('Ctrl Pts',(37.7977940642569,133.175423086987,-55.0963102749885));
#7264=CARTESIAN_POINT('',(35.9680049662698,129.503526207227,-75.9206722926832));
#7265=CARTESIAN_POINT('',(-27.9524493756964,130.962471804206,-67.6465806527266));
#7266=CARTESIAN_POINT('',(-19.5237017183107,129.987095560748,-73.1782142095345));
#7267=CARTESIAN_POINT('Origin',(0.244558493239966,136.724038286881,-34.97111340701));
#7268=CARTESIAN_POINT('',(-27.51596153211,131.051449168078,-67.1419649466374));
#7269=CARTESIAN_POINT('Origin',(-27.6720359502212,130.997764242297,-67.4464272902111));
#7270=CARTESIAN_POINT('',(-19.3366342435407,130.04848147823,-72.8300773717405));
#7271=CARTESIAN_POINT('Origin',(2.09858479420837,136.826715716671,-34.3888007661563));
#7272=CARTESIAN_POINT('Origin',(-19.4329019680074,130.018039746569,-73.0027210110659));
#7273=CARTESIAN_POINT('',(-0.670703771496346,132.085605582456,-61.2769724751352));
#7274=CARTESIAN_POINT('',(-4.21572970622095,133.175423086979,-55.0963102750356));
#7275=CARTESIAN_POINT('',(-0.296564069874954,131.970586961021,-61.9292754917978));
#7276=CARTESIAN_POINT('',(-0.296564069874954,132.102686212788,-61.1801034068693));
#7277=CARTESIAN_POINT('Origin',(-0.496564069874954,132.102686212788,-61.1801034068693));
#7278=CARTESIAN_POINT('',(-0.296564069874954,133.175423086979,-55.0963102750356));
#7279=CARTESIAN_POINT('',(-0.296564069874954,133.175423086979,-55.0963102750356));
#7280=CARTESIAN_POINT('',(1.77228974816139,133.175423086979,-55.0963102750356));
#7281=CARTESIAN_POINT('',(1.77228974816139,133.175423086979,-55.0963102750356));
#7282=CARTESIAN_POINT('',(1.77228974816139,133.067740250867,-55.7070099857595));
#7283=CARTESIAN_POINT('',(1.77228974816139,133.067740250867,-55.7070099857595));
#7284=CARTESIAN_POINT('',(2.80860013043797,133.067740250867,-55.7070099857595));
#7285=CARTESIAN_POINT('',(2.80860013043797,133.067740250867,-55.7070099857595));
#7286=CARTESIAN_POINT('',(2.80860013043797,131.043094099822,-67.1893488933415));
#7287=CARTESIAN_POINT('',(2.80860013043797,131.043094099822,-67.1893488933415));
#7288=CARTESIAN_POINT('',(-0.0165088289501497,131.043094099822,-67.1893488933415));
#7289=CARTESIAN_POINT('',(-0.0165088289501497,131.043094099822,-67.1893488933415));
#7290=CARTESIAN_POINT('',(-0.442856782394145,131.156752423595,-66.5447605080771));
#7291=CARTESIAN_POINT('',(-0.442856782394145,131.156752423595,-66.5447605080771));
#7292=CARTESIAN_POINT('',(-0.652288091475169,131.156752423595,-66.5447605080771));
#7293=CARTESIAN_POINT('',(-0.652288091475169,131.156752423595,-66.5447605080771));
#7294=CARTESIAN_POINT('',(-3.52236749286995,132.039076792568,-61.5408503553189));
#7295=CARTESIAN_POINT('',(-3.89650719448914,132.154095413996,-60.8885473386942));
#7296=CARTESIAN_POINT('',(-3.89650719448914,132.021996162236,-61.6377194235886));
#7297=CARTESIAN_POINT('Origin',(-3.69650719448914,132.021996162236,-61.6377194235886));
#7298=CARTESIAN_POINT('',(-3.89650719448914,131.043095732813,-67.1893396321897));
#7299=CARTESIAN_POINT('',(-3.89650719448914,131.043095732813,-67.1893396321897));
#7300=CARTESIAN_POINT('',(-16.2633386445201,131.043095732813,-67.1893396321897));
#7301=CARTESIAN_POINT('',(-16.2633386445201,131.043095732813,-67.1893396321897));
#7302=CARTESIAN_POINT('',(-16.2633386445201,131.156752423595,-66.5447605080771));
#7303=CARTESIAN_POINT('',(-16.2633386445201,131.156752423595,-66.5447605080771));
#7304=CARTESIAN_POINT('',(-16.8448455633701,131.156752423595,-66.5447605080771));
#7305=CARTESIAN_POINT('',(-16.8448455633701,131.156752423595,-66.5447605080771));
#7306=CARTESIAN_POINT('',(-16.8448455633701,131.826877328326,-62.7442933190075));
#7307=CARTESIAN_POINT('',(-16.8448455633701,131.920241492371,-62.214798832851));
#7308=CARTESIAN_POINT('',(-17.1877695336679,131.851171160628,-62.6065161495404));
#7309=CARTESIAN_POINT('Origin',(-17.0448455633701,131.826877328326,-62.7442933190075));
#7310=CARTESIAN_POINT('',(-19.5910350117143,131.641037349166,-63.798244214174));
#7311=CARTESIAN_POINT('Origin',(-20.1580871685337,132.35605776822,-59.7431619109352));
#7312=CARTESIAN_POINT('',(-22.2021175971095,131.641037349166,-63.798244214174));
#7313=CARTESIAN_POINT('',(-22.7925512077067,131.641037349166,-63.798244214174));
#7314=CARTESIAN_POINT('',(-22.3228955392094,131.578625836398,-64.152197491867));
#7315=CARTESIAN_POINT('Origin',(-22.2021175971095,131.606307713632,-63.9952057647764));
#7316=CARTESIAN_POINT('',(-15.3916817364441,130.789019456283,-68.630277800067));
#7317=CARTESIAN_POINT('Origin',(14.6439077018102,140.051286417153,-16.1013515764393));
#7318=CARTESIAN_POINT('',(-15.5806291992697,130.727814956838,-68.9773857650521));
#7319=CARTESIAN_POINT('Origin',(-15.4898140163293,130.75875777703,-68.8019003114496));
#7320=CARTESIAN_POINT('',(-22.4742683645503,131.465162423022,-64.7956804853431));
#7321=CARTESIAN_POINT('Origin',(7.21152331254243,138.493625189518,-24.9352873778545));
#7322=CARTESIAN_POINT('',(-22.7925512077565,131.437157558997,-64.9545039615486));
#7323=CARTESIAN_POINT('Origin',(-22.5925512077565,131.437157558997,-64.9545039615486));
#7324=CARTESIAN_POINT('',(-22.7925512077565,131.432860087532,-64.978876133338));
#7325=CARTESIAN_POINT('',(-22.7925512077565,131.415865986936,-65.0752544670872));
#7326=CARTESIAN_POINT('',(-22.7151302375255,131.405417971238,-65.1345081085686));
#7327=CARTESIAN_POINT('Origin',(-22.5925512077565,131.432860087532,-64.978876133338));
#7328=CARTESIAN_POINT('',(-10.6595686237426,130.188157516323,-72.037935196267));
#7329=CARTESIAN_POINT('Origin',(9.50264322375758,138.61810261826,-24.2293407992745));
#7330=CARTESIAN_POINT('',(-10.8042097099555,130.123419054213,-72.4050852594607));
#7331=CARTESIAN_POINT('Origin',(-10.7362798331386,130.156084086641,-72.2198326549119));
#7332=CARTESIAN_POINT('',(-22.4741599239817,131.204348466215,-66.2748299368821));
#7333=CARTESIAN_POINT('Origin',(4.9055837113164,137.677693190965,-29.5626676872906));
#7334=CARTESIAN_POINT('',(-22.7925512078483,131.176357422797,-66.4335750325316));
#7335=CARTESIAN_POINT('Origin',(-22.5925512078483,131.176357422797,-66.4335750325316));
#7336=CARTESIAN_POINT('',(-22.7925512078483,131.174002525455,-66.4469303190143));
#7337=CARTESIAN_POINT('',(-22.7925512078483,131.156754056571,-66.5447512470123));
#7338=CARTESIAN_POINT('',(-22.7132574324607,131.146311217287,-66.6039755315863));
#7339=CARTESIAN_POINT('Origin',(-22.5925512078483,131.174002525455,-66.4469303190143));
#7340=CARTESIAN_POINT('',(-11.0782905087261,129.988929413442,-73.1678139140885));
#7341=CARTESIAN_POINT('Origin',(9.05788207436184,138.434952857285,-25.2680347089567));
#7342=CARTESIAN_POINT('',(-11.2185966827117,129.923925990284,-73.5364666460596));
#7343=CARTESIAN_POINT('Origin',(-11.1547926867524,129.956840932553,-73.3497967323749));
#7344=CARTESIAN_POINT('',(-23.468764050743,131.036245372157,-67.2281899580326));
#7345=CARTESIAN_POINT('Origin',(2.87495168163172,137.194447590144,-32.3032896776382));
#7346=CARTESIAN_POINT('',(-23.5880267295723,131.043095732772,-67.1893396324221));
#7347=CARTESIAN_POINT('Origin',(-23.5880267295723,131.008366097238,-67.3863011830245));
#7348=CARTESIAN_POINT('',(-24.181784512351,131.043095732772,-67.1893396324221));
#7349=CARTESIAN_POINT('',(-24.7745831384597,131.043095732772,-67.1893396324221));
#7350=CARTESIAN_POINT('',(-24.3019899682303,130.980609182417,-67.5437184694211));
#7351=CARTESIAN_POINT('Origin',(-24.181784512351,131.008366097238,-67.3863011830245));
#7352=CARTESIAN_POINT('',(-8.27527124437372,129.590784807617,-75.4258041786878));
#7353=CARTESIAN_POINT('Origin',(5.50251356362229,137.862834783435,-28.5126775398588));
#7354=CARTESIAN_POINT('',(-8.37132929885263,129.523412090558,-75.8078938440817));
#7355=CARTESIAN_POINT('Origin',(-8.33083885019146,129.557422549549,-75.6150109463266));
#7356=CARTESIAN_POINT('',(-25.9940674037012,131.043095732746,-67.1893396325662));
#7357=CARTESIAN_POINT('Origin',(-0.537344971333051,136.103665249529,-38.4894237351276));
#7358=CARTESIAN_POINT('',(-25.9940674037012,131.122024420987,-66.7417127979042));
#7359=CARTESIAN_POINT('',(-25.9940674037012,131.15675405652,-66.5447512473017));
#7360=CARTESIAN_POINT('',(-26.1940674037012,131.15675405652,-66.5447512473017));
#7361=CARTESIAN_POINT('Origin',(-26.1940674037012,131.122024420987,-66.7417127979042));
#7362=CARTESIAN_POINT('',(-26.6912864867117,131.15675405652,-66.5447512473017));
#7363=CARTESIAN_POINT('',(-26.6912864867117,131.15675405652,-66.5447512473017));
#7364=CARTESIAN_POINT('',(-26.6912864867117,131.575756489509,-64.1684703667173));
#7365=CARTESIAN_POINT('',(-26.6912864867117,131.575756489509,-64.1684703667173));
#7366=CARTESIAN_POINT('',(-29.7174008386517,131.033056680352,-67.2462739278997));
#7367=CARTESIAN_POINT('Origin',(-31.3596806741112,131.834938943855,-62.6985736254182));
#7368=CARTESIAN_POINT('',(-16.2513956429981,129.528331338662,-75.7799954017411));
#7369=CARTESIAN_POINT('Origin',(0.600834437776652,136.645162895138,-35.418437982215));
#7370=CARTESIAN_POINT('',(-16.3951376650785,129.463530624041,-76.1474985164701));
#7371=CARTESIAN_POINT('Origin',(-16.3274544579836,129.496211092734,-75.9621583685167));
#7372=CARTESIAN_POINT('',(-30.8210397650516,130.989011311968,-67.4960676248515));
#7373=CARTESIAN_POINT('Origin',(-2.13293182150148,136.34995920161,-37.0926213224073));
#7374=CARTESIAN_POINT('',(-31.7559010403731,130.986641634737,-67.5095067322502));
#7375=CARTESIAN_POINT('Origin',(-31.359680674012,131.834938943889,-62.698573625225));
#7376=CARTESIAN_POINT('',(-32.5895756151709,130.965845575154,-67.627447046881));
#7377=CARTESIAN_POINT('Origin',(-33.1276193122114,132.13050775838,-61.0223195811582));
#7378=CARTESIAN_POINT('',(-19.2258672358031,129.352476538739,-76.7773175314399));
#7379=CARTESIAN_POINT('Origin',(-2.24267299101169,136.069891172689,-38.6809660430833));
#7380=CARTESIAN_POINT('',(-19.3732506107785,129.287952756832,-77.1432500826991));
#7381=CARTESIAN_POINT('Origin',(-19.3062650623392,129.320676541122,-76.9576642797883));
#7382=CARTESIAN_POINT('',(-34.4216753299379,130.983916101131,-67.5249640014403));
#7383=CARTESIAN_POINT('Origin',(-6.42483653111704,135.613512808335,-41.2692163637105));
#7384=CARTESIAN_POINT('',(-26.6912864867177,132.471108715533,-59.0906755651114));
#7385=CARTESIAN_POINT('Origin',(-33.1276193123182,132.130507758347,-61.0223195813417));
#7386=CARTESIAN_POINT('',(-26.6912864867177,133.17542471997,-55.0963010138796));
#7387=CARTESIAN_POINT('',(-26.6912864867177,133.17542471997,-55.0963010138796));
#7388=CARTESIAN_POINT('',(-20.5243222666077,133.17542471997,-55.0963010138796));
#7389=CARTESIAN_POINT('',(-20.5243222666077,133.17542471997,-55.0963010138796));
#7390=CARTESIAN_POINT('',(-17.2207614598296,132.833512790574,-57.0353799229765));
#7391=CARTESIAN_POINT('Origin',(-20.5243222666077,132.523229749687,-58.7950824916957));
#7392=CARTESIAN_POINT('',(-16.844845563496,132.85003548304,-56.9416750775801));
#7393=CARTESIAN_POINT('Origin',(-17.044845563496,132.85003548304,-56.9416750775801));
#7394=CARTESIAN_POINT('',(-16.844845563496,133.175423086979,-55.0963102750356));
#7395=CARTESIAN_POINT('',(-16.844845563496,133.175423086979,-55.0963102750356));
#7396=CARTESIAN_POINT('',(-4.21572970622095,133.175423086979,-55.0963102750356));
#7397=CARTESIAN_POINT('',(23.6519739425967,132.889301396912,-56.7189870141072));
#7398=CARTESIAN_POINT('',(21.6148958269107,133.21331127197,-54.8814357003141));
#7399=CARTESIAN_POINT('Origin',(21.7004856323628,132.87443888316,-56.8032765181474));
#7400=CARTESIAN_POINT('',(23.6519739425967,131.663274847247,-63.6721290955945));
#7401=CARTESIAN_POINT('',(23.6519739425967,131.663274847247,-63.6721290955945));
#7402=CARTESIAN_POINT('',(21.5104658285496,131.663274847247,-63.6721290955945));
#7403=CARTESIAN_POINT('',(21.5104658285496,131.663274847247,-63.6721290955945));
#7404=CARTESIAN_POINT('',(21.5104658285496,132.68372892807,-57.8848464192653));
#7405=CARTESIAN_POINT('',(21.5104658285496,132.68372892807,-57.8848464192653));
#7406=CARTESIAN_POINT('',(19.7125057448086,132.747457575221,-57.5234233012929));
#7407=CARTESIAN_POINT('Ctrl Pts',(19.7125057448086,132.747457575221,-57.5234233012929));
#7408=CARTESIAN_POINT('Ctrl Pts',(19.7146420806433,132.751515693953,-57.5004085663045));
#7409=CARTESIAN_POINT('Ctrl Pts',(19.7167786688126,132.755573621301,-57.4773949167111));
#7410=CARTESIAN_POINT('Ctrl Pts',(19.7191821299483,132.759626441585,-57.4544102307146));
#7411=CARTESIAN_POINT('Ctrl Pts',(19.7221264211352,132.763666524839,-57.4314977800068));
#7412=CARTESIAN_POINT('Ctrl Pts',(19.7258790563293,132.767687515935,-57.4086936063058));
#7413=CARTESIAN_POINT('Ctrl Pts',(19.7307497016359,132.771673392269,-57.3860885783199));
#7414=CARTESIAN_POINT('Ctrl Pts',(19.7422530486238,132.778853899077,-57.345365900604));
#7415=CARTESIAN_POINT('Ctrl Pts',(19.7591885884286,132.785704459767,-57.3065144403099));
#7416=CARTESIAN_POINT('Ctrl Pts',(19.7708892157213,132.789784909866,-57.2833730578433));
#7417=CARTESIAN_POINT('Ctrl Pts',(19.7842614716048,132.793716744038,-57.2610745181885));
#7418=CARTESIAN_POINT('Ctrl Pts',(19.7990785836022,132.797490166358,-57.2396743767868));
#7419=CARTESIAN_POINT('Ctrl Pts',(19.8232307476458,132.802910134864,-57.2089362079382));
#7420=CARTESIAN_POINT('Ctrl Pts',(19.8499164354492,132.807945481218,-57.1803793397054));
#7421=CARTESIAN_POINT('Ctrl Pts',(19.8921961285283,132.814738548775,-57.1418539391659));
#7422=CARTESIAN_POINT('Ctrl Pts',(19.9220490316694,132.818863348393,-57.1184610380859));
#7423=CARTESIAN_POINT('Ctrl Pts',(19.9534815834947,132.822622711734,-57.0971406291176));
#7424=CARTESIAN_POINT('Ctrl Pts',(19.9802577699737,132.825475119024,-57.0809638235117));
#7425=CARTESIAN_POINT('Ctrl Pts',(20.0387719954228,132.831036087536,-57.0494260038866));
#7426=CARTESIAN_POINT('Ctrl Pts',(20.1002229315608,132.835572409802,-57.0236992418932));
#7427=CARTESIAN_POINT('Ctrl Pts',(20.1508767827431,132.838590918054,-57.0065804309178));
#7428=CARTESIAN_POINT('Ctrl Pts',(20.2025290772953,132.841010108464,-56.9928605203297));
#7429=CARTESIAN_POINT('Ctrl Pts',(20.2369142400037,132.842364788482,-56.9851777481718));
#7430=CARTESIAN_POINT('Ctrl Pts',(20.271552411963,132.843491895398,-56.9787856072106));
#7431=CARTESIAN_POINT('Ctrl Pts',(20.3232609051907,132.844852235012,-56.9710707378924));
#7432=CARTESIAN_POINT('Ctrl Pts',(20.3752610487216,132.845782793424,-56.9657932788844));
#7433=CARTESIAN_POINT('Ctrl Pts',(20.3922621156536,132.846043716895,-56.9643135083501));
#7434=CARTESIAN_POINT('Ctrl Pts',(20.4092856425476,132.846259380576,-56.9630904188373));
#7435=CARTESIAN_POINT('Ctrl Pts',(20.4263189105126,132.846439519637,-56.9620687994531));
#7436=CARTESIAN_POINT('Ctrl Pts',(20.4433637375516,132.846578030919,-56.96128326294));
#7437=CARTESIAN_POINT('Ctrl Pts',(20.4948357167266,132.846880703941,-56.9595667189286));
#7438=CARTESIAN_POINT('Ctrl Pts',(20.5463452316646,132.846836519574,-56.959817300927));
#7439=CARTESIAN_POINT('Ctrl Pts',(20.5807811326806,132.846657921104,-56.9608301831855));
#7440=CARTESIAN_POINT('Ctrl Pts',(20.6151858611166,132.846336439847,-56.96265339399));
#7441=CARTESIAN_POINT('Ctrl Pts',(20.6495399736776,132.845878440459,-56.9652508375956));
#7442=CARTESIAN_POINT('Ctrl Pts',(20.6838268538046,132.845290333524,-56.9685861577658));
#7443=CARTESIAN_POINT('Ctrl Pts',(20.7396402212744,132.844128709942,-56.9751740524654));
#7444=CARTESIAN_POINT('Ctrl Pts',(20.7952075034386,132.84265426262,-56.9835360587555));
#7445=CARTESIAN_POINT('Ctrl Pts',(20.8166739858256,132.84203178913,-56.9870662813418));
#7446=CARTESIAN_POINT('Ctrl Pts',(20.8380847078036,132.841352708819,-56.990917537163));
#7447=CARTESIAN_POINT('Ctrl Pts',(20.8804562114803,132.839882391968,-56.9992561183897));
#7448=CARTESIAN_POINT('Ctrl Pts',(20.9225037608046,132.838150688691,-57.009077095705));
#7449=CARTESIAN_POINT('Ctrl Pts',(20.9641159230697,132.836117847021,-57.0206059137101));
#7450=CARTESIAN_POINT('Ctrl Pts',(21.0051213086966,132.833751288664,-57.0340273330927));
#7451=CARTESIAN_POINT('Ctrl Pts',(21.0253077797046,132.832489222228,-57.0411848675269));
#7452=CARTESIAN_POINT('Ctrl Pts',(21.0781969764527,132.828913564016,-57.0614634329366));
#7453=CARTESIAN_POINT('Ctrl Pts',(21.1296010354776,132.824677309782,-57.0854884245579));
#7454=CARTESIAN_POINT('Ctrl Pts',(21.1789362148614,132.819751146147,-57.1134260868223));
#7455=CARTESIAN_POINT('Ctrl Pts',(21.2086758571879,132.81640663069,-57.1323937765298));
#7456=CARTESIAN_POINT('Ctrl Pts',(21.2372720674681,132.8127736398,-57.1529974917164));
#7457=CARTESIAN_POINT('Ctrl Pts',(21.2645056498638,132.808840518107,-57.1753033332677));
#7458=CARTESIAN_POINT('Ctrl Pts',(21.3150193251636,132.800483714963,-57.2226971190052));
#7459=CARTESIAN_POINT('Ctrl Pts',(21.3581839969059,132.790965366643,-57.276678354787));
#7460=CARTESIAN_POINT('Ctrl Pts',(21.3776701147174,132.786033603244,-57.3046477748917));
#7461=CARTESIAN_POINT('Ctrl Pts',(21.3953952195321,132.780901025448,-57.3337560700308));
#7462=CARTESIAN_POINT('Ctrl Pts',(21.4114088743773,132.775603590109,-57.3637993187601));
#7463=CARTESIAN_POINT('Ctrl Pts',(21.4257690688731,132.770168341564,-57.3946241450207));
#7464=CARTESIAN_POINT('Ctrl Pts',(21.4433733524718,132.762507904468,-57.4380686426501));
#7465=CARTESIAN_POINT('Ctrl Pts',(21.4579696263226,132.754673309293,-57.4825008398332));
#7466=CARTESIAN_POINT('Ctrl Pts',(21.4617720338866,132.752500583919,-57.4948229777441));
#7467=CARTESIAN_POINT('Ctrl Pts',(21.4653403971666,132.750316997793,-57.5072067100422));
#7468=CARTESIAN_POINT('Ctrl Pts',(21.4686866600166,132.748123560576,-57.5196463106516));
#7469=CARTESIAN_POINT('Ctrl Pts',(21.4718274420236,132.745921286272,-57.5321360288759));
#7470=CARTESIAN_POINT('Ctrl Pts',(21.4841624273596,132.736633382708,-57.5848103475009));
#7471=CARTESIAN_POINT('Ctrl Pts',(21.4930812074759,132.727223652195,-57.638175581088));
#7472=CARTESIAN_POINT('Ctrl Pts',(21.4981958747168,132.720008379551,-57.6790954256543));
#7473=CARTESIAN_POINT('Ctrl Pts',(21.5019697442835,132.712768499286,-57.7201548269772));
#7474=CARTESIAN_POINT('Ctrl Pts',(21.504752063862,132.705516483572,-57.7612830518531));
#7475=CARTESIAN_POINT('Ctrl Pts',(21.5068754991849,132.698256086129,-57.8024588118769));
#7476=CARTESIAN_POINT('Ctrl Pts',(21.5086707453124,132.690992591774,-57.8436521353558));
#7477=CARTESIAN_POINT('Ctrl Pts',(21.5104658285496,132.68372892807,-57.8848464192653));
#7478=CARTESIAN_POINT('',(19.7125151657486,129.523863537276,-75.805333562513));
#7479=CARTESIAN_POINT('',(19.7125151657486,129.523863537276,-75.805333562513));
#7480=CARTESIAN_POINT('',(21.5104569802786,129.595453287732,-75.3993279122825));
#7481=CARTESIAN_POINT('Ctrl Pts',(21.5104569802786,129.595453287732,-75.3993279122825));
#7482=CARTESIAN_POINT('Ctrl Pts',(21.5083100318798,129.590448269502,-75.4277127811813));
#7483=CARTESIAN_POINT('Ctrl Pts',(21.5061630294119,129.585443327449,-75.4560972180547));
#7484=CARTESIAN_POINT('Ctrl Pts',(21.5039199257465,129.580439818872,-75.4844735252763));
#7485=CARTESIAN_POINT('Ctrl Pts',(21.5014841539051,129.575439501295,-75.5128317354451));
#7486=CARTESIAN_POINT('Ctrl Pts',(21.498758926951,129.570444185359,-75.541161579899));
#7487=CARTESIAN_POINT('Ctrl Pts',(21.4941867364109,129.563118378182,-75.5827082969561));
#7488=CARTESIAN_POINT('Ctrl Pts',(21.4885623251736,129.555816495914,-75.624119329111));
#7489=CARTESIAN_POINT('Ctrl Pts',(21.4815869728837,129.548552668086,-75.6653145438133));
#7490=CARTESIAN_POINT('Ctrl Pts',(21.4792092626108,129.54623917558,-75.6784350117974));
#7491=CARTESIAN_POINT('Ctrl Pts',(21.4766747153118,129.543930735215,-75.6915268276723));
#7492=CARTESIAN_POINT('Ctrl Pts',(21.473975301877,129.541627964614,-75.7045864887178));
#7493=CARTESIAN_POINT('Ctrl Pts',(21.4653079996198,129.534726057741,-75.743729147689));
#7494=CARTESIAN_POINT('Ctrl Pts',(21.4550045539034,129.527888953138,-75.7825042947188));
#7495=CARTESIAN_POINT('Ctrl Pts',(21.4474022179623,129.52335936096,-75.8081928884912));
#7496=CARTESIAN_POINT('Ctrl Pts',(21.439075296674,129.518866952624,-75.8336706022104));
#7497=CARTESIAN_POINT('Ctrl Pts',(21.4300265991855,129.514415922942,-75.8589136459248));
#7498=CARTESIAN_POINT('Ctrl Pts',(21.4137340527794,129.507066986631,-75.9005915348228));
#7499=CARTESIAN_POINT('Ctrl Pts',(21.3954537713962,129.499856908584,-75.9414819193655));
#7500=CARTESIAN_POINT('Ctrl Pts',(21.3752212096211,129.492804829271,-75.9814762485629));
#7501=CARTESIAN_POINT('Ctrl Pts',(21.3668001307545,129.490007493365,-75.9973407288329));
#7502=CARTESIAN_POINT('Ctrl Pts',(21.3580794172758,129.487236680857,-76.0130547874343));
#7503=CARTESIAN_POINT('Ctrl Pts',(21.3490357420358,129.484497073147,-76.0285918748353));
#7504=CARTESIAN_POINT('Ctrl Pts',(21.3283971056589,129.478500987585,-76.062597365869));
#7505=CARTESIAN_POINT('Ctrl Pts',(21.296666186731,129.470153575163,-76.1099378941778));
#7506=CARTESIAN_POINT('Ctrl Pts',(21.273435984496,129.464618247923,-76.1413302949227));
#7507=CARTESIAN_POINT('Ctrl Pts',(21.2485627490656,129.45929644635,-76.1715117314295));
#7508=CARTESIAN_POINT('Ctrl Pts',(21.2219405213804,129.454236612588,-76.2002074746538));
#7509=CARTESIAN_POINT('Ctrl Pts',(21.193445265282,129.449494386453,-76.2271019755163));
#7510=CARTESIAN_POINT('Ctrl Pts',(21.1630250393722,129.44514355919,-76.2517767430745));
#7511=CARTESIAN_POINT('Ctrl Pts',(21.1006718844055,129.43764358545,-76.2943112077947));
#7512=CARTESIAN_POINT('Ctrl Pts',(21.0529362627673,129.433256311036,-76.3191926774154));
#7513=CARTESIAN_POINT('Ctrl Pts',(21.0192941772969,129.430700637515,-76.3336866221955));
#7514=CARTESIAN_POINT('Ctrl Pts',(20.9847222729391,129.428538091798,-76.345951028403));
#7515=CARTESIAN_POINT('Ctrl Pts',(20.9494781365494,129.426740107592,-76.356147903539));
#7516=CARTESIAN_POINT('Ctrl Pts',(20.9137369655225,129.425276878674,-76.3644462871009));
#7517=CARTESIAN_POINT('Ctrl Pts',(20.8621576211845,129.423629032174,-76.3737916890001));
#7518=CARTESIAN_POINT('Ctrl Pts',(20.8101437900045,129.422572566873,-76.3797832014525));
#7519=CARTESIAN_POINT('Ctrl Pts',(20.7944793393195,129.422306513539,-76.381292064892));
#7520=CARTESIAN_POINT('Ctrl Pts',(20.778803554375,129.422091552952,-76.3825111669598));
#7521=CARTESIAN_POINT('Ctrl Pts',(20.7631048217391,129.421924526273,-76.383458422326));
#7522=CARTESIAN_POINT('Ctrl Pts',(20.7474013788202,129.421804315563,-76.3841401711431));
#7523=CARTESIAN_POINT('Ctrl Pts',(20.6987530396383,129.421569497436,-76.3854718909175));
#7524=CARTESIAN_POINT('Ctrl Pts',(20.6501029174888,129.421740500337,-76.384502085272));
#7525=CARTESIAN_POINT('Ctrl Pts',(20.6171944909105,129.422022416848,-76.3829032572902));
#7526=CARTESIAN_POINT('Ctrl Pts',(20.5843382734126,129.422449362161,-76.3804819300955));
#7527=CARTESIAN_POINT('Ctrl Pts',(20.5515462752026,129.422999828474,-76.3773600805011));
#7528=CARTESIAN_POINT('Ctrl Pts',(20.5188213784681,129.423652463018,-76.3736588060797));
#7529=CARTESIAN_POINT('Ctrl Pts',(20.4551775966612,129.425082177485,-76.3655504924155));
#7530=CARTESIAN_POINT('Ctrl Pts',(20.391712853085,129.426742963046,-76.3561317094582));
#7531=CARTESIAN_POINT('Ctrl Pts',(20.3608859246365,129.427621644725,-76.3511484580232));
#7532=CARTESIAN_POINT('Ctrl Pts',(20.3301367653686,129.428584170126,-76.3456897052195));
#7533=CARTESIAN_POINT('Ctrl Pts',(20.2994971196979,129.429646134572,-76.3396670055645));
#7534=CARTESIAN_POINT('Ctrl Pts',(20.2550287797196,129.431360131037,-76.3299464485736));
#7535=CARTESIAN_POINT('Ctrl Pts',(20.2109310432326,129.43334537085,-76.3186875941113));
#7536=CARTESIAN_POINT('Ctrl Pts',(20.1673458877999,129.435643517085,-76.3056541591514));
#7537=CARTESIAN_POINT('Ctrl Pts',(20.1537117261973,129.436397081138,-76.301380485037));
#7538=CARTESIAN_POINT('Ctrl Pts',(20.1401378113759,129.437183928836,-76.2969180499926));
#7539=CARTESIAN_POINT('Ctrl Pts',(20.1266297605602,129.438005228658,-76.2922602272415));
#7540=CARTESIAN_POINT('Ctrl Pts',(20.0865225876769,129.440560207197,-76.2777702239053));
#7541=CARTESIAN_POINT('Ctrl Pts',(20.0471175676545,129.44344061378,-76.261434626422));
#7542=CARTESIAN_POINT('Ctrl Pts',(20.021291006017,129.445511034314,-76.249692688084));
#7543=CARTESIAN_POINT('Ctrl Pts',(19.9867604980882,129.448555773155,-76.2324251160488));
#7544=CARTESIAN_POINT('Ctrl Pts',(19.953242431737,129.451931554601,-76.2132801081098));
#7545=CARTESIAN_POINT('Ctrl Pts',(19.9124362713776,129.456660638311,-76.1864601416412));
#7546=CARTESIAN_POINT('Ctrl Pts',(19.8659867119093,129.463157954106,-76.1496120326995));
#7547=CARTESIAN_POINT('Ctrl Pts',(19.824486835611,129.470589785274,-76.1074640237078));
#7548=CARTESIAN_POINT('Ctrl Pts',(19.8043037666103,129.474726775091,-76.0840019885707));
#7549=CARTESIAN_POINT('Ctrl Pts',(19.7859698947716,129.479110360976,-76.0591414376361));
#7550=CARTESIAN_POINT('Ctrl Pts',(19.7698585212612,129.483740332032,-76.0328835669617));
#7551=CARTESIAN_POINT('Ctrl Pts',(19.7602026902849,129.486949436721,-76.0146838298797));
#7552=CARTESIAN_POINT('Ctrl Pts',(19.7495386248422,129.491166772024,-75.990766132849));
#7553=CARTESIAN_POINT('Ctrl Pts',(19.739798854746,129.495684517922,-75.9651447226735));
#7554=CARTESIAN_POINT('Ctrl Pts',(19.7346817374558,129.498551424123,-75.9488856896555));
#7555=CARTESIAN_POINT('Ctrl Pts',(19.7288632752697,129.502501332578,-75.9264846456488));
#7556=CARTESIAN_POINT('Ctrl Pts',(19.7243601066676,129.506503654076,-75.9037863525011));
#7557=CARTESIAN_POINT('Ctrl Pts',(19.7208397085679,129.510539013568,-75.8809006915762));
#7558=CARTESIAN_POINT('Ctrl Pts',(19.7179942075769,129.514590345547,-75.8579244461761));
#7559=CARTESIAN_POINT('Ctrl Pts',(19.715524006981,129.518651115037,-75.8348946779973));
#7560=CARTESIAN_POINT('Ctrl Pts',(19.713744525124,129.521722805281,-75.8174742569586));
#7561=CARTESIAN_POINT('Ctrl Pts',(19.7131298390782,129.522793167255,-75.8114039325588));
#7562=CARTESIAN_POINT('Ctrl Pts',(19.7125151657486,129.523863537276,-75.805333562513));
#7563=CARTESIAN_POINT('',(21.5104658284496,130.567880731375,-69.8844178302527));
#7564=CARTESIAN_POINT('',(21.5104658284496,130.567880731375,-69.8844178302527));
#7565=CARTESIAN_POINT('',(20.5026973042096,130.567880731375,-69.8844178302527));
#7566=CARTESIAN_POINT('',(20.5026973042096,130.567880731375,-69.8844178302527));
#7567=CARTESIAN_POINT('',(20.5026973042096,130.957647150471,-67.6739426237367));
#7568=CARTESIAN_POINT('',(20.5026973042096,130.957647150471,-67.6739426237367));
#7569=CARTESIAN_POINT('',(23.6519742454036,130.957647150471,-67.6739426237367));
#7570=CARTESIAN_POINT('',(23.6519742454036,130.957647150471,-67.6739426237367));
#7571=CARTESIAN_POINT('',(23.6519742454036,129.384472790766,-76.5958577690229));
#7572=CARTESIAN_POINT('',(23.6519742454036,129.384472790766,-76.5958577690229));
#7573=CARTESIAN_POINT('',(21.7040628188898,129.046221521295,-78.5141760440347));
#7574=CARTESIAN_POINT('Origin',(21.7040628188898,129.384472790766,-76.5958577690229));
#7575=CARTESIAN_POINT('',(19.4949287796087,129.046221521295,-78.5141760440347));
#7576=CARTESIAN_POINT('',(19.4949287796087,129.046221521295,-78.5141760440347));
#7577=CARTESIAN_POINT('',(17.5280911978108,129.396592869812,-76.5271213850764));
#7578=CARTESIAN_POINT('Origin',(19.5203640787081,129.392176076478,-76.5521702648113));
#7579=CARTESIAN_POINT('',(17.5280911978108,132.869559365103,-56.8309496401898));
#7580=CARTESIAN_POINT('',(17.5280911978108,132.869559365103,-56.8309496401898));
#7581=CARTESIAN_POINT('',(19.5076795326028,133.21331127197,-54.8814357003141));
#7582=CARTESIAN_POINT('Origin',(19.5076795326028,132.869559365103,-56.8309496401898));
#7583=CARTESIAN_POINT('',(21.6148958269107,133.21331127197,-54.8814357003141));
#7584=CARTESIAN_POINT('',(28.7872766417968,131.970586961026,-61.9292754917704));
#7585=CARTESIAN_POINT('',(26.9526107458528,131.233926030553,-66.1070872339815));
#7586=CARTESIAN_POINT('Ctrl Pts',(28.7872766417968,131.970586961026,-61.9292754917704));
#7587=CARTESIAN_POINT('Ctrl Pts',(28.7812486743566,131.951458583244,-62.0377579129214));
#7588=CARTESIAN_POINT('Ctrl Pts',(28.7752205755665,131.932330409983,-62.1462391741784));
#7589=CARTESIAN_POINT('Ctrl Pts',(28.7686137832475,131.913207655215,-62.2546897056399));
#7590=CARTESIAN_POINT('Ctrl Pts',(28.7608470785836,131.894098524107,-62.363062973477));
#7591=CARTESIAN_POINT('Ctrl Pts',(28.7513379708837,131.8750095478,-62.4713219377632));
#7592=CARTESIAN_POINT('Ctrl Pts',(28.739490243368,131.855957539356,-62.5793712468781));
#7593=CARTESIAN_POINT('Ctrl Pts',(28.7247120010792,131.836970242266,-62.687053559668));
#7594=CARTESIAN_POINT('Ctrl Pts',(28.6882611528903,131.799283580074,-62.9007852418036));
#7595=CARTESIAN_POINT('Ctrl Pts',(28.6666351308219,131.780585909993,-63.0068249982015));
#7596=CARTESIAN_POINT('Ctrl Pts',(28.6418592503354,131.762001352684,-63.1122232601919));
#7597=CARTESIAN_POINT('Ctrl Pts',(28.6142295454378,131.743536958982,-63.2169400405084));
#7598=CARTESIAN_POINT('Ctrl Pts',(28.5840356143147,131.725195478493,-63.320959745347));
#7599=CARTESIAN_POINT('Ctrl Pts',(28.5515547424957,131.706975616636,-63.4242897166519));
#7600=CARTESIAN_POINT('Ctrl Pts',(28.4823633085402,131.670675385859,-63.6301585555067));
#7601=CARTESIAN_POINT('Ctrl Pts',(28.4060378364241,131.634808919079,-63.8335673964926));
#7602=CARTESIAN_POINT('Ctrl Pts',(28.3658482427243,131.616954992203,-63.9348220473939));
#7603=CARTESIAN_POINT('Ctrl Pts',(28.3235860579733,131.599243878852,-64.0352667625451));
#7604=CARTESIAN_POINT('Ctrl Pts',(28.2791124949569,131.581696165719,-64.1347847890101));
#7605=CARTESIAN_POINT('Ctrl Pts',(28.2322941303926,131.56433481841,-64.2332458823679));
#7606=CARTESIAN_POINT('Ctrl Pts',(28.1740598421788,131.54407239894,-64.3481597735294));
#7607=CARTESIAN_POINT('Ctrl Pts',(28.1122174123275,131.524143153313,-64.4611841419359));
#7608=CARTESIAN_POINT('Ctrl Pts',(28.0557629809048,131.506153924333,-64.563206129194));
#7609=CARTESIAN_POINT('Ctrl Pts',(27.9964911496398,131.488432281938,-64.6637105575227));
#7610=CARTESIAN_POINT('Ctrl Pts',(27.9347985677889,131.470960243978,-64.7627994087581));
#7611=CARTESIAN_POINT('Ctrl Pts',(27.8710665872227,131.45371132422,-64.8606228937905));
#7612=CARTESIAN_POINT('Ctrl Pts',(27.8056514216301,131.436654402598,-64.957357503285));
#7613=CARTESIAN_POINT('Ctrl Pts',(27.7389007999677,131.419756888883,-65.0531880656125));
#7614=CARTESIAN_POINT('Ctrl Pts',(27.6600774452898,131.40018915183,-65.1641622170111));
#7615=CARTESIAN_POINT('Ctrl Pts',(27.5801719731631,131.380754002988,-65.2743844233028));
#7616=CARTESIAN_POINT('Ctrl Pts',(27.5571053438906,131.375174966273,-65.3060247127937));
#7617=CARTESIAN_POINT('Ctrl Pts',(27.5339991419392,131.369601100536,-65.3376356762131));
#7618=CARTESIAN_POINT('Ctrl Pts',(27.5108063093135,131.364038107801,-65.3691849757773));
#7619=CARTESIAN_POINT('Ctrl Pts',(27.4605384212434,131.3520194274,-65.4373462994305));
#7620=CARTESIAN_POINT('Ctrl Pts',(27.3769171911079,131.332193724317,-65.5497834488841));
#7621=CARTESIAN_POINT('Ctrl Pts',(27.2926784731831,131.312447844687,-65.6617678970448));
#7622=CARTESIAN_POINT('Ctrl Pts',(27.2317066421192,131.298255857082,-65.7422546583316));
#7623=CARTESIAN_POINT('Ctrl Pts',(27.1705329923674,131.284090506663,-65.8225903526284));
#7624=CARTESIAN_POINT('Ctrl Pts',(27.1092078579003,131.26994510932,-65.9028128874123));
#7625=CARTESIAN_POINT('Ctrl Pts',(27.047792088295,131.255811721362,-65.9829673135892));
#7626=CARTESIAN_POINT('Ctrl Pts',(26.9863441963091,131.241682592189,-66.0630975869956));
#7627=CARTESIAN_POINT('Ctrl Pts',(26.9526107458528,131.233926030553,-66.1070872339815));
#7628=CARTESIAN_POINT('',(28.7873009765488,133.175423086978,-55.0963102750377));
#7629=CARTESIAN_POINT('',(28.7873009765488,133.175423086978,-55.0963102750377));
#7630=CARTESIAN_POINT('',(30.9994633596588,133.175423086978,-55.0963102750377));
#7631=CARTESIAN_POINT('',(30.9994633596588,133.175423086978,-55.0963102750377));
#7632=CARTESIAN_POINT('',(30.9994633596588,129.046221521267,-78.5141760441944));
#7633=CARTESIAN_POINT('',(30.9994633596588,129.046221521267,-78.5141760441944));
#7634=CARTESIAN_POINT('',(28.7873009764048,129.046221521267,-78.5141760441944));
#7635=CARTESIAN_POINT('',(28.7873009764048,129.046221521267,-78.5141760441944));
#7636=CARTESIAN_POINT('',(28.7873009764048,131.007006243263,-67.3940132981539));
#7637=CARTESIAN_POINT('',(28.7873009764048,131.007006243263,-67.3940132981539));
#7638=CARTESIAN_POINT('',(26.9526051748158,130.420128794321,-70.7223607046825));
#7639=CARTESIAN_POINT('Ctrl Pts',(26.9526051748158,130.420128794321,-70.7223607046825));
#7640=CARTESIAN_POINT('Ctrl Pts',(26.960012458541,130.4273554619,-70.6813762362232));
#7641=CARTESIAN_POINT('Ctrl Pts',(26.9674197864936,130.434582005504,-70.6403924708639));
#7642=CARTESIAN_POINT('Ctrl Pts',(26.9751042027046,130.441799813406,-70.5994582481316));
#7643=CARTESIAN_POINT('Ctrl Pts',(26.9833438656654,130.448998389177,-70.5586330962359));
#7644=CARTESIAN_POINT('Ctrl Pts',(26.9924182833594,130.456168402938,-70.5179699275468));
#7645=CARTESIAN_POINT('Ctrl Pts',(27.0026188459287,130.463293624876,-70.4775607859086));
#7646=CARTESIAN_POINT('Ctrl Pts',(27.0222137746955,130.475211651538,-70.4099702979751));
#7647=CARTESIAN_POINT('Ctrl Pts',(27.0465503740864,130.48685968956,-70.3439109917054));
#7648=CARTESIAN_POINT('Ctrl Pts',(27.0624349320264,130.493928013209,-70.3038245362988));
#7649=CARTESIAN_POINT('Ctrl Pts',(27.0795050843266,130.500915627807,-70.264195804668));
#7650=CARTESIAN_POINT('Ctrl Pts',(27.0973269284601,130.507842458086,-70.22491179804));
#7651=CARTESIAN_POINT('Ctrl Pts',(27.115506498973,130.514743359523,-70.1857748411795));
#7652=CARTESIAN_POINT('Ctrl Pts',(27.1336525837758,130.521647295965,-70.1466206719504));
#7653=CARTESIAN_POINT('Ctrl Pts',(27.1513676739618,130.528584211341,-70.1072794698997));
#7654=CARTESIAN_POINT('Ctrl Pts',(27.1691040844384,130.535619201734,-70.0673820567802));
#7655=CARTESIAN_POINT('Ctrl Pts',(27.1861324992801,130.542706576403,-70.0271875576691));
#7656=CARTESIAN_POINT('Ctrl Pts',(27.2032918283729,130.550050050589,-69.9855406460258));
#7657=CARTESIAN_POINT('Ctrl Pts',(27.2198904490918,130.557432232186,-69.9436742137491));
#7658=CARTESIAN_POINT('Ctrl Pts',(27.2436966311506,130.568301903952,-69.8820292418766));
#7659=CARTESIAN_POINT('Ctrl Pts',(27.266987902975,130.579205054471,-69.82019440256));
#7660=CARTESIAN_POINT('Ctrl Pts',(27.2903118514937,130.590105441868,-69.7583752336861));
#7661=CARTESIAN_POINT('Ctrl Pts',(27.3141599662159,130.600971579142,-69.6967503069189));
#7662=CARTESIAN_POINT('Ctrl Pts',(27.3277144673369,130.607014397566,-69.6624797806489));
#7663=CARTESIAN_POINT('Ctrl Pts',(27.3416102258548,130.613033664564,-69.6283428211577));
#7664=CARTESIAN_POINT('Ctrl Pts',(27.3702341624848,130.625203983292,-69.5593215138153));
#7665=CARTESIAN_POINT('Ctrl Pts',(27.4006481820328,130.637245159759,-69.4910326086343));
#7666=CARTESIAN_POINT('Ctrl Pts',(27.4233429447588,130.645827492148,-69.4423597829849));
#7667=CARTESIAN_POINT('Ctrl Pts',(27.4468264814928,130.654346070374,-69.3940485251591));
#7668=CARTESIAN_POINT('Ctrl Pts',(27.4710355408208,130.662803072431,-69.3460864831465));
#7669=CARTESIAN_POINT('Ctrl Pts',(27.4959089037278,130.671201188759,-69.2984583987001));
#7670=CARTESIAN_POINT('Ctrl Pts',(27.5395846710018,130.685501392874,-69.2173579110835));
#7671=CARTESIAN_POINT('Ctrl Pts',(27.5848709401312,130.699648834928,-69.1371237801676));
#7672=CARTESIAN_POINT('Ctrl Pts',(27.6169221641977,130.709474673406,-69.0813986810459));
#7673=CARTESIAN_POINT('Ctrl Pts',(27.6495444366982,130.719244351854,-69.0259920812777));
#7674=CARTESIAN_POINT('Ctrl Pts',(27.6826050509585,130.728967673215,-68.9708483856213));
#7675=CARTESIAN_POINT('Ctrl Pts',(27.7158981254648,130.738667645055,-68.9158371116726));
#7676=CARTESIAN_POINT('Ctrl Pts',(27.7492495238789,130.748361219687,-68.8608621180949));
#7677=CARTESIAN_POINT('Ctrl Pts',(27.7824801190028,130.758067113779,-68.8058172573861));
#7678=CARTESIAN_POINT('Ctrl Pts',(27.8203190403837,130.76915434171,-68.7429384631938));
#7679=CARTESIAN_POINT('Ctrl Pts',(27.8578179481774,130.780276264605,-68.6798629040804));
#7680=CARTESIAN_POINT('Ctrl Pts',(27.8819854048346,130.787482183385,-68.6389961079065));
#7681=CARTESIAN_POINT('Ctrl Pts',(27.9060756282794,130.794695990474,-68.5980845749155));
#7682=CARTESIAN_POINT('Ctrl Pts',(27.9301463126413,130.801911733607,-68.557162062067));
#7683=CARTESIAN_POINT('Ctrl Pts',(27.9542224013867,130.80912709895,-68.516241691776));
#7684=CARTESIAN_POINT('Ctrl Pts',(27.9942011607932,130.821078254245,-68.4484633220272));
#7685=CARTESIAN_POINT('Ctrl Pts',(28.0344037354068,130.833007262016,-68.3808105571298));
#7686=CARTESIAN_POINT('Ctrl Pts',(28.0504000320458,130.8377335965,-68.3540061822972));
#7687=CARTESIAN_POINT('Ctrl Pts',(28.0664383125788,130.842455957454,-68.3272243424757));
#7688=CARTESIAN_POINT('Ctrl Pts',(28.0825686538028,130.84716872271,-68.3004969225595));
#7689=CARTESIAN_POINT('Ctrl Pts',(28.0987491205838,130.851876783614,-68.2737961823458));
#7690=CARTESIAN_POINT('Ctrl Pts',(28.1470730945813,130.865821447362,-68.1947120643552));
#7691=CARTESIAN_POINT('Ctrl Pts',(28.1963672543788,130.879663082332,-68.1162122515949));
#7692=CARTESIAN_POINT('Ctrl Pts',(28.2296224240468,130.888780790307,-68.0645031601201));
#7693=CARTESIAN_POINT('Ctrl Pts',(28.2635823934078,130.897820982169,-68.0132336843642));
#7694=CARTESIAN_POINT('Ctrl Pts',(28.2983804942598,130.906765033277,-67.9625094499221));
#7695=CARTESIAN_POINT('Ctrl Pts',(28.3341451057748,130.91559267969,-67.9124453793088));
#7696=CARTESIAN_POINT('Ctrl Pts',(28.3796213097964,130.926315108431,-67.8516354641293));
#7697=CARTESIAN_POINT('Ctrl Pts',(28.4502891089082,130.941964539405,-67.7628831307608));
#7698=CARTESIAN_POINT('Ctrl Pts',(28.4834361490874,130.949011588504,-67.7229173293242));
#7699=CARTESIAN_POINT('Ctrl Pts',(28.5295406243738,130.958472068214,-67.6692642827387));
#7700=CARTESIAN_POINT('Ctrl Pts',(28.5767287186917,130.967768513002,-67.6165415244244));
#7701=CARTESIAN_POINT('Ctrl Pts',(28.6247470260367,130.97693822205,-67.5645375202122));
#7702=CARTESIAN_POINT('Ctrl Pts',(28.6733268165433,130.98601689945,-67.5130497821276));
#7703=CARTESIAN_POINT('Ctrl Pts',(28.7222285061127,130.995044052282,-67.461854254386));
#7704=CARTESIAN_POINT('Ctrl Pts',(28.7612487745328,131.002218974739,-67.4211632470988));
#7705=CARTESIAN_POINT('Ctrl Pts',(28.7742748672088,131.004612607885,-67.4075882789538));
#7706=CARTESIAN_POINT('Ctrl Pts',(28.7873009764048,131.007006243263,-67.3940132981539));
#7707=CARTESIAN_POINT('',(26.9526107458528,129.046221521267,-78.5141760441944));
#7708=CARTESIAN_POINT('',(26.9526107458528,129.046221521267,-78.5141760441944));
#7709=CARTESIAN_POINT('',(24.8251197220198,129.046221521267,-78.5141760441944));
#7710=CARTESIAN_POINT('',(24.8251197220198,129.046221521267,-78.5141760441944));
#7711=CARTESIAN_POINT('',(24.8251197220198,133.175423086978,-55.0963102750377));
#7712=CARTESIAN_POINT('',(24.8251197220198,133.175423086978,-55.0963102750377));
#7713=CARTESIAN_POINT('',(26.9526107458528,133.175423086978,-55.0963102750377));
#7714=CARTESIAN_POINT('',(26.9526107458528,133.175423086978,-55.0963102750377));
#7715=CARTESIAN_POINT('',(26.9526107458528,131.233926030553,-66.1070872339815));
#7716=CARTESIAN_POINT('',(14.0632993510308,133.175423086978,-55.0963102750377));
#7717=CARTESIAN_POINT('',(14.0632993510308,129.046221521267,-78.5141760441944));
#7718=CARTESIAN_POINT('',(14.0632993510308,133.175423086978,-55.0963102750377));
#7719=CARTESIAN_POINT('',(16.3174649886718,133.175423086978,-55.0963102750377));
#7720=CARTESIAN_POINT('',(16.3174649886718,133.175423086978,-55.0963102750377));
#7721=CARTESIAN_POINT('',(16.3174649886718,129.046221521267,-78.5141760441944));
#7722=CARTESIAN_POINT('',(16.3174649886718,129.046221521267,-78.5141760441944));
#7723=CARTESIAN_POINT('',(14.0632993510308,129.046221521267,-78.5141760441944));
#7724=CARTESIAN_POINT('',(12.9188499414818,129.046221521267,-78.5141760441944));
#7725=CARTESIAN_POINT('',(12.9188499414818,129.437834686789,-76.2932274182452));
#7726=CARTESIAN_POINT('',(12.9188499414818,129.046221521267,-78.5141760441944));
#7727=CARTESIAN_POINT('',(8.87118845315283,129.046221521267,-78.5141760441944));
#7728=CARTESIAN_POINT('',(8.87118845315283,129.046221521267,-78.5141760441944));
#7729=CARTESIAN_POINT('',(8.87118845315283,133.175423086978,-55.0963102750377));
#7730=CARTESIAN_POINT('',(8.87118845315283,133.175423086978,-55.0963102750377));
#7731=CARTESIAN_POINT('',(11.1075017647478,133.175423086978,-55.0963102750377));
#7732=CARTESIAN_POINT('',(11.1075017647478,133.175423086978,-55.0963102750377));
#7733=CARTESIAN_POINT('',(11.1075017647478,129.437834686789,-76.2932274182452));
#7734=CARTESIAN_POINT('',(11.1075017647478,129.437834686789,-76.2932274182452));
#7735=CARTESIAN_POINT('',(12.9188499414818,129.437834686789,-76.2932274182452));
#7736=CARTESIAN_POINT('Origin',(-19.4329019680074,130.411962847774,-73.0721802821327));
#7737=CARTESIAN_POINT('',(-19.5237017183107,130.381018661953,-73.2476734806012));
#7738=CARTESIAN_POINT('',(-19.3366342435407,130.442404579434,-72.8995366428073));
#7739=CARTESIAN_POINT('Origin',(-19.4329019680074,130.411962847774,-73.0721802821327));
#7740=CARTESIAN_POINT('',(-19.5237017183107,130.381018661953,-73.2476734806012));
#7741=CARTESIAN_POINT('',(-19.3366342435407,130.442404579434,-72.8995366428073));
#7742=CARTESIAN_POINT('Origin',(-16.3274544579836,129.890134193939,-76.0316176395835));
#7743=CARTESIAN_POINT('',(-16.3951376650785,129.857453725246,-76.2169577875369));
#7744=CARTESIAN_POINT('',(-16.2513956429981,129.922254439867,-75.8494546728079));
#7745=CARTESIAN_POINT('Origin',(-16.3274544579836,129.890134193939,-76.0316176395835));
#7746=CARTESIAN_POINT('',(-16.3951376650785,129.857453725246,-76.2169577875369));
#7747=CARTESIAN_POINT('',(-16.2513956429981,129.922254439867,-75.8494546728079));
#7748=CARTESIAN_POINT('Origin',(-19.3062650623392,129.714599642327,-77.0271235508551));
#7749=CARTESIAN_POINT('',(-19.3732506107785,129.681875858037,-77.2127093537659));
#7750=CARTESIAN_POINT('',(-19.2258672358031,129.746399639943,-76.8467768025067));
#7751=CARTESIAN_POINT('Origin',(-19.3062650623392,129.714599642327,-77.0271235508551));
#7752=CARTESIAN_POINT('',(-19.3732506107785,129.681875858037,-77.2127093537659));
#7753=CARTESIAN_POINT('',(-19.2258672358031,129.746399639943,-76.8467768025067));
#7754=CARTESIAN_POINT('Origin',(-8.33083885019146,129.951345650754,-75.6844702173933));
#7755=CARTESIAN_POINT('',(-8.37132929885263,129.917335191763,-75.8773531151485));
#7756=CARTESIAN_POINT('',(-8.27527124437372,129.984707908821,-75.4952634497545));
#7757=CARTESIAN_POINT('Origin',(-8.33083885019146,129.951345650754,-75.6844702173933));
#7758=CARTESIAN_POINT('',(-8.37132929885263,129.917335191763,-75.8773531151485));
#7759=CARTESIAN_POINT('',(-8.27527124437372,129.984707908821,-75.4952634497545));
#7760=CARTESIAN_POINT('Origin',(-11.1547926867524,130.350764033758,-73.4192560034417));
#7761=CARTESIAN_POINT('',(-11.2185966827117,130.317849091489,-73.6059259171264));
#7762=CARTESIAN_POINT('',(-11.0782905087261,130.382852514647,-73.2372731851553));
#7763=CARTESIAN_POINT('Origin',(-11.1547926867524,130.350764033758,-73.4192560034417));
#7764=CARTESIAN_POINT('',(-11.2185966827118,130.317849091489,-73.6059259171264));
#7765=CARTESIAN_POINT('',(-11.0782905087261,130.382852514647,-73.2372731851553));
#7766=CARTESIAN_POINT('Origin',(-10.7362798331386,130.550007187846,-72.2892919259787));
#7767=CARTESIAN_POINT('',(-10.8042097099555,130.517342155418,-72.4745445305274));
#7768=CARTESIAN_POINT('',(-10.6595686237426,130.582080617528,-72.1073944673338));
#7769=CARTESIAN_POINT('Origin',(-10.7362798331386,130.550007187846,-72.2892919259787));
#7770=CARTESIAN_POINT('',(-10.8042097099555,130.517342155418,-72.4745445305274));
#7771=CARTESIAN_POINT('',(-10.6595686237426,130.582080617528,-72.1073944673338));
#7772=CARTESIAN_POINT('Origin',(-15.4898140163293,131.152680878235,-68.8713595825164));
#7773=CARTESIAN_POINT('',(-15.5806291992697,131.121738058043,-69.0468450361189));
#7774=CARTESIAN_POINT('',(-15.3916817364441,131.182942557488,-68.6997370711338));
#7775=CARTESIAN_POINT('Origin',(-15.4898140163293,131.152680878235,-68.8713595825164));
#7776=CARTESIAN_POINT('',(-15.5806291992697,131.121738058043,-69.0468450361189));
#7777=CARTESIAN_POINT('',(-15.3916817364441,131.182942557488,-68.6997370711338));
#7778=CARTESIAN_POINT('Origin',(-21.3324228911909,132.858698326721,-59.1960538429672));
#7779=CARTESIAN_POINT('',(-20.8858704510017,132.645256232293,-60.4065441126359));
#7780=CARTESIAN_POINT('',(-20.1686754281563,132.962298806508,-58.6085063254474));
#7781=CARTESIAN_POINT('Origin',(-21.3324228911909,132.858698326721,-59.1960538429672));
#7782=CARTESIAN_POINT('',(-20.1686754281563,132.568375705303,-58.5390470543806));
#7783=CARTESIAN_POINT('',(-20.1686754281563,132.962298806508,-58.6085063254474));
#7784=CARTESIAN_POINT('',(-20.8858704510017,132.251333131088,-60.3370848415692));
#7785=CARTESIAN_POINT('Origin',(-21.3324228911909,132.464775225516,-59.1265945719004));
#7786=CARTESIAN_POINT('',(-20.8858704510017,132.645256232293,-60.4065441126359));
#7787=CARTESIAN_POINT('Origin',(96.293,120.306342033577,-128.080495688379));
#7788=CARTESIAN_POINT('',(97.293,123.027631563259,-118.406066335924));
#7789=CARTESIAN_POINT('Origin',(5.90203775450383,131.699497304205,-65.7702095272399));
#7790=CARTESIAN_POINT('',(5.90203775450383,133.160422913921,-57.4848886770447));
#7791=CARTESIAN_POINT('',(5.90203775450383,133.160422913921,-57.4848886770447));
#7792=CARTESIAN_POINT('',(5.90203775450383,131.699497304205,-65.7702095272399));
#7793=CARTESIAN_POINT('',(5.90203775450383,131.699497304205,-65.7702095272399));
#7794=CARTESIAN_POINT('',(5.90203775450383,131.699497304205,-65.7702095272399));
#7795=CARTESIAN_POINT('Origin',(7.74903803216383,131.699497304205,-65.7702095272399));
#7796=CARTESIAN_POINT('',(7.74903803216383,131.699497304205,-65.7702095272399));
#7797=CARTESIAN_POINT('',(7.74903803216383,131.699497304205,-65.7702095272399));
#7798=CARTESIAN_POINT('',(7.74903803216383,131.699497304205,-65.7702095272399));
#7799=CARTESIAN_POINT('Origin',(7.74903803216383,131.28863509637,-68.100324896903));
#7800=CARTESIAN_POINT('',(7.74903803216383,131.28863509637,-68.100324896903));
#7801=CARTESIAN_POINT('',(7.74903803216383,131.28863509637,-68.100324896903));
#7802=CARTESIAN_POINT('',(7.74903803216383,131.28863509637,-68.100324896903));
#7803=CARTESIAN_POINT('Origin',(5.90203775450383,131.28863509637,-68.100324896903));
#7804=CARTESIAN_POINT('',(5.90203775450383,131.28863509637,-68.100324896903));
#7805=CARTESIAN_POINT('',(5.90203775450383,131.28863509637,-68.100324896903));
#7806=CARTESIAN_POINT('',(5.90203775450383,131.28863509637,-68.100324896903));
#7807=CARTESIAN_POINT('Origin',(5.90203775450384,129.440144622472,-78.5836353152612));
#7808=CARTESIAN_POINT('',(5.90203775450384,129.440144622472,-78.5836353152612));
#7809=CARTESIAN_POINT('',(5.90203775450384,129.440144622472,-78.5836353152612));
#7810=CARTESIAN_POINT('',(5.90203775450384,129.440144622472,-78.5836353152612));
#7811=CARTESIAN_POINT('Origin',(3.65727524457383,129.440144622472,-78.5836353152612));
#7812=CARTESIAN_POINT('',(3.65727524457383,129.440144622472,-78.5836353152612));
#7813=CARTESIAN_POINT('',(3.65727524457383,129.440144622472,-78.5836353152612));
#7814=CARTESIAN_POINT('',(3.65727524457383,129.440144622472,-78.5836353152612));
#7815=CARTESIAN_POINT('Origin',(3.65727524457383,133.569346188183,-55.1657695461045));
#7816=CARTESIAN_POINT('',(3.65727524457383,133.569346188183,-55.1657695461045));
#7817=CARTESIAN_POINT('',(3.65727524457383,133.569346188183,-55.1657695461045));
#7818=CARTESIAN_POINT('',(3.65727524457383,133.569346188183,-55.1657695461045));
#7819=CARTESIAN_POINT('Origin',(7.74903803216383,133.569346188183,-55.1657695461045));
#7820=CARTESIAN_POINT('',(7.74903803216383,133.569346188183,-55.1657695461045));
#7821=CARTESIAN_POINT('',(7.74903803216383,133.569346188183,-55.1657695461045));
#7822=CARTESIAN_POINT('',(7.74903803216383,133.569346188183,-55.1657695461045));
#7823=CARTESIAN_POINT('Origin',(7.74903803216383,133.160422913921,-57.4848886770447));
#7824=CARTESIAN_POINT('',(7.74903803216383,133.160422913921,-57.4848886770447));
#7825=CARTESIAN_POINT('',(7.74903803216383,133.160422913921,-57.4848886770447));
#7826=CARTESIAN_POINT('',(7.74903803216383,133.160422913921,-57.4848886770447));
#7827=CARTESIAN_POINT('Origin',(5.90203775450383,133.160422913921,-57.4848886770447));
#7828=CARTESIAN_POINT('',(5.90203775450383,133.160422913921,-57.4848886770447));
#7829=CARTESIAN_POINT('Origin',(6.79219070818864E-15,142.330055793152,-5.48131643649226));
#7830=CARTESIAN_POINT('Ctrl Pts',(32.1384927161229,133.569346940748,-55.1657652780954));
#7831=CARTESIAN_POINT('Ctrl Pts',(32.1384927161229,133.096639219302,-55.0824141528153));
#7832=CARTESIAN_POINT('Ctrl Pts',(32.1255621495926,133.567617795655,-55.1755717472255));
#7833=CARTESIAN_POINT('Ctrl Pts',(32.1255621495926,133.094910074209,-55.0922206219454));
#7834=CARTESIAN_POINT('Ctrl Pts',(32.1126316031658,133.565888656474,-55.1853781828288));
#7835=CARTESIAN_POINT('Ctrl Pts',(32.1126316031658,133.093180935028,-55.1020270575487));
#7836=CARTESIAN_POINT('Ctrl Pts',(32.0997440860529,133.564149944905,-55.1952389061376));
#7837=CARTESIAN_POINT('Ctrl Pts',(32.0997440860529,133.091442223459,-55.1118877808574));
#7838=CARTESIAN_POINT('Ctrl Pts',(32.086942290272,133.562392069691,-55.2052083118781));
#7839=CARTESIAN_POINT('Ctrl Pts',(32.086942290272,133.089684348246,-55.121857186598));
#7840=CARTESIAN_POINT('Ctrl Pts',(32.0533626929586,133.557655755217,-55.232069286047));
#7841=CARTESIAN_POINT('Ctrl Pts',(32.0533626929586,133.084948033772,-55.1487181607669));
#7842=CARTESIAN_POINT('Ctrl Pts',(32.0211300901598,133.55265037987,-55.260456180253));
#7843=CARTESIAN_POINT('Ctrl Pts',(32.0211300901598,133.079942658424,-55.1771050549729));
#7844=CARTESIAN_POINT('Ctrl Pts',(32.0018102397501,133.54938210398,-55.2789914938905));
#7845=CARTESIAN_POINT('Ctrl Pts',(32.0018102397501,133.076674382534,-55.1956403686104));
#7846=CARTESIAN_POINT('Ctrl Pts',(31.983579466176,133.545921947067,-55.298615018883));
#7847=CARTESIAN_POINT('Ctrl Pts',(31.983579466176,133.073214225622,-55.2152638936029));
#7848=CARTESIAN_POINT('Ctrl Pts',(31.9669103651922,133.542234371118,-55.3195283013255));
#7849=CARTESIAN_POINT('Ctrl Pts',(31.9669103651922,133.069526649672,-55.2361771760454));
#7850=CARTESIAN_POINT('Ctrl Pts',(31.9436514762085,133.536023989412,-55.3547491261853));
#7851=CARTESIAN_POINT('Ctrl Pts',(31.9436514762085,133.063316267966,-55.2713980009052));
#7852=CARTESIAN_POINT('Ctrl Pts',(31.9357569664416,133.533654593091,-55.368186640466));
#7853=CARTESIAN_POINT('Ctrl Pts',(31.9357569664416,133.060946871645,-55.2848355151859));
#7854=CARTESIAN_POINT('Ctrl Pts',(31.9285218404822,133.531221391399,-55.3819860129849));
#7855=CARTESIAN_POINT('Ctrl Pts',(31.9285218404822,133.058513669953,-55.2986348877048));
#7856=CARTESIAN_POINT('Ctrl Pts',(31.921900112327,133.528736838939,-55.396076610179));
#7857=CARTESIAN_POINT('Ctrl Pts',(31.921900112327,133.056029117493,-55.3127254848989));
#7858=CARTESIAN_POINT('Ctrl Pts',(31.9055440371256,133.521922955697,-55.4347200623286));
#7859=CARTESIAN_POINT('Ctrl Pts',(31.9055440371256,133.049215234252,-55.3513689370485));
#7860=CARTESIAN_POINT('Ctrl Pts',(31.8928759530654,133.514868648539,-55.4747270262659));
#7861=CARTESIAN_POINT('Ctrl Pts',(31.8928759530654,133.042160927093,-55.3913759009858));
#7862=CARTESIAN_POINT('Ctrl Pts',(31.8860899478872,133.510369214448,-55.5002445850242));
#7863=CARTESIAN_POINT('Ctrl Pts',(31.8860899478872,133.037661493002,-55.4168934597441));
#7864=CARTESIAN_POINT('Ctrl Pts',(31.8802442616355,133.505833236064,-55.52596939677));
#7865=CARTESIAN_POINT('Ctrl Pts',(31.8802442616355,133.033125514618,-55.4426182714898));
#7866=CARTESIAN_POINT('Ctrl Pts',(31.8740487673855,133.500327939297,-55.5571914862342));
#7867=CARTESIAN_POINT('Ctrl Pts',(31.8740487673855,133.027620217851,-55.473840360954));
#7868=CARTESIAN_POINT('Ctrl Pts',(31.8685895625436,133.494798390153,-55.5885511177669));
#7869=CARTESIAN_POINT('Ctrl Pts',(31.8685895625436,133.022090668707,-55.5051999924868));
#7870=CARTESIAN_POINT('Ctrl Pts',(31.8580357963805,133.483842287765,-55.6506862620501));
#7871=CARTESIAN_POINT('Ctrl Pts',(31.8580357963805,133.01113456632,-55.56733513677));
#7872=CARTESIAN_POINT('Ctrl Pts',(31.8504130522925,133.472803786071,-55.7132887160228));
#7873=CARTESIAN_POINT('Ctrl Pts',(31.8504130522925,133.000096064626,-55.6299375907427));
#7874=CARTESIAN_POINT('Ctrl Pts',(31.8457529074378,133.461712346177,-55.7761913974473));
#7875=CARTESIAN_POINT('Ctrl Pts',(31.8457529074378,132.989004624732,-55.6928402721672));
#7876=CARTESIAN_POINT('Ctrl Pts',(31.8429885380571,133.443864780728,-55.8774099709069));
#7877=CARTESIAN_POINT('Ctrl Pts',(31.8429885380571,132.971157059282,-55.7940588456268));
#7878=CARTESIAN_POINT('Ctrl Pts',(31.8470116784392,133.426989927746,-55.9731120178281));
#7879=CARTESIAN_POINT('Ctrl Pts',(31.8470116784392,132.954282206301,-55.8897608925479));
#7880=CARTESIAN_POINT('Ctrl Pts',(31.8572931384079,133.410210794952,-56.0682712085967));
#7881=CARTESIAN_POINT('Ctrl Pts',(31.8572931384079,132.937503073506,-55.9849200833166));
#7882=CARTESIAN_POINT('Ctrl Pts',(31.8700298330922,133.393472998463,-56.163195969523));
#7883=CARTESIAN_POINT('Ctrl Pts',(31.8700298330922,132.920765277017,-56.0798448442429));
#7884=CARTESIAN_POINT('Ctrl Pts',(31.8886365765046,133.376889033869,-56.2572483064231));
#7885=CARTESIAN_POINT('Ctrl Pts',(31.8886365765046,132.904181312423,-56.173897181143));
#7886=CARTESIAN_POINT('Ctrl Pts',(31.9126010018836,133.360518407029,-56.3500907447954));
#7887=CARTESIAN_POINT('Ctrl Pts',(31.9126010018836,132.887810685583,-56.2667396195152));
#7888=CARTESIAN_POINT('Ctrl Pts',(31.9288420306674,133.35076067551,-56.4054295901625));
#7889=CARTESIAN_POINT('Ctrl Pts',(31.9288420306674,132.878052954064,-56.3220784648824));
#7890=CARTESIAN_POINT('Ctrl Pts',(31.9527781025015,133.337896483063,-56.4783860509059));
#7891=CARTESIAN_POINT('Ctrl Pts',(31.9527781025015,132.865188761618,-56.3950349256258));
#7892=CARTESIAN_POINT('Ctrl Pts',(31.9796558743863,133.325214753694,-56.5503077121213));
#7893=CARTESIAN_POINT('Ctrl Pts',(31.9796558743863,132.852507032248,-56.4669565868412));
#7894=CARTESIAN_POINT('Ctrl Pts',(31.9865214906382,133.322069601774,-56.5681447550215));
#7895=CARTESIAN_POINT('Ctrl Pts',(31.9865214906382,132.849361880329,-56.4847936297414));
#7896=CARTESIAN_POINT('Ctrl Pts',(31.9935737871613,133.318936999202,-56.5859106270396));
#7897=CARTESIAN_POINT('Ctrl Pts',(31.9935737871613,132.846229277756,-56.5025595017594));
#7898=CARTESIAN_POINT('Ctrl Pts',(32.0284362581501,133.303853009341,-56.6714561845048));
#7899=CARTESIAN_POINT('Ctrl Pts',(32.0284362581501,132.831145287895,-56.5881050592247));
#7900=CARTESIAN_POINT('Ctrl Pts',(32.0669425902187,133.289030561852,-56.755518461472));
#7901=CARTESIAN_POINT('Ctrl Pts',(32.0669425902187,132.816322840406,-56.6721673361919));
#7902=CARTESIAN_POINT('Ctrl Pts',(32.0991954415997,133.277416594132,-56.8213845454534));
#7903=CARTESIAN_POINT('Ctrl Pts',(32.0991954415997,132.804708872687,-56.7380334201732));
#7904=CARTESIAN_POINT('Ctrl Pts',(32.1326111852452,133.265906345836,-56.8866624073533));
#7905=CARTESIAN_POINT('Ctrl Pts',(32.1326111852452,132.793198624391,-56.8033112820732));
#7906=CARTESIAN_POINT('Ctrl Pts',(32.1835430404626,133.248779811907,-56.9837918078617));
#7907=CARTESIAN_POINT('Ctrl Pts',(32.1835430404626,132.776072090461,-56.9004406825816));
#7908=CARTESIAN_POINT('Ctrl Pts',(32.2347391363314,133.231677191673,-57.0807855870621));
#7909=CARTESIAN_POINT('Ctrl Pts',(32.2347391363314,132.758969470227,-56.997434461782));
#7910=CARTESIAN_POINT('Ctrl Pts',(32.2589271284322,133.223599045026,-57.1265990332793));
#7911=CARTESIAN_POINT('Ctrl Pts',(32.2589271284322,132.75089132358,-57.0432479079992));
#7912=CARTESIAN_POINT('Ctrl Pts',(32.2831629873684,133.215525234563,-57.1723878877732));
#7913=CARTESIAN_POINT('Ctrl Pts',(32.2831629873684,132.742817513117,-57.089036762493));
#7914=CARTESIAN_POINT('Ctrl Pts',(32.3158871265125,133.204620815222,-57.2342299229328));
#7915=CARTESIAN_POINT('Ctrl Pts',(32.3158871265125,132.731913093776,-57.1508787976527));
#7916=CARTESIAN_POINT('Ctrl Pts',(32.3486194141872,133.193717161808,-57.2960676143063));
#7917=CARTESIAN_POINT('Ctrl Pts',(32.3486194141872,132.721009440362,-57.2127164890262));
#7918=CARTESIAN_POINT('Ctrl Pts',(32.3898800699359,133.179965331263,-57.374058120866));
#7919=CARTESIAN_POINT('Ctrl Pts',(32.3898800699359,132.707257609817,-57.2907069955859));
#7920=CARTESIAN_POINT('Ctrl Pts',(32.4310906080028,133.166209015195,-57.4520740660862));
#7921=CARTESIAN_POINT('Ctrl Pts',(32.4310906080028,132.693501293749,-57.3687229408061));
#7922=CARTESIAN_POINT('Ctrl Pts',(32.4897557758326,133.146570496265,-57.5634496414545));
#7923=CARTESIAN_POINT('Ctrl Pts',(32.4897557758326,132.673862774819,-57.4800985161744));
#7924=CARTESIAN_POINT('Ctrl Pts',(32.548095404541,133.126902723397,-57.674991124155));
#7925=CARTESIAN_POINT('Ctrl Pts',(32.548095404541,132.654195001951,-57.5916399988749));
#7926=CARTESIAN_POINT('Ctrl Pts',(32.5976497442678,133.110039106268,-57.7706294493915));
#7927=CARTESIAN_POINT('Ctrl Pts',(32.5976497442678,132.637331384822,-57.6872783241113));
#7928=CARTESIAN_POINT('Ctrl Pts',(32.7194854994614,133.068072670934,-58.008632931137));
#7929=CARTESIAN_POINT('Ctrl Pts',(32.7194854994614,132.595364949488,-57.9252818058568));
#7930=CARTESIAN_POINT('Ctrl Pts',(32.8142816923479,133.034485998746,-58.1991124144949));
#7931=CARTESIAN_POINT('Ctrl Pts',(32.8142816923479,132.561778277301,-58.1157612892147));
#7932=CARTESIAN_POINT('Ctrl Pts',(32.9062838798382,133.000663936302,-58.3909268623359));
#7933=CARTESIAN_POINT('Ctrl Pts',(32.9062838798382,132.527956214856,-58.3075757370558));
#7934=CARTESIAN_POINT('Ctrl Pts',(32.9734292631655,132.97513036798,-58.5357349241524));
#7935=CARTESIAN_POINT('Ctrl Pts',(32.9734292631655,132.502422646534,-58.4523837988723));
#7936=CARTESIAN_POINT('Ctrl Pts',(33.1068235137592,132.922358576086,-58.8350186281078));
#7937=CARTESIAN_POINT('Ctrl Pts',(33.1068235137592,132.44965085464,-58.7516675028277));
#7938=CARTESIAN_POINT('Ctrl Pts',(33.2297247847364,132.868822770228,-59.1386352705711));
#7939=CARTESIAN_POINT('Ctrl Pts',(33.2297247847364,132.396115048782,-59.0552841452909));
#7940=CARTESIAN_POINT('Ctrl Pts',(33.2900317833265,132.841174750967,-59.295434979556));
#7941=CARTESIAN_POINT('Ctrl Pts',(33.2900317833265,132.368467029521,-59.2120838542759));
#7942=CARTESIAN_POINT('Ctrl Pts',(33.3476227160074,132.813352904022,-59.4532205143197));
#7943=CARTESIAN_POINT('Ctrl Pts',(33.3476227160074,132.340645182576,-59.3698693890396));
#7944=CARTESIAN_POINT('Ctrl Pts',(33.4574254564646,132.75738734739,-59.7706169581718));
#7945=CARTESIAN_POINT('Ctrl Pts',(33.4574254564646,132.284679625944,-59.6872658328916));
#7946=CARTESIAN_POINT('Ctrl Pts',(33.556560939419,132.700824929819,-60.0913983686186));
#7947=CARTESIAN_POINT('Ctrl Pts',(33.556560939419,132.228117208373,-60.0080472433384));
#7948=CARTESIAN_POINT('Ctrl Pts',(33.6034154208516,132.67240244421,-60.2525902945168));
#7949=CARTESIAN_POINT('Ctrl Pts',(33.6034154208516,132.199694722765,-60.1692391692367));
#7950=CARTESIAN_POINT('Ctrl Pts',(33.6475129719914,132.64384700271,-60.4145362507485));
#7951=CARTESIAN_POINT('Ctrl Pts',(33.6475129719914,132.171139281264,-60.3311851254684));
#7952=CARTESIAN_POINT('Ctrl Pts',(33.7301213722503,132.586480041075,-60.7398804573168));
#7953=CARTESIAN_POINT('Ctrl Pts',(33.7301213722503,132.113772319629,-60.6565293320367));
#7954=CARTESIAN_POINT('Ctrl Pts',(33.8013772726832,132.5286546505,-61.0678245435995));
#7955=CARTESIAN_POINT('Ctrl Pts',(33.8013772726832,132.055946929054,-60.9844734183194));
#7956=CARTESIAN_POINT('Ctrl Pts',(33.8336424766055,132.499613598917,-61.2325245314631));
#7957=CARTESIAN_POINT('Ctrl Pts',(33.8336424766055,132.026905877471,-61.149173406183));
#7958=CARTESIAN_POINT('Ctrl Pts',(33.8619799534492,132.470444869659,-61.3979486154058));
#7959=CARTESIAN_POINT('Ctrl Pts',(33.8619799534492,131.997737148213,-61.3145974901256));
#7960=CARTESIAN_POINT('Ctrl Pts',(33.9096140166708,132.411900714933,-61.7299690157461));
#7961=CARTESIAN_POINT('Ctrl Pts',(33.9096140166708,131.939192993487,-61.6466178904659));
#7962=CARTESIAN_POINT('Ctrl Pts',(33.9369026907514,132.352966202667,-62.0642032437078));
#7963=CARTESIAN_POINT('Ctrl Pts',(33.9369026907514,131.880258481221,-61.9808521184277));
#7964=CARTESIAN_POINT('Ctrl Pts',(33.946705842249,132.323475017804,-62.2314560642636));
#7965=CARTESIAN_POINT('Ctrl Pts',(33.946705842249,131.850767296358,-62.1481049389835));
#7966=CARTESIAN_POINT('Ctrl Pts',(33.953974054633,132.293967704414,-62.3988003542337));
#7967=CARTESIAN_POINT('Ctrl Pts',(33.953974054633,131.821259982969,-62.3154492289536));
#7968=CARTESIAN_POINT('Ctrl Pts',(33.9599735390636,132.264452385067,-62.5661900482518));
#7969=CARTESIAN_POINT('Ctrl Pts',(33.9599735390636,131.791744663621,-62.4828389229717));
#7970=CARTESIAN_POINT('Ctrl Pts',(33.9659730244929,132.234937067416,-62.7335797326418));
#7971=CARTESIAN_POINT('Ctrl Pts',(33.9659730244929,131.76222934597,-62.6502286073617));
#7972=CARTESIAN_POINT('',(33.9659730244929,132.234937067416,-62.7335797326418));
#7973=CARTESIAN_POINT('',(33.9659730244929,132.234937067416,-62.7335797326418));
#7974=CARTESIAN_POINT('',(32.1384927161229,133.569346940748,-55.1657652780954));
#7975=CARTESIAN_POINT('Ctrl Pts',(32.1384927161229,133.569346940748,-55.1657652780954));
#7976=CARTESIAN_POINT('Ctrl Pts',(32.1255621495926,133.567617795655,-55.1755717472255));
#7977=CARTESIAN_POINT('Ctrl Pts',(32.1126316031658,133.565888656474,-55.1853781828288));
#7978=CARTESIAN_POINT('Ctrl Pts',(32.0997440860529,133.564149944905,-55.1952389061376));
#7979=CARTESIAN_POINT('Ctrl Pts',(32.086942290272,133.562392069691,-55.2052083118781));
#7980=CARTESIAN_POINT('Ctrl Pts',(32.0533626929586,133.557655755217,-55.232069286047));
#7981=CARTESIAN_POINT('Ctrl Pts',(32.0211300901598,133.55265037987,-55.260456180253));
#7982=CARTESIAN_POINT('Ctrl Pts',(32.0018102397501,133.54938210398,-55.2789914938905));
#7983=CARTESIAN_POINT('Ctrl Pts',(31.983579466176,133.545921947067,-55.298615018883));
#7984=CARTESIAN_POINT('Ctrl Pts',(31.9669103651922,133.542234371118,-55.3195283013255));
#7985=CARTESIAN_POINT('Ctrl Pts',(31.9436514762085,133.536023989412,-55.3547491261853));
#7986=CARTESIAN_POINT('Ctrl Pts',(31.9357569664416,133.533654593091,-55.368186640466));
#7987=CARTESIAN_POINT('Ctrl Pts',(31.9285218404822,133.531221391399,-55.3819860129849));
#7988=CARTESIAN_POINT('Ctrl Pts',(31.921900112327,133.528736838939,-55.396076610179));
#7989=CARTESIAN_POINT('Ctrl Pts',(31.9055440371256,133.521922955697,-55.4347200623286));
#7990=CARTESIAN_POINT('Ctrl Pts',(31.8928759530654,133.514868648539,-55.4747270262659));
#7991=CARTESIAN_POINT('Ctrl Pts',(31.8860899478872,133.510369214448,-55.5002445850242));
#7992=CARTESIAN_POINT('Ctrl Pts',(31.8802442616355,133.505833236064,-55.52596939677));
#7993=CARTESIAN_POINT('Ctrl Pts',(31.8740487673855,133.500327939297,-55.5571914862342));
#7994=CARTESIAN_POINT('Ctrl Pts',(31.8685895625436,133.494798390153,-55.5885511177669));
#7995=CARTESIAN_POINT('Ctrl Pts',(31.8580357963805,133.483842287765,-55.6506862620501));
#7996=CARTESIAN_POINT('Ctrl Pts',(31.8504130522925,133.472803786071,-55.7132887160228));
#7997=CARTESIAN_POINT('Ctrl Pts',(31.8457529074378,133.461712346177,-55.7761913974473));
#7998=CARTESIAN_POINT('Ctrl Pts',(31.8429885380571,133.443864780728,-55.8774099709069));
#7999=CARTESIAN_POINT('Ctrl Pts',(31.8470116784392,133.426989927746,-55.9731120178281));
#8000=CARTESIAN_POINT('Ctrl Pts',(31.8572931384079,133.410210794952,-56.0682712085967));
#8001=CARTESIAN_POINT('Ctrl Pts',(31.8700298330922,133.393472998463,-56.163195969523));
#8002=CARTESIAN_POINT('Ctrl Pts',(31.8886365765046,133.376889033869,-56.2572483064231));
#8003=CARTESIAN_POINT('Ctrl Pts',(31.9126010018836,133.360518407029,-56.3500907447954));
#8004=CARTESIAN_POINT('Ctrl Pts',(31.9288420306674,133.35076067551,-56.4054295901625));
#8005=CARTESIAN_POINT('Ctrl Pts',(31.9527781025015,133.337896483063,-56.4783860509059));
#8006=CARTESIAN_POINT('Ctrl Pts',(31.9796558743863,133.325214753694,-56.5503077121213));
#8007=CARTESIAN_POINT('Ctrl Pts',(31.9865214906382,133.322069601774,-56.5681447550215));
#8008=CARTESIAN_POINT('Ctrl Pts',(31.9935737871613,133.318936999202,-56.5859106270396));
#8009=CARTESIAN_POINT('Ctrl Pts',(32.0284362581501,133.303853009341,-56.6714561845048));
#8010=CARTESIAN_POINT('Ctrl Pts',(32.0669425902187,133.289030561852,-56.755518461472));
#8011=CARTESIAN_POINT('Ctrl Pts',(32.0991954415997,133.277416594132,-56.8213845454534));
#8012=CARTESIAN_POINT('Ctrl Pts',(32.1326111852452,133.265906345836,-56.8866624073533));
#8013=CARTESIAN_POINT('Ctrl Pts',(32.1835430404626,133.248779811907,-56.9837918078617));
#8014=CARTESIAN_POINT('Ctrl Pts',(32.2347391363314,133.231677191673,-57.0807855870621));
#8015=CARTESIAN_POINT('Ctrl Pts',(32.2589271284322,133.223599045026,-57.1265990332793));
#8016=CARTESIAN_POINT('Ctrl Pts',(32.2831629873684,133.215525234563,-57.1723878877732));
#8017=CARTESIAN_POINT('Ctrl Pts',(32.3158871265125,133.204620815222,-57.2342299229328));
#8018=CARTESIAN_POINT('Ctrl Pts',(32.3486194141872,133.193717161808,-57.2960676143063));
#8019=CARTESIAN_POINT('Ctrl Pts',(32.3898800699359,133.179965331263,-57.374058120866));
#8020=CARTESIAN_POINT('Ctrl Pts',(32.4310906080028,133.166209015195,-57.4520740660862));
#8021=CARTESIAN_POINT('Ctrl Pts',(32.4897557758326,133.146570496265,-57.5634496414545));
#8022=CARTESIAN_POINT('Ctrl Pts',(32.548095404541,133.126902723397,-57.674991124155));
#8023=CARTESIAN_POINT('Ctrl Pts',(32.5976497442678,133.110039106268,-57.7706294493915));
#8024=CARTESIAN_POINT('Ctrl Pts',(32.7194854994614,133.068072670934,-58.008632931137));
#8025=CARTESIAN_POINT('Ctrl Pts',(32.8142816923479,133.034485998746,-58.1991124144949));
#8026=CARTESIAN_POINT('Ctrl Pts',(32.9062838798382,133.000663936302,-58.3909268623359));
#8027=CARTESIAN_POINT('Ctrl Pts',(32.9734292631655,132.97513036798,-58.5357349241524));
#8028=CARTESIAN_POINT('Ctrl Pts',(33.1068235137592,132.922358576086,-58.8350186281078));
#8029=CARTESIAN_POINT('Ctrl Pts',(33.2297247847364,132.868822770228,-59.1386352705711));
#8030=CARTESIAN_POINT('Ctrl Pts',(33.2900317833265,132.841174750967,-59.295434979556));
#8031=CARTESIAN_POINT('Ctrl Pts',(33.3476227160074,132.813352904022,-59.4532205143197));
#8032=CARTESIAN_POINT('Ctrl Pts',(33.4574254564646,132.75738734739,-59.7706169581718));
#8033=CARTESIAN_POINT('Ctrl Pts',(33.556560939419,132.700824929819,-60.0913983686186));
#8034=CARTESIAN_POINT('Ctrl Pts',(33.6034154208516,132.67240244421,-60.2525902945168));
#8035=CARTESIAN_POINT('Ctrl Pts',(33.6475129719914,132.64384700271,-60.4145362507485));
#8036=CARTESIAN_POINT('Ctrl Pts',(33.7301213722503,132.586480041075,-60.7398804573168));
#8037=CARTESIAN_POINT('Ctrl Pts',(33.8013772726832,132.5286546505,-61.0678245435995));
#8038=CARTESIAN_POINT('Ctrl Pts',(33.8336424766055,132.499613598917,-61.2325245314631));
#8039=CARTESIAN_POINT('Ctrl Pts',(33.8619799534492,132.470444869659,-61.3979486154058));
#8040=CARTESIAN_POINT('Ctrl Pts',(33.9096140166708,132.411900714933,-61.7299690157461));
#8041=CARTESIAN_POINT('Ctrl Pts',(33.9369026907514,132.352966202667,-62.0642032437078));
#8042=CARTESIAN_POINT('Ctrl Pts',(33.946705842249,132.323475017804,-62.2314560642636));
#8043=CARTESIAN_POINT('Ctrl Pts',(33.953974054633,132.293967704414,-62.3988003542337));
#8044=CARTESIAN_POINT('Ctrl Pts',(33.9599735390636,132.264452385067,-62.5661900482518));
#8045=CARTESIAN_POINT('Ctrl Pts',(33.9659730244929,132.234937067416,-62.7335797326418));
#8046=CARTESIAN_POINT('',(32.1384927161229,133.569346940748,-55.1657652780954));
#8047=CARTESIAN_POINT('Origin',(37.7977940642569,133.569346188192,-55.1657695460553));
#8048=CARTESIAN_POINT('',(37.7977940642569,133.569346188192,-55.1657695460553));
#8049=CARTESIAN_POINT('',(37.7977940642569,133.569346188192,-55.1657695460553));
#8050=CARTESIAN_POINT('',(37.7977940642569,133.569346188192,-55.1657695460553));
#8051=CARTESIAN_POINT('Ctrl Pts',(35.9679958973018,132.314164593493,-62.2842581043927));
#8052=CARTESIAN_POINT('Ctrl Pts',(35.9679958973018,131.841456872047,-62.2009069791125));
#8053=CARTESIAN_POINT('Ctrl Pts',(35.9671144040634,132.321293888874,-62.2438258611115));
#8054=CARTESIAN_POINT('Ctrl Pts',(35.9671144040634,131.848586167428,-62.1604747358313));
#8055=CARTESIAN_POINT('Ctrl Pts',(35.9662330126583,132.328423124429,-62.203393957116));
#8056=CARTESIAN_POINT('Ctrl Pts',(35.9662330126583,131.855715402983,-62.1200428318359));
#8057=CARTESIAN_POINT('Ctrl Pts',(35.9653883405393,132.335552497961,-62.1629612706188));
#8058=CARTESIAN_POINT('Ctrl Pts',(35.9653883405393,131.862844776515,-62.0796101453387));
#8059=CARTESIAN_POINT('Ctrl Pts',(35.9646172151096,132.342682134434,-62.1225270929097));
#8060=CARTESIAN_POINT('Ctrl Pts',(35.9646172151096,131.869974412988,-62.0391759676296));
#8061=CARTESIAN_POINT('Ctrl Pts',(35.9639566737168,132.349812085974,-62.0820911283656));
#8062=CARTESIAN_POINT('Ctrl Pts',(35.9639566737168,131.877104364528,-61.9987400030855));
#8063=CARTESIAN_POINT('Ctrl Pts',(35.9634439636577,132.356942331877,-62.041653494411));
#8064=CARTESIAN_POINT('Ctrl Pts',(35.9634439636577,131.884234610431,-61.9583023691309));
#8065=CARTESIAN_POINT('Ctrl Pts',(35.9624819765599,132.377890650274,-61.9228496771292));
#8066=CARTESIAN_POINT('Ctrl Pts',(35.9624819765599,131.905182928829,-61.839498551849));
#8067=CARTESIAN_POINT('Ctrl Pts',(35.9634447618965,132.398836618807,-61.8040591865958));
#8068=CARTESIAN_POINT('Ctrl Pts',(35.9634447618965,131.926128897361,-61.7207080613156));
#8069=CARTESIAN_POINT('Ctrl Pts',(35.9651924089366,132.412651484768,-61.7257111884314));
#8070=CARTESIAN_POINT('Ctrl Pts',(35.9651924089366,131.939943763322,-61.6423600631513));
#8071=CARTESIAN_POINT('Ctrl Pts',(35.9683329620812,132.426461616718,-61.6473900381743));
#8072=CARTESIAN_POINT('Ctrl Pts',(35.9683329620812,131.953753895273,-61.5640389128942));
#8073=CARTESIAN_POINT('Ctrl Pts',(35.9731532776392,132.440258949375,-61.5691414763215));
#8074=CARTESIAN_POINT('Ctrl Pts',(35.9731532776392,131.967551227929,-61.4857903510414));
#8075=CARTESIAN_POINT('Ctrl Pts',(35.9799431038952,132.454031130111,-61.4910355580954));
#8076=CARTESIAN_POINT('Ctrl Pts',(35.9799431038952,131.981323408665,-61.4076844328153));
#8077=CARTESIAN_POINT('Ctrl Pts',(35.9889868378935,132.467761613344,-61.4131661181612));
#8078=CARTESIAN_POINT('Ctrl Pts',(35.9889868378935,131.995053891898,-61.3298149928811));
#8079=CARTESIAN_POINT('Ctrl Pts',(36.015242753206,132.498795630698,-61.2371634597534));
#8080=CARTESIAN_POINT('Ctrl Pts',(36.015242753206,132.026087909252,-61.1538123344732));
#8081=CARTESIAN_POINT('Ctrl Pts',(36.0340226162878,132.516056257594,-61.1392735802385));
#8082=CARTESIAN_POINT('Ctrl Pts',(36.0340226162878,132.043348536149,-61.0559224549584));
#8083=CARTESIAN_POINT('Ctrl Pts',(36.0563010703678,132.533195282649,-61.0420733390392));
#8084=CARTESIAN_POINT('Ctrl Pts',(36.0563010703678,132.060487561203,-60.9587222137591));
#8085=CARTESIAN_POINT('Ctrl Pts',(36.081452464561,132.550209599189,-60.9455803549732));
#8086=CARTESIAN_POINT('Ctrl Pts',(36.081452464561,132.077501877743,-60.862229229693));
#8087=CARTESIAN_POINT('Ctrl Pts',(36.1168399686556,132.572006686579,-60.8219629295375));
#8088=CARTESIAN_POINT('Ctrl Pts',(36.1168399686556,132.099298965133,-60.7386118042574));
#8089=CARTESIAN_POINT('Ctrl Pts',(36.1551281902677,132.593652725536,-60.6992021423329));
#8090=CARTESIAN_POINT('Ctrl Pts',(36.1551281902677,132.120945004091,-60.6158510170528));
#8091=CARTESIAN_POINT('Ctrl Pts',(36.1951801124948,132.615198686004,-60.577008928445));
#8092=CARTESIAN_POINT('Ctrl Pts',(36.1951801124948,132.142490964559,-60.4936578031649));
#8093=CARTESIAN_POINT('Ctrl Pts',(36.2359062478715,132.636706510267,-60.4550319957261));
#8094=CARTESIAN_POINT('Ctrl Pts',(36.2359062478715,132.163998788821,-60.371680870446));
#8095=CARTESIAN_POINT('Ctrl Pts',(36.2450752282412,132.641535213489,-60.4276470589275));
#8096=CARTESIAN_POINT('Ctrl Pts',(36.2450752282412,132.168827492044,-60.3442959336474));
#8097=CARTESIAN_POINT('Ctrl Pts',(36.2542440169576,132.646363892457,-60.4002622596881));
#8098=CARTESIAN_POINT('Ctrl Pts',(36.2542440169576,132.173656171011,-60.316911134408));
#8099=CARTESIAN_POINT('Ctrl Pts',(36.2676878787232,132.653443463079,-60.3601120195277));
#8100=CARTESIAN_POINT('Ctrl Pts',(36.2676878787232,132.180735741633,-60.2767608942476));
#8101=CARTESIAN_POINT('Ctrl Pts',(36.2854285492504,132.662768886684,-60.3072249141769));
#8102=CARTESIAN_POINT('Ctrl Pts',(36.2854285492504,132.190061165238,-60.2238737888968));
#8103=CARTESIAN_POINT('Ctrl Pts',(36.2939900148168,132.667264460344,-60.2817292490068));
#8104=CARTESIAN_POINT('Ctrl Pts',(36.2939900148168,132.194556738898,-60.1983781237267));
#8105=CARTESIAN_POINT('Ctrl Pts',(36.3025610435232,132.671758309529,-60.2562433638257));
#8106=CARTESIAN_POINT('Ctrl Pts',(36.3025610435232,132.199050588083,-60.1728922385456));
#8107=CARTESIAN_POINT('Ctrl Pts',(36.3111389019155,132.676248315303,-60.2307792757071));
#8108=CARTESIAN_POINT('Ctrl Pts',(36.3111389019155,132.203540593858,-60.1474281504269));
#8109=CARTESIAN_POINT('Ctrl Pts',(36.3469868815316,132.694974920228,-60.1245754216545));
#8110=CARTESIAN_POINT('Ctrl Pts',(36.3469868815316,132.222267198782,-60.0412242963744));
#8111=CARTESIAN_POINT('Ctrl Pts',(36.383140721826,132.713683227295,-60.0184753399079));
#8112=CARTESIAN_POINT('Ctrl Pts',(36.383140721826,132.24097550585,-59.9351242146278));
#8113=CARTESIAN_POINT('Ctrl Pts',(36.4197619535075,132.732363719174,-59.9125330059368));
#8114=CARTESIAN_POINT('Ctrl Pts',(36.4197619535075,132.259655997728,-59.8291818806566));
#8115=CARTESIAN_POINT('Ctrl Pts',(36.4524639919837,132.748775816783,-59.8194553751418));
#8116=CARTESIAN_POINT('Ctrl Pts',(36.4524639919837,132.276068095337,-59.7361042498616));
#8117=CARTESIAN_POINT('Ctrl Pts',(36.48113559553,132.762927108143,-59.7391994137285));
#8118=CARTESIAN_POINT('Ctrl Pts',(36.48113559553,132.290219386697,-59.6558482884484));
#8119=CARTESIAN_POINT('Ctrl Pts',(36.5103003922988,132.777047968357,-59.6591160359212));
#8120=CARTESIAN_POINT('Ctrl Pts',(36.5103003922988,132.304340246911,-59.5757649106411));
#8121=CARTESIAN_POINT('Ctrl Pts',(36.5818234782333,132.810937377818,-59.4669196441669));
#8122=CARTESIAN_POINT('Ctrl Pts',(36.5818234782333,132.338229656372,-59.3835685188868));
#8123=CARTESIAN_POINT('Ctrl Pts',(36.6569811649398,132.844590911577,-59.2760609699953));
#8124=CARTESIAN_POINT('Ctrl Pts',(36.6569811649398,132.371883190131,-59.1927098447152));
#8125=CARTESIAN_POINT('Ctrl Pts',(36.7020930992455,132.864176496499,-59.1649855982996));
#8126=CARTESIAN_POINT('Ctrl Pts',(36.7020930992455,132.391468775053,-59.0816344730195));
#8127=CARTESIAN_POINT('Ctrl Pts',(36.7483514232238,132.883681723705,-59.0543659578549));
#8128=CARTESIAN_POINT('Ctrl Pts',(36.7483514232238,132.41097400226,-58.9710148325748));
#8129=CARTESIAN_POINT('Ctrl Pts',(36.7957114298229,132.90310703172,-58.9441995616706));
#8130=CARTESIAN_POINT('Ctrl Pts',(36.7957114298229,132.430399310274,-58.8608484363905));
#8131=CARTESIAN_POINT('Ctrl Pts',(36.8441298060522,132.92245307661,-58.8344826890073));
#8132=CARTESIAN_POINT('Ctrl Pts',(36.8441298060522,132.449745355164,-58.7511315637271));
#8133=CARTESIAN_POINT('Ctrl Pts',(36.9425997523592,132.960832474696,-58.616822306394));
#8134=CARTESIAN_POINT('Ctrl Pts',(36.9425997523592,132.48812475325,-58.5334711811139));
#8135=CARTESIAN_POINT('Ctrl Pts',(37.0449403502869,132.998905074115,-58.4009018654843));
#8136=CARTESIAN_POINT('Ctrl Pts',(37.0449403502869,132.526197352669,-58.3175507402042));
#8137=CARTESIAN_POINT('Ctrl Pts',(37.0967956600223,133.017791192286,-58.293793366854));
#8138=CARTESIAN_POINT('Ctrl Pts',(37.0967956600223,132.54508347084,-58.2104422415739));
#8139=CARTESIAN_POINT('Ctrl Pts',(37.1494788398269,133.036608053707,-58.187077642778));
#8140=CARTESIAN_POINT('Ctrl Pts',(37.1494788398269,132.563900332261,-58.1037265174979));
#8141=CARTESIAN_POINT('Ctrl Pts',(37.2029257350376,133.055359509795,-58.080732850774));
#8142=CARTESIAN_POINT('Ctrl Pts',(37.2029257350376,132.582651788349,-57.9973817254939));
#8143=CARTESIAN_POINT('Ctrl Pts',(37.2570732762082,133.074049697397,-57.9747355296205));
#8144=CARTESIAN_POINT('Ctrl Pts',(37.2570732762082,132.601341975951,-57.8913844043404));
#8145=CARTESIAN_POINT('Ctrl Pts',(37.3666480431231,133.111316466416,-57.763385180005));
#8146=CARTESIAN_POINT('Ctrl Pts',(37.3666480431231,132.638608744971,-57.6800340547249));
#8147=CARTESIAN_POINT('Ctrl Pts',(37.4785258779561,133.148374827153,-57.553216772496));
#8148=CARTESIAN_POINT('Ctrl Pts',(37.4785258779561,132.675667105707,-57.4698656472159));
#8149=CARTESIAN_POINT('Ctrl Pts',(37.5351674992942,133.166840137895,-57.4484947913893));
#8150=CARTESIAN_POINT('Ctrl Pts',(37.5351674992942,132.694132416449,-57.3651436661092));
#8151=CARTESIAN_POINT('Ctrl Pts',(37.5926396272304,133.185228875541,-57.344207077894));
#8152=CARTESIAN_POINT('Ctrl Pts',(37.5926396272304,132.712521154095,-57.2608559526138));
#8153=CARTESIAN_POINT('Ctrl Pts',(37.6510647696036,133.203527836597,-57.2404285127367));
#8154=CARTESIAN_POINT('Ctrl Pts',(37.6510647696036,132.730820115151,-57.1570773874566));
#8155=CARTESIAN_POINT('Ctrl Pts',(37.7105592352838,133.221723398895,-57.1372363510817));
#8156=CARTESIAN_POINT('Ctrl Pts',(37.7105592352838,132.749015677449,-57.0538852258016));
#8157=CARTESIAN_POINT('Ctrl Pts',(37.7712314148598,133.239801682479,-57.0347093100586));
#8158=CARTESIAN_POINT('Ctrl Pts',(37.7712314148598,132.767093961033,-56.9513581847785));
#8159=CARTESIAN_POINT('Ctrl Pts',(37.8371446406507,133.258897281449,-56.926412786788));
#8160=CARTESIAN_POINT('Ctrl Pts',(37.8371446406507,132.786189560003,-56.8430616615079));
#8161=CARTESIAN_POINT('Ctrl Pts',(37.8437917571002,133.260821172837,-56.9155018565338));
#8162=CARTESIAN_POINT('Ctrl Pts',(37.8437917571002,132.788113451391,-56.8321507312537));
#8163=CARTESIAN_POINT('Ctrl Pts',(37.8521640767911,133.263236772236,-56.9018023115774));
#8164=CARTESIAN_POINT('Ctrl Pts',(37.8521640767911,132.790529050791,-56.8184511862973));
#8165=CARTESIAN_POINT('Ctrl Pts',(37.8613997721839,133.265888791371,-56.886761963676));
#8166=CARTESIAN_POINT('Ctrl Pts',(37.8613997721839,132.793181069925,-56.8034108383959));
#8167=CARTESIAN_POINT('Ctrl Pts',(37.8706367623776,133.26854105648,-56.8717202207835));
#8168=CARTESIAN_POINT('Ctrl Pts',(37.8706367623776,132.795833335034,-56.7883690955034));
#8169=CARTESIAN_POINT('Ctrl Pts',(37.8790130447879,133.270957298154,-56.8580170333053));
#8170=CARTESIAN_POINT('Ctrl Pts',(37.8790130447879,132.798249576708,-56.7746659080251));
#8171=CARTESIAN_POINT('Ctrl Pts',(37.8856661583699,133.272882035389,-56.8471013060174));
#8172=CARTESIAN_POINT('Ctrl Pts',(37.8856661583699,132.800174313943,-56.7637501807373));
#8173=CARTESIAN_POINT('Ctrl Pts',(37.8956646751584,133.275778334506,-56.8306755774858));
#8174=CARTESIAN_POINT('Ctrl Pts',(37.8956646751584,132.803070613061,-56.7473244522057));
#8175=CARTESIAN_POINT('Ctrl Pts',(37.9016792764533,133.277526295283,-56.820762399311));
#8176=CARTESIAN_POINT('Ctrl Pts',(37.9016792764533,132.804818573837,-56.7374112740308));
#8177=CARTESIAN_POINT('Ctrl Pts',(37.9076740608062,133.279275858694,-56.8108401321445));
#8178=CARTESIAN_POINT('Ctrl Pts',(37.9076740608062,132.806568137249,-56.7274890068644));
#8179=CARTESIAN_POINT('Ctrl Pts',(37.9136444665993,133.281027352507,-56.8009069171284));
#8180=CARTESIAN_POINT('Ctrl Pts',(37.9136444665993,132.808319631061,-56.7175557918483));
#8181=CARTESIAN_POINT('Ctrl Pts',(37.9195859322137,133.282781104491,-56.7909608953847));
#8182=CARTESIAN_POINT('Ctrl Pts',(37.9195859322137,132.810073383045,-56.7076097701046));
#8183=CARTESIAN_POINT('Ctrl Pts',(37.9254938960296,133.284537442415,-56.7810002080454));
#8184=CARTESIAN_POINT('Ctrl Pts',(37.9254938960296,132.81182972097,-56.6976490827653));
#8185=CARTESIAN_POINT('Ctrl Pts',(37.931363796429,133.286296694045,-56.7710229962621));
#8186=CARTESIAN_POINT('Ctrl Pts',(37.931363796429,132.813588972599,-56.687671870982));
#8187=CARTESIAN_POINT('Ctrl Pts',(37.9517015705287,133.292447971341,-56.7361373691653));
#8188=CARTESIAN_POINT('Ctrl Pts',(37.9517015705287,132.819740249895,-56.6527862438852));
#8189=CARTESIAN_POINT('Ctrl Pts',(37.9659618698961,133.296861183407,-56.7111087998125));
#8190=CARTESIAN_POINT('Ctrl Pts',(37.9659618698961,132.824153461961,-56.6277576745324));
#8191=CARTESIAN_POINT('Ctrl Pts',(37.979905810698,133.301305317358,-56.6859048637304));
#8192=CARTESIAN_POINT('Ctrl Pts',(37.979905810698,132.828597595912,-56.6025537384503));
#8193=CARTESIAN_POINT('Ctrl Pts',(37.9934624077451,133.305786164438,-56.6604927171507));
#8194=CARTESIAN_POINT('Ctrl Pts',(37.9934624077451,132.833078442992,-56.5771415918706));
#8195=CARTESIAN_POINT('Ctrl Pts',(38.0104769313275,133.311662622005,-56.6271656701827));
#8196=CARTESIAN_POINT('Ctrl Pts',(38.0104769313275,132.83895490056,-56.5438145449026));
#8197=CARTESIAN_POINT('Ctrl Pts',(38.0265809164006,133.317616317366,-56.5934005859245));
#8198=CARTESIAN_POINT('Ctrl Pts',(38.0265809164006,132.84490859592,-56.5100494606443));
#8199=CARTESIAN_POINT('Ctrl Pts',(38.0415988130416,133.32365512626,-56.5591527988306));
#8200=CARTESIAN_POINT('Ctrl Pts',(38.0415988130416,132.850947404814,-56.4758016735504));
#8201=CARTESIAN_POINT('Ctrl Pts',(38.0553582000723,133.329780950602,-56.5244115226083));
#8202=CARTESIAN_POINT('Ctrl Pts',(38.0553582000723,132.857073229157,-56.4410603973282));
#8203=CARTESIAN_POINT('Ctrl Pts',(38.058458937211,133.331196946947,-56.516381008284));
#8204=CARTESIAN_POINT('Ctrl Pts',(38.058458937211,132.858489225501,-56.4330298830039));
#8205=CARTESIAN_POINT('Ctrl Pts',(38.0655317270339,133.334514187493,-56.4975680022811));
#8206=CARTESIAN_POINT('Ctrl Pts',(38.0655317270339,132.861806466048,-56.414216877001));
#8207=CARTESIAN_POINT('Ctrl Pts',(38.0722001975247,133.337856233331,-56.478614318484));
#8208=CARTESIAN_POINT('Ctrl Pts',(38.0722001975247,132.865148511885,-56.3952631932038));
#8209=CARTESIAN_POINT('Ctrl Pts',(38.0784801056241,133.341226547287,-56.4595003182168));
#8210=CARTESIAN_POINT('Ctrl Pts',(38.0784801056241,132.868518825841,-56.3761491929367));
#8211=CARTESIAN_POINT('Ctrl Pts',(38.0819439071767,133.343161932538,-56.4485242030285));
#8212=CARTESIAN_POINT('Ctrl Pts',(38.0819439071767,132.870454211092,-56.3651730777484));
#8213=CARTESIAN_POINT('Ctrl Pts',(38.0852820612051,133.345105388892,-56.4375023143422));
#8214=CARTESIAN_POINT('Ctrl Pts',(38.0852820612051,132.872397667446,-56.354151189062));
#8215=CARTESIAN_POINT('Ctrl Pts',(38.0884955536865,133.347056524244,-56.4264368758913));
#8216=CARTESIAN_POINT('Ctrl Pts',(38.0884955536865,132.874348802798,-56.3430857506112));
#8217=CARTESIAN_POINT('Ctrl Pts',(38.0915853705974,133.349014946491,-56.4153301114095));
#8218=CARTESIAN_POINT('Ctrl Pts',(38.0915853705974,132.876307225045,-56.3319789861294));
#8219=CARTESIAN_POINT('Ctrl Pts',(38.1069494137495,133.359191528946,-56.3576158443449));
#8220=CARTESIAN_POINT('Ctrl Pts',(38.1069494137495,132.8864838075,-56.2742647190648));
#8221=CARTESIAN_POINT('Ctrl Pts',(38.1171709565078,133.367500644614,-56.3104925077204));
#8222=CARTESIAN_POINT('Ctrl Pts',(38.1171709565078,132.894792923168,-56.2271413824403));
#8223=CARTESIAN_POINT('Ctrl Pts',(38.1253157952395,133.375883482092,-56.2629510739338));
#8224=CARTESIAN_POINT('Ctrl Pts',(38.1253157952395,132.903175760646,-56.1795999486537));
#8225=CARTESIAN_POINT('Ctrl Pts',(38.1314855775278,133.384319321604,-56.2151090506742));
#8226=CARTESIAN_POINT('Ctrl Pts',(38.1314855775278,132.911611600158,-56.1317579253941));
#8227=CARTESIAN_POINT('Ctrl Pts',(38.1357477549802,133.392788626702,-56.1670772346507));
#8228=CARTESIAN_POINT('Ctrl Pts',(38.1357477549802,132.920080905256,-56.0837261093706));
#8229=CARTESIAN_POINT('Ctrl Pts',(38.1381944671567,133.401276314018,-56.1189411678852));
#8230=CARTESIAN_POINT('Ctrl Pts',(38.1381944671567,132.928568592572,-56.035590042605));
#8231=CARTESIAN_POINT('Ctrl Pts',(38.1388656368307,133.409768208818,-56.0707812392876));
#8232=CARTESIAN_POINT('Ctrl Pts',(38.1388656368307,132.937060487373,-55.9874301140074));
#8233=CARTESIAN_POINT('Ctrl Pts',(38.1367623030619,133.426678232244,-55.9748797308642));
#8234=CARTESIAN_POINT('Ctrl Pts',(38.1367623030619,132.953970510798,-55.891528605584));
#8235=CARTESIAN_POINT('Ctrl Pts',(38.134017738602,133.435094921159,-55.9271463160423));
#8236=CARTESIAN_POINT('Ctrl Pts',(38.134017738602,132.962387199713,-55.8437951907622));
#8237=CARTESIAN_POINT('Ctrl Pts',(38.1296690868864,133.443492828288,-55.8795194180162));
#8238=CARTESIAN_POINT('Ctrl Pts',(38.1296690868864,132.970785106842,-55.796168292736));
#8239=CARTESIAN_POINT('Ctrl Pts',(38.1238364854525,133.451863684893,-55.832045931139));
#8240=CARTESIAN_POINT('Ctrl Pts',(38.1238364854525,132.979155963447,-55.7486948058589));
#8241=CARTESIAN_POINT('Ctrl Pts',(38.1166572040581,133.460202054016,-55.7847566899275));
#8242=CARTESIAN_POINT('Ctrl Pts',(38.1166572040581,132.98749433257,-55.7014055646474));
#8243=CARTESIAN_POINT('Ctrl Pts',(38.108276795,133.468505119647,-55.7376676647663));
#8244=CARTESIAN_POINT('Ctrl Pts',(38.108276795,132.995797398201,-55.6543165394862));
#8245=CARTESIAN_POINT('Ctrl Pts',(38.0961558042081,133.47912790384,-55.6774228619));
#8246=CARTESIAN_POINT('Ctrl Pts',(38.0961558042081,133.006420182394,-55.5940717366199));
#8247=CARTESIAN_POINT('Ctrl Pts',(38.0825225122735,133.489694649971,-55.6174958666746));
#8248=CARTESIAN_POINT('Ctrl Pts',(38.0825225122735,133.016986928525,-55.5341447413945));
#8249=CARTESIAN_POINT('Ctrl Pts',(38.0794357357857,133.492035136777,-55.6042223064));
#8250=CARTESIAN_POINT('Ctrl Pts',(38.0794357357857,133.019327415331,-55.5208711811199));
#8251=CARTESIAN_POINT('Ctrl Pts',(38.0762600221635,133.494371935493,-55.5909696623277));
#8252=CARTESIAN_POINT('Ctrl Pts',(38.0762600221635,133.021664214047,-55.5076185370476));
#8253=CARTESIAN_POINT('Ctrl Pts',(38.0730587069596,133.496708061112,-55.5777208355762));
#8254=CARTESIAN_POINT('Ctrl Pts',(38.0730587069596,133.024000339666,-55.4943697102961));
#8255=CARTESIAN_POINT('Ctrl Pts',(38.0697486989782,133.499039462299,-55.5644988024105));
#8256=CARTESIAN_POINT('Ctrl Pts',(38.0697486989782,133.026331740853,-55.4811476771304));
#8257=CARTESIAN_POINT('Ctrl Pts',(38.0647479325366,133.502542606295,-55.5446314855499));
#8258=CARTESIAN_POINT('Ctrl Pts',(38.0647479325366,133.02983488485,-55.4612803602698));
#8259=CARTESIAN_POINT('Ctrl Pts',(38.0595644838199,133.506039968741,-55.5247969574945));
#8260=CARTESIAN_POINT('Ctrl Pts',(38.0595644838199,133.033332247295,-55.4414458322144));
#8261=CARTESIAN_POINT('Ctrl Pts',(38.0578044101898,133.507210275126,-55.5181598201729));
#8262=CARTESIAN_POINT('Ctrl Pts',(38.0578044101898,133.03450255368,-55.4348086948928));
#8263=CARTESIAN_POINT('Ctrl Pts',(38.056015770518,133.508379282748,-55.5115300484959));
#8264=CARTESIAN_POINT('Ctrl Pts',(38.056015770518,133.035671561302,-55.4281789232158));
#8265=CARTESIAN_POINT('Ctrl Pts',(38.0541946913986,133.509546413534,-55.5049109208918));
#8266=CARTESIAN_POINT('Ctrl Pts',(38.0541946913986,133.036838692088,-55.4215597956117));
#8267=CARTESIAN_POINT('Ctrl Pts',(38.0523372994238,133.51071108941,-55.4983057157697));
#8268=CARTESIAN_POINT('Ctrl Pts',(38.0523372994238,133.038003367964,-55.4149545904896));
#8269=CARTESIAN_POINT('Ctrl Pts',(38.0504397211885,133.511872732305,-55.4917177115382));
#8270=CARTESIAN_POINT('Ctrl Pts',(38.0504397211885,133.039165010859,-55.4083665862581));
#8271=CARTESIAN_POINT('Ctrl Pts',(38.0425231230323,133.516594350438,-55.4649400844589));
#8272=CARTESIAN_POINT('Ctrl Pts',(38.0425231230323,133.043886628992,-55.3815889591787));
#8273=CARTESIAN_POINT('Ctrl Pts',(38.036114999084,133.520133340282,-55.4448694756994));
#8274=CARTESIAN_POINT('Ctrl Pts',(38.036114999084,133.047425618836,-55.3615183504193));
#8275=CARTESIAN_POINT('Ctrl Pts',(38.0291363866483,133.523642387735,-55.4249686786716));
#8276=CARTESIAN_POINT('Ctrl Pts',(38.0291363866483,133.05093466629,-55.3416175533914));
#8277=CARTESIAN_POINT('Ctrl Pts',(38.0214493306458,133.527110375526,-55.4053007425634));
#8278=CARTESIAN_POINT('Ctrl Pts',(38.0214493306458,133.05440265408,-55.3219496172833));
#8279=CARTESIAN_POINT('Ctrl Pts',(38.0129087367378,133.530519930681,-55.385964194398));
#8280=CARTESIAN_POINT('Ctrl Pts',(38.0129087367378,133.057812209236,-55.3026130691179));
#8281=CARTESIAN_POINT('Ctrl Pts',(38.0033661976189,133.533847763918,-55.3670911142621));
#8282=CARTESIAN_POINT('Ctrl Pts',(38.0033661976189,133.061140042473,-55.283739988982));
#8283=CARTESIAN_POINT('Ctrl Pts',(37.9926841545563,133.537065832808,-55.348840538675));
#8284=CARTESIAN_POINT('Ctrl Pts',(37.9926841545563,133.064358111362,-55.2654894133949));
#8285=CARTESIAN_POINT('Ctrl Pts',(37.977045903251,133.541102030547,-55.3259501238177));
#8286=CARTESIAN_POINT('Ctrl Pts',(37.977045903251,133.068394309101,-55.2425989985375));
#8287=CARTESIAN_POINT('Ctrl Pts',(37.973211783557,133.542045825392,-55.3205975972704));
#8288=CARTESIAN_POINT('Ctrl Pts',(37.973211783557,133.069338103946,-55.2372464719902));
#8289=CARTESIAN_POINT('Ctrl Pts',(37.9692616168346,133.542975190152,-55.3153269078062));
#8290=CARTESIAN_POINT('Ctrl Pts',(37.9692616168346,133.070267468706,-55.2319757825261));
#8291=CARTESIAN_POINT('Ctrl Pts',(37.9651992604263,133.543890622884,-55.3101352307959));
#8292=CARTESIAN_POINT('Ctrl Pts',(37.9651992604263,133.071182901438,-55.2267841055158));
#8293=CARTESIAN_POINT('Ctrl Pts',(37.9610288472853,133.544792642814,-55.3050196215619));
#8294=CARTESIAN_POINT('Ctrl Pts',(37.9610288472853,133.072084921369,-55.2216684962817));
#8295=CARTESIAN_POINT('Ctrl Pts',(37.9567547859696,133.545681790348,-55.2999770153191));
#8296=CARTESIAN_POINT('Ctrl Pts',(37.9567547859696,133.072974068902,-55.216625890039));
#8297=CARTESIAN_POINT('Ctrl Pts',(37.9523817606481,133.546558627057,-55.2950042272343));
#8298=CARTESIAN_POINT('Ctrl Pts',(37.9523817606481,133.073850905611,-55.2116531019542));
#8299=CARTESIAN_POINT('Ctrl Pts',(37.9315166547644,133.550599474109,-55.2720874448101));
#8300=CARTESIAN_POINT('Ctrl Pts',(37.9315166547644,133.077891752663,-55.18873631953));
#8301=CARTESIAN_POINT('Ctrl Pts',(37.9139806906699,133.553590854266,-55.2551224849105));
#8302=CARTESIAN_POINT('Ctrl Pts',(37.9139806906699,133.08088313282,-55.1717713596303));
#8303=CARTESIAN_POINT('Ctrl Pts',(37.8955797898593,133.556426158338,-55.2390426764743));
#8304=CARTESIAN_POINT('Ctrl Pts',(37.8955797898593,133.083718436892,-55.1556915511942));
#8305=CARTESIAN_POINT('Ctrl Pts',(37.8765589377979,133.559136127482,-55.2236736777383));
#8306=CARTESIAN_POINT('Ctrl Pts',(37.8765589377979,133.086428406036,-55.1403225524582));
#8307=CARTESIAN_POINT('Ctrl Pts',(37.8571239511277,133.561751740454,-55.2088397994431));
#8308=CARTESIAN_POINT('Ctrl Pts',(37.8571239511277,133.089044019008,-55.125488674163));
#8309=CARTESIAN_POINT('Ctrl Pts',(37.8374382928117,133.564303672357,-55.1943670744324));
#8310=CARTESIAN_POINT('Ctrl Pts',(37.8374382928117,133.091595950912,-55.1110159491523));
#8311=CARTESIAN_POINT('Ctrl Pts',(37.8176279056645,133.566823433468,-55.1800767990539));
#8312=CARTESIAN_POINT('Ctrl Pts',(37.8176279056645,133.094115712023,-55.0967256737738));
#8313=CARTESIAN_POINT('Ctrl Pts',(37.7977940642569,133.569346188192,-55.1657695460553));
#8314=CARTESIAN_POINT('Ctrl Pts',(37.7977940642569,133.096638466746,-55.0824184207752));
#8315=CARTESIAN_POINT('',(35.9679958973018,132.314164593493,-62.2842581043927));
#8316=CARTESIAN_POINT('Ctrl Pts',(35.9679958973018,132.314164593493,-62.2842581043927));
#8317=CARTESIAN_POINT('Ctrl Pts',(35.9671144040634,132.321293888874,-62.2438258611115));
#8318=CARTESIAN_POINT('Ctrl Pts',(35.9662330126583,132.328423124429,-62.203393957116));
#8319=CARTESIAN_POINT('Ctrl Pts',(35.9653883405393,132.335552497961,-62.1629612706188));
#8320=CARTESIAN_POINT('Ctrl Pts',(35.9646172151096,132.342682134434,-62.1225270929097));
#8321=CARTESIAN_POINT('Ctrl Pts',(35.9639566737168,132.349812085974,-62.0820911283656));
#8322=CARTESIAN_POINT('Ctrl Pts',(35.9634439636577,132.356942331877,-62.041653494411));
#8323=CARTESIAN_POINT('Ctrl Pts',(35.9624819765599,132.377890650274,-61.9228496771292));
#8324=CARTESIAN_POINT('Ctrl Pts',(35.9634447618965,132.398836618807,-61.8040591865958));
#8325=CARTESIAN_POINT('Ctrl Pts',(35.9651924089366,132.412651484768,-61.7257111884314));
#8326=CARTESIAN_POINT('Ctrl Pts',(35.9683329620812,132.426461616718,-61.6473900381743));
#8327=CARTESIAN_POINT('Ctrl Pts',(35.9731532776392,132.440258949375,-61.5691414763215));
#8328=CARTESIAN_POINT('Ctrl Pts',(35.9799431038952,132.454031130111,-61.4910355580954));
#8329=CARTESIAN_POINT('Ctrl Pts',(35.9889868378935,132.467761613344,-61.4131661181612));
#8330=CARTESIAN_POINT('Ctrl Pts',(36.015242753206,132.498795630698,-61.2371634597534));
#8331=CARTESIAN_POINT('Ctrl Pts',(36.0340226162878,132.516056257594,-61.1392735802385));
#8332=CARTESIAN_POINT('Ctrl Pts',(36.0563010703678,132.533195282649,-61.0420733390392));
#8333=CARTESIAN_POINT('Ctrl Pts',(36.081452464561,132.550209599189,-60.9455803549732));
#8334=CARTESIAN_POINT('Ctrl Pts',(36.1168399686556,132.572006686579,-60.8219629295375));
#8335=CARTESIAN_POINT('Ctrl Pts',(36.1551281902677,132.593652725536,-60.6992021423329));
#8336=CARTESIAN_POINT('Ctrl Pts',(36.1951801124948,132.615198686004,-60.577008928445));
#8337=CARTESIAN_POINT('Ctrl Pts',(36.2359062478715,132.636706510267,-60.4550319957261));
#8338=CARTESIAN_POINT('Ctrl Pts',(36.2450752282412,132.641535213489,-60.4276470589275));
#8339=CARTESIAN_POINT('Ctrl Pts',(36.2542440169576,132.646363892457,-60.4002622596881));
#8340=CARTESIAN_POINT('Ctrl Pts',(36.2676878787232,132.653443463079,-60.3601120195277));
#8341=CARTESIAN_POINT('Ctrl Pts',(36.2854285492504,132.662768886684,-60.3072249141769));
#8342=CARTESIAN_POINT('Ctrl Pts',(36.2939900148168,132.667264460344,-60.2817292490068));
#8343=CARTESIAN_POINT('Ctrl Pts',(36.3025610435232,132.671758309529,-60.2562433638257));
#8344=CARTESIAN_POINT('Ctrl Pts',(36.3111389019155,132.676248315303,-60.2307792757071));
#8345=CARTESIAN_POINT('Ctrl Pts',(36.3469868815316,132.694974920228,-60.1245754216545));
#8346=CARTESIAN_POINT('Ctrl Pts',(36.383140721826,132.713683227295,-60.0184753399079));
#8347=CARTESIAN_POINT('Ctrl Pts',(36.4197619535075,132.732363719174,-59.9125330059368));
#8348=CARTESIAN_POINT('Ctrl Pts',(36.4524639919837,132.748775816783,-59.8194553751418));
#8349=CARTESIAN_POINT('Ctrl Pts',(36.48113559553,132.762927108143,-59.7391994137285));
#8350=CARTESIAN_POINT('Ctrl Pts',(36.5103003922988,132.777047968357,-59.6591160359212));
#8351=CARTESIAN_POINT('Ctrl Pts',(36.5818234782333,132.810937377818,-59.4669196441669));
#8352=CARTESIAN_POINT('Ctrl Pts',(36.6569811649398,132.844590911577,-59.2760609699953));
#8353=CARTESIAN_POINT('Ctrl Pts',(36.7020930992455,132.864176496499,-59.1649855982996));
#8354=CARTESIAN_POINT('Ctrl Pts',(36.7483514232238,132.883681723705,-59.0543659578549));
#8355=CARTESIAN_POINT('Ctrl Pts',(36.7957114298229,132.90310703172,-58.9441995616706));
#8356=CARTESIAN_POINT('Ctrl Pts',(36.8441298060522,132.92245307661,-58.8344826890073));
#8357=CARTESIAN_POINT('Ctrl Pts',(36.9425997523592,132.960832474696,-58.616822306394));
#8358=CARTESIAN_POINT('Ctrl Pts',(37.0449403502869,132.998905074115,-58.4009018654843));
#8359=CARTESIAN_POINT('Ctrl Pts',(37.0967956600223,133.017791192286,-58.293793366854));
#8360=CARTESIAN_POINT('Ctrl Pts',(37.1494788398269,133.036608053707,-58.187077642778));
#8361=CARTESIAN_POINT('Ctrl Pts',(37.2029257350376,133.055359509795,-58.080732850774));
#8362=CARTESIAN_POINT('Ctrl Pts',(37.2570732762082,133.074049697397,-57.9747355296205));
#8363=CARTESIAN_POINT('Ctrl Pts',(37.3666480431231,133.111316466416,-57.763385180005));
#8364=CARTESIAN_POINT('Ctrl Pts',(37.4785258779561,133.148374827153,-57.553216772496));
#8365=CARTESIAN_POINT('Ctrl Pts',(37.5351674992942,133.166840137895,-57.4484947913893));
#8366=CARTESIAN_POINT('Ctrl Pts',(37.5926396272304,133.185228875541,-57.344207077894));
#8367=CARTESIAN_POINT('Ctrl Pts',(37.6510647696036,133.203527836597,-57.2404285127367));
#8368=CARTESIAN_POINT('Ctrl Pts',(37.7105592352838,133.221723398895,-57.1372363510817));
#8369=CARTESIAN_POINT('Ctrl Pts',(37.7712314148598,133.239801682479,-57.0347093100586));
#8370=CARTESIAN_POINT('Ctrl Pts',(37.8371446406507,133.258897281449,-56.926412786788));
#8371=CARTESIAN_POINT('Ctrl Pts',(37.8437917571002,133.260821172837,-56.9155018565338));
#8372=CARTESIAN_POINT('Ctrl Pts',(37.8521640767911,133.263236772236,-56.9018023115774));
#8373=CARTESIAN_POINT('Ctrl Pts',(37.8613997721839,133.265888791371,-56.886761963676));
#8374=CARTESIAN_POINT('Ctrl Pts',(37.8706367623776,133.26854105648,-56.8717202207835));
#8375=CARTESIAN_POINT('Ctrl Pts',(37.8790130447879,133.270957298154,-56.8580170333053));
#8376=CARTESIAN_POINT('Ctrl Pts',(37.8856661583699,133.272882035389,-56.8471013060174));
#8377=CARTESIAN_POINT('Ctrl Pts',(37.8956646751584,133.275778334506,-56.8306755774858));
#8378=CARTESIAN_POINT('Ctrl Pts',(37.9016792764533,133.277526295283,-56.820762399311));
#8379=CARTESIAN_POINT('Ctrl Pts',(37.9076740608062,133.279275858694,-56.8108401321445));
#8380=CARTESIAN_POINT('Ctrl Pts',(37.9136444665993,133.281027352507,-56.8009069171284));
#8381=CARTESIAN_POINT('Ctrl Pts',(37.9195859322137,133.282781104491,-56.7909608953847));
#8382=CARTESIAN_POINT('Ctrl Pts',(37.9254938960296,133.284537442415,-56.7810002080454));
#8383=CARTESIAN_POINT('Ctrl Pts',(37.931363796429,133.286296694045,-56.7710229962621));
#8384=CARTESIAN_POINT('Ctrl Pts',(37.9517015705287,133.292447971341,-56.7361373691653));
#8385=CARTESIAN_POINT('Ctrl Pts',(37.9659618698961,133.296861183407,-56.7111087998125));
#8386=CARTESIAN_POINT('Ctrl Pts',(37.979905810698,133.301305317358,-56.6859048637304));
#8387=CARTESIAN_POINT('Ctrl Pts',(37.9934624077451,133.305786164438,-56.6604927171507));
#8388=CARTESIAN_POINT('Ctrl Pts',(38.0104769313275,133.311662622005,-56.6271656701827));
#8389=CARTESIAN_POINT('Ctrl Pts',(38.0265809164006,133.317616317366,-56.5934005859245));
#8390=CARTESIAN_POINT('Ctrl Pts',(38.0415988130416,133.32365512626,-56.5591527988306));
#8391=CARTESIAN_POINT('Ctrl Pts',(38.0553582000723,133.329780950602,-56.5244115226083));
#8392=CARTESIAN_POINT('Ctrl Pts',(38.058458937211,133.331196946947,-56.516381008284));
#8393=CARTESIAN_POINT('Ctrl Pts',(38.0655317270339,133.334514187493,-56.4975680022811));
#8394=CARTESIAN_POINT('Ctrl Pts',(38.0722001975247,133.337856233331,-56.478614318484));
#8395=CARTESIAN_POINT('Ctrl Pts',(38.0784801056241,133.341226547287,-56.4595003182168));
#8396=CARTESIAN_POINT('Ctrl Pts',(38.0819439071767,133.343161932538,-56.4485242030285));
#8397=CARTESIAN_POINT('Ctrl Pts',(38.0852820612051,133.345105388892,-56.4375023143422));
#8398=CARTESIAN_POINT('Ctrl Pts',(38.0884955536865,133.347056524244,-56.4264368758913));
#8399=CARTESIAN_POINT('Ctrl Pts',(38.0915853705974,133.349014946491,-56.4153301114095));
#8400=CARTESIAN_POINT('Ctrl Pts',(38.1069494137495,133.359191528946,-56.3576158443449));
#8401=CARTESIAN_POINT('Ctrl Pts',(38.1171709565078,133.367500644614,-56.3104925077204));
#8402=CARTESIAN_POINT('Ctrl Pts',(38.1253157952395,133.375883482092,-56.2629510739338));
#8403=CARTESIAN_POINT('Ctrl Pts',(38.1314855775278,133.384319321604,-56.2151090506742));
#8404=CARTESIAN_POINT('Ctrl Pts',(38.1357477549802,133.392788626702,-56.1670772346507));
#8405=CARTESIAN_POINT('Ctrl Pts',(38.1381944671567,133.401276314018,-56.1189411678852));
#8406=CARTESIAN_POINT('Ctrl Pts',(38.1388656368307,133.409768208818,-56.0707812392876));
#8407=CARTESIAN_POINT('Ctrl Pts',(38.1367623030619,133.426678232244,-55.9748797308642));
#8408=CARTESIAN_POINT('Ctrl Pts',(38.134017738602,133.435094921159,-55.9271463160423));
#8409=CARTESIAN_POINT('Ctrl Pts',(38.1296690868864,133.443492828288,-55.8795194180162));
#8410=CARTESIAN_POINT('Ctrl Pts',(38.1238364854525,133.451863684893,-55.832045931139));
#8411=CARTESIAN_POINT('Ctrl Pts',(38.1166572040581,133.460202054016,-55.7847566899275));
#8412=CARTESIAN_POINT('Ctrl Pts',(38.108276795,133.468505119647,-55.7376676647663));
#8413=CARTESIAN_POINT('Ctrl Pts',(38.0961558042081,133.47912790384,-55.6774228619));
#8414=CARTESIAN_POINT('Ctrl Pts',(38.0825225122735,133.489694649971,-55.6174958666746));
#8415=CARTESIAN_POINT('Ctrl Pts',(38.0794357357857,133.492035136777,-55.6042223064));
#8416=CARTESIAN_POINT('Ctrl Pts',(38.0762600221635,133.494371935493,-55.5909696623277));
#8417=CARTESIAN_POINT('Ctrl Pts',(38.0730587069596,133.496708061112,-55.5777208355762));
#8418=CARTESIAN_POINT('Ctrl Pts',(38.0697486989782,133.499039462299,-55.5644988024105));
#8419=CARTESIAN_POINT('Ctrl Pts',(38.0647479325366,133.502542606295,-55.5446314855499));
#8420=CARTESIAN_POINT('Ctrl Pts',(38.0595644838199,133.506039968741,-55.5247969574945));
#8421=CARTESIAN_POINT('Ctrl Pts',(38.0578044101898,133.507210275126,-55.5181598201729));
#8422=CARTESIAN_POINT('Ctrl Pts',(38.056015770518,133.508379282748,-55.5115300484959));
#8423=CARTESIAN_POINT('Ctrl Pts',(38.0541946913986,133.509546413534,-55.5049109208918));
#8424=CARTESIAN_POINT('Ctrl Pts',(38.0523372994238,133.51071108941,-55.4983057157697));
#8425=CARTESIAN_POINT('Ctrl Pts',(38.0504397211885,133.511872732305,-55.4917177115382));
#8426=CARTESIAN_POINT('Ctrl Pts',(38.0425231230323,133.516594350438,-55.4649400844589));
#8427=CARTESIAN_POINT('Ctrl Pts',(38.036114999084,133.520133340282,-55.4448694756994));
#8428=CARTESIAN_POINT('Ctrl Pts',(38.0291363866483,133.523642387735,-55.4249686786716));
#8429=CARTESIAN_POINT('Ctrl Pts',(38.0214493306458,133.527110375526,-55.4053007425634));
#8430=CARTESIAN_POINT('Ctrl Pts',(38.0129087367378,133.530519930681,-55.385964194398));
#8431=CARTESIAN_POINT('Ctrl Pts',(38.0033661976189,133.533847763918,-55.3670911142621));
#8432=CARTESIAN_POINT('Ctrl Pts',(37.9926841545563,133.537065832808,-55.348840538675));
#8433=CARTESIAN_POINT('Ctrl Pts',(37.977045903251,133.541102030547,-55.3259501238177));
#8434=CARTESIAN_POINT('Ctrl Pts',(37.973211783557,133.542045825392,-55.3205975972704));
#8435=CARTESIAN_POINT('Ctrl Pts',(37.9692616168346,133.542975190152,-55.3153269078062));
#8436=CARTESIAN_POINT('Ctrl Pts',(37.9651992604263,133.543890622884,-55.3101352307959));
#8437=CARTESIAN_POINT('Ctrl Pts',(37.9610288472853,133.544792642814,-55.3050196215619));
#8438=CARTESIAN_POINT('Ctrl Pts',(37.9567547859696,133.545681790348,-55.2999770153191));
#8439=CARTESIAN_POINT('Ctrl Pts',(37.9523817606481,133.546558627057,-55.2950042272343));
#8440=CARTESIAN_POINT('Ctrl Pts',(37.9315166547644,133.550599474109,-55.2720874448101));
#8441=CARTESIAN_POINT('Ctrl Pts',(37.9139806906699,133.553590854266,-55.2551224849105));
#8442=CARTESIAN_POINT('Ctrl Pts',(37.8955797898593,133.556426158338,-55.2390426764743));
#8443=CARTESIAN_POINT('Ctrl Pts',(37.8765589377979,133.559136127482,-55.2236736777383));
#8444=CARTESIAN_POINT('Ctrl Pts',(37.8571239511277,133.561751740454,-55.2088397994431));
#8445=CARTESIAN_POINT('Ctrl Pts',(37.8374382928117,133.564303672357,-55.1943670744324));
#8446=CARTESIAN_POINT('Ctrl Pts',(37.8176279056645,133.566823433468,-55.1800767990539));
#8447=CARTESIAN_POINT('Ctrl Pts',(37.7977940642569,133.569346188192,-55.1657695460553));
#8448=CARTESIAN_POINT('',(35.9679958973018,132.314164593493,-62.2842581043927));
#8449=CARTESIAN_POINT('Origin',(35.9680049662698,129.897449308432,-75.99013156375));
#8450=CARTESIAN_POINT('',(35.9680049662698,129.897449308432,-75.99013156375));
#8451=CARTESIAN_POINT('',(35.9680049662698,129.897449308432,-75.99013156375));
#8452=CARTESIAN_POINT('',(35.9680049662698,129.897449308432,-75.99013156375));
#8453=CARTESIAN_POINT('Ctrl Pts',(33.9659494785808,129.893012990173,-76.0152911748346));
#8454=CARTESIAN_POINT('Ctrl Pts',(33.9659494785808,129.420305268728,-75.9319400495545));
#8455=CARTESIAN_POINT('Ctrl Pts',(33.9651184260554,129.889347594816,-76.0360786648862));
#8456=CARTESIAN_POINT('Ctrl Pts',(33.9651184260554,129.41663987337,-75.952727539606));
#8457=CARTESIAN_POINT('Ctrl Pts',(33.962667342159,129.878536339962,-76.0973923379861));
#8458=CARTESIAN_POINT('Ctrl Pts',(33.962667342159,129.405828618516,-76.0140412127059));
#8459=CARTESIAN_POINT('Ctrl Pts',(33.9603817670962,129.86772401264,-76.1587120933545));
#8460=CARTESIAN_POINT('Ctrl Pts',(33.9603817670962,129.395016291194,-76.0753609680744));
#8461=CARTESIAN_POINT('Ctrl Pts',(33.9587513408605,129.85690762857,-76.2200548556839));
#8462=CARTESIAN_POINT('Ctrl Pts',(33.9587513408605,129.384199907125,-76.1367037304038));
#8463=CARTESIAN_POINT('Ctrl Pts',(33.9582722630204,129.846088044871,-76.2814157640165));
#8464=CARTESIAN_POINT('Ctrl Pts',(33.9582722630204,129.373380323425,-76.1980646387364));
#8465=CARTESIAN_POINT('Ctrl Pts',(33.9594534886543,129.835263877738,-76.3428026662871));
#8466=CARTESIAN_POINT('Ctrl Pts',(33.9594534886543,129.362556156292,-76.259451541007));
#8467=CARTESIAN_POINT('Ctrl Pts',(33.9628340750591,129.824453803456,-76.4041096440302));
#8468=CARTESIAN_POINT('Ctrl Pts',(33.9628340750591,129.351746082011,-76.3207585187501));
#8469=CARTESIAN_POINT('Ctrl Pts',(33.9711356531636,129.809811715481,-76.4871490513657));
#8470=CARTESIAN_POINT('Ctrl Pts',(33.9711356531636,129.337103994035,-76.4037979260856));
#8471=CARTESIAN_POINT('Ctrl Pts',(33.9862067373627,129.792299678243,-76.58646474978));
#8472=CARTESIAN_POINT('Ctrl Pts',(33.9862067373627,129.319591956797,-76.5031136244999));
#8473=CARTESIAN_POINT('Ctrl Pts',(33.9978938322834,129.781931170066,-76.6452674816993));
#8474=CARTESIAN_POINT('Ctrl Pts',(33.9978938322834,129.30922344862,-76.5619163564191));
#8475=CARTESIAN_POINT('Ctrl Pts',(34.011812549449,129.771643633582,-76.7036110003316));
#8476=CARTESIAN_POINT('Ctrl Pts',(34.011812549449,129.298935912136,-76.6202598750515));
#8477=CARTESIAN_POINT('Ctrl Pts',(34.0274527091467,129.761437361133,-76.7614936477146));
#8478=CARTESIAN_POINT('Ctrl Pts',(34.0274527091467,129.288729639687,-76.6781425224345));
#8479=CARTESIAN_POINT('Ctrl Pts',(34.0443845202171,129.751293256768,-76.8190237223752));
#8480=CARTESIAN_POINT('Ctrl Pts',(34.0443845202171,129.278585535323,-76.7356725970951));
#8481=CARTESIAN_POINT('Ctrl Pts',(34.0674594020357,129.738198087282,-76.8932901190065));
#8482=CARTESIAN_POINT('Ctrl Pts',(34.0674594020357,129.265490365836,-76.8099389937264));
#8483=CARTESIAN_POINT('Ctrl Pts',(34.0953700851964,129.722909134213,-76.9799980805913));
#8484=CARTESIAN_POINT('Ctrl Pts',(34.0953700851964,129.250201412767,-76.8966469553112));
#8485=CARTESIAN_POINT('Ctrl Pts',(34.1165975044457,129.711336647707,-77.0456289129174));
#8486=CARTESIAN_POINT('Ctrl Pts',(34.1165975044457,129.238628926261,-76.9622777876373));
#8487=CARTESIAN_POINT('Ctrl Pts',(34.1262185577201,129.706117508619,-77.0752281215408));
#8488=CARTESIAN_POINT('Ctrl Pts',(34.1262185577201,129.233409787173,-76.9918769962607));
#8489=CARTESIAN_POINT('Ctrl Pts',(34.1456153792767,129.695576318057,-77.1350101839347));
#8490=CARTESIAN_POINT('Ctrl Pts',(34.1456153792767,129.222868596611,-77.0516590586546));
#8491=CARTESIAN_POINT('Ctrl Pts',(34.1650111178163,129.685035596316,-77.1947895875081));
#8492=CARTESIAN_POINT('Ctrl Pts',(34.1650111178163,129.21232787487,-77.111438462228));
#8493=CARTESIAN_POINT('Ctrl Pts',(34.1842385576423,129.674486136856,-77.2546185451538));
#8494=CARTESIAN_POINT('Ctrl Pts',(34.1842385576423,129.20177841541,-77.1712674198737));
#8495=CARTESIAN_POINT('Ctrl Pts',(34.2032152070716,129.663923409821,-77.3145227469484));
#8496=CARTESIAN_POINT('Ctrl Pts',(34.2032152070716,129.191215688376,-77.2311716216682));
#8497=CARTESIAN_POINT('Ctrl Pts',(34.216641260861,129.656343472512,-77.3575107076029));
#8498=CARTESIAN_POINT('Ctrl Pts',(34.216641260861,129.183635751067,-77.2741595823227));
#8499=CARTESIAN_POINT('Ctrl Pts',(34.2259956796694,129.650999462031,-77.3878180970895));
#8500=CARTESIAN_POINT('Ctrl Pts',(34.2259956796694,129.178291740585,-77.3044669718093));
#8501=CARTESIAN_POINT('Ctrl Pts',(34.2459557645221,129.639439960359,-77.453375288764));
#8502=CARTESIAN_POINT('Ctrl Pts',(34.2459557645221,129.166732238914,-77.3700241634839));
#8503=CARTESIAN_POINT('Ctrl Pts',(34.2652967175675,129.627849050022,-77.5191106078317));
#8504=CARTESIAN_POINT('Ctrl Pts',(34.2652967175675,129.155141328576,-77.4357594825515));
#8505=CARTESIAN_POINT('Ctrl Pts',(34.2755458107841,129.621615764911,-77.5544613243616));
#8506=CARTESIAN_POINT('Ctrl Pts',(34.2755458107841,129.148908043465,-77.4711101990814));
#8507=CARTESIAN_POINT('Ctrl Pts',(34.300849642443,129.606084274365,-77.6425447843277));
#8508=CARTESIAN_POINT('Ctrl Pts',(34.300849642443,129.133376552919,-77.5591936590476));
#8509=CARTESIAN_POINT('Ctrl Pts',(34.3258403055255,129.590537640101,-77.730714128582));
#8510=CARTESIAN_POINT('Ctrl Pts',(34.3258403055255,129.117829918655,-77.6473630033019));
#8511=CARTESIAN_POINT('Ctrl Pts',(34.3512773749459,129.575011458421,-77.8187674804704));
#8512=CARTESIAN_POINT('Ctrl Pts',(34.3512773749459,129.102303736976,-77.7354163551903));
#8513=CARTESIAN_POINT('Ctrl Pts',(34.3777641788774,129.559535655301,-77.90653512135));
#8514=CARTESIAN_POINT('Ctrl Pts',(34.3777641788774,129.086827933855,-77.8231839960698));
#8515=CARTESIAN_POINT('Ctrl Pts',(34.4060353486736,129.544152126529,-77.993779448398));
#8516=CARTESIAN_POINT('Ctrl Pts',(34.4060353486736,129.071444405083,-77.9104283231179));
#8517=CARTESIAN_POINT('Ctrl Pts',(34.4237091746042,129.534988185766,-78.0457507390401));
#8518=CARTESIAN_POINT('Ctrl Pts',(34.4237091746042,129.062280464321,-77.96239961376));
#8519=CARTESIAN_POINT('Ctrl Pts',(34.445577096991,129.524258004812,-78.1066046192082));
#8520=CARTESIAN_POINT('Ctrl Pts',(34.445577096991,129.051550283366,-78.0232534939281));
#8521=CARTESIAN_POINT('Ctrl Pts',(34.4758115445225,129.510419830823,-78.1850848037661));
#8522=CARTESIAN_POINT('Ctrl Pts',(34.4758115445225,129.037712109378,-78.101733678486));
#8523=CARTESIAN_POINT('Ctrl Pts',(34.4866070029385,129.505637816286,-78.2122049558752));
#8524=CARTESIAN_POINT('Ctrl Pts',(34.4866070029385,129.03293009484,-78.128853830595));
#8525=CARTESIAN_POINT('Ctrl Pts',(34.5020720961806,129.499080648151,-78.2493925043059));
#8526=CARTESIAN_POINT('Ctrl Pts',(34.5020720961806,129.026372926705,-78.1660413790258));
#8527=CARTESIAN_POINT('Ctrl Pts',(34.5185327055369,129.492595508184,-78.286171560698));
#8528=CARTESIAN_POINT('Ctrl Pts',(34.5185327055369,129.019887786738,-78.2028204354178));
#8529=CARTESIAN_POINT('Ctrl Pts',(34.5362732987468,129.48620925826,-78.3223897837863));
#8530=CARTESIAN_POINT('Ctrl Pts',(34.5362732987468,129.013501536814,-78.2390386585062));
#8531=CARTESIAN_POINT('Ctrl Pts',(34.5555855720172,129.479961758221,-78.3578211171787));
#8532=CARTESIAN_POINT('Ctrl Pts',(34.5555855720172,129.007254036775,-78.2744699918986));
#8533=CARTESIAN_POINT('Ctrl Pts',(34.5767577549864,129.473903152278,-78.392181178916));
#8534=CARTESIAN_POINT('Ctrl Pts',(34.5767577549864,129.001195430832,-78.3088300536358));
#8535=CARTESIAN_POINT('Ctrl Pts',(34.5997742986344,129.467945397598,-78.425969284718));
#8536=CARTESIAN_POINT('Ctrl Pts',(34.5997742986344,128.995237676152,-78.3426181594379));
#8537=CARTESIAN_POINT('Ctrl Pts',(34.6124183312222,129.464895901129,-78.4432638386005));
#8538=CARTESIAN_POINT('Ctrl Pts',(34.6124183312222,128.992188179683,-78.3599127133204));
#8539=CARTESIAN_POINT('Ctrl Pts',(34.6256910346776,129.46192867148,-78.4600918341631));
#8540=CARTESIAN_POINT('Ctrl Pts',(34.6256910346776,128.989220950034,-78.3767407088829));
#8541=CARTESIAN_POINT('Ctrl Pts',(34.6322278673296,129.460518752848,-78.4680878800684));
#8542=CARTESIAN_POINT('Ctrl Pts',(34.6322278673296,128.987811031402,-78.3847367547883));
#8543=CARTESIAN_POINT('Ctrl Pts',(34.638915068709,129.459130297252,-78.4759622030469));
#8544=CARTESIAN_POINT('Ctrl Pts',(34.638915068709,128.986422575806,-78.3926110777668));
#8545=CARTESIAN_POINT('Ctrl Pts',(34.659114143446,129.455100802572,-78.4988146029693));
#8546=CARTESIAN_POINT('Ctrl Pts',(34.659114143446,128.982393081126,-78.4154634776892));
#8547=CARTESIAN_POINT('Ctrl Pts',(34.6806054319424,129.45127161737,-78.520530991389));
#8548=CARTESIAN_POINT('Ctrl Pts',(34.6806054319424,128.978563895924,-78.4371798661089));
#8549=CARTESIAN_POINT('Ctrl Pts',(34.7033153861815,129.447658789295,-78.541020357564));
#8550=CARTESIAN_POINT('Ctrl Pts',(34.7033153861815,128.97495106785,-78.4576692322839));
#8551=CARTESIAN_POINT('Ctrl Pts',(34.7188389063701,129.445368126042,-78.5540113544282));
#8552=CARTESIAN_POINT('Ctrl Pts',(34.7188389063701,128.972660404596,-78.4706602291481));
#8553=CARTESIAN_POINT('Ctrl Pts',(34.7348438129554,129.443178944659,-78.5664268190055));
#8554=CARTESIAN_POINT('Ctrl Pts',(34.7348438129554,128.970471223213,-78.4830756937254));
#8555=CARTESIAN_POINT('Ctrl Pts',(34.7513024742187,129.441094097447,-78.5782505750971));
#8556=CARTESIAN_POINT('Ctrl Pts',(34.7513024742187,128.968386376001,-78.494899449817));
#8557=CARTESIAN_POINT('Ctrl Pts',(34.7790010693377,129.437849298014,-78.5966527471308));
#8558=CARTESIAN_POINT('Ctrl Pts',(34.7790010693377,128.965141576568,-78.5133016218507));
#8559=CARTESIAN_POINT('Ctrl Pts',(34.8077533408657,129.434896060674,-78.6134013883611));
#8560=CARTESIAN_POINT('Ctrl Pts',(34.8077533408657,128.962188339229,-78.530050263081));
#8561=CARTESIAN_POINT('Ctrl Pts',(34.8191409532079,129.433790626624,-78.6196706163962));
#8562=CARTESIAN_POINT('Ctrl Pts',(34.8191409532079,128.961082905178,-78.5363194911161));
#8563=CARTESIAN_POINT('Ctrl Pts',(34.830710113591,129.43274111915,-78.6256226690528));
#8564=CARTESIAN_POINT('Ctrl Pts',(34.830710113591,128.960033397704,-78.5422715437727));
#8565=CARTESIAN_POINT('Ctrl Pts',(34.8424530069042,129.431751539617,-78.6312348534669));
#8566=CARTESIAN_POINT('Ctrl Pts',(34.8424530069042,128.959043818171,-78.5478837281867));
#8567=CARTESIAN_POINT('Ctrl Pts',(34.865384839143,129.429983297103,-78.6412630550861));
#8568=CARTESIAN_POINT('Ctrl Pts',(34.865384839143,128.957275575657,-78.5579119298059));
#8569=CARTESIAN_POINT('Ctrl Pts',(34.8889887151395,129.428500875727,-78.6496702844864));
#8570=CARTESIAN_POINT('Ctrl Pts',(34.8889887151395,128.955793154281,-78.5663191592063));
#8571=CARTESIAN_POINT('Ctrl Pts',(34.9132255917993,129.427374097901,-78.6560605590854));
#8572=CARTESIAN_POINT('Ctrl Pts',(34.9132255917993,128.954666376455,-78.5727094338053));
#8573=CARTESIAN_POINT('Ctrl Pts',(34.9249872140862,129.426923697462,-78.658614906907));
#8574=CARTESIAN_POINT('Ctrl Pts',(34.9249872140862,128.954215976016,-78.5752637816269));
#8575=CARTESIAN_POINT('Ctrl Pts',(34.9368626605939,129.426572426744,-78.6606070621412));
#8576=CARTESIAN_POINT('Ctrl Pts',(34.9368626605939,128.953864705299,-78.5772559368611));
#8577=CARTESIAN_POINT('Ctrl Pts',(34.9488247316925,129.426329175063,-78.6619866109783));
#8578=CARTESIAN_POINT('Ctrl Pts',(34.9488247316925,128.953621453617,-78.5786354856981));
#8579=CARTESIAN_POINT('Ctrl Pts',(34.9608375401072,129.426201958614,-78.6627080913128));
#8580=CARTESIAN_POINT('Ctrl Pts',(34.9608375401072,128.953494237168,-78.5793569660326));
#8581=CARTESIAN_POINT('Ctrl Pts',(34.9926523982974,129.426188276008,-78.6627856892266));
#8582=CARTESIAN_POINT('Ctrl Pts',(34.9926523982974,128.953480554563,-78.5794345639465));
#8583=CARTESIAN_POINT('Ctrl Pts',(35.0124204171232,129.426512039661,-78.6609495343125));
#8584=CARTESIAN_POINT('Ctrl Pts',(35.0124204171232,128.953804318215,-78.5775984090323));
#8585=CARTESIAN_POINT('Ctrl Pts',(35.0319942644321,129.427137918816,-78.6573999972376));
#8586=CARTESIAN_POINT('Ctrl Pts',(35.0319942644321,128.95443019737,-78.5740488719574));
#8587=CARTESIAN_POINT('Ctrl Pts',(35.0512327684949,129.428037232253,-78.6522997372893));
#8588=CARTESIAN_POINT('Ctrl Pts',(35.0512327684949,128.955329510808,-78.5689486120092));
#8589=CARTESIAN_POINT('Ctrl Pts',(35.0700189109971,129.429184014419,-78.6457960124452));
#8590=CARTESIAN_POINT('Ctrl Pts',(35.0700189109971,128.956476292973,-78.5624448871651));
#8591=CARTESIAN_POINT('Ctrl Pts',(35.0882574134158,129.430556616845,-78.6380115972582));
#8592=CARTESIAN_POINT('Ctrl Pts',(35.0882574134158,128.957848895399,-78.5546604719781));
#8593=CARTESIAN_POINT('Ctrl Pts',(35.111268229518,129.432625250923,-78.62627979042));
#8594=CARTESIAN_POINT('Ctrl Pts',(35.111268229518,128.959917529477,-78.5429286651398));
#8595=CARTESIAN_POINT('Ctrl Pts',(35.1330899202731,129.435040405807,-78.6125827664328));
#8596=CARTESIAN_POINT('Ctrl Pts',(35.1330899202731,128.962332684362,-78.5292316411527));
#8597=CARTESIAN_POINT('Ctrl Pts',(35.1381379042485,129.435625656301,-78.6092636459502));
#8598=CARTESIAN_POINT('Ctrl Pts',(35.1381379042485,128.962917934855,-78.5259125206701));
#8599=CARTESIAN_POINT('Ctrl Pts',(35.1431122239021,129.436229537779,-78.6058388639003));
#8600=CARTESIAN_POINT('Ctrl Pts',(35.1431122239021,128.963521816333,-78.5224877386202));
#8601=CARTESIAN_POINT('Ctrl Pts',(35.1480106936139,129.436851630359,-78.60231080156));
#8602=CARTESIAN_POINT('Ctrl Pts',(35.1480106936139,128.964143908914,-78.5189596762799));
#8603=CARTESIAN_POINT('Ctrl Pts',(35.1570215994933,129.4380471133,-78.5955308808907));
#8604=CARTESIAN_POINT('Ctrl Pts',(35.1570215994933,128.965339391855,-78.5121797556106));
#8605=CARTESIAN_POINT('Ctrl Pts',(35.1657689875151,129.43930154347,-78.5884166538783));
#8606=CARTESIAN_POINT('Ctrl Pts',(35.1657689875151,128.966593822024,-78.5050655285982));
#8607=CARTESIAN_POINT('Ctrl Pts',(35.1742323255746,129.440605420574,-78.5810219993602));
#8608=CARTESIAN_POINT('Ctrl Pts',(35.1742323255746,128.967897699128,-78.49767087408));
#8609=CARTESIAN_POINT('Ctrl Pts',(35.1858890921686,129.442459854312,-78.5705049830152));
#8610=CARTESIAN_POINT('Ctrl Pts',(35.1858890921686,128.969752132866,-78.4871538577351));
#8611=CARTESIAN_POINT('Ctrl Pts',(35.1970347455294,129.44440558801,-78.559470178868));
#8612=CARTESIAN_POINT('Ctrl Pts',(35.1970347455294,128.971697866564,-78.4761190535879));
#8613=CARTESIAN_POINT('Ctrl Pts',(35.2077204327938,129.446432524219,-78.5479748523962));
#8614=CARTESIAN_POINT('Ctrl Pts',(35.2077204327938,128.973724802773,-78.4646237271161));
#8615=CARTESIAN_POINT('Ctrl Pts',(35.2179682296143,129.448524278154,-78.5361119263361));
#8616=CARTESIAN_POINT('Ctrl Pts',(35.2179682296143,128.975816556708,-78.452760801056));
#8617=CARTESIAN_POINT('Ctrl Pts',(35.2278323531259,129.45067005591,-78.523942615961));
#8618=CARTESIAN_POINT('Ctrl Pts',(35.2278323531259,128.977962334464,-78.4405914906809));
#8619=CARTESIAN_POINT('Ctrl Pts',(35.238408775327,129.453060700313,-78.5103845978213));
#8620=CARTESIAN_POINT('Ctrl Pts',(35.238408775327,128.980352978867,-78.4270334725411));
#8621=CARTESIAN_POINT('Ctrl Pts',(35.2486077654673,129.455499153536,-78.4965554423876));
#8622=CARTESIAN_POINT('Ctrl Pts',(35.2486077654673,128.98279143209,-78.4132043171075));
#8623=CARTESIAN_POINT('Ctrl Pts',(35.2585134054524,129.457977728476,-78.4824987453897));
#8624=CARTESIAN_POINT('Ctrl Pts',(35.2585134054524,128.98527000703,-78.3991476201096));
#8625=CARTESIAN_POINT('Ctrl Pts',(35.2657724020778,129.459823754409,-78.4720294120799));
#8626=CARTESIAN_POINT('Ctrl Pts',(35.2657724020778,128.987116032963,-78.3886782867998));
#8627=CARTESIAN_POINT('Ctrl Pts',(35.2729000574112,129.461684676362,-78.461475599238));
#8628=CARTESIAN_POINT('Ctrl Pts',(35.2729000574112,128.988976954916,-78.3781244739578));
#8629=CARTESIAN_POINT('Ctrl Pts',(35.2799284120591,129.463553413576,-78.4508774638534));
#8630=CARTESIAN_POINT('Ctrl Pts',(35.2799284120591,128.99084569213,-78.3675263385732));
#8631=CARTESIAN_POINT('Ctrl Pts',(35.2868422333077,129.465432647227,-78.4402198002132));
#8632=CARTESIAN_POINT('Ctrl Pts',(35.2868422333077,128.992724925781,-78.3568686749331));
#8633=CARTESIAN_POINT('Ctrl Pts',(35.3000371660461,129.469096424622,-78.4194414860796));
#8634=CARTESIAN_POINT('Ctrl Pts',(35.3000371660461,128.996388703176,-78.3360903607995));
#8635=CARTESIAN_POINT('Ctrl Pts',(35.3094105457625,129.471779215957,-78.4042266203541));
#8636=CARTESIAN_POINT('Ctrl Pts',(35.3094105457625,128.999071494512,-78.320875495074));
#8637=CARTESIAN_POINT('Ctrl Pts',(35.3185764780651,129.474483610365,-78.3888892375201));
#8638=CARTESIAN_POINT('Ctrl Pts',(35.3185764780651,129.001775888919,-78.30553811224));
#8639=CARTESIAN_POINT('Ctrl Pts',(35.3398032688711,129.480941047666,-78.352267290749));
#8640=CARTESIAN_POINT('Ctrl Pts',(35.3398032688711,129.008233326221,-78.2689161654689));
#8641=CARTESIAN_POINT('Ctrl Pts',(35.3571795166313,129.486572717502,-78.3203285039984));
#8642=CARTESIAN_POINT('Ctrl Pts',(35.3571795166313,129.013864996056,-78.2369773787182));
#8643=CARTESIAN_POINT('Ctrl Pts',(35.3736993098553,129.492281981394,-78.28794965948));
#8644=CARTESIAN_POINT('Ctrl Pts',(35.3736993098553,129.019574259949,-78.2045985341999));
#8645=CARTESIAN_POINT('Ctrl Pts',(35.3893701558412,129.498062600329,-78.2551661404111));
#8646=CARTESIAN_POINT('Ctrl Pts',(35.3893701558412,129.025354878883,-78.171815015131));
#8647=CARTESIAN_POINT('Ctrl Pts',(35.4042013715948,129.503908653694,-78.2220115242447));
#8648=CARTESIAN_POINT('Ctrl Pts',(35.4042013715948,129.031200932248,-78.1386603989646));
#8649=CARTESIAN_POINT('Ctrl Pts',(35.4138014124322,129.507869048044,-78.1995510117708));
#8650=CARTESIAN_POINT('Ctrl Pts',(35.4138014124322,129.035161326598,-78.1161998864907));
#8651=CARTESIAN_POINT('Ctrl Pts',(35.4291722646115,129.514510387742,-78.1618861026828));
#8652=CARTESIAN_POINT('Ctrl Pts',(35.4291722646115,129.041802666296,-78.0785349774027));
#8653=CARTESIAN_POINT('Ctrl Pts',(35.4435221199376,129.521219540626,-78.1238366059067));
#8654=CARTESIAN_POINT('Ctrl Pts',(35.4435221199376,129.04851181918,-78.0404854806266));
#8655=CARTESIAN_POINT('Ctrl Pts',(35.4490893548121,129.523912148955,-78.1085660652422));
#8656=CARTESIAN_POINT('Ctrl Pts',(35.4490893548121,129.051204427509,-78.025214939962));
#8657=CARTESIAN_POINT('Ctrl Pts',(35.4545063568922,129.526614019602,-78.0932429953653));
#8658=CARTESIAN_POINT('Ctrl Pts',(35.4545063568922,129.053906298156,-78.0098918700851));
#8659=CARTESIAN_POINT('Ctrl Pts',(35.4705955240229,129.53487898512,-78.0463700466829));
#8660=CARTESIAN_POINT('Ctrl Pts',(35.4705955240229,129.062171263674,-77.9630189214028));
#8661=CARTESIAN_POINT('Ctrl Pts',(35.4854283371029,129.543216199463,-77.9990873545492));
#8662=CARTESIAN_POINT('Ctrl Pts',(35.4854283371029,129.070508478017,-77.9157362292691));
#8663=CARTESIAN_POINT('Ctrl Pts',(35.4993470570939,129.551599767937,-77.9515417750786));
#8664=CARTESIAN_POINT('Ctrl Pts',(35.4993470570939,129.078892046492,-77.8681906497984));
#8665=CARTESIAN_POINT('Ctrl Pts',(35.5125505709444,129.560018542206,-77.903796533623));
#8666=CARTESIAN_POINT('Ctrl Pts',(35.5125505709444,129.087310820761,-77.8204454083429));
#8667=CARTESIAN_POINT('Ctrl Pts',(35.5212575218884,129.56568373737,-77.8716676152864));
#8668=CARTESIAN_POINT('Ctrl Pts',(35.5212575218884,129.092976015924,-77.7883164900062));
#8669=CARTESIAN_POINT('Ctrl Pts',(35.5298067393407,129.571356316369,-77.8394968211379));
#8670=CARTESIAN_POINT('Ctrl Pts',(35.5298067393407,129.098648594924,-77.7561456958578));
#8671=CARTESIAN_POINT('Ctrl Pts',(35.550087082723,129.584837908924,-77.7630389103818));
#8672=CARTESIAN_POINT('Ctrl Pts',(35.550087082723,129.112130187478,-77.6796877851016));
#8673=CARTESIAN_POINT('Ctrl Pts',(35.5706376350422,129.598306847772,-77.6866527623639));
#8674=CARTESIAN_POINT('Ctrl Pts',(35.5706376350422,129.125599126326,-77.6033016370838));
#8675=CARTESIAN_POINT('Ctrl Pts',(35.582618144936,129.606104191442,-77.64243182897));
#8676=CARTESIAN_POINT('Ctrl Pts',(35.582618144936,129.133396469996,-77.5590807036899));
#8677=CARTESIAN_POINT('Ctrl Pts',(35.5946730821297,129.613897967913,-77.598231126164));
#8678=CARTESIAN_POINT('Ctrl Pts',(35.5946730821297,129.141190246467,-77.5148800008839));
#8679=CARTESIAN_POINT('Ctrl Pts',(35.60679666501,129.621688446182,-77.5540491283891));
#8680=CARTESIAN_POINT('Ctrl Pts',(35.60679666501,129.148980724736,-77.470698003109));
#8681=CARTESIAN_POINT('Ctrl Pts',(35.6189830842191,129.629475903323,-77.5098842642856));
#8682=CARTESIAN_POINT('Ctrl Pts',(35.6189830842191,129.156768181877,-77.4265331390055));
#8683=CARTESIAN_POINT('Ctrl Pts',(35.647419389745,129.647556962388,-77.4073414827312));
#8684=CARTESIAN_POINT('Ctrl Pts',(35.647419389745,129.174849240942,-77.3239903574511));
#8685=CARTESIAN_POINT('Ctrl Pts',(35.6761343851629,129.665624652878,-77.3048745181319));
#8686=CARTESIAN_POINT('Ctrl Pts',(35.6761343851629,129.192916931432,-77.2215233928518));
#8687=CARTESIAN_POINT('Ctrl Pts',(35.6926100342041,129.67590746884,-77.2465577709127));
#8688=CARTESIAN_POINT('Ctrl Pts',(35.6926100342041,129.203199747394,-77.1632066456325));
#8689=CARTESIAN_POINT('Ctrl Pts',(35.7092411810132,129.686182870503,-77.188283072271));
#8690=CARTESIAN_POINT('Ctrl Pts',(35.7092411810132,129.213475149057,-77.1049319469908));
#8691=CARTESIAN_POINT('Ctrl Pts',(35.7260595412057,129.696449251563,-77.1300595320098));
#8692=CARTESIAN_POINT('Ctrl Pts',(35.7260595412057,129.223741530117,-77.0467084067297));
#8693=CARTESIAN_POINT('Ctrl Pts',(35.743096497913,129.706704945635,-77.0718966006718));
#8694=CARTESIAN_POINT('Ctrl Pts',(35.743096497913,129.233997224189,-76.9885454753917));
#8695=CARTESIAN_POINT('Ctrl Pts',(35.767773222996,129.721328798939,-76.9889606073004));
#8696=CARTESIAN_POINT('Ctrl Pts',(35.767773222996,129.248621077493,-76.9056094820202));
#8697=CARTESIAN_POINT('Ctrl Pts',(35.8027305467822,129.741530335258,-76.8743920016443));
#8698=CARTESIAN_POINT('Ctrl Pts',(35.8027305467822,129.268822613812,-76.7910408763642));
#8699=CARTESIAN_POINT('Ctrl Pts',(35.8201367979948,129.751501997722,-76.8178398936026));
#8700=CARTESIAN_POINT('Ctrl Pts',(35.8201367979948,129.278794276276,-76.7344887683225));
#8701=CARTESIAN_POINT('Ctrl Pts',(35.8373486980663,129.76148410907,-76.7612285269919));
#8702=CARTESIAN_POINT('Ctrl Pts',(35.8373486980663,129.288776387624,-76.6778774017118));
#8703=CARTESIAN_POINT('Ctrl Pts',(35.854047092677,129.771492097209,-76.7044704058045));
#8704=CARTESIAN_POINT('Ctrl Pts',(35.854047092677,129.298784375764,-76.6211192805244));
#8705=CARTESIAN_POINT('Ctrl Pts',(35.8699010260052,129.781543761372,-76.6474645855819));
#8706=CARTESIAN_POINT('Ctrl Pts',(35.8699010260052,129.308836039926,-76.5641134603018));
#8707=CARTESIAN_POINT('Ctrl Pts',(35.8845647518754,129.791649878512,-76.5901499471781));
#8708=CARTESIAN_POINT('Ctrl Pts',(35.8845647518754,129.318942157066,-76.506798821898));
#8709=CARTESIAN_POINT('Ctrl Pts',(35.9001387706084,129.803717766296,-76.5217095545879));
#8710=CARTESIAN_POINT('Ctrl Pts',(35.9001387706084,129.33101004485,-76.4383584293078));
#8711=CARTESIAN_POINT('Ctrl Pts',(35.9089914559326,129.811366658982,-76.4783305285581));
#8712=CARTESIAN_POINT('Ctrl Pts',(35.9089914559326,129.338658937536,-76.3949794032779));
#8713=CARTESIAN_POINT('Ctrl Pts',(35.9111357080741,129.81327853908,-76.4674877177188));
#8714=CARTESIAN_POINT('Ctrl Pts',(35.9111357080741,129.340570817634,-76.3841365924387));
#8715=CARTESIAN_POINT('Ctrl Pts',(35.9132155467423,129.815192577071,-76.4566326688566));
#8716=CARTESIAN_POINT('Ctrl Pts',(35.9132155467423,129.342484855625,-76.3732815435765));
#8717=CARTESIAN_POINT('Ctrl Pts',(35.9249577281698,129.82633617201,-76.3934342014772));
#8718=CARTESIAN_POINT('Ctrl Pts',(35.9249577281698,129.353628450564,-76.3100830761971));
#8719=CARTESIAN_POINT('Ctrl Pts',(35.9347011115576,129.837541877986,-76.3298834848946));
#8720=CARTESIAN_POINT('Ctrl Pts',(35.9347011115576,129.364834156541,-76.2465323596144));
#8721=CARTESIAN_POINT('Ctrl Pts',(35.9427731844092,129.848787102397,-76.2661086481347));
#8722=CARTESIAN_POINT('Ctrl Pts',(35.9427731844092,129.376079380952,-76.1827575228545));
#8723=CARTESIAN_POINT('Ctrl Pts',(35.9496281468138,129.860056426547,-76.2021971349636));
#8724=CARTESIAN_POINT('Ctrl Pts',(35.9496281468138,129.387348705102,-76.1188460096835));
#8725=CARTESIAN_POINT('Ctrl Pts',(35.9546460388399,129.869398069502,-76.1492180451109));
#8726=CARTESIAN_POINT('Ctrl Pts',(35.9546460388399,129.396690348056,-76.0658669198308));
#8727=CARTESIAN_POINT('Ctrl Pts',(35.959241139189,129.878746478513,-76.0962005830458));
#8728=CARTESIAN_POINT('Ctrl Pts',(35.959241139189,129.406038757067,-76.0128494577657));
#8729=CARTESIAN_POINT('Ctrl Pts',(35.9636230705259,129.888097864344,-76.0431662385938));
#8730=CARTESIAN_POINT('Ctrl Pts',(35.9636230705259,129.415390142898,-75.9598151133137));
#8731=CARTESIAN_POINT('Ctrl Pts',(35.9680049662698,129.897449308432,-75.99013156375));
#8732=CARTESIAN_POINT('Ctrl Pts',(35.9680049662698,129.424741586986,-75.9067804384699));
#8733=CARTESIAN_POINT('',(33.9659494785808,129.893012990173,-76.0152911748346));
#8734=CARTESIAN_POINT('Ctrl Pts',(33.9659494785808,129.893012990173,-76.0152911748346));
#8735=CARTESIAN_POINT('Ctrl Pts',(33.9651184260554,129.889347594816,-76.0360786648862));
#8736=CARTESIAN_POINT('Ctrl Pts',(33.962667342159,129.878536339962,-76.0973923379861));
#8737=CARTESIAN_POINT('Ctrl Pts',(33.9603817670962,129.86772401264,-76.1587120933545));
#8738=CARTESIAN_POINT('Ctrl Pts',(33.9587513408605,129.85690762857,-76.2200548556839));
#8739=CARTESIAN_POINT('Ctrl Pts',(33.9582722630204,129.846088044871,-76.2814157640165));
#8740=CARTESIAN_POINT('Ctrl Pts',(33.9594534886543,129.835263877738,-76.3428026662871));
#8741=CARTESIAN_POINT('Ctrl Pts',(33.9628340750591,129.824453803456,-76.4041096440302));
#8742=CARTESIAN_POINT('Ctrl Pts',(33.9711356531636,129.809811715481,-76.4871490513657));
#8743=CARTESIAN_POINT('Ctrl Pts',(33.9862067373627,129.792299678243,-76.58646474978));
#8744=CARTESIAN_POINT('Ctrl Pts',(33.9978938322834,129.781931170066,-76.6452674816993));
#8745=CARTESIAN_POINT('Ctrl Pts',(34.011812549449,129.771643633582,-76.7036110003316));
#8746=CARTESIAN_POINT('Ctrl Pts',(34.0274527091467,129.761437361133,-76.7614936477146));
#8747=CARTESIAN_POINT('Ctrl Pts',(34.0443845202171,129.751293256768,-76.8190237223752));
#8748=CARTESIAN_POINT('Ctrl Pts',(34.0674594020357,129.738198087282,-76.8932901190065));
#8749=CARTESIAN_POINT('Ctrl Pts',(34.0953700851964,129.722909134213,-76.9799980805913));
#8750=CARTESIAN_POINT('Ctrl Pts',(34.1165975044457,129.711336647707,-77.0456289129174));
#8751=CARTESIAN_POINT('Ctrl Pts',(34.1262185577201,129.706117508619,-77.0752281215408));
#8752=CARTESIAN_POINT('Ctrl Pts',(34.1456153792767,129.695576318057,-77.1350101839347));
#8753=CARTESIAN_POINT('Ctrl Pts',(34.1650111178163,129.685035596316,-77.1947895875081));
#8754=CARTESIAN_POINT('Ctrl Pts',(34.1842385576423,129.674486136856,-77.2546185451538));
#8755=CARTESIAN_POINT('Ctrl Pts',(34.2032152070716,129.663923409821,-77.3145227469484));
#8756=CARTESIAN_POINT('Ctrl Pts',(34.216641260861,129.656343472512,-77.3575107076029));
#8757=CARTESIAN_POINT('Ctrl Pts',(34.2259956796694,129.650999462031,-77.3878180970895));
#8758=CARTESIAN_POINT('Ctrl Pts',(34.2459557645221,129.639439960359,-77.453375288764));
#8759=CARTESIAN_POINT('Ctrl Pts',(34.2652967175675,129.627849050022,-77.5191106078317));
#8760=CARTESIAN_POINT('Ctrl Pts',(34.2755458107841,129.621615764911,-77.5544613243616));
#8761=CARTESIAN_POINT('Ctrl Pts',(34.300849642443,129.606084274365,-77.6425447843277));
#8762=CARTESIAN_POINT('Ctrl Pts',(34.3258403055255,129.590537640101,-77.730714128582));
#8763=CARTESIAN_POINT('Ctrl Pts',(34.3512773749459,129.575011458421,-77.8187674804704));
#8764=CARTESIAN_POINT('Ctrl Pts',(34.3777641788774,129.559535655301,-77.90653512135));
#8765=CARTESIAN_POINT('Ctrl Pts',(34.4060353486736,129.544152126529,-77.993779448398));
#8766=CARTESIAN_POINT('Ctrl Pts',(34.4237091746042,129.534988185766,-78.0457507390401));
#8767=CARTESIAN_POINT('Ctrl Pts',(34.445577096991,129.524258004812,-78.1066046192082));
#8768=CARTESIAN_POINT('Ctrl Pts',(34.4758115445225,129.510419830823,-78.1850848037661));
#8769=CARTESIAN_POINT('Ctrl Pts',(34.4866070029385,129.505637816286,-78.2122049558752));
#8770=CARTESIAN_POINT('Ctrl Pts',(34.5020720961806,129.499080648151,-78.2493925043059));
#8771=CARTESIAN_POINT('Ctrl Pts',(34.5185327055369,129.492595508184,-78.286171560698));
#8772=CARTESIAN_POINT('Ctrl Pts',(34.5362732987468,129.48620925826,-78.3223897837863));
#8773=CARTESIAN_POINT('Ctrl Pts',(34.5555855720172,129.479961758221,-78.3578211171787));
#8774=CARTESIAN_POINT('Ctrl Pts',(34.5767577549864,129.473903152278,-78.392181178916));
#8775=CARTESIAN_POINT('Ctrl Pts',(34.5997742986344,129.467945397598,-78.425969284718));
#8776=CARTESIAN_POINT('Ctrl Pts',(34.6124183312222,129.464895901129,-78.4432638386005));
#8777=CARTESIAN_POINT('Ctrl Pts',(34.6256910346776,129.46192867148,-78.4600918341631));
#8778=CARTESIAN_POINT('Ctrl Pts',(34.6322278673296,129.460518752848,-78.4680878800684));
#8779=CARTESIAN_POINT('Ctrl Pts',(34.638915068709,129.459130297252,-78.4759622030469));
#8780=CARTESIAN_POINT('Ctrl Pts',(34.659114143446,129.455100802572,-78.4988146029693));
#8781=CARTESIAN_POINT('Ctrl Pts',(34.6806054319424,129.45127161737,-78.520530991389));
#8782=CARTESIAN_POINT('Ctrl Pts',(34.7033153861815,129.447658789295,-78.541020357564));
#8783=CARTESIAN_POINT('Ctrl Pts',(34.7188389063701,129.445368126042,-78.5540113544282));
#8784=CARTESIAN_POINT('Ctrl Pts',(34.7348438129554,129.443178944659,-78.5664268190055));
#8785=CARTESIAN_POINT('Ctrl Pts',(34.7513024742187,129.441094097447,-78.5782505750971));
#8786=CARTESIAN_POINT('Ctrl Pts',(34.7790010693377,129.437849298014,-78.5966527471308));
#8787=CARTESIAN_POINT('Ctrl Pts',(34.8077533408657,129.434896060674,-78.6134013883611));
#8788=CARTESIAN_POINT('Ctrl Pts',(34.8191409532079,129.433790626624,-78.6196706163962));
#8789=CARTESIAN_POINT('Ctrl Pts',(34.830710113591,129.43274111915,-78.6256226690528));
#8790=CARTESIAN_POINT('Ctrl Pts',(34.8424530069042,129.431751539617,-78.6312348534669));
#8791=CARTESIAN_POINT('Ctrl Pts',(34.865384839143,129.429983297103,-78.6412630550861));
#8792=CARTESIAN_POINT('Ctrl Pts',(34.8889887151395,129.428500875727,-78.6496702844864));
#8793=CARTESIAN_POINT('Ctrl Pts',(34.9132255917993,129.427374097901,-78.6560605590854));
#8794=CARTESIAN_POINT('Ctrl Pts',(34.9249872140862,129.426923697462,-78.658614906907));
#8795=CARTESIAN_POINT('Ctrl Pts',(34.9368626605939,129.426572426744,-78.6606070621412));
#8796=CARTESIAN_POINT('Ctrl Pts',(34.9488247316925,129.426329175063,-78.6619866109783));
#8797=CARTESIAN_POINT('Ctrl Pts',(34.9608375401072,129.426201958614,-78.6627080913128));
#8798=CARTESIAN_POINT('Ctrl Pts',(34.9926523982974,129.426188276008,-78.6627856892266));
#8799=CARTESIAN_POINT('Ctrl Pts',(35.0124204171232,129.426512039661,-78.6609495343125));
#8800=CARTESIAN_POINT('Ctrl Pts',(35.0319942644321,129.427137918816,-78.6573999972376));
#8801=CARTESIAN_POINT('Ctrl Pts',(35.0512327684949,129.428037232253,-78.6522997372893));
#8802=CARTESIAN_POINT('Ctrl Pts',(35.0700189109971,129.429184014419,-78.6457960124452));
#8803=CARTESIAN_POINT('Ctrl Pts',(35.0882574134158,129.430556616845,-78.6380115972582));
#8804=CARTESIAN_POINT('Ctrl Pts',(35.111268229518,129.432625250923,-78.62627979042));
#8805=CARTESIAN_POINT('Ctrl Pts',(35.1330899202731,129.435040405807,-78.6125827664328));
#8806=CARTESIAN_POINT('Ctrl Pts',(35.1381379042485,129.435625656301,-78.6092636459502));
#8807=CARTESIAN_POINT('Ctrl Pts',(35.1431122239021,129.436229537779,-78.6058388639003));
#8808=CARTESIAN_POINT('Ctrl Pts',(35.1480106936139,129.436851630359,-78.60231080156));
#8809=CARTESIAN_POINT('Ctrl Pts',(35.1570215994933,129.4380471133,-78.5955308808907));
#8810=CARTESIAN_POINT('Ctrl Pts',(35.1657689875151,129.43930154347,-78.5884166538783));
#8811=CARTESIAN_POINT('Ctrl Pts',(35.1742323255746,129.440605420574,-78.5810219993602));
#8812=CARTESIAN_POINT('Ctrl Pts',(35.1858890921686,129.442459854312,-78.5705049830152));
#8813=CARTESIAN_POINT('Ctrl Pts',(35.1970347455294,129.44440558801,-78.559470178868));
#8814=CARTESIAN_POINT('Ctrl Pts',(35.2077204327938,129.446432524219,-78.5479748523962));
#8815=CARTESIAN_POINT('Ctrl Pts',(35.2179682296143,129.448524278154,-78.5361119263361));
#8816=CARTESIAN_POINT('Ctrl Pts',(35.2278323531259,129.45067005591,-78.523942615961));
#8817=CARTESIAN_POINT('Ctrl Pts',(35.238408775327,129.453060700313,-78.5103845978213));
#8818=CARTESIAN_POINT('Ctrl Pts',(35.2486077654673,129.455499153536,-78.4965554423876));
#8819=CARTESIAN_POINT('Ctrl Pts',(35.2585134054524,129.457977728476,-78.4824987453897));
#8820=CARTESIAN_POINT('Ctrl Pts',(35.2657724020778,129.459823754409,-78.4720294120799));
#8821=CARTESIAN_POINT('Ctrl Pts',(35.2729000574112,129.461684676362,-78.461475599238));
#8822=CARTESIAN_POINT('Ctrl Pts',(35.2799284120591,129.463553413576,-78.4508774638534));
#8823=CARTESIAN_POINT('Ctrl Pts',(35.2868422333077,129.465432647227,-78.4402198002132));
#8824=CARTESIAN_POINT('Ctrl Pts',(35.3000371660461,129.469096424622,-78.4194414860796));
#8825=CARTESIAN_POINT('Ctrl Pts',(35.3094105457625,129.471779215957,-78.4042266203541));
#8826=CARTESIAN_POINT('Ctrl Pts',(35.3185764780651,129.474483610365,-78.3888892375201));
#8827=CARTESIAN_POINT('Ctrl Pts',(35.3398032688711,129.480941047666,-78.352267290749));
#8828=CARTESIAN_POINT('Ctrl Pts',(35.3571795166313,129.486572717502,-78.3203285039984));
#8829=CARTESIAN_POINT('Ctrl Pts',(35.3736993098553,129.492281981394,-78.28794965948));
#8830=CARTESIAN_POINT('Ctrl Pts',(35.3893701558412,129.498062600329,-78.2551661404111));
#8831=CARTESIAN_POINT('Ctrl Pts',(35.4042013715948,129.503908653694,-78.2220115242447));
#8832=CARTESIAN_POINT('Ctrl Pts',(35.4138014124322,129.507869048044,-78.1995510117708));
#8833=CARTESIAN_POINT('Ctrl Pts',(35.4291722646115,129.514510387742,-78.1618861026828));
#8834=CARTESIAN_POINT('Ctrl Pts',(35.4435221199376,129.521219540626,-78.1238366059067));
#8835=CARTESIAN_POINT('Ctrl Pts',(35.4490893548121,129.523912148955,-78.1085660652422));
#8836=CARTESIAN_POINT('Ctrl Pts',(35.4545063568922,129.526614019602,-78.0932429953653));
#8837=CARTESIAN_POINT('Ctrl Pts',(35.4705955240229,129.53487898512,-78.0463700466829));
#8838=CARTESIAN_POINT('Ctrl Pts',(35.4854283371029,129.543216199463,-77.9990873545492));
#8839=CARTESIAN_POINT('Ctrl Pts',(35.4993470570939,129.551599767937,-77.9515417750786));
#8840=CARTESIAN_POINT('Ctrl Pts',(35.5125505709444,129.560018542206,-77.903796533623));
#8841=CARTESIAN_POINT('Ctrl Pts',(35.5212575218884,129.56568373737,-77.8716676152864));
#8842=CARTESIAN_POINT('Ctrl Pts',(35.5298067393407,129.571356316369,-77.8394968211379));
#8843=CARTESIAN_POINT('Ctrl Pts',(35.550087082723,129.584837908924,-77.7630389103818));
#8844=CARTESIAN_POINT('Ctrl Pts',(35.5706376350422,129.598306847772,-77.6866527623639));
#8845=CARTESIAN_POINT('Ctrl Pts',(35.582618144936,129.606104191442,-77.64243182897));
#8846=CARTESIAN_POINT('Ctrl Pts',(35.5946730821297,129.613897967913,-77.598231126164));
#8847=CARTESIAN_POINT('Ctrl Pts',(35.60679666501,129.621688446182,-77.5540491283891));
#8848=CARTESIAN_POINT('Ctrl Pts',(35.6189830842191,129.629475903323,-77.5098842642856));
#8849=CARTESIAN_POINT('Ctrl Pts',(35.647419389745,129.647556962388,-77.4073414827312));
#8850=CARTESIAN_POINT('Ctrl Pts',(35.6761343851629,129.665624652878,-77.3048745181319));
#8851=CARTESIAN_POINT('Ctrl Pts',(35.6926100342041,129.67590746884,-77.2465577709127));
#8852=CARTESIAN_POINT('Ctrl Pts',(35.7092411810132,129.686182870503,-77.188283072271));
#8853=CARTESIAN_POINT('Ctrl Pts',(35.7260595412057,129.696449251563,-77.1300595320098));
#8854=CARTESIAN_POINT('Ctrl Pts',(35.743096497913,129.706704945635,-77.0718966006718));
#8855=CARTESIAN_POINT('Ctrl Pts',(35.767773222996,129.721328798939,-76.9889606073004));
#8856=CARTESIAN_POINT('Ctrl Pts',(35.8027305467822,129.741530335258,-76.8743920016443));
#8857=CARTESIAN_POINT('Ctrl Pts',(35.8201367979948,129.751501997722,-76.8178398936026));
#8858=CARTESIAN_POINT('Ctrl Pts',(35.8373486980663,129.76148410907,-76.7612285269919));
#8859=CARTESIAN_POINT('Ctrl Pts',(35.854047092677,129.771492097209,-76.7044704058045));
#8860=CARTESIAN_POINT('Ctrl Pts',(35.8699010260052,129.781543761372,-76.6474645855819));
#8861=CARTESIAN_POINT('Ctrl Pts',(35.8845647518754,129.791649878512,-76.5901499471781));
#8862=CARTESIAN_POINT('Ctrl Pts',(35.9001387706084,129.803717766296,-76.5217095545879));
#8863=CARTESIAN_POINT('Ctrl Pts',(35.9089914559326,129.811366658982,-76.4783305285581));
#8864=CARTESIAN_POINT('Ctrl Pts',(35.9111357080741,129.81327853908,-76.4674877177188));
#8865=CARTESIAN_POINT('Ctrl Pts',(35.9132155467423,129.815192577071,-76.4566326688566));
#8866=CARTESIAN_POINT('Ctrl Pts',(35.9249577281698,129.82633617201,-76.3934342014772));
#8867=CARTESIAN_POINT('Ctrl Pts',(35.9347011115576,129.837541877986,-76.3298834848946));
#8868=CARTESIAN_POINT('Ctrl Pts',(35.9427731844092,129.848787102397,-76.2661086481347));
#8869=CARTESIAN_POINT('Ctrl Pts',(35.9496281468138,129.860056426547,-76.2021971349636));
#8870=CARTESIAN_POINT('Ctrl Pts',(35.9546460388399,129.869398069502,-76.1492180451109));
#8871=CARTESIAN_POINT('Ctrl Pts',(35.959241139189,129.878746478513,-76.0962005830458));
#8872=CARTESIAN_POINT('Ctrl Pts',(35.9636230705259,129.888097864344,-76.0431662385938));
#8873=CARTESIAN_POINT('Ctrl Pts',(35.9680049662698,129.897449308432,-75.99013156375));
#8874=CARTESIAN_POINT('',(33.9659494785808,129.893012990173,-76.0152911748346));
#8875=CARTESIAN_POINT('Origin',(33.9659730244929,132.234937067416,-62.7335797326418));
#8876=CARTESIAN_POINT('',(33.9659730244929,132.234937067416,-62.7335797326418));
#8877=CARTESIAN_POINT('Origin',(33.099557748274,132.924091455178,-58.8251909824168));
#8878=CARTESIAN_POINT('Origin',(0.244558493239966,137.117961388086,-35.0405726780768));
#8879=CARTESIAN_POINT('',(-27.9524493756964,131.35639490541,-67.7160399237933));
#8880=CARTESIAN_POINT('Origin',(0.244558493239966,137.117961388086,-35.0405726780768));
#8881=CARTESIAN_POINT('',(-27.9524493756964,131.35639490541,-67.7160399237933));
#8882=CARTESIAN_POINT('Origin',(-27.6720359502212,131.391687343501,-67.5158865612779));
#8883=CARTESIAN_POINT('',(-27.51596153211,131.445372269283,-67.2114242177041));
#8884=CARTESIAN_POINT('Origin',(-27.6720359502212,131.391687343501,-67.5158865612779));
#8885=CARTESIAN_POINT('',(-27.51596153211,131.445372269283,-67.2114242177041));
#8886=CARTESIAN_POINT('Origin',(2.09858479420837,137.220638817876,-34.4582600372231));
#8887=CARTESIAN_POINT('Origin',(2.09858479420837,137.220638817876,-34.4582600372231));
#8888=CARTESIAN_POINT('Origin',(1.17157164372417,137.169300102981,-34.7494163576499));
#8889=CARTESIAN_POINT('Origin',(-20.1580871685337,132.749980869425,-59.812621182002));
#8890=CARTESIAN_POINT('',(-17.1877695336679,132.245094261833,-62.6759754206071));
#8891=CARTESIAN_POINT('',(-17.1877695336679,132.245094261833,-62.6759754206071));
#8892=CARTESIAN_POINT('',(-19.5910350117143,132.034960450371,-63.8677034852408));
#8893=CARTESIAN_POINT('Origin',(-20.1580871685337,132.749980869425,-59.812621182002));
#8894=CARTESIAN_POINT('',(-19.5910350117143,132.034960450371,-63.8677034852408));
#8895=CARTESIAN_POINT('Origin',(-22.7925512077067,132.034960450371,-63.8677034852408));
#8896=CARTESIAN_POINT('',(-22.2021175971095,132.034960450371,-63.8677034852408));
#8897=CARTESIAN_POINT('',(-22.7925512077067,132.034960450371,-63.8677034852408));
#8898=CARTESIAN_POINT('',(-22.2021175971095,132.034960450371,-63.8677034852408));
#8899=CARTESIAN_POINT('Origin',(14.6439077018102,140.445209518358,-16.1708108475061));
#8900=CARTESIAN_POINT('',(-22.3228955392094,131.972548937603,-64.2216567629338));
#8901=CARTESIAN_POINT('',(-22.3228955392094,131.972548937603,-64.2216567629338));
#8902=CARTESIAN_POINT('Origin',(14.6439077018102,140.445209518358,-16.1708108475061));
#8903=CARTESIAN_POINT('Origin',(7.21152331254243,138.887548290722,-25.0047466489213));
#8904=CARTESIAN_POINT('',(-22.4742683645503,131.859085524226,-64.8651397564098));
#8905=CARTESIAN_POINT('Origin',(7.21152331254243,138.887548290722,-25.0047466489213));
#8906=CARTESIAN_POINT('',(-22.4742683645504,131.859085524226,-64.8651397564099));
#8907=CARTESIAN_POINT('Origin',(-22.7925512077565,131.809789088141,-65.144713738154));
#8908=CARTESIAN_POINT('',(-22.7925512077565,131.831080660201,-65.0239632326154));
#8909=CARTESIAN_POINT('',(-22.7925512077565,131.831080660201,-65.0239632326154));
#8910=CARTESIAN_POINT('',(-22.7925512077565,131.826783188737,-65.0483354044048));
#8911=CARTESIAN_POINT('',(-22.7925512077565,131.809789088141,-65.144713738154));
#8912=CARTESIAN_POINT('',(-22.7925512077565,131.826783188737,-65.0483354044048));
#8913=CARTESIAN_POINT('Origin',(9.50264322375758,139.012025719465,-24.2988000703412));
#8914=CARTESIAN_POINT('',(-22.7151302375255,131.799341072442,-65.2039673796354));
#8915=CARTESIAN_POINT('',(-22.7151302375255,131.799341072442,-65.2039673796354));
#8916=CARTESIAN_POINT('Origin',(9.50264322375758,139.012025719465,-24.2988000703412));
#8917=CARTESIAN_POINT('Origin',(4.9055837113164,138.07161629217,-29.6321269583573));
#8918=CARTESIAN_POINT('',(-22.4741599239817,131.59827156742,-66.3442892079489));
#8919=CARTESIAN_POINT('Origin',(4.9055837113164,138.07161629217,-29.6321269583573));
#8920=CARTESIAN_POINT('',(-22.4741599239817,131.59827156742,-66.3442892079489));
#8921=CARTESIAN_POINT('Origin',(-22.7925512078483,131.550677157776,-66.614210518079));
#8922=CARTESIAN_POINT('',(-22.7925512078483,131.56792562666,-66.5163895900811));
#8923=CARTESIAN_POINT('',(-22.7925512078483,131.570280524002,-66.5030343035984));
#8924=CARTESIAN_POINT('',(-22.7925512078483,131.550677157776,-66.614210518079));
#8925=CARTESIAN_POINT('',(-22.7925512078483,131.56792562666,-66.5163895900811));
#8926=CARTESIAN_POINT('',(-22.7925512078483,131.570280524002,-66.5030343035984));
#8927=CARTESIAN_POINT('Origin',(9.05788207436184,138.82887595849,-25.3374939800235));
#8928=CARTESIAN_POINT('',(-22.7132574324607,131.540234318492,-66.673434802653));
#8929=CARTESIAN_POINT('',(-22.7132574324607,131.540234318492,-66.673434802653));
#8930=CARTESIAN_POINT('Origin',(9.05788207436184,138.82887595849,-25.3374939800235));
#8931=CARTESIAN_POINT('Origin',(2.87495168163172,137.588370691348,-32.372748948705));
#8932=CARTESIAN_POINT('',(-23.468764050743,131.430168473362,-67.2976492290994));
#8933=CARTESIAN_POINT('Origin',(2.87495168163172,137.588370691348,-32.372748948705));
#8934=CARTESIAN_POINT('',(-23.468764050743,131.430168473362,-67.2976492290994));
#8935=CARTESIAN_POINT('Origin',(-24.7745831384597,131.437018833977,-67.2587989034889));
#8936=CARTESIAN_POINT('',(-23.5880267295723,131.437018833977,-67.2587989034889));
#8937=CARTESIAN_POINT('',(-23.5880267295723,131.437018833977,-67.2587989034889));
#8938=CARTESIAN_POINT('',(-24.181784512351,131.437018833977,-67.2587989034889));
#8939=CARTESIAN_POINT('',(-24.7745831384597,131.437018833977,-67.2587989034889));
#8940=CARTESIAN_POINT('',(-24.181784512351,131.437018833977,-67.2587989034889));
#8941=CARTESIAN_POINT('Origin',(5.50251356362229,138.25675788464,-28.5821368109256));
#8942=CARTESIAN_POINT('',(-24.3019899682303,131.374532283622,-67.6131777404878));
#8943=CARTESIAN_POINT('',(-24.3019899682303,131.374532283622,-67.6131777404878));
#8944=CARTESIAN_POINT('Origin',(5.50251356362229,138.25675788464,-28.5821368109256));
#8945=CARTESIAN_POINT('Origin',(-0.537344971333051,136.497588350734,-38.5588830061944));
#8946=CARTESIAN_POINT('',(-25.9940674037012,131.437018833951,-67.258798903633));
#8947=CARTESIAN_POINT('Origin',(-0.537344971333051,136.497588350734,-38.5588830061944));
#8948=CARTESIAN_POINT('',(-25.9940674037012,131.437018833951,-67.258798903633));
#8949=CARTESIAN_POINT('Origin',(-25.9940674037012,131.550677157725,-66.6142105183685));
#8950=CARTESIAN_POINT('',(-25.9940674037012,131.515947522191,-66.8111720689709));
#8951=CARTESIAN_POINT('',(-25.9940674037012,131.550677157725,-66.6142105183685));
#8952=CARTESIAN_POINT('',(-25.9940674037012,131.515947522191,-66.8111720689709));
#8953=CARTESIAN_POINT('Origin',(-26.6912864867117,131.550677157725,-66.6142105183685));
#8954=CARTESIAN_POINT('',(-26.1940674037012,131.550677157725,-66.6142105183685));
#8955=CARTESIAN_POINT('',(-26.1940674037012,131.550677157725,-66.6142105183685));
#8956=CARTESIAN_POINT('',(-26.6912864867117,131.550677157725,-66.6142105183685));
#8957=CARTESIAN_POINT('',(-26.6912864867117,131.550677157725,-66.6142105183685));
#8958=CARTESIAN_POINT('',(-26.6912864867117,131.550677157725,-66.6142105183685));
#8959=CARTESIAN_POINT('Origin',(-26.6912864867117,131.969679590713,-64.2379296377841));
#8960=CARTESIAN_POINT('',(-26.6912864867117,131.969679590713,-64.2379296377841));
#8961=CARTESIAN_POINT('',(-26.6912864867117,131.969679590713,-64.2379296377841));
#8962=CARTESIAN_POINT('',(-26.6912864867117,131.969679590713,-64.2379296377841));
#8963=CARTESIAN_POINT('Origin',(-31.3596806741112,132.22886204506,-62.7680328964849));
#8964=CARTESIAN_POINT('',(-29.7174008386517,131.426979781556,-67.3157331989664));
#8965=CARTESIAN_POINT('Origin',(-31.3596806741112,132.22886204506,-62.7680328964849));
#8966=CARTESIAN_POINT('',(-29.7174008386517,131.426979781556,-67.3157331989664));
#8967=CARTESIAN_POINT('Origin',(0.600834437776652,137.039085996343,-35.4878972532818));
#8968=CARTESIAN_POINT('Origin',(0.600834437776652,137.039085996343,-35.4878972532818));
#8969=CARTESIAN_POINT('Origin',(-2.13293182150148,136.743882302815,-37.1620805934741));
#8970=CARTESIAN_POINT('',(-30.8210397650516,131.382934413173,-67.5655268959183));
#8971=CARTESIAN_POINT('Origin',(-2.13293182150148,136.743882302815,-37.1620805934741));
#8972=CARTESIAN_POINT('',(-30.8210397650516,131.382934413173,-67.5655268959183));
#8973=CARTESIAN_POINT('Origin',(-31.359680674012,132.228862045094,-62.7680328962918));
#8974=CARTESIAN_POINT('',(-31.7559010403731,131.380564735942,-67.578966003317));
#8975=CARTESIAN_POINT('Origin',(-31.359680674012,132.228862045094,-62.7680328962918));
#8976=CARTESIAN_POINT('',(-31.7559010403731,131.380564735942,-67.578966003317));
#8977=CARTESIAN_POINT('Origin',(-33.1276193122114,132.524430859585,-61.0917788522249));
#8978=CARTESIAN_POINT('',(-32.5895756151709,131.359768676359,-67.6969063179478));
#8979=CARTESIAN_POINT('Origin',(-33.1276193122114,132.524430859585,-61.0917788522249));
#8980=CARTESIAN_POINT('',(-32.5895756151709,131.359768676359,-67.6969063179478));
#8981=CARTESIAN_POINT('Origin',(-2.24267299101169,136.463814273894,-38.75042531415));
#8982=CARTESIAN_POINT('Origin',(-2.24267299101169,136.463814273894,-38.75042531415));
#8983=CARTESIAN_POINT('Origin',(-6.42483653111704,136.00743590954,-41.3386756347773));
#8984=CARTESIAN_POINT('',(-34.4216753299379,131.377839202336,-67.5944232725071));
#8985=CARTESIAN_POINT('Origin',(-6.42483653111704,136.00743590954,-41.3386756347773));
#8986=CARTESIAN_POINT('',(-34.4216753299379,131.377839202336,-67.5944232725071));
#8987=CARTESIAN_POINT('Origin',(-33.1276193123182,132.524430859552,-61.0917788524085));
#8988=CARTESIAN_POINT('',(-26.6912864867177,132.865031816738,-59.1601348361782));
#8989=CARTESIAN_POINT('Origin',(-33.1276193123182,132.524430859552,-61.0917788524085));
#8990=CARTESIAN_POINT('',(-26.6912864867177,132.865031816738,-59.1601348361782));
#8991=CARTESIAN_POINT('Origin',(-26.6912864867177,133.569347821175,-55.1657602849463));
#8992=CARTESIAN_POINT('',(-26.6912864867177,133.569347821175,-55.1657602849463));
#8993=CARTESIAN_POINT('',(-26.6912864867177,133.569347821175,-55.1657602849463));
#8994=CARTESIAN_POINT('',(-26.6912864867177,133.569347821175,-55.1657602849463));
#8995=CARTESIAN_POINT('Origin',(-20.5243222666077,133.569347821175,-55.1657602849463));
#8996=CARTESIAN_POINT('',(-20.5243222666077,133.569347821175,-55.1657602849463));
#8997=CARTESIAN_POINT('',(-20.5243222666077,133.569347821175,-55.1657602849463));
#8998=CARTESIAN_POINT('',(-20.5243222666077,133.569347821175,-55.1657602849463));
#8999=CARTESIAN_POINT('Origin',(-20.5243222666077,132.917152850892,-58.8645417627625));
#9000=CARTESIAN_POINT('',(-17.2207614598296,133.227435891779,-57.1048391940433));
#9001=CARTESIAN_POINT('Origin',(-20.5243222666077,132.917152850892,-58.8645417627625));
#9002=CARTESIAN_POINT('',(-17.2207614598296,133.227435891779,-57.1048391940433));
#9003=CARTESIAN_POINT('Origin',(-16.844845563496,133.569346188184,-55.1657695461023));
#9004=CARTESIAN_POINT('',(-16.844845563496,133.243958584245,-57.0111343486468));
#9005=CARTESIAN_POINT('',(-16.844845563496,133.243958584245,-57.0111343486468));
#9006=CARTESIAN_POINT('',(-16.844845563496,133.569346188184,-55.1657695461023));
#9007=CARTESIAN_POINT('',(-16.844845563496,133.569346188184,-55.1657695461023));
#9008=CARTESIAN_POINT('',(-16.844845563496,133.569346188184,-55.1657695461023));
#9009=CARTESIAN_POINT('Origin',(-4.21572970622095,133.569346188184,-55.1657695461023));
#9010=CARTESIAN_POINT('',(-4.21572970622095,133.569346188184,-55.1657695461023));
#9011=CARTESIAN_POINT('',(-4.21572970622095,133.569346188184,-55.1657695461023));
#9012=CARTESIAN_POINT('',(-4.21572970622095,133.569346188184,-55.1657695461023));
#9013=CARTESIAN_POINT('Origin',(-0.296564069874954,132.364510062226,-61.9987347628645));
#9014=CARTESIAN_POINT('',(-0.670703771496346,132.479528683661,-61.346431746202));
#9015=CARTESIAN_POINT('',(-0.296564069874954,132.364510062226,-61.9987347628645));
#9016=CARTESIAN_POINT('',(-0.670703771496346,132.479528683661,-61.346431746202));
#9017=CARTESIAN_POINT('Origin',(-0.296564069874954,133.569346188184,-55.1657695461023));
#9018=CARTESIAN_POINT('',(-0.296564069874954,132.496609313992,-61.2495626779361));
#9019=CARTESIAN_POINT('',(-0.296564069874954,132.496609313992,-61.2495626779361));
#9020=CARTESIAN_POINT('',(-0.296564069874954,133.569346188184,-55.1657695461023));
#9021=CARTESIAN_POINT('',(-0.296564069874954,133.569346188184,-55.1657695461023));
#9022=CARTESIAN_POINT('',(-0.296564069874954,133.569346188184,-55.1657695461023));
#9023=CARTESIAN_POINT('Origin',(1.77228974816139,133.569346188184,-55.1657695461023));
#9024=CARTESIAN_POINT('',(1.77228974816139,133.569346188184,-55.1657695461023));
#9025=CARTESIAN_POINT('',(1.77228974816139,133.569346188184,-55.1657695461023));
#9026=CARTESIAN_POINT('',(1.77228974816139,133.569346188184,-55.1657695461023));
#9027=CARTESIAN_POINT('Origin',(1.77228974816139,133.461663352072,-55.7764692568263));
#9028=CARTESIAN_POINT('',(1.77228974816139,133.461663352072,-55.7764692568263));
#9029=CARTESIAN_POINT('',(1.77228974816139,133.461663352072,-55.7764692568263));
#9030=CARTESIAN_POINT('',(1.77228974816139,133.461663352072,-55.7764692568263));
#9031=CARTESIAN_POINT('Origin',(2.80860013043797,133.461663352072,-55.7764692568263));
#9032=CARTESIAN_POINT('',(2.80860013043797,133.461663352072,-55.7764692568263));
#9033=CARTESIAN_POINT('',(2.80860013043797,133.461663352072,-55.7764692568263));
#9034=CARTESIAN_POINT('',(2.80860013043797,133.461663352072,-55.7764692568263));
#9035=CARTESIAN_POINT('Origin',(2.80860013043797,131.437017201027,-67.2588081644083));
#9036=CARTESIAN_POINT('',(2.80860013043797,131.437017201027,-67.2588081644083));
#9037=CARTESIAN_POINT('',(2.80860013043797,131.437017201027,-67.2588081644083));
#9038=CARTESIAN_POINT('',(2.80860013043797,131.437017201027,-67.2588081644083));
#9039=CARTESIAN_POINT('Origin',(-0.0165088289501499,131.437017201027,-67.2588081644083));
#9040=CARTESIAN_POINT('',(-0.0165088289501499,131.437017201027,-67.2588081644083));
#9041=CARTESIAN_POINT('',(-0.0165088289501499,131.437017201027,-67.2588081644083));
#9042=CARTESIAN_POINT('',(-0.0165088289501499,131.437017201027,-67.2588081644083));
#9043=CARTESIAN_POINT('Origin',(-0.442856782394145,131.5506755248,-66.6142197791439));
#9044=CARTESIAN_POINT('',(-0.442856782394145,131.5506755248,-66.6142197791439));
#9045=CARTESIAN_POINT('',(-0.442856782394145,131.5506755248,-66.6142197791439));
#9046=CARTESIAN_POINT('',(-0.442856782394145,131.5506755248,-66.6142197791439));
#9047=CARTESIAN_POINT('Origin',(-0.65228809147517,131.5506755248,-66.6142197791439));
#9048=CARTESIAN_POINT('',(-0.65228809147517,131.5506755248,-66.6142197791439));
#9049=CARTESIAN_POINT('',(-0.65228809147517,131.5506755248,-66.6142197791439));
#9050=CARTESIAN_POINT('',(-0.65228809147517,131.5506755248,-66.6142197791439));
#9051=CARTESIAN_POINT('Origin',(-3.89650719448914,132.548018515201,-60.958006609761));
#9052=CARTESIAN_POINT('',(-3.52236749286995,132.432999893773,-61.6103096263857));
#9053=CARTESIAN_POINT('',(-3.89650719448914,132.548018515201,-60.958006609761));
#9054=CARTESIAN_POINT('',(-3.52236749286995,132.432999893773,-61.6103096263857));
#9055=CARTESIAN_POINT('Origin',(-3.89650719448914,131.437018834018,-67.2587989032565));
#9056=CARTESIAN_POINT('',(-3.89650719448914,132.41591926344,-61.7071786946554));
#9057=CARTESIAN_POINT('',(-3.89650719448914,132.41591926344,-61.7071786946554));
#9058=CARTESIAN_POINT('',(-3.89650719448914,131.437018834018,-67.2587989032565));
#9059=CARTESIAN_POINT('',(-3.89650719448914,131.437018834018,-67.2587989032565));
#9060=CARTESIAN_POINT('',(-3.89650719448914,131.437018834018,-67.2587989032565));
#9061=CARTESIAN_POINT('Origin',(-16.2633386445201,131.437018834018,-67.2587989032565));
#9062=CARTESIAN_POINT('',(-16.2633386445201,131.437018834018,-67.2587989032565));
#9063=CARTESIAN_POINT('',(-16.2633386445201,131.437018834018,-67.2587989032565));
#9064=CARTESIAN_POINT('',(-16.2633386445201,131.437018834018,-67.2587989032565));
#9065=CARTESIAN_POINT('Origin',(-16.2633386445201,131.5506755248,-66.6142197791439));
#9066=CARTESIAN_POINT('',(-16.2633386445201,131.5506755248,-66.6142197791439));
#9067=CARTESIAN_POINT('',(-16.2633386445201,131.5506755248,-66.6142197791439));
#9068=CARTESIAN_POINT('',(-16.2633386445201,131.5506755248,-66.6142197791439));
#9069=CARTESIAN_POINT('Origin',(-16.8448455633701,131.5506755248,-66.6142197791439));
#9070=CARTESIAN_POINT('',(-16.8448455633701,131.5506755248,-66.6142197791439));
#9071=CARTESIAN_POINT('',(-16.8448455633701,131.5506755248,-66.6142197791439));
#9072=CARTESIAN_POINT('',(-16.8448455633701,131.5506755248,-66.6142197791439));
#9073=CARTESIAN_POINT('Origin',(-16.8448455633701,132.314164593576,-62.2842581039178));
#9074=CARTESIAN_POINT('',(-16.8448455633701,132.22080042953,-62.8137525900743));
#9075=CARTESIAN_POINT('',(-16.8448455633701,132.314164593576,-62.2842581039178));
#9076=CARTESIAN_POINT('',(-16.8448455633701,132.22080042953,-62.8137525900743));
#9077=CARTESIAN_POINT('Origin',(-20.1580871685337,132.749980869425,-59.812621182002));
#9078=CARTESIAN_POINT('Origin',(-22.2021175971095,132.000230814837,-64.0646650358432));
#9079=CARTESIAN_POINT('Origin',(-17.0448455633701,132.22080042953,-62.8137525900743));
#9080=CARTESIAN_POINT('Origin',(-3.69650719448914,132.41591926344,-61.7071786946554));
#9081=CARTESIAN_POINT('Origin',(-0.496564069874954,132.496609313992,-61.2495626779361));
#9082=CARTESIAN_POINT('Origin',(-17.044845563496,133.243958584245,-57.0111343486468));
#9083=CARTESIAN_POINT('Origin',(-26.1940674037012,131.515947522191,-66.8111720689709));
#9084=CARTESIAN_POINT('Origin',(-24.181784512351,131.402289198443,-67.4557604540913));
#9085=CARTESIAN_POINT('Origin',(-23.5880267295723,131.402289198443,-67.4557604540913));
#9086=CARTESIAN_POINT('Origin',(-22.5925512078483,131.56792562666,-66.5163895900811));
#9087=CARTESIAN_POINT('Origin',(-22.5925512078483,131.570280524002,-66.5030343035984));
#9088=CARTESIAN_POINT('Origin',(-22.5925512077565,131.826783188737,-65.0483354044048));
#9089=CARTESIAN_POINT('Origin',(-22.5925512077565,131.831080660201,-65.0239632326154));
#9090=CARTESIAN_POINT('',(-22.6644905597912,132.962298806508,-58.6085063254474));
#9091=CARTESIAN_POINT('',(-20.1686754281563,132.962298806508,-58.6085063254474));
#9092=CARTESIAN_POINT('',(-22.6644905597912,132.645256232293,-60.4065441126359));
#9093=CARTESIAN_POINT('',(-22.6644905597912,132.645256232293,-60.4065441126359));
#9094=CARTESIAN_POINT('',(-22.6644905597912,132.962298806508,-58.6085063254474));
#9095=CARTESIAN_POINT('',(-8.05134774500517,132.795977052921,-59.5517638627682));
#9096=CARTESIAN_POINT('',(-8.05134774500517,132.682982249195,-60.1925892388548));
#9097=CARTESIAN_POINT('',(-8.05134774500517,132.795977052921,-59.5517638627682));
#9098=CARTESIAN_POINT('',(-12.9134586909312,132.795977052921,-59.5517638627682));
#9099=CARTESIAN_POINT('',(-12.9134586909312,132.795977052921,-59.5517638627682));
#9100=CARTESIAN_POINT('',(-12.9134586909312,132.940094241536,-58.7344346710813));
#9101=CARTESIAN_POINT('',(-12.9134586909312,132.940094241536,-58.7344346710813));
#9102=CARTESIAN_POINT('',(-7.58070673229417,132.940094241536,-58.7344346710813));
#9103=CARTESIAN_POINT('',(-7.58070673229417,132.940094241536,-58.7344346710813));
#9104=CARTESIAN_POINT('',(-7.58070673229417,132.682982249195,-60.1925892388548));
#9105=CARTESIAN_POINT('',(-7.58070673229417,132.682982249195,-60.1925892388548));
#9106=CARTESIAN_POINT('',(-8.05134774500517,132.682982249195,-60.1925892388548));
#9107=CARTESIAN_POINT('',(-12.9134586909312,132.189302570711,-62.9923858241544));
#9108=CARTESIAN_POINT('',(-12.9134586909312,132.057197948416,-63.7415883668642));
#9109=CARTESIAN_POINT('',(-12.9134586909312,132.189302570711,-62.9923858241544));
#9110=CARTESIAN_POINT('',(-7.58070673229417,132.189302570711,-62.9923858241544));
#9111=CARTESIAN_POINT('',(-7.58070673229417,132.189302570711,-62.9923858241544));
#9112=CARTESIAN_POINT('',(-7.58070673229417,132.057197948416,-63.7415883668642));
#9113=CARTESIAN_POINT('',(-7.58070673229417,132.057197948416,-63.7415883668642));
#9114=CARTESIAN_POINT('',(-12.9134586909312,132.057197948416,-63.7415883668642));
#9115=CARTESIAN_POINT('Origin',(-12.9134586909312,132.057197948416,-63.7415883668642));
#9116=CARTESIAN_POINT('',(-12.9134586909312,131.663274847211,-63.6721290957974));
#9117=CARTESIAN_POINT('',(-7.58070673229417,131.663274847211,-63.6721290957974));
#9118=CARTESIAN_POINT('',(-12.9134586909312,131.663274847211,-63.6721290957974));
#9119=CARTESIAN_POINT('',(-12.9134586909312,132.057197948416,-63.7415883668642));
#9120=CARTESIAN_POINT('',(-7.58070673229417,132.057197948416,-63.7415883668642));
#9121=CARTESIAN_POINT('Origin',(-12.9134586909312,132.189302570711,-62.9923858241544));
#9122=CARTESIAN_POINT('',(-12.9134586909312,131.795379469506,-62.9229265530876));
#9123=CARTESIAN_POINT('',(-12.9134586909312,131.795379469506,-62.9229265530876));
#9124=CARTESIAN_POINT('',(-12.9134586909312,132.189302570711,-62.9923858241544));
#9125=CARTESIAN_POINT('Origin',(-7.58070673229417,132.189302570711,-62.9923858241544));
#9126=CARTESIAN_POINT('',(-7.58070673229417,131.795379469506,-62.9229265530876));
#9127=CARTESIAN_POINT('',(-7.58070673229417,131.795379469506,-62.9229265530876));
#9128=CARTESIAN_POINT('',(-7.58070673229417,132.189302570711,-62.9923858241544));
#9129=CARTESIAN_POINT('Origin',(-7.58070673229417,132.057197948416,-63.7415883668642));
#9130=CARTESIAN_POINT('',(-7.58070673229417,131.663274847211,-63.6721290957974));
#9131=CARTESIAN_POINT('Origin',(-8.05134774500517,132.682982249195,-60.1925892388548));
#9132=CARTESIAN_POINT('',(-8.05134774500517,132.28905914799,-60.123129967788));
#9133=CARTESIAN_POINT('',(-7.58070673229417,132.28905914799,-60.123129967788));
#9134=CARTESIAN_POINT('',(-8.05134774500517,132.28905914799,-60.123129967788));
#9135=CARTESIAN_POINT('',(-8.05134774500517,132.682982249195,-60.1925892388548));
#9136=CARTESIAN_POINT('',(-7.58070673229417,132.682982249195,-60.1925892388548));
#9137=CARTESIAN_POINT('Origin',(-8.05134774500517,132.795977052921,-59.5517638627682));
#9138=CARTESIAN_POINT('',(-8.05134774500517,132.402053951716,-59.4823045917015));
#9139=CARTESIAN_POINT('',(-8.05134774500517,132.402053951716,-59.4823045917015));
#9140=CARTESIAN_POINT('',(-8.05134774500517,132.795977052921,-59.5517638627682));
#9141=CARTESIAN_POINT('Origin',(-12.9134586909312,132.795977052921,-59.5517638627682));
#9142=CARTESIAN_POINT('',(-12.9134586909312,132.402053951716,-59.4823045917015));
#9143=CARTESIAN_POINT('',(-12.9134586909312,132.402053951716,-59.4823045917015));
#9144=CARTESIAN_POINT('',(-12.9134586909312,132.795977052921,-59.5517638627682));
#9145=CARTESIAN_POINT('Origin',(-12.9134586909312,132.940094241536,-58.7344346710813));
#9146=CARTESIAN_POINT('',(-12.9134586909312,132.546171140332,-58.6649754000145));
#9147=CARTESIAN_POINT('',(-12.9134586909312,132.546171140332,-58.6649754000145));
#9148=CARTESIAN_POINT('',(-12.9134586909312,132.940094241536,-58.7344346710813));
#9149=CARTESIAN_POINT('Origin',(-7.58070673229417,132.940094241536,-58.7344346710813));
#9150=CARTESIAN_POINT('',(-7.58070673229417,132.546171140332,-58.6649754000145));
#9151=CARTESIAN_POINT('',(-7.58070673229417,132.546171140332,-58.6649754000145));
#9152=CARTESIAN_POINT('',(-7.58070673229417,132.940094241536,-58.7344346710813));
#9153=CARTESIAN_POINT('Origin',(-7.58070673229417,132.682982249195,-60.1925892388548));
#9154=CARTESIAN_POINT('',(-7.58070673229417,132.28905914799,-60.123129967788));
#9155=CARTESIAN_POINT('Origin',(-22.6644905597912,132.962298806508,-58.6085063254474));
#9156=CARTESIAN_POINT('',(-22.6644905597912,132.568375705303,-58.5390470543806));
#9157=CARTESIAN_POINT('',(-22.6644905597912,132.251333131088,-60.3370848415692));
#9158=CARTESIAN_POINT('',(-22.6644905597912,132.568375705303,-58.5390470543806));
#9159=CARTESIAN_POINT('',(-22.6644905597912,132.962298806508,-58.6085063254474));
#9160=CARTESIAN_POINT('',(-22.6644905597912,132.645256232293,-60.4065441126359));
#9161=CARTESIAN_POINT('Origin',(-20.1686754281563,132.962298806508,-58.6085063254474));
#9162=CARTESIAN_POINT('',(-20.1686754281563,132.568375705303,-58.5390470543806));
#9163=CARTESIAN_POINT('Origin',(-22.6644905597912,132.645256232293,-60.4065441126359));
#9164=CARTESIAN_POINT('',(-22.6644905597912,132.251333131088,-60.3370848415692));
#9165=CARTESIAN_POINT('Origin',(82.293,120.306342033577,-128.080495688379));
#9166=CARTESIAN_POINT('Origin',(82.293,120.306342033577,-128.080495688379));
#9167=CARTESIAN_POINT('Origin',(21.7004856323628,133.268361984364,-56.8727357892141));
#9168=CARTESIAN_POINT('',(21.6148958269107,133.607234373175,-54.9508949713809));
#9169=CARTESIAN_POINT('',(21.6148958269107,133.607234373175,-54.9508949713809));
#9170=CARTESIAN_POINT('',(23.6519739425967,133.283224498117,-56.788446285174));
#9171=CARTESIAN_POINT('Origin',(21.7004856323628,133.268361984364,-56.8727357892141));
#9172=CARTESIAN_POINT('',(23.6519739425967,133.283224498117,-56.788446285174));
#9173=CARTESIAN_POINT('Origin',(23.6519739425967,132.057197948452,-63.7415883666613));
#9174=CARTESIAN_POINT('',(23.6519739425967,132.057197948452,-63.7415883666613));
#9175=CARTESIAN_POINT('',(23.6519739425967,132.057197948452,-63.7415883666613));
#9176=CARTESIAN_POINT('',(23.6519739425967,132.057197948452,-63.7415883666613));
#9177=CARTESIAN_POINT('Origin',(21.5104658285496,132.057197948452,-63.7415883666613));
#9178=CARTESIAN_POINT('',(21.5104658285496,132.057197948452,-63.7415883666613));
#9179=CARTESIAN_POINT('',(21.5104658285496,132.057197948452,-63.7415883666613));
#9180=CARTESIAN_POINT('',(21.5104658285496,132.057197948452,-63.7415883666613));
#9181=CARTESIAN_POINT('Origin',(21.5104658285496,133.077652029275,-57.9543056903321));
#9182=CARTESIAN_POINT('',(21.5104658285496,133.077652029275,-57.9543056903321));
#9183=CARTESIAN_POINT('',(21.5104658285496,133.077652029275,-57.9543056903321));
#9184=CARTESIAN_POINT('',(21.5104658285496,133.077652029275,-57.9543056903321));
#9185=CARTESIAN_POINT('Ctrl Pts',(19.7125057448086,133.141380676425,-57.5928825723596));
#9186=CARTESIAN_POINT('Ctrl Pts',(19.7125057448086,132.66867295498,-57.5095314470795));
#9187=CARTESIAN_POINT('Ctrl Pts',(19.7146420806433,133.145438795158,-57.5698678373713));
#9188=CARTESIAN_POINT('Ctrl Pts',(19.7146420806433,132.672731073712,-57.4865167120912));
#9189=CARTESIAN_POINT('Ctrl Pts',(19.7167786688126,133.149496722506,-57.5468541877779));
#9190=CARTESIAN_POINT('Ctrl Pts',(19.7167786688126,132.67678900106,-57.4635030624978));
#9191=CARTESIAN_POINT('Ctrl Pts',(19.7191821299483,133.15354954279,-57.5238695017814));
#9192=CARTESIAN_POINT('Ctrl Pts',(19.7191821299483,132.680841821344,-57.4405183765013));
#9193=CARTESIAN_POINT('Ctrl Pts',(19.7221264211352,133.157589626044,-57.5009570510736));
#9194=CARTESIAN_POINT('Ctrl Pts',(19.7221264211352,132.684881904598,-57.4176059257935));
#9195=CARTESIAN_POINT('Ctrl Pts',(19.7258790563293,133.16161061714,-57.4781528773726));
#9196=CARTESIAN_POINT('Ctrl Pts',(19.7258790563293,132.688902895694,-57.3948017520924));
#9197=CARTESIAN_POINT('Ctrl Pts',(19.7307497016359,133.165596493474,-57.4555478493867));
#9198=CARTESIAN_POINT('Ctrl Pts',(19.7307497016359,132.692888772028,-57.3721967241066));
#9199=CARTESIAN_POINT('Ctrl Pts',(19.7422530486238,133.172777000282,-57.4148251716708));
#9200=CARTESIAN_POINT('Ctrl Pts',(19.7422530486238,132.700069278836,-57.3314740463907));
#9201=CARTESIAN_POINT('Ctrl Pts',(19.7591885884286,133.179627560971,-57.3759737113767));
#9202=CARTESIAN_POINT('Ctrl Pts',(19.7591885884286,132.706919839526,-57.2926225860965));
#9203=CARTESIAN_POINT('Ctrl Pts',(19.7708892157213,133.183708011071,-57.3528323289101));
#9204=CARTESIAN_POINT('Ctrl Pts',(19.7708892157213,132.711000289625,-57.26948120363));
#9205=CARTESIAN_POINT('Ctrl Pts',(19.7842614716048,133.187639845243,-57.3305337892553));
#9206=CARTESIAN_POINT('Ctrl Pts',(19.7842614716048,132.714932123797,-57.2471826639752));
#9207=CARTESIAN_POINT('Ctrl Pts',(19.7990785836022,133.191413267563,-57.3091336478536));
#9208=CARTESIAN_POINT('Ctrl Pts',(19.7990785836022,132.718705546117,-57.2257825225734));
#9209=CARTESIAN_POINT('Ctrl Pts',(19.8232307476458,133.196833236068,-57.278395479005));
#9210=CARTESIAN_POINT('Ctrl Pts',(19.8232307476458,132.724125514623,-57.1950443537249));
#9211=CARTESIAN_POINT('Ctrl Pts',(19.8499164354492,133.201868582422,-57.2498386107722));
#9212=CARTESIAN_POINT('Ctrl Pts',(19.8499164354492,132.729160860977,-57.1664874854921));
#9213=CARTESIAN_POINT('Ctrl Pts',(19.8921961285283,133.20866164998,-57.2113132102327));
#9214=CARTESIAN_POINT('Ctrl Pts',(19.8921961285283,132.735953928534,-57.1279620849525));
#9215=CARTESIAN_POINT('Ctrl Pts',(19.9220490316694,133.212786449598,-57.1879203091527));
#9216=CARTESIAN_POINT('Ctrl Pts',(19.9220490316694,132.740078728152,-57.1045691838725));
#9217=CARTESIAN_POINT('Ctrl Pts',(19.9534815834947,133.216545812938,-57.1665999001844));
#9218=CARTESIAN_POINT('Ctrl Pts',(19.9534815834947,132.743838091493,-57.0832487749043));
#9219=CARTESIAN_POINT('Ctrl Pts',(19.9802577699737,133.219398220228,-57.1504230945785));
#9220=CARTESIAN_POINT('Ctrl Pts',(19.9802577699737,132.746690498783,-57.0670719692984));
#9221=CARTESIAN_POINT('Ctrl Pts',(20.0387719954228,133.224959188741,-57.1188852749533));
#9222=CARTESIAN_POINT('Ctrl Pts',(20.0387719954228,132.752251467295,-57.0355341496732));
#9223=CARTESIAN_POINT('Ctrl Pts',(20.1002229315608,133.229495511007,-57.09315851296));
#9224=CARTESIAN_POINT('Ctrl Pts',(20.1002229315608,132.756787789561,-57.0098073876798));
#9225=CARTESIAN_POINT('Ctrl Pts',(20.1508767827431,133.232514019259,-57.0760397019846));
#9226=CARTESIAN_POINT('Ctrl Pts',(20.1508767827431,132.759806297813,-56.9926885767045));
#9227=CARTESIAN_POINT('Ctrl Pts',(20.2025290772953,133.234933209669,-57.0623197913965));
#9228=CARTESIAN_POINT('Ctrl Pts',(20.2025290772953,132.762225488223,-56.9789686661164));
#9229=CARTESIAN_POINT('Ctrl Pts',(20.2369142400037,133.236287889687,-57.0546370192386));
#9230=CARTESIAN_POINT('Ctrl Pts',(20.2369142400037,132.763580168241,-56.9712858939584));
#9231=CARTESIAN_POINT('Ctrl Pts',(20.271552411963,133.237414996603,-57.0482448782774));
#9232=CARTESIAN_POINT('Ctrl Pts',(20.271552411963,132.764707275157,-56.9648937529973));
#9233=CARTESIAN_POINT('Ctrl Pts',(20.3232609051907,133.238775336216,-57.0405300089592));
#9234=CARTESIAN_POINT('Ctrl Pts',(20.3232609051907,132.766067614771,-56.9571788836791));
#9235=CARTESIAN_POINT('Ctrl Pts',(20.3752610487216,133.239705894629,-57.0352525499512));
#9236=CARTESIAN_POINT('Ctrl Pts',(20.3752610487216,132.766998173183,-56.951901424671));
#9237=CARTESIAN_POINT('Ctrl Pts',(20.3922621156536,133.2399668181,-57.0337727794169));
#9238=CARTESIAN_POINT('Ctrl Pts',(20.3922621156536,132.767259096654,-56.9504216541367));
#9239=CARTESIAN_POINT('Ctrl Pts',(20.4092856425476,133.240182481781,-57.0325496899041));
#9240=CARTESIAN_POINT('Ctrl Pts',(20.4092856425476,132.767474760335,-56.9491985646239));
#9241=CARTESIAN_POINT('Ctrl Pts',(20.4263189105126,133.240362620842,-57.0315280705198));
#9242=CARTESIAN_POINT('Ctrl Pts',(20.4263189105126,132.767654899396,-56.9481769452397));
#9243=CARTESIAN_POINT('Ctrl Pts',(20.4433637375516,133.240501132124,-57.0307425340067));
#9244=CARTESIAN_POINT('Ctrl Pts',(20.4433637375516,132.767793410678,-56.9473914087266));
#9245=CARTESIAN_POINT('Ctrl Pts',(20.4948357167266,133.240803805146,-57.0290259899954));
#9246=CARTESIAN_POINT('Ctrl Pts',(20.4948357167266,132.7680960837,-56.9456748647153));
#9247=CARTESIAN_POINT('Ctrl Pts',(20.5463452316646,133.240759620779,-57.0292765719937));
#9248=CARTESIAN_POINT('Ctrl Pts',(20.5463452316646,132.768051899333,-56.9459254467136));
#9249=CARTESIAN_POINT('Ctrl Pts',(20.5807811326806,133.240581022309,-57.0302894542523));
#9250=CARTESIAN_POINT('Ctrl Pts',(20.5807811326806,132.767873300863,-56.9469383289721));
#9251=CARTESIAN_POINT('Ctrl Pts',(20.6151858611166,133.240259541052,-57.0321126650568));
#9252=CARTESIAN_POINT('Ctrl Pts',(20.6151858611166,132.767551819606,-56.9487615397767));
#9253=CARTESIAN_POINT('Ctrl Pts',(20.6495399736776,133.239801541664,-57.0347101086624));
#9254=CARTESIAN_POINT('Ctrl Pts',(20.6495399736776,132.767093820218,-56.9513589833823));
#9255=CARTESIAN_POINT('Ctrl Pts',(20.6838268538046,133.239213434728,-57.0380454288326));
#9256=CARTESIAN_POINT('Ctrl Pts',(20.6838268538046,132.766505713283,-56.9546943035525));
#9257=CARTESIAN_POINT('Ctrl Pts',(20.7396402212744,133.238051811147,-57.0446333235322));
#9258=CARTESIAN_POINT('Ctrl Pts',(20.7396402212744,132.765344089701,-56.9612821982521));
#9259=CARTESIAN_POINT('Ctrl Pts',(20.7952075034386,133.236577363825,-57.0529953298223));
#9260=CARTESIAN_POINT('Ctrl Pts',(20.7952075034386,132.763869642379,-56.9696442045422));
#9261=CARTESIAN_POINT('Ctrl Pts',(20.8166739858256,133.235954890335,-57.0565255524086));
#9262=CARTESIAN_POINT('Ctrl Pts',(20.8166739858256,132.763247168889,-56.9731744271285));
#9263=CARTESIAN_POINT('Ctrl Pts',(20.8380847078036,133.235275810024,-57.0603768082298));
#9264=CARTESIAN_POINT('Ctrl Pts',(20.8380847078036,132.762568088578,-56.9770256829497));
#9265=CARTESIAN_POINT('Ctrl Pts',(20.8804562114803,133.233805493173,-57.0687153894565));
#9266=CARTESIAN_POINT('Ctrl Pts',(20.8804562114803,132.761097771727,-56.9853642641764));
#9267=CARTESIAN_POINT('Ctrl Pts',(20.9225037608046,133.232073789896,-57.0785363667718));
#9268=CARTESIAN_POINT('Ctrl Pts',(20.9225037608046,132.75936606845,-56.9951852414917));
#9269=CARTESIAN_POINT('Ctrl Pts',(20.9641159230697,133.230040948226,-57.0900651847769));
#9270=CARTESIAN_POINT('Ctrl Pts',(20.9641159230697,132.75733322678,-57.0067140594967));
#9271=CARTESIAN_POINT('Ctrl Pts',(21.0051213086966,133.227674389869,-57.1034866041595));
#9272=CARTESIAN_POINT('Ctrl Pts',(21.0051213086966,132.754966668423,-57.0201354788794));
#9273=CARTESIAN_POINT('Ctrl Pts',(21.0253077797046,133.226412323433,-57.1106441385937));
#9274=CARTESIAN_POINT('Ctrl Pts',(21.0253077797046,132.753704601987,-57.0272930133136));
#9275=CARTESIAN_POINT('Ctrl Pts',(21.0781969764527,133.222836665221,-57.1309227040034));
#9276=CARTESIAN_POINT('Ctrl Pts',(21.0781969764527,132.750128943775,-57.0475715787233));
#9277=CARTESIAN_POINT('Ctrl Pts',(21.1296010354776,133.218600410987,-57.1549476956247));
#9278=CARTESIAN_POINT('Ctrl Pts',(21.1296010354776,132.745892689541,-57.0715965703446));
#9279=CARTESIAN_POINT('Ctrl Pts',(21.1789362148614,133.213674247352,-57.182885357889));
#9280=CARTESIAN_POINT('Ctrl Pts',(21.1789362148614,132.740966525906,-57.0995342326089));
#9281=CARTESIAN_POINT('Ctrl Pts',(21.2086758571879,133.210329731895,-57.2018530475965));
#9282=CARTESIAN_POINT('Ctrl Pts',(21.2086758571879,132.737622010449,-57.1185019223164));
#9283=CARTESIAN_POINT('Ctrl Pts',(21.2372720674681,133.206696741005,-57.2224567627832));
#9284=CARTESIAN_POINT('Ctrl Pts',(21.2372720674681,132.733989019559,-57.1391056375031));
#9285=CARTESIAN_POINT('Ctrl Pts',(21.2645056498638,133.202763619312,-57.2447626043345));
#9286=CARTESIAN_POINT('Ctrl Pts',(21.2645056498638,132.730055897866,-57.1614114790544));
#9287=CARTESIAN_POINT('Ctrl Pts',(21.3150193251636,133.194406816168,-57.292156390072));
#9288=CARTESIAN_POINT('Ctrl Pts',(21.3150193251636,132.721699094722,-57.2088052647918));
#9289=CARTESIAN_POINT('Ctrl Pts',(21.3581839969059,133.184888467848,-57.3461376258538));
#9290=CARTESIAN_POINT('Ctrl Pts',(21.3581839969059,132.712180746402,-57.2627865005736));
#9291=CARTESIAN_POINT('Ctrl Pts',(21.3776701147174,133.179956704449,-57.3741070459585));
#9292=CARTESIAN_POINT('Ctrl Pts',(21.3776701147174,132.707248983003,-57.2907559206784));
#9293=CARTESIAN_POINT('Ctrl Pts',(21.3953952195321,133.174824126653,-57.4032153410976));
#9294=CARTESIAN_POINT('Ctrl Pts',(21.3953952195321,132.702116405207,-57.3198642158175));
#9295=CARTESIAN_POINT('Ctrl Pts',(21.4114088743773,133.169526691314,-57.4332585898269));
#9296=CARTESIAN_POINT('Ctrl Pts',(21.4114088743773,132.696818969868,-57.3499074645468));
#9297=CARTESIAN_POINT('Ctrl Pts',(21.4257690688731,133.164091442769,-57.4640834160875));
#9298=CARTESIAN_POINT('Ctrl Pts',(21.4257690688731,132.691383721323,-57.3807322908073));
#9299=CARTESIAN_POINT('Ctrl Pts',(21.4433733524718,133.156431005673,-57.5075279137168));
#9300=CARTESIAN_POINT('Ctrl Pts',(21.4433733524718,132.683723284227,-57.4241767884367));
#9301=CARTESIAN_POINT('Ctrl Pts',(21.4579696263226,133.148596410498,-57.5519601109));
#9302=CARTESIAN_POINT('Ctrl Pts',(21.4579696263226,132.675888689052,-57.4686089856198));
#9303=CARTESIAN_POINT('Ctrl Pts',(21.4617720338866,133.146423685124,-57.5642822488108));
#9304=CARTESIAN_POINT('Ctrl Pts',(21.4617720338866,132.673715963678,-57.4809311235307));
#9305=CARTESIAN_POINT('Ctrl Pts',(21.4653403971666,133.144240098998,-57.5766659811089));
#9306=CARTESIAN_POINT('Ctrl Pts',(21.4653403971666,132.671532377552,-57.4933148558288));
#9307=CARTESIAN_POINT('Ctrl Pts',(21.4686866600166,133.142046661781,-57.5891055817183));
#9308=CARTESIAN_POINT('Ctrl Pts',(21.4686866600166,132.669338940336,-57.5057544564382));
#9309=CARTESIAN_POINT('Ctrl Pts',(21.4718274420236,133.139844387477,-57.6015952999427));
#9310=CARTESIAN_POINT('Ctrl Pts',(21.4718274420236,132.667136666031,-57.5182441746626));
#9311=CARTESIAN_POINT('Ctrl Pts',(21.4841624273596,133.130556483913,-57.6542696185677));
#9312=CARTESIAN_POINT('Ctrl Pts',(21.4841624273596,132.657848762467,-57.5709184932875));
#9313=CARTESIAN_POINT('Ctrl Pts',(21.4930812074759,133.1211467534,-57.7076348521547));
#9314=CARTESIAN_POINT('Ctrl Pts',(21.4930812074759,132.648439031954,-57.6242837268746));
#9315=CARTESIAN_POINT('Ctrl Pts',(21.4981958747168,133.113931480756,-57.7485546967211));
#9316=CARTESIAN_POINT('Ctrl Pts',(21.4981958747168,132.64122375931,-57.665203571441));
#9317=CARTESIAN_POINT('Ctrl Pts',(21.5019697442835,133.106691600491,-57.789614098044));
#9318=CARTESIAN_POINT('Ctrl Pts',(21.5019697442835,132.633983879046,-57.7062629727638));
#9319=CARTESIAN_POINT('Ctrl Pts',(21.504752063862,133.099439584777,-57.8307423229198));
#9320=CARTESIAN_POINT('Ctrl Pts',(21.504752063862,132.626731863331,-57.7473911976397));
#9321=CARTESIAN_POINT('Ctrl Pts',(21.5068754991849,133.092179187334,-57.8719180829437));
#9322=CARTESIAN_POINT('Ctrl Pts',(21.5068754991849,132.619471465888,-57.7885669576636));
#9323=CARTESIAN_POINT('Ctrl Pts',(21.5086707453124,133.084915692979,-57.9131114064226));
#9324=CARTESIAN_POINT('Ctrl Pts',(21.5086707453124,132.612207971533,-57.8297602811424));
#9325=CARTESIAN_POINT('Ctrl Pts',(21.5104658285496,133.077652029275,-57.9543056903321));
#9326=CARTESIAN_POINT('Ctrl Pts',(21.5104658285496,132.604944307829,-57.870954565052));
#9327=CARTESIAN_POINT('',(19.7125057448086,133.141380676425,-57.5928825723596));
#9328=CARTESIAN_POINT('Ctrl Pts',(19.7125057448086,133.141380676425,-57.5928825723596));
#9329=CARTESIAN_POINT('Ctrl Pts',(19.7146420806433,133.145438795158,-57.5698678373713));
#9330=CARTESIAN_POINT('Ctrl Pts',(19.7167786688126,133.149496722506,-57.5468541877779));
#9331=CARTESIAN_POINT('Ctrl Pts',(19.7191821299483,133.15354954279,-57.5238695017814));
#9332=CARTESIAN_POINT('Ctrl Pts',(19.7221264211352,133.157589626044,-57.5009570510736));
#9333=CARTESIAN_POINT('Ctrl Pts',(19.7258790563293,133.16161061714,-57.4781528773726));
#9334=CARTESIAN_POINT('Ctrl Pts',(19.7307497016359,133.165596493474,-57.4555478493867));
#9335=CARTESIAN_POINT('Ctrl Pts',(19.7422530486238,133.172777000282,-57.4148251716708));
#9336=CARTESIAN_POINT('Ctrl Pts',(19.7591885884286,133.179627560971,-57.3759737113767));
#9337=CARTESIAN_POINT('Ctrl Pts',(19.7708892157213,133.183708011071,-57.3528323289101));
#9338=CARTESIAN_POINT('Ctrl Pts',(19.7842614716048,133.187639845243,-57.3305337892553));
#9339=CARTESIAN_POINT('Ctrl Pts',(19.7990785836022,133.191413267563,-57.3091336478536));
#9340=CARTESIAN_POINT('Ctrl Pts',(19.8232307476458,133.196833236068,-57.278395479005));
#9341=CARTESIAN_POINT('Ctrl Pts',(19.8499164354492,133.201868582422,-57.2498386107722));
#9342=CARTESIAN_POINT('Ctrl Pts',(19.8921961285283,133.20866164998,-57.2113132102327));
#9343=CARTESIAN_POINT('Ctrl Pts',(19.9220490316694,133.212786449598,-57.1879203091527));
#9344=CARTESIAN_POINT('Ctrl Pts',(19.9534815834947,133.216545812938,-57.1665999001844));
#9345=CARTESIAN_POINT('Ctrl Pts',(19.9802577699737,133.219398220228,-57.1504230945785));
#9346=CARTESIAN_POINT('Ctrl Pts',(20.0387719954228,133.224959188741,-57.1188852749533));
#9347=CARTESIAN_POINT('Ctrl Pts',(20.1002229315608,133.229495511007,-57.09315851296));
#9348=CARTESIAN_POINT('Ctrl Pts',(20.1508767827431,133.232514019259,-57.0760397019846));
#9349=CARTESIAN_POINT('Ctrl Pts',(20.2025290772953,133.234933209669,-57.0623197913965));
#9350=CARTESIAN_POINT('Ctrl Pts',(20.2369142400037,133.236287889687,-57.0546370192386));
#9351=CARTESIAN_POINT('Ctrl Pts',(20.271552411963,133.237414996603,-57.0482448782774));
#9352=CARTESIAN_POINT('Ctrl Pts',(20.3232609051907,133.238775336216,-57.0405300089592));
#9353=CARTESIAN_POINT('Ctrl Pts',(20.3752610487216,133.239705894629,-57.0352525499512));
#9354=CARTESIAN_POINT('Ctrl Pts',(20.3922621156536,133.2399668181,-57.0337727794169));
#9355=CARTESIAN_POINT('Ctrl Pts',(20.4092856425476,133.240182481781,-57.0325496899041));
#9356=CARTESIAN_POINT('Ctrl Pts',(20.4263189105126,133.240362620842,-57.0315280705198));
#9357=CARTESIAN_POINT('Ctrl Pts',(20.4433637375516,133.240501132124,-57.0307425340067));
#9358=CARTESIAN_POINT('Ctrl Pts',(20.4948357167266,133.240803805146,-57.0290259899954));
#9359=CARTESIAN_POINT('Ctrl Pts',(20.5463452316646,133.240759620779,-57.0292765719937));
#9360=CARTESIAN_POINT('Ctrl Pts',(20.5807811326806,133.240581022309,-57.0302894542523));
#9361=CARTESIAN_POINT('Ctrl Pts',(20.6151858611166,133.240259541052,-57.0321126650568));
#9362=CARTESIAN_POINT('Ctrl Pts',(20.6495399736776,133.239801541664,-57.0347101086624));
#9363=CARTESIAN_POINT('Ctrl Pts',(20.6838268538046,133.239213434728,-57.0380454288326));
#9364=CARTESIAN_POINT('Ctrl Pts',(20.7396402212744,133.238051811147,-57.0446333235322));
#9365=CARTESIAN_POINT('Ctrl Pts',(20.7952075034386,133.236577363825,-57.0529953298223));
#9366=CARTESIAN_POINT('Ctrl Pts',(20.8166739858256,133.235954890335,-57.0565255524086));
#9367=CARTESIAN_POINT('Ctrl Pts',(20.8380847078036,133.235275810024,-57.0603768082298));
#9368=CARTESIAN_POINT('Ctrl Pts',(20.8804562114803,133.233805493173,-57.0687153894565));
#9369=CARTESIAN_POINT('Ctrl Pts',(20.9225037608046,133.232073789896,-57.0785363667718));
#9370=CARTESIAN_POINT('Ctrl Pts',(20.9641159230697,133.230040948226,-57.0900651847769));
#9371=CARTESIAN_POINT('Ctrl Pts',(21.0051213086966,133.227674389869,-57.1034866041595));
#9372=CARTESIAN_POINT('Ctrl Pts',(21.0253077797046,133.226412323433,-57.1106441385937));
#9373=CARTESIAN_POINT('Ctrl Pts',(21.0781969764527,133.222836665221,-57.1309227040034));
#9374=CARTESIAN_POINT('Ctrl Pts',(21.1296010354776,133.218600410987,-57.1549476956247));
#9375=CARTESIAN_POINT('Ctrl Pts',(21.1789362148614,133.213674247352,-57.182885357889));
#9376=CARTESIAN_POINT('Ctrl Pts',(21.2086758571879,133.210329731895,-57.2018530475965));
#9377=CARTESIAN_POINT('Ctrl Pts',(21.2372720674681,133.206696741005,-57.2224567627832));
#9378=CARTESIAN_POINT('Ctrl Pts',(21.2645056498638,133.202763619312,-57.2447626043345));
#9379=CARTESIAN_POINT('Ctrl Pts',(21.3150193251636,133.194406816168,-57.292156390072));
#9380=CARTESIAN_POINT('Ctrl Pts',(21.3581839969059,133.184888467848,-57.3461376258538));
#9381=CARTESIAN_POINT('Ctrl Pts',(21.3776701147174,133.179956704449,-57.3741070459585));
#9382=CARTESIAN_POINT('Ctrl Pts',(21.3953952195321,133.174824126653,-57.4032153410976));
#9383=CARTESIAN_POINT('Ctrl Pts',(21.4114088743773,133.169526691314,-57.4332585898269));
#9384=CARTESIAN_POINT('Ctrl Pts',(21.4257690688731,133.164091442769,-57.4640834160875));
#9385=CARTESIAN_POINT('Ctrl Pts',(21.4433733524718,133.156431005673,-57.5075279137168));
#9386=CARTESIAN_POINT('Ctrl Pts',(21.4579696263226,133.148596410498,-57.5519601109));
#9387=CARTESIAN_POINT('Ctrl Pts',(21.4617720338866,133.146423685124,-57.5642822488108));
#9388=CARTESIAN_POINT('Ctrl Pts',(21.4653403971666,133.144240098998,-57.5766659811089));
#9389=CARTESIAN_POINT('Ctrl Pts',(21.4686866600166,133.142046661781,-57.5891055817183));
#9390=CARTESIAN_POINT('Ctrl Pts',(21.4718274420236,133.139844387477,-57.6015952999427));
#9391=CARTESIAN_POINT('Ctrl Pts',(21.4841624273596,133.130556483913,-57.6542696185677));
#9392=CARTESIAN_POINT('Ctrl Pts',(21.4930812074759,133.1211467534,-57.7076348521547));
#9393=CARTESIAN_POINT('Ctrl Pts',(21.4981958747168,133.113931480756,-57.7485546967211));
#9394=CARTESIAN_POINT('Ctrl Pts',(21.5019697442835,133.106691600491,-57.789614098044));
#9395=CARTESIAN_POINT('Ctrl Pts',(21.504752063862,133.099439584777,-57.8307423229198));
#9396=CARTESIAN_POINT('Ctrl Pts',(21.5068754991849,133.092179187334,-57.8719180829437));
#9397=CARTESIAN_POINT('Ctrl Pts',(21.5086707453124,133.084915692979,-57.9131114064226));
#9398=CARTESIAN_POINT('Ctrl Pts',(21.5104658285496,133.077652029275,-57.9543056903321));
#9399=CARTESIAN_POINT('',(19.7125057448086,133.141380676425,-57.5928825723596));
#9400=CARTESIAN_POINT('Origin',(19.7125151657486,129.917786638481,-75.8747928335798));
#9401=CARTESIAN_POINT('',(19.7125151657486,129.917786638481,-75.8747928335798));
#9402=CARTESIAN_POINT('',(19.7125151657486,129.917786638481,-75.8747928335798));
#9403=CARTESIAN_POINT('',(19.7125151657486,129.917786638481,-75.8747928335798));
#9404=CARTESIAN_POINT('Ctrl Pts',(21.5104569802786,129.989376388937,-75.4687871833493));
#9405=CARTESIAN_POINT('Ctrl Pts',(21.5104569802786,129.516668667491,-75.3854360580692));
#9406=CARTESIAN_POINT('Ctrl Pts',(21.5083100318798,129.984371370706,-75.4971720522481));
#9407=CARTESIAN_POINT('Ctrl Pts',(21.5083100318798,129.511663649261,-75.413820926968));
#9408=CARTESIAN_POINT('Ctrl Pts',(21.5061630294119,129.979366428653,-75.5255564891215));
#9409=CARTESIAN_POINT('Ctrl Pts',(21.5061630294119,129.506658707208,-75.4422053638414));
#9410=CARTESIAN_POINT('Ctrl Pts',(21.5039199257465,129.974362920077,-75.5539327963431));
#9411=CARTESIAN_POINT('Ctrl Pts',(21.5039199257465,129.501655198631,-75.470581671063));
#9412=CARTESIAN_POINT('Ctrl Pts',(21.5014841539051,129.9693626025,-75.5822910065118));
#9413=CARTESIAN_POINT('Ctrl Pts',(21.5014841539051,129.496654881054,-75.4989398812317));
#9414=CARTESIAN_POINT('Ctrl Pts',(21.498758926951,129.964367286563,-75.6106208509658));
#9415=CARTESIAN_POINT('Ctrl Pts',(21.498758926951,129.491659565118,-75.5272697256857));
#9416=CARTESIAN_POINT('Ctrl Pts',(21.4941867364109,129.957041479386,-75.6521675680229));
#9417=CARTESIAN_POINT('Ctrl Pts',(21.4941867364109,129.484333757941,-75.5688164427428));
#9418=CARTESIAN_POINT('Ctrl Pts',(21.4885623251736,129.949739597119,-75.6935786001778));
#9419=CARTESIAN_POINT('Ctrl Pts',(21.4885623251736,129.477031875673,-75.6102274748977));
#9420=CARTESIAN_POINT('Ctrl Pts',(21.4815869728837,129.94247576929,-75.7347738148801));
#9421=CARTESIAN_POINT('Ctrl Pts',(21.4815869728837,129.469768047845,-75.6514226896));
#9422=CARTESIAN_POINT('Ctrl Pts',(21.4792092626108,129.940162276785,-75.7478942828642));
#9423=CARTESIAN_POINT('Ctrl Pts',(21.4792092626108,129.467454555339,-75.6645431575841));
#9424=CARTESIAN_POINT('Ctrl Pts',(21.4766747153118,129.93785383642,-75.7609860987391));
#9425=CARTESIAN_POINT('Ctrl Pts',(21.4766747153118,129.465146114974,-75.6776349734589));
#9426=CARTESIAN_POINT('Ctrl Pts',(21.473975301877,129.935551065819,-75.7740457597846));
#9427=CARTESIAN_POINT('Ctrl Pts',(21.473975301877,129.462843344373,-75.6906946345045));
#9428=CARTESIAN_POINT('Ctrl Pts',(21.4653079996198,129.928649158946,-75.8131884187557));
#9429=CARTESIAN_POINT('Ctrl Pts',(21.4653079996198,129.4559414375,-75.7298372934756));
#9430=CARTESIAN_POINT('Ctrl Pts',(21.4550045539034,129.921812054343,-75.8519635657855));
#9431=CARTESIAN_POINT('Ctrl Pts',(21.4550045539034,129.449104332897,-75.7686124405054));
#9432=CARTESIAN_POINT('Ctrl Pts',(21.4474022179623,129.917282462165,-75.877652159558));
#9433=CARTESIAN_POINT('Ctrl Pts',(21.4474022179623,129.444574740719,-75.7943010342778));
#9434=CARTESIAN_POINT('Ctrl Pts',(21.439075296674,129.912790053829,-75.9031298732772));
#9435=CARTESIAN_POINT('Ctrl Pts',(21.439075296674,129.440082332383,-75.819778747997));
#9436=CARTESIAN_POINT('Ctrl Pts',(21.4300265991855,129.908339024147,-75.9283729169916));
#9437=CARTESIAN_POINT('Ctrl Pts',(21.4300265991855,129.435631302701,-75.8450217917114));
#9438=CARTESIAN_POINT('Ctrl Pts',(21.4137340527794,129.900990087836,-75.9700508058895));
#9439=CARTESIAN_POINT('Ctrl Pts',(21.4137340527794,129.42828236639,-75.8866996806094));
#9440=CARTESIAN_POINT('Ctrl Pts',(21.3954537713962,129.893780009789,-76.0109411904322));
#9441=CARTESIAN_POINT('Ctrl Pts',(21.3954537713962,129.421072288343,-75.9275900651521));
#9442=CARTESIAN_POINT('Ctrl Pts',(21.3752212096211,129.886727930476,-76.0509355196297));
#9443=CARTESIAN_POINT('Ctrl Pts',(21.3752212096211,129.41402020903,-75.9675843943495));
#9444=CARTESIAN_POINT('Ctrl Pts',(21.3668001307545,129.88393059457,-76.0667999998997));
#9445=CARTESIAN_POINT('Ctrl Pts',(21.3668001307545,129.411222873124,-75.9834488746196));
#9446=CARTESIAN_POINT('Ctrl Pts',(21.3580794172758,129.881159782062,-76.0825140585011));
#9447=CARTESIAN_POINT('Ctrl Pts',(21.3580794172758,129.408452060616,-75.9991629332209));
#9448=CARTESIAN_POINT('Ctrl Pts',(21.3490357420358,129.878420174352,-76.098051145902));
#9449=CARTESIAN_POINT('Ctrl Pts',(21.3490357420358,129.405712452906,-76.0147000206219));
#9450=CARTESIAN_POINT('Ctrl Pts',(21.3283971056589,129.87242408879,-76.1320566369357));
#9451=CARTESIAN_POINT('Ctrl Pts',(21.3283971056589,129.399716367344,-76.0487055116556));
#9452=CARTESIAN_POINT('Ctrl Pts',(21.296666186731,129.864076676368,-76.1793971652446));
#9453=CARTESIAN_POINT('Ctrl Pts',(21.296666186731,129.391368954922,-76.0960460399644));
#9454=CARTESIAN_POINT('Ctrl Pts',(21.273435984496,129.858541349128,-76.2107895659895));
#9455=CARTESIAN_POINT('Ctrl Pts',(21.273435984496,129.385833627682,-76.1274384407094));
#9456=CARTESIAN_POINT('Ctrl Pts',(21.2485627490656,129.853219547555,-76.2409710024963));
#9457=CARTESIAN_POINT('Ctrl Pts',(21.2485627490656,129.380511826109,-76.1576198772162));
#9458=CARTESIAN_POINT('Ctrl Pts',(21.2219405213804,129.848159713793,-76.2696667457205));
#9459=CARTESIAN_POINT('Ctrl Pts',(21.2219405213804,129.375451992347,-76.1863156204404));
#9460=CARTESIAN_POINT('Ctrl Pts',(21.193445265282,129.843417487658,-76.2965612465831));
#9461=CARTESIAN_POINT('Ctrl Pts',(21.193445265282,129.370709766212,-76.213210121303));
#9462=CARTESIAN_POINT('Ctrl Pts',(21.1630250393722,129.839066660395,-76.3212360141413));
#9463=CARTESIAN_POINT('Ctrl Pts',(21.1630250393722,129.366358938949,-76.2378848888612));
#9464=CARTESIAN_POINT('Ctrl Pts',(21.1006718844055,129.831566686655,-76.3637704788615));
#9465=CARTESIAN_POINT('Ctrl Pts',(21.1006718844055,129.358858965209,-76.2804193535814));
#9466=CARTESIAN_POINT('Ctrl Pts',(21.0529362627673,129.827179412241,-76.3886519484822));
#9467=CARTESIAN_POINT('Ctrl Pts',(21.0529362627673,129.354471690795,-76.3053008232021));
#9468=CARTESIAN_POINT('Ctrl Pts',(21.0192941772969,129.82462373872,-76.4031458932623));
#9469=CARTESIAN_POINT('Ctrl Pts',(21.0192941772969,129.351916017274,-76.3197947679822));
#9470=CARTESIAN_POINT('Ctrl Pts',(20.9847222729391,129.822461193003,-76.4154102994698));
#9471=CARTESIAN_POINT('Ctrl Pts',(20.9847222729391,129.349753471557,-76.3320591741896));
#9472=CARTESIAN_POINT('Ctrl Pts',(20.9494781365494,129.820663208797,-76.4256071746057));
#9473=CARTESIAN_POINT('Ctrl Pts',(20.9494781365494,129.347955487351,-76.3422560493256));
#9474=CARTESIAN_POINT('Ctrl Pts',(20.9137369655225,129.819199979879,-76.4339055581677));
#9475=CARTESIAN_POINT('Ctrl Pts',(20.9137369655225,129.346492258433,-76.3505544328876));
#9476=CARTESIAN_POINT('Ctrl Pts',(20.8621576211845,129.817552133379,-76.4432509600669));
#9477=CARTESIAN_POINT('Ctrl Pts',(20.8621576211845,129.344844411933,-76.3598998347868));
#9478=CARTESIAN_POINT('Ctrl Pts',(20.8101437900045,129.816495668078,-76.4492424725193));
#9479=CARTESIAN_POINT('Ctrl Pts',(20.8101437900045,129.343787946632,-76.3658913472392));
#9480=CARTESIAN_POINT('Ctrl Pts',(20.7944793393195,129.816229614744,-76.4507513359588));
#9481=CARTESIAN_POINT('Ctrl Pts',(20.7944793393195,129.343521893298,-76.3674002106786));
#9482=CARTESIAN_POINT('Ctrl Pts',(20.778803554375,129.816014654157,-76.4519704380266));
#9483=CARTESIAN_POINT('Ctrl Pts',(20.778803554375,129.343306932711,-76.3686193127465));
#9484=CARTESIAN_POINT('Ctrl Pts',(20.7631048217391,129.815847627478,-76.4529176933928));
#9485=CARTESIAN_POINT('Ctrl Pts',(20.7631048217391,129.343139906032,-76.3695665681127));
#9486=CARTESIAN_POINT('Ctrl Pts',(20.7474013788202,129.815727416768,-76.4535994422098));
#9487=CARTESIAN_POINT('Ctrl Pts',(20.7474013788202,129.343019695322,-76.3702483169297));
#9488=CARTESIAN_POINT('Ctrl Pts',(20.6987530396383,129.815492598641,-76.4549311619843));
#9489=CARTESIAN_POINT('Ctrl Pts',(20.6987530396383,129.342784877195,-76.3715800367041));
#9490=CARTESIAN_POINT('Ctrl Pts',(20.6501029174888,129.815663601542,-76.4539613563388));
#9491=CARTESIAN_POINT('Ctrl Pts',(20.6501029174888,129.342955880096,-76.3706102310587));
#9492=CARTESIAN_POINT('Ctrl Pts',(20.6171944909105,129.815945518053,-76.452362528357));
#9493=CARTESIAN_POINT('Ctrl Pts',(20.6171944909105,129.343237796607,-76.3690114030768));
#9494=CARTESIAN_POINT('Ctrl Pts',(20.5843382734126,129.816372463366,-76.4499412011623));
#9495=CARTESIAN_POINT('Ctrl Pts',(20.5843382734126,129.34366474192,-76.3665900758822));
#9496=CARTESIAN_POINT('Ctrl Pts',(20.5515462752026,129.816922929679,-76.4468193515679));
#9497=CARTESIAN_POINT('Ctrl Pts',(20.5515462752026,129.344215208234,-76.3634682262878));
#9498=CARTESIAN_POINT('Ctrl Pts',(20.5188213784681,129.817575564223,-76.4431180771465));
#9499=CARTESIAN_POINT('Ctrl Pts',(20.5188213784681,129.344867842777,-76.3597669518664));
#9500=CARTESIAN_POINT('Ctrl Pts',(20.4551775966612,129.81900527869,-76.4350097634823));
#9501=CARTESIAN_POINT('Ctrl Pts',(20.4551775966612,129.346297557244,-76.3516586382022));
#9502=CARTESIAN_POINT('Ctrl Pts',(20.391712853085,129.820666064251,-76.425590980525));
#9503=CARTESIAN_POINT('Ctrl Pts',(20.391712853085,129.347958342805,-76.3422398552448));
#9504=CARTESIAN_POINT('Ctrl Pts',(20.3608859246365,129.82154474593,-76.4206077290899));
#9505=CARTESIAN_POINT('Ctrl Pts',(20.3608859246365,129.348837024485,-76.3372566038098));
#9506=CARTESIAN_POINT('Ctrl Pts',(20.3301367653686,129.822507271331,-76.4151489762863));
#9507=CARTESIAN_POINT('Ctrl Pts',(20.3301367653686,129.349799549885,-76.3317978510062));
#9508=CARTESIAN_POINT('Ctrl Pts',(20.2994971196979,129.823569235777,-76.4091262766313));
#9509=CARTESIAN_POINT('Ctrl Pts',(20.2994971196979,129.350861514331,-76.3257751513512));
#9510=CARTESIAN_POINT('Ctrl Pts',(20.2550287797196,129.825283232242,-76.3994057196404));
#9511=CARTESIAN_POINT('Ctrl Pts',(20.2550287797196,129.352575510796,-76.3160545943602));
#9512=CARTESIAN_POINT('Ctrl Pts',(20.2109310432326,129.827268472055,-76.3881468651781));
#9513=CARTESIAN_POINT('Ctrl Pts',(20.2109310432326,129.354560750609,-76.304795739898));
#9514=CARTESIAN_POINT('Ctrl Pts',(20.1673458877999,129.82956661829,-76.3751134302182));
#9515=CARTESIAN_POINT('Ctrl Pts',(20.1673458877999,129.356858896844,-76.2917623049381));
#9516=CARTESIAN_POINT('Ctrl Pts',(20.1537117261973,129.830320182343,-76.3708397561038));
#9517=CARTESIAN_POINT('Ctrl Pts',(20.1537117261973,129.357612460897,-76.2874886308237));
#9518=CARTESIAN_POINT('Ctrl Pts',(20.1401378113759,129.831107030041,-76.3663773210594));
#9519=CARTESIAN_POINT('Ctrl Pts',(20.1401378113759,129.358399308595,-76.2830261957792));
#9520=CARTESIAN_POINT('Ctrl Pts',(20.1266297605602,129.831928329863,-76.3617194983082));
#9521=CARTESIAN_POINT('Ctrl Pts',(20.1266297605602,129.359220608418,-76.2783683730281));
#9522=CARTESIAN_POINT('Ctrl Pts',(20.0865225876769,129.834483308402,-76.347229494972));
#9523=CARTESIAN_POINT('Ctrl Pts',(20.0865225876769,129.361775586956,-76.2638783696919));
#9524=CARTESIAN_POINT('Ctrl Pts',(20.0471175676545,129.837363714984,-76.3308938974888));
#9525=CARTESIAN_POINT('Ctrl Pts',(20.0471175676545,129.364655993539,-76.2475427722087));
#9526=CARTESIAN_POINT('Ctrl Pts',(20.021291006017,129.839434135519,-76.3191519591507));
#9527=CARTESIAN_POINT('Ctrl Pts',(20.021291006017,129.366726414073,-76.2358008338706));
#9528=CARTESIAN_POINT('Ctrl Pts',(19.9867604980882,129.84247887436,-76.3018843871156));
#9529=CARTESIAN_POINT('Ctrl Pts',(19.9867604980882,129.369771152914,-76.2185332618354));
#9530=CARTESIAN_POINT('Ctrl Pts',(19.953242431737,129.845854655806,-76.2827393791766));
#9531=CARTESIAN_POINT('Ctrl Pts',(19.953242431737,129.37314693436,-76.1993882538964));
#9532=CARTESIAN_POINT('Ctrl Pts',(19.9124362713776,129.850583739516,-76.255919412708));
#9533=CARTESIAN_POINT('Ctrl Pts',(19.9124362713776,129.37787601807,-76.1725682874279));
#9534=CARTESIAN_POINT('Ctrl Pts',(19.8659867119093,129.85708105531,-76.2190713037662));
#9535=CARTESIAN_POINT('Ctrl Pts',(19.8659867119093,129.384373333865,-76.1357201784861));
#9536=CARTESIAN_POINT('Ctrl Pts',(19.824486835611,129.864512886479,-76.1769232947746));
#9537=CARTESIAN_POINT('Ctrl Pts',(19.824486835611,129.391805165033,-76.0935721694945));
#9538=CARTESIAN_POINT('Ctrl Pts',(19.8043037666103,129.868649876296,-76.1534612596375));
#9539=CARTESIAN_POINT('Ctrl Pts',(19.8043037666103,129.39594215485,-76.0701101343574));
#9540=CARTESIAN_POINT('Ctrl Pts',(19.7859698947716,129.873033462181,-76.1286007087029));
#9541=CARTESIAN_POINT('Ctrl Pts',(19.7859698947716,129.400325740735,-76.0452495834228));
#9542=CARTESIAN_POINT('Ctrl Pts',(19.7698585212612,129.877663433237,-76.1023428380285));
#9543=CARTESIAN_POINT('Ctrl Pts',(19.7698585212612,129.404955711791,-76.0189917127484));
#9544=CARTESIAN_POINT('Ctrl Pts',(19.7602026902849,129.880872537926,-76.0841431009464));
#9545=CARTESIAN_POINT('Ctrl Pts',(19.7602026902849,129.40816481648,-76.0007919756663));
#9546=CARTESIAN_POINT('Ctrl Pts',(19.7495386248422,129.885089873229,-76.0602254039158));
#9547=CARTESIAN_POINT('Ctrl Pts',(19.7495386248422,129.412382151783,-75.9768742786356));
#9548=CARTESIAN_POINT('Ctrl Pts',(19.739798854746,129.889607619127,-76.0346039937403));
#9549=CARTESIAN_POINT('Ctrl Pts',(19.739798854746,129.416899897681,-75.9512528684601));
#9550=CARTESIAN_POINT('Ctrl Pts',(19.7346817374558,129.892474525328,-76.0183449607223));
#9551=CARTESIAN_POINT('Ctrl Pts',(19.7346817374558,129.419766803882,-75.9349938354422));
#9552=CARTESIAN_POINT('Ctrl Pts',(19.7288632752697,129.896424433782,-75.9959439167155));
#9553=CARTESIAN_POINT('Ctrl Pts',(19.7288632752697,129.423716712337,-75.9125927914354));
#9554=CARTESIAN_POINT('Ctrl Pts',(19.7243601066676,129.90042675528,-75.9732456235679));
#9555=CARTESIAN_POINT('Ctrl Pts',(19.7243601066676,129.427719033835,-75.8898944982877));
#9556=CARTESIAN_POINT('Ctrl Pts',(19.7208397085679,129.904462114773,-75.9503599626429));
#9557=CARTESIAN_POINT('Ctrl Pts',(19.7208397085679,129.431754393327,-75.8670088373628));
#9558=CARTESIAN_POINT('Ctrl Pts',(19.7179942075769,129.908513446752,-75.9273837172429));
#9559=CARTESIAN_POINT('Ctrl Pts',(19.7179942075769,129.435805725306,-75.8440325919628));
#9560=CARTESIAN_POINT('Ctrl Pts',(19.715524006981,129.912574216242,-75.9043539490641));
#9561=CARTESIAN_POINT('Ctrl Pts',(19.715524006981,129.439866494796,-75.821002823784));
#9562=CARTESIAN_POINT('Ctrl Pts',(19.713744525124,129.915645906486,-75.8869335280254));
#9563=CARTESIAN_POINT('Ctrl Pts',(19.713744525124,129.44293818504,-75.8035824027453));
#9564=CARTESIAN_POINT('Ctrl Pts',(19.7131298390782,129.916716268459,-75.8808632036256));
#9565=CARTESIAN_POINT('Ctrl Pts',(19.7131298390782,129.444008547014,-75.7975120783454));
#9566=CARTESIAN_POINT('Ctrl Pts',(19.7125151657486,129.917786638481,-75.8747928335798));
#9567=CARTESIAN_POINT('Ctrl Pts',(19.7125151657486,129.445078917036,-75.7914417082996));
#9568=CARTESIAN_POINT('',(21.5104569802786,129.989376388937,-75.4687871833493));
#9569=CARTESIAN_POINT('Ctrl Pts',(21.5104569802786,129.989376388937,-75.4687871833493));
#9570=CARTESIAN_POINT('Ctrl Pts',(21.5083100318798,129.984371370706,-75.4971720522481));
#9571=CARTESIAN_POINT('Ctrl Pts',(21.5061630294119,129.979366428653,-75.5255564891215));
#9572=CARTESIAN_POINT('Ctrl Pts',(21.5039199257465,129.974362920077,-75.5539327963431));
#9573=CARTESIAN_POINT('Ctrl Pts',(21.5014841539051,129.9693626025,-75.5822910065118));
#9574=CARTESIAN_POINT('Ctrl Pts',(21.498758926951,129.964367286563,-75.6106208509658));
#9575=CARTESIAN_POINT('Ctrl Pts',(21.4941867364109,129.957041479386,-75.6521675680229));
#9576=CARTESIAN_POINT('Ctrl Pts',(21.4885623251736,129.949739597119,-75.6935786001778));
#9577=CARTESIAN_POINT('Ctrl Pts',(21.4815869728837,129.94247576929,-75.7347738148801));
#9578=CARTESIAN_POINT('Ctrl Pts',(21.4792092626108,129.940162276785,-75.7478942828642));
#9579=CARTESIAN_POINT('Ctrl Pts',(21.4766747153118,129.93785383642,-75.7609860987391));
#9580=CARTESIAN_POINT('Ctrl Pts',(21.473975301877,129.935551065819,-75.7740457597846));
#9581=CARTESIAN_POINT('Ctrl Pts',(21.4653079996198,129.928649158946,-75.8131884187557));
#9582=CARTESIAN_POINT('Ctrl Pts',(21.4550045539034,129.921812054343,-75.8519635657855));
#9583=CARTESIAN_POINT('Ctrl Pts',(21.4474022179623,129.917282462165,-75.877652159558));
#9584=CARTESIAN_POINT('Ctrl Pts',(21.439075296674,129.912790053829,-75.9031298732772));
#9585=CARTESIAN_POINT('Ctrl Pts',(21.4300265991855,129.908339024147,-75.9283729169916));
#9586=CARTESIAN_POINT('Ctrl Pts',(21.4137340527794,129.900990087836,-75.9700508058895));
#9587=CARTESIAN_POINT('Ctrl Pts',(21.3954537713962,129.893780009789,-76.0109411904322));
#9588=CARTESIAN_POINT('Ctrl Pts',(21.3752212096211,129.886727930476,-76.0509355196297));
#9589=CARTESIAN_POINT('Ctrl Pts',(21.3668001307545,129.88393059457,-76.0667999998997));
#9590=CARTESIAN_POINT('Ctrl Pts',(21.3580794172758,129.881159782062,-76.0825140585011));
#9591=CARTESIAN_POINT('Ctrl Pts',(21.3490357420358,129.878420174352,-76.098051145902));
#9592=CARTESIAN_POINT('Ctrl Pts',(21.3283971056589,129.87242408879,-76.1320566369357));
#9593=CARTESIAN_POINT('Ctrl Pts',(21.296666186731,129.864076676368,-76.1793971652446));
#9594=CARTESIAN_POINT('Ctrl Pts',(21.273435984496,129.858541349128,-76.2107895659895));
#9595=CARTESIAN_POINT('Ctrl Pts',(21.2485627490656,129.853219547555,-76.2409710024963));
#9596=CARTESIAN_POINT('Ctrl Pts',(21.2219405213804,129.848159713793,-76.2696667457205));
#9597=CARTESIAN_POINT('Ctrl Pts',(21.193445265282,129.843417487658,-76.2965612465831));
#9598=CARTESIAN_POINT('Ctrl Pts',(21.1630250393722,129.839066660395,-76.3212360141413));
#9599=CARTESIAN_POINT('Ctrl Pts',(21.1006718844055,129.831566686655,-76.3637704788615));
#9600=CARTESIAN_POINT('Ctrl Pts',(21.0529362627673,129.827179412241,-76.3886519484822));
#9601=CARTESIAN_POINT('Ctrl Pts',(21.0192941772969,129.82462373872,-76.4031458932623));
#9602=CARTESIAN_POINT('Ctrl Pts',(20.9847222729391,129.822461193003,-76.4154102994698));
#9603=CARTESIAN_POINT('Ctrl Pts',(20.9494781365494,129.820663208797,-76.4256071746057));
#9604=CARTESIAN_POINT('Ctrl Pts',(20.9137369655225,129.819199979879,-76.4339055581677));
#9605=CARTESIAN_POINT('Ctrl Pts',(20.8621576211845,129.817552133379,-76.4432509600669));
#9606=CARTESIAN_POINT('Ctrl Pts',(20.8101437900045,129.816495668078,-76.4492424725193));
#9607=CARTESIAN_POINT('Ctrl Pts',(20.7944793393195,129.816229614744,-76.4507513359588));
#9608=CARTESIAN_POINT('Ctrl Pts',(20.778803554375,129.816014654157,-76.4519704380266));
#9609=CARTESIAN_POINT('Ctrl Pts',(20.7631048217391,129.815847627478,-76.4529176933928));
#9610=CARTESIAN_POINT('Ctrl Pts',(20.7474013788202,129.815727416768,-76.4535994422098));
#9611=CARTESIAN_POINT('Ctrl Pts',(20.6987530396383,129.815492598641,-76.4549311619843));
#9612=CARTESIAN_POINT('Ctrl Pts',(20.6501029174888,129.815663601542,-76.4539613563388));
#9613=CARTESIAN_POINT('Ctrl Pts',(20.6171944909105,129.815945518053,-76.452362528357));
#9614=CARTESIAN_POINT('Ctrl Pts',(20.5843382734126,129.816372463366,-76.4499412011623));
#9615=CARTESIAN_POINT('Ctrl Pts',(20.5515462752026,129.816922929679,-76.4468193515679));
#9616=CARTESIAN_POINT('Ctrl Pts',(20.5188213784681,129.817575564223,-76.4431180771465));
#9617=CARTESIAN_POINT('Ctrl Pts',(20.4551775966612,129.81900527869,-76.4350097634823));
#9618=CARTESIAN_POINT('Ctrl Pts',(20.391712853085,129.820666064251,-76.425590980525));
#9619=CARTESIAN_POINT('Ctrl Pts',(20.3608859246365,129.82154474593,-76.4206077290899));
#9620=CARTESIAN_POINT('Ctrl Pts',(20.3301367653686,129.822507271331,-76.4151489762863));
#9621=CARTESIAN_POINT('Ctrl Pts',(20.2994971196979,129.823569235777,-76.4091262766313));
#9622=CARTESIAN_POINT('Ctrl Pts',(20.2550287797196,129.825283232242,-76.3994057196404));
#9623=CARTESIAN_POINT('Ctrl Pts',(20.2109310432326,129.827268472055,-76.3881468651781));
#9624=CARTESIAN_POINT('Ctrl Pts',(20.1673458877999,129.82956661829,-76.3751134302182));
#9625=CARTESIAN_POINT('Ctrl Pts',(20.1537117261973,129.830320182343,-76.3708397561038));
#9626=CARTESIAN_POINT('Ctrl Pts',(20.1401378113759,129.831107030041,-76.3663773210594));
#9627=CARTESIAN_POINT('Ctrl Pts',(20.1266297605602,129.831928329863,-76.3617194983082));
#9628=CARTESIAN_POINT('Ctrl Pts',(20.0865225876769,129.834483308402,-76.347229494972));
#9629=CARTESIAN_POINT('Ctrl Pts',(20.0471175676545,129.837363714984,-76.3308938974888));
#9630=CARTESIAN_POINT('Ctrl Pts',(20.021291006017,129.839434135519,-76.3191519591507));
#9631=CARTESIAN_POINT('Ctrl Pts',(19.9867604980882,129.84247887436,-76.3018843871156));
#9632=CARTESIAN_POINT('Ctrl Pts',(19.953242431737,129.845854655806,-76.2827393791766));
#9633=CARTESIAN_POINT('Ctrl Pts',(19.9124362713776,129.850583739516,-76.255919412708));
#9634=CARTESIAN_POINT('Ctrl Pts',(19.8659867119093,129.85708105531,-76.2190713037662));
#9635=CARTESIAN_POINT('Ctrl Pts',(19.824486835611,129.864512886479,-76.1769232947746));
#9636=CARTESIAN_POINT('Ctrl Pts',(19.8043037666103,129.868649876296,-76.1534612596375));
#9637=CARTESIAN_POINT('Ctrl Pts',(19.7859698947716,129.873033462181,-76.1286007087029));
#9638=CARTESIAN_POINT('Ctrl Pts',(19.7698585212612,129.877663433237,-76.1023428380285));
#9639=CARTESIAN_POINT('Ctrl Pts',(19.7602026902849,129.880872537926,-76.0841431009464));
#9640=CARTESIAN_POINT('Ctrl Pts',(19.7495386248422,129.885089873229,-76.0602254039158));
#9641=CARTESIAN_POINT('Ctrl Pts',(19.739798854746,129.889607619127,-76.0346039937403));
#9642=CARTESIAN_POINT('Ctrl Pts',(19.7346817374558,129.892474525328,-76.0183449607223));
#9643=CARTESIAN_POINT('Ctrl Pts',(19.7288632752697,129.896424433782,-75.9959439167155));
#9644=CARTESIAN_POINT('Ctrl Pts',(19.7243601066676,129.90042675528,-75.9732456235679));
#9645=CARTESIAN_POINT('Ctrl Pts',(19.7208397085679,129.904462114773,-75.9503599626429));
#9646=CARTESIAN_POINT('Ctrl Pts',(19.7179942075769,129.908513446752,-75.9273837172429));
#9647=CARTESIAN_POINT('Ctrl Pts',(19.715524006981,129.912574216242,-75.9043539490641));
#9648=CARTESIAN_POINT('Ctrl Pts',(19.713744525124,129.915645906486,-75.8869335280254));
#9649=CARTESIAN_POINT('Ctrl Pts',(19.7131298390782,129.916716268459,-75.8808632036256));
#9650=CARTESIAN_POINT('Ctrl Pts',(19.7125151657486,129.917786638481,-75.8747928335798));
#9651=CARTESIAN_POINT('',(21.5104569802786,129.989376388937,-75.4687871833493));
#9652=CARTESIAN_POINT('Origin',(21.5104658284496,130.96180383258,-69.9538771013195));
#9653=CARTESIAN_POINT('',(21.5104658284496,130.96180383258,-69.9538771013195));
#9654=CARTESIAN_POINT('',(21.5104658284496,130.96180383258,-69.9538771013195));
#9655=CARTESIAN_POINT('',(21.5104658284496,130.96180383258,-69.9538771013195));
#9656=CARTESIAN_POINT('Origin',(20.5026973042096,130.96180383258,-69.9538771013195));
#9657=CARTESIAN_POINT('',(20.5026973042096,130.96180383258,-69.9538771013195));
#9658=CARTESIAN_POINT('',(20.5026973042096,130.96180383258,-69.9538771013195));
#9659=CARTESIAN_POINT('',(20.5026973042096,130.96180383258,-69.9538771013195));
#9660=CARTESIAN_POINT('Origin',(20.5026973042096,131.351570251676,-67.7434018948035));
#9661=CARTESIAN_POINT('',(20.5026973042096,131.351570251676,-67.7434018948035));
#9662=CARTESIAN_POINT('',(20.5026973042096,131.351570251676,-67.7434018948035));
#9663=CARTESIAN_POINT('',(20.5026973042096,131.351570251676,-67.7434018948035));
#9664=CARTESIAN_POINT('Origin',(23.6519742454036,131.351570251676,-67.7434018948035));
#9665=CARTESIAN_POINT('',(23.6519742454036,131.351570251676,-67.7434018948035));
#9666=CARTESIAN_POINT('',(23.6519742454036,131.351570251676,-67.7434018948035));
#9667=CARTESIAN_POINT('',(23.6519742454036,131.351570251676,-67.7434018948035));
#9668=CARTESIAN_POINT('Origin',(23.6519742454036,129.778395891971,-76.6653170400896));
#9669=CARTESIAN_POINT('',(23.6519742454036,129.778395891971,-76.6653170400896));
#9670=CARTESIAN_POINT('',(23.6519742454036,129.778395891971,-76.6653170400896));
#9671=CARTESIAN_POINT('',(23.6519742454036,129.778395891971,-76.6653170400896));
#9672=CARTESIAN_POINT('Origin',(21.7040628188898,129.778395891971,-76.6653170400896));
#9673=CARTESIAN_POINT('',(21.7040628188898,129.4401446225,-78.5836353151015));
#9674=CARTESIAN_POINT('Origin',(21.7040628188898,129.778395891971,-76.6653170400896));
#9675=CARTESIAN_POINT('',(21.7040628188898,129.4401446225,-78.5836353151015));
#9676=CARTESIAN_POINT('Origin',(19.4949287796087,129.4401446225,-78.5836353151015));
#9677=CARTESIAN_POINT('',(19.4949287796087,129.4401446225,-78.5836353151015));
#9678=CARTESIAN_POINT('',(19.4949287796087,129.4401446225,-78.5836353151015));
#9679=CARTESIAN_POINT('',(19.4949287796087,129.4401446225,-78.5836353151015));
#9680=CARTESIAN_POINT('Origin',(19.5203640787081,129.786099177683,-76.6216295358781));
#9681=CARTESIAN_POINT('',(17.5280911978108,129.790515971017,-76.5965806561432));
#9682=CARTESIAN_POINT('Origin',(19.5203640787081,129.786099177683,-76.6216295358781));
#9683=CARTESIAN_POINT('',(17.5280911978108,129.790515971017,-76.5965806561432));
#9684=CARTESIAN_POINT('Origin',(17.5280911978108,133.263482466308,-56.9004089112566));
#9685=CARTESIAN_POINT('',(17.5280911978108,133.263482466308,-56.9004089112566));
#9686=CARTESIAN_POINT('',(17.5280911978108,133.263482466308,-56.9004089112566));
#9687=CARTESIAN_POINT('',(17.5280911978108,133.263482466308,-56.9004089112566));
#9688=CARTESIAN_POINT('Origin',(19.5076795326028,133.263482466308,-56.9004089112566));
#9689=CARTESIAN_POINT('',(19.5076795326028,133.607234373175,-54.9508949713809));
#9690=CARTESIAN_POINT('Origin',(19.5076795326028,133.263482466308,-56.9004089112566));
#9691=CARTESIAN_POINT('',(19.5076795326028,133.607234373175,-54.9508949713809));
#9692=CARTESIAN_POINT('Origin',(21.6148958269107,133.607234373175,-54.9508949713809));
#9693=CARTESIAN_POINT('',(21.6148958269107,133.607234373175,-54.9508949713809));
#9694=CARTESIAN_POINT('Origin',(21.7004856323628,133.268361984364,-56.8727357892141));
#9695=CARTESIAN_POINT('Ctrl Pts',(28.7872766417968,132.364510062231,-61.9987347628371));
#9696=CARTESIAN_POINT('Ctrl Pts',(28.7872766417968,131.891802340785,-61.915383637557));
#9697=CARTESIAN_POINT('Ctrl Pts',(28.7812486743566,132.345381684449,-62.1072171839881));
#9698=CARTESIAN_POINT('Ctrl Pts',(28.7812486743566,131.872673963003,-62.023866058708));
#9699=CARTESIAN_POINT('Ctrl Pts',(28.7752205755665,132.326253511188,-62.2156984452452));
#9700=CARTESIAN_POINT('Ctrl Pts',(28.7752205755665,131.853545789743,-62.1323473199651));
#9701=CARTESIAN_POINT('Ctrl Pts',(28.7686137832475,132.30713075642,-62.3241489767067));
#9702=CARTESIAN_POINT('Ctrl Pts',(28.7686137832475,131.834423034974,-62.2407978514265));
#9703=CARTESIAN_POINT('Ctrl Pts',(28.7608470785836,132.288021625312,-62.4325222445437));
#9704=CARTESIAN_POINT('Ctrl Pts',(28.7608470785836,131.815313903866,-62.3491711192636));
#9705=CARTESIAN_POINT('Ctrl Pts',(28.7513379708837,132.268932649005,-62.54078120883));
#9706=CARTESIAN_POINT('Ctrl Pts',(28.7513379708837,131.796224927559,-62.4574300835499));
#9707=CARTESIAN_POINT('Ctrl Pts',(28.739490243368,132.249880640561,-62.6488305179448));
#9708=CARTESIAN_POINT('Ctrl Pts',(28.739490243368,131.777172919115,-62.5654793926647));
#9709=CARTESIAN_POINT('Ctrl Pts',(28.7247120010792,132.230893343471,-62.7565128307348));
#9710=CARTESIAN_POINT('Ctrl Pts',(28.7247120010792,131.758185622025,-62.6731617054547));
#9711=CARTESIAN_POINT('Ctrl Pts',(28.6882611528903,132.193206681279,-62.9702445128703));
#9712=CARTESIAN_POINT('Ctrl Pts',(28.6882611528903,131.720498959833,-62.8868933875902));
#9713=CARTESIAN_POINT('Ctrl Pts',(28.6666351308219,132.174509011198,-63.0762842692683));
#9714=CARTESIAN_POINT('Ctrl Pts',(28.6666351308219,131.701801289752,-62.9929331439882));
#9715=CARTESIAN_POINT('Ctrl Pts',(28.6418592503354,132.155924453889,-63.1816825312587));
#9716=CARTESIAN_POINT('Ctrl Pts',(28.6418592503354,131.683216732443,-63.0983314059785));
#9717=CARTESIAN_POINT('Ctrl Pts',(28.6142295454378,132.137460060186,-63.2863993115752));
#9718=CARTESIAN_POINT('Ctrl Pts',(28.6142295454378,131.664752338741,-63.203048186295));
#9719=CARTESIAN_POINT('Ctrl Pts',(28.5840356143147,132.119118579698,-63.3904190164138));
#9720=CARTESIAN_POINT('Ctrl Pts',(28.5840356143147,131.646410858252,-63.3070678911337));
#9721=CARTESIAN_POINT('Ctrl Pts',(28.5515547424957,132.100898717841,-63.4937489877187));
#9722=CARTESIAN_POINT('Ctrl Pts',(28.5515547424957,131.628190996395,-63.4103978624386));
#9723=CARTESIAN_POINT('Ctrl Pts',(28.4823633085402,132.064598487064,-63.6996178265735));
#9724=CARTESIAN_POINT('Ctrl Pts',(28.4823633085402,131.591890765618,-63.6162667012933));
#9725=CARTESIAN_POINT('Ctrl Pts',(28.4060378364241,132.028732020284,-63.9030266675594));
#9726=CARTESIAN_POINT('Ctrl Pts',(28.4060378364241,131.556024298838,-63.8196755422793));
#9727=CARTESIAN_POINT('Ctrl Pts',(28.3658482427243,132.010878093407,-64.0042813184606));
#9728=CARTESIAN_POINT('Ctrl Pts',(28.3658482427243,131.538170371962,-63.9209301931805));
#9729=CARTESIAN_POINT('Ctrl Pts',(28.3235860579733,131.993166980057,-64.1047260336119));
#9730=CARTESIAN_POINT('Ctrl Pts',(28.3235860579733,131.520459258611,-64.0213749083317));
#9731=CARTESIAN_POINT('Ctrl Pts',(28.2791124949569,131.975619266924,-64.2042440600768));
#9732=CARTESIAN_POINT('Ctrl Pts',(28.2791124949569,131.502911545478,-64.1208929347967));
#9733=CARTESIAN_POINT('Ctrl Pts',(28.2322941303926,131.958257919615,-64.3027051534346));
#9734=CARTESIAN_POINT('Ctrl Pts',(28.2322941303926,131.485550198169,-64.2193540281545));
#9735=CARTESIAN_POINT('Ctrl Pts',(28.1740598421788,131.937995500145,-64.4176190445962));
#9736=CARTESIAN_POINT('Ctrl Pts',(28.1740598421788,131.465287778699,-64.3342679193161));
#9737=CARTESIAN_POINT('Ctrl Pts',(28.1122174123275,131.918066254517,-64.5306434130026));
#9738=CARTESIAN_POINT('Ctrl Pts',(28.1122174123275,131.445358533072,-64.4472922877225));
#9739=CARTESIAN_POINT('Ctrl Pts',(28.0557629809048,131.900077025538,-64.6326654002608));
#9740=CARTESIAN_POINT('Ctrl Pts',(28.0557629809048,131.427369304092,-64.5493142749807));
#9741=CARTESIAN_POINT('Ctrl Pts',(27.9964911496398,131.882355383143,-64.7331698285895));
#9742=CARTESIAN_POINT('Ctrl Pts',(27.9964911496398,131.409647661697,-64.6498187033094));
#9743=CARTESIAN_POINT('Ctrl Pts',(27.9347985677889,131.864883345183,-64.8322586798248));
#9744=CARTESIAN_POINT('Ctrl Pts',(27.9347985677889,131.392175623737,-64.7489075545447));
#9745=CARTESIAN_POINT('Ctrl Pts',(27.8710665872227,131.847634425425,-64.9300821648572));
#9746=CARTESIAN_POINT('Ctrl Pts',(27.8710665872227,131.374926703979,-64.8467310395771));
#9747=CARTESIAN_POINT('Ctrl Pts',(27.8056514216301,131.830577503803,-65.0268167743518));
#9748=CARTESIAN_POINT('Ctrl Pts',(27.8056514216301,131.357869782357,-64.9434656490716));
#9749=CARTESIAN_POINT('Ctrl Pts',(27.7389007999677,131.813679990088,-65.1226473366793));
#9750=CARTESIAN_POINT('Ctrl Pts',(27.7389007999677,131.340972268642,-65.0392962113992));
#9751=CARTESIAN_POINT('Ctrl Pts',(27.6600774452898,131.794112253035,-65.2336214880779));
#9752=CARTESIAN_POINT('Ctrl Pts',(27.6600774452898,131.321404531589,-65.1502703627978));
#9753=CARTESIAN_POINT('Ctrl Pts',(27.5801719731631,131.774677104193,-65.3438436943696));
#9754=CARTESIAN_POINT('Ctrl Pts',(27.5801719731631,131.301969382747,-65.2604925690894));
#9755=CARTESIAN_POINT('Ctrl Pts',(27.5571053438906,131.769098067478,-65.3754839838605));
#9756=CARTESIAN_POINT('Ctrl Pts',(27.5571053438906,131.296390346032,-65.2921328585804));
#9757=CARTESIAN_POINT('Ctrl Pts',(27.5339991419392,131.763524201741,-65.4070949472799));
#9758=CARTESIAN_POINT('Ctrl Pts',(27.5339991419392,131.290816480295,-65.3237438219998));
#9759=CARTESIAN_POINT('Ctrl Pts',(27.5108063093135,131.757961209005,-65.4386442468441));
#9760=CARTESIAN_POINT('Ctrl Pts',(27.5108063093135,131.28525348756,-65.355293121564));
#9761=CARTESIAN_POINT('Ctrl Pts',(27.4605384212434,131.745942528605,-65.5068055704973));
#9762=CARTESIAN_POINT('Ctrl Pts',(27.4605384212434,131.273234807159,-65.4234544452171));
#9763=CARTESIAN_POINT('Ctrl Pts',(27.3769171911079,131.726116825522,-65.6192427199509));
#9764=CARTESIAN_POINT('Ctrl Pts',(27.3769171911079,131.253409104076,-65.5358915946708));
#9765=CARTESIAN_POINT('Ctrl Pts',(27.2926784731831,131.706370945891,-65.7312271681115));
#9766=CARTESIAN_POINT('Ctrl Pts',(27.2926784731831,131.233663224446,-65.6478760428314));
#9767=CARTESIAN_POINT('Ctrl Pts',(27.2317066421192,131.692178958287,-65.8117139293984));
#9768=CARTESIAN_POINT('Ctrl Pts',(27.2317066421192,131.219471236841,-65.7283628041182));
#9769=CARTESIAN_POINT('Ctrl Pts',(27.1705329923674,131.678013607868,-65.8920496236952));
#9770=CARTESIAN_POINT('Ctrl Pts',(27.1705329923674,131.205305886422,-65.8086984984151));
#9771=CARTESIAN_POINT('Ctrl Pts',(27.1092078579003,131.663868210525,-65.9722721584791));
#9772=CARTESIAN_POINT('Ctrl Pts',(27.1092078579003,131.191160489079,-65.8889210331989));
#9773=CARTESIAN_POINT('Ctrl Pts',(27.047792088295,131.649734822567,-66.052426584656));
#9774=CARTESIAN_POINT('Ctrl Pts',(27.047792088295,131.177027101121,-65.9690754593759));
#9775=CARTESIAN_POINT('Ctrl Pts',(26.9863441963091,131.635605693394,-66.1325568580623));
#9776=CARTESIAN_POINT('Ctrl Pts',(26.9863441963091,131.162897971948,-66.0492057327822));
#9777=CARTESIAN_POINT('Ctrl Pts',(26.9526107458528,131.627849131758,-66.1765465050483));
#9778=CARTESIAN_POINT('Ctrl Pts',(26.9526107458528,131.155141410312,-66.0931953797682));
#9779=CARTESIAN_POINT('',(26.9526107458528,131.627849131758,-66.1765465050483));
#9780=CARTESIAN_POINT('',(26.9526107458528,131.627849131758,-66.1765465050483));
#9781=CARTESIAN_POINT('',(28.7872766417968,132.364510062231,-61.9987347628371));
#9782=CARTESIAN_POINT('Ctrl Pts',(28.7872766417968,132.364510062231,-61.9987347628371));
#9783=CARTESIAN_POINT('Ctrl Pts',(28.7812486743566,132.345381684449,-62.1072171839881));
#9784=CARTESIAN_POINT('Ctrl Pts',(28.7752205755665,132.326253511188,-62.2156984452452));
#9785=CARTESIAN_POINT('Ctrl Pts',(28.7686137832475,132.30713075642,-62.3241489767067));
#9786=CARTESIAN_POINT('Ctrl Pts',(28.7608470785836,132.288021625312,-62.4325222445437));
#9787=CARTESIAN_POINT('Ctrl Pts',(28.7513379708837,132.268932649005,-62.54078120883));
#9788=CARTESIAN_POINT('Ctrl Pts',(28.739490243368,132.249880640561,-62.6488305179448));
#9789=CARTESIAN_POINT('Ctrl Pts',(28.7247120010792,132.230893343471,-62.7565128307348));
#9790=CARTESIAN_POINT('Ctrl Pts',(28.6882611528903,132.193206681279,-62.9702445128703));
#9791=CARTESIAN_POINT('Ctrl Pts',(28.6666351308219,132.174509011198,-63.0762842692683));
#9792=CARTESIAN_POINT('Ctrl Pts',(28.6418592503354,132.155924453889,-63.1816825312587));
#9793=CARTESIAN_POINT('Ctrl Pts',(28.6142295454378,132.137460060186,-63.2863993115752));
#9794=CARTESIAN_POINT('Ctrl Pts',(28.5840356143147,132.119118579698,-63.3904190164138));
#9795=CARTESIAN_POINT('Ctrl Pts',(28.5515547424957,132.100898717841,-63.4937489877187));
#9796=CARTESIAN_POINT('Ctrl Pts',(28.4823633085402,132.064598487064,-63.6996178265735));
#9797=CARTESIAN_POINT('Ctrl Pts',(28.4060378364241,132.028732020284,-63.9030266675594));
#9798=CARTESIAN_POINT('Ctrl Pts',(28.3658482427243,132.010878093407,-64.0042813184606));
#9799=CARTESIAN_POINT('Ctrl Pts',(28.3235860579733,131.993166980057,-64.1047260336119));
#9800=CARTESIAN_POINT('Ctrl Pts',(28.2791124949569,131.975619266924,-64.2042440600768));
#9801=CARTESIAN_POINT('Ctrl Pts',(28.2322941303926,131.958257919615,-64.3027051534346));
#9802=CARTESIAN_POINT('Ctrl Pts',(28.1740598421788,131.937995500145,-64.4176190445962));
#9803=CARTESIAN_POINT('Ctrl Pts',(28.1122174123275,131.918066254517,-64.5306434130026));
#9804=CARTESIAN_POINT('Ctrl Pts',(28.0557629809048,131.900077025538,-64.6326654002608));
#9805=CARTESIAN_POINT('Ctrl Pts',(27.9964911496398,131.882355383143,-64.7331698285895));
#9806=CARTESIAN_POINT('Ctrl Pts',(27.9347985677889,131.864883345183,-64.8322586798248));
#9807=CARTESIAN_POINT('Ctrl Pts',(27.8710665872227,131.847634425425,-64.9300821648572));
#9808=CARTESIAN_POINT('Ctrl Pts',(27.8056514216301,131.830577503803,-65.0268167743518));
#9809=CARTESIAN_POINT('Ctrl Pts',(27.7389007999677,131.813679990088,-65.1226473366793));
#9810=CARTESIAN_POINT('Ctrl Pts',(27.6600774452898,131.794112253035,-65.2336214880779));
#9811=CARTESIAN_POINT('Ctrl Pts',(27.5801719731631,131.774677104193,-65.3438436943696));
#9812=CARTESIAN_POINT('Ctrl Pts',(27.5571053438906,131.769098067478,-65.3754839838605));
#9813=CARTESIAN_POINT('Ctrl Pts',(27.5339991419392,131.763524201741,-65.4070949472799));
#9814=CARTESIAN_POINT('Ctrl Pts',(27.5108063093135,131.757961209005,-65.4386442468441));
#9815=CARTESIAN_POINT('Ctrl Pts',(27.4605384212434,131.745942528605,-65.5068055704973));
#9816=CARTESIAN_POINT('Ctrl Pts',(27.3769171911079,131.726116825522,-65.6192427199509));
#9817=CARTESIAN_POINT('Ctrl Pts',(27.2926784731831,131.706370945891,-65.7312271681115));
#9818=CARTESIAN_POINT('Ctrl Pts',(27.2317066421192,131.692178958287,-65.8117139293984));
#9819=CARTESIAN_POINT('Ctrl Pts',(27.1705329923674,131.678013607868,-65.8920496236952));
#9820=CARTESIAN_POINT('Ctrl Pts',(27.1092078579003,131.663868210525,-65.9722721584791));
#9821=CARTESIAN_POINT('Ctrl Pts',(27.047792088295,131.649734822567,-66.052426584656));
#9822=CARTESIAN_POINT('Ctrl Pts',(26.9863441963091,131.635605693394,-66.1325568580623));
#9823=CARTESIAN_POINT('Ctrl Pts',(26.9526107458528,131.627849131758,-66.1765465050483));
#9824=CARTESIAN_POINT('',(28.7872766417968,132.364510062231,-61.9987347628371));
#9825=CARTESIAN_POINT('Origin',(28.7873009765488,133.569346188183,-55.1657695461045));
#9826=CARTESIAN_POINT('',(28.7873009765488,133.569346188183,-55.1657695461045));
#9827=CARTESIAN_POINT('',(28.7873009765488,133.569346188183,-55.1657695461045));
#9828=CARTESIAN_POINT('',(28.7873009765488,133.569346188183,-55.1657695461045));
#9829=CARTESIAN_POINT('Origin',(30.9994633596588,133.569346188183,-55.1657695461045));
#9830=CARTESIAN_POINT('',(30.9994633596588,133.569346188183,-55.1657695461045));
#9831=CARTESIAN_POINT('',(30.9994633596588,133.569346188183,-55.1657695461045));
#9832=CARTESIAN_POINT('',(30.9994633596588,133.569346188183,-55.1657695461045));
#9833=CARTESIAN_POINT('Origin',(30.9994633596588,129.440144622472,-78.5836353152612));
#9834=CARTESIAN_POINT('',(30.9994633596588,129.440144622472,-78.5836353152612));
#9835=CARTESIAN_POINT('',(30.9994633596588,129.440144622472,-78.5836353152612));
#9836=CARTESIAN_POINT('',(30.9994633596588,129.440144622472,-78.5836353152612));
#9837=CARTESIAN_POINT('Origin',(28.7873009764048,129.440144622472,-78.5836353152612));
#9838=CARTESIAN_POINT('',(28.7873009764048,129.440144622472,-78.5836353152612));
#9839=CARTESIAN_POINT('',(28.7873009764048,129.440144622472,-78.5836353152612));
#9840=CARTESIAN_POINT('',(28.7873009764048,129.440144622472,-78.5836353152612));
#9841=CARTESIAN_POINT('Origin',(28.7873009764048,131.400929344468,-67.4634725692207));
#9842=CARTESIAN_POINT('',(28.7873009764048,131.400929344468,-67.4634725692207));
#9843=CARTESIAN_POINT('',(28.7873009764048,131.400929344468,-67.4634725692207));
#9844=CARTESIAN_POINT('',(28.7873009764048,131.400929344468,-67.4634725692207));
#9845=CARTESIAN_POINT('Ctrl Pts',(26.9526051748158,130.814051895526,-70.7918199757493));
#9846=CARTESIAN_POINT('Ctrl Pts',(26.9526051748158,130.34134417408,-70.7084688504691));
#9847=CARTESIAN_POINT('Ctrl Pts',(26.960012458541,130.821278563105,-70.7508355072899));
#9848=CARTESIAN_POINT('Ctrl Pts',(26.960012458541,130.348570841659,-70.6674843820098));
#9849=CARTESIAN_POINT('Ctrl Pts',(26.9674197864936,130.828505106709,-70.7098517419306));
#9850=CARTESIAN_POINT('Ctrl Pts',(26.9674197864936,130.355797385263,-70.6265006166505));
#9851=CARTESIAN_POINT('Ctrl Pts',(26.9751042027046,130.835722914611,-70.6689175191983));
#9852=CARTESIAN_POINT('Ctrl Pts',(26.9751042027046,130.363015193165,-70.5855663939182));
#9853=CARTESIAN_POINT('Ctrl Pts',(26.9833438656654,130.842921490382,-70.6280923673027));
#9854=CARTESIAN_POINT('Ctrl Pts',(26.9833438656654,130.370213768936,-70.5447412420226));
#9855=CARTESIAN_POINT('Ctrl Pts',(26.9924182833594,130.850091504143,-70.5874291986136));
#9856=CARTESIAN_POINT('Ctrl Pts',(26.9924182833594,130.377383782697,-70.5040780733335));
#9857=CARTESIAN_POINT('Ctrl Pts',(27.0026188459287,130.857216726081,-70.5470200569754));
#9858=CARTESIAN_POINT('Ctrl Pts',(27.0026188459287,130.384509004635,-70.4636689316952));
#9859=CARTESIAN_POINT('Ctrl Pts',(27.0222137746955,130.869134752743,-70.4794295690418));
#9860=CARTESIAN_POINT('Ctrl Pts',(27.0222137746955,130.396427031297,-70.3960784437617));
#9861=CARTESIAN_POINT('Ctrl Pts',(27.0465503740864,130.880782790765,-70.4133702627722));
#9862=CARTESIAN_POINT('Ctrl Pts',(27.0465503740864,130.408075069319,-70.3300191374921));
#9863=CARTESIAN_POINT('Ctrl Pts',(27.0624349320264,130.887851114414,-70.3732838073656));
#9864=CARTESIAN_POINT('Ctrl Pts',(27.0624349320264,130.415143392968,-70.2899326820855));
#9865=CARTESIAN_POINT('Ctrl Pts',(27.0795050843266,130.894838729012,-70.3336550757348));
#9866=CARTESIAN_POINT('Ctrl Pts',(27.0795050843266,130.422131007566,-70.2503039504547));
#9867=CARTESIAN_POINT('Ctrl Pts',(27.0973269284601,130.901765559291,-70.2943710691068));
#9868=CARTESIAN_POINT('Ctrl Pts',(27.0973269284601,130.429057837845,-70.2110199438267));
#9869=CARTESIAN_POINT('Ctrl Pts',(27.115506498973,130.908666460728,-70.2552341122463));
#9870=CARTESIAN_POINT('Ctrl Pts',(27.115506498973,130.435958739282,-70.1718829869662));
#9871=CARTESIAN_POINT('Ctrl Pts',(27.1336525837758,130.91557039717,-70.2160799430172));
#9872=CARTESIAN_POINT('Ctrl Pts',(27.1336525837758,130.442862675725,-70.1327288177371));
#9873=CARTESIAN_POINT('Ctrl Pts',(27.1513676739618,130.922507312545,-70.1767387409665));
#9874=CARTESIAN_POINT('Ctrl Pts',(27.1513676739618,130.4497995911,-70.0933876156864));
#9875=CARTESIAN_POINT('Ctrl Pts',(27.1691040844384,130.929542302939,-70.136841327847));
#9876=CARTESIAN_POINT('Ctrl Pts',(27.1691040844384,130.456834581493,-70.0534902025668));
#9877=CARTESIAN_POINT('Ctrl Pts',(27.1861324992801,130.936629677608,-70.0966468287359));
#9878=CARTESIAN_POINT('Ctrl Pts',(27.1861324992801,130.463921956162,-70.0132957034558));
#9879=CARTESIAN_POINT('Ctrl Pts',(27.2032918283729,130.943973151794,-70.0549999170926));
#9880=CARTESIAN_POINT('Ctrl Pts',(27.2032918283729,130.471265430348,-69.9716487918125));
#9881=CARTESIAN_POINT('Ctrl Pts',(27.2198904490918,130.95135533339,-70.0131334848159));
#9882=CARTESIAN_POINT('Ctrl Pts',(27.2198904490918,130.478647611945,-69.9297823595358));
#9883=CARTESIAN_POINT('Ctrl Pts',(27.2436966311506,130.962225005157,-69.9514885129433));
#9884=CARTESIAN_POINT('Ctrl Pts',(27.2436966311506,130.489517283711,-69.8681373876632));
#9885=CARTESIAN_POINT('Ctrl Pts',(27.266987902975,130.973128155676,-69.8896536736268));
#9886=CARTESIAN_POINT('Ctrl Pts',(27.266987902975,130.50042043423,-69.8063025483467));
#9887=CARTESIAN_POINT('Ctrl Pts',(27.2903118514937,130.984028543073,-69.8278345047529));
#9888=CARTESIAN_POINT('Ctrl Pts',(27.2903118514937,130.511320821627,-69.7444833794727));
#9889=CARTESIAN_POINT('Ctrl Pts',(27.3141599662159,130.994894680347,-69.7662095779857));
#9890=CARTESIAN_POINT('Ctrl Pts',(27.3141599662159,130.522186958901,-69.6828584527056));
#9891=CARTESIAN_POINT('Ctrl Pts',(27.3277144673369,131.000937498771,-69.7319390517156));
#9892=CARTESIAN_POINT('Ctrl Pts',(27.3277144673369,130.528229777325,-69.6485879264355));
#9893=CARTESIAN_POINT('Ctrl Pts',(27.3416102258548,131.006956765769,-69.6978020922245));
#9894=CARTESIAN_POINT('Ctrl Pts',(27.3416102258548,130.534249044323,-69.6144509669443));
#9895=CARTESIAN_POINT('Ctrl Pts',(27.3702341624848,131.019127084497,-69.6287807848821));
#9896=CARTESIAN_POINT('Ctrl Pts',(27.3702341624848,130.546419363051,-69.545429659602));
#9897=CARTESIAN_POINT('Ctrl Pts',(27.4006481820328,131.031168260963,-69.560491879701));
#9898=CARTESIAN_POINT('Ctrl Pts',(27.4006481820328,130.558460539518,-69.4771407544209));
#9899=CARTESIAN_POINT('Ctrl Pts',(27.4233429447588,131.039750593353,-69.5118190540517));
#9900=CARTESIAN_POINT('Ctrl Pts',(27.4233429447588,130.567042871907,-69.4284679287716));
#9901=CARTESIAN_POINT('Ctrl Pts',(27.4468264814928,131.048269171579,-69.4635077962259));
#9902=CARTESIAN_POINT('Ctrl Pts',(27.4468264814928,130.575561450134,-69.3801566709458));
#9903=CARTESIAN_POINT('Ctrl Pts',(27.4710355408208,131.056726173636,-69.4155457542133));
#9904=CARTESIAN_POINT('Ctrl Pts',(27.4710355408208,130.58401845219,-69.3321946289331));
#9905=CARTESIAN_POINT('Ctrl Pts',(27.4959089037278,131.065124289963,-69.3679176697669));
#9906=CARTESIAN_POINT('Ctrl Pts',(27.4959089037278,130.592416568518,-69.2845665444867));
#9907=CARTESIAN_POINT('Ctrl Pts',(27.5395846710018,131.079424494079,-69.2868171821503));
#9908=CARTESIAN_POINT('Ctrl Pts',(27.5395846710018,130.606716772633,-69.2034660568702));
#9909=CARTESIAN_POINT('Ctrl Pts',(27.5848709401312,131.093571936133,-69.2065830512344));
#9910=CARTESIAN_POINT('Ctrl Pts',(27.5848709401312,130.620864214687,-69.1232319259543));
#9911=CARTESIAN_POINT('Ctrl Pts',(27.6169221641977,131.103397774611,-69.1508579521127));
#9912=CARTESIAN_POINT('Ctrl Pts',(27.6169221641977,130.630690053165,-69.0675068268325));
#9913=CARTESIAN_POINT('Ctrl Pts',(27.6495444366982,131.113167453059,-69.0954513523445));
#9914=CARTESIAN_POINT('Ctrl Pts',(27.6495444366982,130.640459731613,-69.0121002270644));
#9915=CARTESIAN_POINT('Ctrl Pts',(27.6826050509585,131.122890774419,-69.040307656688));
#9916=CARTESIAN_POINT('Ctrl Pts',(27.6826050509585,130.650183052974,-68.9569565314079));
#9917=CARTESIAN_POINT('Ctrl Pts',(27.7158981254648,131.13259074626,-68.9852963827394));
#9918=CARTESIAN_POINT('Ctrl Pts',(27.7158981254648,130.659883024814,-68.9019452574593));
#9919=CARTESIAN_POINT('Ctrl Pts',(27.7492495238789,131.142284320892,-68.9303213891617));
#9920=CARTESIAN_POINT('Ctrl Pts',(27.7492495238789,130.669576599446,-68.8469702638815));
#9921=CARTESIAN_POINT('Ctrl Pts',(27.7824801190028,131.151990214984,-68.8752765284529));
#9922=CARTESIAN_POINT('Ctrl Pts',(27.7824801190028,130.679282493538,-68.7919254031728));
#9923=CARTESIAN_POINT('Ctrl Pts',(27.8203190403837,131.163077442915,-68.8123977342606));
#9924=CARTESIAN_POINT('Ctrl Pts',(27.8203190403837,130.690369721469,-68.7290466089805));
#9925=CARTESIAN_POINT('Ctrl Pts',(27.8578179481774,131.17419936581,-68.7493221751471));
#9926=CARTESIAN_POINT('Ctrl Pts',(27.8578179481774,130.701491644364,-68.665971049867));
#9927=CARTESIAN_POINT('Ctrl Pts',(27.8819854048346,131.18140528459,-68.7084553789732));
#9928=CARTESIAN_POINT('Ctrl Pts',(27.8819854048346,130.708697563144,-68.6251042536931));
#9929=CARTESIAN_POINT('Ctrl Pts',(27.9060756282794,131.188619091679,-68.6675438459823));
#9930=CARTESIAN_POINT('Ctrl Pts',(27.9060756282794,130.715911370233,-68.5841927207021));
#9931=CARTESIAN_POINT('Ctrl Pts',(27.9301463126413,131.195834834812,-68.6266213331338));
#9932=CARTESIAN_POINT('Ctrl Pts',(27.9301463126413,130.723127113366,-68.5432702078537));
#9933=CARTESIAN_POINT('Ctrl Pts',(27.9542224013867,131.203050200155,-68.5857009628428));
#9934=CARTESIAN_POINT('Ctrl Pts',(27.9542224013867,130.730342478709,-68.5023498375627));
#9935=CARTESIAN_POINT('Ctrl Pts',(27.9942011607932,131.21500135545,-68.517922593094));
#9936=CARTESIAN_POINT('Ctrl Pts',(27.9942011607932,130.742293634004,-68.4345714678138));
#9937=CARTESIAN_POINT('Ctrl Pts',(28.0344037354068,131.226930363221,-68.4502698281966));
#9938=CARTESIAN_POINT('Ctrl Pts',(28.0344037354068,130.754222641775,-68.3669187029165));
#9939=CARTESIAN_POINT('Ctrl Pts',(28.0504000320458,131.231656697705,-68.423465453364));
#9940=CARTESIAN_POINT('Ctrl Pts',(28.0504000320458,130.758948976259,-68.3401143280838));
#9941=CARTESIAN_POINT('Ctrl Pts',(28.0664383125788,131.236379058659,-68.3966836135425));
#9942=CARTESIAN_POINT('Ctrl Pts',(28.0664383125788,130.763671337213,-68.3133324882623));
#9943=CARTESIAN_POINT('Ctrl Pts',(28.0825686538028,131.241091823915,-68.3699561936263));
#9944=CARTESIAN_POINT('Ctrl Pts',(28.0825686538028,130.768384102469,-68.2866050683461));
#9945=CARTESIAN_POINT('Ctrl Pts',(28.0987491205838,131.245799884819,-68.3432554534126));
#9946=CARTESIAN_POINT('Ctrl Pts',(28.0987491205838,130.773092163373,-68.2599043281324));
#9947=CARTESIAN_POINT('Ctrl Pts',(28.1470730945813,131.259744548566,-68.264171335422));
#9948=CARTESIAN_POINT('Ctrl Pts',(28.1470730945813,130.787036827121,-68.1808202101418));
#9949=CARTESIAN_POINT('Ctrl Pts',(28.1963672543788,131.273586183537,-68.1856715226617));
#9950=CARTESIAN_POINT('Ctrl Pts',(28.1963672543788,130.800878462091,-68.1023203973815));
#9951=CARTESIAN_POINT('Ctrl Pts',(28.2296224240468,131.282703891512,-68.1339624311869));
#9952=CARTESIAN_POINT('Ctrl Pts',(28.2296224240468,130.809996170066,-68.0506113059067));
#9953=CARTESIAN_POINT('Ctrl Pts',(28.2635823934078,131.291744083374,-68.0826929554309));
#9954=CARTESIAN_POINT('Ctrl Pts',(28.2635823934078,130.819036361928,-67.9993418301508));
#9955=CARTESIAN_POINT('Ctrl Pts',(28.2983804942598,131.300688134482,-68.0319687209889));
#9956=CARTESIAN_POINT('Ctrl Pts',(28.2983804942598,130.827980413036,-67.9486175957088));
#9957=CARTESIAN_POINT('Ctrl Pts',(28.3341451057748,131.309515780895,-67.9819046503756));
#9958=CARTESIAN_POINT('Ctrl Pts',(28.3341451057748,130.836808059449,-67.8985535250955));
#9959=CARTESIAN_POINT('Ctrl Pts',(28.3796213097964,131.320238209636,-67.9210947351961));
#9960=CARTESIAN_POINT('Ctrl Pts',(28.3796213097964,130.84753048819,-67.837743609916));
#9961=CARTESIAN_POINT('Ctrl Pts',(28.4502891089082,131.33588764061,-67.8323424018276));
#9962=CARTESIAN_POINT('Ctrl Pts',(28.4502891089082,130.863179919164,-67.7489912765475));
#9963=CARTESIAN_POINT('Ctrl Pts',(28.4834361490874,131.342934689709,-67.792376600391));
#9964=CARTESIAN_POINT('Ctrl Pts',(28.4834361490874,130.870226968263,-67.7090254751109));
#9965=CARTESIAN_POINT('Ctrl Pts',(28.5295406243738,131.352395169419,-67.7387235538055));
#9966=CARTESIAN_POINT('Ctrl Pts',(28.5295406243738,130.879687447973,-67.6553724285253));
#9967=CARTESIAN_POINT('Ctrl Pts',(28.5767287186917,131.361691614207,-67.6860007954912));
#9968=CARTESIAN_POINT('Ctrl Pts',(28.5767287186917,130.888983892761,-67.6026496702111));
#9969=CARTESIAN_POINT('Ctrl Pts',(28.6247470260367,131.370861323255,-67.633996791279));
#9970=CARTESIAN_POINT('Ctrl Pts',(28.6247470260367,130.898153601809,-67.5506456659988));
#9971=CARTESIAN_POINT('Ctrl Pts',(28.6733268165433,131.379940000655,-67.5825090531944));
#9972=CARTESIAN_POINT('Ctrl Pts',(28.6733268165433,130.907232279209,-67.4991579279143));
#9973=CARTESIAN_POINT('Ctrl Pts',(28.7222285061127,131.388967153487,-67.5313135254528));
#9974=CARTESIAN_POINT('Ctrl Pts',(28.7222285061127,130.916259432041,-67.4479624001727));
#9975=CARTESIAN_POINT('Ctrl Pts',(28.7612487745328,131.396142075944,-67.4906225181656));
#9976=CARTESIAN_POINT('Ctrl Pts',(28.7612487745328,130.923434354498,-67.4072713928855));
#9977=CARTESIAN_POINT('Ctrl Pts',(28.7742748672088,131.39853570909,-67.4770475500206));
#9978=CARTESIAN_POINT('Ctrl Pts',(28.7742748672088,130.925827987644,-67.3936964247405));
#9979=CARTESIAN_POINT('Ctrl Pts',(28.7873009764048,131.400929344468,-67.4634725692207));
#9980=CARTESIAN_POINT('Ctrl Pts',(28.7873009764048,130.928221623022,-67.3801214439406));
#9981=CARTESIAN_POINT('',(26.9526051748158,130.814051895526,-70.7918199757493));
#9982=CARTESIAN_POINT('Ctrl Pts',(26.9526051748158,130.814051895526,-70.7918199757493));
#9983=CARTESIAN_POINT('Ctrl Pts',(26.960012458541,130.821278563105,-70.7508355072899));
#9984=CARTESIAN_POINT('Ctrl Pts',(26.9674197864936,130.828505106709,-70.7098517419306));
#9985=CARTESIAN_POINT('Ctrl Pts',(26.9751042027046,130.835722914611,-70.6689175191983));
#9986=CARTESIAN_POINT('Ctrl Pts',(26.9833438656654,130.842921490382,-70.6280923673027));
#9987=CARTESIAN_POINT('Ctrl Pts',(26.9924182833594,130.850091504143,-70.5874291986136));
#9988=CARTESIAN_POINT('Ctrl Pts',(27.0026188459287,130.857216726081,-70.5470200569754));
#9989=CARTESIAN_POINT('Ctrl Pts',(27.0222137746955,130.869134752743,-70.4794295690418));
#9990=CARTESIAN_POINT('Ctrl Pts',(27.0465503740864,130.880782790765,-70.4133702627722));
#9991=CARTESIAN_POINT('Ctrl Pts',(27.0624349320264,130.887851114414,-70.3732838073656));
#9992=CARTESIAN_POINT('Ctrl Pts',(27.0795050843266,130.894838729012,-70.3336550757348));
#9993=CARTESIAN_POINT('Ctrl Pts',(27.0973269284601,130.901765559291,-70.2943710691068));
#9994=CARTESIAN_POINT('Ctrl Pts',(27.115506498973,130.908666460728,-70.2552341122463));
#9995=CARTESIAN_POINT('Ctrl Pts',(27.1336525837758,130.91557039717,-70.2160799430172));
#9996=CARTESIAN_POINT('Ctrl Pts',(27.1513676739618,130.922507312545,-70.1767387409665));
#9997=CARTESIAN_POINT('Ctrl Pts',(27.1691040844384,130.929542302939,-70.136841327847));
#9998=CARTESIAN_POINT('Ctrl Pts',(27.1861324992801,130.936629677608,-70.0966468287359));
#9999=CARTESIAN_POINT('Ctrl Pts',(27.2032918283729,130.943973151794,-70.0549999170926));
#10000=CARTESIAN_POINT('Ctrl Pts',(27.2198904490918,130.95135533339,-70.0131334848159));
#10001=CARTESIAN_POINT('Ctrl Pts',(27.2436966311506,130.962225005157,-69.9514885129433));
#10002=CARTESIAN_POINT('Ctrl Pts',(27.266987902975,130.973128155676,-69.8896536736268));
#10003=CARTESIAN_POINT('Ctrl Pts',(27.2903118514937,130.984028543073,-69.8278345047529));
#10004=CARTESIAN_POINT('Ctrl Pts',(27.3141599662159,130.994894680347,-69.7662095779857));
#10005=CARTESIAN_POINT('Ctrl Pts',(27.3277144673369,131.000937498771,-69.7319390517156));
#10006=CARTESIAN_POINT('Ctrl Pts',(27.3416102258548,131.006956765769,-69.6978020922245));
#10007=CARTESIAN_POINT('Ctrl Pts',(27.3702341624848,131.019127084497,-69.6287807848821));
#10008=CARTESIAN_POINT('Ctrl Pts',(27.4006481820328,131.031168260963,-69.560491879701));
#10009=CARTESIAN_POINT('Ctrl Pts',(27.4233429447588,131.039750593353,-69.5118190540517));
#10010=CARTESIAN_POINT('Ctrl Pts',(27.4468264814928,131.048269171579,-69.4635077962259));
#10011=CARTESIAN_POINT('Ctrl Pts',(27.4710355408208,131.056726173636,-69.4155457542133));
#10012=CARTESIAN_POINT('Ctrl Pts',(27.4959089037278,131.065124289963,-69.3679176697669));
#10013=CARTESIAN_POINT('Ctrl Pts',(27.5395846710018,131.079424494079,-69.2868171821503));
#10014=CARTESIAN_POINT('Ctrl Pts',(27.5848709401312,131.093571936133,-69.2065830512344));
#10015=CARTESIAN_POINT('Ctrl Pts',(27.6169221641977,131.103397774611,-69.1508579521127));
#10016=CARTESIAN_POINT('Ctrl Pts',(27.6495444366982,131.113167453059,-69.0954513523445));
#10017=CARTESIAN_POINT('Ctrl Pts',(27.6826050509585,131.122890774419,-69.040307656688));
#10018=CARTESIAN_POINT('Ctrl Pts',(27.7158981254648,131.13259074626,-68.9852963827394));
#10019=CARTESIAN_POINT('Ctrl Pts',(27.7492495238789,131.142284320892,-68.9303213891617));
#10020=CARTESIAN_POINT('Ctrl Pts',(27.7824801190028,131.151990214984,-68.8752765284529));
#10021=CARTESIAN_POINT('Ctrl Pts',(27.8203190403837,131.163077442915,-68.8123977342606));
#10022=CARTESIAN_POINT('Ctrl Pts',(27.8578179481774,131.17419936581,-68.7493221751471));
#10023=CARTESIAN_POINT('Ctrl Pts',(27.8819854048346,131.18140528459,-68.7084553789732));
#10024=CARTESIAN_POINT('Ctrl Pts',(27.9060756282794,131.188619091679,-68.6675438459823));
#10025=CARTESIAN_POINT('Ctrl Pts',(27.9301463126413,131.195834834812,-68.6266213331338));
#10026=CARTESIAN_POINT('Ctrl Pts',(27.9542224013867,131.203050200155,-68.5857009628428));
#10027=CARTESIAN_POINT('Ctrl Pts',(27.9942011607932,131.21500135545,-68.517922593094));
#10028=CARTESIAN_POINT('Ctrl Pts',(28.0344037354068,131.226930363221,-68.4502698281966));
#10029=CARTESIAN_POINT('Ctrl Pts',(28.0504000320458,131.231656697705,-68.423465453364));
#10030=CARTESIAN_POINT('Ctrl Pts',(28.0664383125788,131.236379058659,-68.3966836135425));
#10031=CARTESIAN_POINT('Ctrl Pts',(28.0825686538028,131.241091823915,-68.3699561936263));
#10032=CARTESIAN_POINT('Ctrl Pts',(28.0987491205838,131.245799884819,-68.3432554534126));
#10033=CARTESIAN_POINT('Ctrl Pts',(28.1470730945813,131.259744548566,-68.264171335422));
#10034=CARTESIAN_POINT('Ctrl Pts',(28.1963672543788,131.273586183537,-68.1856715226617));
#10035=CARTESIAN_POINT('Ctrl Pts',(28.2296224240468,131.282703891512,-68.1339624311869));
#10036=CARTESIAN_POINT('Ctrl Pts',(28.2635823934078,131.291744083374,-68.0826929554309));
#10037=CARTESIAN_POINT('Ctrl Pts',(28.2983804942598,131.300688134482,-68.0319687209889));
#10038=CARTESIAN_POINT('Ctrl Pts',(28.3341451057748,131.309515780895,-67.9819046503756));
#10039=CARTESIAN_POINT('Ctrl Pts',(28.3796213097964,131.320238209636,-67.9210947351961));
#10040=CARTESIAN_POINT('Ctrl Pts',(28.4502891089082,131.33588764061,-67.8323424018276));
#10041=CARTESIAN_POINT('Ctrl Pts',(28.4834361490874,131.342934689709,-67.792376600391));
#10042=CARTESIAN_POINT('Ctrl Pts',(28.5295406243738,131.352395169419,-67.7387235538055));
#10043=CARTESIAN_POINT('Ctrl Pts',(28.5767287186917,131.361691614207,-67.6860007954912));
#10044=CARTESIAN_POINT('Ctrl Pts',(28.6247470260367,131.370861323255,-67.633996791279));
#10045=CARTESIAN_POINT('Ctrl Pts',(28.6733268165433,131.379940000655,-67.5825090531944));
#10046=CARTESIAN_POINT('Ctrl Pts',(28.7222285061127,131.388967153487,-67.5313135254528));
#10047=CARTESIAN_POINT('Ctrl Pts',(28.7612487745328,131.396142075944,-67.4906225181656));
#10048=CARTESIAN_POINT('Ctrl Pts',(28.7742748672088,131.39853570909,-67.4770475500206));
#10049=CARTESIAN_POINT('Ctrl Pts',(28.7873009764048,131.400929344468,-67.4634725692207));
#10050=CARTESIAN_POINT('',(26.9526051748158,130.814051895526,-70.7918199757493));
#10051=CARTESIAN_POINT('Origin',(26.9526107458528,129.440144622472,-78.5836353152612));
#10052=CARTESIAN_POINT('',(26.9526107458528,129.440144622472,-78.5836353152612));
#10053=CARTESIAN_POINT('',(26.9526107458528,129.440144622472,-78.5836353152612));
#10054=CARTESIAN_POINT('',(26.9526107458528,129.440144622472,-78.5836353152612));
#10055=CARTESIAN_POINT('Origin',(24.8251197220198,129.440144622472,-78.5836353152612));
#10056=CARTESIAN_POINT('',(24.8251197220198,129.440144622472,-78.5836353152612));
#10057=CARTESIAN_POINT('',(24.8251197220198,129.440144622472,-78.5836353152612));
#10058=CARTESIAN_POINT('',(24.8251197220198,129.440144622472,-78.5836353152612));
#10059=CARTESIAN_POINT('Origin',(24.8251197220198,133.569346188183,-55.1657695461045));
#10060=CARTESIAN_POINT('',(24.8251197220198,133.569346188183,-55.1657695461045));
#10061=CARTESIAN_POINT('',(24.8251197220198,133.569346188183,-55.1657695461045));
#10062=CARTESIAN_POINT('',(24.8251197220198,133.569346188183,-55.1657695461045));
#10063=CARTESIAN_POINT('Origin',(26.9526107458528,133.569346188183,-55.1657695461045));
#10064=CARTESIAN_POINT('',(26.9526107458528,133.569346188183,-55.1657695461045));
#10065=CARTESIAN_POINT('',(26.9526107458528,133.569346188183,-55.1657695461045));
#10066=CARTESIAN_POINT('',(26.9526107458528,133.569346188183,-55.1657695461045));
#10067=CARTESIAN_POINT('Origin',(26.9526107458528,131.627849131758,-66.1765465050483));
#10068=CARTESIAN_POINT('',(26.9526107458528,131.627849131758,-66.1765465050483));
#10069=CARTESIAN_POINT('Origin',(28.2572642379772,131.968324324247,-64.2456157358585));
#10070=CARTESIAN_POINT('Origin',(14.0632993510308,133.569346188183,-55.1657695461045));
#10071=CARTESIAN_POINT('',(14.0632993510308,129.440144622472,-78.5836353152612));
#10072=CARTESIAN_POINT('',(14.0632993510308,129.440144622472,-78.5836353152612));
#10073=CARTESIAN_POINT('',(14.0632993510308,133.569346188183,-55.1657695461045));
#10074=CARTESIAN_POINT('',(14.0632993510308,133.569346188183,-55.1657695461045));
#10075=CARTESIAN_POINT('',(14.0632993510308,133.569346188183,-55.1657695461045));
#10076=CARTESIAN_POINT('Origin',(16.3174649886718,133.569346188183,-55.1657695461045));
#10077=CARTESIAN_POINT('',(16.3174649886718,133.569346188183,-55.1657695461045));
#10078=CARTESIAN_POINT('',(16.3174649886718,133.569346188183,-55.1657695461045));
#10079=CARTESIAN_POINT('',(16.3174649886718,133.569346188183,-55.1657695461045));
#10080=CARTESIAN_POINT('Origin',(16.3174649886718,129.440144622472,-78.5836353152612));
#10081=CARTESIAN_POINT('',(16.3174649886718,129.440144622472,-78.5836353152612));
#10082=CARTESIAN_POINT('',(16.3174649886718,129.440144622472,-78.5836353152612));
#10083=CARTESIAN_POINT('',(16.3174649886718,129.440144622472,-78.5836353152612));
#10084=CARTESIAN_POINT('Origin',(14.0632993510308,129.440144622472,-78.5836353152612));
#10085=CARTESIAN_POINT('',(14.0632993510308,129.440144622472,-78.5836353152612));
#10086=CARTESIAN_POINT('Origin',(6.79219070818864E-15,142.330055793152,
-5.48131643649226));
#10087=CARTESIAN_POINT('Origin',(12.9188499414818,129.440144622472,-78.5836353152612));
#10088=CARTESIAN_POINT('',(12.9188499414818,129.831757787994,-76.3626866893119));
#10089=CARTESIAN_POINT('',(12.9188499414818,129.831757787994,-76.3626866893119));
#10090=CARTESIAN_POINT('',(12.9188499414818,129.440144622472,-78.5836353152612));
#10091=CARTESIAN_POINT('',(12.9188499414818,129.440144622472,-78.5836353152612));
#10092=CARTESIAN_POINT('',(12.9188499414818,129.440144622472,-78.5836353152612));
#10093=CARTESIAN_POINT('Origin',(8.87118845315283,129.440144622472,-78.5836353152612));
#10094=CARTESIAN_POINT('',(8.87118845315283,129.440144622472,-78.5836353152612));
#10095=CARTESIAN_POINT('',(8.87118845315283,129.440144622472,-78.5836353152612));
#10096=CARTESIAN_POINT('',(8.87118845315283,129.440144622472,-78.5836353152612));
#10097=CARTESIAN_POINT('Origin',(8.87118845315283,133.569346188183,-55.1657695461045));
#10098=CARTESIAN_POINT('',(8.87118845315283,133.569346188183,-55.1657695461045));
#10099=CARTESIAN_POINT('',(8.87118845315283,133.569346188183,-55.1657695461045));
#10100=CARTESIAN_POINT('',(8.87118845315283,133.569346188183,-55.1657695461045));
#10101=CARTESIAN_POINT('Origin',(11.1075017647478,133.569346188183,-55.1657695461045));
#10102=CARTESIAN_POINT('',(11.1075017647478,133.569346188183,-55.1657695461045));
#10103=CARTESIAN_POINT('',(11.1075017647478,133.569346188183,-55.1657695461045));
#10104=CARTESIAN_POINT('',(11.1075017647478,133.569346188183,-55.1657695461045));
#10105=CARTESIAN_POINT('Origin',(11.1075017647478,129.831757787994,-76.3626866893119));
#10106=CARTESIAN_POINT('',(11.1075017647478,129.831757787994,-76.3626866893119));
#10107=CARTESIAN_POINT('',(11.1075017647478,129.831757787994,-76.3626866893119));
#10108=CARTESIAN_POINT('',(11.1075017647478,129.831757787994,-76.3626866893119));
#10109=CARTESIAN_POINT('Origin',(12.9188499414818,129.831757787994,-76.3626866893119));
#10110=CARTESIAN_POINT('',(12.9188499414818,129.831757787994,-76.3626866893119));
#10111=CARTESIAN_POINT('Origin',(6.79219070818864E-15,142.330055793152,
-5.48131643649226));
#10112=CARTESIAN_POINT('Origin',(82.293,120.306342033577,-128.080495688379));
#10113=CARTESIAN_POINT('Origin',(-0.496564069874954,132.496609313992,-61.2495626779361));
#10114=CARTESIAN_POINT('Origin',(-3.69650719448914,132.41591926344,-61.7071786946554));
#10115=CARTESIAN_POINT('Origin',(-17.044845563496,133.243958584245,-57.0111343486468));
#10116=CARTESIAN_POINT('Origin',(-17.0448455633701,132.22080042953,-62.8137525900743));
#10117=CARTESIAN_POINT('Origin',(-22.2021175971095,132.000230814837,-64.0646650358432));
#10118=CARTESIAN_POINT('Origin',(-22.5925512077565,131.831080660201,-65.0239632326154));
#10119=CARTESIAN_POINT('Origin',(-22.5925512077565,131.826783188737,-65.0483354044048));
#10120=CARTESIAN_POINT('Origin',(-22.5925512078483,131.56792562666,-66.5163895900811));
#10121=CARTESIAN_POINT('Origin',(-22.5925512078483,131.570280524002,-66.5030343035984));
#10122=CARTESIAN_POINT('Origin',(-26.1940674037012,131.515947522191,-66.8111720689709));
#10123=CARTESIAN_POINT('Origin',(-23.5880267295723,131.402289198443,-67.4557604540913));
#10124=CARTESIAN_POINT('Origin',(-24.181784512351,131.402289198443,-67.4557604540913));
#10125=CARTESIAN_POINT('Origin',(9.55545314063937E-15,124.627277100781,
-129.288165405234));
#10126=CARTESIAN_POINT('',(-84.1148888550074,132.402334310812,-130.659117767915));
#10127=CARTESIAN_POINT('',(-84.1148888550074,155.382354241373,-134.711115298891));
#10128=CARTESIAN_POINT('',(-80.4711111449926,132.402334310812,-130.659117767915));
#10129=CARTESIAN_POINT('',(41.1465,132.402334310812,-130.659117767915));
#10130=CARTESIAN_POINT('',(-80.4711111449926,159.055687160108,-135.358823001589));
#10131=CARTESIAN_POINT('Ctrl Pts',(-80.4711111449926,132.402334310812,-130.659117767915));
#10132=CARTESIAN_POINT('Ctrl Pts',(-82.293,133.211638929624,-126.069323196712));
#10133=CARTESIAN_POINT('Ctrl Pts',(-84.1148888550074,132.402334310812,-130.659117767915));
#10134=CARTESIAN_POINT('Ctrl Pts',(-80.4711111449926,122.692129866112,-128.946946736119));
#10135=CARTESIAN_POINT('Ctrl Pts',(-82.293,123.501434484924,-124.357152164916));
#10136=CARTESIAN_POINT('Ctrl Pts',(-84.1148888550074,122.692129866112,-128.946946736119));
#10137=CARTESIAN_POINT('Origin',(-82.293,129.310528507452,-148.193619810297));
#10138=CARTESIAN_POINT('Origin',(82.293,301.092856505352,826.032373895795));
#10139=CARTESIAN_POINT('Origin',(82.293,153.021398816994,77.2083938323589));
#10140=CARTESIAN_POINT('',(97.293,167.045061219888,74.7356437823818));
#10141=CARTESIAN_POINT('',(97.293,153.021398816994,77.2083938323589));
#10142=CARTESIAN_POINT('',(82.293,169.649783884892,89.507760077565));
#10143=CARTESIAN_POINT('Origin',(82.293,167.045061219888,74.7356437823818));
#10144=CARTESIAN_POINT('',(82.293,155.626121481998,91.980510127542));
#10145=CARTESIAN_POINT('Origin',(97.293,151.284917040325,67.3603163022368));
#10146=CARTESIAN_POINT('',(97.293,130.083872955304,-134.88167125402));
#10147=CARTESIAN_POINT('',(97.293,116.060210552411,-132.408921204043));
#10148=CARTESIAN_POINT('',(97.293,167.045061219888,74.7356437823818));
#10149=CARTESIAN_POINT('Origin',(82.293,116.060210552411,-132.408921204043));
#10150=CARTESIAN_POINT('',(82.293,127.4791502903,-149.653787549203));
#10151=CARTESIAN_POINT('',(82.293,113.455487887407,-147.181037499226));
#10152=CARTESIAN_POINT('Origin',(82.293,130.083872955304,-134.88167125402));
#10153=CARTESIAN_POINT('Origin',(-82.293,113.455487887407,-147.181037499226));
#10154=CARTESIAN_POINT('',(-82.293,127.4791502903,-149.653787549203));
#10155=CARTESIAN_POINT('',(-82.293,113.455487887407,-147.181037499226));
#10156=CARTESIAN_POINT('',(-82.293,127.4791502903,-149.653787549203));
#10157=CARTESIAN_POINT('Origin',(-94.793,154.460108769784,-139.941429275139));
#10158=CARTESIAN_POINT('',(-94.7704797134678,131.480088839223,-135.889431744163));
#10159=CARTESIAN_POINT('',(-94.7704797134678,119.307865011992,-133.743140268199));
#10160=CARTESIAN_POINT('',(-94.793,131.480088839223,-135.889431744163));
#10161=CARTESIAN_POINT('Origin',(-82.293,116.06021055241,-132.408921204043));
#10162=CARTESIAN_POINT('',(-83.043,129.443633358353,-147.438744689279));
#10163=CARTESIAN_POINT('',(-83.043,113.893518938291,-144.696839963918));
#10164=CARTESIAN_POINT('Origin',(-82.293,131.610324972473,-135.150825929403));
#10165=CARTESIAN_POINT('Origin',(83.043,153.908071069952,-143.07219064594));
#10166=CARTESIAN_POINT('',(83.043,129.443633358354,-147.438744689279));
#10167=CARTESIAN_POINT('',(83.043,117.271409531123,-145.292453213316));
#10168=CARTESIAN_POINT('',(83.043,130.928051139391,-139.020193114964));
#10169=CARTESIAN_POINT('',(83.043,130.928051139391,-139.020193114964));
#10170=CARTESIAN_POINT('',(83.043,157.285961662784,-143.667803895337));
#10171=CARTESIAN_POINT('Origin',(82.293,116.060210552411,-132.408921204043));
#10172=CARTESIAN_POINT('',(94.7704797134678,131.480088839223,-135.889431744163));
#10173=CARTESIAN_POINT('',(94.7704797134678,115.92997441916,-133.147527018802));
#10174=CARTESIAN_POINT('Origin',(82.293,131.610324972473,-135.150825929403));
#10175=CARTESIAN_POINT('Origin',(82.293,191.551533167618,70.414491576022));
#10176=CARTESIAN_POINT('',(83.043,169.253787070139,78.3358562925585));
#10177=CARTESIAN_POINT('',(83.043,191.938364674796,74.3359532148824));
#10178=CARTESIAN_POINT('',(78.293,191.551533167618,70.414491576022));
#10179=CARTESIAN_POINT('',(81.543,169.253787070139,78.3358562925585));
#10180=CARTESIAN_POINT('',(81.543,191.938364674796,74.3359532148824));
#10181=CARTESIAN_POINT('Origin',(82.293,168.571513237057,74.4664891069981));
#10182=CARTESIAN_POINT('Origin',(81.543,193.722135388454,82.7245884886746));
#10183=CARTESIAN_POINT('',(81.543,170.742115457894,86.7765860196507));
#10184=CARTESIAN_POINT('',(81.543,193.722135388454,82.7245884886746));
#10185=CARTESIAN_POINT('',(81.543,170.742115457894,86.7765860196507));
#10186=CARTESIAN_POINT('Origin',(-82.293,155.192001037831,89.5184907450115));
#10187=CARTESIAN_POINT('',(-81.5429999999999,170.742115457894,86.7765860196507));
#10188=CARTESIAN_POINT('',(-81.5429999999999,193.722135388454,82.7245884886746));
#10189=CARTESIAN_POINT('',(-82.293,170.742115457894,86.7765860196507));
#10190=CARTESIAN_POINT('Origin',(-81.5429999999999,193.722135388454,82.7245884886746));
#10191=CARTESIAN_POINT('',(-81.5429999999999,169.253787070139,78.3358562925585));
#10192=CARTESIAN_POINT('',(-81.5429999999999,192.2338070007,74.2838587615823));
#10193=CARTESIAN_POINT('',(-81.5429999999999,170.742115457894,86.7765860196507));
#10194=CARTESIAN_POINT('Origin',(-82.293,191.551533167618,70.414491576022));
#10195=CARTESIAN_POINT('',(-86.293,191.551533167618,70.414491576022));
#10196=CARTESIAN_POINT('',(-83.043,169.253787070139,78.3358562925585));
#10197=CARTESIAN_POINT('',(-83.043,195.907139919435,73.6361510588847));
#10198=CARTESIAN_POINT('Origin',(-82.293,168.571513237057,74.4664891069981));
#10199=CARTESIAN_POINT('Origin',(-83.043,193.722135388454,82.7245884886746));
#10200=CARTESIAN_POINT('',(-83.043,170.738204851177,86.7544078668737));
#10201=CARTESIAN_POINT('',(-83.043,158.86142334985,88.8486048895368));
#10202=CARTESIAN_POINT('',(-83.043,170.742115457894,86.7765860196507));
#10203=CARTESIAN_POINT('Origin',(-82.293,153.021398816994,77.2083938323589));
#10204=CARTESIAN_POINT('',(-94.793,168.571513237057,74.4664891069981));
#10205=CARTESIAN_POINT('',(-94.793,153.021398816994,77.2083938323589));
#10206=CARTESIAN_POINT('Origin',(-82.293,168.571513237057,74.4664891069981));
#10207=CARTESIAN_POINT('Origin',(-94.793,151.284917040325,67.3603163022368));
#10208=CARTESIAN_POINT('',(-94.793,131.740561105723,-134.412220114644));
#10209=CARTESIAN_POINT('',(-94.793,158.39391395502,-139.111925348318));
#10210=CARTESIAN_POINT('',(-94.793,134.215047637477,-120.37870963422));
#10211=CARTESIAN_POINT('Origin',(-94.793,154.720581036284,-138.46421764562));
#10212=CARTESIAN_POINT('',(-94.793,131.740561105723,-134.412220114644));
#10213=CARTESIAN_POINT('Origin',(-82.293,116.06021055241,-132.408921204043));
#10214=CARTESIAN_POINT('',(-97.293,130.083872955304,-134.88167125402));
#10215=CARTESIAN_POINT('',(-97.293,116.06021055241,-132.408921204043));
#10216=CARTESIAN_POINT('Origin',(-82.293,130.083872955304,-134.88167125402));
#10217=CARTESIAN_POINT('Origin',(-97.293,151.284917040325,67.3603163022368));
#10218=CARTESIAN_POINT('',(-97.293,167.045061219888,74.7356437823818));
#10219=CARTESIAN_POINT('',(-97.293,153.021398816994,77.2083938323589));
#10220=CARTESIAN_POINT('',(-97.293,167.045061219888,74.7356437823818));
#10221=CARTESIAN_POINT('Origin',(-83.043,153.908071069952,-143.07219064594));
#10222=CARTESIAN_POINT('',(-83.043,130.928051139391,-139.020193114964));
#10223=CARTESIAN_POINT('Origin',(94.793,154.460108769784,-139.941429275139));
#10224=CARTESIAN_POINT('',(86.2220584113754,131.480088839223,-135.889431744163));
#10225=CARTESIAN_POINT('',(86.2220584113754,154.460108769784,-139.941429275139));
#10226=CARTESIAN_POINT('',(94.793,131.480088839223,-135.889431744163));
#10227=CARTESIAN_POINT('Origin',(82.293,154.590344903034,-139.20282346038));
#10228=CARTESIAN_POINT('',(81.543,130.928051139391,-139.020193114964));
#10229=CARTESIAN_POINT('Origin',(82.293,131.610324972473,-135.150825929403));
#10230=CARTESIAN_POINT('',(81.543,157.285961662784,-143.667803895337));
#10231=CARTESIAN_POINT('',(78.293,154.590344903034,-139.20282346038));
#10232=CARTESIAN_POINT('',(86.2220584113754,131.740561105723,-134.412220114644));
#10233=CARTESIAN_POINT('',(86.2220584113754,154.42513871038,-138.41212319232));
#10234=CARTESIAN_POINT('Origin',(82.293,131.610324972473,-135.150825929403));
#10235=CARTESIAN_POINT('Origin',(81.543,153.908071069952,-143.07219064594));
#10236=CARTESIAN_POINT('',(81.543,129.439722751637,-147.460922842056));
#10237=CARTESIAN_POINT('',(81.543,130.928051139391,-139.020193114964));
#10238=CARTESIAN_POINT('',(81.543,155.797633275029,-152.10853362243));
#10239=CARTESIAN_POINT('Origin',(94.793,154.720581036284,-138.46421764562));
#10240=CARTESIAN_POINT('',(94.793,131.740561105724,-134.412220114644));
#10241=CARTESIAN_POINT('',(94.793,154.42513871038,-138.41212319232));
#10242=CARTESIAN_POINT('',(94.793,131.740561105724,-134.412220114644));
#10243=CARTESIAN_POINT('Origin',(94.793,151.284917040325,67.3603163022368));
#10244=CARTESIAN_POINT('',(94.793,168.571513237057,74.4664891069981));
#10245=CARTESIAN_POINT('',(94.793,153.021398816994,77.2083938323589));
#10246=CARTESIAN_POINT('',(94.793,168.571513237057,74.4664891069981));
#10247=CARTESIAN_POINT('Origin',(82.293,153.021398816994,77.2083938323589));
#10248=CARTESIAN_POINT('',(83.043,170.738204851177,86.7544078668737));
#10249=CARTESIAN_POINT('',(83.043,155.188090431114,89.4963125922345));
#10250=CARTESIAN_POINT('Origin',(82.293,168.571513237057,74.4664891069981));
#10251=CARTESIAN_POINT('Origin',(83.043,193.722135388454,82.7245884886746));
#10252=CARTESIAN_POINT('',(83.043,170.742115457894,86.7765860196507));
#10253=CARTESIAN_POINT('Origin',(-82.293,153.021398816994,77.2083938323589));
#10254=CARTESIAN_POINT('',(-82.293,169.649783884892,89.507760077565));
#10255=CARTESIAN_POINT('',(-82.293,155.626121481998,91.980510127542));
#10256=CARTESIAN_POINT('Origin',(-82.293,167.045061219888,74.7356437823818));
#10257=CARTESIAN_POINT('Origin',(-82.293,155.626121481998,91.980510127542));
#10258=CARTESIAN_POINT('',(-82.293,169.649783884892,89.507760077565));
#10259=CARTESIAN_POINT('Origin',(-82.293,113.889608331574,-144.719018116695));
#10260=CARTESIAN_POINT('',(-81.543,129.439722751637,-147.460922842056));
#10261=CARTESIAN_POINT('',(82.293,129.439722751637,-147.460922842056));
#10262=CARTESIAN_POINT('',(-81.543,155.797633275029,-152.10853362243));
#10263=CARTESIAN_POINT('Origin',(-81.543,153.908071069952,-143.07219064594));
#10264=CARTESIAN_POINT('',(-81.543,130.928051139391,-139.020193114964));
#10265=CARTESIAN_POINT('Origin',(95.8650271102622,165.600962435923,64.8360112419458));
#10266=CARTESIAN_POINT('',(95.8431540544479,168.571513237057,74.4664891069981));
#10267=CARTESIAN_POINT('',(95.8431540544479,131.610324972473,-135.150825929403));
#10268=CARTESIAN_POINT('',(95.8431540544479,166.835031460388,64.618411576876));
#10269=CARTESIAN_POINT('',(95.8702094050867,167.045061219888,74.7356437823818));
#10270=CARTESIAN_POINT('',(95.8650271102622,167.337444212592,74.6840887720679));
#10271=CARTESIAN_POINT('',(95.8702094050866,130.083872955304,-134.88167125402));
#10272=CARTESIAN_POINT('',(95.8702094050867,158.945241972614,28.7992861431274));
#10273=CARTESIAN_POINT('',(95.8650271102621,130.376255948008,-134.933226264334));
#10274=CARTESIAN_POINT('Origin',(2.6057237174828E-15,152.58190450201,-7.288993966005));
#10275=CARTESIAN_POINT('',(-95.8702094050866,130.083872955304,-134.88167125402));
#10276=CARTESIAN_POINT('',(-95.8702094050867,167.045061219888,74.7356437823818));
#10277=CARTESIAN_POINT('',(-95.8702094050866,141.767009172824,-68.6233132274818));
#10278=CARTESIAN_POINT('',(-82.293,127.726215284309,-148.252612340419));
#10279=CARTESIAN_POINT('Origin',(-82.293,130.083872955304,-134.88167125402));
#10280=CARTESIAN_POINT('',(82.293,127.726215284309,-148.252612340419));
#10281=CARTESIAN_POINT('',(41.1465,127.726215284309,-148.252612340419));
#10282=CARTESIAN_POINT('Origin',(82.293,130.083872955304,-134.88167125402));
#10283=CARTESIAN_POINT('',(82.293,169.402718890884,88.1065848687814));
#10284=CARTESIAN_POINT('Origin',(82.293,167.045061219888,74.7356437823818));
#10285=CARTESIAN_POINT('',(-82.293,169.402718890884,88.1065848687815));
#10286=CARTESIAN_POINT('',(-41.1465,169.402718890884,88.1065848687815));
#10287=CARTESIAN_POINT('Origin',(-82.293,167.045061219888,74.7356437823818));
#10288=CARTESIAN_POINT('Origin',(-95.8650271102621,131.244496836343,-130.009187499273));
#10289=CARTESIAN_POINT('',(-95.8431540544479,168.571513237057,74.4664891069981));
#10290=CARTESIAN_POINT('',(-95.8650271102622,167.337444212592,74.6840887720679));
#10291=CARTESIAN_POINT('',(-95.8431540544479,131.610324972473,-135.150825929403));
#10292=CARTESIAN_POINT('',(-95.8431540544479,149.656798660598,-32.8041877937332));
#10293=CARTESIAN_POINT('',(-95.8650271102621,130.376255948008,-134.933226264334));
#10294=CARTESIAN_POINT('Origin',(-82.293,130.376255948008,-134.933226264334));
#10295=CARTESIAN_POINT('',(-82.293,129.257365413812,-148.495122696734));
#10296=CARTESIAN_POINT('Origin',(-82.293,131.610324972473,-135.150825929403));
#10297=CARTESIAN_POINT('',(-82.293,128.019498173065,-148.299063786612));
#10298=CARTESIAN_POINT('Origin',(82.293,128.019498173065,-148.299063786612));
#10299=CARTESIAN_POINT('',(82.293,129.257365413812,-148.495122696734));
#10300=CARTESIAN_POINT('',(82.293,129.257365413812,-148.495122696734));
#10301=CARTESIAN_POINT('',(82.293,128.019498173065,-148.299063786612));
#10302=CARTESIAN_POINT('Origin',(82.293,130.376255948008,-134.933226264334));
#10303=CARTESIAN_POINT('Origin',(82.293,131.610324972473,-135.150825929403));
#10304=CARTESIAN_POINT('Origin',(-82.293,169.694201987535,88.0499262943459));
#10305=CARTESIAN_POINT('',(82.293,170.924472795718,87.8107858743282));
#10306=CARTESIAN_POINT('',(82.293,169.694201987535,88.0499262943459));
#10307=CARTESIAN_POINT('',(-82.293,170.924472795718,87.8107858743283));
#10308=CARTESIAN_POINT('',(1.55096169610599E-15,170.924472795718,87.8107858743282));
#10309=CARTESIAN_POINT('',(-82.293,169.694201987535,88.0499262943459));
#10310=CARTESIAN_POINT('Origin',(-82.293,167.337444212592,74.6840887720679));
#10311=CARTESIAN_POINT('Origin',(-82.293,168.571513237057,74.4664891069981));
#10312=CARTESIAN_POINT('Origin',(82.293,167.337444212592,74.6840887720679));
#10313=CARTESIAN_POINT('Origin',(82.293,168.571513237057,74.4664891069981));
#10314=CARTESIAN_POINT('Origin',(9.55545314063937E-15,124.627277100781,
-129.288165405234));
#10315=CARTESIAN_POINT('',(80.4711111449926,132.402334310812,-130.659117767915));
#10316=CARTESIAN_POINT('',(80.4711111449926,155.382354241373,-134.711115298891));
#10317=CARTESIAN_POINT('',(84.1148888550074,132.402334310812,-130.659117767915));
#10318=CARTESIAN_POINT('',(41.1465,132.402334310812,-130.659117767915));
#10319=CARTESIAN_POINT('',(84.1148888550074,159.055687160108,-135.358823001589));
#10320=CARTESIAN_POINT('Ctrl Pts',(84.1148888550074,132.402334310812,-130.659117767915));
#10321=CARTESIAN_POINT('Ctrl Pts',(82.293,133.211638929624,-126.069323196712));
#10322=CARTESIAN_POINT('Ctrl Pts',(80.4711111449926,132.402334310812,-130.659117767915));
#10323=CARTESIAN_POINT('Ctrl Pts',(84.1148888550074,122.692129866112,-128.946946736119));
#10324=CARTESIAN_POINT('Ctrl Pts',(82.293,123.501434484924,-124.357152164916));
#10325=CARTESIAN_POINT('Ctrl Pts',(80.4711111449926,122.692129866112,-128.946946736119));
#10326=CARTESIAN_POINT('Origin',(82.293,129.310528507452,-148.193619810297));
#10327=CARTESIAN_POINT('Origin',(82.293,301.092856505352,826.032373895795));
#10328=CARTESIAN_POINT('Origin',(82.293,166.835031460388,64.618411576876));
#10329=UNCERTAINTY_MEASURE_WITH_UNIT(LENGTH_MEASURE(0.01),#10333,
'DISTANCE_ACCURACY_VALUE',
'Maximum model space distance between geometric entities at asserted c
onnectivities');
#10330=UNCERTAINTY_MEASURE_WITH_UNIT(LENGTH_MEASURE(0.01),#10333,
'DISTANCE_ACCURACY_VALUE',
'Maximum model space distance between geometric entities at asserted c
onnectivities');
#10331=(
GEOMETRIC_REPRESENTATION_CONTEXT(3)
GLOBAL_UNCERTAINTY_ASSIGNED_CONTEXT((#10329))
GLOBAL_UNIT_ASSIGNED_CONTEXT((#10333,#10335,#10336))
REPRESENTATION_CONTEXT('','3D')
);
#10332=(
GEOMETRIC_REPRESENTATION_CONTEXT(3)
GLOBAL_UNCERTAINTY_ASSIGNED_CONTEXT((#10330))
GLOBAL_UNIT_ASSIGNED_CONTEXT((#10333,#10335,#10336))
REPRESENTATION_CONTEXT('','3D')
);
#10333=(
LENGTH_UNIT()
NAMED_UNIT(*)
SI_UNIT(.MILLI.,.METRE.)
);
#10334=(
LENGTH_UNIT()
NAMED_UNIT(*)
SI_UNIT($,.METRE.)
);
#10335=(
NAMED_UNIT(*)
PLANE_ANGLE_UNIT()
SI_UNIT($,.RADIAN.)
);
#10336=(
NAMED_UNIT(*)
SI_UNIT($,.STERADIAN.)
SOLID_ANGLE_UNIT()
);
#10337=SHAPE_DEFINITION_REPRESENTATION(#10338,#10339);
#10338=PRODUCT_DEFINITION_SHAPE('',$,#10341);
#10339=SHAPE_REPRESENTATION('',(#4720),#10331);
#10340=PRODUCT_DEFINITION_CONTEXT('part definition',#10345,'design');
#10341=PRODUCT_DEFINITION('(Unsaved)','(Unsaved)',#10342,#10340);
#10342=PRODUCT_DEFINITION_FORMATION('',$,#10347);
#10343=PRODUCT_RELATED_PRODUCT_CATEGORY('(Unsaved)','(Unsaved)',(#10347));
#10344=APPLICATION_PROTOCOL_DEFINITION('international standard',
'automotive_design',2009,#10345);
#10345=APPLICATION_CONTEXT(
'Core Data for Automotive Mechanical Design Process');
#10346=PRODUCT_CONTEXT('part definition',#10345,'mechanical');
#10347=PRODUCT('(Unsaved)','(Unsaved)',$,(#10346));
#10348=PRESENTATION_STYLE_ASSIGNMENT((#10349));
#10349=SURFACE_STYLE_USAGE(.BOTH.,#10350);
#10350=SURFACE_SIDE_STYLE('',(#10351));
#10351=SURFACE_STYLE_FILL_AREA(#10352);
#10352=FILL_AREA_STYLE('Steel - Satin',(#10353));
#10353=FILL_AREA_STYLE_COLOUR('Steel - Satin',#10354);
#10354=COLOUR_RGB('Steel - Satin',0.627450980392157,0.627450980392157,0.627450980392157);
ENDSEC;
END-ISO-10303-21;
