ISO-10303-21;
HEADER;
/* Generated by software containing ST-Developer
 * from STEP Tools, Inc. (www.steptools.com) 
 */

FILE_DESCRIPTION(
/* description */ (''),
/* implementation_level */ '2;1');

FILE_NAME(
/* name */ 'openflight-radar-brace.step',
/* time_stamp */ '2026-09-11T16:57:53-07:00',
/* author */ (''),
/* organization */ (''),
/* preprocessor_version */ 'ST-DEVELOPER v20.2',
/* originating_system */ 'Autodesk Translation Framework v15.15.0.0',
/* authorisation */ '');

FILE_SCHEMA (('AUTOMOTIVE_DESIGN { 1 0 10303 214 3 1 1 }'));
ENDSEC;

DATA;
#10=MECHANICAL_DESIGN_GEOMETRIC_PRESENTATION_REPRESENTATION('',(#13),#4207);
#11=SHAPE_REPRESENTATION_RELATIONSHIP('SRR','None',#4214,#12);
#12=ADVANCED_BREP_SHAPE_REPRESENTATION('',(#14),#4206);
#13=STYLED_ITEM('',(#4223),#14);
#14=MANIFOLD_SOLID_BREP('openflight-radar-brace',#2467);
#15=FACE_BOUND('',#287,.T.);
#16=FACE_BOUND('',#288,.T.);
#17=FACE_BOUND('',#294,.T.);
#18=FACE_BOUND('',#295,.T.);
#19=FACE_BOUND('',#296,.T.);
#20=FACE_BOUND('',#297,.T.);
#21=FACE_BOUND('',#298,.T.);
#22=FACE_BOUND('',#299,.T.);
#23=FACE_BOUND('',#300,.T.);
#24=FACE_BOUND('',#301,.T.);
#25=FACE_BOUND('',#302,.T.);
#26=FACE_BOUND('',#303,.T.);
#27=FACE_BOUND('',#304,.T.);
#28=FACE_BOUND('',#305,.T.);
#29=FACE_BOUND('',#306,.T.);
#30=FACE_BOUND('',#307,.T.);
#31=FACE_BOUND('',#308,.T.);
#32=FACE_BOUND('',#309,.T.);
#33=FACE_BOUND('',#310,.T.);
#34=FACE_BOUND('',#311,.T.);
#35=FACE_BOUND('',#312,.T.);
#36=FACE_BOUND('',#313,.T.);
#37=FACE_BOUND('',#318,.T.);
#38=FACE_BOUND('',#332,.T.);
#39=FACE_BOUND('',#343,.T.);
#40=FACE_BOUND('',#346,.T.);
#41=FACE_BOUND('',#349,.T.);
#42=FACE_BOUND('',#352,.T.);
#43=FACE_BOUND('',#354,.T.);
#44=FACE_BOUND('',#357,.T.);
#45=FACE_BOUND('',#360,.T.);
#46=FACE_BOUND('',#363,.T.);
#47=FACE_BOUND('',#367,.T.);
#48=FACE_BOUND('',#370,.T.);
#49=FACE_BOUND('',#375,.T.);
#50=FACE_BOUND('',#381,.T.);
#51=FACE_BOUND('',#382,.T.);
#52=FACE_BOUND('',#383,.T.);
#53=FACE_BOUND('',#384,.T.);
#54=FACE_BOUND('',#385,.T.);
#55=FACE_BOUND('',#386,.T.);
#56=FACE_BOUND('',#387,.T.);
#57=FACE_BOUND('',#397,.T.);
#58=FACE_BOUND('',#401,.T.);
#59=FACE_BOUND('',#405,.T.);
#60=FACE_BOUND('',#410,.T.);
#61=FACE_BOUND('',#413,.T.);
#62=FACE_BOUND('',#415,.T.);
#63=FACE_BOUND('',#418,.T.);
#64=FACE_BOUND('',#420,.T.);
#65=FACE_BOUND('',#423,.T.);
#66=PLANE('',#2495);
#67=PLANE('',#2512);
#68=PLANE('',#2513);
#69=PLANE('',#2514);
#70=PLANE('',#2515);
#71=PLANE('',#2519);
#72=PLANE('',#2533);
#73=PLANE('',#2534);
#74=PLANE('',#2535);
#75=PLANE('',#2536);
#76=PLANE('',#2537);
#77=PLANE('',#2579);
#78=PLANE('',#2582);
#79=PLANE('',#2587);
#80=PLANE('',#2592);
#81=PLANE('',#2602);
#82=PLANE('',#2608);
#83=PLANE('',#2617);
#84=PLANE('',#2618);
#85=PLANE('',#2625);
#86=PLANE('',#2629);
#87=PLANE('',#2633);
#88=PLANE('',#2637);
#89=PLANE('',#2638);
#90=PLANE('',#2643);
#91=PLANE('',#2648);
#92=PLANE('',#2653);
#93=PLANE('',#2660);
#94=PLANE('',#2664);
#95=PLANE('',#2672);
#96=PLANE('',#2676);
#97=PLANE('',#2677);
#98=PLANE('',#2678);
#99=PLANE('',#2695);
#100=PLANE('',#2697);
#101=PLANE('',#2698);
#102=PLANE('',#2701);
#103=PLANE('',#2705);
#104=PLANE('',#2706);
#105=PLANE('',#2708);
#106=PLANE('',#2709);
#107=PLANE('',#2710);
#108=PLANE('',#2712);
#109=PLANE('',#2713);
#110=PLANE('',#2714);
#111=PLANE('',#2715);
#112=PLANE('',#2716);
#113=PLANE('',#2717);
#114=PLANE('',#2718);
#115=PLANE('',#2719);
#116=PLANE('',#2720);
#117=PLANE('',#2721);
#118=PLANE('',#2724);
#119=PLANE('',#2725);
#120=PLANE('',#2726);
#121=PLANE('',#2727);
#122=PLANE('',#2728);
#123=PLANE('',#2729);
#124=PLANE('',#2730);
#125=PLANE('',#2731);
#126=PLANE('',#2732);
#127=PLANE('',#2733);
#128=PLANE('',#2734);
#129=PLANE('',#2735);
#130=PLANE('',#2736);
#131=PLANE('',#2737);
#132=PLANE('',#2738);
#133=PLANE('',#2739);
#134=PLANE('',#2740);
#135=PLANE('',#2741);
#136=PLANE('',#2742);
#137=PLANE('',#2743);
#138=PLANE('',#2744);
#139=PLANE('',#2745);
#140=PLANE('',#2746);
#141=PLANE('',#2747);
#142=FACE_OUTER_BOUND('',#271,.T.);
#143=FACE_OUTER_BOUND('',#272,.T.);
#144=FACE_OUTER_BOUND('',#273,.T.);
#145=FACE_OUTER_BOUND('',#274,.T.);
#146=FACE_OUTER_BOUND('',#275,.T.);
#147=FACE_OUTER_BOUND('',#276,.T.);
#148=FACE_OUTER_BOUND('',#277,.T.);
#149=FACE_OUTER_BOUND('',#278,.T.);
#150=FACE_OUTER_BOUND('',#279,.T.);
#151=FACE_OUTER_BOUND('',#280,.T.);
#152=FACE_OUTER_BOUND('',#281,.T.);
#153=FACE_OUTER_BOUND('',#282,.T.);
#154=FACE_OUTER_BOUND('',#283,.T.);
#155=FACE_OUTER_BOUND('',#284,.T.);
#156=FACE_OUTER_BOUND('',#285,.T.);
#157=FACE_OUTER_BOUND('',#286,.T.);
#158=FACE_OUTER_BOUND('',#289,.T.);
#159=FACE_OUTER_BOUND('',#290,.T.);
#160=FACE_OUTER_BOUND('',#291,.T.);
#161=FACE_OUTER_BOUND('',#292,.T.);
#162=FACE_OUTER_BOUND('',#293,.T.);
#163=FACE_OUTER_BOUND('',#314,.T.);
#164=FACE_OUTER_BOUND('',#315,.T.);
#165=FACE_OUTER_BOUND('',#316,.T.);
#166=FACE_OUTER_BOUND('',#317,.T.);
#167=FACE_OUTER_BOUND('',#319,.T.);
#168=FACE_OUTER_BOUND('',#320,.T.);
#169=FACE_OUTER_BOUND('',#321,.T.);
#170=FACE_OUTER_BOUND('',#322,.T.);
#171=FACE_OUTER_BOUND('',#323,.T.);
#172=FACE_OUTER_BOUND('',#324,.T.);
#173=FACE_OUTER_BOUND('',#325,.T.);
#174=FACE_OUTER_BOUND('',#326,.T.);
#175=FACE_OUTER_BOUND('',#327,.T.);
#176=FACE_OUTER_BOUND('',#328,.T.);
#177=FACE_OUTER_BOUND('',#329,.T.);
#178=FACE_OUTER_BOUND('',#330,.T.);
#179=FACE_OUTER_BOUND('',#331,.T.);
#180=FACE_OUTER_BOUND('',#333,.T.);
#181=FACE_OUTER_BOUND('',#334,.T.);
#182=FACE_OUTER_BOUND('',#335,.T.);
#183=FACE_OUTER_BOUND('',#336,.T.);
#184=FACE_OUTER_BOUND('',#337,.T.);
#185=FACE_OUTER_BOUND('',#338,.T.);
#186=FACE_OUTER_BOUND('',#339,.T.);
#187=FACE_OUTER_BOUND('',#340,.T.);
#188=FACE_OUTER_BOUND('',#341,.T.);
#189=FACE_OUTER_BOUND('',#342,.T.);
#190=FACE_OUTER_BOUND('',#344,.T.);
#191=FACE_OUTER_BOUND('',#345,.T.);
#192=FACE_OUTER_BOUND('',#347,.T.);
#193=FACE_OUTER_BOUND('',#348,.T.);
#194=FACE_OUTER_BOUND('',#350,.T.);
#195=FACE_OUTER_BOUND('',#351,.T.);
#196=FACE_OUTER_BOUND('',#353,.T.);
#197=FACE_OUTER_BOUND('',#355,.T.);
#198=FACE_OUTER_BOUND('',#356,.T.);
#199=FACE_OUTER_BOUND('',#358,.T.);
#200=FACE_OUTER_BOUND('',#359,.T.);
#201=FACE_OUTER_BOUND('',#361,.T.);
#202=FACE_OUTER_BOUND('',#362,.T.);
#203=FACE_OUTER_BOUND('',#364,.T.);
#204=FACE_OUTER_BOUND('',#365,.T.);
#205=FACE_OUTER_BOUND('',#366,.T.);
#206=FACE_OUTER_BOUND('',#368,.T.);
#207=FACE_OUTER_BOUND('',#369,.T.);
#208=FACE_OUTER_BOUND('',#371,.T.);
#209=FACE_OUTER_BOUND('',#372,.T.);
#210=FACE_OUTER_BOUND('',#373,.T.);
#211=FACE_OUTER_BOUND('',#374,.T.);
#212=FACE_OUTER_BOUND('',#376,.T.);
#213=FACE_OUTER_BOUND('',#377,.T.);
#214=FACE_OUTER_BOUND('',#378,.T.);
#215=FACE_OUTER_BOUND('',#379,.T.);
#216=FACE_OUTER_BOUND('',#380,.T.);
#217=FACE_OUTER_BOUND('',#388,.T.);
#218=FACE_OUTER_BOUND('',#389,.T.);
#219=FACE_OUTER_BOUND('',#390,.T.);
#220=FACE_OUTER_BOUND('',#391,.T.);
#221=FACE_OUTER_BOUND('',#392,.T.);
#222=FACE_OUTER_BOUND('',#393,.T.);
#223=FACE_OUTER_BOUND('',#394,.T.);
#224=FACE_OUTER_BOUND('',#395,.T.);
#225=FACE_OUTER_BOUND('',#396,.T.);
#226=FACE_OUTER_BOUND('',#398,.T.);
#227=FACE_OUTER_BOUND('',#399,.T.);
#228=FACE_OUTER_BOUND('',#400,.T.);
#229=FACE_OUTER_BOUND('',#402,.T.);
#230=FACE_OUTER_BOUND('',#403,.T.);
#231=FACE_OUTER_BOUND('',#404,.T.);
#232=FACE_OUTER_BOUND('',#406,.T.);
#233=FACE_OUTER_BOUND('',#407,.T.);
#234=FACE_OUTER_BOUND('',#408,.T.);
#235=FACE_OUTER_BOUND('',#409,.T.);
#236=FACE_OUTER_BOUND('',#411,.T.);
#237=FACE_OUTER_BOUND('',#412,.T.);
#238=FACE_OUTER_BOUND('',#414,.T.);
#239=FACE_OUTER_BOUND('',#416,.T.);
#240=FACE_OUTER_BOUND('',#417,.T.);
#241=FACE_OUTER_BOUND('',#419,.T.);
#242=FACE_OUTER_BOUND('',#421,.T.);
#243=FACE_OUTER_BOUND('',#422,.T.);
#244=FACE_OUTER_BOUND('',#424,.T.);
#245=FACE_OUTER_BOUND('',#425,.T.);
#246=FACE_OUTER_BOUND('',#426,.T.);
#247=FACE_OUTER_BOUND('',#427,.T.);
#248=FACE_OUTER_BOUND('',#428,.T.);
#249=FACE_OUTER_BOUND('',#429,.T.);
#250=FACE_OUTER_BOUND('',#430,.T.);
#251=FACE_OUTER_BOUND('',#431,.T.);
#252=FACE_OUTER_BOUND('',#432,.T.);
#253=FACE_OUTER_BOUND('',#433,.T.);
#254=FACE_OUTER_BOUND('',#434,.T.);
#255=FACE_OUTER_BOUND('',#435,.T.);
#256=FACE_OUTER_BOUND('',#436,.T.);
#257=FACE_OUTER_BOUND('',#437,.T.);
#258=FACE_OUTER_BOUND('',#438,.T.);
#259=FACE_OUTER_BOUND('',#439,.T.);
#260=FACE_OUTER_BOUND('',#440,.T.);
#261=FACE_OUTER_BOUND('',#441,.T.);
#262=FACE_OUTER_BOUND('',#442,.T.);
#263=FACE_OUTER_BOUND('',#443,.T.);
#264=FACE_OUTER_BOUND('',#444,.T.);
#265=FACE_OUTER_BOUND('',#445,.T.);
#266=FACE_OUTER_BOUND('',#446,.T.);
#267=FACE_OUTER_BOUND('',#447,.T.);
#268=FACE_OUTER_BOUND('',#448,.T.);
#269=FACE_OUTER_BOUND('',#449,.T.);
#270=FACE_OUTER_BOUND('',#450,.T.);
#271=EDGE_LOOP('',(#1589,#1590,#1591,#1592));
#272=EDGE_LOOP('',(#1593,#1594,#1595,#1596));
#273=EDGE_LOOP('',(#1597,#1598,#1599,#1600));
#274=EDGE_LOOP('',(#1601,#1602,#1603,#1604,#1605,#1606,#1607,#1608));
#275=EDGE_LOOP('',(#1609,#1610));
#276=EDGE_LOOP('',(#1611,#1612,#1613,#1614));
#277=EDGE_LOOP('',(#1615,#1616,#1617,#1618));
#278=EDGE_LOOP('',(#1619,#1620,#1621,#1622));
#279=EDGE_LOOP('',(#1623,#1624,#1625,#1626));
#280=EDGE_LOOP('',(#1627,#1628,#1629,#1630));
#281=EDGE_LOOP('',(#1631,#1632,#1633,#1634));
#282=EDGE_LOOP('',(#1635,#1636,#1637,#1638));
#283=EDGE_LOOP('',(#1639,#1640,#1641,#1642));
#284=EDGE_LOOP('',(#1643,#1644,#1645,#1646));
#285=EDGE_LOOP('',(#1647,#1648,#1649,#1650));
#286=EDGE_LOOP('',(#1651,#1652,#1653,#1654,#1655,#1656,#1657,#1658,#1659,
#1660,#1661,#1662,#1663,#1664,#1665,#1666,#1667,#1668,#1669,#1670,#1671,
#1672,#1673,#1674,#1675,#1676,#1677,#1678,#1679,#1680));
#287=EDGE_LOOP('',(#1681,#1682,#1683));
#288=EDGE_LOOP('',(#1684,#1685,#1686));
#289=EDGE_LOOP('',(#1687,#1688,#1689,#1690));
#290=EDGE_LOOP('',(#1691,#1692,#1693,#1694));
#291=EDGE_LOOP('',(#1695,#1696,#1697,#1698));
#292=EDGE_LOOP('',(#1699,#1700,#1701,#1702));
#293=EDGE_LOOP('',(#1703,#1704,#1705,#1706,#1707,#1708,#1709,#1710,#1711,
#1712,#1713,#1714,#1715,#1716,#1717,#1718,#1719,#1720,#1721,#1722,#1723,
#1724,#1725,#1726,#1727,#1728,#1729,#1730,#1731));
#294=EDGE_LOOP('',(#1732));
#295=EDGE_LOOP('',(#1733));
#296=EDGE_LOOP('',(#1734));
#297=EDGE_LOOP('',(#1735));
#298=EDGE_LOOP('',(#1736,#1737,#1738,#1739,#1740,#1741,#1742));
#299=EDGE_LOOP('',(#1743,#1744,#1745,#1746,#1747,#1748,#1749,#1750,#1751,
#1752,#1753));
#300=EDGE_LOOP('',(#1754,#1755,#1756,#1757,#1758,#1759,#1760));
#301=EDGE_LOOP('',(#1761,#1762,#1763,#1764,#1765,#1766));
#302=EDGE_LOOP('',(#1767,#1768,#1769,#1770));
#303=EDGE_LOOP('',(#1771,#1772,#1773));
#304=EDGE_LOOP('',(#1774,#1775,#1776));
#305=EDGE_LOOP('',(#1777,#1778,#1779));
#306=EDGE_LOOP('',(#1780,#1781,#1782));
#307=EDGE_LOOP('',(#1783,#1784,#1785,#1786));
#308=EDGE_LOOP('',(#1787));
#309=EDGE_LOOP('',(#1788));
#310=EDGE_LOOP('',(#1789));
#311=EDGE_LOOP('',(#1790));
#312=EDGE_LOOP('',(#1791,#1792,#1793));
#313=EDGE_LOOP('',(#1794));
#314=EDGE_LOOP('',(#1795,#1796,#1797,#1798));
#315=EDGE_LOOP('',(#1799,#1800,#1801,#1802,#1803,#1804,#1805,#1806));
#316=EDGE_LOOP('',(#1807,#1808,#1809,#1810));
#317=EDGE_LOOP('',(#1811));
#318=EDGE_LOOP('',(#1812,#1813));
#319=EDGE_LOOP('',(#1814,#1815,#1816,#1817));
#320=EDGE_LOOP('',(#1818,#1819,#1820,#1821));
#321=EDGE_LOOP('',(#1822,#1823,#1824,#1825,#1826,#1827,#1828));
#322=EDGE_LOOP('',(#1829,#1830,#1831,#1832));
#323=EDGE_LOOP('',(#1833,#1834,#1835,#1836,#1837,#1838,#1839,#1840,#1841,
#1842));
#324=EDGE_LOOP('',(#1843,#1844,#1845,#1846));
#325=EDGE_LOOP('',(#1847,#1848,#1849,#1850,#1851,#1852));
#326=EDGE_LOOP('',(#1853,#1854,#1855,#1856));
#327=EDGE_LOOP('',(#1857,#1858,#1859,#1860));
#328=EDGE_LOOP('',(#1861,#1862,#1863,#1864));
#329=EDGE_LOOP('',(#1865,#1866,#1867,#1868));
#330=EDGE_LOOP('',(#1869,#1870,#1871,#1872,#1873,#1874,#1875,#1876,#1877,
#1878));
#331=EDGE_LOOP('',(#1879));
#332=EDGE_LOOP('',(#1880,#1881));
#333=EDGE_LOOP('',(#1882,#1883,#1884,#1885,#1886,#1887));
#334=EDGE_LOOP('',(#1888,#1889,#1890,#1891,#1892,#1893));
#335=EDGE_LOOP('',(#1894,#1895,#1896,#1897,#1898,#1899,#1900,#1901,#1902,
#1903));
#336=EDGE_LOOP('',(#1904,#1905,#1906,#1907,#1908,#1909,#1910,#1911,#1912,
#1913));
#337=EDGE_LOOP('',(#1914,#1915,#1916,#1917));
#338=EDGE_LOOP('',(#1918,#1919,#1920,#1921));
#339=EDGE_LOOP('',(#1922,#1923,#1924,#1925,#1926,#1927,#1928,#1929,#1930,
#1931));
#340=EDGE_LOOP('',(#1932,#1933,#1934,#1935));
#341=EDGE_LOOP('',(#1936,#1937,#1938,#1939));
#342=EDGE_LOOP('',(#1940));
#343=EDGE_LOOP('',(#1941));
#344=EDGE_LOOP('',(#1942,#1943,#1944,#1945));
#345=EDGE_LOOP('',(#1946));
#346=EDGE_LOOP('',(#1947));
#347=EDGE_LOOP('',(#1948,#1949,#1950,#1951));
#348=EDGE_LOOP('',(#1952));
#349=EDGE_LOOP('',(#1953));
#350=EDGE_LOOP('',(#1954,#1955,#1956,#1957));
#351=EDGE_LOOP('',(#1958));
#352=EDGE_LOOP('',(#1959));
#353=EDGE_LOOP('',(#1960));
#354=EDGE_LOOP('',(#1961));
#355=EDGE_LOOP('',(#1962,#1963,#1964,#1965));
#356=EDGE_LOOP('',(#1966));
#357=EDGE_LOOP('',(#1967));
#358=EDGE_LOOP('',(#1968,#1969,#1970,#1971));
#359=EDGE_LOOP('',(#1972));
#360=EDGE_LOOP('',(#1973));
#361=EDGE_LOOP('',(#1974,#1975,#1976,#1977));
#362=EDGE_LOOP('',(#1978));
#363=EDGE_LOOP('',(#1979));
#364=EDGE_LOOP('',(#1980,#1981,#1982,#1983));
#365=EDGE_LOOP('',(#1984,#1985,#1986,#1987));
#366=EDGE_LOOP('',(#1988));
#367=EDGE_LOOP('',(#1989,#1990));
#368=EDGE_LOOP('',(#1991,#1992,#1993,#1994));
#369=EDGE_LOOP('',(#1995));
#370=EDGE_LOOP('',(#1996,#1997));
#371=EDGE_LOOP('',(#1998,#1999,#2000,#2001));
#372=EDGE_LOOP('',(#2002,#2003,#2004,#2005));
#373=EDGE_LOOP('',(#2006,#2007,#2008,#2009));
#374=EDGE_LOOP('',(#2010));
#375=EDGE_LOOP('',(#2011));
#376=EDGE_LOOP('',(#2012,#2013,#2014,#2015));
#377=EDGE_LOOP('',(#2016,#2017,#2018,#2019));
#378=EDGE_LOOP('',(#2020,#2021,#2022,#2023));
#379=EDGE_LOOP('',(#2024,#2025,#2026,#2027));
#380=EDGE_LOOP('',(#2028,#2029,#2030,#2031,#2032,#2033,#2034,#2035,#2036,
#2037,#2038,#2039,#2040,#2041,#2042,#2043,#2044));
#381=EDGE_LOOP('',(#2045,#2046,#2047,#2048));
#382=EDGE_LOOP('',(#2049,#2050,#2051));
#383=EDGE_LOOP('',(#2052,#2053,#2054));
#384=EDGE_LOOP('',(#2055,#2056,#2057,#2058));
#385=EDGE_LOOP('',(#2059));
#386=EDGE_LOOP('',(#2060,#2061,#2062,#2063,#2064,#2065));
#387=EDGE_LOOP('',(#2066));
#388=EDGE_LOOP('',(#2067,#2068,#2069,#2070));
#389=EDGE_LOOP('',(#2071,#2072,#2073,#2074));
#390=EDGE_LOOP('',(#2075,#2076,#2077,#2078));
#391=EDGE_LOOP('',(#2079,#2080,#2081,#2082));
#392=EDGE_LOOP('',(#2083,#2084,#2085,#2086,#2087,#2088,#2089,#2090));
#393=EDGE_LOOP('',(#2091,#2092,#2093,#2094));
#394=EDGE_LOOP('',(#2095,#2096,#2097,#2098));
#395=EDGE_LOOP('',(#2099,#2100,#2101,#2102));
#396=EDGE_LOOP('',(#2103));
#397=EDGE_LOOP('',(#2104));
#398=EDGE_LOOP('',(#2105,#2106,#2107,#2108));
#399=EDGE_LOOP('',(#2109,#2110,#2111,#2112,#2113,#2114,#2115,#2116));
#400=EDGE_LOOP('',(#2117));
#401=EDGE_LOOP('',(#2118));
#402=EDGE_LOOP('',(#2119,#2120,#2121,#2122));
#403=EDGE_LOOP('',(#2123,#2124,#2125,#2126,#2127,#2128,#2129,#2130,#2131,
#2132,#2133,#2134));
#404=EDGE_LOOP('',(#2135));
#405=EDGE_LOOP('',(#2136));
#406=EDGE_LOOP('',(#2137,#2138,#2139,#2140));
#407=EDGE_LOOP('',(#2141,#2142,#2143,#2144));
#408=EDGE_LOOP('',(#2145,#2146,#2147,#2148,#2149,#2150,#2151,#2152));
#409=EDGE_LOOP('',(#2153));
#410=EDGE_LOOP('',(#2154));
#411=EDGE_LOOP('',(#2155,#2156,#2157,#2158));
#412=EDGE_LOOP('',(#2159));
#413=EDGE_LOOP('',(#2160));
#414=EDGE_LOOP('',(#2161));
#415=EDGE_LOOP('',(#2162));
#416=EDGE_LOOP('',(#2163,#2164,#2165,#2166));
#417=EDGE_LOOP('',(#2167));
#418=EDGE_LOOP('',(#2168));
#419=EDGE_LOOP('',(#2169));
#420=EDGE_LOOP('',(#2170));
#421=EDGE_LOOP('',(#2171,#2172,#2173,#2174));
#422=EDGE_LOOP('',(#2175));
#423=EDGE_LOOP('',(#2176));
#424=EDGE_LOOP('',(#2177,#2178,#2179,#2180));
#425=EDGE_LOOP('',(#2181,#2182,#2183,#2184));
#426=EDGE_LOOP('',(#2185,#2186,#2187,#2188));
#427=EDGE_LOOP('',(#2189,#2190,#2191,#2192));
#428=EDGE_LOOP('',(#2193,#2194,#2195,#2196));
#429=EDGE_LOOP('',(#2197,#2198,#2199,#2200));
#430=EDGE_LOOP('',(#2201,#2202,#2203,#2204));
#431=EDGE_LOOP('',(#2205,#2206,#2207,#2208));
#432=EDGE_LOOP('',(#2209,#2210,#2211,#2212));
#433=EDGE_LOOP('',(#2213,#2214,#2215,#2216));
#434=EDGE_LOOP('',(#2217,#2218,#2219,#2220));
#435=EDGE_LOOP('',(#2221,#2222,#2223,#2224));
#436=EDGE_LOOP('',(#2225,#2226,#2227,#2228));
#437=EDGE_LOOP('',(#2229,#2230,#2231,#2232));
#438=EDGE_LOOP('',(#2233,#2234,#2235,#2236));
#439=EDGE_LOOP('',(#2237,#2238,#2239,#2240));
#440=EDGE_LOOP('',(#2241,#2242,#2243,#2244));
#441=EDGE_LOOP('',(#2245,#2246,#2247,#2248));
#442=EDGE_LOOP('',(#2249,#2250,#2251,#2252));
#443=EDGE_LOOP('',(#2253,#2254,#2255,#2256));
#444=EDGE_LOOP('',(#2257,#2258,#2259,#2260));
#445=EDGE_LOOP('',(#2261,#2262,#2263,#2264));
#446=EDGE_LOOP('',(#2265,#2266,#2267,#2268));
#447=EDGE_LOOP('',(#2269,#2270,#2271,#2272));
#448=EDGE_LOOP('',(#2273,#2274,#2275,#2276));
#449=EDGE_LOOP('',(#2277,#2278,#2279,#2280));
#450=EDGE_LOOP('',(#2281,#2282,#2283,#2284));
#451=LINE('',#3499,#661);
#452=LINE('',#3505,#662);
#453=LINE('',#3511,#663);
#454=LINE('',#3518,#664);
#455=LINE('',#3522,#665);
#456=LINE('',#3525,#666);
#457=LINE('',#3533,#667);
#458=LINE('',#3539,#668);
#459=LINE('',#3545,#669);
#460=LINE('',#3551,#670);
#461=LINE('',#3557,#671);
#462=LINE('',#3562,#672);
#463=LINE('',#3564,#673);
#464=LINE('',#3566,#674);
#465=LINE('',#3567,#675);
#466=LINE('',#3571,#676);
#467=LINE('',#3573,#677);
#468=LINE('',#3575,#678);
#469=LINE('',#3576,#679);
#470=LINE('',#3580,#680);
#471=LINE('',#3581,#681);
#472=LINE('',#3582,#682);
#473=LINE('',#3585,#683);
#474=LINE('',#3587,#684);
#475=LINE('',#3588,#685);
#476=LINE('',#3593,#686);
#477=LINE('',#3597,#687);
#478=LINE('',#3603,#688);
#479=LINE('',#3609,#689);
#480=LINE('',#3611,#690);
#481=LINE('',#3613,#691);
#482=LINE('',#3617,#692);
#483=LINE('',#3621,#693);
#484=LINE('',#3623,#694);
#485=LINE('',#3625,#695);
#486=LINE('',#3633,#696);
#487=LINE('',#3641,#697);
#488=LINE('',#3642,#698);
#489=LINE('',#3646,#699);
#490=LINE('',#3648,#700);
#491=LINE('',#3649,#701);
#492=LINE('',#3652,#702);
#493=LINE('',#3654,#703);
#494=LINE('',#3655,#704);
#495=LINE('',#3658,#705);
#496=LINE('',#3660,#706);
#497=LINE('',#3661,#707);
#498=LINE('',#3664,#708);
#499=LINE('',#3665,#709);
#500=LINE('',#3668,#710);
#501=LINE('',#3670,#711);
#502=LINE('',#3671,#712);
#503=LINE('',#3674,#713);
#504=LINE('',#3675,#714);
#505=LINE('',#3690,#715);
#506=LINE('',#3700,#716);
#507=LINE('',#3704,#717);
#508=LINE('',#3708,#718);
#509=LINE('',#3712,#719);
#510=LINE('',#3716,#720);
#511=LINE('',#3720,#721);
#512=LINE('',#3724,#722);
#513=LINE('',#3729,#723);
#514=LINE('',#3731,#724);
#515=LINE('',#3736,#725);
#516=LINE('',#3742,#726);
#517=LINE('',#3746,#727);
#518=LINE('',#3750,#728);
#519=LINE('',#3754,#729);
#520=LINE('',#3761,#730);
#521=LINE('',#3762,#731);
#522=LINE('',#3767,#732);
#523=LINE('',#3769,#733);
#524=LINE('',#3771,#734);
#525=LINE('',#3774,#735);
#526=LINE('',#3779,#736);
#527=LINE('',#3781,#737);
#528=LINE('',#3782,#738);
#529=LINE('',#3785,#739);
#530=LINE('',#3787,#740);
#531=LINE('',#3788,#741);
#532=LINE('',#3791,#742);
#533=LINE('',#3793,#743);
#534=LINE('',#3794,#744);
#535=LINE('',#3797,#745);
#536=LINE('',#3799,#746);
#537=LINE('',#3800,#747);
#538=LINE('',#3803,#748);
#539=LINE('',#3805,#749);
#540=LINE('',#3806,#750);
#541=LINE('',#3811,#751);
#542=LINE('',#3813,#752);
#543=LINE('',#3814,#753);
#544=LINE('',#3821,#754);
#545=LINE('',#3823,#755);
#546=LINE('',#3825,#756);
#547=LINE('',#3829,#757);
#548=LINE('',#3832,#758);
#549=LINE('',#3835,#759);
#550=LINE('',#3837,#760);
#551=LINE('',#3850,#761);
#552=LINE('',#3853,#762);
#553=LINE('',#3859,#763);
#554=LINE('',#3864,#764);
#555=LINE('',#3866,#765);
#556=LINE('',#3868,#766);
#557=LINE('',#3871,#767);
#558=LINE('',#3873,#768);
#559=LINE('',#3876,#769);
#560=LINE('',#3879,#770);
#561=LINE('',#3882,#771);
#562=LINE('',#3884,#772);
#563=LINE('',#3889,#773);
#564=LINE('',#3895,#774);
#565=LINE('',#3898,#775);
#566=LINE('',#3901,#776);
#567=LINE('',#3902,#777);
#568=LINE('',#3908,#778);
#569=LINE('',#3910,#779);
#570=LINE('',#3911,#780);
#571=LINE('',#3913,#781);
#572=LINE('',#3915,#782);
#573=LINE('',#3917,#783);
#574=LINE('',#3920,#784);
#575=LINE('',#3923,#785);
#576=LINE('',#3926,#786);
#577=LINE('',#3929,#787);
#578=LINE('',#3934,#788);
#579=LINE('',#3941,#789);
#580=LINE('',#3948,#790);
#581=LINE('',#3955,#791);
#582=LINE('',#3966,#792);
#583=LINE('',#3975,#793);
#584=LINE('',#3984,#794);
#585=LINE('',#3993,#795);
#586=LINE('',#3997,#796);
#587=LINE('',#4004,#797);
#588=LINE('',#4011,#798);
#589=LINE('',#4015,#799);
#590=LINE('',#4018,#800);
#591=LINE('',#4024,#801);
#592=LINE('',#4027,#802);
#593=LINE('',#4030,#803);
#594=LINE('',#4031,#804);
#595=LINE('',#4034,#805);
#596=LINE('',#4035,#806);
#597=LINE('',#4043,#807);
#598=LINE('',#4047,#808);
#599=LINE('',#4053,#809);
#600=LINE('',#4057,#810);
#601=LINE('',#4060,#811);
#602=LINE('',#4062,#812);
#603=LINE('',#4067,#813);
#604=LINE('',#4070,#814);
#605=LINE('',#4072,#815);
#606=LINE('',#4074,#816);
#607=LINE('',#4078,#817);
#608=LINE('',#4080,#818);
#609=LINE('',#4081,#819);
#610=LINE('',#4084,#820);
#611=LINE('',#4086,#821);
#612=LINE('',#4087,#822);
#613=LINE('',#4090,#823);
#614=LINE('',#4092,#824);
#615=LINE('',#4094,#825);
#616=LINE('',#4101,#826);
#617=LINE('',#4102,#827);
#618=LINE('',#4104,#828);
#619=LINE('',#4105,#829);
#620=LINE('',#4107,#830);
#621=LINE('',#4109,#831);
#622=LINE('',#4110,#832);
#623=LINE('',#4112,#833);
#624=LINE('',#4114,#834);
#625=LINE('',#4115,#835);
#626=LINE('',#4116,#836);
#627=LINE('',#4118,#837);
#628=LINE('',#4122,#838);
#629=LINE('',#4128,#839);
#630=LINE('',#4130,#840);
#631=LINE('',#4131,#841);
#632=LINE('',#4132,#842);
#633=LINE('',#4135,#843);
#634=LINE('',#4137,#844);
#635=LINE('',#4138,#845);
#636=LINE('',#4139,#846);
#637=LINE('',#4144,#847);
#638=LINE('',#4145,#848);
#639=LINE('',#4146,#849);
#640=LINE('',#4149,#850);
#641=LINE('',#4159,#851);
#642=LINE('',#4161,#852);
#643=LINE('',#4162,#853);
#644=LINE('',#4164,#854);
#645=LINE('',#4166,#855);
#646=LINE('',#4169,#856);
#647=LINE('',#4172,#857);
#648=LINE('',#4173,#858);
#649=LINE('',#4175,#859);
#650=LINE('',#4176,#860);
#651=LINE('',#4178,#861);
#652=LINE('',#4181,#862);
#653=LINE('',#4184,#863);
#654=LINE('',#4188,#864);
#655=LINE('',#4189,#865);
#656=LINE('',#4191,#866);
#657=LINE('',#4192,#867);
#658=LINE('',#4195,#868);
#659=LINE('',#4198,#869);
#660=LINE('',#4200,#870);
#661=VECTOR('',#2754,1.7);
#662=VECTOR('',#2761,1.7);
#663=VECTOR('',#2768,1.7);
#664=VECTOR('',#2775,10.);
#665=VECTOR('',#2778,10.);
#666=VECTOR('',#2781,1.7);
#667=VECTOR('',#2792,1.7);
#668=VECTOR('',#2799,1.7);
#669=VECTOR('',#2806,1.7);
#670=VECTOR('',#2813,1.7);
#671=VECTOR('',#2820,1.7);
#672=VECTOR('',#2825,10.);
#673=VECTOR('',#2826,10.);
#674=VECTOR('',#2827,10.);
#675=VECTOR('',#2828,10.);
#676=VECTOR('',#2831,10.);
#677=VECTOR('',#2832,10.);
#678=VECTOR('',#2833,10.);
#679=VECTOR('',#2834,10.);
#680=VECTOR('',#2837,10.);
#681=VECTOR('',#2838,10.);
#682=VECTOR('',#2839,10.);
#683=VECTOR('',#2842,10.);
#684=VECTOR('',#2843,10.);
#685=VECTOR('',#2844,10.);
#686=VECTOR('',#2849,10.);
#687=VECTOR('',#2854,10.);
#688=VECTOR('',#2859,10.);
#689=VECTOR('',#2864,10.);
#690=VECTOR('',#2865,10.);
#691=VECTOR('',#2866,10.);
#692=VECTOR('',#2869,10.);
#693=VECTOR('',#2872,10.);
#694=VECTOR('',#2873,10.);
#695=VECTOR('',#2874,10.);
#696=VECTOR('',#2881,10.);
#697=VECTOR('',#2888,10.);
#698=VECTOR('',#2889,10.);
#699=VECTOR('',#2892,10.);
#700=VECTOR('',#2893,10.);
#701=VECTOR('',#2894,10.);
#702=VECTOR('',#2895,10.);
#703=VECTOR('',#2896,10.);
#704=VECTOR('',#2897,10.);
#705=VECTOR('',#2900,10.);
#706=VECTOR('',#2901,10.);
#707=VECTOR('',#2902,10.);
#708=VECTOR('',#2905,10.);
#709=VECTOR('',#2906,10.);
#710=VECTOR('',#2909,10.);
#711=VECTOR('',#2910,10.);
#712=VECTOR('',#2911,10.);
#713=VECTOR('',#2914,10.);
#714=VECTOR('',#2915,10.);
#715=VECTOR('',#2930,10.);
#716=VECTOR('',#2939,10.);
#717=VECTOR('',#2942,10.);
#718=VECTOR('',#2945,10.);
#719=VECTOR('',#2948,10.);
#720=VECTOR('',#2951,10.);
#721=VECTOR('',#2954,10.);
#722=VECTOR('',#2957,10.);
#723=VECTOR('',#2962,10.);
#724=VECTOR('',#2963,10.);
#725=VECTOR('',#2968,10.);
#726=VECTOR('',#2973,10.);
#727=VECTOR('',#2976,10.);
#728=VECTOR('',#2979,10.);
#729=VECTOR('',#2982,10.);
#730=VECTOR('',#2989,10.);
#731=VECTOR('',#2990,10.);
#732=VECTOR('',#2993,10.);
#733=VECTOR('',#2994,10.);
#734=VECTOR('',#2995,10.);
#735=VECTOR('',#2998,10.);
#736=VECTOR('',#3001,10.);
#737=VECTOR('',#3002,10.);
#738=VECTOR('',#3003,10.);
#739=VECTOR('',#3004,10.);
#740=VECTOR('',#3005,10.);
#741=VECTOR('',#3006,10.);
#742=VECTOR('',#3007,10.);
#743=VECTOR('',#3008,10.);
#744=VECTOR('',#3009,10.);
#745=VECTOR('',#3010,10.);
#746=VECTOR('',#3011,10.);
#747=VECTOR('',#3012,10.);
#748=VECTOR('',#3013,10.);
#749=VECTOR('',#3014,10.);
#750=VECTOR('',#3015,10.);
#751=VECTOR('',#3018,10.);
#752=VECTOR('',#3019,10.);
#753=VECTOR('',#3020,10.);
#754=VECTOR('',#3029,10.);
#755=VECTOR('',#3032,10.);
#756=VECTOR('',#3033,10.);
#757=VECTOR('',#3036,10.);
#758=VECTOR('',#3039,10.);
#759=VECTOR('',#3042,10.);
#760=VECTOR('',#3043,10.);
#761=VECTOR('',#3062,10.);
#762=VECTOR('',#3065,10.);
#763=VECTOR('',#3070,10.);
#764=VECTOR('',#3077,10.);
#765=VECTOR('',#3080,10.);
#766=VECTOR('',#3081,10.);
#767=VECTOR('',#3084,10.);
#768=VECTOR('',#3087,10.);
#769=VECTOR('',#3090,10.);
#770=VECTOR('',#3093,10.);
#771=VECTOR('',#3096,10.);
#772=VECTOR('',#3097,10.);
#773=VECTOR('',#3104,10.);
#774=VECTOR('',#3113,10.);
#775=VECTOR('',#3116,10.);
#776=VECTOR('',#3119,10.);
#777=VECTOR('',#3120,10.);
#778=VECTOR('',#3129,10.);
#779=VECTOR('',#3132,10.);
#780=VECTOR('',#3133,10.);
#781=VECTOR('',#3136,10.);
#782=VECTOR('',#3139,10.);
#783=VECTOR('',#3140,10.);
#784=VECTOR('',#3143,10.);
#785=VECTOR('',#3148,10.);
#786=VECTOR('',#3153,10.);
#787=VECTOR('',#3158,10.);
#788=VECTOR('',#3163,2.025);
#789=VECTOR('',#3172,2.025);
#790=VECTOR('',#3181,2.025);
#791=VECTOR('',#3190,2.025);
#792=VECTOR('',#3205,4.);
#793=VECTOR('',#3216,4.);
#794=VECTOR('',#3227,4.);
#795=VECTOR('',#3238,4.);
#796=VECTOR('',#3243,4.);
#797=VECTOR('',#3252,4.);
#798=VECTOR('',#3261,4.);
#799=VECTOR('',#3266,4.);
#800=VECTOR('',#3269,3.25);
#801=VECTOR('',#3278,10.);
#802=VECTOR('',#3281,10.);
#803=VECTOR('',#3284,10.);
#804=VECTOR('',#3285,10.);
#805=VECTOR('',#3288,10.);
#806=VECTOR('',#3289,10.);
#807=VECTOR('',#3296,10.);
#808=VECTOR('',#3299,10.);
#809=VECTOR('',#3304,10.);
#810=VECTOR('',#3307,10.);
#811=VECTOR('',#3310,10.);
#812=VECTOR('',#3311,10.);
#813=VECTOR('',#3316,10.);
#814=VECTOR('',#3317,10.);
#815=VECTOR('',#3318,10.);
#816=VECTOR('',#3319,10.);
#817=VECTOR('',#3322,10.);
#818=VECTOR('',#3323,10.);
#819=VECTOR('',#3324,10.);
#820=VECTOR('',#3325,10.);
#821=VECTOR('',#3326,10.);
#822=VECTOR('',#3327,10.);
#823=VECTOR('',#3328,10.);
#824=VECTOR('',#3329,10.);
#825=VECTOR('',#3330,10.);
#826=VECTOR('',#3337,10.);
#827=VECTOR('',#3338,10.);
#828=VECTOR('',#3341,10.);
#829=VECTOR('',#3342,10.);
#830=VECTOR('',#3345,10.);
#831=VECTOR('',#3348,10.);
#832=VECTOR('',#3349,10.);
#833=VECTOR('',#3352,10.);
#834=VECTOR('',#3355,3.);
#835=VECTOR('',#3356,10.);
#836=VECTOR('',#3357,10.);
#837=VECTOR('',#3360,10.);
#838=VECTOR('',#3365,3.25);
#839=VECTOR('',#3374,1.7);
#840=VECTOR('',#3377,3.);
#841=VECTOR('',#3378,10.);
#842=VECTOR('',#3379,10.);
#843=VECTOR('',#3384,10.);
#844=VECTOR('',#3387,3.);
#845=VECTOR('',#3388,10.);
#846=VECTOR('',#3389,10.);
#847=VECTOR('',#3398,3.);
#848=VECTOR('',#3399,10.);
#849=VECTOR('',#3400,10.);
#850=VECTOR('',#3405,10.);
#851=VECTOR('',#3424,10.);
#852=VECTOR('',#3427,10.);
#853=VECTOR('',#3428,10.);
#854=VECTOR('',#3431,10.);
#855=VECTOR('',#3434,10.);
#856=VECTOR('',#3439,10.);
#857=VECTOR('',#3444,10.);
#858=VECTOR('',#3445,10.);
#859=VECTOR('',#3448,10.);
#860=VECTOR('',#3449,10.);
#861=VECTOR('',#3452,10.);
#862=VECTOR('',#3457,10.);
#863=VECTOR('',#3462,10.);
#864=VECTOR('',#3469,10.);
#865=VECTOR('',#3470,10.);
#866=VECTOR('',#3473,10.);
#867=VECTOR('',#3474,10.);
#868=VECTOR('',#3479,10.);
#869=VECTOR('',#3484,10.);
#870=VECTOR('',#3487,10.);
#871=CIRCLE('',#2482,1.7);
#872=CIRCLE('',#2483,1.7);
#873=CIRCLE('',#2485,1.7);
#874=CIRCLE('',#2486,1.7);
#875=CIRCLE('',#2488,1.7);
#876=CIRCLE('',#2489,1.7);
#877=CIRCLE('',#2491,1.7);
#878=CIRCLE('',#2492,1.7);
#879=CIRCLE('',#2493,1.7);
#880=CIRCLE('',#2494,1.7);
#881=CIRCLE('',#2496,3.25);
#882=CIRCLE('',#2498,1.7);
#883=CIRCLE('',#2499,1.7);
#884=CIRCLE('',#2501,1.7);
#885=CIRCLE('',#2502,1.7);
#886=CIRCLE('',#2504,1.7);
#887=CIRCLE('',#2505,1.7);
#888=CIRCLE('',#2507,1.7);
#889=CIRCLE('',#2508,1.7);
#890=CIRCLE('',#2510,1.7);
#891=CIRCLE('',#2511,1.7);
#892=CIRCLE('',#2517,3.81);
#893=CIRCLE('',#2518,3.81);
#894=CIRCLE('',#2520,3.);
#895=CIRCLE('',#2521,3.);
#896=CIRCLE('',#2522,3.);
#897=CIRCLE('',#2523,3.);
#898=CIRCLE('',#2524,3.);
#899=CIRCLE('',#2525,3.81);
#900=CIRCLE('',#2526,3.81);
#901=CIRCLE('',#2527,3.);
#902=CIRCLE('',#2528,3.);
#903=CIRCLE('',#2529,3.);
#904=CIRCLE('',#2530,3.);
#905=CIRCLE('',#2531,3.81);
#906=CIRCLE('',#2532,3.);
#907=CIRCLE('',#2538,3.);
#908=CIRCLE('',#2539,3.);
#909=CIRCLE('',#2540,3.81);
#910=CIRCLE('',#2541,3.);
#911=CIRCLE('',#2542,3.81);
#912=CIRCLE('',#2543,3.);
#913=CIRCLE('',#2544,3.);
#914=CIRCLE('',#2545,3.81);
#915=CIRCLE('',#2546,3.);
#916=CIRCLE('',#2547,3.81);
#917=CIRCLE('',#2548,3.);
#918=CIRCLE('',#2549,3.);
#919=CIRCLE('',#2550,3.8);
#920=CIRCLE('',#2551,3.);
#921=CIRCLE('',#2552,3.);
#922=CIRCLE('',#2553,3.);
#923=CIRCLE('',#2554,3.);
#924=CIRCLE('',#2555,3.);
#925=CIRCLE('',#2556,3.81);
#926=CIRCLE('',#2557,3.);
#927=CIRCLE('',#2558,3.);
#928=CIRCLE('',#2559,3.);
#929=CIRCLE('',#2560,4.);
#930=CIRCLE('',#2561,3.);
#931=CIRCLE('',#2562,3.);
#932=CIRCLE('',#2563,3.81);
#933=CIRCLE('',#2564,3.);
#934=CIRCLE('',#2565,3.81);
#935=CIRCLE('',#2566,4.);
#936=CIRCLE('',#2567,4.);
#937=CIRCLE('',#2568,4.);
#938=CIRCLE('',#2569,3.8);
#939=CIRCLE('',#2570,3.25);
#940=CIRCLE('',#2571,3.25);
#941=CIRCLE('',#2572,3.25);
#942=CIRCLE('',#2575,3.);
#943=CIRCLE('',#2576,3.);
#944=CIRCLE('',#2578,3.);
#945=CIRCLE('',#2580,4.);
#946=CIRCLE('',#2581,3.);
#947=CIRCLE('',#2583,3.81);
#948=CIRCLE('',#2584,3.);
#949=CIRCLE('',#2585,3.81);
#950=CIRCLE('',#2588,3.);
#951=CIRCLE('',#2589,3.);
#952=CIRCLE('',#2590,3.81);
#953=CIRCLE('',#2591,3.);
#954=CIRCLE('',#2594,3.);
#955=CIRCLE('',#2597,3.);
#956=CIRCLE('',#2599,3.);
#957=CIRCLE('',#2601,3.81);
#958=CIRCLE('',#2603,3.81);
#959=CIRCLE('',#2604,3.);
#960=CIRCLE('',#2607,3.);
#961=CIRCLE('',#2609,4.);
#962=CIRCLE('',#2610,3.);
#963=CIRCLE('',#2615,3.);
#964=CIRCLE('',#2616,3.);
#965=CIRCLE('',#2620,3.);
#966=CIRCLE('',#2623,2.025);
#967=CIRCLE('',#2624,2.025);
#968=CIRCLE('',#2627,2.025);
#969=CIRCLE('',#2628,2.025);
#970=CIRCLE('',#2631,2.025);
#971=CIRCLE('',#2632,2.025);
#972=CIRCLE('',#2635,2.025);
#973=CIRCLE('',#2636,2.025);
#974=CIRCLE('',#2639,4.);
#975=CIRCLE('',#2640,3.);
#976=CIRCLE('',#2642,4.);
#977=CIRCLE('',#2644,4.);
#978=CIRCLE('',#2645,3.);
#979=CIRCLE('',#2647,4.);
#980=CIRCLE('',#2649,4.);
#981=CIRCLE('',#2650,3.);
#982=CIRCLE('',#2652,4.);
#983=CIRCLE('',#2654,4.);
#984=CIRCLE('',#2655,3.);
#985=CIRCLE('',#2657,4.);
#986=CIRCLE('',#2659,4.);
#987=CIRCLE('',#2661,4.);
#988=CIRCLE('',#2663,4.);
#989=CIRCLE('',#2665,4.);
#990=CIRCLE('',#2667,4.);
#991=CIRCLE('',#2669,4.);
#992=CIRCLE('',#2671,3.25);
#993=CIRCLE('',#2675,4.);
#994=CIRCLE('',#2679,3.);
#995=CIRCLE('',#2680,3.);
#996=CIRCLE('',#2681,3.8);
#997=CIRCLE('',#2682,3.);
#998=CIRCLE('',#2683,3.);
#999=CIRCLE('',#2684,3.);
#1000=CIRCLE('',#2685,4.);
#1001=CIRCLE('',#2686,3.);
#1002=CIRCLE('',#2687,3.);
#1003=CIRCLE('',#2688,4.);
#1004=CIRCLE('',#2689,3.8);
#1005=CIRCLE('',#2690,1.7);
#1006=CIRCLE('',#2691,4.);
#1007=CIRCLE('',#2700,3.25);
#1008=CIRCLE('',#2702,1.7);
#1009=VERTEX_POINT('',#3496);
#1010=VERTEX_POINT('',#3498);
#1011=VERTEX_POINT('',#3502);
#1012=VERTEX_POINT('',#3504);
#1013=VERTEX_POINT('',#3508);
#1014=VERTEX_POINT('',#3510);
#1015=VERTEX_POINT('',#3514);
#1016=VERTEX_POINT('',#3515);
#1017=VERTEX_POINT('',#3517);
#1018=VERTEX_POINT('',#3519);
#1019=VERTEX_POINT('',#3521);
#1020=VERTEX_POINT('',#3524);
#1021=VERTEX_POINT('',#3530);
#1022=VERTEX_POINT('',#3532);
#1023=VERTEX_POINT('',#3536);
#1024=VERTEX_POINT('',#3538);
#1025=VERTEX_POINT('',#3542);
#1026=VERTEX_POINT('',#3544);
#1027=VERTEX_POINT('',#3548);
#1028=VERTEX_POINT('',#3550);
#1029=VERTEX_POINT('',#3554);
#1030=VERTEX_POINT('',#3556);
#1031=VERTEX_POINT('',#3560);
#1032=VERTEX_POINT('',#3561);
#1033=VERTEX_POINT('',#3563);
#1034=VERTEX_POINT('',#3565);
#1035=VERTEX_POINT('',#3569);
#1036=VERTEX_POINT('',#3570);
#1037=VERTEX_POINT('',#3572);
#1038=VERTEX_POINT('',#3574);
#1039=VERTEX_POINT('',#3578);
#1040=VERTEX_POINT('',#3579);
#1041=VERTEX_POINT('',#3584);
#1042=VERTEX_POINT('',#3586);
#1043=VERTEX_POINT('',#3590);
#1044=VERTEX_POINT('',#3592);
#1045=VERTEX_POINT('',#3596);
#1046=VERTEX_POINT('',#3598);
#1047=VERTEX_POINT('',#3600);
#1048=VERTEX_POINT('',#3602);
#1049=VERTEX_POINT('',#3604);
#1050=VERTEX_POINT('',#3606);
#1051=VERTEX_POINT('',#3608);
#1052=VERTEX_POINT('',#3610);
#1053=VERTEX_POINT('',#3612);
#1054=VERTEX_POINT('',#3614);
#1055=VERTEX_POINT('',#3616);
#1056=VERTEX_POINT('',#3618);
#1057=VERTEX_POINT('',#3620);
#1058=VERTEX_POINT('',#3622);
#1059=VERTEX_POINT('',#3624);
#1060=VERTEX_POINT('',#3626);
#1061=VERTEX_POINT('',#3628);
#1062=VERTEX_POINT('',#3630);
#1063=VERTEX_POINT('',#3632);
#1064=VERTEX_POINT('',#3634);
#1065=VERTEX_POINT('',#3636);
#1066=VERTEX_POINT('',#3638);
#1067=VERTEX_POINT('',#3640);
#1068=VERTEX_POINT('',#3644);
#1069=VERTEX_POINT('',#3645);
#1070=VERTEX_POINT('',#3647);
#1071=VERTEX_POINT('',#3650);
#1072=VERTEX_POINT('',#3651);
#1073=VERTEX_POINT('',#3653);
#1074=VERTEX_POINT('',#3657);
#1075=VERTEX_POINT('',#3659);
#1076=VERTEX_POINT('',#3663);
#1077=VERTEX_POINT('',#3667);
#1078=VERTEX_POINT('',#3669);
#1079=VERTEX_POINT('',#3673);
#1080=VERTEX_POINT('',#3677);
#1081=VERTEX_POINT('',#3679);
#1082=VERTEX_POINT('',#3681);
#1083=VERTEX_POINT('',#3683);
#1084=VERTEX_POINT('',#3685);
#1085=VERTEX_POINT('',#3687);
#1086=VERTEX_POINT('',#3689);
#1087=VERTEX_POINT('',#3691);
#1088=VERTEX_POINT('',#3693);
#1089=VERTEX_POINT('',#3695);
#1090=VERTEX_POINT('',#3697);
#1091=VERTEX_POINT('',#3699);
#1092=VERTEX_POINT('',#3701);
#1093=VERTEX_POINT('',#3703);
#1094=VERTEX_POINT('',#3705);
#1095=VERTEX_POINT('',#3707);
#1096=VERTEX_POINT('',#3709);
#1097=VERTEX_POINT('',#3711);
#1098=VERTEX_POINT('',#3713);
#1099=VERTEX_POINT('',#3715);
#1100=VERTEX_POINT('',#3717);
#1101=VERTEX_POINT('',#3719);
#1102=VERTEX_POINT('',#3721);
#1103=VERTEX_POINT('',#3723);
#1104=VERTEX_POINT('',#3725);
#1105=VERTEX_POINT('',#3728);
#1106=VERTEX_POINT('',#3730);
#1107=VERTEX_POINT('',#3732);
#1108=VERTEX_POINT('',#3735);
#1109=VERTEX_POINT('',#3737);
#1110=VERTEX_POINT('',#3739);
#1111=VERTEX_POINT('',#3741);
#1112=VERTEX_POINT('',#3743);
#1113=VERTEX_POINT('',#3745);
#1114=VERTEX_POINT('',#3747);
#1115=VERTEX_POINT('',#3749);
#1116=VERTEX_POINT('',#3752);
#1117=VERTEX_POINT('',#3753);
#1118=VERTEX_POINT('',#3756);
#1119=VERTEX_POINT('',#3758);
#1120=VERTEX_POINT('',#3760);
#1121=VERTEX_POINT('',#3763);
#1122=VERTEX_POINT('',#3764);
#1123=VERTEX_POINT('',#3766);
#1124=VERTEX_POINT('',#3768);
#1125=VERTEX_POINT('',#3770);
#1126=VERTEX_POINT('',#3772);
#1127=VERTEX_POINT('',#3775);
#1128=VERTEX_POINT('',#3776);
#1129=VERTEX_POINT('',#3778);
#1130=VERTEX_POINT('',#3780);
#1131=VERTEX_POINT('',#3783);
#1132=VERTEX_POINT('',#3784);
#1133=VERTEX_POINT('',#3786);
#1134=VERTEX_POINT('',#3789);
#1135=VERTEX_POINT('',#3790);
#1136=VERTEX_POINT('',#3792);
#1137=VERTEX_POINT('',#3795);
#1138=VERTEX_POINT('',#3796);
#1139=VERTEX_POINT('',#3798);
#1140=VERTEX_POINT('',#3801);
#1141=VERTEX_POINT('',#3802);
#1142=VERTEX_POINT('',#3804);
#1143=VERTEX_POINT('',#3807);
#1144=VERTEX_POINT('',#3808);
#1145=VERTEX_POINT('',#3810);
#1146=VERTEX_POINT('',#3812);
#1147=VERTEX_POINT('',#3815);
#1148=VERTEX_POINT('',#3817);
#1149=VERTEX_POINT('',#3824);
#1150=VERTEX_POINT('',#3826);
#1151=VERTEX_POINT('',#3828);
#1152=VERTEX_POINT('',#3830);
#1153=VERTEX_POINT('',#3834);
#1154=VERTEX_POINT('',#3836);
#1155=VERTEX_POINT('',#3840);
#1156=VERTEX_POINT('',#3844);
#1157=VERTEX_POINT('',#3846);
#1158=VERTEX_POINT('',#3852);
#1159=VERTEX_POINT('',#3854);
#1160=VERTEX_POINT('',#3856);
#1161=VERTEX_POINT('',#3858);
#1162=VERTEX_POINT('',#3860);
#1163=VERTEX_POINT('',#3867);
#1164=VERTEX_POINT('',#3869);
#1165=VERTEX_POINT('',#3875);
#1166=VERTEX_POINT('',#3877);
#1167=VERTEX_POINT('',#3881);
#1168=VERTEX_POINT('',#3883);
#1169=VERTEX_POINT('',#3887);
#1170=VERTEX_POINT('',#3891);
#1171=VERTEX_POINT('',#3897);
#1172=VERTEX_POINT('',#3899);
#1173=VERTEX_POINT('',#3904);
#1174=VERTEX_POINT('',#3916);
#1175=VERTEX_POINT('',#3918);
#1176=VERTEX_POINT('',#3931);
#1177=VERTEX_POINT('',#3933);
#1178=VERTEX_POINT('',#3938);
#1179=VERTEX_POINT('',#3940);
#1180=VERTEX_POINT('',#3945);
#1181=VERTEX_POINT('',#3947);
#1182=VERTEX_POINT('',#3952);
#1183=VERTEX_POINT('',#3954);
#1184=VERTEX_POINT('',#3959);
#1185=VERTEX_POINT('',#3961);
#1186=VERTEX_POINT('',#3964);
#1187=VERTEX_POINT('',#3968);
#1188=VERTEX_POINT('',#3970);
#1189=VERTEX_POINT('',#3973);
#1190=VERTEX_POINT('',#3977);
#1191=VERTEX_POINT('',#3979);
#1192=VERTEX_POINT('',#3982);
#1193=VERTEX_POINT('',#3986);
#1194=VERTEX_POINT('',#3988);
#1195=VERTEX_POINT('',#3991);
#1196=VERTEX_POINT('',#3995);
#1197=VERTEX_POINT('',#3999);
#1198=VERTEX_POINT('',#4002);
#1199=VERTEX_POINT('',#4006);
#1200=VERTEX_POINT('',#4009);
#1201=VERTEX_POINT('',#4013);
#1202=VERTEX_POINT('',#4017);
#1203=VERTEX_POINT('',#4023);
#1204=VERTEX_POINT('',#4025);
#1205=VERTEX_POINT('',#4029);
#1206=VERTEX_POINT('',#4033);
#1207=VERTEX_POINT('',#4037);
#1208=VERTEX_POINT('',#4038);
#1209=VERTEX_POINT('',#4040);
#1210=VERTEX_POINT('',#4042);
#1211=VERTEX_POINT('',#4044);
#1212=VERTEX_POINT('',#4046);
#1213=VERTEX_POINT('',#4048);
#1214=VERTEX_POINT('',#4050);
#1215=VERTEX_POINT('',#4052);
#1216=VERTEX_POINT('',#4054);
#1217=VERTEX_POINT('',#4056);
#1218=VERTEX_POINT('',#4058);
#1219=VERTEX_POINT('',#4061);
#1220=VERTEX_POINT('',#4063);
#1221=VERTEX_POINT('',#4065);
#1222=VERTEX_POINT('',#4068);
#1223=VERTEX_POINT('',#4069);
#1224=VERTEX_POINT('',#4071);
#1225=VERTEX_POINT('',#4073);
#1226=VERTEX_POINT('',#4076);
#1227=VERTEX_POINT('',#4077);
#1228=VERTEX_POINT('',#4079);
#1229=VERTEX_POINT('',#4082);
#1230=VERTEX_POINT('',#4083);
#1231=VERTEX_POINT('',#4085);
#1232=VERTEX_POINT('',#4088);
#1233=VERTEX_POINT('',#4089);
#1234=VERTEX_POINT('',#4091);
#1235=VERTEX_POINT('',#4093);
#1236=VERTEX_POINT('',#4096);
#1237=VERTEX_POINT('',#4098);
#1238=VERTEX_POINT('',#4100);
#1239=VERTEX_POINT('',#4121);
#1240=VERTEX_POINT('',#4125);
#1241=EDGE_CURVE('',#1009,#1009,#871,.T.);
#1242=EDGE_CURVE('',#1009,#1010,#451,.T.);
#1243=EDGE_CURVE('',#1010,#1010,#872,.T.);
#1244=EDGE_CURVE('',#1011,#1011,#873,.T.);
#1245=EDGE_CURVE('',#1011,#1012,#452,.T.);
#1246=EDGE_CURVE('',#1012,#1012,#874,.T.);
#1247=EDGE_CURVE('',#1013,#1013,#875,.T.);
#1248=EDGE_CURVE('',#1013,#1014,#453,.T.);
#1249=EDGE_CURVE('',#1014,#1014,#876,.T.);
#1250=EDGE_CURVE('',#1015,#1016,#877,.T.);
#1251=EDGE_CURVE('',#1017,#1015,#454,.T.);
#1252=EDGE_CURVE('',#1018,#1017,#878,.T.);
#1253=EDGE_CURVE('',#1019,#1018,#455,.T.);
#1254=EDGE_CURVE('',#1016,#1019,#879,.T.);
#1255=EDGE_CURVE('',#1016,#1020,#456,.T.);
#1256=EDGE_CURVE('',#1020,#1020,#880,.T.);
#1257=EDGE_CURVE('',#1018,#1017,#881,.T.);
#1258=EDGE_CURVE('',#1021,#1021,#882,.T.);
#1259=EDGE_CURVE('',#1021,#1022,#457,.T.);
#1260=EDGE_CURVE('',#1022,#1022,#883,.T.);
#1261=EDGE_CURVE('',#1023,#1023,#884,.T.);
#1262=EDGE_CURVE('',#1023,#1024,#458,.T.);
#1263=EDGE_CURVE('',#1024,#1024,#885,.T.);
#1264=EDGE_CURVE('',#1025,#1025,#886,.T.);
#1265=EDGE_CURVE('',#1025,#1026,#459,.T.);
#1266=EDGE_CURVE('',#1026,#1026,#887,.T.);
#1267=EDGE_CURVE('',#1027,#1027,#888,.T.);
#1268=EDGE_CURVE('',#1027,#1028,#460,.T.);
#1269=EDGE_CURVE('',#1028,#1028,#889,.T.);
#1270=EDGE_CURVE('',#1029,#1029,#890,.T.);
#1271=EDGE_CURVE('',#1029,#1030,#461,.T.);
#1272=EDGE_CURVE('',#1030,#1030,#891,.T.);
#1273=EDGE_CURVE('',#1031,#1032,#462,.T.);
#1274=EDGE_CURVE('',#1033,#1031,#463,.T.);
#1275=EDGE_CURVE('',#1034,#1033,#464,.T.);
#1276=EDGE_CURVE('',#1032,#1034,#465,.T.);
#1277=EDGE_CURVE('',#1035,#1036,#466,.T.);
#1278=EDGE_CURVE('',#1037,#1035,#467,.T.);
#1279=EDGE_CURVE('',#1038,#1037,#468,.T.);
#1280=EDGE_CURVE('',#1036,#1038,#469,.T.);
#1281=EDGE_CURVE('',#1039,#1040,#470,.T.);
#1282=EDGE_CURVE('',#1034,#1039,#471,.T.);
#1283=EDGE_CURVE('',#1040,#1033,#472,.T.);
#1284=EDGE_CURVE('',#1041,#1040,#473,.T.);
#1285=EDGE_CURVE('',#1041,#1042,#474,.T.);
#1286=EDGE_CURVE('',#1039,#1042,#475,.T.);
#1287=EDGE_CURVE('',#1043,#1037,#892,.T.);
#1288=EDGE_CURVE('',#1044,#1043,#476,.T.);
#1289=EDGE_CURVE('',#1038,#1044,#893,.T.);
#1290=EDGE_CURVE('',#1044,#1045,#477,.T.);
#1291=EDGE_CURVE('',#1045,#1046,#894,.T.);
#1292=EDGE_CURVE('',#1046,#1047,#895,.T.);
#1293=EDGE_CURVE('',#1047,#1048,#478,.T.);
#1294=EDGE_CURVE('',#1048,#1049,#896,.T.);
#1295=EDGE_CURVE('',#1049,#1050,#897,.T.);
#1296=EDGE_CURVE('',#1050,#1051,#479,.T.);
#1297=EDGE_CURVE('',#1051,#1052,#480,.T.);
#1298=EDGE_CURVE('',#1052,#1053,#481,.T.);
#1299=EDGE_CURVE('',#1054,#1053,#898,.T.);
#1300=EDGE_CURVE('',#1054,#1055,#482,.T.);
#1301=EDGE_CURVE('',#1055,#1056,#899,.T.);
#1302=EDGE_CURVE('',#1056,#1057,#483,.T.);
#1303=EDGE_CURVE('',#1057,#1058,#484,.T.);
#1304=EDGE_CURVE('',#1058,#1059,#485,.T.);
#1305=EDGE_CURVE('',#1059,#1060,#900,.T.);
#1306=EDGE_CURVE('',#1060,#1061,#901,.T.);
#1307=EDGE_CURVE('',#1061,#1062,#902,.T.);
#1308=EDGE_CURVE('',#1062,#1063,#486,.T.);
#1309=EDGE_CURVE('',#1063,#1064,#903,.T.);
#1310=EDGE_CURVE('',#1064,#1065,#904,.T.);
#1311=EDGE_CURVE('',#1065,#1066,#905,.T.);
#1312=EDGE_CURVE('',#1066,#1067,#487,.T.);
#1313=EDGE_CURVE('',#1067,#1041,#488,.T.);
#1314=EDGE_CURVE('',#1036,#1031,#906,.T.);
#1315=EDGE_CURVE('',#1068,#1069,#489,.T.);
#1316=EDGE_CURVE('',#1069,#1070,#490,.T.);
#1317=EDGE_CURVE('',#1070,#1068,#491,.T.);
#1318=EDGE_CURVE('',#1071,#1072,#492,.T.);
#1319=EDGE_CURVE('',#1072,#1073,#493,.T.);
#1320=EDGE_CURVE('',#1073,#1071,#494,.T.);
#1321=EDGE_CURVE('',#1053,#1074,#495,.T.);
#1322=EDGE_CURVE('',#1075,#1052,#496,.T.);
#1323=EDGE_CURVE('',#1074,#1075,#497,.T.);
#1324=EDGE_CURVE('',#1076,#1051,#498,.T.);
#1325=EDGE_CURVE('',#1075,#1076,#499,.T.);
#1326=EDGE_CURVE('',#1077,#1054,#500,.T.);
#1327=EDGE_CURVE('',#1078,#1077,#501,.T.);
#1328=EDGE_CURVE('',#1055,#1078,#502,.T.);
#1329=EDGE_CURVE('',#1050,#1079,#503,.T.);
#1330=EDGE_CURVE('',#1076,#1079,#504,.T.);
#1331=EDGE_CURVE('',#1079,#1080,#907,.T.);
#1332=EDGE_CURVE('',#1080,#1081,#908,.T.);
#1333=EDGE_CURVE('',#1081,#1082,#909,.T.);
#1334=EDGE_CURVE('',#1082,#1083,#910,.T.);
#1335=EDGE_CURVE('',#1083,#1084,#911,.T.);
#1336=EDGE_CURVE('',#1084,#1085,#912,.T.);
#1337=EDGE_CURVE('',#1085,#1086,#505,.T.);
#1338=EDGE_CURVE('',#1086,#1087,#913,.T.);
#1339=EDGE_CURVE('',#1087,#1088,#914,.T.);
#1340=EDGE_CURVE('',#1088,#1089,#915,.T.);
#1341=EDGE_CURVE('',#1089,#1090,#916,.T.);
#1342=EDGE_CURVE('',#1090,#1091,#506,.T.);
#1343=EDGE_CURVE('',#1091,#1092,#917,.T.);
#1344=EDGE_CURVE('',#1092,#1093,#507,.T.);
#1345=EDGE_CURVE('',#1093,#1094,#918,.T.);
#1346=EDGE_CURVE('',#1094,#1095,#508,.T.);
#1347=EDGE_CURVE('',#1095,#1096,#919,.T.);
#1348=EDGE_CURVE('',#1096,#1097,#509,.T.);
#1349=EDGE_CURVE('',#1097,#1098,#920,.T.);
#1350=EDGE_CURVE('',#1098,#1099,#510,.T.);
#1351=EDGE_CURVE('',#1099,#1100,#921,.T.);
#1352=EDGE_CURVE('',#1100,#1101,#511,.T.);
#1353=EDGE_CURVE('',#1101,#1102,#922,.T.);
#1354=EDGE_CURVE('',#1102,#1103,#512,.T.);
#1355=EDGE_CURVE('',#1103,#1104,#923,.T.);
#1356=EDGE_CURVE('',#1104,#1074,#924,.T.);
#1357=EDGE_CURVE('',#1042,#1105,#513,.T.);
#1358=EDGE_CURVE('',#1105,#1106,#514,.T.);
#1359=EDGE_CURVE('',#1106,#1107,#925,.T.);
#1360=EDGE_CURVE('',#1107,#1032,#926,.T.);
#1361=EDGE_CURVE('',#1108,#1043,#515,.T.);
#1362=EDGE_CURVE('',#1035,#1109,#927,.T.);
#1363=EDGE_CURVE('',#1109,#1110,#928,.T.);
#1364=EDGE_CURVE('',#1110,#1111,#516,.T.);
#1365=EDGE_CURVE('',#1111,#1112,#929,.T.);
#1366=EDGE_CURVE('',#1112,#1113,#517,.T.);
#1367=EDGE_CURVE('',#1113,#1114,#930,.T.);
#1368=EDGE_CURVE('',#1114,#1115,#518,.T.);
#1369=EDGE_CURVE('',#1115,#1108,#931,.T.);
#1370=EDGE_CURVE('',#1116,#1117,#519,.T.);
#1371=EDGE_CURVE('',#1117,#1078,#932,.T.);
#1372=EDGE_CURVE('',#1077,#1118,#933,.T.);
#1373=EDGE_CURVE('',#1118,#1119,#934,.T.);
#1374=EDGE_CURVE('',#1119,#1120,#520,.T.);
#1375=EDGE_CURVE('',#1120,#1116,#521,.T.);
#1376=EDGE_CURVE('',#1121,#1122,#935,.T.);
#1377=EDGE_CURVE('',#1122,#1123,#522,.T.);
#1378=EDGE_CURVE('',#1123,#1124,#523,.T.);
#1379=EDGE_CURVE('',#1124,#1125,#524,.T.);
#1380=EDGE_CURVE('',#1125,#1126,#936,.T.);
#1381=EDGE_CURVE('',#1126,#1121,#525,.T.);
#1382=EDGE_CURVE('',#1127,#1128,#937,.T.);
#1383=EDGE_CURVE('',#1128,#1129,#526,.T.);
#1384=EDGE_CURVE('',#1129,#1130,#527,.T.);
#1385=EDGE_CURVE('',#1130,#1127,#528,.T.);
#1386=EDGE_CURVE('',#1131,#1132,#529,.T.);
#1387=EDGE_CURVE('',#1132,#1133,#530,.T.);
#1388=EDGE_CURVE('',#1133,#1131,#531,.T.);
#1389=EDGE_CURVE('',#1134,#1135,#532,.T.);
#1390=EDGE_CURVE('',#1135,#1136,#533,.T.);
#1391=EDGE_CURVE('',#1136,#1134,#534,.T.);
#1392=EDGE_CURVE('',#1137,#1138,#535,.T.);
#1393=EDGE_CURVE('',#1138,#1139,#536,.T.);
#1394=EDGE_CURVE('',#1139,#1137,#537,.T.);
#1395=EDGE_CURVE('',#1140,#1141,#538,.T.);
#1396=EDGE_CURVE('',#1141,#1142,#539,.T.);
#1397=EDGE_CURVE('',#1142,#1140,#540,.T.);
#1398=EDGE_CURVE('',#1143,#1144,#938,.T.);
#1399=EDGE_CURVE('',#1144,#1145,#541,.T.);
#1400=EDGE_CURVE('',#1145,#1146,#542,.T.);
#1401=EDGE_CURVE('',#1146,#1143,#543,.T.);
#1402=EDGE_CURVE('',#1147,#1147,#939,.T.);
#1403=EDGE_CURVE('',#1148,#1148,#940,.T.);
#1404=EDGE_CURVE('',#1019,#1015,#941,.T.);
#1405=EDGE_CURVE('',#1056,#1117,#544,.T.);
#1406=EDGE_CURVE('',#1108,#1045,#545,.T.);
#1407=EDGE_CURVE('',#1149,#1115,#546,.T.);
#1408=EDGE_CURVE('',#1150,#1149,#942,.T.);
#1409=EDGE_CURVE('',#1151,#1150,#547,.T.);
#1410=EDGE_CURVE('',#1152,#1151,#943,.T.);
#1411=EDGE_CURVE('',#1046,#1152,#548,.T.);
#1412=EDGE_CURVE('',#1089,#1153,#549,.T.);
#1413=EDGE_CURVE('',#1154,#1088,#550,.T.);
#1414=EDGE_CURVE('',#1153,#1154,#944,.T.);
#1415=EDGE_CURVE('',#1155,#1155,#945,.T.);
#1416=EDGE_CURVE('',#1152,#1151,#946,.T.);
#1417=EDGE_CURVE('',#1156,#1154,#947,.T.);
#1418=EDGE_CURVE('',#1157,#1156,#948,.T.);
#1419=EDGE_CURVE('',#1153,#1157,#949,.T.);
#1420=EDGE_CURVE('',#1156,#1087,#551,.T.);
#1421=EDGE_CURVE('',#1149,#1158,#552,.T.);
#1422=EDGE_CURVE('',#1158,#1159,#950,.T.);
#1423=EDGE_CURVE('',#1159,#1160,#951,.T.);
#1424=EDGE_CURVE('',#1160,#1161,#553,.T.);
#1425=EDGE_CURVE('',#1161,#1162,#952,.T.);
#1426=EDGE_CURVE('',#1162,#1150,#953,.T.);
#1427=EDGE_CURVE('',#1114,#1158,#554,.T.);
#1428=EDGE_CURVE('',#1065,#1107,#555,.T.);
#1429=EDGE_CURVE('',#1163,#1064,#556,.T.);
#1430=EDGE_CURVE('',#1164,#1163,#954,.T.);
#1431=EDGE_CURVE('',#1109,#1164,#557,.T.);
#1432=EDGE_CURVE('',#1066,#1106,#558,.T.);
#1433=EDGE_CURVE('',#1165,#1049,#559,.T.);
#1434=EDGE_CURVE('',#1166,#1165,#955,.T.);
#1435=EDGE_CURVE('',#1080,#1166,#560,.T.);
#1436=EDGE_CURVE('',#1083,#1167,#561,.T.);
#1437=EDGE_CURVE('',#1168,#1082,#562,.T.);
#1438=EDGE_CURVE('',#1167,#1168,#956,.T.);
#1439=EDGE_CURVE('',#1167,#1169,#957,.T.);
#1440=EDGE_CURVE('',#1084,#1169,#563,.T.);
#1441=EDGE_CURVE('',#1170,#1168,#958,.T.);
#1442=EDGE_CURVE('',#1169,#1170,#959,.T.);
#1443=EDGE_CURVE('',#1170,#1081,#564,.T.);
#1444=EDGE_CURVE('',#1171,#1104,#565,.T.);
#1445=EDGE_CURVE('',#1172,#1171,#960,.T.);
#1446=EDGE_CURVE('',#1061,#1172,#566,.T.);
#1447=EDGE_CURVE('',#1118,#1060,#567,.T.);
#1448=EDGE_CURVE('',#1173,#1173,#961,.T.);
#1449=EDGE_CURVE('',#1172,#1171,#962,.T.);
#1450=EDGE_CURVE('',#1062,#1103,#568,.T.);
#1451=EDGE_CURVE('',#1162,#1157,#569,.T.);
#1452=EDGE_CURVE('',#1090,#1161,#570,.T.);
#1453=EDGE_CURVE('',#1047,#1086,#571,.T.);
#1454=EDGE_CURVE('',#1102,#1063,#572,.T.);
#1455=EDGE_CURVE('',#1174,#1101,#573,.T.);
#1456=EDGE_CURVE('',#1175,#1174,#963,.T.);
#1457=EDGE_CURVE('',#1110,#1175,#574,.T.);
#1458=EDGE_CURVE('',#1164,#1163,#964,.T.);
#1459=EDGE_CURVE('',#1067,#1105,#575,.T.);
#1460=EDGE_CURVE('',#1085,#1048,#576,.T.);
#1461=EDGE_CURVE('',#1166,#1165,#965,.T.);
#1462=EDGE_CURVE('',#1119,#1059,#577,.T.);
#1463=EDGE_CURVE('',#1176,#1176,#966,.T.);
#1464=EDGE_CURVE('',#1176,#1177,#578,.T.);
#1465=EDGE_CURVE('',#1177,#1177,#967,.T.);
#1466=EDGE_CURVE('',#1178,#1178,#968,.T.);
#1467=EDGE_CURVE('',#1178,#1179,#579,.T.);
#1468=EDGE_CURVE('',#1179,#1179,#969,.T.);
#1469=EDGE_CURVE('',#1180,#1180,#970,.T.);
#1470=EDGE_CURVE('',#1180,#1181,#580,.T.);
#1471=EDGE_CURVE('',#1181,#1181,#971,.T.);
#1472=EDGE_CURVE('',#1182,#1182,#972,.T.);
#1473=EDGE_CURVE('',#1182,#1183,#581,.T.);
#1474=EDGE_CURVE('',#1183,#1183,#973,.T.);
#1475=EDGE_CURVE('',#1184,#1184,#974,.T.);
#1476=EDGE_CURVE('',#1185,#1185,#975,.T.);
#1477=EDGE_CURVE('',#1186,#1186,#976,.T.);
#1478=EDGE_CURVE('',#1186,#1184,#582,.T.);
#1479=EDGE_CURVE('',#1187,#1187,#977,.T.);
#1480=EDGE_CURVE('',#1188,#1188,#978,.T.);
#1481=EDGE_CURVE('',#1189,#1189,#979,.T.);
#1482=EDGE_CURVE('',#1189,#1187,#583,.T.);
#1483=EDGE_CURVE('',#1190,#1190,#980,.T.);
#1484=EDGE_CURVE('',#1191,#1191,#981,.T.);
#1485=EDGE_CURVE('',#1192,#1192,#982,.T.);
#1486=EDGE_CURVE('',#1192,#1190,#584,.T.);
#1487=EDGE_CURVE('',#1193,#1193,#983,.T.);
#1488=EDGE_CURVE('',#1194,#1194,#984,.T.);
#1489=EDGE_CURVE('',#1195,#1195,#985,.T.);
#1490=EDGE_CURVE('',#1195,#1193,#585,.T.);
#1491=EDGE_CURVE('',#1196,#1196,#986,.T.);
#1492=EDGE_CURVE('',#1196,#1155,#586,.T.);
#1493=EDGE_CURVE('',#1197,#1197,#987,.T.);
#1494=EDGE_CURVE('',#1198,#1198,#988,.T.);
#1495=EDGE_CURVE('',#1198,#1197,#587,.T.);
#1496=EDGE_CURVE('',#1199,#1199,#989,.T.);
#1497=EDGE_CURVE('',#1200,#1200,#990,.T.);
#1498=EDGE_CURVE('',#1200,#1199,#588,.T.);
#1499=EDGE_CURVE('',#1201,#1201,#991,.T.);
#1500=EDGE_CURVE('',#1201,#1173,#589,.T.);
#1501=EDGE_CURVE('',#1148,#1202,#590,.T.);
#1502=EDGE_CURVE('',#1202,#1202,#992,.T.);
#1503=EDGE_CURVE('',#1203,#1121,#591,.T.);
#1504=EDGE_CURVE('',#1204,#1203,#993,.T.);
#1505=EDGE_CURVE('',#1122,#1204,#592,.T.);
#1506=EDGE_CURVE('',#1126,#1205,#593,.T.);
#1507=EDGE_CURVE('',#1203,#1205,#594,.T.);
#1508=EDGE_CURVE('',#1206,#1204,#595,.T.);
#1509=EDGE_CURVE('',#1123,#1206,#596,.T.);
#1510=EDGE_CURVE('',#1207,#1208,#994,.T.);
#1511=EDGE_CURVE('',#1208,#1209,#995,.T.);
#1512=EDGE_CURVE('',#1209,#1210,#597,.T.);
#1513=EDGE_CURVE('',#1210,#1211,#996,.T.);
#1514=EDGE_CURVE('',#1211,#1212,#598,.T.);
#1515=EDGE_CURVE('',#1212,#1213,#997,.T.);
#1516=EDGE_CURVE('',#1213,#1214,#998,.T.);
#1517=EDGE_CURVE('',#1214,#1215,#599,.T.);
#1518=EDGE_CURVE('',#1215,#1216,#999,.T.);
#1519=EDGE_CURVE('',#1216,#1217,#600,.T.);
#1520=EDGE_CURVE('',#1217,#1218,#1000,.T.);
#1521=EDGE_CURVE('',#1218,#1175,#601,.T.);
#1522=EDGE_CURVE('',#1174,#1219,#602,.T.);
#1523=EDGE_CURVE('',#1219,#1220,#1001,.T.);
#1524=EDGE_CURVE('',#1220,#1221,#1002,.T.);
#1525=EDGE_CURVE('',#1221,#1207,#603,.T.);
#1526=EDGE_CURVE('',#1222,#1223,#604,.T.);
#1527=EDGE_CURVE('',#1223,#1224,#605,.T.);
#1528=EDGE_CURVE('',#1224,#1225,#606,.T.);
#1529=EDGE_CURVE('',#1225,#1222,#1003,.T.);
#1530=EDGE_CURVE('',#1226,#1227,#607,.T.);
#1531=EDGE_CURVE('',#1227,#1228,#608,.T.);
#1532=EDGE_CURVE('',#1228,#1226,#609,.T.);
#1533=EDGE_CURVE('',#1229,#1230,#610,.T.);
#1534=EDGE_CURVE('',#1230,#1231,#611,.T.);
#1535=EDGE_CURVE('',#1231,#1229,#612,.T.);
#1536=EDGE_CURVE('',#1232,#1233,#613,.T.);
#1537=EDGE_CURVE('',#1233,#1234,#614,.T.);
#1538=EDGE_CURVE('',#1234,#1235,#615,.T.);
#1539=EDGE_CURVE('',#1235,#1232,#1004,.T.);
#1540=EDGE_CURVE('',#1236,#1236,#1005,.T.);
#1541=EDGE_CURVE('',#1205,#1237,#1006,.T.);
#1542=EDGE_CURVE('',#1237,#1238,#616,.T.);
#1543=EDGE_CURVE('',#1238,#1206,#617,.T.);
#1544=EDGE_CURVE('',#1112,#1217,#618,.T.);
#1545=EDGE_CURVE('',#1218,#1111,#619,.T.);
#1546=EDGE_CURVE('',#1237,#1125,#620,.T.);
#1547=EDGE_CURVE('',#1222,#1127,#621,.T.);
#1548=EDGE_CURVE('',#1128,#1225,#622,.T.);
#1549=EDGE_CURVE('',#1130,#1223,#623,.T.);
#1550=EDGE_CURVE('',#1194,#1220,#624,.T.);
#1551=EDGE_CURVE('',#1100,#1219,#625,.T.);
#1552=EDGE_CURVE('',#1221,#1099,#626,.T.);
#1553=EDGE_CURVE('',#1124,#1238,#627,.T.);
#1554=EDGE_CURVE('',#1147,#1239,#628,.T.);
#1555=EDGE_CURVE('',#1239,#1239,#1007,.T.);
#1556=EDGE_CURVE('',#1240,#1240,#1008,.T.);
#1557=EDGE_CURVE('',#1240,#1236,#629,.T.);
#1558=EDGE_CURVE('',#1185,#1213,#630,.T.);
#1559=EDGE_CURVE('',#1094,#1212,#631,.T.);
#1560=EDGE_CURVE('',#1214,#1093,#632,.T.);
#1561=EDGE_CURVE('',#1092,#1215,#633,.T.);
#1562=EDGE_CURVE('',#1191,#1159,#634,.T.);
#1563=EDGE_CURVE('',#1216,#1113,#635,.T.);
#1564=EDGE_CURVE('',#1160,#1091,#636,.T.);
#1565=EDGE_CURVE('',#1188,#1208,#637,.T.);
#1566=EDGE_CURVE('',#1098,#1207,#638,.T.);
#1567=EDGE_CURVE('',#1209,#1097,#639,.T.);
#1568=EDGE_CURVE('',#1096,#1210,#640,.T.);
#1569=EDGE_CURVE('',#1211,#1095,#641,.T.);
#1570=EDGE_CURVE('',#1232,#1143,#642,.T.);
#1571=EDGE_CURVE('',#1144,#1235,#643,.T.);
#1572=EDGE_CURVE('',#1145,#1234,#644,.T.);
#1573=EDGE_CURVE('',#1116,#1057,#645,.T.);
#1574=EDGE_CURVE('',#1233,#1146,#646,.T.);
#1575=EDGE_CURVE('',#1140,#1068,#647,.T.);
#1576=EDGE_CURVE('',#1069,#1142,#648,.T.);
#1577=EDGE_CURVE('',#1137,#1071,#649,.T.);
#1578=EDGE_CURVE('',#1072,#1139,#650,.T.);
#1579=EDGE_CURVE('',#1058,#1120,#651,.T.);
#1580=EDGE_CURVE('',#1138,#1073,#652,.T.);
#1581=EDGE_CURVE('',#1141,#1070,#653,.T.);
#1582=EDGE_CURVE('',#1229,#1134,#654,.T.);
#1583=EDGE_CURVE('',#1135,#1231,#655,.T.);
#1584=EDGE_CURVE('',#1131,#1226,#656,.T.);
#1585=EDGE_CURVE('',#1227,#1133,#657,.T.);
#1586=EDGE_CURVE('',#1224,#1129,#658,.T.);
#1587=EDGE_CURVE('',#1230,#1136,#659,.T.);
#1588=EDGE_CURVE('',#1132,#1228,#660,.T.);
#1589=ORIENTED_EDGE('',*,*,#1241,.F.);
#1590=ORIENTED_EDGE('',*,*,#1242,.T.);
#1591=ORIENTED_EDGE('',*,*,#1243,.F.);
#1592=ORIENTED_EDGE('',*,*,#1242,.F.);
#1593=ORIENTED_EDGE('',*,*,#1244,.F.);
#1594=ORIENTED_EDGE('',*,*,#1245,.T.);
#1595=ORIENTED_EDGE('',*,*,#1246,.F.);
#1596=ORIENTED_EDGE('',*,*,#1245,.F.);
#1597=ORIENTED_EDGE('',*,*,#1247,.F.);
#1598=ORIENTED_EDGE('',*,*,#1248,.T.);
#1599=ORIENTED_EDGE('',*,*,#1249,.F.);
#1600=ORIENTED_EDGE('',*,*,#1248,.F.);
#1601=ORIENTED_EDGE('',*,*,#1250,.F.);
#1602=ORIENTED_EDGE('',*,*,#1251,.F.);
#1603=ORIENTED_EDGE('',*,*,#1252,.F.);
#1604=ORIENTED_EDGE('',*,*,#1253,.F.);
#1605=ORIENTED_EDGE('',*,*,#1254,.F.);
#1606=ORIENTED_EDGE('',*,*,#1255,.T.);
#1607=ORIENTED_EDGE('',*,*,#1256,.F.);
#1608=ORIENTED_EDGE('',*,*,#1255,.F.);
#1609=ORIENTED_EDGE('',*,*,#1252,.T.);
#1610=ORIENTED_EDGE('',*,*,#1257,.F.);
#1611=ORIENTED_EDGE('',*,*,#1258,.F.);
#1612=ORIENTED_EDGE('',*,*,#1259,.T.);
#1613=ORIENTED_EDGE('',*,*,#1260,.F.);
#1614=ORIENTED_EDGE('',*,*,#1259,.F.);
#1615=ORIENTED_EDGE('',*,*,#1261,.F.);
#1616=ORIENTED_EDGE('',*,*,#1262,.T.);
#1617=ORIENTED_EDGE('',*,*,#1263,.F.);
#1618=ORIENTED_EDGE('',*,*,#1262,.F.);
#1619=ORIENTED_EDGE('',*,*,#1264,.F.);
#1620=ORIENTED_EDGE('',*,*,#1265,.T.);
#1621=ORIENTED_EDGE('',*,*,#1266,.F.);
#1622=ORIENTED_EDGE('',*,*,#1265,.F.);
#1623=ORIENTED_EDGE('',*,*,#1267,.F.);
#1624=ORIENTED_EDGE('',*,*,#1268,.T.);
#1625=ORIENTED_EDGE('',*,*,#1269,.F.);
#1626=ORIENTED_EDGE('',*,*,#1268,.F.);
#1627=ORIENTED_EDGE('',*,*,#1270,.F.);
#1628=ORIENTED_EDGE('',*,*,#1271,.T.);
#1629=ORIENTED_EDGE('',*,*,#1272,.F.);
#1630=ORIENTED_EDGE('',*,*,#1271,.F.);
#1631=ORIENTED_EDGE('',*,*,#1273,.F.);
#1632=ORIENTED_EDGE('',*,*,#1274,.F.);
#1633=ORIENTED_EDGE('',*,*,#1275,.F.);
#1634=ORIENTED_EDGE('',*,*,#1276,.F.);
#1635=ORIENTED_EDGE('',*,*,#1277,.F.);
#1636=ORIENTED_EDGE('',*,*,#1278,.F.);
#1637=ORIENTED_EDGE('',*,*,#1279,.F.);
#1638=ORIENTED_EDGE('',*,*,#1280,.F.);
#1639=ORIENTED_EDGE('',*,*,#1281,.F.);
#1640=ORIENTED_EDGE('',*,*,#1282,.F.);
#1641=ORIENTED_EDGE('',*,*,#1275,.T.);
#1642=ORIENTED_EDGE('',*,*,#1283,.F.);
#1643=ORIENTED_EDGE('',*,*,#1281,.T.);
#1644=ORIENTED_EDGE('',*,*,#1284,.F.);
#1645=ORIENTED_EDGE('',*,*,#1285,.T.);
#1646=ORIENTED_EDGE('',*,*,#1286,.F.);
#1647=ORIENTED_EDGE('',*,*,#1279,.T.);
#1648=ORIENTED_EDGE('',*,*,#1287,.F.);
#1649=ORIENTED_EDGE('',*,*,#1288,.F.);
#1650=ORIENTED_EDGE('',*,*,#1289,.F.);
#1651=ORIENTED_EDGE('',*,*,#1290,.T.);
#1652=ORIENTED_EDGE('',*,*,#1291,.T.);
#1653=ORIENTED_EDGE('',*,*,#1292,.T.);
#1654=ORIENTED_EDGE('',*,*,#1293,.T.);
#1655=ORIENTED_EDGE('',*,*,#1294,.T.);
#1656=ORIENTED_EDGE('',*,*,#1295,.T.);
#1657=ORIENTED_EDGE('',*,*,#1296,.T.);
#1658=ORIENTED_EDGE('',*,*,#1297,.T.);
#1659=ORIENTED_EDGE('',*,*,#1298,.T.);
#1660=ORIENTED_EDGE('',*,*,#1299,.F.);
#1661=ORIENTED_EDGE('',*,*,#1300,.T.);
#1662=ORIENTED_EDGE('',*,*,#1301,.T.);
#1663=ORIENTED_EDGE('',*,*,#1302,.T.);
#1664=ORIENTED_EDGE('',*,*,#1303,.T.);
#1665=ORIENTED_EDGE('',*,*,#1304,.T.);
#1666=ORIENTED_EDGE('',*,*,#1305,.T.);
#1667=ORIENTED_EDGE('',*,*,#1306,.T.);
#1668=ORIENTED_EDGE('',*,*,#1307,.T.);
#1669=ORIENTED_EDGE('',*,*,#1308,.T.);
#1670=ORIENTED_EDGE('',*,*,#1309,.T.);
#1671=ORIENTED_EDGE('',*,*,#1310,.T.);
#1672=ORIENTED_EDGE('',*,*,#1311,.T.);
#1673=ORIENTED_EDGE('',*,*,#1312,.T.);
#1674=ORIENTED_EDGE('',*,*,#1313,.T.);
#1675=ORIENTED_EDGE('',*,*,#1284,.T.);
#1676=ORIENTED_EDGE('',*,*,#1283,.T.);
#1677=ORIENTED_EDGE('',*,*,#1274,.T.);
#1678=ORIENTED_EDGE('',*,*,#1314,.F.);
#1679=ORIENTED_EDGE('',*,*,#1280,.T.);
#1680=ORIENTED_EDGE('',*,*,#1289,.T.);
#1681=ORIENTED_EDGE('',*,*,#1315,.T.);
#1682=ORIENTED_EDGE('',*,*,#1316,.T.);
#1683=ORIENTED_EDGE('',*,*,#1317,.T.);
#1684=ORIENTED_EDGE('',*,*,#1318,.T.);
#1685=ORIENTED_EDGE('',*,*,#1319,.T.);
#1686=ORIENTED_EDGE('',*,*,#1320,.T.);
#1687=ORIENTED_EDGE('',*,*,#1321,.F.);
#1688=ORIENTED_EDGE('',*,*,#1298,.F.);
#1689=ORIENTED_EDGE('',*,*,#1322,.F.);
#1690=ORIENTED_EDGE('',*,*,#1323,.F.);
#1691=ORIENTED_EDGE('',*,*,#1324,.F.);
#1692=ORIENTED_EDGE('',*,*,#1325,.F.);
#1693=ORIENTED_EDGE('',*,*,#1322,.T.);
#1694=ORIENTED_EDGE('',*,*,#1297,.F.);
#1695=ORIENTED_EDGE('',*,*,#1326,.F.);
#1696=ORIENTED_EDGE('',*,*,#1327,.F.);
#1697=ORIENTED_EDGE('',*,*,#1328,.F.);
#1698=ORIENTED_EDGE('',*,*,#1300,.F.);
#1699=ORIENTED_EDGE('',*,*,#1324,.T.);
#1700=ORIENTED_EDGE('',*,*,#1296,.F.);
#1701=ORIENTED_EDGE('',*,*,#1329,.T.);
#1702=ORIENTED_EDGE('',*,*,#1330,.F.);
#1703=ORIENTED_EDGE('',*,*,#1330,.T.);
#1704=ORIENTED_EDGE('',*,*,#1331,.T.);
#1705=ORIENTED_EDGE('',*,*,#1332,.T.);
#1706=ORIENTED_EDGE('',*,*,#1333,.T.);
#1707=ORIENTED_EDGE('',*,*,#1334,.T.);
#1708=ORIENTED_EDGE('',*,*,#1335,.T.);
#1709=ORIENTED_EDGE('',*,*,#1336,.T.);
#1710=ORIENTED_EDGE('',*,*,#1337,.T.);
#1711=ORIENTED_EDGE('',*,*,#1338,.T.);
#1712=ORIENTED_EDGE('',*,*,#1339,.T.);
#1713=ORIENTED_EDGE('',*,*,#1340,.T.);
#1714=ORIENTED_EDGE('',*,*,#1341,.T.);
#1715=ORIENTED_EDGE('',*,*,#1342,.T.);
#1716=ORIENTED_EDGE('',*,*,#1343,.T.);
#1717=ORIENTED_EDGE('',*,*,#1344,.T.);
#1718=ORIENTED_EDGE('',*,*,#1345,.T.);
#1719=ORIENTED_EDGE('',*,*,#1346,.T.);
#1720=ORIENTED_EDGE('',*,*,#1347,.T.);
#1721=ORIENTED_EDGE('',*,*,#1348,.T.);
#1722=ORIENTED_EDGE('',*,*,#1349,.T.);
#1723=ORIENTED_EDGE('',*,*,#1350,.T.);
#1724=ORIENTED_EDGE('',*,*,#1351,.T.);
#1725=ORIENTED_EDGE('',*,*,#1352,.T.);
#1726=ORIENTED_EDGE('',*,*,#1353,.T.);
#1727=ORIENTED_EDGE('',*,*,#1354,.T.);
#1728=ORIENTED_EDGE('',*,*,#1355,.T.);
#1729=ORIENTED_EDGE('',*,*,#1356,.T.);
#1730=ORIENTED_EDGE('',*,*,#1323,.T.);
#1731=ORIENTED_EDGE('',*,*,#1325,.T.);
#1732=ORIENTED_EDGE('',*,*,#1247,.T.);
#1733=ORIENTED_EDGE('',*,*,#1258,.T.);
#1734=ORIENTED_EDGE('',*,*,#1264,.T.);
#1735=ORIENTED_EDGE('',*,*,#1270,.T.);
#1736=ORIENTED_EDGE('',*,*,#1286,.T.);
#1737=ORIENTED_EDGE('',*,*,#1357,.T.);
#1738=ORIENTED_EDGE('',*,*,#1358,.T.);
#1739=ORIENTED_EDGE('',*,*,#1359,.T.);
#1740=ORIENTED_EDGE('',*,*,#1360,.T.);
#1741=ORIENTED_EDGE('',*,*,#1276,.T.);
#1742=ORIENTED_EDGE('',*,*,#1282,.T.);
#1743=ORIENTED_EDGE('',*,*,#1361,.T.);
#1744=ORIENTED_EDGE('',*,*,#1287,.T.);
#1745=ORIENTED_EDGE('',*,*,#1278,.T.);
#1746=ORIENTED_EDGE('',*,*,#1362,.T.);
#1747=ORIENTED_EDGE('',*,*,#1363,.T.);
#1748=ORIENTED_EDGE('',*,*,#1364,.T.);
#1749=ORIENTED_EDGE('',*,*,#1365,.T.);
#1750=ORIENTED_EDGE('',*,*,#1366,.T.);
#1751=ORIENTED_EDGE('',*,*,#1367,.T.);
#1752=ORIENTED_EDGE('',*,*,#1368,.T.);
#1753=ORIENTED_EDGE('',*,*,#1369,.T.);
#1754=ORIENTED_EDGE('',*,*,#1370,.T.);
#1755=ORIENTED_EDGE('',*,*,#1371,.T.);
#1756=ORIENTED_EDGE('',*,*,#1327,.T.);
#1757=ORIENTED_EDGE('',*,*,#1372,.T.);
#1758=ORIENTED_EDGE('',*,*,#1373,.T.);
#1759=ORIENTED_EDGE('',*,*,#1374,.T.);
#1760=ORIENTED_EDGE('',*,*,#1375,.T.);
#1761=ORIENTED_EDGE('',*,*,#1376,.T.);
#1762=ORIENTED_EDGE('',*,*,#1377,.T.);
#1763=ORIENTED_EDGE('',*,*,#1378,.T.);
#1764=ORIENTED_EDGE('',*,*,#1379,.T.);
#1765=ORIENTED_EDGE('',*,*,#1380,.T.);
#1766=ORIENTED_EDGE('',*,*,#1381,.T.);
#1767=ORIENTED_EDGE('',*,*,#1382,.T.);
#1768=ORIENTED_EDGE('',*,*,#1383,.T.);
#1769=ORIENTED_EDGE('',*,*,#1384,.T.);
#1770=ORIENTED_EDGE('',*,*,#1385,.T.);
#1771=ORIENTED_EDGE('',*,*,#1386,.T.);
#1772=ORIENTED_EDGE('',*,*,#1387,.T.);
#1773=ORIENTED_EDGE('',*,*,#1388,.T.);
#1774=ORIENTED_EDGE('',*,*,#1389,.T.);
#1775=ORIENTED_EDGE('',*,*,#1390,.T.);
#1776=ORIENTED_EDGE('',*,*,#1391,.T.);
#1777=ORIENTED_EDGE('',*,*,#1392,.T.);
#1778=ORIENTED_EDGE('',*,*,#1393,.T.);
#1779=ORIENTED_EDGE('',*,*,#1394,.T.);
#1780=ORIENTED_EDGE('',*,*,#1395,.T.);
#1781=ORIENTED_EDGE('',*,*,#1396,.T.);
#1782=ORIENTED_EDGE('',*,*,#1397,.T.);
#1783=ORIENTED_EDGE('',*,*,#1398,.T.);
#1784=ORIENTED_EDGE('',*,*,#1399,.T.);
#1785=ORIENTED_EDGE('',*,*,#1400,.T.);
#1786=ORIENTED_EDGE('',*,*,#1401,.T.);
#1787=ORIENTED_EDGE('',*,*,#1402,.T.);
#1788=ORIENTED_EDGE('',*,*,#1403,.T.);
#1789=ORIENTED_EDGE('',*,*,#1267,.T.);
#1790=ORIENTED_EDGE('',*,*,#1261,.T.);
#1791=ORIENTED_EDGE('',*,*,#1250,.T.);
#1792=ORIENTED_EDGE('',*,*,#1254,.T.);
#1793=ORIENTED_EDGE('',*,*,#1404,.T.);
#1794=ORIENTED_EDGE('',*,*,#1244,.T.);
#1795=ORIENTED_EDGE('',*,*,#1328,.T.);
#1796=ORIENTED_EDGE('',*,*,#1371,.F.);
#1797=ORIENTED_EDGE('',*,*,#1405,.F.);
#1798=ORIENTED_EDGE('',*,*,#1301,.F.);
#1799=ORIENTED_EDGE('',*,*,#1406,.F.);
#1800=ORIENTED_EDGE('',*,*,#1369,.F.);
#1801=ORIENTED_EDGE('',*,*,#1407,.F.);
#1802=ORIENTED_EDGE('',*,*,#1408,.F.);
#1803=ORIENTED_EDGE('',*,*,#1409,.F.);
#1804=ORIENTED_EDGE('',*,*,#1410,.F.);
#1805=ORIENTED_EDGE('',*,*,#1411,.F.);
#1806=ORIENTED_EDGE('',*,*,#1291,.F.);
#1807=ORIENTED_EDGE('',*,*,#1412,.F.);
#1808=ORIENTED_EDGE('',*,*,#1340,.F.);
#1809=ORIENTED_EDGE('',*,*,#1413,.F.);
#1810=ORIENTED_EDGE('',*,*,#1414,.F.);
#1811=ORIENTED_EDGE('',*,*,#1415,.T.);
#1812=ORIENTED_EDGE('',*,*,#1410,.T.);
#1813=ORIENTED_EDGE('',*,*,#1416,.F.);
#1814=ORIENTED_EDGE('',*,*,#1414,.T.);
#1815=ORIENTED_EDGE('',*,*,#1417,.F.);
#1816=ORIENTED_EDGE('',*,*,#1418,.F.);
#1817=ORIENTED_EDGE('',*,*,#1419,.F.);
#1818=ORIENTED_EDGE('',*,*,#1413,.T.);
#1819=ORIENTED_EDGE('',*,*,#1339,.F.);
#1820=ORIENTED_EDGE('',*,*,#1420,.F.);
#1821=ORIENTED_EDGE('',*,*,#1417,.T.);
#1822=ORIENTED_EDGE('',*,*,#1408,.T.);
#1823=ORIENTED_EDGE('',*,*,#1421,.T.);
#1824=ORIENTED_EDGE('',*,*,#1422,.T.);
#1825=ORIENTED_EDGE('',*,*,#1423,.T.);
#1826=ORIENTED_EDGE('',*,*,#1424,.T.);
#1827=ORIENTED_EDGE('',*,*,#1425,.T.);
#1828=ORIENTED_EDGE('',*,*,#1426,.T.);
#1829=ORIENTED_EDGE('',*,*,#1407,.T.);
#1830=ORIENTED_EDGE('',*,*,#1368,.F.);
#1831=ORIENTED_EDGE('',*,*,#1427,.T.);
#1832=ORIENTED_EDGE('',*,*,#1421,.F.);
#1833=ORIENTED_EDGE('',*,*,#1273,.T.);
#1834=ORIENTED_EDGE('',*,*,#1360,.F.);
#1835=ORIENTED_EDGE('',*,*,#1428,.F.);
#1836=ORIENTED_EDGE('',*,*,#1310,.F.);
#1837=ORIENTED_EDGE('',*,*,#1429,.F.);
#1838=ORIENTED_EDGE('',*,*,#1430,.F.);
#1839=ORIENTED_EDGE('',*,*,#1431,.F.);
#1840=ORIENTED_EDGE('',*,*,#1362,.F.);
#1841=ORIENTED_EDGE('',*,*,#1277,.T.);
#1842=ORIENTED_EDGE('',*,*,#1314,.T.);
#1843=ORIENTED_EDGE('',*,*,#1428,.T.);
#1844=ORIENTED_EDGE('',*,*,#1359,.F.);
#1845=ORIENTED_EDGE('',*,*,#1432,.F.);
#1846=ORIENTED_EDGE('',*,*,#1311,.F.);
#1847=ORIENTED_EDGE('',*,*,#1329,.F.);
#1848=ORIENTED_EDGE('',*,*,#1295,.F.);
#1849=ORIENTED_EDGE('',*,*,#1433,.F.);
#1850=ORIENTED_EDGE('',*,*,#1434,.F.);
#1851=ORIENTED_EDGE('',*,*,#1435,.F.);
#1852=ORIENTED_EDGE('',*,*,#1331,.F.);
#1853=ORIENTED_EDGE('',*,*,#1436,.F.);
#1854=ORIENTED_EDGE('',*,*,#1334,.F.);
#1855=ORIENTED_EDGE('',*,*,#1437,.F.);
#1856=ORIENTED_EDGE('',*,*,#1438,.F.);
#1857=ORIENTED_EDGE('',*,*,#1436,.T.);
#1858=ORIENTED_EDGE('',*,*,#1439,.T.);
#1859=ORIENTED_EDGE('',*,*,#1440,.F.);
#1860=ORIENTED_EDGE('',*,*,#1335,.F.);
#1861=ORIENTED_EDGE('',*,*,#1438,.T.);
#1862=ORIENTED_EDGE('',*,*,#1441,.F.);
#1863=ORIENTED_EDGE('',*,*,#1442,.F.);
#1864=ORIENTED_EDGE('',*,*,#1439,.F.);
#1865=ORIENTED_EDGE('',*,*,#1437,.T.);
#1866=ORIENTED_EDGE('',*,*,#1333,.F.);
#1867=ORIENTED_EDGE('',*,*,#1443,.F.);
#1868=ORIENTED_EDGE('',*,*,#1441,.T.);
#1869=ORIENTED_EDGE('',*,*,#1321,.T.);
#1870=ORIENTED_EDGE('',*,*,#1356,.F.);
#1871=ORIENTED_EDGE('',*,*,#1444,.F.);
#1872=ORIENTED_EDGE('',*,*,#1445,.F.);
#1873=ORIENTED_EDGE('',*,*,#1446,.F.);
#1874=ORIENTED_EDGE('',*,*,#1306,.F.);
#1875=ORIENTED_EDGE('',*,*,#1447,.F.);
#1876=ORIENTED_EDGE('',*,*,#1372,.F.);
#1877=ORIENTED_EDGE('',*,*,#1326,.T.);
#1878=ORIENTED_EDGE('',*,*,#1299,.T.);
#1879=ORIENTED_EDGE('',*,*,#1448,.T.);
#1880=ORIENTED_EDGE('',*,*,#1445,.T.);
#1881=ORIENTED_EDGE('',*,*,#1449,.F.);
#1882=ORIENTED_EDGE('',*,*,#1446,.T.);
#1883=ORIENTED_EDGE('',*,*,#1449,.T.);
#1884=ORIENTED_EDGE('',*,*,#1444,.T.);
#1885=ORIENTED_EDGE('',*,*,#1355,.F.);
#1886=ORIENTED_EDGE('',*,*,#1450,.F.);
#1887=ORIENTED_EDGE('',*,*,#1307,.F.);
#1888=ORIENTED_EDGE('',*,*,#1412,.T.);
#1889=ORIENTED_EDGE('',*,*,#1419,.T.);
#1890=ORIENTED_EDGE('',*,*,#1451,.F.);
#1891=ORIENTED_EDGE('',*,*,#1425,.F.);
#1892=ORIENTED_EDGE('',*,*,#1452,.F.);
#1893=ORIENTED_EDGE('',*,*,#1341,.F.);
#1894=ORIENTED_EDGE('',*,*,#1411,.T.);
#1895=ORIENTED_EDGE('',*,*,#1416,.T.);
#1896=ORIENTED_EDGE('',*,*,#1409,.T.);
#1897=ORIENTED_EDGE('',*,*,#1426,.F.);
#1898=ORIENTED_EDGE('',*,*,#1451,.T.);
#1899=ORIENTED_EDGE('',*,*,#1418,.T.);
#1900=ORIENTED_EDGE('',*,*,#1420,.T.);
#1901=ORIENTED_EDGE('',*,*,#1338,.F.);
#1902=ORIENTED_EDGE('',*,*,#1453,.F.);
#1903=ORIENTED_EDGE('',*,*,#1292,.F.);
#1904=ORIENTED_EDGE('',*,*,#1429,.T.);
#1905=ORIENTED_EDGE('',*,*,#1309,.F.);
#1906=ORIENTED_EDGE('',*,*,#1454,.F.);
#1907=ORIENTED_EDGE('',*,*,#1353,.F.);
#1908=ORIENTED_EDGE('',*,*,#1455,.F.);
#1909=ORIENTED_EDGE('',*,*,#1456,.F.);
#1910=ORIENTED_EDGE('',*,*,#1457,.F.);
#1911=ORIENTED_EDGE('',*,*,#1363,.F.);
#1912=ORIENTED_EDGE('',*,*,#1431,.T.);
#1913=ORIENTED_EDGE('',*,*,#1458,.T.);
#1914=ORIENTED_EDGE('',*,*,#1432,.T.);
#1915=ORIENTED_EDGE('',*,*,#1358,.F.);
#1916=ORIENTED_EDGE('',*,*,#1459,.F.);
#1917=ORIENTED_EDGE('',*,*,#1312,.F.);
#1918=ORIENTED_EDGE('',*,*,#1406,.T.);
#1919=ORIENTED_EDGE('',*,*,#1290,.F.);
#1920=ORIENTED_EDGE('',*,*,#1288,.T.);
#1921=ORIENTED_EDGE('',*,*,#1361,.F.);
#1922=ORIENTED_EDGE('',*,*,#1433,.T.);
#1923=ORIENTED_EDGE('',*,*,#1294,.F.);
#1924=ORIENTED_EDGE('',*,*,#1460,.F.);
#1925=ORIENTED_EDGE('',*,*,#1336,.F.);
#1926=ORIENTED_EDGE('',*,*,#1440,.T.);
#1927=ORIENTED_EDGE('',*,*,#1442,.T.);
#1928=ORIENTED_EDGE('',*,*,#1443,.T.);
#1929=ORIENTED_EDGE('',*,*,#1332,.F.);
#1930=ORIENTED_EDGE('',*,*,#1435,.T.);
#1931=ORIENTED_EDGE('',*,*,#1461,.T.);
#1932=ORIENTED_EDGE('',*,*,#1447,.T.);
#1933=ORIENTED_EDGE('',*,*,#1305,.F.);
#1934=ORIENTED_EDGE('',*,*,#1462,.F.);
#1935=ORIENTED_EDGE('',*,*,#1373,.F.);
#1936=ORIENTED_EDGE('',*,*,#1463,.T.);
#1937=ORIENTED_EDGE('',*,*,#1464,.T.);
#1938=ORIENTED_EDGE('',*,*,#1465,.F.);
#1939=ORIENTED_EDGE('',*,*,#1464,.F.);
#1940=ORIENTED_EDGE('',*,*,#1463,.F.);
#1941=ORIENTED_EDGE('',*,*,#1249,.T.);
#1942=ORIENTED_EDGE('',*,*,#1466,.T.);
#1943=ORIENTED_EDGE('',*,*,#1467,.T.);
#1944=ORIENTED_EDGE('',*,*,#1468,.F.);
#1945=ORIENTED_EDGE('',*,*,#1467,.F.);
#1946=ORIENTED_EDGE('',*,*,#1466,.F.);
#1947=ORIENTED_EDGE('',*,*,#1260,.T.);
#1948=ORIENTED_EDGE('',*,*,#1469,.T.);
#1949=ORIENTED_EDGE('',*,*,#1470,.T.);
#1950=ORIENTED_EDGE('',*,*,#1471,.F.);
#1951=ORIENTED_EDGE('',*,*,#1470,.F.);
#1952=ORIENTED_EDGE('',*,*,#1469,.F.);
#1953=ORIENTED_EDGE('',*,*,#1246,.T.);
#1954=ORIENTED_EDGE('',*,*,#1472,.T.);
#1955=ORIENTED_EDGE('',*,*,#1473,.T.);
#1956=ORIENTED_EDGE('',*,*,#1474,.F.);
#1957=ORIENTED_EDGE('',*,*,#1473,.F.);
#1958=ORIENTED_EDGE('',*,*,#1472,.F.);
#1959=ORIENTED_EDGE('',*,*,#1256,.T.);
#1960=ORIENTED_EDGE('',*,*,#1475,.T.);
#1961=ORIENTED_EDGE('',*,*,#1476,.F.);
#1962=ORIENTED_EDGE('',*,*,#1477,.F.);
#1963=ORIENTED_EDGE('',*,*,#1478,.T.);
#1964=ORIENTED_EDGE('',*,*,#1475,.F.);
#1965=ORIENTED_EDGE('',*,*,#1478,.F.);
#1966=ORIENTED_EDGE('',*,*,#1479,.T.);
#1967=ORIENTED_EDGE('',*,*,#1480,.F.);
#1968=ORIENTED_EDGE('',*,*,#1481,.F.);
#1969=ORIENTED_EDGE('',*,*,#1482,.T.);
#1970=ORIENTED_EDGE('',*,*,#1479,.F.);
#1971=ORIENTED_EDGE('',*,*,#1482,.F.);
#1972=ORIENTED_EDGE('',*,*,#1483,.T.);
#1973=ORIENTED_EDGE('',*,*,#1484,.F.);
#1974=ORIENTED_EDGE('',*,*,#1485,.F.);
#1975=ORIENTED_EDGE('',*,*,#1486,.T.);
#1976=ORIENTED_EDGE('',*,*,#1483,.F.);
#1977=ORIENTED_EDGE('',*,*,#1486,.F.);
#1978=ORIENTED_EDGE('',*,*,#1487,.T.);
#1979=ORIENTED_EDGE('',*,*,#1488,.F.);
#1980=ORIENTED_EDGE('',*,*,#1489,.F.);
#1981=ORIENTED_EDGE('',*,*,#1490,.T.);
#1982=ORIENTED_EDGE('',*,*,#1487,.F.);
#1983=ORIENTED_EDGE('',*,*,#1490,.F.);
#1984=ORIENTED_EDGE('',*,*,#1491,.F.);
#1985=ORIENTED_EDGE('',*,*,#1492,.T.);
#1986=ORIENTED_EDGE('',*,*,#1415,.F.);
#1987=ORIENTED_EDGE('',*,*,#1492,.F.);
#1988=ORIENTED_EDGE('',*,*,#1493,.T.);
#1989=ORIENTED_EDGE('',*,*,#1430,.T.);
#1990=ORIENTED_EDGE('',*,*,#1458,.F.);
#1991=ORIENTED_EDGE('',*,*,#1494,.F.);
#1992=ORIENTED_EDGE('',*,*,#1495,.T.);
#1993=ORIENTED_EDGE('',*,*,#1493,.F.);
#1994=ORIENTED_EDGE('',*,*,#1495,.F.);
#1995=ORIENTED_EDGE('',*,*,#1496,.T.);
#1996=ORIENTED_EDGE('',*,*,#1434,.T.);
#1997=ORIENTED_EDGE('',*,*,#1461,.F.);
#1998=ORIENTED_EDGE('',*,*,#1497,.F.);
#1999=ORIENTED_EDGE('',*,*,#1498,.T.);
#2000=ORIENTED_EDGE('',*,*,#1496,.F.);
#2001=ORIENTED_EDGE('',*,*,#1498,.F.);
#2002=ORIENTED_EDGE('',*,*,#1499,.F.);
#2003=ORIENTED_EDGE('',*,*,#1500,.T.);
#2004=ORIENTED_EDGE('',*,*,#1448,.F.);
#2005=ORIENTED_EDGE('',*,*,#1500,.F.);
#2006=ORIENTED_EDGE('',*,*,#1403,.F.);
#2007=ORIENTED_EDGE('',*,*,#1501,.T.);
#2008=ORIENTED_EDGE('',*,*,#1502,.T.);
#2009=ORIENTED_EDGE('',*,*,#1501,.F.);
#2010=ORIENTED_EDGE('',*,*,#1502,.F.);
#2011=ORIENTED_EDGE('',*,*,#1241,.T.);
#2012=ORIENTED_EDGE('',*,*,#1253,.T.);
#2013=ORIENTED_EDGE('',*,*,#1257,.T.);
#2014=ORIENTED_EDGE('',*,*,#1251,.T.);
#2015=ORIENTED_EDGE('',*,*,#1404,.F.);
#2016=ORIENTED_EDGE('',*,*,#1503,.F.);
#2017=ORIENTED_EDGE('',*,*,#1504,.F.);
#2018=ORIENTED_EDGE('',*,*,#1505,.F.);
#2019=ORIENTED_EDGE('',*,*,#1376,.F.);
#2020=ORIENTED_EDGE('',*,*,#1503,.T.);
#2021=ORIENTED_EDGE('',*,*,#1381,.F.);
#2022=ORIENTED_EDGE('',*,*,#1506,.T.);
#2023=ORIENTED_EDGE('',*,*,#1507,.F.);
#2024=ORIENTED_EDGE('',*,*,#1505,.T.);
#2025=ORIENTED_EDGE('',*,*,#1508,.F.);
#2026=ORIENTED_EDGE('',*,*,#1509,.F.);
#2027=ORIENTED_EDGE('',*,*,#1377,.F.);
#2028=ORIENTED_EDGE('',*,*,#1510,.T.);
#2029=ORIENTED_EDGE('',*,*,#1511,.T.);
#2030=ORIENTED_EDGE('',*,*,#1512,.T.);
#2031=ORIENTED_EDGE('',*,*,#1513,.T.);
#2032=ORIENTED_EDGE('',*,*,#1514,.T.);
#2033=ORIENTED_EDGE('',*,*,#1515,.T.);
#2034=ORIENTED_EDGE('',*,*,#1516,.T.);
#2035=ORIENTED_EDGE('',*,*,#1517,.T.);
#2036=ORIENTED_EDGE('',*,*,#1518,.T.);
#2037=ORIENTED_EDGE('',*,*,#1519,.T.);
#2038=ORIENTED_EDGE('',*,*,#1520,.T.);
#2039=ORIENTED_EDGE('',*,*,#1521,.T.);
#2040=ORIENTED_EDGE('',*,*,#1456,.T.);
#2041=ORIENTED_EDGE('',*,*,#1522,.T.);
#2042=ORIENTED_EDGE('',*,*,#1523,.T.);
#2043=ORIENTED_EDGE('',*,*,#1524,.T.);
#2044=ORIENTED_EDGE('',*,*,#1525,.T.);
#2045=ORIENTED_EDGE('',*,*,#1526,.T.);
#2046=ORIENTED_EDGE('',*,*,#1527,.T.);
#2047=ORIENTED_EDGE('',*,*,#1528,.T.);
#2048=ORIENTED_EDGE('',*,*,#1529,.T.);
#2049=ORIENTED_EDGE('',*,*,#1530,.T.);
#2050=ORIENTED_EDGE('',*,*,#1531,.T.);
#2051=ORIENTED_EDGE('',*,*,#1532,.T.);
#2052=ORIENTED_EDGE('',*,*,#1533,.T.);
#2053=ORIENTED_EDGE('',*,*,#1534,.T.);
#2054=ORIENTED_EDGE('',*,*,#1535,.T.);
#2055=ORIENTED_EDGE('',*,*,#1536,.T.);
#2056=ORIENTED_EDGE('',*,*,#1537,.T.);
#2057=ORIENTED_EDGE('',*,*,#1538,.T.);
#2058=ORIENTED_EDGE('',*,*,#1539,.T.);
#2059=ORIENTED_EDGE('',*,*,#1540,.T.);
#2060=ORIENTED_EDGE('',*,*,#1507,.T.);
#2061=ORIENTED_EDGE('',*,*,#1541,.T.);
#2062=ORIENTED_EDGE('',*,*,#1542,.T.);
#2063=ORIENTED_EDGE('',*,*,#1543,.T.);
#2064=ORIENTED_EDGE('',*,*,#1508,.T.);
#2065=ORIENTED_EDGE('',*,*,#1504,.T.);
#2066=ORIENTED_EDGE('',*,*,#1243,.T.);
#2067=ORIENTED_EDGE('',*,*,#1544,.F.);
#2068=ORIENTED_EDGE('',*,*,#1365,.F.);
#2069=ORIENTED_EDGE('',*,*,#1545,.F.);
#2070=ORIENTED_EDGE('',*,*,#1520,.F.);
#2071=ORIENTED_EDGE('',*,*,#1546,.F.);
#2072=ORIENTED_EDGE('',*,*,#1541,.F.);
#2073=ORIENTED_EDGE('',*,*,#1506,.F.);
#2074=ORIENTED_EDGE('',*,*,#1380,.F.);
#2075=ORIENTED_EDGE('',*,*,#1547,.F.);
#2076=ORIENTED_EDGE('',*,*,#1529,.F.);
#2077=ORIENTED_EDGE('',*,*,#1548,.F.);
#2078=ORIENTED_EDGE('',*,*,#1382,.F.);
#2079=ORIENTED_EDGE('',*,*,#1547,.T.);
#2080=ORIENTED_EDGE('',*,*,#1385,.F.);
#2081=ORIENTED_EDGE('',*,*,#1549,.T.);
#2082=ORIENTED_EDGE('',*,*,#1526,.F.);
#2083=ORIENTED_EDGE('',*,*,#1488,.T.);
#2084=ORIENTED_EDGE('',*,*,#1550,.T.);
#2085=ORIENTED_EDGE('',*,*,#1523,.F.);
#2086=ORIENTED_EDGE('',*,*,#1551,.F.);
#2087=ORIENTED_EDGE('',*,*,#1351,.F.);
#2088=ORIENTED_EDGE('',*,*,#1552,.F.);
#2089=ORIENTED_EDGE('',*,*,#1524,.F.);
#2090=ORIENTED_EDGE('',*,*,#1550,.F.);
#2091=ORIENTED_EDGE('',*,*,#1546,.T.);
#2092=ORIENTED_EDGE('',*,*,#1379,.F.);
#2093=ORIENTED_EDGE('',*,*,#1553,.T.);
#2094=ORIENTED_EDGE('',*,*,#1542,.F.);
#2095=ORIENTED_EDGE('',*,*,#1545,.T.);
#2096=ORIENTED_EDGE('',*,*,#1364,.F.);
#2097=ORIENTED_EDGE('',*,*,#1457,.T.);
#2098=ORIENTED_EDGE('',*,*,#1521,.F.);
#2099=ORIENTED_EDGE('',*,*,#1402,.F.);
#2100=ORIENTED_EDGE('',*,*,#1554,.T.);
#2101=ORIENTED_EDGE('',*,*,#1555,.T.);
#2102=ORIENTED_EDGE('',*,*,#1554,.F.);
#2103=ORIENTED_EDGE('',*,*,#1555,.F.);
#2104=ORIENTED_EDGE('',*,*,#1556,.F.);
#2105=ORIENTED_EDGE('',*,*,#1556,.T.);
#2106=ORIENTED_EDGE('',*,*,#1557,.T.);
#2107=ORIENTED_EDGE('',*,*,#1540,.F.);
#2108=ORIENTED_EDGE('',*,*,#1557,.F.);
#2109=ORIENTED_EDGE('',*,*,#1476,.T.);
#2110=ORIENTED_EDGE('',*,*,#1558,.T.);
#2111=ORIENTED_EDGE('',*,*,#1515,.F.);
#2112=ORIENTED_EDGE('',*,*,#1559,.F.);
#2113=ORIENTED_EDGE('',*,*,#1345,.F.);
#2114=ORIENTED_EDGE('',*,*,#1560,.F.);
#2115=ORIENTED_EDGE('',*,*,#1516,.F.);
#2116=ORIENTED_EDGE('',*,*,#1558,.F.);
#2117=ORIENTED_EDGE('',*,*,#1477,.T.);
#2118=ORIENTED_EDGE('',*,*,#1465,.T.);
#2119=ORIENTED_EDGE('',*,*,#1560,.T.);
#2120=ORIENTED_EDGE('',*,*,#1344,.F.);
#2121=ORIENTED_EDGE('',*,*,#1561,.T.);
#2122=ORIENTED_EDGE('',*,*,#1517,.F.);
#2123=ORIENTED_EDGE('',*,*,#1484,.T.);
#2124=ORIENTED_EDGE('',*,*,#1562,.T.);
#2125=ORIENTED_EDGE('',*,*,#1422,.F.);
#2126=ORIENTED_EDGE('',*,*,#1427,.F.);
#2127=ORIENTED_EDGE('',*,*,#1367,.F.);
#2128=ORIENTED_EDGE('',*,*,#1563,.F.);
#2129=ORIENTED_EDGE('',*,*,#1518,.F.);
#2130=ORIENTED_EDGE('',*,*,#1561,.F.);
#2131=ORIENTED_EDGE('',*,*,#1343,.F.);
#2132=ORIENTED_EDGE('',*,*,#1564,.F.);
#2133=ORIENTED_EDGE('',*,*,#1423,.F.);
#2134=ORIENTED_EDGE('',*,*,#1562,.F.);
#2135=ORIENTED_EDGE('',*,*,#1485,.T.);
#2136=ORIENTED_EDGE('',*,*,#1471,.T.);
#2137=ORIENTED_EDGE('',*,*,#1544,.T.);
#2138=ORIENTED_EDGE('',*,*,#1519,.F.);
#2139=ORIENTED_EDGE('',*,*,#1563,.T.);
#2140=ORIENTED_EDGE('',*,*,#1366,.F.);
#2141=ORIENTED_EDGE('',*,*,#1452,.T.);
#2142=ORIENTED_EDGE('',*,*,#1424,.F.);
#2143=ORIENTED_EDGE('',*,*,#1564,.T.);
#2144=ORIENTED_EDGE('',*,*,#1342,.F.);
#2145=ORIENTED_EDGE('',*,*,#1480,.T.);
#2146=ORIENTED_EDGE('',*,*,#1565,.T.);
#2147=ORIENTED_EDGE('',*,*,#1510,.F.);
#2148=ORIENTED_EDGE('',*,*,#1566,.F.);
#2149=ORIENTED_EDGE('',*,*,#1349,.F.);
#2150=ORIENTED_EDGE('',*,*,#1567,.F.);
#2151=ORIENTED_EDGE('',*,*,#1511,.F.);
#2152=ORIENTED_EDGE('',*,*,#1565,.F.);
#2153=ORIENTED_EDGE('',*,*,#1481,.T.);
#2154=ORIENTED_EDGE('',*,*,#1468,.T.);
#2155=ORIENTED_EDGE('',*,*,#1567,.T.);
#2156=ORIENTED_EDGE('',*,*,#1348,.F.);
#2157=ORIENTED_EDGE('',*,*,#1568,.T.);
#2158=ORIENTED_EDGE('',*,*,#1512,.F.);
#2159=ORIENTED_EDGE('',*,*,#1489,.T.);
#2160=ORIENTED_EDGE('',*,*,#1474,.T.);
#2161=ORIENTED_EDGE('',*,*,#1491,.T.);
#2162=ORIENTED_EDGE('',*,*,#1266,.T.);
#2163=ORIENTED_EDGE('',*,*,#1453,.T.);
#2164=ORIENTED_EDGE('',*,*,#1337,.F.);
#2165=ORIENTED_EDGE('',*,*,#1460,.T.);
#2166=ORIENTED_EDGE('',*,*,#1293,.F.);
#2167=ORIENTED_EDGE('',*,*,#1497,.T.);
#2168=ORIENTED_EDGE('',*,*,#1263,.T.);
#2169=ORIENTED_EDGE('',*,*,#1494,.T.);
#2170=ORIENTED_EDGE('',*,*,#1272,.T.);
#2171=ORIENTED_EDGE('',*,*,#1551,.T.);
#2172=ORIENTED_EDGE('',*,*,#1522,.F.);
#2173=ORIENTED_EDGE('',*,*,#1455,.T.);
#2174=ORIENTED_EDGE('',*,*,#1352,.F.);
#2175=ORIENTED_EDGE('',*,*,#1499,.T.);
#2176=ORIENTED_EDGE('',*,*,#1269,.T.);
#2177=ORIENTED_EDGE('',*,*,#1454,.T.);
#2178=ORIENTED_EDGE('',*,*,#1308,.F.);
#2179=ORIENTED_EDGE('',*,*,#1450,.T.);
#2180=ORIENTED_EDGE('',*,*,#1354,.F.);
#2181=ORIENTED_EDGE('',*,*,#1568,.F.);
#2182=ORIENTED_EDGE('',*,*,#1347,.F.);
#2183=ORIENTED_EDGE('',*,*,#1569,.F.);
#2184=ORIENTED_EDGE('',*,*,#1513,.F.);
#2185=ORIENTED_EDGE('',*,*,#1570,.F.);
#2186=ORIENTED_EDGE('',*,*,#1539,.F.);
#2187=ORIENTED_EDGE('',*,*,#1571,.F.);
#2188=ORIENTED_EDGE('',*,*,#1398,.F.);
#2189=ORIENTED_EDGE('',*,*,#1571,.T.);
#2190=ORIENTED_EDGE('',*,*,#1538,.F.);
#2191=ORIENTED_EDGE('',*,*,#1572,.F.);
#2192=ORIENTED_EDGE('',*,*,#1399,.F.);
#2193=ORIENTED_EDGE('',*,*,#1405,.T.);
#2194=ORIENTED_EDGE('',*,*,#1370,.F.);
#2195=ORIENTED_EDGE('',*,*,#1573,.T.);
#2196=ORIENTED_EDGE('',*,*,#1302,.F.);
#2197=ORIENTED_EDGE('',*,*,#1559,.T.);
#2198=ORIENTED_EDGE('',*,*,#1514,.F.);
#2199=ORIENTED_EDGE('',*,*,#1569,.T.);
#2200=ORIENTED_EDGE('',*,*,#1346,.F.);
#2201=ORIENTED_EDGE('',*,*,#1570,.T.);
#2202=ORIENTED_EDGE('',*,*,#1401,.F.);
#2203=ORIENTED_EDGE('',*,*,#1574,.F.);
#2204=ORIENTED_EDGE('',*,*,#1536,.F.);
#2205=ORIENTED_EDGE('',*,*,#1572,.T.);
#2206=ORIENTED_EDGE('',*,*,#1537,.F.);
#2207=ORIENTED_EDGE('',*,*,#1574,.T.);
#2208=ORIENTED_EDGE('',*,*,#1400,.F.);
#2209=ORIENTED_EDGE('',*,*,#1575,.F.);
#2210=ORIENTED_EDGE('',*,*,#1397,.F.);
#2211=ORIENTED_EDGE('',*,*,#1576,.F.);
#2212=ORIENTED_EDGE('',*,*,#1315,.F.);
#2213=ORIENTED_EDGE('',*,*,#1577,.F.);
#2214=ORIENTED_EDGE('',*,*,#1394,.F.);
#2215=ORIENTED_EDGE('',*,*,#1578,.F.);
#2216=ORIENTED_EDGE('',*,*,#1318,.F.);
#2217=ORIENTED_EDGE('',*,*,#1579,.F.);
#2218=ORIENTED_EDGE('',*,*,#1303,.F.);
#2219=ORIENTED_EDGE('',*,*,#1573,.F.);
#2220=ORIENTED_EDGE('',*,*,#1375,.F.);
#2221=ORIENTED_EDGE('',*,*,#1462,.T.);
#2222=ORIENTED_EDGE('',*,*,#1304,.F.);
#2223=ORIENTED_EDGE('',*,*,#1579,.T.);
#2224=ORIENTED_EDGE('',*,*,#1374,.F.);
#2225=ORIENTED_EDGE('',*,*,#1577,.T.);
#2226=ORIENTED_EDGE('',*,*,#1320,.F.);
#2227=ORIENTED_EDGE('',*,*,#1580,.F.);
#2228=ORIENTED_EDGE('',*,*,#1392,.F.);
#2229=ORIENTED_EDGE('',*,*,#1459,.T.);
#2230=ORIENTED_EDGE('',*,*,#1357,.F.);
#2231=ORIENTED_EDGE('',*,*,#1285,.F.);
#2232=ORIENTED_EDGE('',*,*,#1313,.F.);
#2233=ORIENTED_EDGE('',*,*,#1576,.T.);
#2234=ORIENTED_EDGE('',*,*,#1396,.F.);
#2235=ORIENTED_EDGE('',*,*,#1581,.T.);
#2236=ORIENTED_EDGE('',*,*,#1316,.F.);
#2237=ORIENTED_EDGE('',*,*,#1578,.T.);
#2238=ORIENTED_EDGE('',*,*,#1393,.F.);
#2239=ORIENTED_EDGE('',*,*,#1580,.T.);
#2240=ORIENTED_EDGE('',*,*,#1319,.F.);
#2241=ORIENTED_EDGE('',*,*,#1575,.T.);
#2242=ORIENTED_EDGE('',*,*,#1317,.F.);
#2243=ORIENTED_EDGE('',*,*,#1581,.F.);
#2244=ORIENTED_EDGE('',*,*,#1395,.F.);
#2245=ORIENTED_EDGE('',*,*,#1582,.F.);
#2246=ORIENTED_EDGE('',*,*,#1535,.F.);
#2247=ORIENTED_EDGE('',*,*,#1583,.F.);
#2248=ORIENTED_EDGE('',*,*,#1389,.F.);
#2249=ORIENTED_EDGE('',*,*,#1584,.F.);
#2250=ORIENTED_EDGE('',*,*,#1388,.F.);
#2251=ORIENTED_EDGE('',*,*,#1585,.F.);
#2252=ORIENTED_EDGE('',*,*,#1530,.F.);
#2253=ORIENTED_EDGE('',*,*,#1509,.T.);
#2254=ORIENTED_EDGE('',*,*,#1543,.F.);
#2255=ORIENTED_EDGE('',*,*,#1553,.F.);
#2256=ORIENTED_EDGE('',*,*,#1378,.F.);
#2257=ORIENTED_EDGE('',*,*,#1586,.F.);
#2258=ORIENTED_EDGE('',*,*,#1527,.F.);
#2259=ORIENTED_EDGE('',*,*,#1549,.F.);
#2260=ORIENTED_EDGE('',*,*,#1384,.F.);
#2261=ORIENTED_EDGE('',*,*,#1548,.T.);
#2262=ORIENTED_EDGE('',*,*,#1528,.F.);
#2263=ORIENTED_EDGE('',*,*,#1586,.T.);
#2264=ORIENTED_EDGE('',*,*,#1383,.F.);
#2265=ORIENTED_EDGE('',*,*,#1582,.T.);
#2266=ORIENTED_EDGE('',*,*,#1391,.F.);
#2267=ORIENTED_EDGE('',*,*,#1587,.F.);
#2268=ORIENTED_EDGE('',*,*,#1533,.F.);
#2269=ORIENTED_EDGE('',*,*,#1585,.T.);
#2270=ORIENTED_EDGE('',*,*,#1387,.F.);
#2271=ORIENTED_EDGE('',*,*,#1588,.T.);
#2272=ORIENTED_EDGE('',*,*,#1531,.F.);
#2273=ORIENTED_EDGE('',*,*,#1584,.T.);
#2274=ORIENTED_EDGE('',*,*,#1532,.F.);
#2275=ORIENTED_EDGE('',*,*,#1588,.F.);
#2276=ORIENTED_EDGE('',*,*,#1386,.F.);
#2277=ORIENTED_EDGE('',*,*,#1583,.T.);
#2278=ORIENTED_EDGE('',*,*,#1534,.F.);
#2279=ORIENTED_EDGE('',*,*,#1587,.T.);
#2280=ORIENTED_EDGE('',*,*,#1390,.F.);
#2281=ORIENTED_EDGE('',*,*,#1566,.T.);
#2282=ORIENTED_EDGE('',*,*,#1525,.F.);
#2283=ORIENTED_EDGE('',*,*,#1552,.T.);
#2284=ORIENTED_EDGE('',*,*,#1350,.F.);
#2285=CYLINDRICAL_SURFACE('',#2481,1.7);
#2286=CYLINDRICAL_SURFACE('',#2484,1.7);
#2287=CYLINDRICAL_SURFACE('',#2487,1.7);
#2288=CYLINDRICAL_SURFACE('',#2490,1.7);
#2289=CYLINDRICAL_SURFACE('',#2497,1.7);
#2290=CYLINDRICAL_SURFACE('',#2500,1.7);
#2291=CYLINDRICAL_SURFACE('',#2503,1.7);
#2292=CYLINDRICAL_SURFACE('',#2506,1.7);
#2293=CYLINDRICAL_SURFACE('',#2509,1.7);
#2294=CYLINDRICAL_SURFACE('',#2516,3.81);
#2295=CYLINDRICAL_SURFACE('',#2573,3.81);
#2296=CYLINDRICAL_SURFACE('',#2574,3.);
#2297=CYLINDRICAL_SURFACE('',#2577,3.);
#2298=CYLINDRICAL_SURFACE('',#2586,3.81);
#2299=CYLINDRICAL_SURFACE('',#2593,3.);
#2300=CYLINDRICAL_SURFACE('',#2595,3.81);
#2301=CYLINDRICAL_SURFACE('',#2596,3.);
#2302=CYLINDRICAL_SURFACE('',#2598,3.);
#2303=CYLINDRICAL_SURFACE('',#2600,3.81);
#2304=CYLINDRICAL_SURFACE('',#2605,3.81);
#2305=CYLINDRICAL_SURFACE('',#2606,3.);
#2306=CYLINDRICAL_SURFACE('',#2611,3.);
#2307=CYLINDRICAL_SURFACE('',#2612,3.81);
#2308=CYLINDRICAL_SURFACE('',#2613,3.);
#2309=CYLINDRICAL_SURFACE('',#2614,3.);
#2310=CYLINDRICAL_SURFACE('',#2619,3.);
#2311=CYLINDRICAL_SURFACE('',#2621,3.81);
#2312=CYLINDRICAL_SURFACE('',#2622,2.025);
#2313=CYLINDRICAL_SURFACE('',#2626,2.025);
#2314=CYLINDRICAL_SURFACE('',#2630,2.025);
#2315=CYLINDRICAL_SURFACE('',#2634,2.025);
#2316=CYLINDRICAL_SURFACE('',#2641,4.);
#2317=CYLINDRICAL_SURFACE('',#2646,4.);
#2318=CYLINDRICAL_SURFACE('',#2651,4.);
#2319=CYLINDRICAL_SURFACE('',#2656,4.);
#2320=CYLINDRICAL_SURFACE('',#2658,4.);
#2321=CYLINDRICAL_SURFACE('',#2662,4.);
#2322=CYLINDRICAL_SURFACE('',#2666,4.);
#2323=CYLINDRICAL_SURFACE('',#2668,4.);
#2324=CYLINDRICAL_SURFACE('',#2670,3.25);
#2325=CYLINDRICAL_SURFACE('',#2673,3.25);
#2326=CYLINDRICAL_SURFACE('',#2674,4.);
#2327=CYLINDRICAL_SURFACE('',#2692,4.);
#2328=CYLINDRICAL_SURFACE('',#2693,4.);
#2329=CYLINDRICAL_SURFACE('',#2694,4.);
#2330=CYLINDRICAL_SURFACE('',#2696,3.);
#2331=CYLINDRICAL_SURFACE('',#2699,3.25);
#2332=CYLINDRICAL_SURFACE('',#2703,1.7);
#2333=CYLINDRICAL_SURFACE('',#2704,3.);
#2334=CYLINDRICAL_SURFACE('',#2707,3.);
#2335=CYLINDRICAL_SURFACE('',#2711,3.);
#2336=CYLINDRICAL_SURFACE('',#2722,3.8);
#2337=CYLINDRICAL_SURFACE('',#2723,3.8);
#2338=ADVANCED_FACE('',(#142),#2285,.F.);
#2339=ADVANCED_FACE('',(#143),#2286,.F.);
#2340=ADVANCED_FACE('',(#144),#2287,.F.);
#2341=ADVANCED_FACE('',(#145),#2288,.F.);
#2342=ADVANCED_FACE('',(#146),#66,.F.);
#2343=ADVANCED_FACE('',(#147),#2289,.F.);
#2344=ADVANCED_FACE('',(#148),#2290,.F.);
#2345=ADVANCED_FACE('',(#149),#2291,.F.);
#2346=ADVANCED_FACE('',(#150),#2292,.F.);
#2347=ADVANCED_FACE('',(#151),#2293,.F.);
#2348=ADVANCED_FACE('',(#152),#67,.F.);
#2349=ADVANCED_FACE('',(#153),#68,.F.);
#2350=ADVANCED_FACE('',(#154),#69,.F.);
#2351=ADVANCED_FACE('',(#155),#70,.F.);
#2352=ADVANCED_FACE('',(#156),#2294,.F.);
#2353=ADVANCED_FACE('',(#157,#15,#16),#71,.T.);
#2354=ADVANCED_FACE('',(#158),#72,.F.);
#2355=ADVANCED_FACE('',(#159),#73,.F.);
#2356=ADVANCED_FACE('',(#160),#74,.F.);
#2357=ADVANCED_FACE('',(#161),#75,.F.);
#2358=ADVANCED_FACE('',(#162,#17,#18,#19,#20,#21,#22,#23,#24,#25,#26,#27,
#28,#29,#30,#31,#32,#33,#34,#35,#36),#76,.F.);
#2359=ADVANCED_FACE('',(#163),#2295,.F.);
#2360=ADVANCED_FACE('',(#164),#2296,.T.);
#2361=ADVANCED_FACE('',(#165),#2297,.T.);
#2362=ADVANCED_FACE('',(#166,#37),#77,.T.);
#2363=ADVANCED_FACE('',(#167),#78,.F.);
#2364=ADVANCED_FACE('',(#168),#2298,.F.);
#2365=ADVANCED_FACE('',(#169),#79,.T.);
#2366=ADVANCED_FACE('',(#170),#80,.F.);
#2367=ADVANCED_FACE('',(#171),#2299,.T.);
#2368=ADVANCED_FACE('',(#172),#2300,.F.);
#2369=ADVANCED_FACE('',(#173),#2301,.T.);
#2370=ADVANCED_FACE('',(#174),#2302,.T.);
#2371=ADVANCED_FACE('',(#175),#2303,.F.);
#2372=ADVANCED_FACE('',(#176),#81,.F.);
#2373=ADVANCED_FACE('',(#177),#2304,.F.);
#2374=ADVANCED_FACE('',(#178),#2305,.T.);
#2375=ADVANCED_FACE('',(#179,#38),#82,.T.);
#2376=ADVANCED_FACE('',(#180),#2306,.T.);
#2377=ADVANCED_FACE('',(#181),#2307,.F.);
#2378=ADVANCED_FACE('',(#182),#2308,.T.);
#2379=ADVANCED_FACE('',(#183),#2309,.T.);
#2380=ADVANCED_FACE('',(#184),#83,.F.);
#2381=ADVANCED_FACE('',(#185),#84,.F.);
#2382=ADVANCED_FACE('',(#186),#2310,.T.);
#2383=ADVANCED_FACE('',(#187),#2311,.F.);
#2384=ADVANCED_FACE('',(#188),#2312,.F.);
#2385=ADVANCED_FACE('',(#189,#39),#85,.F.);
#2386=ADVANCED_FACE('',(#190),#2313,.F.);
#2387=ADVANCED_FACE('',(#191,#40),#86,.F.);
#2388=ADVANCED_FACE('',(#192),#2314,.F.);
#2389=ADVANCED_FACE('',(#193,#41),#87,.F.);
#2390=ADVANCED_FACE('',(#194),#2315,.F.);
#2391=ADVANCED_FACE('',(#195,#42),#88,.F.);
#2392=ADVANCED_FACE('',(#196,#43),#89,.T.);
#2393=ADVANCED_FACE('',(#197),#2316,.T.);
#2394=ADVANCED_FACE('',(#198,#44),#90,.T.);
#2395=ADVANCED_FACE('',(#199),#2317,.T.);
#2396=ADVANCED_FACE('',(#200,#45),#91,.T.);
#2397=ADVANCED_FACE('',(#201),#2318,.T.);
#2398=ADVANCED_FACE('',(#202,#46),#92,.T.);
#2399=ADVANCED_FACE('',(#203),#2319,.T.);
#2400=ADVANCED_FACE('',(#204),#2320,.T.);
#2401=ADVANCED_FACE('',(#205,#47),#93,.T.);
#2402=ADVANCED_FACE('',(#206),#2321,.T.);
#2403=ADVANCED_FACE('',(#207,#48),#94,.T.);
#2404=ADVANCED_FACE('',(#208),#2322,.T.);
#2405=ADVANCED_FACE('',(#209),#2323,.T.);
#2406=ADVANCED_FACE('',(#210),#2324,.F.);
#2407=ADVANCED_FACE('',(#211,#49),#95,.F.);
#2408=ADVANCED_FACE('',(#212),#2325,.F.);
#2409=ADVANCED_FACE('',(#213),#2326,.T.);
#2410=ADVANCED_FACE('',(#214),#96,.F.);
#2411=ADVANCED_FACE('',(#215),#97,.F.);
#2412=ADVANCED_FACE('',(#216,#50,#51,#52,#53,#54,#55,#56),#98,.T.);
#2413=ADVANCED_FACE('',(#217),#2327,.T.);
#2414=ADVANCED_FACE('',(#218),#2328,.T.);
#2415=ADVANCED_FACE('',(#219),#2329,.T.);
#2416=ADVANCED_FACE('',(#220),#99,.F.);
#2417=ADVANCED_FACE('',(#221),#2330,.T.);
#2418=ADVANCED_FACE('',(#222),#100,.F.);
#2419=ADVANCED_FACE('',(#223),#101,.F.);
#2420=ADVANCED_FACE('',(#224),#2331,.F.);
#2421=ADVANCED_FACE('',(#225,#57),#102,.F.);
#2422=ADVANCED_FACE('',(#226),#2332,.F.);
#2423=ADVANCED_FACE('',(#227),#2333,.T.);
#2424=ADVANCED_FACE('',(#228,#58),#103,.T.);
#2425=ADVANCED_FACE('',(#229),#104,.F.);
#2426=ADVANCED_FACE('',(#230),#2334,.T.);
#2427=ADVANCED_FACE('',(#231,#59),#105,.T.);
#2428=ADVANCED_FACE('',(#232),#106,.F.);
#2429=ADVANCED_FACE('',(#233),#107,.F.);
#2430=ADVANCED_FACE('',(#234),#2335,.T.);
#2431=ADVANCED_FACE('',(#235,#60),#108,.T.);
#2432=ADVANCED_FACE('',(#236),#109,.F.);
#2433=ADVANCED_FACE('',(#237,#61),#110,.T.);
#2434=ADVANCED_FACE('',(#238,#62),#111,.T.);
#2435=ADVANCED_FACE('',(#239),#112,.F.);
#2436=ADVANCED_FACE('',(#240,#63),#113,.T.);
#2437=ADVANCED_FACE('',(#241,#64),#114,.T.);
#2438=ADVANCED_FACE('',(#242),#115,.F.);
#2439=ADVANCED_FACE('',(#243,#65),#116,.T.);
#2440=ADVANCED_FACE('',(#244),#117,.F.);
#2441=ADVANCED_FACE('',(#245),#2336,.T.);
#2442=ADVANCED_FACE('',(#246),#2337,.T.);
#2443=ADVANCED_FACE('',(#247),#118,.F.);
#2444=ADVANCED_FACE('',(#248),#119,.F.);
#2445=ADVANCED_FACE('',(#249),#120,.F.);
#2446=ADVANCED_FACE('',(#250),#121,.F.);
#2447=ADVANCED_FACE('',(#251),#122,.F.);
#2448=ADVANCED_FACE('',(#252),#123,.F.);
#2449=ADVANCED_FACE('',(#253),#124,.F.);
#2450=ADVANCED_FACE('',(#254),#125,.F.);
#2451=ADVANCED_FACE('',(#255),#126,.F.);
#2452=ADVANCED_FACE('',(#256),#127,.F.);
#2453=ADVANCED_FACE('',(#257),#128,.F.);
#2454=ADVANCED_FACE('',(#258),#129,.F.);
#2455=ADVANCED_FACE('',(#259),#130,.F.);
#2456=ADVANCED_FACE('',(#260),#131,.F.);
#2457=ADVANCED_FACE('',(#261),#132,.F.);
#2458=ADVANCED_FACE('',(#262),#133,.F.);
#2459=ADVANCED_FACE('',(#263),#134,.F.);
#2460=ADVANCED_FACE('',(#264),#135,.F.);
#2461=ADVANCED_FACE('',(#265),#136,.F.);
#2462=ADVANCED_FACE('',(#266),#137,.F.);
#2463=ADVANCED_FACE('',(#267),#138,.F.);
#2464=ADVANCED_FACE('',(#268),#139,.F.);
#2465=ADVANCED_FACE('',(#269),#140,.F.);
#2466=ADVANCED_FACE('',(#270),#141,.F.);
#2467=CLOSED_SHELL('',(#2338,#2339,#2340,#2341,#2342,#2343,#2344,#2345,
#2346,#2347,#2348,#2349,#2350,#2351,#2352,#2353,#2354,#2355,#2356,#2357,
#2358,#2359,#2360,#2361,#2362,#2363,#2364,#2365,#2366,#2367,#2368,#2369,
#2370,#2371,#2372,#2373,#2374,#2375,#2376,#2377,#2378,#2379,#2380,#2381,
#2382,#2383,#2384,#2385,#2386,#2387,#2388,#2389,#2390,#2391,#2392,#2393,
#2394,#2395,#2396,#2397,#2398,#2399,#2400,#2401,#2402,#2403,#2404,#2405,
#2406,#2407,#2408,#2409,#2410,#2411,#2412,#2413,#2414,#2415,#2416,#2417,
#2418,#2419,#2420,#2421,#2422,#2423,#2424,#2425,#2426,#2427,#2428,#2429,
#2430,#2431,#2432,#2433,#2434,#2435,#2436,#2437,#2438,#2439,#2440,#2441,
#2442,#2443,#2444,#2445,#2446,#2447,#2448,#2449,#2450,#2451,#2452,#2453,
#2454,#2455,#2456,#2457,#2458,#2459,#2460,#2461,#2462,#2463,#2464,#2465,
#2466));
#2468=DERIVED_UNIT_ELEMENT(#2470,1.);
#2469=DERIVED_UNIT_ELEMENT(#4209,-3.);
#2470=(
MASS_UNIT()
NAMED_UNIT(*)
SI_UNIT(.KILO.,.GRAM.)
);
#2471=DERIVED_UNIT((#2468,#2469));
#2472=MEASURE_REPRESENTATION_ITEM('density measure',
POSITIVE_RATIO_MEASURE(7850.),#2471);
#2473=PROPERTY_DEFINITION_REPRESENTATION(#2478,#2475);
#2474=PROPERTY_DEFINITION_REPRESENTATION(#2479,#2476);
#2475=REPRESENTATION('material name',(#2477),#4206);
#2476=REPRESENTATION('density',(#2472),#4206);
#2477=DESCRIPTIVE_REPRESENTATION_ITEM('Steel','Steel');
#2478=PROPERTY_DEFINITION('material property','material name',#4216);
#2479=PROPERTY_DEFINITION('material property','density of part',#4216);
#2480=AXIS2_PLACEMENT_3D('',#3494,#2748,#2749);
#2481=AXIS2_PLACEMENT_3D('',#3495,#2750,#2751);
#2482=AXIS2_PLACEMENT_3D('',#3497,#2752,#2753);
#2483=AXIS2_PLACEMENT_3D('',#3500,#2755,#2756);
#2484=AXIS2_PLACEMENT_3D('',#3501,#2757,#2758);
#2485=AXIS2_PLACEMENT_3D('',#3503,#2759,#2760);
#2486=AXIS2_PLACEMENT_3D('',#3506,#2762,#2763);
#2487=AXIS2_PLACEMENT_3D('',#3507,#2764,#2765);
#2488=AXIS2_PLACEMENT_3D('',#3509,#2766,#2767);
#2489=AXIS2_PLACEMENT_3D('',#3512,#2769,#2770);
#2490=AXIS2_PLACEMENT_3D('',#3513,#2771,#2772);
#2491=AXIS2_PLACEMENT_3D('',#3516,#2773,#2774);
#2492=AXIS2_PLACEMENT_3D('',#3520,#2776,#2777);
#2493=AXIS2_PLACEMENT_3D('',#3523,#2779,#2780);
#2494=AXIS2_PLACEMENT_3D('',#3526,#2782,#2783);
#2495=AXIS2_PLACEMENT_3D('',#3527,#2784,#2785);
#2496=AXIS2_PLACEMENT_3D('',#3528,#2786,#2787);
#2497=AXIS2_PLACEMENT_3D('',#3529,#2788,#2789);
#2498=AXIS2_PLACEMENT_3D('',#3531,#2790,#2791);
#2499=AXIS2_PLACEMENT_3D('',#3534,#2793,#2794);
#2500=AXIS2_PLACEMENT_3D('',#3535,#2795,#2796);
#2501=AXIS2_PLACEMENT_3D('',#3537,#2797,#2798);
#2502=AXIS2_PLACEMENT_3D('',#3540,#2800,#2801);
#2503=AXIS2_PLACEMENT_3D('',#3541,#2802,#2803);
#2504=AXIS2_PLACEMENT_3D('',#3543,#2804,#2805);
#2505=AXIS2_PLACEMENT_3D('',#3546,#2807,#2808);
#2506=AXIS2_PLACEMENT_3D('',#3547,#2809,#2810);
#2507=AXIS2_PLACEMENT_3D('',#3549,#2811,#2812);
#2508=AXIS2_PLACEMENT_3D('',#3552,#2814,#2815);
#2509=AXIS2_PLACEMENT_3D('',#3553,#2816,#2817);
#2510=AXIS2_PLACEMENT_3D('',#3555,#2818,#2819);
#2511=AXIS2_PLACEMENT_3D('',#3558,#2821,#2822);
#2512=AXIS2_PLACEMENT_3D('',#3559,#2823,#2824);
#2513=AXIS2_PLACEMENT_3D('',#3568,#2829,#2830);
#2514=AXIS2_PLACEMENT_3D('',#3577,#2835,#2836);
#2515=AXIS2_PLACEMENT_3D('',#3583,#2840,#2841);
#2516=AXIS2_PLACEMENT_3D('',#3589,#2845,#2846);
#2517=AXIS2_PLACEMENT_3D('',#3591,#2847,#2848);
#2518=AXIS2_PLACEMENT_3D('',#3594,#2850,#2851);
#2519=AXIS2_PLACEMENT_3D('',#3595,#2852,#2853);
#2520=AXIS2_PLACEMENT_3D('',#3599,#2855,#2856);
#2521=AXIS2_PLACEMENT_3D('',#3601,#2857,#2858);
#2522=AXIS2_PLACEMENT_3D('',#3605,#2860,#2861);
#2523=AXIS2_PLACEMENT_3D('',#3607,#2862,#2863);
#2524=AXIS2_PLACEMENT_3D('',#3615,#2867,#2868);
#2525=AXIS2_PLACEMENT_3D('',#3619,#2870,#2871);
#2526=AXIS2_PLACEMENT_3D('',#3627,#2875,#2876);
#2527=AXIS2_PLACEMENT_3D('',#3629,#2877,#2878);
#2528=AXIS2_PLACEMENT_3D('',#3631,#2879,#2880);
#2529=AXIS2_PLACEMENT_3D('',#3635,#2882,#2883);
#2530=AXIS2_PLACEMENT_3D('',#3637,#2884,#2885);
#2531=AXIS2_PLACEMENT_3D('',#3639,#2886,#2887);
#2532=AXIS2_PLACEMENT_3D('',#3643,#2890,#2891);
#2533=AXIS2_PLACEMENT_3D('',#3656,#2898,#2899);
#2534=AXIS2_PLACEMENT_3D('',#3662,#2903,#2904);
#2535=AXIS2_PLACEMENT_3D('',#3666,#2907,#2908);
#2536=AXIS2_PLACEMENT_3D('',#3672,#2912,#2913);
#2537=AXIS2_PLACEMENT_3D('',#3676,#2916,#2917);
#2538=AXIS2_PLACEMENT_3D('',#3678,#2918,#2919);
#2539=AXIS2_PLACEMENT_3D('',#3680,#2920,#2921);
#2540=AXIS2_PLACEMENT_3D('',#3682,#2922,#2923);
#2541=AXIS2_PLACEMENT_3D('',#3684,#2924,#2925);
#2542=AXIS2_PLACEMENT_3D('',#3686,#2926,#2927);
#2543=AXIS2_PLACEMENT_3D('',#3688,#2928,#2929);
#2544=AXIS2_PLACEMENT_3D('',#3692,#2931,#2932);
#2545=AXIS2_PLACEMENT_3D('',#3694,#2933,#2934);
#2546=AXIS2_PLACEMENT_3D('',#3696,#2935,#2936);
#2547=AXIS2_PLACEMENT_3D('',#3698,#2937,#2938);
#2548=AXIS2_PLACEMENT_3D('',#3702,#2940,#2941);
#2549=AXIS2_PLACEMENT_3D('',#3706,#2943,#2944);
#2550=AXIS2_PLACEMENT_3D('',#3710,#2946,#2947);
#2551=AXIS2_PLACEMENT_3D('',#3714,#2949,#2950);
#2552=AXIS2_PLACEMENT_3D('',#3718,#2952,#2953);
#2553=AXIS2_PLACEMENT_3D('',#3722,#2955,#2956);
#2554=AXIS2_PLACEMENT_3D('',#3726,#2958,#2959);
#2555=AXIS2_PLACEMENT_3D('',#3727,#2960,#2961);
#2556=AXIS2_PLACEMENT_3D('',#3733,#2964,#2965);
#2557=AXIS2_PLACEMENT_3D('',#3734,#2966,#2967);
#2558=AXIS2_PLACEMENT_3D('',#3738,#2969,#2970);
#2559=AXIS2_PLACEMENT_3D('',#3740,#2971,#2972);
#2560=AXIS2_PLACEMENT_3D('',#3744,#2974,#2975);
#2561=AXIS2_PLACEMENT_3D('',#3748,#2977,#2978);
#2562=AXIS2_PLACEMENT_3D('',#3751,#2980,#2981);
#2563=AXIS2_PLACEMENT_3D('',#3755,#2983,#2984);
#2564=AXIS2_PLACEMENT_3D('',#3757,#2985,#2986);
#2565=AXIS2_PLACEMENT_3D('',#3759,#2987,#2988);
#2566=AXIS2_PLACEMENT_3D('',#3765,#2991,#2992);
#2567=AXIS2_PLACEMENT_3D('',#3773,#2996,#2997);
#2568=AXIS2_PLACEMENT_3D('',#3777,#2999,#3000);
#2569=AXIS2_PLACEMENT_3D('',#3809,#3016,#3017);
#2570=AXIS2_PLACEMENT_3D('',#3816,#3021,#3022);
#2571=AXIS2_PLACEMENT_3D('',#3818,#3023,#3024);
#2572=AXIS2_PLACEMENT_3D('',#3819,#3025,#3026);
#2573=AXIS2_PLACEMENT_3D('',#3820,#3027,#3028);
#2574=AXIS2_PLACEMENT_3D('',#3822,#3030,#3031);
#2575=AXIS2_PLACEMENT_3D('',#3827,#3034,#3035);
#2576=AXIS2_PLACEMENT_3D('',#3831,#3037,#3038);
#2577=AXIS2_PLACEMENT_3D('',#3833,#3040,#3041);
#2578=AXIS2_PLACEMENT_3D('',#3838,#3044,#3045);
#2579=AXIS2_PLACEMENT_3D('',#3839,#3046,#3047);
#2580=AXIS2_PLACEMENT_3D('',#3841,#3048,#3049);
#2581=AXIS2_PLACEMENT_3D('',#3842,#3050,#3051);
#2582=AXIS2_PLACEMENT_3D('',#3843,#3052,#3053);
#2583=AXIS2_PLACEMENT_3D('',#3845,#3054,#3055);
#2584=AXIS2_PLACEMENT_3D('',#3847,#3056,#3057);
#2585=AXIS2_PLACEMENT_3D('',#3848,#3058,#3059);
#2586=AXIS2_PLACEMENT_3D('',#3849,#3060,#3061);
#2587=AXIS2_PLACEMENT_3D('',#3851,#3063,#3064);
#2588=AXIS2_PLACEMENT_3D('',#3855,#3066,#3067);
#2589=AXIS2_PLACEMENT_3D('',#3857,#3068,#3069);
#2590=AXIS2_PLACEMENT_3D('',#3861,#3071,#3072);
#2591=AXIS2_PLACEMENT_3D('',#3862,#3073,#3074);
#2592=AXIS2_PLACEMENT_3D('',#3863,#3075,#3076);
#2593=AXIS2_PLACEMENT_3D('',#3865,#3078,#3079);
#2594=AXIS2_PLACEMENT_3D('',#3870,#3082,#3083);
#2595=AXIS2_PLACEMENT_3D('',#3872,#3085,#3086);
#2596=AXIS2_PLACEMENT_3D('',#3874,#3088,#3089);
#2597=AXIS2_PLACEMENT_3D('',#3878,#3091,#3092);
#2598=AXIS2_PLACEMENT_3D('',#3880,#3094,#3095);
#2599=AXIS2_PLACEMENT_3D('',#3885,#3098,#3099);
#2600=AXIS2_PLACEMENT_3D('',#3886,#3100,#3101);
#2601=AXIS2_PLACEMENT_3D('',#3888,#3102,#3103);
#2602=AXIS2_PLACEMENT_3D('',#3890,#3105,#3106);
#2603=AXIS2_PLACEMENT_3D('',#3892,#3107,#3108);
#2604=AXIS2_PLACEMENT_3D('',#3893,#3109,#3110);
#2605=AXIS2_PLACEMENT_3D('',#3894,#3111,#3112);
#2606=AXIS2_PLACEMENT_3D('',#3896,#3114,#3115);
#2607=AXIS2_PLACEMENT_3D('',#3900,#3117,#3118);
#2608=AXIS2_PLACEMENT_3D('',#3903,#3121,#3122);
#2609=AXIS2_PLACEMENT_3D('',#3905,#3123,#3124);
#2610=AXIS2_PLACEMENT_3D('',#3906,#3125,#3126);
#2611=AXIS2_PLACEMENT_3D('',#3907,#3127,#3128);
#2612=AXIS2_PLACEMENT_3D('',#3909,#3130,#3131);
#2613=AXIS2_PLACEMENT_3D('',#3912,#3134,#3135);
#2614=AXIS2_PLACEMENT_3D('',#3914,#3137,#3138);
#2615=AXIS2_PLACEMENT_3D('',#3919,#3141,#3142);
#2616=AXIS2_PLACEMENT_3D('',#3921,#3144,#3145);
#2617=AXIS2_PLACEMENT_3D('',#3922,#3146,#3147);
#2618=AXIS2_PLACEMENT_3D('',#3924,#3149,#3150);
#2619=AXIS2_PLACEMENT_3D('',#3925,#3151,#3152);
#2620=AXIS2_PLACEMENT_3D('',#3927,#3154,#3155);
#2621=AXIS2_PLACEMENT_3D('',#3928,#3156,#3157);
#2622=AXIS2_PLACEMENT_3D('',#3930,#3159,#3160);
#2623=AXIS2_PLACEMENT_3D('',#3932,#3161,#3162);
#2624=AXIS2_PLACEMENT_3D('',#3935,#3164,#3165);
#2625=AXIS2_PLACEMENT_3D('',#3936,#3166,#3167);
#2626=AXIS2_PLACEMENT_3D('',#3937,#3168,#3169);
#2627=AXIS2_PLACEMENT_3D('',#3939,#3170,#3171);
#2628=AXIS2_PLACEMENT_3D('',#3942,#3173,#3174);
#2629=AXIS2_PLACEMENT_3D('',#3943,#3175,#3176);
#2630=AXIS2_PLACEMENT_3D('',#3944,#3177,#3178);
#2631=AXIS2_PLACEMENT_3D('',#3946,#3179,#3180);
#2632=AXIS2_PLACEMENT_3D('',#3949,#3182,#3183);
#2633=AXIS2_PLACEMENT_3D('',#3950,#3184,#3185);
#2634=AXIS2_PLACEMENT_3D('',#3951,#3186,#3187);
#2635=AXIS2_PLACEMENT_3D('',#3953,#3188,#3189);
#2636=AXIS2_PLACEMENT_3D('',#3956,#3191,#3192);
#2637=AXIS2_PLACEMENT_3D('',#3957,#3193,#3194);
#2638=AXIS2_PLACEMENT_3D('',#3958,#3195,#3196);
#2639=AXIS2_PLACEMENT_3D('',#3960,#3197,#3198);
#2640=AXIS2_PLACEMENT_3D('',#3962,#3199,#3200);
#2641=AXIS2_PLACEMENT_3D('',#3963,#3201,#3202);
#2642=AXIS2_PLACEMENT_3D('',#3965,#3203,#3204);
#2643=AXIS2_PLACEMENT_3D('',#3967,#3206,#3207);
#2644=AXIS2_PLACEMENT_3D('',#3969,#3208,#3209);
#2645=AXIS2_PLACEMENT_3D('',#3971,#3210,#3211);
#2646=AXIS2_PLACEMENT_3D('',#3972,#3212,#3213);
#2647=AXIS2_PLACEMENT_3D('',#3974,#3214,#3215);
#2648=AXIS2_PLACEMENT_3D('',#3976,#3217,#3218);
#2649=AXIS2_PLACEMENT_3D('',#3978,#3219,#3220);
#2650=AXIS2_PLACEMENT_3D('',#3980,#3221,#3222);
#2651=AXIS2_PLACEMENT_3D('',#3981,#3223,#3224);
#2652=AXIS2_PLACEMENT_3D('',#3983,#3225,#3226);
#2653=AXIS2_PLACEMENT_3D('',#3985,#3228,#3229);
#2654=AXIS2_PLACEMENT_3D('',#3987,#3230,#3231);
#2655=AXIS2_PLACEMENT_3D('',#3989,#3232,#3233);
#2656=AXIS2_PLACEMENT_3D('',#3990,#3234,#3235);
#2657=AXIS2_PLACEMENT_3D('',#3992,#3236,#3237);
#2658=AXIS2_PLACEMENT_3D('',#3994,#3239,#3240);
#2659=AXIS2_PLACEMENT_3D('',#3996,#3241,#3242);
#2660=AXIS2_PLACEMENT_3D('',#3998,#3244,#3245);
#2661=AXIS2_PLACEMENT_3D('',#4000,#3246,#3247);
#2662=AXIS2_PLACEMENT_3D('',#4001,#3248,#3249);
#2663=AXIS2_PLACEMENT_3D('',#4003,#3250,#3251);
#2664=AXIS2_PLACEMENT_3D('',#4005,#3253,#3254);
#2665=AXIS2_PLACEMENT_3D('',#4007,#3255,#3256);
#2666=AXIS2_PLACEMENT_3D('',#4008,#3257,#3258);
#2667=AXIS2_PLACEMENT_3D('',#4010,#3259,#3260);
#2668=AXIS2_PLACEMENT_3D('',#4012,#3262,#3263);
#2669=AXIS2_PLACEMENT_3D('',#4014,#3264,#3265);
#2670=AXIS2_PLACEMENT_3D('',#4016,#3267,#3268);
#2671=AXIS2_PLACEMENT_3D('',#4019,#3270,#3271);
#2672=AXIS2_PLACEMENT_3D('',#4020,#3272,#3273);
#2673=AXIS2_PLACEMENT_3D('',#4021,#3274,#3275);
#2674=AXIS2_PLACEMENT_3D('',#4022,#3276,#3277);
#2675=AXIS2_PLACEMENT_3D('',#4026,#3279,#3280);
#2676=AXIS2_PLACEMENT_3D('',#4028,#3282,#3283);
#2677=AXIS2_PLACEMENT_3D('',#4032,#3286,#3287);
#2678=AXIS2_PLACEMENT_3D('',#4036,#3290,#3291);
#2679=AXIS2_PLACEMENT_3D('',#4039,#3292,#3293);
#2680=AXIS2_PLACEMENT_3D('',#4041,#3294,#3295);
#2681=AXIS2_PLACEMENT_3D('',#4045,#3297,#3298);
#2682=AXIS2_PLACEMENT_3D('',#4049,#3300,#3301);
#2683=AXIS2_PLACEMENT_3D('',#4051,#3302,#3303);
#2684=AXIS2_PLACEMENT_3D('',#4055,#3305,#3306);
#2685=AXIS2_PLACEMENT_3D('',#4059,#3308,#3309);
#2686=AXIS2_PLACEMENT_3D('',#4064,#3312,#3313);
#2687=AXIS2_PLACEMENT_3D('',#4066,#3314,#3315);
#2688=AXIS2_PLACEMENT_3D('',#4075,#3320,#3321);
#2689=AXIS2_PLACEMENT_3D('',#4095,#3331,#3332);
#2690=AXIS2_PLACEMENT_3D('',#4097,#3333,#3334);
#2691=AXIS2_PLACEMENT_3D('',#4099,#3335,#3336);
#2692=AXIS2_PLACEMENT_3D('',#4103,#3339,#3340);
#2693=AXIS2_PLACEMENT_3D('',#4106,#3343,#3344);
#2694=AXIS2_PLACEMENT_3D('',#4108,#3346,#3347);
#2695=AXIS2_PLACEMENT_3D('',#4111,#3350,#3351);
#2696=AXIS2_PLACEMENT_3D('',#4113,#3353,#3354);
#2697=AXIS2_PLACEMENT_3D('',#4117,#3358,#3359);
#2698=AXIS2_PLACEMENT_3D('',#4119,#3361,#3362);
#2699=AXIS2_PLACEMENT_3D('',#4120,#3363,#3364);
#2700=AXIS2_PLACEMENT_3D('',#4123,#3366,#3367);
#2701=AXIS2_PLACEMENT_3D('',#4124,#3368,#3369);
#2702=AXIS2_PLACEMENT_3D('',#4126,#3370,#3371);
#2703=AXIS2_PLACEMENT_3D('',#4127,#3372,#3373);
#2704=AXIS2_PLACEMENT_3D('',#4129,#3375,#3376);
#2705=AXIS2_PLACEMENT_3D('',#4133,#3380,#3381);
#2706=AXIS2_PLACEMENT_3D('',#4134,#3382,#3383);
#2707=AXIS2_PLACEMENT_3D('',#4136,#3385,#3386);
#2708=AXIS2_PLACEMENT_3D('',#4140,#3390,#3391);
#2709=AXIS2_PLACEMENT_3D('',#4141,#3392,#3393);
#2710=AXIS2_PLACEMENT_3D('',#4142,#3394,#3395);
#2711=AXIS2_PLACEMENT_3D('',#4143,#3396,#3397);
#2712=AXIS2_PLACEMENT_3D('',#4147,#3401,#3402);
#2713=AXIS2_PLACEMENT_3D('',#4148,#3403,#3404);
#2714=AXIS2_PLACEMENT_3D('',#4150,#3406,#3407);
#2715=AXIS2_PLACEMENT_3D('',#4151,#3408,#3409);
#2716=AXIS2_PLACEMENT_3D('',#4152,#3410,#3411);
#2717=AXIS2_PLACEMENT_3D('',#4153,#3412,#3413);
#2718=AXIS2_PLACEMENT_3D('',#4154,#3414,#3415);
#2719=AXIS2_PLACEMENT_3D('',#4155,#3416,#3417);
#2720=AXIS2_PLACEMENT_3D('',#4156,#3418,#3419);
#2721=AXIS2_PLACEMENT_3D('',#4157,#3420,#3421);
#2722=AXIS2_PLACEMENT_3D('',#4158,#3422,#3423);
#2723=AXIS2_PLACEMENT_3D('',#4160,#3425,#3426);
#2724=AXIS2_PLACEMENT_3D('',#4163,#3429,#3430);
#2725=AXIS2_PLACEMENT_3D('',#4165,#3432,#3433);
#2726=AXIS2_PLACEMENT_3D('',#4167,#3435,#3436);
#2727=AXIS2_PLACEMENT_3D('',#4168,#3437,#3438);
#2728=AXIS2_PLACEMENT_3D('',#4170,#3440,#3441);
#2729=AXIS2_PLACEMENT_3D('',#4171,#3442,#3443);
#2730=AXIS2_PLACEMENT_3D('',#4174,#3446,#3447);
#2731=AXIS2_PLACEMENT_3D('',#4177,#3450,#3451);
#2732=AXIS2_PLACEMENT_3D('',#4179,#3453,#3454);
#2733=AXIS2_PLACEMENT_3D('',#4180,#3455,#3456);
#2734=AXIS2_PLACEMENT_3D('',#4182,#3458,#3459);
#2735=AXIS2_PLACEMENT_3D('',#4183,#3460,#3461);
#2736=AXIS2_PLACEMENT_3D('',#4185,#3463,#3464);
#2737=AXIS2_PLACEMENT_3D('',#4186,#3465,#3466);
#2738=AXIS2_PLACEMENT_3D('',#4187,#3467,#3468);
#2739=AXIS2_PLACEMENT_3D('',#4190,#3471,#3472);
#2740=AXIS2_PLACEMENT_3D('',#4193,#3475,#3476);
#2741=AXIS2_PLACEMENT_3D('',#4194,#3477,#3478);
#2742=AXIS2_PLACEMENT_3D('',#4196,#3480,#3481);
#2743=AXIS2_PLACEMENT_3D('',#4197,#3482,#3483);
#2744=AXIS2_PLACEMENT_3D('',#4199,#3485,#3486);
#2745=AXIS2_PLACEMENT_3D('',#4201,#3488,#3489);
#2746=AXIS2_PLACEMENT_3D('',#4202,#3490,#3491);
#2747=AXIS2_PLACEMENT_3D('',#4203,#3492,#3493);
#2748=DIRECTION('axis',(0.,0.,1.));
#2749=DIRECTION('refdir',(1.,0.,0.));
#2750=DIRECTION('center_axis',(0.,-0.984807753012209,0.173648177666927));
#2751=DIRECTION('ref_axis',(1.,0.,0.));
#2752=DIRECTION('center_axis',(4.02158212363673E-16,-0.984807753012208,
0.17364817766693));
#2753=DIRECTION('ref_axis',(1.,0.,0.));
#2754=DIRECTION('',(0.,-0.984807753012209,0.173648177666927));
#2755=DIRECTION('center_axis',(-4.02158212363673E-16,0.984807753012208,
-0.17364817766693));
#2756=DIRECTION('ref_axis',(1.,0.,0.));
#2757=DIRECTION('center_axis',(5.70808753020641E-16,-0.984807753012208,
0.173648177666931));
#2758=DIRECTION('ref_axis',(1.,5.62136885461957E-16,-9.91198997583677E-17));
#2759=DIRECTION('center_axis',(4.02158212363673E-16,-0.984807753012208,
0.17364817766693));
#2760=DIRECTION('ref_axis',(1.,5.62136885461957E-16,-9.91198997583677E-17));
#2761=DIRECTION('',(5.70808753020641E-16,-0.984807753012208,0.173648177666931));
#2762=DIRECTION('center_axis',(-4.02158212363673E-16,0.984807753012208,
-0.17364817766693));
#2763=DIRECTION('ref_axis',(1.,5.62136885461957E-16,-9.91198997583677E-17));
#2764=DIRECTION('center_axis',(0.,-0.984807753012208,0.173648177666931));
#2765=DIRECTION('ref_axis',(1.,0.,0.));
#2766=DIRECTION('center_axis',(4.02158212363673E-16,-0.984807753012208,
0.17364817766693));
#2767=DIRECTION('ref_axis',(1.,0.,0.));
#2768=DIRECTION('',(0.,-0.984807753012208,0.173648177666931));
#2769=DIRECTION('center_axis',(-4.02158212363673E-16,0.984807753012208,
-0.17364817766693));
#2770=DIRECTION('ref_axis',(1.,0.,0.));
#2771=DIRECTION('center_axis',(5.70808753020641E-16,-0.984807753012208,
0.173648177666931));
#2772=DIRECTION('ref_axis',(1.,5.62136885461957E-16,-9.91198997583677E-17));
#2773=DIRECTION('center_axis',(4.02158212363673E-16,-0.984807753012208,
0.17364817766693));
#2774=DIRECTION('ref_axis',(1.,5.62136885461957E-16,-9.91198997583677E-17));
#2775=DIRECTION('',(-5.70808753020641E-16,0.984807753012208,-0.173648177666931));
#2776=DIRECTION('center_axis',(4.02158212363673E-16,-0.984807753012208,
0.17364817766693));
#2777=DIRECTION('ref_axis',(1.,5.62136885461957E-16,-9.91198997583677E-17));
#2778=DIRECTION('',(5.70808753020641E-16,-0.984807753012208,0.173648177666931));
#2779=DIRECTION('center_axis',(4.02158212363673E-16,-0.984807753012208,
0.17364817766693));
#2780=DIRECTION('ref_axis',(1.,5.62136885461957E-16,-9.91198997583677E-17));
#2781=DIRECTION('',(5.70808753020641E-16,-0.984807753012208,0.173648177666931));
#2782=DIRECTION('center_axis',(-4.02158212363673E-16,0.984807753012208,
-0.17364817766693));
#2783=DIRECTION('ref_axis',(1.,5.62136885461957E-16,-9.91198997583677E-17));
#2784=DIRECTION('center_axis',(4.02158212363673E-16,-0.984807753012208,
0.17364817766693));
#2785=DIRECTION('ref_axis',(1.,4.02158212363673E-16,-3.51842845256725E-17));
#2786=DIRECTION('center_axis',(4.02158212363673E-16,-0.984807753012208,
0.17364817766693));
#2787=DIRECTION('ref_axis',(1.,4.02158212363673E-16,-3.51842845256725E-17));
#2788=DIRECTION('center_axis',(0.,-0.984807753012208,0.173648177666931));
#2789=DIRECTION('ref_axis',(1.,0.,0.));
#2790=DIRECTION('center_axis',(4.02158212363673E-16,-0.984807753012208,
0.17364817766693));
#2791=DIRECTION('ref_axis',(1.,0.,0.));
#2792=DIRECTION('',(0.,-0.984807753012208,0.173648177666931));
#2793=DIRECTION('center_axis',(-4.02158212363673E-16,0.984807753012208,
-0.17364817766693));
#2794=DIRECTION('ref_axis',(1.,0.,0.));
#2795=DIRECTION('center_axis',(0.,-0.984807753012208,0.173648177666931));
#2796=DIRECTION('ref_axis',(1.,0.,0.));
#2797=DIRECTION('center_axis',(4.02158212363673E-16,-0.984807753012208,
0.17364817766693));
#2798=DIRECTION('ref_axis',(1.,0.,0.));
#2799=DIRECTION('',(0.,-0.984807753012208,0.173648177666931));
#2800=DIRECTION('center_axis',(-4.02158212363673E-16,0.984807753012208,
-0.17364817766693));
#2801=DIRECTION('ref_axis',(1.,0.,0.));
#2802=DIRECTION('center_axis',(0.,-0.984807753012208,0.17364817766693));
#2803=DIRECTION('ref_axis',(1.,0.,0.));
#2804=DIRECTION('center_axis',(4.02158212363673E-16,-0.984807753012208,
0.17364817766693));
#2805=DIRECTION('ref_axis',(1.,0.,0.));
#2806=DIRECTION('',(0.,-0.984807753012208,0.17364817766693));
#2807=DIRECTION('center_axis',(-4.02158212363673E-16,0.984807753012208,
-0.17364817766693));
#2808=DIRECTION('ref_axis',(1.,0.,0.));
#2809=DIRECTION('center_axis',(0.,-0.984807753012208,0.173648177666931));
#2810=DIRECTION('ref_axis',(1.,0.,0.));
#2811=DIRECTION('center_axis',(4.02158212363673E-16,-0.984807753012208,
0.17364817766693));
#2812=DIRECTION('ref_axis',(1.,0.,0.));
#2813=DIRECTION('',(0.,-0.984807753012208,0.173648177666931));
#2814=DIRECTION('center_axis',(-4.02158212363673E-16,0.984807753012208,
-0.17364817766693));
#2815=DIRECTION('ref_axis',(1.,0.,0.));
#2816=DIRECTION('center_axis',(0.,-0.984807753012208,0.173648177666931));
#2817=DIRECTION('ref_axis',(1.,0.,0.));
#2818=DIRECTION('center_axis',(4.02158212363673E-16,-0.984807753012208,
0.17364817766693));
#2819=DIRECTION('ref_axis',(1.,0.,0.));
#2820=DIRECTION('',(0.,-0.984807753012208,0.173648177666931));
#2821=DIRECTION('center_axis',(-4.02158212363673E-16,0.984807753012208,
-0.17364817766693));
#2822=DIRECTION('ref_axis',(1.,0.,0.));
#2823=DIRECTION('center_axis',(1.,4.02158212363673E-16,-3.51842845256725E-17));
#2824=DIRECTION('ref_axis',(-4.02158212363673E-16,0.984807753012208,-0.17364817766693));
#2825=DIRECTION('',(-4.02158212363673E-16,0.984807753012208,-0.17364817766693));
#2826=DIRECTION('',(3.51842845256724E-17,-0.17364817766693,-0.984807753012208));
#2827=DIRECTION('',(4.02158212363673E-16,-0.984807753012208,0.17364817766693));
#2828=DIRECTION('',(-3.51842845256724E-17,0.17364817766693,0.984807753012208));
#2829=DIRECTION('center_axis',(-1.,-4.02158212363673E-16,3.51842845256725E-17));
#2830=DIRECTION('ref_axis',(4.02158212363673E-16,-0.984807753012208,0.17364817766693));
#2831=DIRECTION('',(4.02158212363673E-16,-0.984807753012208,0.17364817766693));
#2832=DIRECTION('',(3.51842845256724E-17,-0.17364817766693,-0.984807753012208));
#2833=DIRECTION('',(-4.02158212363673E-16,0.984807753012208,-0.17364817766693));
#2834=DIRECTION('',(-3.51842845256724E-17,0.17364817766693,0.984807753012208));
#2835=DIRECTION('center_axis',(3.51842845256724E-17,-0.17364817766693,-0.984807753012208));
#2836=DIRECTION('ref_axis',(-4.02158212363673E-16,0.984807753012208,-0.17364817766693));
#2837=DIRECTION('',(4.02158212363673E-16,-0.984807753012208,0.17364817766693));
#2838=DIRECTION('',(1.,4.02158212363673E-16,-3.51842845256725E-17));
#2839=DIRECTION('',(-1.,-4.02158212363673E-16,3.51842845256725E-17));
#2840=DIRECTION('center_axis',(1.,4.02158212363673E-16,-3.51842845256725E-17));
#2841=DIRECTION('ref_axis',(-4.02158212363673E-16,0.984807753012208,-0.17364817766693));
#2842=DIRECTION('',(3.51842845256724E-17,-0.17364817766693,-0.984807753012208));
#2843=DIRECTION('',(-4.02158212363673E-16,0.984807753012208,-0.17364817766693));
#2844=DIRECTION('',(-3.51842845256724E-17,0.17364817766693,0.984807753012208));
#2845=DIRECTION('center_axis',(4.02158212363673E-16,-0.984807753012208,
0.17364817766693));
#2846=DIRECTION('ref_axis',(1.,4.02158212363673E-16,-3.51842845256725E-17));
#2847=DIRECTION('center_axis',(4.02158212363673E-16,-0.984807753012208,
0.17364817766693));
#2848=DIRECTION('ref_axis',(1.,4.02158212363673E-16,-3.51842845256725E-17));
#2849=DIRECTION('',(-4.02158212363673E-16,0.984807753012208,-0.17364817766693));
#2850=DIRECTION('center_axis',(-4.02158212363673E-16,0.984807753012208,
-0.17364817766693));
#2851=DIRECTION('ref_axis',(1.,4.02158212363673E-16,-3.51842845256725E-17));
#2852=DIRECTION('center_axis',(4.02158212363673E-16,-0.984807753012208,
0.17364817766693));
#2853=DIRECTION('ref_axis',(1.,4.02158212363673E-16,-3.51842845256725E-17));
#2854=DIRECTION('',(-3.51842845256724E-17,0.17364817766693,0.984807753012208));
#2855=DIRECTION('center_axis',(-4.02158212363673E-16,0.984807753012208,
-0.17364817766693));
#2856=DIRECTION('ref_axis',(1.,4.02158212363673E-16,-3.51842845256725E-17));
#2857=DIRECTION('center_axis',(-4.02158212363673E-16,0.984807753012208,
-0.17364817766693));
#2858=DIRECTION('ref_axis',(1.,4.02158212363673E-16,-3.51842845256725E-17));
#2859=DIRECTION('',(-1.,-4.02158212363673E-16,3.51842845256725E-17));
#2860=DIRECTION('center_axis',(-4.02158212363673E-16,0.984807753012208,
-0.17364817766693));
#2861=DIRECTION('ref_axis',(1.,4.02158212363673E-16,-3.51842845256725E-17));
#2862=DIRECTION('center_axis',(-4.02158212363673E-16,0.984807753012208,
-0.17364817766693));
#2863=DIRECTION('ref_axis',(1.,4.02158212363673E-16,-3.51842845256725E-17));
#2864=DIRECTION('',(3.51842845256724E-17,-0.17364817766693,-0.984807753012208));
#2865=DIRECTION('',(-1.,-4.02158212363673E-16,3.51842845256725E-17));
#2866=DIRECTION('',(3.51842845256724E-17,-0.17364817766693,-0.984807753012208));
#2867=DIRECTION('center_axis',(4.02158212363673E-16,-0.984807753012208,
0.17364817766693));
#2868=DIRECTION('ref_axis',(1.,4.02158212363673E-16,-3.51842845256725E-17));
#2869=DIRECTION('',(-3.51842845256724E-17,0.17364817766693,0.984807753012208));
#2870=DIRECTION('center_axis',(-4.02158212363673E-16,0.984807753012208,
-0.17364817766693));
#2871=DIRECTION('ref_axis',(1.,4.02158212363673E-16,-3.51842845256725E-17));
#2872=DIRECTION('',(-3.51842845256724E-17,0.17364817766693,0.984807753012208));
#2873=DIRECTION('',(0.703471342509621,-0.123415862200361,-0.699926135549354));
#2874=DIRECTION('',(-0.703471342509621,-0.123415862200362,-0.699926135549354));
#2875=DIRECTION('center_axis',(-4.02158212363673E-16,0.984807753012208,
-0.17364817766693));
#2876=DIRECTION('ref_axis',(1.,4.02158212363673E-16,-3.51842845256725E-17));
#2877=DIRECTION('center_axis',(-4.02158212363673E-16,0.984807753012208,
-0.17364817766693));
#2878=DIRECTION('ref_axis',(1.,4.02158212363673E-16,-3.51842845256725E-17));
#2879=DIRECTION('center_axis',(-4.02158212363673E-16,0.984807753012208,
-0.17364817766693));
#2880=DIRECTION('ref_axis',(1.,4.02158212363673E-16,-3.51842845256725E-17));
#2881=DIRECTION('',(1.,4.02158212363673E-16,-3.51842845256725E-17));
#2882=DIRECTION('center_axis',(-4.02158212363673E-16,0.984807753012208,
-0.17364817766693));
#2883=DIRECTION('ref_axis',(1.,4.02158212363673E-16,-3.51842845256725E-17));
#2884=DIRECTION('center_axis',(-4.02158212363673E-16,0.984807753012208,
-0.17364817766693));
#2885=DIRECTION('ref_axis',(1.,4.02158212363673E-16,-3.51842845256725E-17));
#2886=DIRECTION('center_axis',(-4.02158212363673E-16,0.984807753012208,
-0.17364817766693));
#2887=DIRECTION('ref_axis',(1.,4.02158212363673E-16,-3.51842845256725E-17));
#2888=DIRECTION('',(-0.703471342509621,0.123415862200361,0.699926135549354));
#2889=DIRECTION('',(0.703471342509621,0.123415862200362,0.699926135549354));
#2890=DIRECTION('center_axis',(4.02158212363673E-16,-0.984807753012208,
0.17364817766693));
#2891=DIRECTION('ref_axis',(1.,4.02158212363673E-16,-3.51842845256725E-17));
#2892=DIRECTION('',(-0.703471342509621,0.123415862200361,0.699926135549354));
#2893=DIRECTION('',(1.,4.02158212363673E-16,-3.51842845256725E-17));
#2894=DIRECTION('',(-0.703471342509621,-0.123415862200362,-0.699926135549354));
#2895=DIRECTION('',(0.703471342509621,-0.123415862200361,-0.699926135549354));
#2896=DIRECTION('',(-1.,-4.02158212363673E-16,3.51842845256725E-17));
#2897=DIRECTION('',(0.703471342509621,0.123415862200362,0.699926135549354));
#2898=DIRECTION('center_axis',(1.,4.02158212363673E-16,-3.51842845256725E-17));
#2899=DIRECTION('ref_axis',(-4.02158212363673E-16,0.984807753012208,-0.17364817766693));
#2900=DIRECTION('',(-4.02158212363673E-16,0.984807753012208,-0.17364817766693));
#2901=DIRECTION('',(4.02158212363673E-16,-0.984807753012208,0.17364817766693));
#2902=DIRECTION('',(-3.51842845256724E-17,0.17364817766693,0.984807753012208));
#2903=DIRECTION('center_axis',(3.51842845256724E-17,-0.17364817766693,-0.984807753012208));
#2904=DIRECTION('ref_axis',(-4.02158212363673E-16,0.984807753012208,-0.17364817766693));
#2905=DIRECTION('',(4.02158212363673E-16,-0.984807753012208,0.17364817766693));
#2906=DIRECTION('',(1.,4.02158212363673E-16,-3.51842845256725E-17));
#2907=DIRECTION('center_axis',(-1.,-4.02158212363673E-16,3.51842845256725E-17));
#2908=DIRECTION('ref_axis',(4.02158212363673E-16,-0.984807753012208,0.17364817766693));
#2909=DIRECTION('',(4.02158212363673E-16,-0.984807753012208,0.17364817766693));
#2910=DIRECTION('',(3.51842845256724E-17,-0.17364817766693,-0.984807753012208));
#2911=DIRECTION('',(-4.02158212363673E-16,0.984807753012208,-0.17364817766693));
#2912=DIRECTION('center_axis',(1.,4.02158212363673E-16,-3.51842845256725E-17));
#2913=DIRECTION('ref_axis',(4.02158212363673E-16,-0.984807753012208,0.17364817766693));
#2914=DIRECTION('',(-4.02158212363673E-16,0.984807753012208,-0.17364817766693));
#2915=DIRECTION('',(-3.51842845256724E-17,0.17364817766693,0.984807753012208));
#2916=DIRECTION('center_axis',(4.02158212363673E-16,-0.984807753012208,
0.17364817766693));
#2917=DIRECTION('ref_axis',(1.,4.02158212363673E-16,-3.51842845256725E-17));
#2918=DIRECTION('center_axis',(-4.02158212363673E-16,0.984807753012208,
-0.17364817766693));
#2919=DIRECTION('ref_axis',(1.,4.02158212363673E-16,-3.51842845256725E-17));
#2920=DIRECTION('center_axis',(-4.02158212363673E-16,0.984807753012208,
-0.17364817766693));
#2921=DIRECTION('ref_axis',(1.,4.02158212363673E-16,-3.51842845256725E-17));
#2922=DIRECTION('center_axis',(4.02158212363673E-16,-0.984807753012208,
0.17364817766693));
#2923=DIRECTION('ref_axis',(1.,4.02158212363673E-16,-3.51842845256725E-17));
#2924=DIRECTION('center_axis',(-4.02158212363673E-16,0.984807753012208,
-0.17364817766693));
#2925=DIRECTION('ref_axis',(1.,4.02158212363673E-16,-3.51842845256725E-17));
#2926=DIRECTION('center_axis',(4.02158212363673E-16,-0.984807753012208,
0.17364817766693));
#2927=DIRECTION('ref_axis',(1.,4.02158212363673E-16,-3.51842845256725E-17));
#2928=DIRECTION('center_axis',(-4.02158212363673E-16,0.984807753012208,
-0.17364817766693));
#2929=DIRECTION('ref_axis',(1.,4.02158212363673E-16,-3.51842845256725E-17));
#2930=DIRECTION('',(1.,4.02158212363673E-16,-3.51842845256725E-17));
#2931=DIRECTION('center_axis',(-4.02158212363673E-16,0.984807753012208,
-0.17364817766693));
#2932=DIRECTION('ref_axis',(1.,4.02158212363673E-16,-3.51842845256725E-17));
#2933=DIRECTION('center_axis',(4.02158212363673E-16,-0.984807753012208,
0.17364817766693));
#2934=DIRECTION('ref_axis',(1.,4.02158212363673E-16,-3.51842845256725E-17));
#2935=DIRECTION('center_axis',(-4.02158212363673E-16,0.984807753012208,
-0.17364817766693));
#2936=DIRECTION('ref_axis',(1.,4.02158212363673E-16,-3.51842845256725E-17));
#2937=DIRECTION('center_axis',(4.02158212363673E-16,-0.984807753012208,
0.17364817766693));
#2938=DIRECTION('ref_axis',(1.,4.02158212363673E-16,-3.51842845256725E-17));
#2939=DIRECTION('',(0.981165571142485,0.0335433816555132,0.190233970551408));
#2940=DIRECTION('center_axis',(-4.02158212363673E-16,0.984807753012208,
-0.17364817766693));
#2941=DIRECTION('ref_axis',(1.,4.02158212363673E-16,-3.51842845256725E-17));
#2942=DIRECTION('',(1.,4.02158212363673E-16,-3.51842845256725E-17));
#2943=DIRECTION('center_axis',(-4.02158212363673E-16,0.984807753012208,
-0.17364817766693));
#2944=DIRECTION('ref_axis',(1.,4.02158212363673E-16,-3.51842845256725E-17));
#2945=DIRECTION('',(0.33055120319834,-0.16388707671044,-0.929449798618213));
#2946=DIRECTION('center_axis',(-4.02158212363673E-16,0.984807753012208,
-0.17364817766693));
#2947=DIRECTION('ref_axis',(1.,4.02158212363673E-16,-3.51842845256725E-17));
#2948=DIRECTION('',(-0.330551203198339,-0.16388707671044,-0.929449798618213));
#2949=DIRECTION('center_axis',(-4.02158212363673E-16,0.984807753012208,
-0.17364817766693));
#2950=DIRECTION('ref_axis',(1.,4.02158212363673E-16,-3.51842845256725E-17));
#2951=DIRECTION('',(-1.,-4.02158212363673E-16,3.51842845256725E-17));
#2952=DIRECTION('center_axis',(-4.02158212363673E-16,0.984807753012208,
-0.17364817766693));
#2953=DIRECTION('ref_axis',(1.,4.02158212363673E-16,-3.51842845256725E-17));
#2954=DIRECTION('',(-0.874467120167326,0.0842340902014056,0.477715264351272));
#2955=DIRECTION('center_axis',(-4.02158212363673E-16,0.984807753012208,
-0.17364817766693));
#2956=DIRECTION('ref_axis',(1.,4.02158212363673E-16,-3.51842845256725E-17));
#2957=DIRECTION('',(-1.,-4.02158212363673E-16,3.51842845256725E-17));
#2958=DIRECTION('center_axis',(-4.02158212363673E-16,0.984807753012208,
-0.17364817766693));
#2959=DIRECTION('ref_axis',(1.,4.02158212363673E-16,-3.51842845256725E-17));
#2960=DIRECTION('center_axis',(-4.02158212363673E-16,0.984807753012208,
-0.17364817766693));
#2961=DIRECTION('ref_axis',(1.,4.02158212363673E-16,-3.51842845256725E-17));
#2962=DIRECTION('',(-0.703471342509621,-0.123415862200362,-0.699926135549354));
#2963=DIRECTION('',(0.703471342509621,-0.123415862200361,-0.699926135549354));
#2964=DIRECTION('center_axis',(4.02158212363673E-16,-0.984807753012208,
0.17364817766693));
#2965=DIRECTION('ref_axis',(1.,4.02158212363673E-16,-3.51842845256725E-17));
#2966=DIRECTION('center_axis',(-4.02158212363673E-16,0.984807753012208,
-0.17364817766693));
#2967=DIRECTION('ref_axis',(1.,4.02158212363673E-16,-3.51842845256725E-17));
#2968=DIRECTION('',(3.51842845256724E-17,-0.17364817766693,-0.984807753012208));
#2969=DIRECTION('center_axis',(-4.02158212363673E-16,0.984807753012208,
-0.17364817766693));
#2970=DIRECTION('ref_axis',(1.,4.02158212363673E-16,-3.51842845256725E-17));
#2971=DIRECTION('center_axis',(-4.02158212363673E-16,0.984807753012208,
-0.17364817766693));
#2972=DIRECTION('ref_axis',(1.,4.02158212363673E-16,-3.51842845256725E-17));
#2973=DIRECTION('',(0.874467120167326,-0.0842340902014056,-0.477715264351272));
#2974=DIRECTION('center_axis',(-4.02158212363673E-16,0.984807753012208,
-0.17364817766693));
#2975=DIRECTION('ref_axis',(1.,4.02158212363673E-16,-3.51842845256725E-17));
#2976=DIRECTION('',(-3.51842845256724E-17,0.17364817766693,0.984807753012208));
#2977=DIRECTION('center_axis',(-4.02158212363673E-16,0.984807753012208,
-0.17364817766693));
#2978=DIRECTION('ref_axis',(1.,4.02158212363673E-16,-3.51842845256725E-17));
#2979=DIRECTION('',(-0.981165571142485,-0.0335433816555132,-0.190233970551408));
#2980=DIRECTION('center_axis',(-4.02158212363673E-16,0.984807753012208,
-0.17364817766693));
#2981=DIRECTION('ref_axis',(1.,4.02158212363673E-16,-3.51842845256725E-17));
#2982=DIRECTION('',(3.51842845256724E-17,-0.17364817766693,-0.984807753012208));
#2983=DIRECTION('center_axis',(4.02158212363673E-16,-0.984807753012208,
0.17364817766693));
#2984=DIRECTION('ref_axis',(1.,4.02158212363673E-16,-3.51842845256725E-17));
#2985=DIRECTION('center_axis',(-4.02158212363673E-16,0.984807753012208,
-0.17364817766693));
#2986=DIRECTION('ref_axis',(1.,4.02158212363673E-16,-3.51842845256725E-17));
#2987=DIRECTION('center_axis',(4.02158212363673E-16,-0.984807753012208,
0.17364817766693));
#2988=DIRECTION('ref_axis',(1.,4.02158212363673E-16,-3.51842845256725E-17));
#2989=DIRECTION('',(0.703471342509621,0.123415862200362,0.699926135549354));
#2990=DIRECTION('',(-0.703471342509621,0.123415862200361,0.699926135549354));
#2991=DIRECTION('center_axis',(-4.02158212363673E-16,0.984807753012208,
-0.17364817766693));
#2992=DIRECTION('ref_axis',(1.,4.02158212363673E-16,-3.51842845256725E-17));
#2993=DIRECTION('',(0.989831839655011,-0.0247001511552905,-0.140081518188811));
#2994=DIRECTION('',(-0.774377884267697,0.109871264203904,0.623110903178015));
#2995=DIRECTION('',(-0.774377884267697,-0.109871264203904,-0.623110903178015));
#2996=DIRECTION('center_axis',(-4.02158212363673E-16,0.984807753012208,
-0.17364817766693));
#2997=DIRECTION('ref_axis',(1.,4.02158212363673E-16,-3.51842845256725E-17));
#2998=DIRECTION('',(1.,4.02158212363673E-16,-3.51842845256725E-17));
#2999=DIRECTION('center_axis',(-4.02158212363673E-16,0.984807753012208,
-0.17364817766693));
#3000=DIRECTION('ref_axis',(1.,4.02158212363673E-16,-3.51842845256725E-17));
#3001=DIRECTION('',(0.774377884267697,0.109871264203904,0.623110903178015));
#3002=DIRECTION('',(-0.774377884267697,0.109871264203904,0.623110903178015));
#3003=DIRECTION('',(3.51842845256724E-17,-0.17364817766693,-0.984807753012208));
#3004=DIRECTION('',(0.774377884267697,0.109871264203904,0.623110903178015));
#3005=DIRECTION('',(-1.,-4.02158212363673E-16,3.51842845256725E-17));
#3006=DIRECTION('',(0.774377884267697,-0.109871264203904,-0.623110903178015));
#3007=DIRECTION('',(0.774377884267697,-0.109871264203904,-0.623110903178015));
#3008=DIRECTION('',(-3.51842845256724E-17,0.17364817766693,0.984807753012208));
#3009=DIRECTION('',(-0.774377884267697,-0.109871264203904,-0.623110903178015));
#3010=DIRECTION('',(-0.703471342509621,-0.123415862200362,-0.699926135549354));
#3011=DIRECTION('',(1.,4.02158212363673E-16,-3.51842845256725E-17));
#3012=DIRECTION('',(-0.703471342509621,0.123415862200361,0.699926135549354));
#3013=DIRECTION('',(0.703471342509621,0.123415862200362,0.699926135549354));
#3014=DIRECTION('',(-1.,-4.02158212363673E-16,3.51842845256725E-17));
#3015=DIRECTION('',(0.703471342509621,-0.123415862200361,-0.699926135549354));
#3016=DIRECTION('center_axis',(-4.02158212363673E-16,0.984807753012208,
-0.17364817766693));
#3017=DIRECTION('ref_axis',(1.,4.02158212363673E-16,-3.51842845256725E-17));
#3018=DIRECTION('',(-0.33055120319834,0.16388707671044,0.929449798618213));
#3019=DIRECTION('',(3.51842845256724E-17,-0.17364817766693,-0.984807753012208));
#3020=DIRECTION('',(0.330551203198339,0.16388707671044,0.929449798618213));
#3021=DIRECTION('center_axis',(4.02158212363673E-16,-0.984807753012208,
0.17364817766693));
#3022=DIRECTION('ref_axis',(1.,4.02158212363673E-16,-3.51842845256725E-17));
#3023=DIRECTION('center_axis',(4.02158212363673E-16,-0.984807753012208,
0.17364817766693));
#3024=DIRECTION('ref_axis',(1.,4.02158212363673E-16,-3.51842845256725E-17));
#3025=DIRECTION('center_axis',(4.02158212363673E-16,-0.984807753012208,
0.17364817766693));
#3026=DIRECTION('ref_axis',(1.,4.02158212363673E-16,-3.51842845256725E-17));
#3027=DIRECTION('center_axis',(4.02158212363673E-16,-0.984807753012208,
0.17364817766693));
#3028=DIRECTION('ref_axis',(1.,4.02158212363673E-16,-3.51842845256725E-17));
#3029=DIRECTION('',(-4.02158212363673E-16,0.984807753012208,-0.17364817766693));
#3030=DIRECTION('center_axis',(4.02158212363673E-16,-0.984807753012208,
0.17364817766693));
#3031=DIRECTION('ref_axis',(-0.196116135138185,-0.170276047389136,-0.965683451874367));
#3032=DIRECTION('',(4.02158212363673E-16,-0.984807753012208,0.17364817766693));
#3033=DIRECTION('',(-4.02158212363673E-16,0.984807753012208,-0.17364817766693));
#3034=DIRECTION('center_axis',(-4.02158212363673E-16,0.984807753012208,
-0.17364817766693));
#3035=DIRECTION('ref_axis',(1.,4.02158212363673E-16,-3.51842845256725E-17));
#3036=DIRECTION('',(-4.02158212363673E-16,0.984807753012208,-0.17364817766693));
#3037=DIRECTION('center_axis',(4.02158212363673E-16,-0.984807753012208,
0.17364817766693));
#3038=DIRECTION('ref_axis',(1.,4.02158212363673E-16,-3.51842845256725E-17));
#3039=DIRECTION('',(4.02158212363673E-16,-0.984807753012208,0.17364817766693));
#3040=DIRECTION('center_axis',(4.02158212363673E-16,-0.984807753012208,
0.17364817766693));
#3041=DIRECTION('ref_axis',(1.,4.02158212363673E-16,-3.51842845256725E-17));
#3042=DIRECTION('',(4.02158212363673E-16,-0.984807753012208,0.17364817766693));
#3043=DIRECTION('',(-4.02158212363673E-16,0.984807753012208,-0.17364817766693));
#3044=DIRECTION('center_axis',(4.02158212363673E-16,-0.984807753012208,
0.17364817766693));
#3045=DIRECTION('ref_axis',(1.,4.02158212363673E-16,-3.51842845256725E-17));
#3046=DIRECTION('center_axis',(-4.02158212363673E-16,0.984807753012208,
-0.17364817766693));
#3047=DIRECTION('ref_axis',(-1.,-4.02158212363673E-16,3.51842845256725E-17));
#3048=DIRECTION('center_axis',(-4.02158212363673E-16,0.984807753012208,
-0.17364817766693));
#3049=DIRECTION('ref_axis',(1.,4.02158212363673E-16,-3.51842845256725E-17));
#3050=DIRECTION('center_axis',(-4.02158212363673E-16,0.984807753012208,
-0.17364817766693));
#3051=DIRECTION('ref_axis',(1.,4.02158212363673E-16,-3.51842845256725E-17));
#3052=DIRECTION('center_axis',(4.02158212363673E-16,-0.984807753012208,
0.17364817766693));
#3053=DIRECTION('ref_axis',(1.,4.02158212363673E-16,-3.51842845256725E-17));
#3054=DIRECTION('center_axis',(4.02158212363673E-16,-0.984807753012208,
0.17364817766693));
#3055=DIRECTION('ref_axis',(1.,4.02158212363673E-16,-3.51842845256725E-17));
#3056=DIRECTION('center_axis',(4.02158212363673E-16,-0.984807753012208,
0.17364817766693));
#3057=DIRECTION('ref_axis',(1.,4.02158212363673E-16,-3.51842845256725E-17));
#3058=DIRECTION('center_axis',(4.02158212363673E-16,-0.984807753012208,
0.17364817766693));
#3059=DIRECTION('ref_axis',(1.,4.02158212363673E-16,-3.51842845256725E-17));
#3060=DIRECTION('center_axis',(4.02158212363673E-16,-0.984807753012208,
0.17364817766693));
#3061=DIRECTION('ref_axis',(1.,4.02158212363673E-16,-3.51842845256725E-17));
#3062=DIRECTION('',(-4.02158212363673E-16,0.984807753012208,-0.17364817766693));
#3063=DIRECTION('center_axis',(4.02158212363673E-16,-0.984807753012208,
0.17364817766693));
#3064=DIRECTION('ref_axis',(1.,4.02158212363673E-16,-3.51842845256725E-17));
#3065=DIRECTION('',(0.981165571142485,0.0335433816555132,0.190233970551408));
#3066=DIRECTION('center_axis',(-4.02158212363673E-16,0.984807753012208,
-0.17364817766693));
#3067=DIRECTION('ref_axis',(1.,4.02158212363673E-16,-3.51842845256725E-17));
#3068=DIRECTION('center_axis',(-4.02158212363673E-16,0.984807753012208,
-0.17364817766693));
#3069=DIRECTION('ref_axis',(1.,4.02158212363673E-16,-3.51842845256725E-17));
#3070=DIRECTION('',(-0.981165571142485,-0.0335433816555132,-0.190233970551408));
#3071=DIRECTION('center_axis',(-4.02158212363673E-16,0.984807753012208,
-0.17364817766693));
#3072=DIRECTION('ref_axis',(1.,4.02158212363673E-16,-3.51842845256725E-17));
#3073=DIRECTION('center_axis',(-4.02158212363673E-16,0.984807753012208,
-0.17364817766693));
#3074=DIRECTION('ref_axis',(1.,4.02158212363673E-16,-3.51842845256725E-17));
#3075=DIRECTION('center_axis',(-0.193168636182589,0.170377613418425,0.96625946144977));
#3076=DIRECTION('ref_axis',(4.02158212363673E-16,-0.984807753012208,0.17364817766693));
#3077=DIRECTION('',(4.02158212363673E-16,-0.984807753012208,0.17364817766693));
#3078=DIRECTION('center_axis',(4.02158212363673E-16,-0.984807753012208,
0.17364817766693));
#3079=DIRECTION('ref_axis',(-0.19611613513768,0.170276047389153,0.965683451874467));
#3080=DIRECTION('',(-4.02158212363673E-16,0.984807753012208,-0.17364817766693));
#3081=DIRECTION('',(-4.02158212363673E-16,0.984807753012208,-0.17364817766693));
#3082=DIRECTION('center_axis',(4.02158212363673E-16,-0.984807753012208,
0.17364817766693));
#3083=DIRECTION('ref_axis',(1.,4.02158212363673E-16,-3.51842845256725E-17));
#3084=DIRECTION('',(4.02158212363673E-16,-0.984807753012208,0.17364817766693));
#3085=DIRECTION('center_axis',(4.02158212363673E-16,-0.984807753012208,
0.17364817766693));
#3086=DIRECTION('ref_axis',(-0.940086665613809,-0.059202839985117,-0.335755990077328));
#3087=DIRECTION('',(-4.02158212363673E-16,0.984807753012208,-0.17364817766693));
#3088=DIRECTION('center_axis',(4.02158212363673E-16,-0.984807753012208,
0.17364817766693));
#3089=DIRECTION('ref_axis',(-0.196116135138184,-0.170276047389136,-0.965683451874368));
#3090=DIRECTION('',(-4.02158212363673E-16,0.984807753012208,-0.17364817766693));
#3091=DIRECTION('center_axis',(4.02158212363673E-16,-0.984807753012208,
0.17364817766693));
#3092=DIRECTION('ref_axis',(1.,4.02158212363673E-16,-3.51842845256725E-17));
#3093=DIRECTION('',(4.02158212363673E-16,-0.984807753012208,0.17364817766693));
#3094=DIRECTION('center_axis',(4.02158212363673E-16,-0.984807753012208,
0.17364817766693));
#3095=DIRECTION('ref_axis',(1.,4.02158212363673E-16,-3.51842845256725E-17));
#3096=DIRECTION('',(4.02158212363673E-16,-0.984807753012208,0.17364817766693));
#3097=DIRECTION('',(-4.02158212363673E-16,0.984807753012208,-0.17364817766693));
#3098=DIRECTION('center_axis',(4.02158212363673E-16,-0.984807753012208,
0.17364817766693));
#3099=DIRECTION('ref_axis',(1.,4.02158212363673E-16,-3.51842845256725E-17));
#3100=DIRECTION('center_axis',(4.02158212363673E-16,-0.984807753012208,
0.17364817766693));
#3101=DIRECTION('ref_axis',(1.,4.02158212363673E-16,-3.51842845256725E-17));
#3102=DIRECTION('center_axis',(4.02158212363673E-16,-0.984807753012208,
0.17364817766693));
#3103=DIRECTION('ref_axis',(1.,4.02158212363673E-16,-3.51842845256725E-17));
#3104=DIRECTION('',(4.02158212363673E-16,-0.984807753012208,0.17364817766693));
#3105=DIRECTION('center_axis',(4.02158212363673E-16,-0.984807753012208,
0.17364817766693));
#3106=DIRECTION('ref_axis',(1.,4.02158212363673E-16,-3.51842845256725E-17));
#3107=DIRECTION('center_axis',(4.02158212363673E-16,-0.984807753012208,
0.17364817766693));
#3108=DIRECTION('ref_axis',(1.,4.02158212363673E-16,-3.51842845256725E-17));
#3109=DIRECTION('center_axis',(4.02158212363673E-16,-0.984807753012208,
0.17364817766693));
#3110=DIRECTION('ref_axis',(1.,4.02158212363673E-16,-3.51842845256725E-17));
#3111=DIRECTION('center_axis',(4.02158212363673E-16,-0.984807753012208,
0.17364817766693));
#3112=DIRECTION('ref_axis',(1.,4.02158212363673E-16,-3.51842845256725E-17));
#3113=DIRECTION('',(-4.02158212363673E-16,0.984807753012208,-0.17364817766693));
#3114=DIRECTION('center_axis',(4.02158212363673E-16,-0.984807753012208,
0.17364817766693));
#3115=DIRECTION('ref_axis',(-0.196116135137681,0.170276047389153,0.965683451874467));
#3116=DIRECTION('',(-4.02158212363673E-16,0.984807753012208,-0.17364817766693));
#3117=DIRECTION('center_axis',(4.02158212363673E-16,-0.984807753012208,
0.17364817766693));
#3118=DIRECTION('ref_axis',(1.,4.02158212363673E-16,-3.51842845256725E-17));
#3119=DIRECTION('',(4.02158212363673E-16,-0.984807753012208,0.17364817766693));
#3120=DIRECTION('',(4.02158212363673E-16,-0.984807753012208,0.17364817766693));
#3121=DIRECTION('center_axis',(-4.02158212363673E-16,0.984807753012208,
-0.17364817766693));
#3122=DIRECTION('ref_axis',(-1.,-4.02158212363673E-16,3.51842845256725E-17));
#3123=DIRECTION('center_axis',(-4.02158212363673E-16,0.984807753012208,
-0.17364817766693));
#3124=DIRECTION('ref_axis',(1.,4.02158212363673E-16,-3.51842845256725E-17));
#3125=DIRECTION('center_axis',(-4.02158212363673E-16,0.984807753012208,
-0.17364817766693));
#3126=DIRECTION('ref_axis',(1.,4.02158212363673E-16,-3.51842845256725E-17));
#3127=DIRECTION('center_axis',(4.02158212363673E-16,-0.984807753012208,
0.17364817766693));
#3128=DIRECTION('ref_axis',(1.,4.02158212363673E-16,-3.51842845256725E-17));
#3129=DIRECTION('',(-4.02158212363673E-16,0.984807753012208,-0.17364817766693));
#3130=DIRECTION('center_axis',(4.02158212363673E-16,-0.984807753012208,
0.17364817766693));
#3131=DIRECTION('ref_axis',(1.,4.02158212363673E-16,-3.51842845256725E-17));
#3132=DIRECTION('',(4.02158212363673E-16,-0.984807753012208,0.17364817766693));
#3133=DIRECTION('',(4.02158212363673E-16,-0.984807753012208,0.17364817766693));
#3134=DIRECTION('center_axis',(4.02158212363673E-16,-0.984807753012208,
0.17364817766693));
#3135=DIRECTION('ref_axis',(1.,4.02158212363673E-16,-3.51842845256725E-17));
#3136=DIRECTION('',(-4.02158212363673E-16,0.984807753012208,-0.17364817766693));
#3137=DIRECTION('center_axis',(4.02158212363673E-16,-0.984807753012208,
0.17364817766693));
#3138=DIRECTION('ref_axis',(1.,4.02158212363673E-16,-3.51842845256725E-17));
#3139=DIRECTION('',(4.02158212363673E-16,-0.984807753012208,0.17364817766693));
#3140=DIRECTION('',(-4.02158212363673E-16,0.984807753012208,-0.17364817766693));
#3141=DIRECTION('center_axis',(-4.02158212363673E-16,0.984807753012208,
-0.17364817766693));
#3142=DIRECTION('ref_axis',(1.,4.02158212363673E-16,-3.51842845256725E-17));
#3143=DIRECTION('',(4.02158212363673E-16,-0.984807753012208,0.17364817766693));
#3144=DIRECTION('center_axis',(-4.02158212363673E-16,0.984807753012208,
-0.17364817766693));
#3145=DIRECTION('ref_axis',(1.,4.02158212363673E-16,-3.51842845256725E-17));
#3146=DIRECTION('center_axis',(-0.710723624391163,-0.122156516667705,-0.692784032125381));
#3147=DIRECTION('ref_axis',(4.02158212363673E-16,-0.984807753012208,0.17364817766693));
#3148=DIRECTION('',(-4.02158212363673E-16,0.984807753012208,-0.17364817766693));
#3149=DIRECTION('center_axis',(-1.,-4.02158212363673E-16,3.51842845256725E-17));
#3150=DIRECTION('ref_axis',(4.02158212363673E-16,-0.984807753012208,0.17364817766693));
#3151=DIRECTION('center_axis',(4.02158212363673E-16,-0.984807753012208,
0.17364817766693));
#3152=DIRECTION('ref_axis',(1.,4.02158212363673E-16,-3.51842845256725E-17));
#3153=DIRECTION('',(4.02158212363673E-16,-0.984807753012208,0.17364817766693));
#3154=DIRECTION('center_axis',(-4.02158212363673E-16,0.984807753012208,
-0.17364817766693));
#3155=DIRECTION('ref_axis',(1.,4.02158212363673E-16,-3.51842845256725E-17));
#3156=DIRECTION('center_axis',(4.02158212363673E-16,-0.984807753012208,
0.17364817766693));
#3157=DIRECTION('ref_axis',(1.,4.02158212363673E-16,-3.51842845256725E-17));
#3158=DIRECTION('',(4.02158212363673E-16,-0.984807753012208,0.17364817766693));
#3159=DIRECTION('center_axis',(4.02158212363673E-16,-0.984807753012208,
0.17364817766693));
#3160=DIRECTION('ref_axis',(1.,4.02158212363673E-16,-3.51842845256725E-17));
#3161=DIRECTION('center_axis',(-4.02158212363673E-16,0.984807753012208,
-0.17364817766693));
#3162=DIRECTION('ref_axis',(1.,4.02158212363673E-16,-3.51842845256725E-17));
#3163=DIRECTION('',(4.02158212363673E-16,-0.984807753012208,0.17364817766693));
#3164=DIRECTION('center_axis',(-4.02158212363673E-16,0.984807753012208,
-0.17364817766693));
#3165=DIRECTION('ref_axis',(1.,4.02158212363673E-16,-3.51842845256725E-17));
#3166=DIRECTION('center_axis',(-4.02158212363673E-16,0.984807753012208,
-0.17364817766693));
#3167=DIRECTION('ref_axis',(-1.,-4.02158212363673E-16,3.51842845256725E-17));
#3168=DIRECTION('center_axis',(4.02158212363673E-16,-0.984807753012208,
0.17364817766693));
#3169=DIRECTION('ref_axis',(1.,4.02158212363673E-16,-3.51842845256725E-17));
#3170=DIRECTION('center_axis',(-4.02158212363673E-16,0.984807753012208,
-0.17364817766693));
#3171=DIRECTION('ref_axis',(1.,4.02158212363673E-16,-3.51842845256725E-17));
#3172=DIRECTION('',(4.02158212363673E-16,-0.984807753012208,0.17364817766693));
#3173=DIRECTION('center_axis',(-4.02158212363673E-16,0.984807753012208,
-0.17364817766693));
#3174=DIRECTION('ref_axis',(1.,4.02158212363673E-16,-3.51842845256725E-17));
#3175=DIRECTION('center_axis',(-4.02158212363673E-16,0.984807753012208,
-0.17364817766693));
#3176=DIRECTION('ref_axis',(-1.,-4.02158212363673E-16,3.51842845256725E-17));
#3177=DIRECTION('center_axis',(4.02158212363673E-16,-0.984807753012208,
0.17364817766693));
#3178=DIRECTION('ref_axis',(1.,4.02158212363673E-16,-3.51842845256725E-17));
#3179=DIRECTION('center_axis',(-4.02158212363673E-16,0.984807753012208,
-0.17364817766693));
#3180=DIRECTION('ref_axis',(1.,4.02158212363673E-16,-3.51842845256725E-17));
#3181=DIRECTION('',(4.02158212363673E-16,-0.984807753012208,0.17364817766693));
#3182=DIRECTION('center_axis',(-4.02158212363673E-16,0.984807753012208,
-0.17364817766693));
#3183=DIRECTION('ref_axis',(1.,4.02158212363673E-16,-3.51842845256725E-17));
#3184=DIRECTION('center_axis',(-4.02158212363673E-16,0.984807753012208,
-0.17364817766693));
#3185=DIRECTION('ref_axis',(-1.,-4.02158212363673E-16,3.51842845256725E-17));
#3186=DIRECTION('center_axis',(4.02158212363673E-16,-0.984807753012208,
0.17364817766693));
#3187=DIRECTION('ref_axis',(1.,4.02158212363673E-16,-3.51842845256725E-17));
#3188=DIRECTION('center_axis',(-4.02158212363673E-16,0.984807753012208,
-0.17364817766693));
#3189=DIRECTION('ref_axis',(1.,4.02158212363673E-16,-3.51842845256725E-17));
#3190=DIRECTION('',(4.02158212363673E-16,-0.984807753012208,0.17364817766693));
#3191=DIRECTION('center_axis',(-4.02158212363673E-16,0.984807753012208,
-0.17364817766693));
#3192=DIRECTION('ref_axis',(1.,4.02158212363673E-16,-3.51842845256725E-17));
#3193=DIRECTION('center_axis',(-4.02158212363673E-16,0.984807753012208,
-0.17364817766693));
#3194=DIRECTION('ref_axis',(-1.,-4.02158212363673E-16,3.51842845256725E-17));
#3195=DIRECTION('center_axis',(-4.02158212363673E-16,0.984807753012208,
-0.17364817766693));
#3196=DIRECTION('ref_axis',(-1.,-4.02158212363673E-16,3.51842845256725E-17));
#3197=DIRECTION('center_axis',(-4.02158212363673E-16,0.984807753012208,
-0.17364817766693));
#3198=DIRECTION('ref_axis',(1.,4.02158212363673E-16,-3.51842845256725E-17));
#3199=DIRECTION('center_axis',(-4.02158212363673E-16,0.984807753012208,
-0.17364817766693));
#3200=DIRECTION('ref_axis',(1.,4.02158212363673E-16,-3.51842845256725E-17));
#3201=DIRECTION('center_axis',(4.02158212363673E-16,-0.984807753012208,
0.17364817766693));
#3202=DIRECTION('ref_axis',(1.,4.02158212363673E-16,-3.51842845256725E-17));
#3203=DIRECTION('center_axis',(4.02158212363673E-16,-0.984807753012208,
0.17364817766693));
#3204=DIRECTION('ref_axis',(1.,4.02158212363673E-16,-3.51842845256725E-17));
#3205=DIRECTION('',(-4.02158212363673E-16,0.984807753012208,-0.17364817766693));
#3206=DIRECTION('center_axis',(-4.02158212363673E-16,0.984807753012208,
-0.17364817766693));
#3207=DIRECTION('ref_axis',(-1.,-4.02158212363673E-16,3.51842845256725E-17));
#3208=DIRECTION('center_axis',(-4.02158212363673E-16,0.984807753012208,
-0.17364817766693));
#3209=DIRECTION('ref_axis',(1.,4.02158212363673E-16,-3.51842845256725E-17));
#3210=DIRECTION('center_axis',(-4.02158212363673E-16,0.984807753012208,
-0.17364817766693));
#3211=DIRECTION('ref_axis',(1.,4.02158212363673E-16,-3.51842845256725E-17));
#3212=DIRECTION('center_axis',(4.02158212363673E-16,-0.984807753012208,
0.17364817766693));
#3213=DIRECTION('ref_axis',(1.,4.02158212363673E-16,-3.51842845256725E-17));
#3214=DIRECTION('center_axis',(4.02158212363673E-16,-0.984807753012208,
0.17364817766693));
#3215=DIRECTION('ref_axis',(1.,4.02158212363673E-16,-3.51842845256725E-17));
#3216=DIRECTION('',(-4.02158212363673E-16,0.984807753012208,-0.17364817766693));
#3217=DIRECTION('center_axis',(-4.02158212363673E-16,0.984807753012208,
-0.17364817766693));
#3218=DIRECTION('ref_axis',(-1.,-4.02158212363673E-16,3.51842845256725E-17));
#3219=DIRECTION('center_axis',(-4.02158212363673E-16,0.984807753012208,
-0.17364817766693));
#3220=DIRECTION('ref_axis',(1.,4.02158212363673E-16,-3.51842845256725E-17));
#3221=DIRECTION('center_axis',(-4.02158212363673E-16,0.984807753012208,
-0.17364817766693));
#3222=DIRECTION('ref_axis',(1.,4.02158212363673E-16,-3.51842845256725E-17));
#3223=DIRECTION('center_axis',(4.02158212363673E-16,-0.984807753012208,
0.17364817766693));
#3224=DIRECTION('ref_axis',(1.,4.02158212363673E-16,-3.51842845256725E-17));
#3225=DIRECTION('center_axis',(4.02158212363673E-16,-0.984807753012208,
0.17364817766693));
#3226=DIRECTION('ref_axis',(1.,4.02158212363673E-16,-3.51842845256725E-17));
#3227=DIRECTION('',(-4.02158212363673E-16,0.984807753012208,-0.17364817766693));
#3228=DIRECTION('center_axis',(-4.02158212363673E-16,0.984807753012208,
-0.17364817766693));
#3229=DIRECTION('ref_axis',(-1.,-4.02158212363673E-16,3.51842845256725E-17));
#3230=DIRECTION('center_axis',(-4.02158212363673E-16,0.984807753012208,
-0.17364817766693));
#3231=DIRECTION('ref_axis',(1.,4.02158212363673E-16,-3.51842845256725E-17));
#3232=DIRECTION('center_axis',(-4.02158212363673E-16,0.984807753012208,
-0.17364817766693));
#3233=DIRECTION('ref_axis',(1.,4.02158212363673E-16,-3.51842845256725E-17));
#3234=DIRECTION('center_axis',(4.02158212363673E-16,-0.984807753012208,
0.17364817766693));
#3235=DIRECTION('ref_axis',(1.,4.02158212363673E-16,-3.51842845256725E-17));
#3236=DIRECTION('center_axis',(4.02158212363673E-16,-0.984807753012208,
0.17364817766693));
#3237=DIRECTION('ref_axis',(1.,4.02158212363673E-16,-3.51842845256725E-17));
#3238=DIRECTION('',(-4.02158212363673E-16,0.984807753012208,-0.17364817766693));
#3239=DIRECTION('center_axis',(4.02158212363673E-16,-0.984807753012208,
0.17364817766693));
#3240=DIRECTION('ref_axis',(1.,4.02158212363673E-16,-3.51842845256725E-17));
#3241=DIRECTION('center_axis',(4.02158212363673E-16,-0.984807753012208,
0.17364817766693));
#3242=DIRECTION('ref_axis',(1.,4.02158212363673E-16,-3.51842845256725E-17));
#3243=DIRECTION('',(-4.02158212363673E-16,0.984807753012208,-0.17364817766693));
#3244=DIRECTION('center_axis',(-4.02158212363673E-16,0.984807753012208,
-0.17364817766693));
#3245=DIRECTION('ref_axis',(-1.,-4.02158212363673E-16,3.51842845256725E-17));
#3246=DIRECTION('center_axis',(-4.02158212363673E-16,0.984807753012208,
-0.17364817766693));
#3247=DIRECTION('ref_axis',(1.,4.02158212363673E-16,-3.51842845256725E-17));
#3248=DIRECTION('center_axis',(4.02158212363673E-16,-0.984807753012208,
0.17364817766693));
#3249=DIRECTION('ref_axis',(1.,4.02158212363673E-16,-3.51842845256725E-17));
#3250=DIRECTION('center_axis',(4.02158212363673E-16,-0.984807753012208,
0.17364817766693));
#3251=DIRECTION('ref_axis',(1.,4.02158212363673E-16,-3.51842845256725E-17));
#3252=DIRECTION('',(-4.02158212363673E-16,0.984807753012208,-0.17364817766693));
#3253=DIRECTION('center_axis',(-4.02158212363673E-16,0.984807753012208,
-0.17364817766693));
#3254=DIRECTION('ref_axis',(-1.,-4.02158212363673E-16,3.51842845256725E-17));
#3255=DIRECTION('center_axis',(-4.02158212363673E-16,0.984807753012208,
-0.17364817766693));
#3256=DIRECTION('ref_axis',(1.,4.02158212363673E-16,-3.51842845256725E-17));
#3257=DIRECTION('center_axis',(4.02158212363673E-16,-0.984807753012208,
0.17364817766693));
#3258=DIRECTION('ref_axis',(1.,4.02158212363673E-16,-3.51842845256725E-17));
#3259=DIRECTION('center_axis',(4.02158212363673E-16,-0.984807753012208,
0.17364817766693));
#3260=DIRECTION('ref_axis',(1.,4.02158212363673E-16,-3.51842845256725E-17));
#3261=DIRECTION('',(-4.02158212363673E-16,0.984807753012208,-0.17364817766693));
#3262=DIRECTION('center_axis',(4.02158212363673E-16,-0.984807753012208,
0.17364817766693));
#3263=DIRECTION('ref_axis',(1.,4.02158212363673E-16,-3.51842845256725E-17));
#3264=DIRECTION('center_axis',(4.02158212363673E-16,-0.984807753012208,
0.17364817766693));
#3265=DIRECTION('ref_axis',(1.,4.02158212363673E-16,-3.51842845256725E-17));
#3266=DIRECTION('',(-4.02158212363673E-16,0.984807753012208,-0.17364817766693));
#3267=DIRECTION('center_axis',(4.02158212363673E-16,-0.984807753012208,
0.17364817766693));
#3268=DIRECTION('ref_axis',(1.,4.02158212363673E-16,-3.51842845256725E-17));
#3269=DIRECTION('',(4.02158212363673E-16,-0.984807753012208,0.17364817766693));
#3270=DIRECTION('center_axis',(4.02158212363673E-16,-0.984807753012208,
0.17364817766693));
#3271=DIRECTION('ref_axis',(1.,4.02158212363673E-16,-3.51842845256725E-17));
#3272=DIRECTION('center_axis',(4.02158212363673E-16,-0.984807753012208,
0.17364817766693));
#3273=DIRECTION('ref_axis',(1.,4.02158212363673E-16,-3.51842845256725E-17));
#3274=DIRECTION('center_axis',(4.02158212363673E-16,-0.984807753012208,
0.17364817766693));
#3275=DIRECTION('ref_axis',(0.249576080688482,0.168153114611142,0.953643701806261));
#3276=DIRECTION('center_axis',(4.02158212363673E-16,-0.984807753012208,
0.17364817766693));
#3277=DIRECTION('ref_axis',(-0.296433101010077,0.165843320646336,0.940544209286595));
#3278=DIRECTION('',(-4.02158212363673E-16,0.984807753012208,-0.17364817766693));
#3279=DIRECTION('center_axis',(4.02158212363673E-16,-0.984807753012208,
0.17364817766693));
#3280=DIRECTION('ref_axis',(1.,4.02158212363673E-16,-3.51842845256725E-17));
#3281=DIRECTION('',(4.02158212363673E-16,-0.984807753012208,0.17364817766693));
#3282=DIRECTION('center_axis',(3.51842845256724E-17,-0.17364817766693,-0.984807753012208));
#3283=DIRECTION('ref_axis',(-4.02158212363673E-16,0.984807753012208,-0.17364817766693));
#3284=DIRECTION('',(4.02158212363673E-16,-0.984807753012208,0.17364817766693));
#3285=DIRECTION('',(-1.,-4.02158212363673E-16,3.51842845256725E-17));
#3286=DIRECTION('center_axis',(-0.142242501402276,-0.171882495152798,-0.974794069870592));
#3287=DIRECTION('ref_axis',(-4.02158212363673E-16,0.984807753012208,-0.17364817766693));
#3288=DIRECTION('',(-0.989831839655011,0.0247001511552905,0.140081518188811));
#3289=DIRECTION('',(4.02158212363673E-16,-0.984807753012208,0.17364817766693));
#3290=DIRECTION('center_axis',(4.02158212363673E-16,-0.984807753012208,
0.17364817766693));
#3291=DIRECTION('ref_axis',(1.,4.02158212363673E-16,-3.51842845256725E-17));
#3292=DIRECTION('center_axis',(-4.02158212363673E-16,0.984807753012208,
-0.17364817766693));
#3293=DIRECTION('ref_axis',(1.,4.02158212363673E-16,-3.51842845256725E-17));
#3294=DIRECTION('center_axis',(-4.02158212363673E-16,0.984807753012208,
-0.17364817766693));
#3295=DIRECTION('ref_axis',(1.,4.02158212363673E-16,-3.51842845256725E-17));
#3296=DIRECTION('',(0.330551203198339,0.16388707671044,0.929449798618213));
#3297=DIRECTION('center_axis',(4.02158212363673E-16,-0.984807753012208,
0.17364817766693));
#3298=DIRECTION('ref_axis',(1.,4.02158212363673E-16,-3.51842845256725E-17));
#3299=DIRECTION('',(-0.33055120319834,0.16388707671044,0.929449798618213));
#3300=DIRECTION('center_axis',(-4.02158212363673E-16,0.984807753012208,
-0.17364817766693));
#3301=DIRECTION('ref_axis',(1.,4.02158212363673E-16,-3.51842845256725E-17));
#3302=DIRECTION('center_axis',(-4.02158212363673E-16,0.984807753012208,
-0.17364817766693));
#3303=DIRECTION('ref_axis',(1.,4.02158212363673E-16,-3.51842845256725E-17));
#3304=DIRECTION('',(-1.,-4.02158212363673E-16,3.51842845256725E-17));
#3305=DIRECTION('center_axis',(-4.02158212363673E-16,0.984807753012208,
-0.17364817766693));
#3306=DIRECTION('ref_axis',(1.,4.02158212363673E-16,-3.51842845256725E-17));
#3307=DIRECTION('',(3.51842845256724E-17,-0.17364817766693,-0.984807753012208));
#3308=DIRECTION('center_axis',(4.02158212363673E-16,-0.984807753012208,
0.17364817766693));
#3309=DIRECTION('ref_axis',(1.,4.02158212363673E-16,-3.51842845256725E-17));
#3310=DIRECTION('',(-0.874467120167326,0.0842340902014056,0.477715264351272));
#3311=DIRECTION('',(0.874467120167326,-0.0842340902014056,-0.477715264351272));
#3312=DIRECTION('center_axis',(-4.02158212363673E-16,0.984807753012208,
-0.17364817766693));
#3313=DIRECTION('ref_axis',(1.,4.02158212363673E-16,-3.51842845256725E-17));
#3314=DIRECTION('center_axis',(-4.02158212363673E-16,0.984807753012208,
-0.17364817766693));
#3315=DIRECTION('ref_axis',(1.,4.02158212363673E-16,-3.51842845256725E-17));
#3316=DIRECTION('',(1.,4.02158212363673E-16,-3.51842845256725E-17));
#3317=DIRECTION('',(-3.51842845256724E-17,0.17364817766693,0.984807753012208));
#3318=DIRECTION('',(0.774377884267697,-0.109871264203904,-0.623110903178015));
#3319=DIRECTION('',(-0.774377884267697,-0.109871264203904,-0.623110903178015));
#3320=DIRECTION('center_axis',(4.02158212363673E-16,-0.984807753012208,
0.17364817766693));
#3321=DIRECTION('ref_axis',(1.,4.02158212363673E-16,-3.51842845256725E-17));
#3322=DIRECTION('',(-0.774377884267697,0.109871264203904,0.623110903178015));
#3323=DIRECTION('',(1.,4.02158212363673E-16,-3.51842845256725E-17));
#3324=DIRECTION('',(-0.774377884267697,-0.109871264203904,-0.623110903178015));
#3325=DIRECTION('',(0.774377884267697,0.109871264203904,0.623110903178015));
#3326=DIRECTION('',(3.51842845256724E-17,-0.17364817766693,-0.984807753012208));
#3327=DIRECTION('',(-0.774377884267697,0.109871264203904,0.623110903178015));
#3328=DIRECTION('',(-0.330551203198339,-0.16388707671044,-0.929449798618213));
#3329=DIRECTION('',(-3.51842845256724E-17,0.17364817766693,0.984807753012208));
#3330=DIRECTION('',(0.33055120319834,-0.16388707671044,-0.929449798618213));
#3331=DIRECTION('center_axis',(4.02158212363673E-16,-0.984807753012208,
0.17364817766693));
#3332=DIRECTION('ref_axis',(1.,4.02158212363673E-16,-3.51842845256725E-17));
#3333=DIRECTION('center_axis',(-4.02158212363673E-16,0.984807753012208,
-0.17364817766693));
#3334=DIRECTION('ref_axis',(1.,4.02158212363673E-16,-3.51842845256725E-17));
#3335=DIRECTION('center_axis',(4.02158212363673E-16,-0.984807753012208,
0.17364817766693));
#3336=DIRECTION('ref_axis',(1.,4.02158212363673E-16,-3.51842845256725E-17));
#3337=DIRECTION('',(0.774377884267697,0.109871264203904,0.623110903178015));
#3338=DIRECTION('',(0.774377884267697,-0.109871264203904,-0.623110903178015));
#3339=DIRECTION('center_axis',(4.02158212363673E-16,-0.984807753012208,
0.17364817766693));
#3340=DIRECTION('ref_axis',(1.,4.02158212363673E-16,-3.51842845256725E-17));
#3341=DIRECTION('',(4.02158212363673E-16,-0.984807753012208,0.17364817766693));
#3342=DIRECTION('',(-4.02158212363673E-16,0.984807753012208,-0.17364817766693));
#3343=DIRECTION('center_axis',(4.02158212363673E-16,-0.984807753012208,
0.17364817766693));
#3344=DIRECTION('ref_axis',(1.,4.02158212363673E-16,-3.51842845256725E-17));
#3345=DIRECTION('',(-4.02158212363673E-16,0.984807753012208,-0.17364817766693));
#3346=DIRECTION('center_axis',(4.02158212363673E-16,-0.984807753012208,
0.17364817766693));
#3347=DIRECTION('ref_axis',(1.,4.02158212363673E-16,-3.51842845256725E-17));
#3348=DIRECTION('',(-4.02158212363673E-16,0.984807753012208,-0.17364817766693));
#3349=DIRECTION('',(4.02158212363673E-16,-0.984807753012208,0.17364817766693));
#3350=DIRECTION('center_axis',(-1.,-4.02158212363673E-16,3.51842845256725E-17));
#3351=DIRECTION('ref_axis',(-4.02158212363673E-16,0.984807753012208,-0.17364817766693));
#3352=DIRECTION('',(4.02158212363673E-16,-0.984807753012208,0.17364817766693));
#3353=DIRECTION('center_axis',(4.02158212363673E-16,-0.984807753012208,
0.17364817766693));
#3354=DIRECTION('ref_axis',(1.,4.02158212363673E-16,-3.51842845256725E-17));
#3355=DIRECTION('',(-4.02158212363673E-16,0.984807753012208,-0.17364817766693));
#3356=DIRECTION('',(4.02158212363673E-16,-0.984807753012208,0.17364817766693));
#3357=DIRECTION('',(-4.02158212363673E-16,0.984807753012208,-0.17364817766693));
#3358=DIRECTION('center_axis',(-0.632723393243118,0.134469308428658,0.762613344188018));
#3359=DIRECTION('ref_axis',(4.02158212363673E-16,-0.984807753012208,0.17364817766693));
#3360=DIRECTION('',(4.02158212363673E-16,-0.984807753012208,0.17364817766693));
#3361=DIRECTION('center_axis',(-0.485084792326315,-0.151849621846705,-0.861181999695041));
#3362=DIRECTION('ref_axis',(-4.02158212363673E-16,0.984807753012208,-0.17364817766693));
#3363=DIRECTION('center_axis',(4.02158212363673E-16,-0.984807753012208,
0.17364817766693));
#3364=DIRECTION('ref_axis',(1.,4.02158212363673E-16,-3.51842845256725E-17));
#3365=DIRECTION('',(4.02158212363673E-16,-0.984807753012208,0.17364817766693));
#3366=DIRECTION('center_axis',(4.02158212363673E-16,-0.984807753012208,
0.17364817766693));
#3367=DIRECTION('ref_axis',(1.,4.02158212363673E-16,-3.51842845256725E-17));
#3368=DIRECTION('center_axis',(4.02158212363673E-16,-0.984807753012208,
0.17364817766693));
#3369=DIRECTION('ref_axis',(1.,4.02158212363673E-16,-3.51842845256725E-17));
#3370=DIRECTION('center_axis',(-4.02158212363673E-16,0.984807753012208,
-0.17364817766693));
#3371=DIRECTION('ref_axis',(1.,4.02158212363673E-16,-3.51842845256725E-17));
#3372=DIRECTION('center_axis',(4.02158212363673E-16,-0.984807753012208,
0.17364817766693));
#3373=DIRECTION('ref_axis',(1.,4.02158212363673E-16,-3.51842845256725E-17));
#3374=DIRECTION('',(4.02158212363673E-16,-0.984807753012208,0.17364817766693));
#3375=DIRECTION('center_axis',(4.02158212363673E-16,-0.984807753012208,
0.17364817766693));
#3376=DIRECTION('ref_axis',(1.,4.02158212363673E-16,-3.51842845256725E-17));
#3377=DIRECTION('',(-4.02158212363673E-16,0.984807753012208,-0.17364817766693));
#3378=DIRECTION('',(4.02158212363673E-16,-0.984807753012208,0.17364817766693));
#3379=DIRECTION('',(-4.02158212363673E-16,0.984807753012208,-0.17364817766693));
#3380=DIRECTION('center_axis',(4.02158212363673E-16,-0.984807753012208,
0.17364817766693));
#3381=DIRECTION('ref_axis',(1.,4.02158212363673E-16,-3.51842845256725E-17));
#3382=DIRECTION('center_axis',(3.51842845256724E-17,-0.17364817766693,-0.984807753012208));
#3383=DIRECTION('ref_axis',(4.02158212363673E-16,-0.984807753012208,0.17364817766693));
#3384=DIRECTION('',(4.02158212363673E-16,-0.984807753012208,0.17364817766693));
#3385=DIRECTION('center_axis',(4.02158212363673E-16,-0.984807753012208,
0.17364817766693));
#3386=DIRECTION('ref_axis',(1.,4.02158212363673E-16,-3.51842845256725E-17));
#3387=DIRECTION('',(-4.02158212363673E-16,0.984807753012208,-0.17364817766693));
#3388=DIRECTION('',(-4.02158212363673E-16,0.984807753012208,-0.17364817766693));
#3389=DIRECTION('',(-4.02158212363673E-16,0.984807753012208,-0.17364817766693));
#3390=DIRECTION('center_axis',(4.02158212363673E-16,-0.984807753012208,
0.17364817766693));
#3391=DIRECTION('ref_axis',(1.,4.02158212363673E-16,-3.51842845256725E-17));
#3392=DIRECTION('center_axis',(1.,4.02158212363673E-16,-3.51842845256725E-17));
#3393=DIRECTION('ref_axis',(4.02158212363673E-16,-0.984807753012208,0.17364817766693));
#3394=DIRECTION('center_axis',(0.193168636182589,-0.170377613418425,-0.96625946144977));
#3395=DIRECTION('ref_axis',(-4.02158212363673E-16,0.984807753012208,-0.17364817766693));
#3396=DIRECTION('center_axis',(4.02158212363673E-16,-0.984807753012208,
0.17364817766693));
#3397=DIRECTION('ref_axis',(1.,4.02158212363673E-16,-3.51842845256725E-17));
#3398=DIRECTION('',(-4.02158212363673E-16,0.984807753012208,-0.17364817766693));
#3399=DIRECTION('',(4.02158212363673E-16,-0.984807753012208,0.17364817766693));
#3400=DIRECTION('',(-4.02158212363673E-16,0.984807753012208,-0.17364817766693));
#3401=DIRECTION('center_axis',(4.02158212363673E-16,-0.984807753012208,
0.17364817766693));
#3402=DIRECTION('ref_axis',(1.,4.02158212363673E-16,-3.51842845256725E-17));
#3403=DIRECTION('center_axis',(-0.94378805992878,0.0573996140610025,0.325529387677239));
#3404=DIRECTION('ref_axis',(4.02158212363673E-16,-0.984807753012208,0.17364817766693));
#3405=DIRECTION('',(4.02158212363673E-16,-0.984807753012208,0.17364817766693));
#3406=DIRECTION('center_axis',(4.02158212363673E-16,-0.984807753012208,
0.17364817766693));
#3407=DIRECTION('ref_axis',(1.,4.02158212363673E-16,-3.51842845256725E-17));
#3408=DIRECTION('center_axis',(4.02158212363673E-16,-0.984807753012208,
0.17364817766693));
#3409=DIRECTION('ref_axis',(1.,4.02158212363673E-16,-3.51842845256725E-17));
#3410=DIRECTION('center_axis',(3.51842845256724E-17,-0.17364817766693,-0.984807753012208));
#3411=DIRECTION('ref_axis',(4.02158212363673E-16,-0.984807753012208,0.17364817766693));
#3412=DIRECTION('center_axis',(4.02158212363673E-16,-0.984807753012208,
0.17364817766693));
#3413=DIRECTION('ref_axis',(1.,4.02158212363673E-16,-3.51842845256725E-17));
#3414=DIRECTION('center_axis',(4.02158212363673E-16,-0.984807753012208,
0.17364817766693));
#3415=DIRECTION('ref_axis',(1.,4.02158212363673E-16,-3.51842845256725E-17));
#3416=DIRECTION('center_axis',(0.485084792326315,0.151849621846705,0.861181999695041));
#3417=DIRECTION('ref_axis',(4.02158212363673E-16,-0.984807753012208,0.17364817766693));
#3418=DIRECTION('center_axis',(4.02158212363673E-16,-0.984807753012208,
0.17364817766693));
#3419=DIRECTION('ref_axis',(1.,4.02158212363673E-16,-3.51842845256725E-17));
#3420=DIRECTION('center_axis',(-3.51842845256724E-17,0.17364817766693,0.984807753012208));
#3421=DIRECTION('ref_axis',(4.02158212363673E-16,-0.984807753012208,0.17364817766693));
#3422=DIRECTION('center_axis',(4.02158212363673E-16,-0.984807753012208,
0.17364817766693));
#3423=DIRECTION('ref_axis',(1.,4.02158212363673E-16,-3.51842845256725E-17));
#3424=DIRECTION('',(-4.02158212363673E-16,0.984807753012208,-0.17364817766693));
#3425=DIRECTION('center_axis',(4.02158212363673E-16,-0.984807753012208,
0.17364817766693));
#3426=DIRECTION('ref_axis',(-1.,-2.6919341683541E-16,7.89265112054297E-16));
#3427=DIRECTION('',(-4.02158212363673E-16,0.984807753012208,-0.17364817766693));
#3428=DIRECTION('',(4.02158212363673E-16,-0.984807753012208,0.17364817766693));
#3429=DIRECTION('center_axis',(0.94378805992878,0.0573996140610032,0.325529387677239));
#3430=DIRECTION('ref_axis',(4.02158212363673E-16,-0.984807753012208,0.17364817766693));
#3431=DIRECTION('',(4.02158212363673E-16,-0.984807753012208,0.17364817766693));
#3432=DIRECTION('center_axis',(-1.,-4.02158212363673E-16,3.51842845256725E-17));
#3433=DIRECTION('ref_axis',(-4.02158212363673E-16,0.984807753012208,-0.17364817766693));
#3434=DIRECTION('',(4.02158212363673E-16,-0.984807753012208,0.17364817766693));
#3435=DIRECTION('center_axis',(-0.94378805992878,-0.0573996140610032,-0.325529387677239));
#3436=DIRECTION('ref_axis',(-4.02158212363673E-16,0.984807753012208,-0.17364817766693));
#3437=DIRECTION('center_axis',(0.94378805992878,-0.0573996140610025,-0.325529387677239));
#3438=DIRECTION('ref_axis',(-4.02158212363673E-16,0.984807753012208,-0.17364817766693));
#3439=DIRECTION('',(-4.02158212363673E-16,0.984807753012208,-0.17364817766693));
#3440=DIRECTION('center_axis',(-1.,-4.02158212363673E-16,3.51842845256725E-17));
#3441=DIRECTION('ref_axis',(4.02158212363673E-16,-0.984807753012208,0.17364817766693));
#3442=DIRECTION('center_axis',(-0.710723624391163,-0.122156516667705,-0.692784032125381));
#3443=DIRECTION('ref_axis',(4.02158212363673E-16,-0.984807753012208,0.17364817766693));
#3444=DIRECTION('',(4.02158212363673E-16,-0.984807753012208,0.17364817766693));
#3445=DIRECTION('',(-4.02158212363673E-16,0.984807753012208,-0.17364817766693));
#3446=DIRECTION('center_axis',(0.710723624391163,0.122156516667705,0.692784032125381));
#3447=DIRECTION('ref_axis',(-4.02158212363673E-16,0.984807753012208,-0.17364817766693));
#3448=DIRECTION('',(4.02158212363673E-16,-0.984807753012208,0.17364817766693));
#3449=DIRECTION('',(-4.02158212363673E-16,0.984807753012208,-0.17364817766693));
#3450=DIRECTION('center_axis',(0.710723624391163,0.122156516667705,0.692784032125381));
#3451=DIRECTION('ref_axis',(-4.02158212363673E-16,0.984807753012208,-0.17364817766693));
#3452=DIRECTION('',(-4.02158212363673E-16,0.984807753012208,-0.17364817766693));
#3453=DIRECTION('center_axis',(0.710723624391163,-0.122156516667704,-0.692784032125381));
#3454=DIRECTION('ref_axis',(-4.02158212363673E-16,0.984807753012208,-0.17364817766693));
#3455=DIRECTION('center_axis',(-0.710723624391163,0.122156516667704,0.692784032125381));
#3456=DIRECTION('ref_axis',(4.02158212363673E-16,-0.984807753012208,0.17364817766693));
#3457=DIRECTION('',(4.02158212363673E-16,-0.984807753012208,0.17364817766693));
#3458=DIRECTION('center_axis',(-0.710723624391163,0.122156516667704,0.692784032125381));
#3459=DIRECTION('ref_axis',(4.02158212363673E-16,-0.984807753012208,0.17364817766693));
#3460=DIRECTION('center_axis',(-3.51842845256724E-17,0.17364817766693,0.984807753012208));
#3461=DIRECTION('ref_axis',(-4.02158212363673E-16,0.984807753012208,-0.17364817766693));
#3462=DIRECTION('',(4.02158212363673E-16,-0.984807753012208,0.17364817766693));
#3463=DIRECTION('center_axis',(3.51842845256724E-17,-0.17364817766693,-0.984807753012208));
#3464=DIRECTION('ref_axis',(-4.02158212363673E-16,0.984807753012208,-0.17364817766693));
#3465=DIRECTION('center_axis',(0.710723624391163,-0.122156516667704,-0.692784032125381));
#3466=DIRECTION('ref_axis',(-4.02158212363673E-16,0.984807753012208,-0.17364817766693));
#3467=DIRECTION('center_axis',(-0.632723393243118,-0.134469308428659,-0.762613344188018));
#3468=DIRECTION('ref_axis',(4.02158212363673E-16,-0.984807753012208,0.17364817766693));
#3469=DIRECTION('',(-4.02158212363673E-16,0.984807753012208,-0.17364817766693));
#3470=DIRECTION('',(4.02158212363673E-16,-0.984807753012208,0.17364817766693));
#3471=DIRECTION('center_axis',(-0.632723393243118,-0.134469308428659,-0.762613344188018));
#3472=DIRECTION('ref_axis',(4.02158212363673E-16,-0.984807753012208,0.17364817766693));
#3473=DIRECTION('',(4.02158212363673E-16,-0.984807753012208,0.17364817766693));
#3474=DIRECTION('',(-4.02158212363673E-16,0.984807753012208,-0.17364817766693));
#3475=DIRECTION('center_axis',(0.632723393243118,0.134469308428659,0.762613344188018));
#3476=DIRECTION('ref_axis',(-4.02158212363673E-16,0.984807753012208,-0.17364817766693));
#3477=DIRECTION('center_axis',(0.632723393243118,0.134469308428659,0.762613344188018));
#3478=DIRECTION('ref_axis',(-4.02158212363673E-16,0.984807753012208,-0.17364817766693));
#3479=DIRECTION('',(-4.02158212363673E-16,0.984807753012208,-0.17364817766693));
#3480=DIRECTION('center_axis',(0.632723393243118,-0.134469308428658,-0.762613344188018));
#3481=DIRECTION('ref_axis',(-4.02158212363673E-16,0.984807753012208,-0.17364817766693));
#3482=DIRECTION('center_axis',(-0.632723393243118,0.134469308428658,0.762613344188018));
#3483=DIRECTION('ref_axis',(4.02158212363673E-16,-0.984807753012208,0.17364817766693));
#3484=DIRECTION('',(-4.02158212363673E-16,0.984807753012208,-0.17364817766693));
#3485=DIRECTION('center_axis',(-3.51842845256724E-17,0.17364817766693,0.984807753012208));
#3486=DIRECTION('ref_axis',(-4.02158212363673E-16,0.984807753012208,-0.17364817766693));
#3487=DIRECTION('',(4.02158212363673E-16,-0.984807753012208,0.17364817766693));
#3488=DIRECTION('center_axis',(0.632723393243118,-0.134469308428658,-0.762613344188018));
#3489=DIRECTION('ref_axis',(-4.02158212363673E-16,0.984807753012208,-0.17364817766693));
#3490=DIRECTION('center_axis',(1.,4.02158212363673E-16,-3.51842845256725E-17));
#3491=DIRECTION('ref_axis',(-4.02158212363673E-16,0.984807753012208,-0.17364817766693));
#3492=DIRECTION('center_axis',(-3.51842845256724E-17,0.17364817766693,0.984807753012208));
#3493=DIRECTION('ref_axis',(4.02158212363673E-16,-0.984807753012208,0.17364817766693));
#3494=CARTESIAN_POINT('',(0.,0.,0.));
#3495=CARTESIAN_POINT('Origin',(47.91,142.377205257176,-136.053183915395));
#3496=CARTESIAN_POINT('',(46.21,143.608214948441,-136.270244137478));
#3497=CARTESIAN_POINT('Origin',(47.91,143.608214948441,-136.270244137478));
#3498=CARTESIAN_POINT('',(46.21,141.146195565911,-135.836123693311));
#3499=CARTESIAN_POINT('',(46.21,142.377205257176,-136.053183915395));
#3500=CARTESIAN_POINT('Origin',(47.91,141.146195565911,-135.836123693311));
#3501=CARTESIAN_POINT('Origin',(-13.84,153.314279452012,-72.9029936301972));
#3502=CARTESIAN_POINT('',(-15.54,154.934288205717,-73.1886448824593));
#3503=CARTESIAN_POINT('Origin',(-13.84,154.934288205717,-73.1886448824593));
#3504=CARTESIAN_POINT('',(-15.54,151.694270698307,-72.6173423779351));
#3505=CARTESIAN_POINT('',(-15.54,153.314279452012,-72.9029936301972));
#3506=CARTESIAN_POINT('Origin',(-13.84,151.694270698307,-72.6173423779351));
#3507=CARTESIAN_POINT('Origin',(68.16,153.314279452012,-72.9029936301972));
#3508=CARTESIAN_POINT('',(66.46,154.934288205717,-73.1886448824593));
#3509=CARTESIAN_POINT('Origin',(68.16,154.934288205717,-73.1886448824593));
#3510=CARTESIAN_POINT('',(66.46,151.694270698307,-72.6173423779351));
#3511=CARTESIAN_POINT('',(66.46,153.314279452012,-72.9029936301972));
#3512=CARTESIAN_POINT('Origin',(68.16,151.694270698307,-72.6173423779351));
#3513=CARTESIAN_POINT('Origin',(-13.84,141.679851548328,-138.885113082015));
#3514=CARTESIAN_POINT('',(-15.4152006445263,143.410878802404,-138.541147131479));
#3515=CARTESIAN_POINT('',(-15.54,143.299860302033,-139.170764334277));
#3516=CARTESIAN_POINT('Origin',(-13.84,143.299860302033,-139.170764334277));
#3517=CARTESIAN_POINT('',(-15.4152006445263,143.213917251802,-138.506417495946));
#3518=CARTESIAN_POINT('',(-15.4152006445263,141.790870048699,-138.255495879217));
#3519=CARTESIAN_POINT('',(-12.1520078466039,143.067874086148,-139.334669446195));
#3520=CARTESIAN_POINT('Origin',(-13.84,143.10289875143,-139.136034698744));
#3521=CARTESIAN_POINT('',(-12.1520078466039,143.264835636751,-139.369399081728));
#3522=CARTESIAN_POINT('',(-12.1520078466039,141.644826883046,-139.083747829466));
#3523=CARTESIAN_POINT('Origin',(-13.84,143.299860302033,-139.170764334277));
#3524=CARTESIAN_POINT('',(-15.54,140.059842794623,-138.599461829753));
#3525=CARTESIAN_POINT('',(-15.54,141.679851548328,-138.885113082015));
#3526=CARTESIAN_POINT('Origin',(-13.84,140.059842794623,-138.599461829753));
#3527=CARTESIAN_POINT('Origin',(-13.09,143.608214948441,-136.270244137478));
#3528=CARTESIAN_POINT('Origin',(-13.09,143.608214948441,-136.270244137478));
#3529=CARTESIAN_POINT('Origin',(68.16,141.679851548328,-138.885113082015));
#3530=CARTESIAN_POINT('',(66.46,143.299860302033,-139.170764334277));
#3531=CARTESIAN_POINT('Origin',(68.16,143.299860302033,-139.170764334277));
#3532=CARTESIAN_POINT('',(66.46,140.059842794623,-138.599461829753));
#3533=CARTESIAN_POINT('',(66.46,141.679851548328,-138.885113082015));
#3534=CARTESIAN_POINT('Origin',(68.16,140.059842794623,-138.599461829753));
#3535=CARTESIAN_POINT('Origin',(-86.29,149.284186778604,-76.9851931652206));
#3536=CARTESIAN_POINT('',(-87.99,154.114668807129,-77.8369374766769));
#3537=CARTESIAN_POINT('Origin',(-86.29,154.114668807129,-77.8369374766769));
#3538=CARTESIAN_POINT('',(-87.99,144.453704750079,-76.1334488537643));
#3539=CARTESIAN_POINT('',(-87.99,149.284186778604,-76.9851931652206));
#3540=CARTESIAN_POINT('Origin',(-86.29,144.453704750079,-76.1334488537643));
#3541=CARTESIAN_POINT('Origin',(-37.79,149.284186778604,-76.9851931652206));
#3542=CARTESIAN_POINT('',(-39.49,154.114668807129,-77.8369374766769));
#3543=CARTESIAN_POINT('Origin',(-37.79,154.114668807129,-77.8369374766769));
#3544=CARTESIAN_POINT('',(-39.49,144.453704750079,-76.1334488537643));
#3545=CARTESIAN_POINT('',(-39.49,149.284186778604,-76.9851931652206));
#3546=CARTESIAN_POINT('Origin',(-37.79,144.453704750079,-76.1334488537643));
#3547=CARTESIAN_POINT('Origin',(-86.29,140.777162554701,-125.230924985289));
#3548=CARTESIAN_POINT('',(-87.99,145.607644583226,-126.082669296745));
#3549=CARTESIAN_POINT('Origin',(-86.29,145.607644583226,-126.082669296745));
#3550=CARTESIAN_POINT('',(-87.99,135.946680526177,-124.379180673832));
#3551=CARTESIAN_POINT('',(-87.99,140.777162554701,-125.230924985289));
#3552=CARTESIAN_POINT('Origin',(-86.29,135.946680526177,-124.379180673832));
#3553=CARTESIAN_POINT('Origin',(-37.79,140.777162554701,-125.230924985289));
#3554=CARTESIAN_POINT('',(-39.49,145.607644583226,-126.082669296745));
#3555=CARTESIAN_POINT('Origin',(-37.79,145.607644583226,-126.082669296745));
#3556=CARTESIAN_POINT('',(-39.49,135.946680526177,-124.379180673832));
#3557=CARTESIAN_POINT('',(-39.49,140.777162554701,-125.230924985289));
#3558=CARTESIAN_POINT('Origin',(-37.79,135.946680526177,-124.379180673832));
#3559=CARTESIAN_POINT('Origin',(-39.29,145.137712596111,-120.973445879484));
#3560=CARTESIAN_POINT('',(-39.29,143.399814849635,-123.055213621187));
#3561=CARTESIAN_POINT('',(-39.29,146.058795782768,-123.524063700888));
#3562=CARTESIAN_POINT('',(-39.29,141.228313754243,-122.672319389431));
#3563=CARTESIAN_POINT('',(-39.29,144.459402795796,-117.045991765838));
#3564=CARTESIAN_POINT('',(-39.29,143.808222129545,-120.739020839634));
#3565=CARTESIAN_POINT('',(-39.29,147.118383728929,-117.514841845539));
#3566=CARTESIAN_POINT('',(-39.29,145.788893262362,-117.280416805688));
#3567=CARTESIAN_POINT('',(-39.29,146.467203062678,-121.207870919335));
#3568=CARTESIAN_POINT('Origin',(-36.29,145.137712596111,-120.973445879484));
#3569=CARTESIAN_POINT('',(-36.29,146.058795782768,-123.524063700888));
#3570=CARTESIAN_POINT('',(-36.29,143.399814849635,-123.055213621187));
#3571=CARTESIAN_POINT('',(-36.29,141.228313754243,-122.672319389431));
#3572=CARTESIAN_POINT('',(-36.29,147.083951858877,-117.710114684176));
#3573=CARTESIAN_POINT('',(-36.29,146.467203062678,-121.207870919335));
#3574=CARTESIAN_POINT('',(-36.29,144.424970925744,-117.241264604476));
#3575=CARTESIAN_POINT('',(-36.29,145.754461392311,-117.475689644326));
#3576=CARTESIAN_POINT('',(-36.29,143.808222129545,-120.739020839634));
#3577=CARTESIAN_POINT('Origin',(-37.79,145.788893262362,-117.280416805688));
#3578=CARTESIAN_POINT('',(-39.289,147.118383728929,-117.514841845539));
#3579=CARTESIAN_POINT('',(-39.289,144.459402795796,-117.045991765838));
#3580=CARTESIAN_POINT('',(-39.289,145.788893262362,-117.280416805688));
#3581=CARTESIAN_POINT('',(-37.79,147.118383728929,-117.514841845539));
#3582=CARTESIAN_POINT('',(-37.79,144.459402795796,-117.045991765838));
#3583=CARTESIAN_POINT('Origin',(-39.289,148.531666228611,-101.725378346861));
#3584=CARTESIAN_POINT('',(-39.289,150.82313150627,-80.9554928251471));
#3585=CARTESIAN_POINT('',(-39.289,147.202175762045,-101.49095330701));
#3586=CARTESIAN_POINT('',(-39.289,153.482112439403,-81.4243429048478));
#3587=CARTESIAN_POINT('',(-39.289,152.152621972836,-81.1899178649975));
#3588=CARTESIAN_POINT('',(-39.289,149.861156695178,-101.959803386711));
#3589=CARTESIAN_POINT('Origin',(-37.782,145.145700412284,-120.928144722846));
#3590=CARTESIAN_POINT('',(-36.289,147.083877926552,-117.710533975228));
#3591=CARTESIAN_POINT('Origin',(-37.782,146.47519087885,-121.162569762696));
#3592=CARTESIAN_POINT('',(-36.289,144.424896993419,-117.241683895527));
#3593=CARTESIAN_POINT('',(-36.289,145.754387459986,-117.476108935378));
#3594=CARTESIAN_POINT('Origin',(-37.782,143.816209945717,-120.693719682995));
#3595=CARTESIAN_POINT('Origin',(27.16,140.6408793689,-138.701914254577));
#3596=CARTESIAN_POINT('',(-36.289,151.004636974845,-79.9261241610542));
#3597=CARTESIAN_POINT('',(-36.289,147.202175762045,-101.49095330701));
#3598=CARTESIAN_POINT('',(-40.7312409647768,151.558287585981,-76.7862155157005));
#3599=CARTESIAN_POINT('Origin',(-37.79,151.455687873996,-77.3680873969762));
#3600=CARTESIAN_POINT('',(-40.3870762113533,151.717028381385,-75.8859517286928));
#3601=CARTESIAN_POINT('Origin',(-37.789,151.456556114885,-77.3631633582111));
#3602=CARTESIAN_POINT('',(-83.6909237886467,151.717028381385,-75.8859517286928));
#3603=CARTESIAN_POINT('',(-62.039,151.717028381385,-75.8859517286928));
#3604=CARTESIAN_POINT('',(-83.3477590352231,151.3539564029,-77.9450352394868));
#3605=CARTESIAN_POINT('Origin',(-86.289,151.456556114885,-77.3631633582111));
#3606=CARTESIAN_POINT('',(-87.789,151.004436463181,-79.9272613192091));
#3607=CARTESIAN_POINT('Origin',(-86.29,151.455687873996,-77.3680873969762));
#3608=CARTESIAN_POINT('',(-87.789,144.459402795796,-117.045991765838));
#3609=CARTESIAN_POINT('',(-87.789,147.202175762045,-101.49095330701));
#3610=CARTESIAN_POINT('',(-87.79,144.459402795796,-117.045991765838));
#3611=CARTESIAN_POINT('',(-86.29,144.459402795796,-117.045991765838));
#3612=CARTESIAN_POINT('',(-87.79,143.399814849635,-123.055213621187));
#3613=CARTESIAN_POINT('',(-87.79,143.808222129545,-120.739020839634));
#3614=CARTESIAN_POINT('',(-84.79,143.399814849635,-123.055213621187));
#3615=CARTESIAN_POINT('Origin',(-86.29,142.948663650093,-125.613819217044));
#3616=CARTESIAN_POINT('',(-84.79,144.423930539529,-117.247164927902));
#3617=CARTESIAN_POINT('',(-84.79,143.808222129545,-120.739020839634));
#3618=CARTESIAN_POINT('',(-84.789,144.423855785888,-117.24758887687));
#3619=CARTESIAN_POINT('Origin',(-86.296,143.816209945717,-120.693719682995));
#3620=CARTESIAN_POINT('',(-84.789,150.82313150627,-80.9554928251471));
#3621=CARTESIAN_POINT('',(-84.789,147.202175762045,-101.49095330701));
#3622=CARTESIAN_POINT('',(-64.1495250318434,147.202175762045,-101.49095330701));
#3623=CARTESIAN_POINT('',(-63.1050854365867,147.018940987043,-102.530129355198));
#3624=CARTESIAN_POINT('',(-82.5870002794429,143.967535248669,-119.835511243516));
#3625=CARTESIAN_POINT('',(-63.1050854365867,147.385410537046,-100.451777258822));
#3626=CARTESIAN_POINT('',(-84.0090786119699,143.287050335997,-123.694732957276));
#3627=CARTESIAN_POINT('Origin',(-86.296,143.816209945717,-120.693719682995));
#3628=CARTESIAN_POINT('',(-83.3477590352229,143.050395121189,-125.036871374535));
#3629=CARTESIAN_POINT('Origin',(-86.29,142.948663650093,-125.613819217044));
#3630=CARTESIAN_POINT('',(-83.6909237886467,142.687323142705,-127.095954885328));
#3631=CARTESIAN_POINT('Origin',(-86.289,142.947795409205,-125.618743255809));
#3632=CARTESIAN_POINT('',(-40.3870762113533,142.687323142705,-127.095954885328));
#3633=CARTESIAN_POINT('',(-62.039,142.687323142705,-127.095954885328));
#3634=CARTESIAN_POINT('',(-40.7312409647771,142.846063938109,-126.195691098318));
#3635=CARTESIAN_POINT('Origin',(-37.789,142.947795409205,-125.618743255809));
#3636=CARTESIAN_POINT('',(-40.0701396454758,143.287209163214,-123.693832203371));
#3637=CARTESIAN_POINT('Origin',(-37.79,142.948663650093,-125.613819217044));
#3638=CARTESIAN_POINT('',(-41.4909997205571,143.967535248669,-119.835511243516));
#3639=CARTESIAN_POINT('Origin',(-37.782,143.816209945717,-120.693719682995));
#3640=CARTESIAN_POINT('',(-59.9284749681566,147.202175762045,-101.49095330701));
#3641=CARTESIAN_POINT('',(-60.9729145634133,147.385410537046,-100.451777258822));
#3642=CARTESIAN_POINT('',(-60.9729145634133,147.018940987043,-102.530129355198));
#3643=CARTESIAN_POINT('Origin',(-37.79,142.948663650093,-125.613819217044));
#3644=CARTESIAN_POINT('',(-62.039,147.572442823061,-99.3910644554638));
#3645=CARTESIAN_POINT('',(-82.6937810906056,151.196083848384,-78.8403749877294));
#3646=CARTESIAN_POINT('',(-60.9729145634133,147.385410537046,-100.451777258822));
#3647=CARTESIAN_POINT('',(-41.3842189093944,151.196083848384,-78.8403749877294));
#3648=CARTESIAN_POINT('',(-62.039,151.196083848384,-78.8403749877294));
#3649=CARTESIAN_POINT('',(-63.1050854365867,147.385410537046,-100.451777258822));
#3650=CARTESIAN_POINT('',(-62.039,146.831908701028,-103.590842158557));
#3651=CARTESIAN_POINT('',(-41.3842189093944,143.208267675705,-124.141531626291));
#3652=CARTESIAN_POINT('',(-63.1050854365867,147.018940987043,-102.530129355198));
#3653=CARTESIAN_POINT('',(-82.6937810906056,143.208267675705,-124.141531626291));
#3654=CARTESIAN_POINT('',(-62.039,143.208267675705,-124.141531626291));
#3655=CARTESIAN_POINT('',(-60.9729145634133,147.018940987043,-102.530129355198));
#3656=CARTESIAN_POINT('Origin',(-87.79,145.137712596111,-120.973445879484));
#3657=CARTESIAN_POINT('',(-87.79,146.058795782768,-123.524063700888));
#3658=CARTESIAN_POINT('',(-87.79,141.228313754243,-122.672319389431));
#3659=CARTESIAN_POINT('',(-87.79,147.118383728929,-117.514841845539));
#3660=CARTESIAN_POINT('',(-87.79,145.788893262362,-117.280416805688));
#3661=CARTESIAN_POINT('',(-87.79,146.467203062678,-121.207870919335));
#3662=CARTESIAN_POINT('Origin',(-86.29,145.788893262362,-117.280416805688));
#3663=CARTESIAN_POINT('',(-87.789,147.118383728929,-117.514841845539));
#3664=CARTESIAN_POINT('',(-87.789,145.788893262362,-117.280416805688));
#3665=CARTESIAN_POINT('',(-86.29,147.118383728929,-117.514841845539));
#3666=CARTESIAN_POINT('Origin',(-84.79,145.137712596111,-120.973445879484));
#3667=CARTESIAN_POINT('',(-84.79,146.058795782768,-123.524063700888));
#3668=CARTESIAN_POINT('',(-84.79,141.228313754243,-122.672319389431));
#3669=CARTESIAN_POINT('',(-84.79,147.082911472662,-117.716015007603));
#3670=CARTESIAN_POINT('',(-84.79,146.467203062678,-121.207870919335));
#3671=CARTESIAN_POINT('',(-84.79,145.753421006096,-117.481589967752));
#3672=CARTESIAN_POINT('Origin',(-87.789,148.531666228611,-101.725378346861));
#3673=CARTESIAN_POINT('',(-87.789,153.663417396314,-80.3961113989099));
#3674=CARTESIAN_POINT('',(-87.789,148.832935367789,-79.5443670874536));
#3675=CARTESIAN_POINT('',(-87.789,149.861156695178,-101.959803386711));
#3676=CARTESIAN_POINT('Origin',(27.16,143.299860302033,-139.170764334277));
#3677=CARTESIAN_POINT('',(-89.2312409647768,154.217268519114,-77.2550655954012));
#3678=CARTESIAN_POINT('Origin',(-86.29,154.114668807129,-77.8369374766769));
#3679=CARTESIAN_POINT('',(-88.5739431518464,154.453104585197,-75.9175728014143));
#3680=CARTESIAN_POINT('Origin',(-86.289,154.115537048018,-77.8320134379118));
#3681=CARTESIAN_POINT('',(-88.5719491188918,154.452846491785,-75.9190365218855));
#3682=CARTESIAN_POINT('Origin',(-86.296,154.983430639997,-72.9099442883568));
#3683=CARTESIAN_POINT('',(-84.0127286062182,154.453795962503,-75.9136518058648));
#3684=CARTESIAN_POINT('Origin',(-86.29,154.114668807129,-77.8369374766769));
#3685=CARTESIAN_POINT('',(-84.0095111068376,154.454214676663,-75.9112771598652));
#3686=CARTESIAN_POINT('Origin',(-86.296,154.983430639997,-72.9099442883568));
#3687=CARTESIAN_POINT('',(-83.6909237886467,154.376009314518,-76.3548018083935));
#3688=CARTESIAN_POINT('Origin',(-86.289,154.115537048018,-77.8320134379118));
#3689=CARTESIAN_POINT('',(-40.3870762113533,154.376009314518,-76.3548018083935));
#3690=CARTESIAN_POINT('',(-62.039,154.376009314518,-76.3548018083935));
#3691=CARTESIAN_POINT('',(-40.0684888931625,154.454214676663,-75.9112771598652));
#3692=CARTESIAN_POINT('Origin',(-37.789,154.115537048018,-77.8320134379118));
#3693=CARTESIAN_POINT('',(-40.0664890361152,154.45395431395,-75.9127537501818));
#3694=CARTESIAN_POINT('Origin',(-37.782,154.983430639997,-72.9099442883568));
#3695=CARTESIAN_POINT('',(-35.5072739950993,154.452688354513,-75.9199333629262));
#3696=CARTESIAN_POINT('Origin',(-37.79,154.114668807129,-77.8369374766769));
#3697=CARTESIAN_POINT('',(-35.4426779318022,154.461223701826,-75.8715270028812));
#3698=CARTESIAN_POINT('Origin',(-37.782,154.983430639997,-72.9099442883568));
#3699=CARTESIAN_POINT('',(-16.6788958840581,155.102706363917,-72.2334980437655));
#3700=CARTESIAN_POINT('',(-26.1042529542739,154.780479046995,-74.0609399680109));
#3701=CARTESIAN_POINT('',(-11.2419237886467,155.194760472218,-71.7114332529409));
#3702=CARTESIAN_POINT('Origin',(-13.84,154.934288205717,-73.1886448824593));
#3703=CARTESIAN_POINT('',(65.5619237886467,155.194760472218,-71.7114332529409));
#3704=CARTESIAN_POINT('',(27.16,155.194760472218,-71.7114332529409));
#3705=CARTESIAN_POINT('',(70.434479307557,154.594596511459,-75.1151322123805));
#3706=CARTESIAN_POINT('Origin',(68.16,154.934288205717,-73.1886448824593));
#3707=CARTESIAN_POINT('',(80.1545896525909,149.775371972758,-102.44631272337));
#3708=CARTESIAN_POINT('',(75.4421820898932,152.111780650888,-89.1958806638979));
#3709=CARTESIAN_POINT('',(80.1545896525909,148.458776534992,-109.913096493366));
#3710=CARTESIAN_POINT('Origin',(79.893,149.117074253875,-106.179704608368));
#3711=CARTESIAN_POINT('',(70.434479307557,143.639551996291,-137.244277004356));
#3712=CARTESIAN_POINT('',(75.4421820898932,146.122367856862,-123.163528552839));
#3713=CARTESIAN_POINT('',(65.5619237886467,143.039388035532,-140.647975963796));
#3714=CARTESIAN_POINT('Origin',(68.16,143.299860302033,-139.170764334277));
#3715=CARTESIAN_POINT('',(-11.2419237886467,143.039388035532,-140.647975963796));
#3716=CARTESIAN_POINT('',(27.16,143.039388035532,-140.647975963796));
#3717=CARTESIAN_POINT('',(-16.8395594110068,143.2909324552,-139.221396669708));
#3718=CARTESIAN_POINT('Origin',(-13.84,143.299860302033,-139.170764334277));
#3719=CARTESIAN_POINT('',(-36.2446949659721,145.160155323631,-128.620506999164));
#3720=CARTESIAN_POINT('',(-26.5421271884895,144.225543889415,-133.920951834436));
#3721=CARTESIAN_POINT('',(-40.3870762113533,145.346304075838,-127.564804965028));
#3722=CARTESIAN_POINT('Origin',(-37.789,145.606776342338,-126.08759333551));
#3723=CARTESIAN_POINT('',(-83.6909237886467,145.346304075838,-127.564804965028));
#3724=CARTESIAN_POINT('',(-62.039,145.346304075838,-127.564804965028));
#3725=CARTESIAN_POINT('',(-89.2312409647771,145.505044871242,-126.664541178019));
#3726=CARTESIAN_POINT('Origin',(-86.289,145.606776342338,-126.08759333551));
#3727=CARTESIAN_POINT('Origin',(-86.29,145.607644583226,-126.082669296745));
#3728=CARTESIAN_POINT('',(-59.9284749681566,149.861156695178,-101.959803386711));
#3729=CARTESIAN_POINT('',(-60.9729145634133,149.677921920176,-102.998979434899));
#3730=CARTESIAN_POINT('',(-41.4909997205571,146.626516181802,-120.304361323217));
#3731=CARTESIAN_POINT('',(-60.9729145634133,150.044391470179,-100.920627338523));
#3732=CARTESIAN_POINT('',(-40.0701396454758,145.946190096347,-124.162682283071));
#3733=CARTESIAN_POINT('Origin',(-37.782,146.47519087885,-121.162569762696));
#3734=CARTESIAN_POINT('Origin',(-37.79,145.607644583226,-126.082669296745));
#3735=CARTESIAN_POINT('',(-36.289,153.663617907978,-80.3949742407549));
#3736=CARTESIAN_POINT('',(-36.289,149.861156695178,-101.959803386711));
#3737=CARTESIAN_POINT('',(-34.8477590352229,145.709376054322,-125.505721454236));
#3738=CARTESIAN_POINT('Origin',(-37.79,145.607644583226,-126.082669296745));
#3739=CARTESIAN_POINT('',(-34.7894405889932,145.615704189171,-126.036961000079));
#3740=CARTESIAN_POINT('Origin',(-37.789,145.606776342338,-126.08759333551));
#3741=CARTESIAN_POINT('',(-17.0470843805967,143.906650528059,-135.729485957091));
#3742=CARTESIAN_POINT('',(-25.0868728115105,144.681092754955,-131.337405835351));
#3743=CARTESIAN_POINT('',(-15.34,144.379463866201,-133.048028268413));
#3744=CARTESIAN_POINT('Origin',(-13.09,143.805176499044,-136.304973773012));
#3745=CARTESIAN_POINT('',(-15.34,154.483137006176,-75.7472504783166));
#3746=CARTESIAN_POINT('',(-15.34,149.117074253875,-106.179704608368));
#3747=CARTESIAN_POINT('',(-16.0993899755103,154.591573523662,-75.1322764281148));
#3748=CARTESIAN_POINT('Origin',(-13.84,154.934288205717,-73.1886448824593));
#3749=CARTESIAN_POINT('',(-34.9493504302722,153.94714465628,-78.7870141477343));
#3750=CARTESIAN_POINT('',(-25.5247470457261,154.26934620674,-76.9597183523602));
#3751=CARTESIAN_POINT('Origin',(-37.79,154.114668807129,-77.8369374766769));
#3752=CARTESIAN_POINT('',(-84.789,153.482112439403,-81.4243429048478));
#3753=CARTESIAN_POINT('',(-84.789,147.082836719021,-117.716438956571));
#3754=CARTESIAN_POINT('',(-84.789,149.861156695178,-101.959803386711));
#3755=CARTESIAN_POINT('Origin',(-86.296,146.47519087885,-121.162569762696));
#3756=CARTESIAN_POINT('',(-84.0090786119699,145.94603126913,-124.163583036977));
#3757=CARTESIAN_POINT('Origin',(-86.29,145.607644583226,-126.082669296745));
#3758=CARTESIAN_POINT('',(-82.5870002794429,146.626516181802,-120.304361323217));
#3759=CARTESIAN_POINT('Origin',(-86.296,146.47519087885,-121.162569762696));
#3760=CARTESIAN_POINT('',(-64.1495250318434,149.861156695178,-101.959803386711));
#3761=CARTESIAN_POINT('',(-63.1050854365867,150.044391470179,-100.920627338523));
#3762=CARTESIAN_POINT('',(-63.1050854365867,149.677921920176,-102.998979434899));
#3763=CARTESIAN_POINT('',(44.1667527466116,143.560332568533,-137.693552704759));
#3764=CARTESIAN_POINT('',(51.7937584479677,143.971409629958,-135.362218839837));
#3765=CARTESIAN_POINT('Origin',(47.91,143.805176499044,-136.304973773012));
#3766=CARTESIAN_POINT('',(63.0328775508561,143.690949930066,-136.952784836972));
#3767=CARTESIAN_POINT('',(58.2483637521034,143.810342143267,-136.275677948839));
#3768=CARTESIAN_POINT('',(27.16,148.780710997909,-108.087315426716));
#3769=CARTESIAN_POINT('',(26.2109149101353,148.915370291232,-107.32362462465));
#3770=CARTESIAN_POINT('',(-9.24123954215937,143.615984204519,-137.377936593362));
#3771=CARTESIAN_POINT('',(28.1090850898647,148.915370291232,-107.32362462465));
#3772=CARTESIAN_POINT('',(-9.34675274661157,143.560332568533,-137.693552704759));
#3773=CARTESIAN_POINT('Origin',(-13.09,143.805176499044,-136.304973773012));
#3774=CARTESIAN_POINT('',(27.16,143.560332568533,-137.693552704759));
#3775=CARTESIAN_POINT('',(-12.34,144.487450332126,-132.435606587451));
#3776=CARTESIAN_POINT('',(-9.82356215426507,144.206088881729,-134.031286665831));
#3777=CARTESIAN_POINT('Origin',(-13.09,143.805176499044,-136.304973773012));
#3778=CARTESIAN_POINT('',(24.7892958091663,149.117074253875,-106.179704608368));
#3779=CARTESIAN_POINT('',(26.2109149101353,149.318778216518,-105.035784592086));
#3780=CARTESIAN_POINT('',(-12.34,154.385100049074,-76.3032456907793));
#3781=CARTESIAN_POINT('',(26.2109149101353,148.915370291232,-107.32362462465));
#3782=CARTESIAN_POINT('',(-12.34,149.117074253875,-106.179704608368));
#3783=CARTESIAN_POINT('',(27.16,149.453437509841,-104.27209379002));
#3784=CARTESIAN_POINT('',(63.9534749136439,154.673815939217,-74.6658565119776));
#3785=CARTESIAN_POINT('',(26.2109149101353,149.318778216518,-105.035784592086));
#3786=CARTESIAN_POINT('',(-9.63347491364387,154.673815939217,-74.6658565119776));
#3787=CARTESIAN_POINT('',(27.16,154.673815939217,-74.6658565119776));
#3788=CARTESIAN_POINT('',(28.1090850898647,149.318778216518,-105.035784592086));
#3789=CARTESIAN_POINT('',(29.5307041908337,149.117074253875,-106.179704608368));
#3790=CARTESIAN_POINT('',(66.66,143.849048458676,-136.056163525957));
#3791=CARTESIAN_POINT('',(28.1090850898647,149.318778216518,-105.035784592086));
#3792=CARTESIAN_POINT('',(66.66,154.385100049074,-76.3032456907793));
#3793=CARTESIAN_POINT('',(66.66,149.117074253875,-106.179704608368));
#3794=CARTESIAN_POINT('',(28.1090850898647,148.915370291232,-107.32362462465));
#3795=CARTESIAN_POINT('',(-62.039,149.490889634161,-104.059692238257));
#3796=CARTESIAN_POINT('',(-82.6937810906056,145.867248608838,-124.610381705992));
#3797=CARTESIAN_POINT('',(-60.9729145634133,149.677921920176,-102.998979434899));
#3798=CARTESIAN_POINT('',(-41.3842189093944,145.867248608838,-124.610381705992));
#3799=CARTESIAN_POINT('',(-62.039,145.867248608838,-124.610381705992));
#3800=CARTESIAN_POINT('',(-63.1050854365867,149.677921920176,-102.998979434899));
#3801=CARTESIAN_POINT('',(-62.039,150.231423756194,-99.8599145351645));
#3802=CARTESIAN_POINT('',(-41.3842189093944,153.855064781517,-79.3092250674301));
#3803=CARTESIAN_POINT('',(-63.1050854365867,150.044391470179,-100.920627338523));
#3804=CARTESIAN_POINT('',(-82.6937810906056,153.855064781517,-79.3092250674301));
#3805=CARTESIAN_POINT('',(-62.039,153.855064781517,-79.3092250674301));
#3806=CARTESIAN_POINT('',(-60.9729145634133,150.044391470179,-100.920627338523));
#3807=CARTESIAN_POINT('',(77.3232254728046,148.630975377175,-108.936508330335));
#3808=CARTESIAN_POINT('',(77.3232254728046,149.603173130575,-103.422900886402));
#3809=CARTESIAN_POINT('Origin',(79.893,149.117074253875,-106.179704608368));
#3810=CARTESIAN_POINT('',(69.66,153.402595455344,-81.8753061308914));
#3811=CARTESIAN_POINT('',(72.6108179101068,151.939581808705,-90.1724688269296));
#3812=CARTESIAN_POINT('',(69.66,144.831553052406,-130.484103085845));
#3813=CARTESIAN_POINT('',(69.66,149.117074253875,-106.179704608368));
#3814=CARTESIAN_POINT('',(72.6108179101068,146.294566699045,-122.186940389807));
#3815=CARTESIAN_POINT('',(76.643,149.117074253875,-106.179704608368));
#3816=CARTESIAN_POINT('Origin',(79.893,149.117074253875,-106.179704608368));
#3817=CARTESIAN_POINT('',(44.66,143.805176499044,-136.304973773012));
#3818=CARTESIAN_POINT('Origin',(47.91,143.805176499044,-136.304973773012));
#3819=CARTESIAN_POINT('Origin',(-13.09,143.805176499044,-136.304973773012));
#3820=CARTESIAN_POINT('Origin',(-86.296,145.145700412284,-120.928144722846));
#3821=CARTESIAN_POINT('',(-84.789,145.753346252454,-117.482013916721));
#3822=CARTESIAN_POINT('Origin',(-37.79,149.284186778604,-76.9851931652206));
#3823=CARTESIAN_POINT('',(-36.289,148.833135879453,-79.5432299292986));
#3824=CARTESIAN_POINT('',(-34.9493504302722,151.288163723147,-78.3181640680336));
#3825=CARTESIAN_POINT('',(-34.9493504302722,149.116662627755,-77.935269836278));
#3826=CARTESIAN_POINT('',(-34.8477590352232,151.3539564029,-77.9450352394868));
#3827=CARTESIAN_POINT('Origin',(-37.79,151.455687873996,-77.3680873969762));
#3828=CARTESIAN_POINT('',(-34.8477590352232,150.753223673563,-77.83910985111));
#3829=CARTESIAN_POINT('',(-34.8477590352232,149.182455307508,-77.5621410077312));
#3830=CARTESIAN_POINT('',(-40.7312409647768,150.957554856643,-76.6802901273236));
#3831=CARTESIAN_POINT('Origin',(-37.79,150.854955144659,-77.2621620085993));
#3832=CARTESIAN_POINT('',(-40.7312409647768,149.386786490589,-76.4033212839449));
#3833=CARTESIAN_POINT('Origin',(-37.79,149.284186778604,-76.9851931652206));
#3834=CARTESIAN_POINT('',(-35.5072739950993,151.78385934385,-75.4493468014489));
#3835=CARTESIAN_POINT('',(-35.5072739950993,149.622206325988,-75.0681890514699));
#3836=CARTESIAN_POINT('',(-40.0664890361152,151.785125303287,-75.4421671887044));
#3837=CARTESIAN_POINT('',(-40.0664890361152,149.623472285426,-75.0610094387255));
#3838=CARTESIAN_POINT('Origin',(-37.79,151.445839796466,-77.3663509151995));
#3839=CARTESIAN_POINT('Origin',(-37.79,150.854955144659,-77.2621620085993));
#3840=CARTESIAN_POINT('',(-41.79,150.854955144659,-77.2621620085993));
#3841=CARTESIAN_POINT('Origin',(-37.79,150.854955144659,-77.2621620085993));
#3842=CARTESIAN_POINT('Origin',(-37.789,150.855823385547,-77.2572379698343));
#3843=CARTESIAN_POINT('Origin',(-37.782,152.314601629334,-72.4393577268794));
#3844=CARTESIAN_POINT('',(-40.0684888931625,151.785385666,-75.4406905983878));
#3845=CARTESIAN_POINT('Origin',(-37.782,152.314601629334,-72.4393577268794));
#3846=CARTESIAN_POINT('',(-35.5040568481536,151.784275574534,-75.4469862399369));
#3847=CARTESIAN_POINT('Origin',(-37.789,151.446708037354,-77.3614268764345));
#3848=CARTESIAN_POINT('Origin',(-37.782,152.314601629334,-72.4393577268794));
#3849=CARTESIAN_POINT('Origin',(-37.782,153.65394017343,-72.6755192485064));
#3850=CARTESIAN_POINT('',(-40.0684888931625,153.124724210096,-75.6768521200149));
#3851=CARTESIAN_POINT('Origin',(27.16,140.6408793689,-138.701914254577));
#3852=CARTESIAN_POINT('',(-16.0993899755103,151.932592590529,-74.6634263484141));
#3853=CARTESIAN_POINT('',(-25.5247470457261,151.610365273607,-76.4908682726595));
#3854=CARTESIAN_POINT('',(-16.84,152.275307272584,-72.7197948027586));
#3855=CARTESIAN_POINT('Origin',(-13.84,152.275307272584,-72.7197948027586));
#3856=CARTESIAN_POINT('',(-16.6788958840581,152.443725430784,-71.7646479640648));
#3857=CARTESIAN_POINT('Origin',(-13.84,152.275307272584,-72.7197948027586));
#3858=CARTESIAN_POINT('',(-35.4426779318022,151.802242768693,-75.4026769231805));
#3859=CARTESIAN_POINT('',(-26.1042529542739,152.121498113862,-73.5920898883102));
#3860=CARTESIAN_POINT('',(-35.5040568481536,151.794123652064,-75.4487227217136));
#3861=CARTESIAN_POINT('Origin',(-37.782,152.324449706864,-72.4410942086561));
#3862=CARTESIAN_POINT('Origin',(-37.789,151.456556114885,-77.3631633582111));
#3863=CARTESIAN_POINT('Origin',(-25.5247470457261,152.939855740173,-76.7252933125098));
#3864=CARTESIAN_POINT('',(-16.0993899755103,149.761091495137,-74.2805321166585));
#3865=CARTESIAN_POINT('Origin',(-37.79,140.777162554701,-125.230924985289));
#3866=CARTESIAN_POINT('',(-40.0701396454758,141.115708067822,-123.310937971615));
#3867=CARTESIAN_POINT('',(-40.7312409647771,142.245331208772,-126.089765709942));
#3868=CARTESIAN_POINT('',(-40.7312409647771,140.674562842717,-125.812796866563));
#3869=CARTESIAN_POINT('',(-34.8477590352229,142.449662391852,-124.930945986158));
#3870=CARTESIAN_POINT('Origin',(-37.79,142.347930920756,-125.507893828667));
#3871=CARTESIAN_POINT('',(-34.8477590352229,140.878894025797,-124.65397714278));
#3872=CARTESIAN_POINT('Origin',(-37.782,145.145700412284,-120.928144722846));
#3873=CARTESIAN_POINT('',(-41.4909997205571,145.297025715236,-120.069936283366));
#3874=CARTESIAN_POINT('Origin',(-86.29,149.284186778604,-76.9851931652206));
#3875=CARTESIAN_POINT('',(-83.3477590352231,150.753223673563,-77.83910985111));
#3876=CARTESIAN_POINT('',(-83.3477590352231,149.182455307508,-77.5621410077312));
#3877=CARTESIAN_POINT('',(-89.2312409647768,150.957554856643,-76.6802901273236));
#3878=CARTESIAN_POINT('Origin',(-86.29,150.854955144659,-77.2621620085993));
#3879=CARTESIAN_POINT('',(-89.2312409647768,149.386786490589,-76.4033212839449));
#3880=CARTESIAN_POINT('Origin',(-86.29,149.284186778604,-76.9851931652206));
#3881=CARTESIAN_POINT('',(-84.0127286062182,151.78496695184,-75.4430652443874));
#3882=CARTESIAN_POINT('',(-84.0127286062182,149.623313933978,-75.0619074944085));
#3883=CARTESIAN_POINT('',(-88.5719491188918,151.784017481122,-75.4484499604081));
#3884=CARTESIAN_POINT('',(-88.5719491188918,149.622364463261,-75.0672922104292));
#3885=CARTESIAN_POINT('Origin',(-86.29,151.445839796466,-77.3663509151995));
#3886=CARTESIAN_POINT('Origin',(-86.296,153.65394017343,-72.6755192485064));
#3887=CARTESIAN_POINT('',(-84.0095111068376,151.785385666,-75.4406905983878));
#3888=CARTESIAN_POINT('Origin',(-86.296,152.314601629334,-72.4393577268794));
#3889=CARTESIAN_POINT('',(-84.0095111068376,153.124724210096,-75.6768521200149));
#3890=CARTESIAN_POINT('Origin',(-86.296,152.314601629334,-72.4393577268794));
#3891=CARTESIAN_POINT('',(-88.5739431518464,151.784275574534,-75.4469862399369));
#3892=CARTESIAN_POINT('Origin',(-86.296,152.314601629334,-72.4393577268794));
#3893=CARTESIAN_POINT('Origin',(-86.289,151.446708037354,-77.3614268764345));
#3894=CARTESIAN_POINT('Origin',(-86.296,153.65394017343,-72.6755192485064));
#3895=CARTESIAN_POINT('',(-88.5739431518464,153.12361411863,-75.6831477615639));
#3896=CARTESIAN_POINT('Origin',(-86.29,140.777162554701,-125.230924985289));
#3897=CARTESIAN_POINT('',(-89.2312409647771,142.245331208772,-126.089765709942));
#3898=CARTESIAN_POINT('',(-89.2312409647771,140.674562842717,-125.812796866563));
#3899=CARTESIAN_POINT('',(-83.3477590352229,142.449662391852,-124.930945986158));
#3900=CARTESIAN_POINT('Origin',(-86.29,142.347930920756,-125.507893828667));
#3901=CARTESIAN_POINT('',(-83.3477590352229,140.878894025797,-124.65397714278));
#3902=CARTESIAN_POINT('',(-84.0090786119699,141.115549240605,-123.311838725521));
#3903=CARTESIAN_POINT('Origin',(-86.29,142.347930920756,-125.507893828667));
#3904=CARTESIAN_POINT('',(-90.29,142.347930920756,-125.507893828667));
#3905=CARTESIAN_POINT('Origin',(-86.29,142.347930920756,-125.507893828667));
#3906=CARTESIAN_POINT('Origin',(-86.289,142.347062679868,-125.512817867432));
#3907=CARTESIAN_POINT('Origin',(-86.289,140.776294313813,-125.235849024054));
#3908=CARTESIAN_POINT('',(-83.6909237886467,140.515822047313,-126.713060653572));
#3909=CARTESIAN_POINT('Origin',(-37.782,153.65394017343,-72.6755192485064));
#3910=CARTESIAN_POINT('',(-35.5040568481536,153.12361411863,-75.6831477615639));
#3911=CARTESIAN_POINT('',(-35.4426779318022,153.13173323526,-75.6371019630308));
#3912=CARTESIAN_POINT('Origin',(-37.789,149.285055019493,-76.9802691264555));
#3913=CARTESIAN_POINT('',(-40.3870762113533,149.545527285993,-75.5030574969372));
#3914=CARTESIAN_POINT('Origin',(-37.789,140.776294313813,-125.235849024054));
#3915=CARTESIAN_POINT('',(-40.3870762113533,140.515822047313,-126.713060653572));
#3916=CARTESIAN_POINT('',(-36.2446949659721,142.501174390498,-128.151656919463));
#3917=CARTESIAN_POINT('',(-36.2446949659721,140.329673295106,-127.768762687708));
#3918=CARTESIAN_POINT('',(-34.7894405889932,142.956723256038,-125.568110920378));
#3919=CARTESIAN_POINT('Origin',(-37.789,142.947795409205,-125.618743255809));
#3920=CARTESIAN_POINT('',(-34.7894405889932,140.785222160646,-125.185216688623));
#3921=CARTESIAN_POINT('Origin',(-37.789,142.347062679868,-125.512817867432));
#3922=CARTESIAN_POINT('Origin',(-60.9729145634133,148.714901003613,-100.686202298672));
#3923=CARTESIAN_POINT('',(-59.9284749681566,148.531666228611,-101.725378346861));
#3924=CARTESIAN_POINT('Origin',(-36.289,148.531666228611,-101.725378346861));
#3925=CARTESIAN_POINT('Origin',(-86.289,149.285055019493,-76.9802691264555));
#3926=CARTESIAN_POINT('',(-83.6909237886467,149.545527285993,-75.5030574969372));
#3927=CARTESIAN_POINT('Origin',(-86.289,150.855823385547,-77.2572379698343));
#3928=CARTESIAN_POINT('Origin',(-86.296,145.145700412284,-120.928144722846));
#3929=CARTESIAN_POINT('',(-82.5870002794429,145.297025715236,-120.069936283366));
#3930=CARTESIAN_POINT('Origin',(68.16,148.473949345957,-72.0495128369642));
#3931=CARTESIAN_POINT('',(66.135,151.694270698307,-72.6173423779351));
#3932=CARTESIAN_POINT('Origin',(68.16,151.694270698307,-72.6173423779351));
#3933=CARTESIAN_POINT('',(66.135,145.273324148667,-71.4851562595467));
#3934=CARTESIAN_POINT('',(66.135,148.473949345957,-72.0495128369642));
#3935=CARTESIAN_POINT('Origin',(68.16,145.273324148667,-71.4851562595467));
#3936=CARTESIAN_POINT('Origin',(68.16,151.694270698307,-72.6173423779351));
#3937=CARTESIAN_POINT('Origin',(68.16,136.839521442273,-138.031632288782));
#3938=CARTESIAN_POINT('',(66.135,140.059842794623,-138.599461829753));
#3939=CARTESIAN_POINT('Origin',(68.16,140.059842794623,-138.599461829753));
#3940=CARTESIAN_POINT('',(66.135,133.638896244983,-137.467275711365));
#3941=CARTESIAN_POINT('',(66.135,136.839521442273,-138.031632288782));
#3942=CARTESIAN_POINT('Origin',(68.16,133.638896244983,-137.467275711365));
#3943=CARTESIAN_POINT('Origin',(68.16,140.059842794623,-138.599461829753));
#3944=CARTESIAN_POINT('Origin',(-13.84,148.473949345957,-72.0495128369642));
#3945=CARTESIAN_POINT('',(-15.865,151.694270698307,-72.6173423779351));
#3946=CARTESIAN_POINT('Origin',(-13.84,151.694270698307,-72.6173423779351));
#3947=CARTESIAN_POINT('',(-15.865,145.273324148667,-71.4851562595467));
#3948=CARTESIAN_POINT('',(-15.865,148.473949345957,-72.0495128369642));
#3949=CARTESIAN_POINT('Origin',(-13.84,145.273324148667,-71.4851562595467));
#3950=CARTESIAN_POINT('Origin',(-13.84,151.694270698307,-72.6173423779351));
#3951=CARTESIAN_POINT('Origin',(-13.84,136.839521442273,-138.031632288782));
#3952=CARTESIAN_POINT('',(-15.865,140.059842794623,-138.599461829753));
#3953=CARTESIAN_POINT('Origin',(-13.84,140.059842794623,-138.599461829753));
#3954=CARTESIAN_POINT('',(-15.865,133.638896244983,-137.467275711365));
#3955=CARTESIAN_POINT('',(-15.865,136.839521442273,-138.031632288782));
#3956=CARTESIAN_POINT('Origin',(-13.84,133.638896244983,-137.467275711365));
#3957=CARTESIAN_POINT('Origin',(-13.84,140.059842794623,-138.599461829753));
#3958=CARTESIAN_POINT('Origin',(68.16,151.674574543247,-72.6138694143817));
#3959=CARTESIAN_POINT('',(64.16,151.674574543247,-72.6138694143817));
#3960=CARTESIAN_POINT('Origin',(68.16,151.674574543247,-72.6138694143817));
#3961=CARTESIAN_POINT('',(65.16,151.674574543247,-72.6138694143817));
#3962=CARTESIAN_POINT('Origin',(68.16,151.674574543247,-72.6138694143817));
#3963=CARTESIAN_POINT('Origin',(68.16,148.473949345957,-72.0495128369642));
#3964=CARTESIAN_POINT('',(64.16,145.273324148667,-71.4851562595467));
#3965=CARTESIAN_POINT('Origin',(68.16,145.273324148667,-71.4851562595467));
#3966=CARTESIAN_POINT('',(64.16,148.473949345957,-72.0495128369642));
#3967=CARTESIAN_POINT('Origin',(68.16,140.040146639562,-138.5959888662));
#3968=CARTESIAN_POINT('',(64.16,140.040146639562,-138.5959888662));
#3969=CARTESIAN_POINT('Origin',(68.16,140.040146639562,-138.5959888662));
#3970=CARTESIAN_POINT('',(65.16,140.040146639562,-138.5959888662));
#3971=CARTESIAN_POINT('Origin',(68.16,140.040146639562,-138.5959888662));
#3972=CARTESIAN_POINT('Origin',(68.16,136.839521442273,-138.031632288782));
#3973=CARTESIAN_POINT('',(64.16,133.638896244983,-137.467275711365));
#3974=CARTESIAN_POINT('Origin',(68.16,133.638896244983,-137.467275711365));
#3975=CARTESIAN_POINT('',(64.16,136.839521442273,-138.031632288782));
#3976=CARTESIAN_POINT('Origin',(-13.84,151.674574543247,-72.6138694143817));
#3977=CARTESIAN_POINT('',(-17.84,151.674574543247,-72.6138694143817));
#3978=CARTESIAN_POINT('Origin',(-13.84,151.674574543247,-72.6138694143817));
#3979=CARTESIAN_POINT('',(-16.84,151.674574543247,-72.6138694143817));
#3980=CARTESIAN_POINT('Origin',(-13.84,151.674574543247,-72.6138694143817));
#3981=CARTESIAN_POINT('Origin',(-13.84,148.473949345957,-72.0495128369642));
#3982=CARTESIAN_POINT('',(-17.84,145.273324148667,-71.4851562595467));
#3983=CARTESIAN_POINT('Origin',(-13.84,145.273324148667,-71.4851562595467));
#3984=CARTESIAN_POINT('',(-17.84,148.473949345957,-72.0495128369642));
#3985=CARTESIAN_POINT('Origin',(-13.84,140.040146639562,-138.5959888662));
#3986=CARTESIAN_POINT('',(-17.84,140.040146639562,-138.5959888662));
#3987=CARTESIAN_POINT('Origin',(-13.84,140.040146639562,-138.5959888662));
#3988=CARTESIAN_POINT('',(-16.84,140.040146639562,-138.5959888662));
#3989=CARTESIAN_POINT('Origin',(-13.84,140.040146639562,-138.5959888662));
#3990=CARTESIAN_POINT('Origin',(-13.84,136.839521442273,-138.031632288782));
#3991=CARTESIAN_POINT('',(-17.84,133.638896244983,-137.467275711365));
#3992=CARTESIAN_POINT('Origin',(-13.84,133.638896244983,-137.467275711365));
#3993=CARTESIAN_POINT('',(-17.84,136.839521442273,-138.031632288782));
#3994=CARTESIAN_POINT('Origin',(-37.79,147.654329947369,-76.6978054311818));
#3995=CARTESIAN_POINT('',(-41.79,144.453704750079,-76.1334488537643));
#3996=CARTESIAN_POINT('Origin',(-37.79,144.453704750079,-76.1334488537643));
#3997=CARTESIAN_POINT('',(-41.79,147.654329947369,-76.6978054311818));
#3998=CARTESIAN_POINT('Origin',(-37.79,142.347930920756,-125.507893828667));
#3999=CARTESIAN_POINT('',(-41.79,142.347930920756,-125.507893828667));
#4000=CARTESIAN_POINT('Origin',(-37.79,142.347930920756,-125.507893828667));
#4001=CARTESIAN_POINT('Origin',(-37.79,139.147305723466,-124.94353725125));
#4002=CARTESIAN_POINT('',(-41.79,135.946680526177,-124.379180673832));
#4003=CARTESIAN_POINT('Origin',(-37.79,135.946680526177,-124.379180673832));
#4004=CARTESIAN_POINT('',(-41.79,139.147305723466,-124.94353725125));
#4005=CARTESIAN_POINT('Origin',(-86.29,150.854955144659,-77.2621620085993));
#4006=CARTESIAN_POINT('',(-90.29,150.854955144659,-77.2621620085993));
#4007=CARTESIAN_POINT('Origin',(-86.29,150.854955144659,-77.2621620085993));
#4008=CARTESIAN_POINT('Origin',(-86.29,147.654329947369,-76.6978054311818));
#4009=CARTESIAN_POINT('',(-90.29,144.453704750079,-76.1334488537643));
#4010=CARTESIAN_POINT('Origin',(-86.29,144.453704750079,-76.1334488537643));
#4011=CARTESIAN_POINT('',(-90.29,147.654329947369,-76.6978054311818));
#4012=CARTESIAN_POINT('Origin',(-86.29,139.147305723466,-124.94353725125));
#4013=CARTESIAN_POINT('',(-90.29,135.946680526177,-124.379180673832));
#4014=CARTESIAN_POINT('Origin',(-86.29,135.946680526177,-124.379180673832));
#4015=CARTESIAN_POINT('',(-90.29,139.147305723466,-124.94353725125));
#4016=CARTESIAN_POINT('Origin',(47.91,143.755936111393,-136.296291364128));
#4017=CARTESIAN_POINT('',(44.66,143.608214948441,-136.270244137478));
#4018=CARTESIAN_POINT('',(44.66,143.755936111393,-136.296291364128));
#4019=CARTESIAN_POINT('Origin',(47.91,143.608214948441,-136.270244137478));
#4020=CARTESIAN_POINT('Origin',(47.91,143.608214948441,-136.270244137478));
#4021=CARTESIAN_POINT('Origin',(-13.09,143.755936111393,-136.296291364128));
#4022=CARTESIAN_POINT('Origin',(47.91,142.475686032477,-136.070548733161));
#4023=CARTESIAN_POINT('',(44.1667527466116,140.9013516354,-137.224702625058));
#4024=CARTESIAN_POINT('',(44.1667527466116,142.230842101967,-137.459127664909));
#4025=CARTESIAN_POINT('',(51.7937584479677,141.312428696825,-134.893368760136));
#4026=CARTESIAN_POINT('Origin',(47.91,141.146195565911,-135.836123693311));
#4027=CARTESIAN_POINT('',(51.7937584479677,142.641919163392,-135.127793799986));
#4028=CARTESIAN_POINT('Origin',(27.16,142.230842101967,-137.459127664909));
#4029=CARTESIAN_POINT('',(-9.34675274661157,140.9013516354,-137.224702625058));
#4030=CARTESIAN_POINT('',(-9.34675274661157,142.230842101967,-137.459127664909));
#4031=CARTESIAN_POINT('',(27.16,140.9013516354,-137.224702625058));
#4032=CARTESIAN_POINT('Origin',(58.2483637521034,142.480851676701,-136.041252908988));
#4033=CARTESIAN_POINT('',(63.0328775508561,141.031968996933,-136.483934757272));
#4034=CARTESIAN_POINT('',(58.2483637521034,141.151361210134,-135.806827869138));
#4035=CARTESIAN_POINT('',(63.0328775508561,142.361459463499,-136.718359797122));
#4036=CARTESIAN_POINT('Origin',(27.16,140.6408793689,-138.701914254577));
#4037=CARTESIAN_POINT('',(65.5619237886467,140.380407102399,-140.179125884095));
#4038=CARTESIAN_POINT('',(65.16,140.6408793689,-138.701914254577));
#4039=CARTESIAN_POINT('Origin',(68.16,140.6408793689,-138.701914254577));
#4040=CARTESIAN_POINT('',(70.434479307557,140.980571063158,-136.775426924655));
#4041=CARTESIAN_POINT('Origin',(68.16,140.6408793689,-138.701914254577));
#4042=CARTESIAN_POINT('',(80.1545896525909,145.799795601859,-109.444246413666));
#4043=CARTESIAN_POINT('',(75.4421820898932,143.463386923729,-122.694678473138));
#4044=CARTESIAN_POINT('',(80.1545896525909,147.116391039625,-101.977462643669));
#4045=CARTESIAN_POINT('Origin',(79.893,146.458093320742,-105.710854528668));
#4046=CARTESIAN_POINT('',(70.434479307557,151.935615578326,-74.6462821326798));
#4047=CARTESIAN_POINT('',(75.4421820898932,149.452799717755,-88.7270305841972));
#4048=CARTESIAN_POINT('',(65.16,152.275307272584,-72.7197948027586));
#4049=CARTESIAN_POINT('Origin',(68.16,152.275307272584,-72.7197948027586));
#4050=CARTESIAN_POINT('',(65.5619237886467,152.535779539085,-71.2425831732402));
#4051=CARTESIAN_POINT('Origin',(68.16,152.275307272584,-72.7197948027586));
#4052=CARTESIAN_POINT('',(-11.2419237886467,152.535779539085,-71.2425831732402));
#4053=CARTESIAN_POINT('',(27.16,152.535779539085,-71.2425831732402));
#4054=CARTESIAN_POINT('',(-15.34,151.824156073043,-75.2784003986159));
#4055=CARTESIAN_POINT('Origin',(-13.84,152.275307272584,-72.7197948027586));
#4056=CARTESIAN_POINT('',(-15.34,141.720482933068,-132.579178188713));
#4057=CARTESIAN_POINT('',(-15.34,146.458093320742,-105.710854528668));
#4058=CARTESIAN_POINT('',(-17.0470843805967,141.247669594926,-135.260635877391));
#4059=CARTESIAN_POINT('Origin',(-13.09,141.146195565911,-135.836123693311));
#4060=CARTESIAN_POINT('',(-25.0868728115105,142.022111821823,-130.86855575565));
#4061=CARTESIAN_POINT('',(-16.8395594110068,140.631951522067,-138.752546590008));
#4062=CARTESIAN_POINT('',(-26.5421271884895,141.566562956282,-133.452101754735));
#4063=CARTESIAN_POINT('',(-16.84,140.6408793689,-138.701914254577));
#4064=CARTESIAN_POINT('Origin',(-13.84,140.6408793689,-138.701914254577));
#4065=CARTESIAN_POINT('',(-11.2419237886467,140.380407102399,-140.179125884095));
#4066=CARTESIAN_POINT('Origin',(-13.84,140.6408793689,-138.701914254577));
#4067=CARTESIAN_POINT('',(27.16,140.380407102399,-140.179125884095));
#4068=CARTESIAN_POINT('',(-12.34,141.828469398993,-131.966756507751));
#4069=CARTESIAN_POINT('',(-12.34,151.726119115941,-75.8343956110786));
#4070=CARTESIAN_POINT('',(-12.34,146.458093320742,-105.710854528668));
#4071=CARTESIAN_POINT('',(24.7892958091663,146.458093320742,-105.710854528668));
#4072=CARTESIAN_POINT('',(26.2109149101353,146.256389358099,-106.85477454495));
#4073=CARTESIAN_POINT('',(-9.82356215426507,141.547107948596,-133.56243658613));
#4074=CARTESIAN_POINT('',(26.2109149101353,146.659797283385,-104.566934512386));
#4075=CARTESIAN_POINT('Origin',(-13.09,141.146195565911,-135.836123693311));
#4076=CARTESIAN_POINT('',(27.16,146.794456576708,-103.80324371032));
#4077=CARTESIAN_POINT('',(-9.63347491364387,152.014835006084,-74.1970064322769));
#4078=CARTESIAN_POINT('',(28.1090850898647,146.659797283385,-104.566934512386));
#4079=CARTESIAN_POINT('',(63.9534749136439,152.014835006084,-74.1970064322769));
#4080=CARTESIAN_POINT('',(27.16,152.014835006084,-74.1970064322769));
#4081=CARTESIAN_POINT('',(26.2109149101353,146.659797283385,-104.566934512386));
#4082=CARTESIAN_POINT('',(29.5307041908337,146.458093320742,-105.710854528668));
#4083=CARTESIAN_POINT('',(66.66,151.726119115941,-75.8343956110786));
#4084=CARTESIAN_POINT('',(28.1090850898647,146.256389358099,-106.85477454495));
#4085=CARTESIAN_POINT('',(66.66,141.190067525543,-135.587313446256));
#4086=CARTESIAN_POINT('',(66.66,146.458093320742,-105.710854528668));
#4087=CARTESIAN_POINT('',(28.1090850898647,146.659797283385,-104.566934512386));
#4088=CARTESIAN_POINT('',(77.3232254728046,145.971994444042,-108.467658250634));
#4089=CARTESIAN_POINT('',(69.66,142.172572119273,-130.015253006144));
#4090=CARTESIAN_POINT('',(72.6108179101068,143.635585765912,-121.718090310106));
#4091=CARTESIAN_POINT('',(69.66,150.743614522211,-81.4064560511907));
#4092=CARTESIAN_POINT('',(69.66,146.458093320742,-105.710854528668));
#4093=CARTESIAN_POINT('',(77.3232254728046,146.944192197442,-102.954050806701));
#4094=CARTESIAN_POINT('',(72.6108179101068,149.280600875572,-89.7036187472289));
#4095=CARTESIAN_POINT('Origin',(79.893,146.458093320742,-105.710854528668));
#4096=CARTESIAN_POINT('',(78.193,146.458093320742,-105.710854528668));
#4097=CARTESIAN_POINT('Origin',(79.893,146.458093320742,-105.710854528668));
#4098=CARTESIAN_POINT('',(-9.24123954215937,140.957003271386,-136.909086513662));
#4099=CARTESIAN_POINT('Origin',(-13.09,141.146195565911,-135.836123693311));
#4100=CARTESIAN_POINT('',(27.16,146.121730064776,-107.618465347015));
#4101=CARTESIAN_POINT('',(28.1090850898647,146.256389358099,-106.85477454495));
#4102=CARTESIAN_POINT('',(26.2109149101353,146.256389358099,-106.85477454495));
#4103=CARTESIAN_POINT('Origin',(-13.09,142.475686032477,-136.070548733161));
#4104=CARTESIAN_POINT('',(-15.34,143.049973399635,-132.813603228563));
#4105=CARTESIAN_POINT('',(-17.0470843805967,142.577160061493,-135.495060917241));
#4106=CARTESIAN_POINT('Origin',(-13.09,142.475686032477,-136.070548733161));
#4107=CARTESIAN_POINT('',(-9.24123954215937,142.286493737952,-137.143511553512));
#4108=CARTESIAN_POINT('Origin',(-13.09,142.475686032477,-136.070548733161));
#4109=CARTESIAN_POINT('',(-12.34,143.157959865559,-132.201181547601));
#4110=CARTESIAN_POINT('',(-9.82356215426507,142.876598415162,-133.79686162598));
#4111=CARTESIAN_POINT('Origin',(-12.34,147.787583787309,-105.945279568518));
#4112=CARTESIAN_POINT('',(-12.34,153.055609582507,-76.0688206509289));
#4113=CARTESIAN_POINT('Origin',(-13.84,138.469378273508,-138.319020022821));
#4114=CARTESIAN_POINT('',(-16.84,138.469378273508,-138.319020022821));
#4115=CARTESIAN_POINT('',(-16.8395594110068,138.460450426675,-138.369652358252));
#4116=CARTESIAN_POINT('',(-11.2419237886467,138.208906007008,-139.796231652339));
#4117=CARTESIAN_POINT('Origin',(28.1090850898647,147.585879824666,-107.0891995848));
#4118=CARTESIAN_POINT('',(27.16,147.451220531342,-107.852890386866));
#4119=CARTESIAN_POINT('Origin',(-25.0868728115105,143.351602288389,-131.102980795501));
#4120=CARTESIAN_POINT('Origin',(79.893,149.018593478574,-106.162339790602));
#4121=CARTESIAN_POINT('',(76.643,148.821631927971,-106.127610155068));
#4122=CARTESIAN_POINT('',(76.643,149.018593478574,-106.162339790602));
#4123=CARTESIAN_POINT('Origin',(79.893,148.821631927971,-106.127610155068));
#4124=CARTESIAN_POINT('Origin',(79.893,148.821631927971,-106.127610155068));
#4125=CARTESIAN_POINT('',(78.193,148.821631927971,-106.127610155068));
#4126=CARTESIAN_POINT('Origin',(79.893,148.821631927971,-106.127610155068));
#4127=CARTESIAN_POINT('Origin',(79.893,147.787583787309,-105.945279568518));
#4128=CARTESIAN_POINT('',(78.193,147.787583787309,-105.945279568518));
#4129=CARTESIAN_POINT('Origin',(68.16,150.103806177192,-72.336900571003));
#4130=CARTESIAN_POINT('',(65.16,150.103806177192,-72.336900571003));
#4131=CARTESIAN_POINT('',(70.434479307557,149.764114482934,-74.2633879009242));
#4132=CARTESIAN_POINT('',(65.5619237886467,150.364278443693,-70.8596889414846));
#4133=CARTESIAN_POINT('Origin',(68.16,145.273324148667,-71.4851562595467));
#4134=CARTESIAN_POINT('Origin',(27.16,153.865270005651,-71.4770082130906));
#4135=CARTESIAN_POINT('',(-11.2419237886467,150.364278443693,-70.8596889414846));
#4136=CARTESIAN_POINT('Origin',(-13.84,150.103806177192,-72.336900571003));
#4137=CARTESIAN_POINT('',(-16.84,150.103806177192,-72.336900571003));
#4138=CARTESIAN_POINT('',(-15.34,149.652654977651,-74.8955061668603));
#4139=CARTESIAN_POINT('',(-16.6788958840581,150.272224335392,-71.3817537323092));
#4140=CARTESIAN_POINT('Origin',(-13.84,145.273324148667,-71.4851562595467));
#4141=CARTESIAN_POINT('Origin',(-15.34,147.787583787309,-105.945279568518));
#4142=CARTESIAN_POINT('Origin',(-26.1042529542739,153.450988580429,-73.8265149281605));
#4143=CARTESIAN_POINT('Origin',(68.16,138.469378273508,-138.319020022821));
#4144=CARTESIAN_POINT('',(65.16,138.469378273508,-138.319020022821));
#4145=CARTESIAN_POINT('',(65.5619237886467,138.208906007008,-139.796231652339));
#4146=CARTESIAN_POINT('',(70.434479307557,138.809069967766,-136.3925326929));
#4147=CARTESIAN_POINT('Origin',(68.16,133.638896244983,-137.467275711365));
#4148=CARTESIAN_POINT('Origin',(75.4421820898932,144.792877390296,-122.929103512988));
#4149=CARTESIAN_POINT('',(80.1545896525909,147.129286068425,-109.678671453516));
#4150=CARTESIAN_POINT('Origin',(-13.84,133.638896244983,-137.467275711365));
#4151=CARTESIAN_POINT('Origin',(-37.789,144.454572990968,-76.1285248149993));
#4152=CARTESIAN_POINT('Origin',(-62.039,153.046518847951,-76.1203767685432));
#4153=CARTESIAN_POINT('Origin',(-86.289,144.454572990968,-76.1285248149993));
#4154=CARTESIAN_POINT('Origin',(-37.789,135.945812285288,-124.384104712597));
#4155=CARTESIAN_POINT('Origin',(-26.5421271884895,142.896053422849,-133.686526794586));
#4156=CARTESIAN_POINT('Origin',(-86.289,135.945812285288,-124.384104712597));
#4157=CARTESIAN_POINT('Origin',(-62.039,144.016813609271,-127.330379925178));
#4158=CARTESIAN_POINT('Origin',(79.893,147.787583787309,-105.945279568518));
#4159=CARTESIAN_POINT('',(80.1545896525909,148.445881506192,-102.21188768352));
#4160=CARTESIAN_POINT('Origin',(79.893,147.787583787309,-105.945279568518));
#4161=CARTESIAN_POINT('',(77.3232254728046,147.301484910608,-108.702083290484));
#4162=CARTESIAN_POINT('',(77.3232254728046,148.273682664009,-103.188475846551));
#4163=CARTESIAN_POINT('Origin',(72.6108179101068,150.610091342138,-89.9380437870792));
#4164=CARTESIAN_POINT('',(69.66,152.073104988777,-81.640881091041));
#4165=CARTESIAN_POINT('Origin',(-84.789,148.531666228611,-101.725378346861));
#4166=CARTESIAN_POINT('',(-84.789,152.152621972836,-81.1899178649975));
#4167=CARTESIAN_POINT('Origin',(75.4421820898932,150.782290184321,-88.9614556240475));
#4168=CARTESIAN_POINT('Origin',(72.6108179101068,144.965076232479,-121.952515349957));
#4169=CARTESIAN_POINT('',(69.66,143.50206258584,-130.249678045995));
#4170=CARTESIAN_POINT('Origin',(69.66,147.787583787309,-105.945279568518));
#4171=CARTESIAN_POINT('Origin',(-60.9729145634133,148.714901003613,-100.686202298672));
#4172=CARTESIAN_POINT('',(-62.039,148.901933289628,-99.6254894953142));
#4173=CARTESIAN_POINT('',(-82.6937810906056,152.525574314951,-79.0748000275798));
#4174=CARTESIAN_POINT('Origin',(-63.1050854365867,148.34843145361,-102.764554395049));
#4175=CARTESIAN_POINT('',(-62.039,148.161399167595,-103.825267198407));
#4176=CARTESIAN_POINT('',(-41.3842189093944,144.537758142272,-124.375956666141));
#4177=CARTESIAN_POINT('Origin',(-63.1050854365867,148.34843145361,-102.764554395049));
#4178=CARTESIAN_POINT('',(-64.1495250318434,148.531666228611,-101.725378346861));
#4179=CARTESIAN_POINT('Origin',(-63.1050854365867,148.714901003613,-100.686202298672));
#4180=CARTESIAN_POINT('Origin',(-60.9729145634133,148.34843145361,-102.764554395049));
#4181=CARTESIAN_POINT('',(-82.6937810906056,144.537758142272,-124.375956666141));
#4182=CARTESIAN_POINT('Origin',(-60.9729145634133,148.34843145361,-102.764554395049));
#4183=CARTESIAN_POINT('Origin',(-62.039,152.525574314951,-79.0748000275798));
#4184=CARTESIAN_POINT('',(-41.3842189093944,152.525574314951,-79.0748000275798));
#4185=CARTESIAN_POINT('Origin',(-62.039,144.537758142272,-124.375956666141));
#4186=CARTESIAN_POINT('Origin',(-63.1050854365867,148.714901003613,-100.686202298672));
#4187=CARTESIAN_POINT('Origin',(28.1090850898647,147.989287749952,-104.801359552236));
#4188=CARTESIAN_POINT('',(29.5307041908337,147.787583787309,-105.945279568518));
#4189=CARTESIAN_POINT('',(66.66,142.51955799211,-135.821738486107));
#4190=CARTESIAN_POINT('Origin',(28.1090850898647,147.989287749952,-104.801359552236));
#4191=CARTESIAN_POINT('',(27.16,148.123947043275,-104.03766875017));
#4192=CARTESIAN_POINT('',(-9.63347491364388,153.34432547265,-74.4314314721272));
#4193=CARTESIAN_POINT('Origin',(26.2109149101353,147.585879824666,-107.0891995848));
#4194=CARTESIAN_POINT('Origin',(26.2109149101353,147.585879824666,-107.0891995848));
#4195=CARTESIAN_POINT('',(24.7892958091663,147.787583787309,-105.945279568518));
#4196=CARTESIAN_POINT('Origin',(26.2109149101353,147.989287749952,-104.801359552236));
#4197=CARTESIAN_POINT('Origin',(28.1090850898647,147.585879824666,-107.0891995848));
#4198=CARTESIAN_POINT('',(66.66,153.055609582507,-76.0688206509289));
#4199=CARTESIAN_POINT('Origin',(27.16,153.34432547265,-74.4314314721272));
#4200=CARTESIAN_POINT('',(63.9534749136439,153.34432547265,-74.4314314721272));
#4201=CARTESIAN_POINT('Origin',(26.2109149101353,147.989287749952,-104.801359552236));
#4202=CARTESIAN_POINT('Origin',(66.66,147.787583787309,-105.945279568518));
#4203=CARTESIAN_POINT('Origin',(27.16,141.709897568966,-140.413550923945));
#4204=UNCERTAINTY_MEASURE_WITH_UNIT(LENGTH_MEASURE(0.01),#4208,
'DISTANCE_ACCURACY_VALUE',
'Maximum model space distance between geometric entities at asserted c
onnectivities');
#4205=UNCERTAINTY_MEASURE_WITH_UNIT(LENGTH_MEASURE(0.01),#4208,
'DISTANCE_ACCURACY_VALUE',
'Maximum model space distance between geometric entities at asserted c
onnectivities');
#4206=(
GEOMETRIC_REPRESENTATION_CONTEXT(3)
GLOBAL_UNCERTAINTY_ASSIGNED_CONTEXT((#4204))
GLOBAL_UNIT_ASSIGNED_CONTEXT((#4208,#4210,#4211))
REPRESENTATION_CONTEXT('','3D')
);
#4207=(
GEOMETRIC_REPRESENTATION_CONTEXT(3)
GLOBAL_UNCERTAINTY_ASSIGNED_CONTEXT((#4205))
GLOBAL_UNIT_ASSIGNED_CONTEXT((#4208,#4210,#4211))
REPRESENTATION_CONTEXT('','3D')
);
#4208=(
LENGTH_UNIT()
NAMED_UNIT(*)
SI_UNIT(.MILLI.,.METRE.)
);
#4209=(
LENGTH_UNIT()
NAMED_UNIT(*)
SI_UNIT($,.METRE.)
);
#4210=(
NAMED_UNIT(*)
PLANE_ANGLE_UNIT()
SI_UNIT($,.RADIAN.)
);
#4211=(
NAMED_UNIT(*)
SI_UNIT($,.STERADIAN.)
SOLID_ANGLE_UNIT()
);
#4212=SHAPE_DEFINITION_REPRESENTATION(#4213,#4214);
#4213=PRODUCT_DEFINITION_SHAPE('',$,#4216);
#4214=SHAPE_REPRESENTATION('',(#2480),#4206);
#4215=PRODUCT_DEFINITION_CONTEXT('part definition',#4220,'design');
#4216=PRODUCT_DEFINITION('(Unsaved)','(Unsaved)',#4217,#4215);
#4217=PRODUCT_DEFINITION_FORMATION('',$,#4222);
#4218=PRODUCT_RELATED_PRODUCT_CATEGORY('(Unsaved)','(Unsaved)',(#4222));
#4219=APPLICATION_PROTOCOL_DEFINITION('international standard',
'automotive_design',2009,#4220);
#4220=APPLICATION_CONTEXT(
'Core Data for Automotive Mechanical Design Process');
#4221=PRODUCT_CONTEXT('part definition',#4220,'mechanical');
#4222=PRODUCT('(Unsaved)','(Unsaved)',$,(#4221));
#4223=PRESENTATION_STYLE_ASSIGNMENT((#4224));
#4224=SURFACE_STYLE_USAGE(.BOTH.,#4225);
#4225=SURFACE_SIDE_STYLE('',(#4226));
#4226=SURFACE_STYLE_FILL_AREA(#4227);
#4227=FILL_AREA_STYLE('Steel - Satin',(#4228));
#4228=FILL_AREA_STYLE_COLOUR('Steel - Satin',#4229);
#4229=COLOUR_RGB('Steel - Satin',0.627450980392157,0.627450980392157,0.627450980392157);
ENDSEC;
END-ISO-10303-21;
