ISO-10303-21;
HEADER;
/* Generated by software containing ST-Developer
 * from STEP Tools, Inc. (www.steptools.com) 
 */

FILE_DESCRIPTION(
/* description */ (''),
/* implementation_level */ '2;1');

FILE_NAME(
/* name */ 'reference-all-assembly-screws.step',
/* time_stamp */ '2026-09-11T16:58:14-07:00',
/* author */ (''),
/* organization */ (''),
/* preprocessor_version */ 'ST-DEVELOPER v20.2',
/* originating_system */ 'Autodesk Translation Framework v15.15.0.0',
/* authorisation */ '');

FILE_SCHEMA (('AUTOMOTIVE_DESIGN { 1 0 10303 214 3 1 1 }'));
ENDSEC;

DATA;
#10=MECHANICAL_DESIGN_GEOMETRIC_PRESENTATION_REPRESENTATION('',(#14,#15,
#16,#17,#18,#19,#20,#21,#22,#23,#24,#25,#26,#27,#28,#29,#30,#31,#32,#33,
#34,#35,#36,#37,#38,#39,#40,#41,#42,#43,#44,#45,#46,#47,#48,#49,#50,#51,
#52,#53,#54,#55,#56,#57,#58,#59,#60,#61,#62),#7068);
#11=SHAPE_REPRESENTATION_RELATIONSHIP('SRR','None',#7075,#12);
#12=ADVANCED_BREP_SHAPE_REPRESENTATION('',(#63,#64,#65,#66,#67,#68,#69,
#70,#71,#72,#73,#74,#75,#76,#77,#78,#79,#80,#81,#82,#83,#84,#85,#86,#87,
#88,#89,#90,#91,#92,#93,#94,#95,#96,#97,#98,#99,#100,#101,#102,#103,#104,
#105,#106,#107,#108,#109,#110,#111),#7067);
#13=CONICAL_SURFACE('',#4177,2.25,0.78539816339745);
#14=STYLED_ITEM('',(#7084),#63);
#15=STYLED_ITEM('',(#7084),#64);
#16=STYLED_ITEM('',(#7084),#65);
#17=STYLED_ITEM('',(#7084),#66);
#18=STYLED_ITEM('',(#7084),#67);
#19=STYLED_ITEM('',(#7084),#68);
#20=STYLED_ITEM('',(#7084),#69);
#21=STYLED_ITEM('',(#7084),#70);
#22=STYLED_ITEM('',(#7084),#71);
#23=STYLED_ITEM('',(#7084),#72);
#24=STYLED_ITEM('',(#7084),#73);
#25=STYLED_ITEM('',(#7084),#74);
#26=STYLED_ITEM('',(#7084),#75);
#27=STYLED_ITEM('',(#7084),#76);
#28=STYLED_ITEM('',(#7084),#77);
#29=STYLED_ITEM('',(#7084),#78);
#30=STYLED_ITEM('',(#7084),#79);
#31=STYLED_ITEM('',(#7084),#80);
#32=STYLED_ITEM('',(#7084),#81);
#33=STYLED_ITEM('',(#7084),#82);
#34=STYLED_ITEM('',(#7084),#83);
#35=STYLED_ITEM('',(#7084),#84);
#36=STYLED_ITEM('',(#7084),#85);
#37=STYLED_ITEM('',(#7084),#86);
#38=STYLED_ITEM('',(#7084),#87);
#39=STYLED_ITEM('',(#7084),#88);
#40=STYLED_ITEM('',(#7084),#89);
#41=STYLED_ITEM('',(#7084),#90);
#42=STYLED_ITEM('',(#7084),#91);
#43=STYLED_ITEM('',(#7084),#92);
#44=STYLED_ITEM('',(#7084),#93);
#45=STYLED_ITEM('',(#7084),#94);
#46=STYLED_ITEM('',(#7084),#95);
#47=STYLED_ITEM('',(#7084),#96);
#48=STYLED_ITEM('',(#7084),#97);
#49=STYLED_ITEM('',(#7084),#98);
#50=STYLED_ITEM('',(#7084),#99);
#51=STYLED_ITEM('',(#7084),#100);
#52=STYLED_ITEM('',(#7084),#101);
#53=STYLED_ITEM('',(#7084),#102);
#54=STYLED_ITEM('',(#7084),#103);
#55=STYLED_ITEM('',(#7084),#104);
#56=STYLED_ITEM('',(#7084),#105);
#57=STYLED_ITEM('',(#7084),#106);
#58=STYLED_ITEM('',(#7084),#107);
#59=STYLED_ITEM('',(#7084),#108);
#60=STYLED_ITEM('',(#7084),#109);
#61=STYLED_ITEM('',(#7084),#110);
#62=STYLED_ITEM('',(#7084),#111);
#63=MANIFOLD_SOLID_BREP('reference-all-assembly-screws 1',#3873);
#64=MANIFOLD_SOLID_BREP('reference-all-assembly-screws 2',#3874);
#65=MANIFOLD_SOLID_BREP('reference-all-assembly-screws 3',#3875);
#66=MANIFOLD_SOLID_BREP('reference-all-assembly-screws 4',#3876);
#67=MANIFOLD_SOLID_BREP('reference-all-assembly-screws 5',#3877);
#68=MANIFOLD_SOLID_BREP('reference-all-assembly-screws 6',#3878);
#69=MANIFOLD_SOLID_BREP('reference-all-assembly-screws 7',#3879);
#70=MANIFOLD_SOLID_BREP('reference-all-assembly-screws 8',#3880);
#71=MANIFOLD_SOLID_BREP('reference-all-assembly-screws 9',#3881);
#72=MANIFOLD_SOLID_BREP('reference-all-assembly-screws 10',#3882);
#73=MANIFOLD_SOLID_BREP('reference-all-assembly-screws 11',#3883);
#74=MANIFOLD_SOLID_BREP('reference-all-assembly-screws 12',#3884);
#75=MANIFOLD_SOLID_BREP('reference-all-assembly-screws 13',#3885);
#76=MANIFOLD_SOLID_BREP('reference-all-assembly-screws 14',#3886);
#77=MANIFOLD_SOLID_BREP('reference-all-assembly-screws 15',#3887);
#78=MANIFOLD_SOLID_BREP('reference-all-assembly-screws 16',#3888);
#79=MANIFOLD_SOLID_BREP('reference-all-assembly-screws 17',#3889);
#80=MANIFOLD_SOLID_BREP('reference-all-assembly-screws 18',#3890);
#81=MANIFOLD_SOLID_BREP('reference-all-assembly-screws 19',#3891);
#82=MANIFOLD_SOLID_BREP('reference-all-assembly-screws 20',#3892);
#83=MANIFOLD_SOLID_BREP('reference-all-assembly-screws 21',#3893);
#84=MANIFOLD_SOLID_BREP('reference-all-assembly-screws 22',#3894);
#85=MANIFOLD_SOLID_BREP('reference-all-assembly-screws 23',#3895);
#86=MANIFOLD_SOLID_BREP('reference-all-assembly-screws 24',#3896);
#87=MANIFOLD_SOLID_BREP('reference-all-assembly-screws 25',#3897);
#88=MANIFOLD_SOLID_BREP('reference-all-assembly-screws 26',#3898);
#89=MANIFOLD_SOLID_BREP('reference-all-assembly-screws 27',#3899);
#90=MANIFOLD_SOLID_BREP('reference-all-assembly-screws 28',#3900);
#91=MANIFOLD_SOLID_BREP('reference-all-assembly-screws 29',#3901);
#92=MANIFOLD_SOLID_BREP('reference-all-assembly-screws 30',#3902);
#93=MANIFOLD_SOLID_BREP('reference-all-assembly-screws 31',#3903);
#94=MANIFOLD_SOLID_BREP('reference-all-assembly-screws 32',#3904);
#95=MANIFOLD_SOLID_BREP('reference-all-assembly-screws 33',#3905);
#96=MANIFOLD_SOLID_BREP('reference-all-assembly-screws 34',#3906);
#97=MANIFOLD_SOLID_BREP('reference-all-assembly-screws 35',#3907);
#98=MANIFOLD_SOLID_BREP('reference-all-assembly-screws 36',#3908);
#99=MANIFOLD_SOLID_BREP('reference-all-assembly-screws 37',#3909);
#100=MANIFOLD_SOLID_BREP('reference-all-assembly-screws 38',#3910);
#101=MANIFOLD_SOLID_BREP('reference-all-assembly-screws 39',#3911);
#102=MANIFOLD_SOLID_BREP('reference-all-assembly-screws 40',#3912);
#103=MANIFOLD_SOLID_BREP('reference-all-assembly-screws 41',#3913);
#104=MANIFOLD_SOLID_BREP('reference-all-assembly-screws 42',#3914);
#105=MANIFOLD_SOLID_BREP('reference-all-assembly-screws 43',#3915);
#106=MANIFOLD_SOLID_BREP('reference-all-assembly-screws 44',#3916);
#107=MANIFOLD_SOLID_BREP('reference-all-assembly-screws 45',#3917);
#108=MANIFOLD_SOLID_BREP('reference-all-assembly-screws 46',#3918);
#109=MANIFOLD_SOLID_BREP('reference-all-assembly-screws 47',#3919);
#110=MANIFOLD_SOLID_BREP('reference-all-assembly-screws 48',#3920);
#111=MANIFOLD_SOLID_BREP('reference-all-assembly-screws 49',#3921);
#112=FACE_BOUND('',#749,.T.);
#113=FACE_BOUND('',#752,.T.);
#114=FACE_BOUND('',#758,.T.);
#115=FACE_BOUND('',#761,.T.);
#116=FACE_BOUND('',#767,.T.);
#117=FACE_BOUND('',#770,.T.);
#118=FACE_BOUND('',#776,.T.);
#119=FACE_BOUND('',#779,.T.);
#120=FACE_BOUND('',#785,.T.);
#121=FACE_BOUND('',#788,.T.);
#122=FACE_BOUND('',#794,.T.);
#123=FACE_BOUND('',#797,.T.);
#124=FACE_BOUND('',#803,.T.);
#125=FACE_BOUND('',#806,.T.);
#126=FACE_BOUND('',#812,.T.);
#127=FACE_BOUND('',#815,.T.);
#128=FACE_BOUND('',#821,.T.);
#129=FACE_BOUND('',#824,.T.);
#130=FACE_BOUND('',#830,.T.);
#131=FACE_BOUND('',#833,.T.);
#132=FACE_BOUND('',#840,.T.);
#133=FACE_BOUND('',#843,.T.);
#134=FACE_BOUND('',#849,.T.);
#135=FACE_BOUND('',#852,.T.);
#136=FACE_BOUND('',#858,.T.);
#137=FACE_BOUND('',#861,.T.);
#138=FACE_BOUND('',#867,.T.);
#139=FACE_BOUND('',#870,.T.);
#140=FACE_BOUND('',#875,.T.);
#141=FACE_BOUND('',#878,.T.);
#142=FACE_BOUND('',#884,.T.);
#143=FACE_BOUND('',#887,.T.);
#144=FACE_BOUND('',#893,.T.);
#145=FACE_BOUND('',#896,.T.);
#146=FACE_BOUND('',#902,.T.);
#147=FACE_BOUND('',#905,.T.);
#148=FACE_BOUND('',#914,.T.);
#149=FACE_BOUND('',#918,.T.);
#150=FACE_BOUND('',#921,.T.);
#151=FACE_BOUND('',#927,.T.);
#152=FACE_BOUND('',#930,.T.);
#153=FACE_BOUND('',#936,.T.);
#154=FACE_BOUND('',#939,.T.);
#155=FACE_BOUND('',#945,.T.);
#156=FACE_BOUND('',#948,.T.);
#157=FACE_BOUND('',#954,.T.);
#158=FACE_BOUND('',#957,.T.);
#159=FACE_BOUND('',#963,.T.);
#160=FACE_BOUND('',#966,.T.);
#161=FACE_BOUND('',#972,.T.);
#162=FACE_BOUND('',#975,.T.);
#163=FACE_BOUND('',#981,.T.);
#164=FACE_BOUND('',#984,.T.);
#165=FACE_BOUND('',#990,.T.);
#166=FACE_BOUND('',#993,.T.);
#167=FACE_BOUND('',#999,.T.);
#168=FACE_BOUND('',#1002,.T.);
#169=FACE_BOUND('',#1008,.T.);
#170=FACE_BOUND('',#1011,.T.);
#171=FACE_BOUND('',#1017,.T.);
#172=FACE_BOUND('',#1020,.T.);
#173=FACE_BOUND('',#1026,.T.);
#174=FACE_BOUND('',#1029,.T.);
#175=FACE_BOUND('',#1035,.T.);
#176=FACE_BOUND('',#1038,.T.);
#177=FACE_BOUND('',#1044,.T.);
#178=FACE_BOUND('',#1047,.T.);
#179=FACE_BOUND('',#1053,.T.);
#180=FACE_BOUND('',#1056,.T.);
#181=FACE_BOUND('',#1062,.T.);
#182=FACE_BOUND('',#1065,.T.);
#183=FACE_BOUND('',#1071,.T.);
#184=FACE_BOUND('',#1074,.T.);
#185=FACE_BOUND('',#1080,.T.);
#186=FACE_BOUND('',#1083,.T.);
#187=FACE_BOUND('',#1089,.T.);
#188=FACE_BOUND('',#1092,.T.);
#189=FACE_BOUND('',#1098,.T.);
#190=FACE_BOUND('',#1101,.T.);
#191=FACE_BOUND('',#1107,.T.);
#192=FACE_BOUND('',#1110,.T.);
#193=FACE_BOUND('',#1116,.T.);
#194=FACE_BOUND('',#1119,.T.);
#195=FACE_BOUND('',#1125,.T.);
#196=FACE_BOUND('',#1128,.T.);
#197=FACE_BOUND('',#1134,.T.);
#198=FACE_BOUND('',#1137,.T.);
#199=FACE_BOUND('',#1143,.T.);
#200=FACE_BOUND('',#1146,.T.);
#201=FACE_BOUND('',#1152,.T.);
#202=FACE_BOUND('',#1155,.T.);
#203=FACE_BOUND('',#1161,.T.);
#204=FACE_BOUND('',#1164,.T.);
#205=FACE_BOUND('',#1170,.T.);
#206=FACE_BOUND('',#1173,.T.);
#207=FACE_BOUND('',#1179,.T.);
#208=FACE_BOUND('',#1182,.T.);
#209=PLANE('',#3938);
#210=PLANE('',#3939);
#211=PLANE('',#3944);
#212=PLANE('',#3947);
#213=PLANE('',#3951);
#214=PLANE('',#3952);
#215=PLANE('',#3957);
#216=PLANE('',#3960);
#217=PLANE('',#3964);
#218=PLANE('',#3965);
#219=PLANE('',#3970);
#220=PLANE('',#3973);
#221=PLANE('',#3977);
#222=PLANE('',#3978);
#223=PLANE('',#3983);
#224=PLANE('',#3986);
#225=PLANE('',#3990);
#226=PLANE('',#3991);
#227=PLANE('',#3996);
#228=PLANE('',#3999);
#229=PLANE('',#4003);
#230=PLANE('',#4004);
#231=PLANE('',#4009);
#232=PLANE('',#4012);
#233=PLANE('',#4016);
#234=PLANE('',#4017);
#235=PLANE('',#4022);
#236=PLANE('',#4025);
#237=PLANE('',#4029);
#238=PLANE('',#4030);
#239=PLANE('',#4035);
#240=PLANE('',#4038);
#241=PLANE('',#4042);
#242=PLANE('',#4043);
#243=PLANE('',#4048);
#244=PLANE('',#4051);
#245=PLANE('',#4055);
#246=PLANE('',#4056);
#247=PLANE('',#4061);
#248=PLANE('',#4064);
#249=PLANE('',#4065);
#250=PLANE('',#4070);
#251=PLANE('',#4071);
#252=PLANE('',#4076);
#253=PLANE('',#4078);
#254=PLANE('',#4083);
#255=PLANE('',#4084);
#256=PLANE('',#4089);
#257=PLANE('',#4091);
#258=PLANE('',#4096);
#259=PLANE('',#4097);
#260=PLANE('',#4102);
#261=PLANE('',#4104);
#262=PLANE('',#4109);
#263=PLANE('',#4110);
#264=PLANE('',#4115);
#265=PLANE('',#4120);
#266=PLANE('',#4121);
#267=PLANE('',#4126);
#268=PLANE('',#4129);
#269=PLANE('',#4133);
#270=PLANE('',#4134);
#271=PLANE('',#4139);
#272=PLANE('',#4142);
#273=PLANE('',#4146);
#274=PLANE('',#4147);
#275=PLANE('',#4152);
#276=PLANE('',#4155);
#277=PLANE('',#4159);
#278=PLANE('',#4160);
#279=PLANE('',#4165);
#280=PLANE('',#4168);
#281=PLANE('',#4172);
#282=PLANE('',#4176);
#283=PLANE('',#4179);
#284=PLANE('',#4183);
#285=PLANE('',#4184);
#286=PLANE('',#4189);
#287=PLANE('',#4192);
#288=PLANE('',#4196);
#289=PLANE('',#4197);
#290=PLANE('',#4202);
#291=PLANE('',#4205);
#292=PLANE('',#4209);
#293=PLANE('',#4210);
#294=PLANE('',#4215);
#295=PLANE('',#4218);
#296=PLANE('',#4222);
#297=PLANE('',#4223);
#298=PLANE('',#4228);
#299=PLANE('',#4231);
#300=PLANE('',#4235);
#301=PLANE('',#4236);
#302=PLANE('',#4241);
#303=PLANE('',#4244);
#304=PLANE('',#4248);
#305=PLANE('',#4249);
#306=PLANE('',#4254);
#307=PLANE('',#4257);
#308=PLANE('',#4261);
#309=PLANE('',#4262);
#310=PLANE('',#4267);
#311=PLANE('',#4270);
#312=PLANE('',#4274);
#313=PLANE('',#4275);
#314=PLANE('',#4280);
#315=PLANE('',#4283);
#316=PLANE('',#4287);
#317=PLANE('',#4288);
#318=PLANE('',#4293);
#319=PLANE('',#4296);
#320=PLANE('',#4300);
#321=PLANE('',#4301);
#322=PLANE('',#4306);
#323=PLANE('',#4309);
#324=PLANE('',#4313);
#325=PLANE('',#4314);
#326=PLANE('',#4319);
#327=PLANE('',#4322);
#328=PLANE('',#4326);
#329=PLANE('',#4327);
#330=PLANE('',#4332);
#331=PLANE('',#4335);
#332=PLANE('',#4339);
#333=PLANE('',#4340);
#334=PLANE('',#4345);
#335=PLANE('',#4348);
#336=PLANE('',#4352);
#337=PLANE('',#4353);
#338=PLANE('',#4358);
#339=PLANE('',#4361);
#340=PLANE('',#4365);
#341=PLANE('',#4366);
#342=PLANE('',#4371);
#343=PLANE('',#4374);
#344=PLANE('',#4378);
#345=PLANE('',#4379);
#346=PLANE('',#4384);
#347=PLANE('',#4387);
#348=PLANE('',#4391);
#349=PLANE('',#4392);
#350=PLANE('',#4397);
#351=PLANE('',#4400);
#352=PLANE('',#4404);
#353=PLANE('',#4405);
#354=PLANE('',#4410);
#355=PLANE('',#4413);
#356=PLANE('',#4417);
#357=PLANE('',#4418);
#358=PLANE('',#4423);
#359=PLANE('',#4426);
#360=PLANE('',#4430);
#361=PLANE('',#4431);
#362=PLANE('',#4436);
#363=PLANE('',#4439);
#364=PLANE('',#4443);
#365=PLANE('',#4444);
#366=PLANE('',#4449);
#367=PLANE('',#4452);
#368=PLANE('',#4456);
#369=PLANE('',#4457);
#370=PLANE('',#4462);
#371=PLANE('',#4465);
#372=PLANE('',#4469);
#373=PLANE('',#4470);
#374=PLANE('',#4475);
#375=PLANE('',#4478);
#376=PLANE('',#4482);
#377=PLANE('',#4483);
#378=PLANE('',#4488);
#379=PLANE('',#4491);
#380=PLANE('',#4495);
#381=PLANE('',#4496);
#382=PLANE('',#4501);
#383=PLANE('',#4504);
#384=PLANE('',#4508);
#385=PLANE('',#4509);
#386=PLANE('',#4514);
#387=PLANE('',#4517);
#388=PLANE('',#4521);
#389=PLANE('',#4522);
#390=PLANE('',#4527);
#391=PLANE('',#4530);
#392=PLANE('',#4534);
#393=PLANE('',#4535);
#394=PLANE('',#4540);
#395=PLANE('',#4543);
#396=PLANE('',#4547);
#397=PLANE('',#4548);
#398=PLANE('',#4553);
#399=PLANE('',#4556);
#400=PLANE('',#4560);
#401=PLANE('',#4561);
#402=PLANE('',#4566);
#403=PLANE('',#4569);
#404=FACE_OUTER_BOUND('',#746,.T.);
#405=FACE_OUTER_BOUND('',#747,.T.);
#406=FACE_OUTER_BOUND('',#748,.T.);
#407=FACE_OUTER_BOUND('',#750,.T.);
#408=FACE_OUTER_BOUND('',#751,.T.);
#409=FACE_OUTER_BOUND('',#753,.T.);
#410=FACE_OUTER_BOUND('',#754,.T.);
#411=FACE_OUTER_BOUND('',#755,.T.);
#412=FACE_OUTER_BOUND('',#756,.T.);
#413=FACE_OUTER_BOUND('',#757,.T.);
#414=FACE_OUTER_BOUND('',#759,.T.);
#415=FACE_OUTER_BOUND('',#760,.T.);
#416=FACE_OUTER_BOUND('',#762,.T.);
#417=FACE_OUTER_BOUND('',#763,.T.);
#418=FACE_OUTER_BOUND('',#764,.T.);
#419=FACE_OUTER_BOUND('',#765,.T.);
#420=FACE_OUTER_BOUND('',#766,.T.);
#421=FACE_OUTER_BOUND('',#768,.T.);
#422=FACE_OUTER_BOUND('',#769,.T.);
#423=FACE_OUTER_BOUND('',#771,.T.);
#424=FACE_OUTER_BOUND('',#772,.T.);
#425=FACE_OUTER_BOUND('',#773,.T.);
#426=FACE_OUTER_BOUND('',#774,.T.);
#427=FACE_OUTER_BOUND('',#775,.T.);
#428=FACE_OUTER_BOUND('',#777,.T.);
#429=FACE_OUTER_BOUND('',#778,.T.);
#430=FACE_OUTER_BOUND('',#780,.T.);
#431=FACE_OUTER_BOUND('',#781,.T.);
#432=FACE_OUTER_BOUND('',#782,.T.);
#433=FACE_OUTER_BOUND('',#783,.T.);
#434=FACE_OUTER_BOUND('',#784,.T.);
#435=FACE_OUTER_BOUND('',#786,.T.);
#436=FACE_OUTER_BOUND('',#787,.T.);
#437=FACE_OUTER_BOUND('',#789,.T.);
#438=FACE_OUTER_BOUND('',#790,.T.);
#439=FACE_OUTER_BOUND('',#791,.T.);
#440=FACE_OUTER_BOUND('',#792,.T.);
#441=FACE_OUTER_BOUND('',#793,.T.);
#442=FACE_OUTER_BOUND('',#795,.T.);
#443=FACE_OUTER_BOUND('',#796,.T.);
#444=FACE_OUTER_BOUND('',#798,.T.);
#445=FACE_OUTER_BOUND('',#799,.T.);
#446=FACE_OUTER_BOUND('',#800,.T.);
#447=FACE_OUTER_BOUND('',#801,.T.);
#448=FACE_OUTER_BOUND('',#802,.T.);
#449=FACE_OUTER_BOUND('',#804,.T.);
#450=FACE_OUTER_BOUND('',#805,.T.);
#451=FACE_OUTER_BOUND('',#807,.T.);
#452=FACE_OUTER_BOUND('',#808,.T.);
#453=FACE_OUTER_BOUND('',#809,.T.);
#454=FACE_OUTER_BOUND('',#810,.T.);
#455=FACE_OUTER_BOUND('',#811,.T.);
#456=FACE_OUTER_BOUND('',#813,.T.);
#457=FACE_OUTER_BOUND('',#814,.T.);
#458=FACE_OUTER_BOUND('',#816,.T.);
#459=FACE_OUTER_BOUND('',#817,.T.);
#460=FACE_OUTER_BOUND('',#818,.T.);
#461=FACE_OUTER_BOUND('',#819,.T.);
#462=FACE_OUTER_BOUND('',#820,.T.);
#463=FACE_OUTER_BOUND('',#822,.T.);
#464=FACE_OUTER_BOUND('',#823,.T.);
#465=FACE_OUTER_BOUND('',#825,.T.);
#466=FACE_OUTER_BOUND('',#826,.T.);
#467=FACE_OUTER_BOUND('',#827,.T.);
#468=FACE_OUTER_BOUND('',#828,.T.);
#469=FACE_OUTER_BOUND('',#829,.T.);
#470=FACE_OUTER_BOUND('',#831,.T.);
#471=FACE_OUTER_BOUND('',#832,.T.);
#472=FACE_OUTER_BOUND('',#834,.T.);
#473=FACE_OUTER_BOUND('',#835,.T.);
#474=FACE_OUTER_BOUND('',#836,.T.);
#475=FACE_OUTER_BOUND('',#837,.T.);
#476=FACE_OUTER_BOUND('',#838,.T.);
#477=FACE_OUTER_BOUND('',#839,.T.);
#478=FACE_OUTER_BOUND('',#841,.T.);
#479=FACE_OUTER_BOUND('',#842,.T.);
#480=FACE_OUTER_BOUND('',#844,.T.);
#481=FACE_OUTER_BOUND('',#845,.T.);
#482=FACE_OUTER_BOUND('',#846,.T.);
#483=FACE_OUTER_BOUND('',#847,.T.);
#484=FACE_OUTER_BOUND('',#848,.T.);
#485=FACE_OUTER_BOUND('',#850,.T.);
#486=FACE_OUTER_BOUND('',#851,.T.);
#487=FACE_OUTER_BOUND('',#853,.T.);
#488=FACE_OUTER_BOUND('',#854,.T.);
#489=FACE_OUTER_BOUND('',#855,.T.);
#490=FACE_OUTER_BOUND('',#856,.T.);
#491=FACE_OUTER_BOUND('',#857,.T.);
#492=FACE_OUTER_BOUND('',#859,.T.);
#493=FACE_OUTER_BOUND('',#860,.T.);
#494=FACE_OUTER_BOUND('',#862,.T.);
#495=FACE_OUTER_BOUND('',#863,.T.);
#496=FACE_OUTER_BOUND('',#864,.T.);
#497=FACE_OUTER_BOUND('',#865,.T.);
#498=FACE_OUTER_BOUND('',#866,.T.);
#499=FACE_OUTER_BOUND('',#868,.T.);
#500=FACE_OUTER_BOUND('',#869,.T.);
#501=FACE_OUTER_BOUND('',#871,.T.);
#502=FACE_OUTER_BOUND('',#872,.T.);
#503=FACE_OUTER_BOUND('',#873,.T.);
#504=FACE_OUTER_BOUND('',#874,.T.);
#505=FACE_OUTER_BOUND('',#876,.T.);
#506=FACE_OUTER_BOUND('',#877,.T.);
#507=FACE_OUTER_BOUND('',#879,.T.);
#508=FACE_OUTER_BOUND('',#880,.T.);
#509=FACE_OUTER_BOUND('',#881,.T.);
#510=FACE_OUTER_BOUND('',#882,.T.);
#511=FACE_OUTER_BOUND('',#883,.T.);
#512=FACE_OUTER_BOUND('',#885,.T.);
#513=FACE_OUTER_BOUND('',#886,.T.);
#514=FACE_OUTER_BOUND('',#888,.T.);
#515=FACE_OUTER_BOUND('',#889,.T.);
#516=FACE_OUTER_BOUND('',#890,.T.);
#517=FACE_OUTER_BOUND('',#891,.T.);
#518=FACE_OUTER_BOUND('',#892,.T.);
#519=FACE_OUTER_BOUND('',#894,.T.);
#520=FACE_OUTER_BOUND('',#895,.T.);
#521=FACE_OUTER_BOUND('',#897,.T.);
#522=FACE_OUTER_BOUND('',#898,.T.);
#523=FACE_OUTER_BOUND('',#899,.T.);
#524=FACE_OUTER_BOUND('',#900,.T.);
#525=FACE_OUTER_BOUND('',#901,.T.);
#526=FACE_OUTER_BOUND('',#903,.T.);
#527=FACE_OUTER_BOUND('',#904,.T.);
#528=FACE_OUTER_BOUND('',#906,.T.);
#529=FACE_OUTER_BOUND('',#907,.T.);
#530=FACE_OUTER_BOUND('',#908,.T.);
#531=FACE_OUTER_BOUND('',#909,.T.);
#532=FACE_OUTER_BOUND('',#910,.T.);
#533=FACE_OUTER_BOUND('',#911,.T.);
#534=FACE_OUTER_BOUND('',#912,.T.);
#535=FACE_OUTER_BOUND('',#913,.T.);
#536=FACE_OUTER_BOUND('',#915,.T.);
#537=FACE_OUTER_BOUND('',#916,.T.);
#538=FACE_OUTER_BOUND('',#917,.T.);
#539=FACE_OUTER_BOUND('',#919,.T.);
#540=FACE_OUTER_BOUND('',#920,.T.);
#541=FACE_OUTER_BOUND('',#922,.T.);
#542=FACE_OUTER_BOUND('',#923,.T.);
#543=FACE_OUTER_BOUND('',#924,.T.);
#544=FACE_OUTER_BOUND('',#925,.T.);
#545=FACE_OUTER_BOUND('',#926,.T.);
#546=FACE_OUTER_BOUND('',#928,.T.);
#547=FACE_OUTER_BOUND('',#929,.T.);
#548=FACE_OUTER_BOUND('',#931,.T.);
#549=FACE_OUTER_BOUND('',#932,.T.);
#550=FACE_OUTER_BOUND('',#933,.T.);
#551=FACE_OUTER_BOUND('',#934,.T.);
#552=FACE_OUTER_BOUND('',#935,.T.);
#553=FACE_OUTER_BOUND('',#937,.T.);
#554=FACE_OUTER_BOUND('',#938,.T.);
#555=FACE_OUTER_BOUND('',#940,.T.);
#556=FACE_OUTER_BOUND('',#941,.T.);
#557=FACE_OUTER_BOUND('',#942,.T.);
#558=FACE_OUTER_BOUND('',#943,.T.);
#559=FACE_OUTER_BOUND('',#944,.T.);
#560=FACE_OUTER_BOUND('',#946,.T.);
#561=FACE_OUTER_BOUND('',#947,.T.);
#562=FACE_OUTER_BOUND('',#949,.T.);
#563=FACE_OUTER_BOUND('',#950,.T.);
#564=FACE_OUTER_BOUND('',#951,.T.);
#565=FACE_OUTER_BOUND('',#952,.T.);
#566=FACE_OUTER_BOUND('',#953,.T.);
#567=FACE_OUTER_BOUND('',#955,.T.);
#568=FACE_OUTER_BOUND('',#956,.T.);
#569=FACE_OUTER_BOUND('',#958,.T.);
#570=FACE_OUTER_BOUND('',#959,.T.);
#571=FACE_OUTER_BOUND('',#960,.T.);
#572=FACE_OUTER_BOUND('',#961,.T.);
#573=FACE_OUTER_BOUND('',#962,.T.);
#574=FACE_OUTER_BOUND('',#964,.T.);
#575=FACE_OUTER_BOUND('',#965,.T.);
#576=FACE_OUTER_BOUND('',#967,.T.);
#577=FACE_OUTER_BOUND('',#968,.T.);
#578=FACE_OUTER_BOUND('',#969,.T.);
#579=FACE_OUTER_BOUND('',#970,.T.);
#580=FACE_OUTER_BOUND('',#971,.T.);
#581=FACE_OUTER_BOUND('',#973,.T.);
#582=FACE_OUTER_BOUND('',#974,.T.);
#583=FACE_OUTER_BOUND('',#976,.T.);
#584=FACE_OUTER_BOUND('',#977,.T.);
#585=FACE_OUTER_BOUND('',#978,.T.);
#586=FACE_OUTER_BOUND('',#979,.T.);
#587=FACE_OUTER_BOUND('',#980,.T.);
#588=FACE_OUTER_BOUND('',#982,.T.);
#589=FACE_OUTER_BOUND('',#983,.T.);
#590=FACE_OUTER_BOUND('',#985,.T.);
#591=FACE_OUTER_BOUND('',#986,.T.);
#592=FACE_OUTER_BOUND('',#987,.T.);
#593=FACE_OUTER_BOUND('',#988,.T.);
#594=FACE_OUTER_BOUND('',#989,.T.);
#595=FACE_OUTER_BOUND('',#991,.T.);
#596=FACE_OUTER_BOUND('',#992,.T.);
#597=FACE_OUTER_BOUND('',#994,.T.);
#598=FACE_OUTER_BOUND('',#995,.T.);
#599=FACE_OUTER_BOUND('',#996,.T.);
#600=FACE_OUTER_BOUND('',#997,.T.);
#601=FACE_OUTER_BOUND('',#998,.T.);
#602=FACE_OUTER_BOUND('',#1000,.T.);
#603=FACE_OUTER_BOUND('',#1001,.T.);
#604=FACE_OUTER_BOUND('',#1003,.T.);
#605=FACE_OUTER_BOUND('',#1004,.T.);
#606=FACE_OUTER_BOUND('',#1005,.T.);
#607=FACE_OUTER_BOUND('',#1006,.T.);
#608=FACE_OUTER_BOUND('',#1007,.T.);
#609=FACE_OUTER_BOUND('',#1009,.T.);
#610=FACE_OUTER_BOUND('',#1010,.T.);
#611=FACE_OUTER_BOUND('',#1012,.T.);
#612=FACE_OUTER_BOUND('',#1013,.T.);
#613=FACE_OUTER_BOUND('',#1014,.T.);
#614=FACE_OUTER_BOUND('',#1015,.T.);
#615=FACE_OUTER_BOUND('',#1016,.T.);
#616=FACE_OUTER_BOUND('',#1018,.T.);
#617=FACE_OUTER_BOUND('',#1019,.T.);
#618=FACE_OUTER_BOUND('',#1021,.T.);
#619=FACE_OUTER_BOUND('',#1022,.T.);
#620=FACE_OUTER_BOUND('',#1023,.T.);
#621=FACE_OUTER_BOUND('',#1024,.T.);
#622=FACE_OUTER_BOUND('',#1025,.T.);
#623=FACE_OUTER_BOUND('',#1027,.T.);
#624=FACE_OUTER_BOUND('',#1028,.T.);
#625=FACE_OUTER_BOUND('',#1030,.T.);
#626=FACE_OUTER_BOUND('',#1031,.T.);
#627=FACE_OUTER_BOUND('',#1032,.T.);
#628=FACE_OUTER_BOUND('',#1033,.T.);
#629=FACE_OUTER_BOUND('',#1034,.T.);
#630=FACE_OUTER_BOUND('',#1036,.T.);
#631=FACE_OUTER_BOUND('',#1037,.T.);
#632=FACE_OUTER_BOUND('',#1039,.T.);
#633=FACE_OUTER_BOUND('',#1040,.T.);
#634=FACE_OUTER_BOUND('',#1041,.T.);
#635=FACE_OUTER_BOUND('',#1042,.T.);
#636=FACE_OUTER_BOUND('',#1043,.T.);
#637=FACE_OUTER_BOUND('',#1045,.T.);
#638=FACE_OUTER_BOUND('',#1046,.T.);
#639=FACE_OUTER_BOUND('',#1048,.T.);
#640=FACE_OUTER_BOUND('',#1049,.T.);
#641=FACE_OUTER_BOUND('',#1050,.T.);
#642=FACE_OUTER_BOUND('',#1051,.T.);
#643=FACE_OUTER_BOUND('',#1052,.T.);
#644=FACE_OUTER_BOUND('',#1054,.T.);
#645=FACE_OUTER_BOUND('',#1055,.T.);
#646=FACE_OUTER_BOUND('',#1057,.T.);
#647=FACE_OUTER_BOUND('',#1058,.T.);
#648=FACE_OUTER_BOUND('',#1059,.T.);
#649=FACE_OUTER_BOUND('',#1060,.T.);
#650=FACE_OUTER_BOUND('',#1061,.T.);
#651=FACE_OUTER_BOUND('',#1063,.T.);
#652=FACE_OUTER_BOUND('',#1064,.T.);
#653=FACE_OUTER_BOUND('',#1066,.T.);
#654=FACE_OUTER_BOUND('',#1067,.T.);
#655=FACE_OUTER_BOUND('',#1068,.T.);
#656=FACE_OUTER_BOUND('',#1069,.T.);
#657=FACE_OUTER_BOUND('',#1070,.T.);
#658=FACE_OUTER_BOUND('',#1072,.T.);
#659=FACE_OUTER_BOUND('',#1073,.T.);
#660=FACE_OUTER_BOUND('',#1075,.T.);
#661=FACE_OUTER_BOUND('',#1076,.T.);
#662=FACE_OUTER_BOUND('',#1077,.T.);
#663=FACE_OUTER_BOUND('',#1078,.T.);
#664=FACE_OUTER_BOUND('',#1079,.T.);
#665=FACE_OUTER_BOUND('',#1081,.T.);
#666=FACE_OUTER_BOUND('',#1082,.T.);
#667=FACE_OUTER_BOUND('',#1084,.T.);
#668=FACE_OUTER_BOUND('',#1085,.T.);
#669=FACE_OUTER_BOUND('',#1086,.T.);
#670=FACE_OUTER_BOUND('',#1087,.T.);
#671=FACE_OUTER_BOUND('',#1088,.T.);
#672=FACE_OUTER_BOUND('',#1090,.T.);
#673=FACE_OUTER_BOUND('',#1091,.T.);
#674=FACE_OUTER_BOUND('',#1093,.T.);
#675=FACE_OUTER_BOUND('',#1094,.T.);
#676=FACE_OUTER_BOUND('',#1095,.T.);
#677=FACE_OUTER_BOUND('',#1096,.T.);
#678=FACE_OUTER_BOUND('',#1097,.T.);
#679=FACE_OUTER_BOUND('',#1099,.T.);
#680=FACE_OUTER_BOUND('',#1100,.T.);
#681=FACE_OUTER_BOUND('',#1102,.T.);
#682=FACE_OUTER_BOUND('',#1103,.T.);
#683=FACE_OUTER_BOUND('',#1104,.T.);
#684=FACE_OUTER_BOUND('',#1105,.T.);
#685=FACE_OUTER_BOUND('',#1106,.T.);
#686=FACE_OUTER_BOUND('',#1108,.T.);
#687=FACE_OUTER_BOUND('',#1109,.T.);
#688=FACE_OUTER_BOUND('',#1111,.T.);
#689=FACE_OUTER_BOUND('',#1112,.T.);
#690=FACE_OUTER_BOUND('',#1113,.T.);
#691=FACE_OUTER_BOUND('',#1114,.T.);
#692=FACE_OUTER_BOUND('',#1115,.T.);
#693=FACE_OUTER_BOUND('',#1117,.T.);
#694=FACE_OUTER_BOUND('',#1118,.T.);
#695=FACE_OUTER_BOUND('',#1120,.T.);
#696=FACE_OUTER_BOUND('',#1121,.T.);
#697=FACE_OUTER_BOUND('',#1122,.T.);
#698=FACE_OUTER_BOUND('',#1123,.T.);
#699=FACE_OUTER_BOUND('',#1124,.T.);
#700=FACE_OUTER_BOUND('',#1126,.T.);
#701=FACE_OUTER_BOUND('',#1127,.T.);
#702=FACE_OUTER_BOUND('',#1129,.T.);
#703=FACE_OUTER_BOUND('',#1130,.T.);
#704=FACE_OUTER_BOUND('',#1131,.T.);
#705=FACE_OUTER_BOUND('',#1132,.T.);
#706=FACE_OUTER_BOUND('',#1133,.T.);
#707=FACE_OUTER_BOUND('',#1135,.T.);
#708=FACE_OUTER_BOUND('',#1136,.T.);
#709=FACE_OUTER_BOUND('',#1138,.T.);
#710=FACE_OUTER_BOUND('',#1139,.T.);
#711=FACE_OUTER_BOUND('',#1140,.T.);
#712=FACE_OUTER_BOUND('',#1141,.T.);
#713=FACE_OUTER_BOUND('',#1142,.T.);
#714=FACE_OUTER_BOUND('',#1144,.T.);
#715=FACE_OUTER_BOUND('',#1145,.T.);
#716=FACE_OUTER_BOUND('',#1147,.T.);
#717=FACE_OUTER_BOUND('',#1148,.T.);
#718=FACE_OUTER_BOUND('',#1149,.T.);
#719=FACE_OUTER_BOUND('',#1150,.T.);
#720=FACE_OUTER_BOUND('',#1151,.T.);
#721=FACE_OUTER_BOUND('',#1153,.T.);
#722=FACE_OUTER_BOUND('',#1154,.T.);
#723=FACE_OUTER_BOUND('',#1156,.T.);
#724=FACE_OUTER_BOUND('',#1157,.T.);
#725=FACE_OUTER_BOUND('',#1158,.T.);
#726=FACE_OUTER_BOUND('',#1159,.T.);
#727=FACE_OUTER_BOUND('',#1160,.T.);
#728=FACE_OUTER_BOUND('',#1162,.T.);
#729=FACE_OUTER_BOUND('',#1163,.T.);
#730=FACE_OUTER_BOUND('',#1165,.T.);
#731=FACE_OUTER_BOUND('',#1166,.T.);
#732=FACE_OUTER_BOUND('',#1167,.T.);
#733=FACE_OUTER_BOUND('',#1168,.T.);
#734=FACE_OUTER_BOUND('',#1169,.T.);
#735=FACE_OUTER_BOUND('',#1171,.T.);
#736=FACE_OUTER_BOUND('',#1172,.T.);
#737=FACE_OUTER_BOUND('',#1174,.T.);
#738=FACE_OUTER_BOUND('',#1175,.T.);
#739=FACE_OUTER_BOUND('',#1176,.T.);
#740=FACE_OUTER_BOUND('',#1177,.T.);
#741=FACE_OUTER_BOUND('',#1178,.T.);
#742=FACE_OUTER_BOUND('',#1180,.T.);
#743=FACE_OUTER_BOUND('',#1181,.T.);
#744=FACE_OUTER_BOUND('',#1183,.T.);
#745=FACE_OUTER_BOUND('',#1184,.T.);
#746=EDGE_LOOP('',(#2505,#2506,#2507,#2508));
#747=EDGE_LOOP('',(#2509));
#748=EDGE_LOOP('',(#2510));
#749=EDGE_LOOP('',(#2511));
#750=EDGE_LOOP('',(#2512,#2513,#2514,#2515));
#751=EDGE_LOOP('',(#2516));
#752=EDGE_LOOP('',(#2517));
#753=EDGE_LOOP('',(#2518,#2519,#2520,#2521));
#754=EDGE_LOOP('',(#2522));
#755=EDGE_LOOP('',(#2523,#2524,#2525,#2526));
#756=EDGE_LOOP('',(#2527));
#757=EDGE_LOOP('',(#2528));
#758=EDGE_LOOP('',(#2529));
#759=EDGE_LOOP('',(#2530,#2531,#2532,#2533));
#760=EDGE_LOOP('',(#2534));
#761=EDGE_LOOP('',(#2535));
#762=EDGE_LOOP('',(#2536,#2537,#2538,#2539));
#763=EDGE_LOOP('',(#2540));
#764=EDGE_LOOP('',(#2541,#2542,#2543,#2544));
#765=EDGE_LOOP('',(#2545));
#766=EDGE_LOOP('',(#2546));
#767=EDGE_LOOP('',(#2547));
#768=EDGE_LOOP('',(#2548,#2549,#2550,#2551));
#769=EDGE_LOOP('',(#2552));
#770=EDGE_LOOP('',(#2553));
#771=EDGE_LOOP('',(#2554,#2555,#2556,#2557));
#772=EDGE_LOOP('',(#2558));
#773=EDGE_LOOP('',(#2559,#2560,#2561,#2562));
#774=EDGE_LOOP('',(#2563));
#775=EDGE_LOOP('',(#2564));
#776=EDGE_LOOP('',(#2565));
#777=EDGE_LOOP('',(#2566,#2567,#2568,#2569));
#778=EDGE_LOOP('',(#2570));
#779=EDGE_LOOP('',(#2571));
#780=EDGE_LOOP('',(#2572,#2573,#2574,#2575));
#781=EDGE_LOOP('',(#2576));
#782=EDGE_LOOP('',(#2577,#2578,#2579,#2580));
#783=EDGE_LOOP('',(#2581));
#784=EDGE_LOOP('',(#2582));
#785=EDGE_LOOP('',(#2583));
#786=EDGE_LOOP('',(#2584,#2585,#2586,#2587));
#787=EDGE_LOOP('',(#2588));
#788=EDGE_LOOP('',(#2589));
#789=EDGE_LOOP('',(#2590,#2591,#2592,#2593));
#790=EDGE_LOOP('',(#2594));
#791=EDGE_LOOP('',(#2595,#2596,#2597,#2598));
#792=EDGE_LOOP('',(#2599));
#793=EDGE_LOOP('',(#2600));
#794=EDGE_LOOP('',(#2601));
#795=EDGE_LOOP('',(#2602,#2603,#2604,#2605));
#796=EDGE_LOOP('',(#2606));
#797=EDGE_LOOP('',(#2607));
#798=EDGE_LOOP('',(#2608,#2609,#2610,#2611));
#799=EDGE_LOOP('',(#2612));
#800=EDGE_LOOP('',(#2613,#2614,#2615,#2616));
#801=EDGE_LOOP('',(#2617));
#802=EDGE_LOOP('',(#2618));
#803=EDGE_LOOP('',(#2619));
#804=EDGE_LOOP('',(#2620,#2621,#2622,#2623));
#805=EDGE_LOOP('',(#2624));
#806=EDGE_LOOP('',(#2625));
#807=EDGE_LOOP('',(#2626,#2627,#2628,#2629));
#808=EDGE_LOOP('',(#2630));
#809=EDGE_LOOP('',(#2631,#2632,#2633,#2634));
#810=EDGE_LOOP('',(#2635));
#811=EDGE_LOOP('',(#2636));
#812=EDGE_LOOP('',(#2637));
#813=EDGE_LOOP('',(#2638,#2639,#2640,#2641));
#814=EDGE_LOOP('',(#2642));
#815=EDGE_LOOP('',(#2643));
#816=EDGE_LOOP('',(#2644,#2645,#2646,#2647));
#817=EDGE_LOOP('',(#2648));
#818=EDGE_LOOP('',(#2649,#2650,#2651,#2652));
#819=EDGE_LOOP('',(#2653));
#820=EDGE_LOOP('',(#2654));
#821=EDGE_LOOP('',(#2655));
#822=EDGE_LOOP('',(#2656,#2657,#2658,#2659));
#823=EDGE_LOOP('',(#2660));
#824=EDGE_LOOP('',(#2661));
#825=EDGE_LOOP('',(#2662,#2663,#2664,#2665));
#826=EDGE_LOOP('',(#2666));
#827=EDGE_LOOP('',(#2667,#2668,#2669,#2670));
#828=EDGE_LOOP('',(#2671));
#829=EDGE_LOOP('',(#2672));
#830=EDGE_LOOP('',(#2673));
#831=EDGE_LOOP('',(#2674,#2675,#2676,#2677));
#832=EDGE_LOOP('',(#2678));
#833=EDGE_LOOP('',(#2679));
#834=EDGE_LOOP('',(#2680,#2681,#2682,#2683));
#835=EDGE_LOOP('',(#2684));
#836=EDGE_LOOP('',(#2685));
#837=EDGE_LOOP('',(#2686,#2687,#2688,#2689));
#838=EDGE_LOOP('',(#2690));
#839=EDGE_LOOP('',(#2691));
#840=EDGE_LOOP('',(#2692));
#841=EDGE_LOOP('',(#2693,#2694,#2695,#2696));
#842=EDGE_LOOP('',(#2697));
#843=EDGE_LOOP('',(#2698));
#844=EDGE_LOOP('',(#2699,#2700,#2701,#2702));
#845=EDGE_LOOP('',(#2703));
#846=EDGE_LOOP('',(#2704,#2705,#2706,#2707));
#847=EDGE_LOOP('',(#2708));
#848=EDGE_LOOP('',(#2709));
#849=EDGE_LOOP('',(#2710));
#850=EDGE_LOOP('',(#2711,#2712,#2713,#2714));
#851=EDGE_LOOP('',(#2715));
#852=EDGE_LOOP('',(#2716));
#853=EDGE_LOOP('',(#2717,#2718,#2719,#2720));
#854=EDGE_LOOP('',(#2721));
#855=EDGE_LOOP('',(#2722,#2723,#2724,#2725));
#856=EDGE_LOOP('',(#2726));
#857=EDGE_LOOP('',(#2727));
#858=EDGE_LOOP('',(#2728));
#859=EDGE_LOOP('',(#2729,#2730,#2731,#2732));
#860=EDGE_LOOP('',(#2733));
#861=EDGE_LOOP('',(#2734));
#862=EDGE_LOOP('',(#2735,#2736,#2737,#2738));
#863=EDGE_LOOP('',(#2739));
#864=EDGE_LOOP('',(#2740,#2741,#2742,#2743));
#865=EDGE_LOOP('',(#2744));
#866=EDGE_LOOP('',(#2745));
#867=EDGE_LOOP('',(#2746));
#868=EDGE_LOOP('',(#2747,#2748,#2749,#2750));
#869=EDGE_LOOP('',(#2751));
#870=EDGE_LOOP('',(#2752));
#871=EDGE_LOOP('',(#2753,#2754,#2755,#2756));
#872=EDGE_LOOP('',(#2757,#2758,#2759,#2760));
#873=EDGE_LOOP('',(#2761));
#874=EDGE_LOOP('',(#2762));
#875=EDGE_LOOP('',(#2763));
#876=EDGE_LOOP('',(#2764,#2765,#2766,#2767));
#877=EDGE_LOOP('',(#2768));
#878=EDGE_LOOP('',(#2769));
#879=EDGE_LOOP('',(#2770,#2771,#2772,#2773));
#880=EDGE_LOOP('',(#2774));
#881=EDGE_LOOP('',(#2775,#2776,#2777,#2778));
#882=EDGE_LOOP('',(#2779));
#883=EDGE_LOOP('',(#2780));
#884=EDGE_LOOP('',(#2781));
#885=EDGE_LOOP('',(#2782,#2783,#2784,#2785));
#886=EDGE_LOOP('',(#2786));
#887=EDGE_LOOP('',(#2787));
#888=EDGE_LOOP('',(#2788,#2789,#2790,#2791));
#889=EDGE_LOOP('',(#2792));
#890=EDGE_LOOP('',(#2793,#2794,#2795,#2796));
#891=EDGE_LOOP('',(#2797));
#892=EDGE_LOOP('',(#2798));
#893=EDGE_LOOP('',(#2799));
#894=EDGE_LOOP('',(#2800,#2801,#2802,#2803));
#895=EDGE_LOOP('',(#2804));
#896=EDGE_LOOP('',(#2805));
#897=EDGE_LOOP('',(#2806,#2807,#2808,#2809));
#898=EDGE_LOOP('',(#2810));
#899=EDGE_LOOP('',(#2811,#2812,#2813,#2814));
#900=EDGE_LOOP('',(#2815));
#901=EDGE_LOOP('',(#2816));
#902=EDGE_LOOP('',(#2817));
#903=EDGE_LOOP('',(#2818,#2819,#2820,#2821));
#904=EDGE_LOOP('',(#2822));
#905=EDGE_LOOP('',(#2823));
#906=EDGE_LOOP('',(#2824,#2825,#2826,#2827));
#907=EDGE_LOOP('',(#2828));
#908=EDGE_LOOP('',(#2829,#2830,#2831,#2832));
#909=EDGE_LOOP('',(#2833));
#910=EDGE_LOOP('',(#2834,#2835,#2836,#2837));
#911=EDGE_LOOP('',(#2838));
#912=EDGE_LOOP('',(#2839,#2840,#2841,#2842));
#913=EDGE_LOOP('',(#2843));
#914=EDGE_LOOP('',(#2844));
#915=EDGE_LOOP('',(#2845,#2846,#2847,#2848));
#916=EDGE_LOOP('',(#2849));
#917=EDGE_LOOP('',(#2850));
#918=EDGE_LOOP('',(#2851));
#919=EDGE_LOOP('',(#2852,#2853,#2854,#2855));
#920=EDGE_LOOP('',(#2856));
#921=EDGE_LOOP('',(#2857));
#922=EDGE_LOOP('',(#2858,#2859,#2860,#2861));
#923=EDGE_LOOP('',(#2862));
#924=EDGE_LOOP('',(#2863,#2864,#2865,#2866));
#925=EDGE_LOOP('',(#2867));
#926=EDGE_LOOP('',(#2868));
#927=EDGE_LOOP('',(#2869));
#928=EDGE_LOOP('',(#2870,#2871,#2872,#2873));
#929=EDGE_LOOP('',(#2874));
#930=EDGE_LOOP('',(#2875));
#931=EDGE_LOOP('',(#2876,#2877,#2878,#2879));
#932=EDGE_LOOP('',(#2880));
#933=EDGE_LOOP('',(#2881,#2882,#2883,#2884));
#934=EDGE_LOOP('',(#2885));
#935=EDGE_LOOP('',(#2886));
#936=EDGE_LOOP('',(#2887));
#937=EDGE_LOOP('',(#2888,#2889,#2890,#2891));
#938=EDGE_LOOP('',(#2892));
#939=EDGE_LOOP('',(#2893));
#940=EDGE_LOOP('',(#2894,#2895,#2896,#2897));
#941=EDGE_LOOP('',(#2898));
#942=EDGE_LOOP('',(#2899,#2900,#2901,#2902));
#943=EDGE_LOOP('',(#2903));
#944=EDGE_LOOP('',(#2904));
#945=EDGE_LOOP('',(#2905));
#946=EDGE_LOOP('',(#2906,#2907,#2908,#2909));
#947=EDGE_LOOP('',(#2910));
#948=EDGE_LOOP('',(#2911));
#949=EDGE_LOOP('',(#2912,#2913,#2914,#2915));
#950=EDGE_LOOP('',(#2916));
#951=EDGE_LOOP('',(#2917,#2918,#2919,#2920));
#952=EDGE_LOOP('',(#2921));
#953=EDGE_LOOP('',(#2922));
#954=EDGE_LOOP('',(#2923));
#955=EDGE_LOOP('',(#2924,#2925,#2926,#2927));
#956=EDGE_LOOP('',(#2928));
#957=EDGE_LOOP('',(#2929));
#958=EDGE_LOOP('',(#2930,#2931,#2932,#2933));
#959=EDGE_LOOP('',(#2934));
#960=EDGE_LOOP('',(#2935,#2936,#2937,#2938));
#961=EDGE_LOOP('',(#2939));
#962=EDGE_LOOP('',(#2940));
#963=EDGE_LOOP('',(#2941));
#964=EDGE_LOOP('',(#2942,#2943,#2944,#2945));
#965=EDGE_LOOP('',(#2946));
#966=EDGE_LOOP('',(#2947));
#967=EDGE_LOOP('',(#2948,#2949,#2950,#2951));
#968=EDGE_LOOP('',(#2952));
#969=EDGE_LOOP('',(#2953,#2954,#2955,#2956));
#970=EDGE_LOOP('',(#2957));
#971=EDGE_LOOP('',(#2958));
#972=EDGE_LOOP('',(#2959));
#973=EDGE_LOOP('',(#2960,#2961,#2962,#2963));
#974=EDGE_LOOP('',(#2964));
#975=EDGE_LOOP('',(#2965));
#976=EDGE_LOOP('',(#2966,#2967,#2968,#2969));
#977=EDGE_LOOP('',(#2970));
#978=EDGE_LOOP('',(#2971,#2972,#2973,#2974));
#979=EDGE_LOOP('',(#2975));
#980=EDGE_LOOP('',(#2976));
#981=EDGE_LOOP('',(#2977));
#982=EDGE_LOOP('',(#2978,#2979,#2980,#2981));
#983=EDGE_LOOP('',(#2982));
#984=EDGE_LOOP('',(#2983));
#985=EDGE_LOOP('',(#2984,#2985,#2986,#2987));
#986=EDGE_LOOP('',(#2988));
#987=EDGE_LOOP('',(#2989,#2990,#2991,#2992));
#988=EDGE_LOOP('',(#2993));
#989=EDGE_LOOP('',(#2994));
#990=EDGE_LOOP('',(#2995));
#991=EDGE_LOOP('',(#2996,#2997,#2998,#2999));
#992=EDGE_LOOP('',(#3000));
#993=EDGE_LOOP('',(#3001));
#994=EDGE_LOOP('',(#3002,#3003,#3004,#3005));
#995=EDGE_LOOP('',(#3006));
#996=EDGE_LOOP('',(#3007,#3008,#3009,#3010));
#997=EDGE_LOOP('',(#3011));
#998=EDGE_LOOP('',(#3012));
#999=EDGE_LOOP('',(#3013));
#1000=EDGE_LOOP('',(#3014,#3015,#3016,#3017));
#1001=EDGE_LOOP('',(#3018));
#1002=EDGE_LOOP('',(#3019));
#1003=EDGE_LOOP('',(#3020,#3021,#3022,#3023));
#1004=EDGE_LOOP('',(#3024));
#1005=EDGE_LOOP('',(#3025,#3026,#3027,#3028));
#1006=EDGE_LOOP('',(#3029));
#1007=EDGE_LOOP('',(#3030));
#1008=EDGE_LOOP('',(#3031));
#1009=EDGE_LOOP('',(#3032,#3033,#3034,#3035));
#1010=EDGE_LOOP('',(#3036));
#1011=EDGE_LOOP('',(#3037));
#1012=EDGE_LOOP('',(#3038,#3039,#3040,#3041));
#1013=EDGE_LOOP('',(#3042));
#1014=EDGE_LOOP('',(#3043,#3044,#3045,#3046));
#1015=EDGE_LOOP('',(#3047));
#1016=EDGE_LOOP('',(#3048));
#1017=EDGE_LOOP('',(#3049));
#1018=EDGE_LOOP('',(#3050,#3051,#3052,#3053));
#1019=EDGE_LOOP('',(#3054));
#1020=EDGE_LOOP('',(#3055));
#1021=EDGE_LOOP('',(#3056,#3057,#3058,#3059));
#1022=EDGE_LOOP('',(#3060));
#1023=EDGE_LOOP('',(#3061,#3062,#3063,#3064));
#1024=EDGE_LOOP('',(#3065));
#1025=EDGE_LOOP('',(#3066));
#1026=EDGE_LOOP('',(#3067));
#1027=EDGE_LOOP('',(#3068,#3069,#3070,#3071));
#1028=EDGE_LOOP('',(#3072));
#1029=EDGE_LOOP('',(#3073));
#1030=EDGE_LOOP('',(#3074,#3075,#3076,#3077));
#1031=EDGE_LOOP('',(#3078));
#1032=EDGE_LOOP('',(#3079,#3080,#3081,#3082));
#1033=EDGE_LOOP('',(#3083));
#1034=EDGE_LOOP('',(#3084));
#1035=EDGE_LOOP('',(#3085));
#1036=EDGE_LOOP('',(#3086,#3087,#3088,#3089));
#1037=EDGE_LOOP('',(#3090));
#1038=EDGE_LOOP('',(#3091));
#1039=EDGE_LOOP('',(#3092,#3093,#3094,#3095));
#1040=EDGE_LOOP('',(#3096));
#1041=EDGE_LOOP('',(#3097,#3098,#3099,#3100));
#1042=EDGE_LOOP('',(#3101));
#1043=EDGE_LOOP('',(#3102));
#1044=EDGE_LOOP('',(#3103));
#1045=EDGE_LOOP('',(#3104,#3105,#3106,#3107));
#1046=EDGE_LOOP('',(#3108));
#1047=EDGE_LOOP('',(#3109));
#1048=EDGE_LOOP('',(#3110,#3111,#3112,#3113));
#1049=EDGE_LOOP('',(#3114));
#1050=EDGE_LOOP('',(#3115,#3116,#3117,#3118));
#1051=EDGE_LOOP('',(#3119));
#1052=EDGE_LOOP('',(#3120));
#1053=EDGE_LOOP('',(#3121));
#1054=EDGE_LOOP('',(#3122,#3123,#3124,#3125));
#1055=EDGE_LOOP('',(#3126));
#1056=EDGE_LOOP('',(#3127));
#1057=EDGE_LOOP('',(#3128,#3129,#3130,#3131));
#1058=EDGE_LOOP('',(#3132));
#1059=EDGE_LOOP('',(#3133,#3134,#3135,#3136));
#1060=EDGE_LOOP('',(#3137));
#1061=EDGE_LOOP('',(#3138));
#1062=EDGE_LOOP('',(#3139));
#1063=EDGE_LOOP('',(#3140,#3141,#3142,#3143));
#1064=EDGE_LOOP('',(#3144));
#1065=EDGE_LOOP('',(#3145));
#1066=EDGE_LOOP('',(#3146,#3147,#3148,#3149));
#1067=EDGE_LOOP('',(#3150));
#1068=EDGE_LOOP('',(#3151,#3152,#3153,#3154));
#1069=EDGE_LOOP('',(#3155));
#1070=EDGE_LOOP('',(#3156));
#1071=EDGE_LOOP('',(#3157));
#1072=EDGE_LOOP('',(#3158,#3159,#3160,#3161));
#1073=EDGE_LOOP('',(#3162));
#1074=EDGE_LOOP('',(#3163));
#1075=EDGE_LOOP('',(#3164,#3165,#3166,#3167));
#1076=EDGE_LOOP('',(#3168));
#1077=EDGE_LOOP('',(#3169,#3170,#3171,#3172));
#1078=EDGE_LOOP('',(#3173));
#1079=EDGE_LOOP('',(#3174));
#1080=EDGE_LOOP('',(#3175));
#1081=EDGE_LOOP('',(#3176,#3177,#3178,#3179));
#1082=EDGE_LOOP('',(#3180));
#1083=EDGE_LOOP('',(#3181));
#1084=EDGE_LOOP('',(#3182,#3183,#3184,#3185));
#1085=EDGE_LOOP('',(#3186));
#1086=EDGE_LOOP('',(#3187,#3188,#3189,#3190));
#1087=EDGE_LOOP('',(#3191));
#1088=EDGE_LOOP('',(#3192));
#1089=EDGE_LOOP('',(#3193));
#1090=EDGE_LOOP('',(#3194,#3195,#3196,#3197));
#1091=EDGE_LOOP('',(#3198));
#1092=EDGE_LOOP('',(#3199));
#1093=EDGE_LOOP('',(#3200,#3201,#3202,#3203));
#1094=EDGE_LOOP('',(#3204));
#1095=EDGE_LOOP('',(#3205,#3206,#3207,#3208));
#1096=EDGE_LOOP('',(#3209));
#1097=EDGE_LOOP('',(#3210));
#1098=EDGE_LOOP('',(#3211));
#1099=EDGE_LOOP('',(#3212,#3213,#3214,#3215));
#1100=EDGE_LOOP('',(#3216));
#1101=EDGE_LOOP('',(#3217));
#1102=EDGE_LOOP('',(#3218,#3219,#3220,#3221));
#1103=EDGE_LOOP('',(#3222));
#1104=EDGE_LOOP('',(#3223,#3224,#3225,#3226));
#1105=EDGE_LOOP('',(#3227));
#1106=EDGE_LOOP('',(#3228));
#1107=EDGE_LOOP('',(#3229));
#1108=EDGE_LOOP('',(#3230,#3231,#3232,#3233));
#1109=EDGE_LOOP('',(#3234));
#1110=EDGE_LOOP('',(#3235));
#1111=EDGE_LOOP('',(#3236,#3237,#3238,#3239));
#1112=EDGE_LOOP('',(#3240));
#1113=EDGE_LOOP('',(#3241,#3242,#3243,#3244));
#1114=EDGE_LOOP('',(#3245));
#1115=EDGE_LOOP('',(#3246));
#1116=EDGE_LOOP('',(#3247));
#1117=EDGE_LOOP('',(#3248,#3249,#3250,#3251));
#1118=EDGE_LOOP('',(#3252));
#1119=EDGE_LOOP('',(#3253));
#1120=EDGE_LOOP('',(#3254,#3255,#3256,#3257));
#1121=EDGE_LOOP('',(#3258));
#1122=EDGE_LOOP('',(#3259,#3260,#3261,#3262));
#1123=EDGE_LOOP('',(#3263));
#1124=EDGE_LOOP('',(#3264));
#1125=EDGE_LOOP('',(#3265));
#1126=EDGE_LOOP('',(#3266,#3267,#3268,#3269));
#1127=EDGE_LOOP('',(#3270));
#1128=EDGE_LOOP('',(#3271));
#1129=EDGE_LOOP('',(#3272,#3273,#3274,#3275));
#1130=EDGE_LOOP('',(#3276));
#1131=EDGE_LOOP('',(#3277,#3278,#3279,#3280));
#1132=EDGE_LOOP('',(#3281));
#1133=EDGE_LOOP('',(#3282));
#1134=EDGE_LOOP('',(#3283));
#1135=EDGE_LOOP('',(#3284,#3285,#3286,#3287));
#1136=EDGE_LOOP('',(#3288));
#1137=EDGE_LOOP('',(#3289));
#1138=EDGE_LOOP('',(#3290,#3291,#3292,#3293));
#1139=EDGE_LOOP('',(#3294));
#1140=EDGE_LOOP('',(#3295,#3296,#3297,#3298));
#1141=EDGE_LOOP('',(#3299));
#1142=EDGE_LOOP('',(#3300));
#1143=EDGE_LOOP('',(#3301));
#1144=EDGE_LOOP('',(#3302,#3303,#3304,#3305));
#1145=EDGE_LOOP('',(#3306));
#1146=EDGE_LOOP('',(#3307));
#1147=EDGE_LOOP('',(#3308,#3309,#3310,#3311));
#1148=EDGE_LOOP('',(#3312));
#1149=EDGE_LOOP('',(#3313,#3314,#3315,#3316));
#1150=EDGE_LOOP('',(#3317));
#1151=EDGE_LOOP('',(#3318));
#1152=EDGE_LOOP('',(#3319));
#1153=EDGE_LOOP('',(#3320,#3321,#3322,#3323));
#1154=EDGE_LOOP('',(#3324));
#1155=EDGE_LOOP('',(#3325));
#1156=EDGE_LOOP('',(#3326,#3327,#3328,#3329));
#1157=EDGE_LOOP('',(#3330));
#1158=EDGE_LOOP('',(#3331,#3332,#3333,#3334));
#1159=EDGE_LOOP('',(#3335));
#1160=EDGE_LOOP('',(#3336));
#1161=EDGE_LOOP('',(#3337));
#1162=EDGE_LOOP('',(#3338,#3339,#3340,#3341));
#1163=EDGE_LOOP('',(#3342));
#1164=EDGE_LOOP('',(#3343));
#1165=EDGE_LOOP('',(#3344,#3345,#3346,#3347));
#1166=EDGE_LOOP('',(#3348));
#1167=EDGE_LOOP('',(#3349,#3350,#3351,#3352));
#1168=EDGE_LOOP('',(#3353));
#1169=EDGE_LOOP('',(#3354));
#1170=EDGE_LOOP('',(#3355));
#1171=EDGE_LOOP('',(#3356,#3357,#3358,#3359));
#1172=EDGE_LOOP('',(#3360));
#1173=EDGE_LOOP('',(#3361));
#1174=EDGE_LOOP('',(#3362,#3363,#3364,#3365));
#1175=EDGE_LOOP('',(#3366));
#1176=EDGE_LOOP('',(#3367,#3368,#3369,#3370));
#1177=EDGE_LOOP('',(#3371));
#1178=EDGE_LOOP('',(#3372));
#1179=EDGE_LOOP('',(#3373));
#1180=EDGE_LOOP('',(#3374,#3375,#3376,#3377));
#1181=EDGE_LOOP('',(#3378));
#1182=EDGE_LOOP('',(#3379));
#1183=EDGE_LOOP('',(#3380,#3381,#3382,#3383));
#1184=EDGE_LOOP('',(#3384));
#1185=LINE('',#5994,#1332);
#1186=LINE('',#6004,#1333);
#1187=LINE('',#6010,#1334);
#1188=LINE('',#6016,#1335);
#1189=LINE('',#6026,#1336);
#1190=LINE('',#6032,#1337);
#1191=LINE('',#6038,#1338);
#1192=LINE('',#6048,#1339);
#1193=LINE('',#6054,#1340);
#1194=LINE('',#6060,#1341);
#1195=LINE('',#6070,#1342);
#1196=LINE('',#6076,#1343);
#1197=LINE('',#6082,#1344);
#1198=LINE('',#6092,#1345);
#1199=LINE('',#6098,#1346);
#1200=LINE('',#6104,#1347);
#1201=LINE('',#6114,#1348);
#1202=LINE('',#6120,#1349);
#1203=LINE('',#6126,#1350);
#1204=LINE('',#6136,#1351);
#1205=LINE('',#6142,#1352);
#1206=LINE('',#6148,#1353);
#1207=LINE('',#6158,#1354);
#1208=LINE('',#6164,#1355);
#1209=LINE('',#6170,#1356);
#1210=LINE('',#6180,#1357);
#1211=LINE('',#6186,#1358);
#1212=LINE('',#6192,#1359);
#1213=LINE('',#6202,#1360);
#1214=LINE('',#6208,#1361);
#1215=LINE('',#6217,#1362);
#1216=LINE('',#6227,#1363);
#1217=LINE('',#6231,#1364);
#1218=LINE('',#6239,#1365);
#1219=LINE('',#6249,#1366);
#1220=LINE('',#6253,#1367);
#1221=LINE('',#6261,#1368);
#1222=LINE('',#6271,#1369);
#1223=LINE('',#6275,#1370);
#1224=LINE('',#6283,#1371);
#1225=LINE('',#6293,#1372);
#1226=LINE('',#6297,#1373);
#1227=LINE('',#6302,#1374);
#1228=LINE('',#6312,#1375);
#1229=LINE('',#6318,#1376);
#1230=LINE('',#6324,#1377);
#1231=LINE('',#6334,#1378);
#1232=LINE('',#6340,#1379);
#1233=LINE('',#6346,#1380);
#1234=LINE('',#6356,#1381);
#1235=LINE('',#6362,#1382);
#1236=LINE('',#6368,#1383);
#1237=LINE('',#6378,#1384);
#1238=LINE('',#6384,#1385);
#1239=LINE('',#6390,#1386);
#1240=LINE('',#6397,#1387);
#1241=LINE('',#6402,#1388);
#1242=LINE('',#6409,#1389);
#1243=LINE('',#6420,#1390);
#1244=LINE('',#6425,#1391);
#1245=LINE('',#6431,#1392);
#1246=LINE('',#6442,#1393);
#1247=LINE('',#6447,#1394);
#1248=LINE('',#6453,#1395);
#1249=LINE('',#6464,#1396);
#1250=LINE('',#6469,#1397);
#1251=LINE('',#6475,#1398);
#1252=LINE('',#6486,#1399);
#1253=LINE('',#6491,#1400);
#1254=LINE('',#6497,#1401);
#1255=LINE('',#6508,#1402);
#1256=LINE('',#6513,#1403);
#1257=LINE('',#6519,#1404);
#1258=LINE('',#6530,#1405);
#1259=LINE('',#6535,#1406);
#1260=LINE('',#6541,#1407);
#1261=LINE('',#6552,#1408);
#1262=LINE('',#6557,#1409);
#1263=LINE('',#6563,#1410);
#1264=LINE('',#6574,#1411);
#1265=LINE('',#6579,#1412);
#1266=LINE('',#6585,#1413);
#1267=LINE('',#6596,#1414);
#1268=LINE('',#6601,#1415);
#1269=LINE('',#6607,#1416);
#1270=LINE('',#6618,#1417);
#1271=LINE('',#6623,#1418);
#1272=LINE('',#6629,#1419);
#1273=LINE('',#6639,#1420);
#1274=LINE('',#6645,#1421);
#1275=LINE('',#6651,#1422);
#1276=LINE('',#6661,#1423);
#1277=LINE('',#6667,#1424);
#1278=LINE('',#6673,#1425);
#1279=LINE('',#6683,#1426);
#1280=LINE('',#6689,#1427);
#1281=LINE('',#6695,#1428);
#1282=LINE('',#6705,#1429);
#1283=LINE('',#6711,#1430);
#1284=LINE('',#6717,#1431);
#1285=LINE('',#6727,#1432);
#1286=LINE('',#6733,#1433);
#1287=LINE('',#6739,#1434);
#1288=LINE('',#6749,#1435);
#1289=LINE('',#6755,#1436);
#1290=LINE('',#6761,#1437);
#1291=LINE('',#6771,#1438);
#1292=LINE('',#6777,#1439);
#1293=LINE('',#6783,#1440);
#1294=LINE('',#6793,#1441);
#1295=LINE('',#6799,#1442);
#1296=LINE('',#6805,#1443);
#1297=LINE('',#6815,#1444);
#1298=LINE('',#6821,#1445);
#1299=LINE('',#6827,#1446);
#1300=LINE('',#6837,#1447);
#1301=LINE('',#6843,#1448);
#1302=LINE('',#6849,#1449);
#1303=LINE('',#6859,#1450);
#1304=LINE('',#6865,#1451);
#1305=LINE('',#6871,#1452);
#1306=LINE('',#6881,#1453);
#1307=LINE('',#6887,#1454);
#1308=LINE('',#6893,#1455);
#1309=LINE('',#6904,#1456);
#1310=LINE('',#6909,#1457);
#1311=LINE('',#6915,#1458);
#1312=LINE('',#6926,#1459);
#1313=LINE('',#6931,#1460);
#1314=LINE('',#6937,#1461);
#1315=LINE('',#6948,#1462);
#1316=LINE('',#6953,#1463);
#1317=LINE('',#6959,#1464);
#1318=LINE('',#6970,#1465);
#1319=LINE('',#6975,#1466);
#1320=LINE('',#6981,#1467);
#1321=LINE('',#6991,#1468);
#1322=LINE('',#6997,#1469);
#1323=LINE('',#7003,#1470);
#1324=LINE('',#7013,#1471);
#1325=LINE('',#7019,#1472);
#1326=LINE('',#7025,#1473);
#1327=LINE('',#7035,#1474);
#1328=LINE('',#7041,#1475);
#1329=LINE('',#7047,#1476);
#1330=LINE('',#7057,#1477);
#1331=LINE('',#7063,#1478);
#1332=VECTOR('',#4576,1.05);
#1333=VECTOR('',#4589,2.75);
#1334=VECTOR('',#4598,1.5);
#1335=VECTOR('',#4605,1.05);
#1336=VECTOR('',#4618,2.75);
#1337=VECTOR('',#4627,1.5);
#1338=VECTOR('',#4634,0.84);
#1339=VECTOR('',#4647,2.25);
#1340=VECTOR('',#4656,1.25);
#1341=VECTOR('',#4663,0.84);
#1342=VECTOR('',#4676,2.25);
#1343=VECTOR('',#4685,1.25);
#1344=VECTOR('',#4692,0.84);
#1345=VECTOR('',#4705,2.25);
#1346=VECTOR('',#4714,1.25);
#1347=VECTOR('',#4721,0.84);
#1348=VECTOR('',#4734,2.25);
#1349=VECTOR('',#4743,1.25);
#1350=VECTOR('',#4750,1.05);
#1351=VECTOR('',#4763,2.75);
#1352=VECTOR('',#4772,1.5);
#1353=VECTOR('',#4779,1.05);
#1354=VECTOR('',#4792,2.75);
#1355=VECTOR('',#4801,1.5);
#1356=VECTOR('',#4808,1.05);
#1357=VECTOR('',#4821,2.75);
#1358=VECTOR('',#4830,1.5);
#1359=VECTOR('',#4837,1.05);
#1360=VECTOR('',#4850,2.75);
#1361=VECTOR('',#4859,1.5);
#1362=VECTOR('',#4870,0.84);
#1363=VECTOR('',#4883,2.25);
#1364=VECTOR('',#4890,1.25);
#1365=VECTOR('',#4899,0.84);
#1366=VECTOR('',#4912,2.25);
#1367=VECTOR('',#4919,1.25);
#1368=VECTOR('',#4928,0.84);
#1369=VECTOR('',#4941,2.25);
#1370=VECTOR('',#4948,1.25);
#1371=VECTOR('',#4957,0.84);
#1372=VECTOR('',#4970,2.25);
#1373=VECTOR('',#4977,1.25);
#1374=VECTOR('',#4982,0.63);
#1375=VECTOR('',#4995,1.9);
#1376=VECTOR('',#5004,1.);
#1377=VECTOR('',#5011,0.63);
#1378=VECTOR('',#5024,1.9);
#1379=VECTOR('',#5033,1.);
#1380=VECTOR('',#5040,0.63);
#1381=VECTOR('',#5053,1.9);
#1382=VECTOR('',#5062,1.);
#1383=VECTOR('',#5069,0.63);
#1384=VECTOR('',#5082,1.9);
#1385=VECTOR('',#5091,1.);
#1386=VECTOR('',#5098,1.05);
#1387=VECTOR('',#5107,1.5);
#1388=VECTOR('',#5114,2.25);
#1389=VECTOR('',#5123,1.05);
#1390=VECTOR('',#5138,2.75);
#1391=VECTOR('',#5145,1.5);
#1392=VECTOR('',#5152,1.05);
#1393=VECTOR('',#5167,2.75);
#1394=VECTOR('',#5174,1.5);
#1395=VECTOR('',#5181,1.05);
#1396=VECTOR('',#5196,2.75);
#1397=VECTOR('',#5203,1.5);
#1398=VECTOR('',#5210,1.05);
#1399=VECTOR('',#5225,2.75);
#1400=VECTOR('',#5232,1.5);
#1401=VECTOR('',#5239,1.05);
#1402=VECTOR('',#5254,2.75);
#1403=VECTOR('',#5261,1.5);
#1404=VECTOR('',#5268,1.05);
#1405=VECTOR('',#5283,2.75);
#1406=VECTOR('',#5290,1.5);
#1407=VECTOR('',#5297,1.05);
#1408=VECTOR('',#5312,2.75);
#1409=VECTOR('',#5319,1.5);
#1410=VECTOR('',#5326,1.05);
#1411=VECTOR('',#5341,2.75);
#1412=VECTOR('',#5348,1.5);
#1413=VECTOR('',#5355,1.05);
#1414=VECTOR('',#5370,2.75);
#1415=VECTOR('',#5377,1.5);
#1416=VECTOR('',#5384,1.05);
#1417=VECTOR('',#5399,2.75);
#1418=VECTOR('',#5406,1.5);
#1419=VECTOR('',#5413,0.84);
#1420=VECTOR('',#5426,2.25);
#1421=VECTOR('',#5435,1.25);
#1422=VECTOR('',#5442,0.84);
#1423=VECTOR('',#5455,2.25);
#1424=VECTOR('',#5464,1.25);
#1425=VECTOR('',#5471,0.84);
#1426=VECTOR('',#5484,2.25);
#1427=VECTOR('',#5493,1.25);
#1428=VECTOR('',#5500,0.84);
#1429=VECTOR('',#5513,2.25);
#1430=VECTOR('',#5522,1.25);
#1431=VECTOR('',#5529,0.84);
#1432=VECTOR('',#5542,2.25);
#1433=VECTOR('',#5551,1.25);
#1434=VECTOR('',#5558,0.84);
#1435=VECTOR('',#5571,2.25);
#1436=VECTOR('',#5580,1.25);
#1437=VECTOR('',#5587,0.84);
#1438=VECTOR('',#5600,2.25);
#1439=VECTOR('',#5609,1.25);
#1440=VECTOR('',#5616,0.84);
#1441=VECTOR('',#5629,2.25);
#1442=VECTOR('',#5638,1.25);
#1443=VECTOR('',#5645,0.9);
#1444=VECTOR('',#5658,2.25);
#1445=VECTOR('',#5667,1.25);
#1446=VECTOR('',#5674,0.9);
#1447=VECTOR('',#5687,2.25);
#1448=VECTOR('',#5696,1.25);
#1449=VECTOR('',#5703,0.9);
#1450=VECTOR('',#5716,2.25);
#1451=VECTOR('',#5725,1.25);
#1452=VECTOR('',#5732,0.9);
#1453=VECTOR('',#5745,2.25);
#1454=VECTOR('',#5754,1.25);
#1455=VECTOR('',#5761,1.05);
#1456=VECTOR('',#5776,2.75);
#1457=VECTOR('',#5783,1.5);
#1458=VECTOR('',#5790,1.05);
#1459=VECTOR('',#5805,2.75);
#1460=VECTOR('',#5812,1.5);
#1461=VECTOR('',#5819,1.05);
#1462=VECTOR('',#5834,2.75);
#1463=VECTOR('',#5841,1.5);
#1464=VECTOR('',#5848,1.05);
#1465=VECTOR('',#5863,2.75);
#1466=VECTOR('',#5870,1.5);
#1467=VECTOR('',#5877,0.84);
#1468=VECTOR('',#5890,2.25);
#1469=VECTOR('',#5899,1.25);
#1470=VECTOR('',#5906,0.84);
#1471=VECTOR('',#5919,2.25);
#1472=VECTOR('',#5928,1.25);
#1473=VECTOR('',#5935,0.84);
#1474=VECTOR('',#5948,2.25);
#1475=VECTOR('',#5957,1.25);
#1476=VECTOR('',#5964,0.84);
#1477=VECTOR('',#5977,2.25);
#1478=VECTOR('',#5986,1.25);
#1479=CIRCLE('',#3936,1.05);
#1480=CIRCLE('',#3937,1.05);
#1481=CIRCLE('',#3940,2.75);
#1482=CIRCLE('',#3941,1.5);
#1483=CIRCLE('',#3943,2.75);
#1484=CIRCLE('',#3946,1.5);
#1485=CIRCLE('',#3949,1.05);
#1486=CIRCLE('',#3950,1.05);
#1487=CIRCLE('',#3953,2.75);
#1488=CIRCLE('',#3954,1.5);
#1489=CIRCLE('',#3956,2.75);
#1490=CIRCLE('',#3959,1.5);
#1491=CIRCLE('',#3962,0.84);
#1492=CIRCLE('',#3963,0.84);
#1493=CIRCLE('',#3966,2.25);
#1494=CIRCLE('',#3967,1.25);
#1495=CIRCLE('',#3969,2.25);
#1496=CIRCLE('',#3972,1.25);
#1497=CIRCLE('',#3975,0.84);
#1498=CIRCLE('',#3976,0.84);
#1499=CIRCLE('',#3979,2.25);
#1500=CIRCLE('',#3980,1.25);
#1501=CIRCLE('',#3982,2.25);
#1502=CIRCLE('',#3985,1.25);
#1503=CIRCLE('',#3988,0.84);
#1504=CIRCLE('',#3989,0.84);
#1505=CIRCLE('',#3992,2.25);
#1506=CIRCLE('',#3993,1.25);
#1507=CIRCLE('',#3995,2.25);
#1508=CIRCLE('',#3998,1.25);
#1509=CIRCLE('',#4001,0.84);
#1510=CIRCLE('',#4002,0.84);
#1511=CIRCLE('',#4005,2.25);
#1512=CIRCLE('',#4006,1.25);
#1513=CIRCLE('',#4008,2.25);
#1514=CIRCLE('',#4011,1.25);
#1515=CIRCLE('',#4014,1.05);
#1516=CIRCLE('',#4015,1.05);
#1517=CIRCLE('',#4018,2.75);
#1518=CIRCLE('',#4019,1.5);
#1519=CIRCLE('',#4021,2.75);
#1520=CIRCLE('',#4024,1.5);
#1521=CIRCLE('',#4027,1.05);
#1522=CIRCLE('',#4028,1.05);
#1523=CIRCLE('',#4031,2.75);
#1524=CIRCLE('',#4032,1.5);
#1525=CIRCLE('',#4034,2.75);
#1526=CIRCLE('',#4037,1.5);
#1527=CIRCLE('',#4040,1.05);
#1528=CIRCLE('',#4041,1.05);
#1529=CIRCLE('',#4044,2.75);
#1530=CIRCLE('',#4045,1.5);
#1531=CIRCLE('',#4047,2.75);
#1532=CIRCLE('',#4050,1.5);
#1533=CIRCLE('',#4053,1.05);
#1534=CIRCLE('',#4054,1.05);
#1535=CIRCLE('',#4057,2.75);
#1536=CIRCLE('',#4058,1.5);
#1537=CIRCLE('',#4060,2.75);
#1538=CIRCLE('',#4063,1.5);
#1539=CIRCLE('',#4066,1.25);
#1540=CIRCLE('',#4068,0.84);
#1541=CIRCLE('',#4069,0.84);
#1542=CIRCLE('',#4072,2.25);
#1543=CIRCLE('',#4073,1.25);
#1544=CIRCLE('',#4075,2.25);
#1545=CIRCLE('',#4079,1.25);
#1546=CIRCLE('',#4081,0.84);
#1547=CIRCLE('',#4082,0.84);
#1548=CIRCLE('',#4085,2.25);
#1549=CIRCLE('',#4086,1.25);
#1550=CIRCLE('',#4088,2.25);
#1551=CIRCLE('',#4092,1.25);
#1552=CIRCLE('',#4094,0.84);
#1553=CIRCLE('',#4095,0.84);
#1554=CIRCLE('',#4098,2.25);
#1555=CIRCLE('',#4099,1.25);
#1556=CIRCLE('',#4101,2.25);
#1557=CIRCLE('',#4105,1.25);
#1558=CIRCLE('',#4107,0.84);
#1559=CIRCLE('',#4108,0.84);
#1560=CIRCLE('',#4111,2.25);
#1561=CIRCLE('',#4112,1.25);
#1562=CIRCLE('',#4114,2.25);
#1563=CIRCLE('',#4118,0.63);
#1564=CIRCLE('',#4119,0.63);
#1565=CIRCLE('',#4122,1.9);
#1566=CIRCLE('',#4123,1.);
#1567=CIRCLE('',#4125,1.9);
#1568=CIRCLE('',#4128,1.);
#1569=CIRCLE('',#4131,0.63);
#1570=CIRCLE('',#4132,0.63);
#1571=CIRCLE('',#4135,1.9);
#1572=CIRCLE('',#4136,1.);
#1573=CIRCLE('',#4138,1.9);
#1574=CIRCLE('',#4141,1.);
#1575=CIRCLE('',#4144,0.63);
#1576=CIRCLE('',#4145,0.63);
#1577=CIRCLE('',#4148,1.9);
#1578=CIRCLE('',#4149,1.);
#1579=CIRCLE('',#4151,1.9);
#1580=CIRCLE('',#4154,1.);
#1581=CIRCLE('',#4157,0.63);
#1582=CIRCLE('',#4158,0.63);
#1583=CIRCLE('',#4161,1.9);
#1584=CIRCLE('',#4162,1.);
#1585=CIRCLE('',#4164,1.9);
#1586=CIRCLE('',#4167,1.);
#1587=CIRCLE('',#4170,1.05);
#1588=CIRCLE('',#4171,1.05);
#1589=CIRCLE('',#4174,1.5);
#1590=CIRCLE('',#4175,1.5);
#1591=CIRCLE('',#4178,3.);
#1592=CIRCLE('',#4181,1.05);
#1593=CIRCLE('',#4182,1.05);
#1594=CIRCLE('',#4185,2.75);
#1595=CIRCLE('',#4186,1.5);
#1596=CIRCLE('',#4188,2.75);
#1597=CIRCLE('',#4191,1.5);
#1598=CIRCLE('',#4194,1.05);
#1599=CIRCLE('',#4195,1.05);
#1600=CIRCLE('',#4198,2.75);
#1601=CIRCLE('',#4199,1.5);
#1602=CIRCLE('',#4201,2.75);
#1603=CIRCLE('',#4204,1.5);
#1604=CIRCLE('',#4207,1.05);
#1605=CIRCLE('',#4208,1.05);
#1606=CIRCLE('',#4211,2.75);
#1607=CIRCLE('',#4212,1.5);
#1608=CIRCLE('',#4214,2.75);
#1609=CIRCLE('',#4217,1.5);
#1610=CIRCLE('',#4220,1.05);
#1611=CIRCLE('',#4221,1.05);
#1612=CIRCLE('',#4224,2.75);
#1613=CIRCLE('',#4225,1.5);
#1614=CIRCLE('',#4227,2.75);
#1615=CIRCLE('',#4230,1.5);
#1616=CIRCLE('',#4233,1.05);
#1617=CIRCLE('',#4234,1.05);
#1618=CIRCLE('',#4237,2.75);
#1619=CIRCLE('',#4238,1.5);
#1620=CIRCLE('',#4240,2.75);
#1621=CIRCLE('',#4243,1.5);
#1622=CIRCLE('',#4246,1.05);
#1623=CIRCLE('',#4247,1.05);
#1624=CIRCLE('',#4250,2.75);
#1625=CIRCLE('',#4251,1.5);
#1626=CIRCLE('',#4253,2.75);
#1627=CIRCLE('',#4256,1.5);
#1628=CIRCLE('',#4259,1.05);
#1629=CIRCLE('',#4260,1.05);
#1630=CIRCLE('',#4263,2.75);
#1631=CIRCLE('',#4264,1.5);
#1632=CIRCLE('',#4266,2.75);
#1633=CIRCLE('',#4269,1.5);
#1634=CIRCLE('',#4272,1.05);
#1635=CIRCLE('',#4273,1.05);
#1636=CIRCLE('',#4276,2.75);
#1637=CIRCLE('',#4277,1.5);
#1638=CIRCLE('',#4279,2.75);
#1639=CIRCLE('',#4282,1.5);
#1640=CIRCLE('',#4285,1.05);
#1641=CIRCLE('',#4286,1.05);
#1642=CIRCLE('',#4289,2.75);
#1643=CIRCLE('',#4290,1.5);
#1644=CIRCLE('',#4292,2.75);
#1645=CIRCLE('',#4295,1.5);
#1646=CIRCLE('',#4298,1.05);
#1647=CIRCLE('',#4299,1.05);
#1648=CIRCLE('',#4302,2.75);
#1649=CIRCLE('',#4303,1.5);
#1650=CIRCLE('',#4305,2.75);
#1651=CIRCLE('',#4308,1.5);
#1652=CIRCLE('',#4311,0.84);
#1653=CIRCLE('',#4312,0.84);
#1654=CIRCLE('',#4315,2.25);
#1655=CIRCLE('',#4316,1.25);
#1656=CIRCLE('',#4318,2.25);
#1657=CIRCLE('',#4321,1.25);
#1658=CIRCLE('',#4324,0.84);
#1659=CIRCLE('',#4325,0.84);
#1660=CIRCLE('',#4328,2.25);
#1661=CIRCLE('',#4329,1.25);
#1662=CIRCLE('',#4331,2.25);
#1663=CIRCLE('',#4334,1.25);
#1664=CIRCLE('',#4337,0.84);
#1665=CIRCLE('',#4338,0.84);
#1666=CIRCLE('',#4341,2.25);
#1667=CIRCLE('',#4342,1.25);
#1668=CIRCLE('',#4344,2.25);
#1669=CIRCLE('',#4347,1.25);
#1670=CIRCLE('',#4350,0.84);
#1671=CIRCLE('',#4351,0.84);
#1672=CIRCLE('',#4354,2.25);
#1673=CIRCLE('',#4355,1.25);
#1674=CIRCLE('',#4357,2.25);
#1675=CIRCLE('',#4360,1.25);
#1676=CIRCLE('',#4363,0.84);
#1677=CIRCLE('',#4364,0.84);
#1678=CIRCLE('',#4367,2.25);
#1679=CIRCLE('',#4368,1.25);
#1680=CIRCLE('',#4370,2.25);
#1681=CIRCLE('',#4373,1.25);
#1682=CIRCLE('',#4376,0.84);
#1683=CIRCLE('',#4377,0.84);
#1684=CIRCLE('',#4380,2.25);
#1685=CIRCLE('',#4381,1.25);
#1686=CIRCLE('',#4383,2.25);
#1687=CIRCLE('',#4386,1.25);
#1688=CIRCLE('',#4389,0.84);
#1689=CIRCLE('',#4390,0.84);
#1690=CIRCLE('',#4393,2.25);
#1691=CIRCLE('',#4394,1.25);
#1692=CIRCLE('',#4396,2.25);
#1693=CIRCLE('',#4399,1.25);
#1694=CIRCLE('',#4402,0.84);
#1695=CIRCLE('',#4403,0.84);
#1696=CIRCLE('',#4406,2.25);
#1697=CIRCLE('',#4407,1.25);
#1698=CIRCLE('',#4409,2.25);
#1699=CIRCLE('',#4412,1.25);
#1700=CIRCLE('',#4415,0.9);
#1701=CIRCLE('',#4416,0.9);
#1702=CIRCLE('',#4419,2.25);
#1703=CIRCLE('',#4420,1.25);
#1704=CIRCLE('',#4422,2.25);
#1705=CIRCLE('',#4425,1.25);
#1706=CIRCLE('',#4428,0.9);
#1707=CIRCLE('',#4429,0.9);
#1708=CIRCLE('',#4432,2.25);
#1709=CIRCLE('',#4433,1.25);
#1710=CIRCLE('',#4435,2.25);
#1711=CIRCLE('',#4438,1.25);
#1712=CIRCLE('',#4441,0.9);
#1713=CIRCLE('',#4442,0.9);
#1714=CIRCLE('',#4445,2.25);
#1715=CIRCLE('',#4446,1.25);
#1716=CIRCLE('',#4448,2.25);
#1717=CIRCLE('',#4451,1.25);
#1718=CIRCLE('',#4454,0.9);
#1719=CIRCLE('',#4455,0.9);
#1720=CIRCLE('',#4458,2.25);
#1721=CIRCLE('',#4459,1.25);
#1722=CIRCLE('',#4461,2.25);
#1723=CIRCLE('',#4464,1.25);
#1724=CIRCLE('',#4467,1.05);
#1725=CIRCLE('',#4468,1.05);
#1726=CIRCLE('',#4471,2.75);
#1727=CIRCLE('',#4472,1.5);
#1728=CIRCLE('',#4474,2.75);
#1729=CIRCLE('',#4477,1.5);
#1730=CIRCLE('',#4480,1.05);
#1731=CIRCLE('',#4481,1.05);
#1732=CIRCLE('',#4484,2.75);
#1733=CIRCLE('',#4485,1.5);
#1734=CIRCLE('',#4487,2.75);
#1735=CIRCLE('',#4490,1.5);
#1736=CIRCLE('',#4493,1.05);
#1737=CIRCLE('',#4494,1.05);
#1738=CIRCLE('',#4497,2.75);
#1739=CIRCLE('',#4498,1.5);
#1740=CIRCLE('',#4500,2.75);
#1741=CIRCLE('',#4503,1.5);
#1742=CIRCLE('',#4506,1.05);
#1743=CIRCLE('',#4507,1.05);
#1744=CIRCLE('',#4510,2.75);
#1745=CIRCLE('',#4511,1.5);
#1746=CIRCLE('',#4513,2.75);
#1747=CIRCLE('',#4516,1.5);
#1748=CIRCLE('',#4519,0.84);
#1749=CIRCLE('',#4520,0.84);
#1750=CIRCLE('',#4523,2.25);
#1751=CIRCLE('',#4524,1.25);
#1752=CIRCLE('',#4526,2.25);
#1753=CIRCLE('',#4529,1.25);
#1754=CIRCLE('',#4532,0.84);
#1755=CIRCLE('',#4533,0.84);
#1756=CIRCLE('',#4536,2.25);
#1757=CIRCLE('',#4537,1.25);
#1758=CIRCLE('',#4539,2.25);
#1759=CIRCLE('',#4542,1.25);
#1760=CIRCLE('',#4545,0.84);
#1761=CIRCLE('',#4546,0.84);
#1762=CIRCLE('',#4549,2.25);
#1763=CIRCLE('',#4550,1.25);
#1764=CIRCLE('',#4552,2.25);
#1765=CIRCLE('',#4555,1.25);
#1766=CIRCLE('',#4558,0.84);
#1767=CIRCLE('',#4559,0.84);
#1768=CIRCLE('',#4562,2.25);
#1769=CIRCLE('',#4563,1.25);
#1770=CIRCLE('',#4565,2.25);
#1771=CIRCLE('',#4568,1.25);
#1772=VERTEX_POINT('',#5991);
#1773=VERTEX_POINT('',#5993);
#1774=VERTEX_POINT('',#5998);
#1775=VERTEX_POINT('',#6000);
#1776=VERTEX_POINT('',#6003);
#1777=VERTEX_POINT('',#6008);
#1778=VERTEX_POINT('',#6013);
#1779=VERTEX_POINT('',#6015);
#1780=VERTEX_POINT('',#6020);
#1781=VERTEX_POINT('',#6022);
#1782=VERTEX_POINT('',#6025);
#1783=VERTEX_POINT('',#6030);
#1784=VERTEX_POINT('',#6035);
#1785=VERTEX_POINT('',#6037);
#1786=VERTEX_POINT('',#6042);
#1787=VERTEX_POINT('',#6044);
#1788=VERTEX_POINT('',#6047);
#1789=VERTEX_POINT('',#6052);
#1790=VERTEX_POINT('',#6057);
#1791=VERTEX_POINT('',#6059);
#1792=VERTEX_POINT('',#6064);
#1793=VERTEX_POINT('',#6066);
#1794=VERTEX_POINT('',#6069);
#1795=VERTEX_POINT('',#6074);
#1796=VERTEX_POINT('',#6079);
#1797=VERTEX_POINT('',#6081);
#1798=VERTEX_POINT('',#6086);
#1799=VERTEX_POINT('',#6088);
#1800=VERTEX_POINT('',#6091);
#1801=VERTEX_POINT('',#6096);
#1802=VERTEX_POINT('',#6101);
#1803=VERTEX_POINT('',#6103);
#1804=VERTEX_POINT('',#6108);
#1805=VERTEX_POINT('',#6110);
#1806=VERTEX_POINT('',#6113);
#1807=VERTEX_POINT('',#6118);
#1808=VERTEX_POINT('',#6123);
#1809=VERTEX_POINT('',#6125);
#1810=VERTEX_POINT('',#6130);
#1811=VERTEX_POINT('',#6132);
#1812=VERTEX_POINT('',#6135);
#1813=VERTEX_POINT('',#6140);
#1814=VERTEX_POINT('',#6145);
#1815=VERTEX_POINT('',#6147);
#1816=VERTEX_POINT('',#6152);
#1817=VERTEX_POINT('',#6154);
#1818=VERTEX_POINT('',#6157);
#1819=VERTEX_POINT('',#6162);
#1820=VERTEX_POINT('',#6167);
#1821=VERTEX_POINT('',#6169);
#1822=VERTEX_POINT('',#6174);
#1823=VERTEX_POINT('',#6176);
#1824=VERTEX_POINT('',#6179);
#1825=VERTEX_POINT('',#6184);
#1826=VERTEX_POINT('',#6189);
#1827=VERTEX_POINT('',#6191);
#1828=VERTEX_POINT('',#6196);
#1829=VERTEX_POINT('',#6198);
#1830=VERTEX_POINT('',#6201);
#1831=VERTEX_POINT('',#6206);
#1832=VERTEX_POINT('',#6211);
#1833=VERTEX_POINT('',#6214);
#1834=VERTEX_POINT('',#6216);
#1835=VERTEX_POINT('',#6221);
#1836=VERTEX_POINT('',#6223);
#1837=VERTEX_POINT('',#6226);
#1838=VERTEX_POINT('',#6233);
#1839=VERTEX_POINT('',#6236);
#1840=VERTEX_POINT('',#6238);
#1841=VERTEX_POINT('',#6243);
#1842=VERTEX_POINT('',#6245);
#1843=VERTEX_POINT('',#6248);
#1844=VERTEX_POINT('',#6255);
#1845=VERTEX_POINT('',#6258);
#1846=VERTEX_POINT('',#6260);
#1847=VERTEX_POINT('',#6265);
#1848=VERTEX_POINT('',#6267);
#1849=VERTEX_POINT('',#6270);
#1850=VERTEX_POINT('',#6277);
#1851=VERTEX_POINT('',#6280);
#1852=VERTEX_POINT('',#6282);
#1853=VERTEX_POINT('',#6287);
#1854=VERTEX_POINT('',#6289);
#1855=VERTEX_POINT('',#6292);
#1856=VERTEX_POINT('',#6299);
#1857=VERTEX_POINT('',#6301);
#1858=VERTEX_POINT('',#6306);
#1859=VERTEX_POINT('',#6308);
#1860=VERTEX_POINT('',#6311);
#1861=VERTEX_POINT('',#6316);
#1862=VERTEX_POINT('',#6321);
#1863=VERTEX_POINT('',#6323);
#1864=VERTEX_POINT('',#6328);
#1865=VERTEX_POINT('',#6330);
#1866=VERTEX_POINT('',#6333);
#1867=VERTEX_POINT('',#6338);
#1868=VERTEX_POINT('',#6343);
#1869=VERTEX_POINT('',#6345);
#1870=VERTEX_POINT('',#6350);
#1871=VERTEX_POINT('',#6352);
#1872=VERTEX_POINT('',#6355);
#1873=VERTEX_POINT('',#6360);
#1874=VERTEX_POINT('',#6365);
#1875=VERTEX_POINT('',#6367);
#1876=VERTEX_POINT('',#6372);
#1877=VERTEX_POINT('',#6374);
#1878=VERTEX_POINT('',#6377);
#1879=VERTEX_POINT('',#6382);
#1880=VERTEX_POINT('',#6387);
#1881=VERTEX_POINT('',#6389);
#1882=VERTEX_POINT('',#6394);
#1883=VERTEX_POINT('',#6396);
#1884=VERTEX_POINT('',#6401);
#1885=VERTEX_POINT('',#6406);
#1886=VERTEX_POINT('',#6408);
#1887=VERTEX_POINT('',#6413);
#1888=VERTEX_POINT('',#6415);
#1889=VERTEX_POINT('',#6418);
#1890=VERTEX_POINT('',#6423);
#1891=VERTEX_POINT('',#6428);
#1892=VERTEX_POINT('',#6430);
#1893=VERTEX_POINT('',#6435);
#1894=VERTEX_POINT('',#6437);
#1895=VERTEX_POINT('',#6440);
#1896=VERTEX_POINT('',#6445);
#1897=VERTEX_POINT('',#6450);
#1898=VERTEX_POINT('',#6452);
#1899=VERTEX_POINT('',#6457);
#1900=VERTEX_POINT('',#6459);
#1901=VERTEX_POINT('',#6462);
#1902=VERTEX_POINT('',#6467);
#1903=VERTEX_POINT('',#6472);
#1904=VERTEX_POINT('',#6474);
#1905=VERTEX_POINT('',#6479);
#1906=VERTEX_POINT('',#6481);
#1907=VERTEX_POINT('',#6484);
#1908=VERTEX_POINT('',#6489);
#1909=VERTEX_POINT('',#6494);
#1910=VERTEX_POINT('',#6496);
#1911=VERTEX_POINT('',#6501);
#1912=VERTEX_POINT('',#6503);
#1913=VERTEX_POINT('',#6506);
#1914=VERTEX_POINT('',#6511);
#1915=VERTEX_POINT('',#6516);
#1916=VERTEX_POINT('',#6518);
#1917=VERTEX_POINT('',#6523);
#1918=VERTEX_POINT('',#6525);
#1919=VERTEX_POINT('',#6528);
#1920=VERTEX_POINT('',#6533);
#1921=VERTEX_POINT('',#6538);
#1922=VERTEX_POINT('',#6540);
#1923=VERTEX_POINT('',#6545);
#1924=VERTEX_POINT('',#6547);
#1925=VERTEX_POINT('',#6550);
#1926=VERTEX_POINT('',#6555);
#1927=VERTEX_POINT('',#6560);
#1928=VERTEX_POINT('',#6562);
#1929=VERTEX_POINT('',#6567);
#1930=VERTEX_POINT('',#6569);
#1931=VERTEX_POINT('',#6572);
#1932=VERTEX_POINT('',#6577);
#1933=VERTEX_POINT('',#6582);
#1934=VERTEX_POINT('',#6584);
#1935=VERTEX_POINT('',#6589);
#1936=VERTEX_POINT('',#6591);
#1937=VERTEX_POINT('',#6594);
#1938=VERTEX_POINT('',#6599);
#1939=VERTEX_POINT('',#6604);
#1940=VERTEX_POINT('',#6606);
#1941=VERTEX_POINT('',#6611);
#1942=VERTEX_POINT('',#6613);
#1943=VERTEX_POINT('',#6616);
#1944=VERTEX_POINT('',#6621);
#1945=VERTEX_POINT('',#6626);
#1946=VERTEX_POINT('',#6628);
#1947=VERTEX_POINT('',#6633);
#1948=VERTEX_POINT('',#6635);
#1949=VERTEX_POINT('',#6638);
#1950=VERTEX_POINT('',#6643);
#1951=VERTEX_POINT('',#6648);
#1952=VERTEX_POINT('',#6650);
#1953=VERTEX_POINT('',#6655);
#1954=VERTEX_POINT('',#6657);
#1955=VERTEX_POINT('',#6660);
#1956=VERTEX_POINT('',#6665);
#1957=VERTEX_POINT('',#6670);
#1958=VERTEX_POINT('',#6672);
#1959=VERTEX_POINT('',#6677);
#1960=VERTEX_POINT('',#6679);
#1961=VERTEX_POINT('',#6682);
#1962=VERTEX_POINT('',#6687);
#1963=VERTEX_POINT('',#6692);
#1964=VERTEX_POINT('',#6694);
#1965=VERTEX_POINT('',#6699);
#1966=VERTEX_POINT('',#6701);
#1967=VERTEX_POINT('',#6704);
#1968=VERTEX_POINT('',#6709);
#1969=VERTEX_POINT('',#6714);
#1970=VERTEX_POINT('',#6716);
#1971=VERTEX_POINT('',#6721);
#1972=VERTEX_POINT('',#6723);
#1973=VERTEX_POINT('',#6726);
#1974=VERTEX_POINT('',#6731);
#1975=VERTEX_POINT('',#6736);
#1976=VERTEX_POINT('',#6738);
#1977=VERTEX_POINT('',#6743);
#1978=VERTEX_POINT('',#6745);
#1979=VERTEX_POINT('',#6748);
#1980=VERTEX_POINT('',#6753);
#1981=VERTEX_POINT('',#6758);
#1982=VERTEX_POINT('',#6760);
#1983=VERTEX_POINT('',#6765);
#1984=VERTEX_POINT('',#6767);
#1985=VERTEX_POINT('',#6770);
#1986=VERTEX_POINT('',#6775);
#1987=VERTEX_POINT('',#6780);
#1988=VERTEX_POINT('',#6782);
#1989=VERTEX_POINT('',#6787);
#1990=VERTEX_POINT('',#6789);
#1991=VERTEX_POINT('',#6792);
#1992=VERTEX_POINT('',#6797);
#1993=VERTEX_POINT('',#6802);
#1994=VERTEX_POINT('',#6804);
#1995=VERTEX_POINT('',#6809);
#1996=VERTEX_POINT('',#6811);
#1997=VERTEX_POINT('',#6814);
#1998=VERTEX_POINT('',#6819);
#1999=VERTEX_POINT('',#6824);
#2000=VERTEX_POINT('',#6826);
#2001=VERTEX_POINT('',#6831);
#2002=VERTEX_POINT('',#6833);
#2003=VERTEX_POINT('',#6836);
#2004=VERTEX_POINT('',#6841);
#2005=VERTEX_POINT('',#6846);
#2006=VERTEX_POINT('',#6848);
#2007=VERTEX_POINT('',#6853);
#2008=VERTEX_POINT('',#6855);
#2009=VERTEX_POINT('',#6858);
#2010=VERTEX_POINT('',#6863);
#2011=VERTEX_POINT('',#6868);
#2012=VERTEX_POINT('',#6870);
#2013=VERTEX_POINT('',#6875);
#2014=VERTEX_POINT('',#6877);
#2015=VERTEX_POINT('',#6880);
#2016=VERTEX_POINT('',#6885);
#2017=VERTEX_POINT('',#6890);
#2018=VERTEX_POINT('',#6892);
#2019=VERTEX_POINT('',#6897);
#2020=VERTEX_POINT('',#6899);
#2021=VERTEX_POINT('',#6902);
#2022=VERTEX_POINT('',#6907);
#2023=VERTEX_POINT('',#6912);
#2024=VERTEX_POINT('',#6914);
#2025=VERTEX_POINT('',#6919);
#2026=VERTEX_POINT('',#6921);
#2027=VERTEX_POINT('',#6924);
#2028=VERTEX_POINT('',#6929);
#2029=VERTEX_POINT('',#6934);
#2030=VERTEX_POINT('',#6936);
#2031=VERTEX_POINT('',#6941);
#2032=VERTEX_POINT('',#6943);
#2033=VERTEX_POINT('',#6946);
#2034=VERTEX_POINT('',#6951);
#2035=VERTEX_POINT('',#6956);
#2036=VERTEX_POINT('',#6958);
#2037=VERTEX_POINT('',#6963);
#2038=VERTEX_POINT('',#6965);
#2039=VERTEX_POINT('',#6968);
#2040=VERTEX_POINT('',#6973);
#2041=VERTEX_POINT('',#6978);
#2042=VERTEX_POINT('',#6980);
#2043=VERTEX_POINT('',#6985);
#2044=VERTEX_POINT('',#6987);
#2045=VERTEX_POINT('',#6990);
#2046=VERTEX_POINT('',#6995);
#2047=VERTEX_POINT('',#7000);
#2048=VERTEX_POINT('',#7002);
#2049=VERTEX_POINT('',#7007);
#2050=VERTEX_POINT('',#7009);
#2051=VERTEX_POINT('',#7012);
#2052=VERTEX_POINT('',#7017);
#2053=VERTEX_POINT('',#7022);
#2054=VERTEX_POINT('',#7024);
#2055=VERTEX_POINT('',#7029);
#2056=VERTEX_POINT('',#7031);
#2057=VERTEX_POINT('',#7034);
#2058=VERTEX_POINT('',#7039);
#2059=VERTEX_POINT('',#7044);
#2060=VERTEX_POINT('',#7046);
#2061=VERTEX_POINT('',#7051);
#2062=VERTEX_POINT('',#7053);
#2063=VERTEX_POINT('',#7056);
#2064=VERTEX_POINT('',#7061);
#2065=EDGE_CURVE('',#1772,#1772,#1479,.T.);
#2066=EDGE_CURVE('',#1772,#1773,#1185,.T.);
#2067=EDGE_CURVE('',#1773,#1773,#1480,.T.);
#2068=EDGE_CURVE('',#1774,#1774,#1481,.T.);
#2069=EDGE_CURVE('',#1775,#1775,#1482,.T.);
#2070=EDGE_CURVE('',#1774,#1776,#1186,.T.);
#2071=EDGE_CURVE('',#1776,#1776,#1483,.T.);
#2072=EDGE_CURVE('',#1777,#1777,#1484,.T.);
#2073=EDGE_CURVE('',#1777,#1775,#1187,.T.);
#2074=EDGE_CURVE('',#1778,#1778,#1485,.T.);
#2075=EDGE_CURVE('',#1778,#1779,#1188,.T.);
#2076=EDGE_CURVE('',#1779,#1779,#1486,.T.);
#2077=EDGE_CURVE('',#1780,#1780,#1487,.T.);
#2078=EDGE_CURVE('',#1781,#1781,#1488,.T.);
#2079=EDGE_CURVE('',#1780,#1782,#1189,.T.);
#2080=EDGE_CURVE('',#1782,#1782,#1489,.T.);
#2081=EDGE_CURVE('',#1783,#1783,#1490,.T.);
#2082=EDGE_CURVE('',#1783,#1781,#1190,.T.);
#2083=EDGE_CURVE('',#1784,#1784,#1491,.T.);
#2084=EDGE_CURVE('',#1784,#1785,#1191,.T.);
#2085=EDGE_CURVE('',#1785,#1785,#1492,.T.);
#2086=EDGE_CURVE('',#1786,#1786,#1493,.T.);
#2087=EDGE_CURVE('',#1787,#1787,#1494,.T.);
#2088=EDGE_CURVE('',#1786,#1788,#1192,.T.);
#2089=EDGE_CURVE('',#1788,#1788,#1495,.T.);
#2090=EDGE_CURVE('',#1789,#1789,#1496,.T.);
#2091=EDGE_CURVE('',#1789,#1787,#1193,.T.);
#2092=EDGE_CURVE('',#1790,#1790,#1497,.T.);
#2093=EDGE_CURVE('',#1790,#1791,#1194,.T.);
#2094=EDGE_CURVE('',#1791,#1791,#1498,.T.);
#2095=EDGE_CURVE('',#1792,#1792,#1499,.T.);
#2096=EDGE_CURVE('',#1793,#1793,#1500,.T.);
#2097=EDGE_CURVE('',#1792,#1794,#1195,.T.);
#2098=EDGE_CURVE('',#1794,#1794,#1501,.T.);
#2099=EDGE_CURVE('',#1795,#1795,#1502,.T.);
#2100=EDGE_CURVE('',#1795,#1793,#1196,.T.);
#2101=EDGE_CURVE('',#1796,#1796,#1503,.T.);
#2102=EDGE_CURVE('',#1796,#1797,#1197,.T.);
#2103=EDGE_CURVE('',#1797,#1797,#1504,.T.);
#2104=EDGE_CURVE('',#1798,#1798,#1505,.T.);
#2105=EDGE_CURVE('',#1799,#1799,#1506,.T.);
#2106=EDGE_CURVE('',#1798,#1800,#1198,.T.);
#2107=EDGE_CURVE('',#1800,#1800,#1507,.T.);
#2108=EDGE_CURVE('',#1801,#1801,#1508,.T.);
#2109=EDGE_CURVE('',#1801,#1799,#1199,.T.);
#2110=EDGE_CURVE('',#1802,#1802,#1509,.T.);
#2111=EDGE_CURVE('',#1802,#1803,#1200,.T.);
#2112=EDGE_CURVE('',#1803,#1803,#1510,.T.);
#2113=EDGE_CURVE('',#1804,#1804,#1511,.T.);
#2114=EDGE_CURVE('',#1805,#1805,#1512,.T.);
#2115=EDGE_CURVE('',#1804,#1806,#1201,.T.);
#2116=EDGE_CURVE('',#1806,#1806,#1513,.T.);
#2117=EDGE_CURVE('',#1807,#1807,#1514,.T.);
#2118=EDGE_CURVE('',#1807,#1805,#1202,.T.);
#2119=EDGE_CURVE('',#1808,#1808,#1515,.T.);
#2120=EDGE_CURVE('',#1808,#1809,#1203,.T.);
#2121=EDGE_CURVE('',#1809,#1809,#1516,.T.);
#2122=EDGE_CURVE('',#1810,#1810,#1517,.T.);
#2123=EDGE_CURVE('',#1811,#1811,#1518,.T.);
#2124=EDGE_CURVE('',#1810,#1812,#1204,.T.);
#2125=EDGE_CURVE('',#1812,#1812,#1519,.T.);
#2126=EDGE_CURVE('',#1813,#1813,#1520,.T.);
#2127=EDGE_CURVE('',#1813,#1811,#1205,.T.);
#2128=EDGE_CURVE('',#1814,#1814,#1521,.T.);
#2129=EDGE_CURVE('',#1814,#1815,#1206,.T.);
#2130=EDGE_CURVE('',#1815,#1815,#1522,.T.);
#2131=EDGE_CURVE('',#1816,#1816,#1523,.T.);
#2132=EDGE_CURVE('',#1817,#1817,#1524,.T.);
#2133=EDGE_CURVE('',#1816,#1818,#1207,.T.);
#2134=EDGE_CURVE('',#1818,#1818,#1525,.T.);
#2135=EDGE_CURVE('',#1819,#1819,#1526,.T.);
#2136=EDGE_CURVE('',#1819,#1817,#1208,.T.);
#2137=EDGE_CURVE('',#1820,#1820,#1527,.T.);
#2138=EDGE_CURVE('',#1820,#1821,#1209,.T.);
#2139=EDGE_CURVE('',#1821,#1821,#1528,.T.);
#2140=EDGE_CURVE('',#1822,#1822,#1529,.T.);
#2141=EDGE_CURVE('',#1823,#1823,#1530,.T.);
#2142=EDGE_CURVE('',#1822,#1824,#1210,.T.);
#2143=EDGE_CURVE('',#1824,#1824,#1531,.T.);
#2144=EDGE_CURVE('',#1825,#1825,#1532,.T.);
#2145=EDGE_CURVE('',#1825,#1823,#1211,.T.);
#2146=EDGE_CURVE('',#1826,#1826,#1533,.T.);
#2147=EDGE_CURVE('',#1826,#1827,#1212,.T.);
#2148=EDGE_CURVE('',#1827,#1827,#1534,.T.);
#2149=EDGE_CURVE('',#1828,#1828,#1535,.T.);
#2150=EDGE_CURVE('',#1829,#1829,#1536,.T.);
#2151=EDGE_CURVE('',#1828,#1830,#1213,.T.);
#2152=EDGE_CURVE('',#1830,#1830,#1537,.T.);
#2153=EDGE_CURVE('',#1831,#1831,#1538,.T.);
#2154=EDGE_CURVE('',#1831,#1829,#1214,.T.);
#2155=EDGE_CURVE('',#1832,#1832,#1539,.T.);
#2156=EDGE_CURVE('',#1833,#1833,#1540,.T.);
#2157=EDGE_CURVE('',#1833,#1834,#1215,.T.);
#2158=EDGE_CURVE('',#1834,#1834,#1541,.T.);
#2159=EDGE_CURVE('',#1835,#1835,#1542,.T.);
#2160=EDGE_CURVE('',#1836,#1836,#1543,.T.);
#2161=EDGE_CURVE('',#1835,#1837,#1216,.T.);
#2162=EDGE_CURVE('',#1837,#1837,#1544,.T.);
#2163=EDGE_CURVE('',#1832,#1836,#1217,.T.);
#2164=EDGE_CURVE('',#1838,#1838,#1545,.T.);
#2165=EDGE_CURVE('',#1839,#1839,#1546,.T.);
#2166=EDGE_CURVE('',#1839,#1840,#1218,.T.);
#2167=EDGE_CURVE('',#1840,#1840,#1547,.T.);
#2168=EDGE_CURVE('',#1841,#1841,#1548,.T.);
#2169=EDGE_CURVE('',#1842,#1842,#1549,.T.);
#2170=EDGE_CURVE('',#1841,#1843,#1219,.T.);
#2171=EDGE_CURVE('',#1843,#1843,#1550,.T.);
#2172=EDGE_CURVE('',#1838,#1842,#1220,.T.);
#2173=EDGE_CURVE('',#1844,#1844,#1551,.T.);
#2174=EDGE_CURVE('',#1845,#1845,#1552,.T.);
#2175=EDGE_CURVE('',#1845,#1846,#1221,.T.);
#2176=EDGE_CURVE('',#1846,#1846,#1553,.T.);
#2177=EDGE_CURVE('',#1847,#1847,#1554,.T.);
#2178=EDGE_CURVE('',#1848,#1848,#1555,.T.);
#2179=EDGE_CURVE('',#1847,#1849,#1222,.T.);
#2180=EDGE_CURVE('',#1849,#1849,#1556,.T.);
#2181=EDGE_CURVE('',#1844,#1848,#1223,.T.);
#2182=EDGE_CURVE('',#1850,#1850,#1557,.T.);
#2183=EDGE_CURVE('',#1851,#1851,#1558,.T.);
#2184=EDGE_CURVE('',#1851,#1852,#1224,.T.);
#2185=EDGE_CURVE('',#1852,#1852,#1559,.T.);
#2186=EDGE_CURVE('',#1853,#1853,#1560,.T.);
#2187=EDGE_CURVE('',#1854,#1854,#1561,.T.);
#2188=EDGE_CURVE('',#1853,#1855,#1225,.T.);
#2189=EDGE_CURVE('',#1855,#1855,#1562,.T.);
#2190=EDGE_CURVE('',#1850,#1854,#1226,.T.);
#2191=EDGE_CURVE('',#1856,#1856,#1563,.T.);
#2192=EDGE_CURVE('',#1856,#1857,#1227,.T.);
#2193=EDGE_CURVE('',#1857,#1857,#1564,.T.);
#2194=EDGE_CURVE('',#1858,#1858,#1565,.T.);
#2195=EDGE_CURVE('',#1859,#1859,#1566,.T.);
#2196=EDGE_CURVE('',#1858,#1860,#1228,.T.);
#2197=EDGE_CURVE('',#1860,#1860,#1567,.T.);
#2198=EDGE_CURVE('',#1861,#1861,#1568,.T.);
#2199=EDGE_CURVE('',#1861,#1859,#1229,.T.);
#2200=EDGE_CURVE('',#1862,#1862,#1569,.T.);
#2201=EDGE_CURVE('',#1862,#1863,#1230,.T.);
#2202=EDGE_CURVE('',#1863,#1863,#1570,.T.);
#2203=EDGE_CURVE('',#1864,#1864,#1571,.T.);
#2204=EDGE_CURVE('',#1865,#1865,#1572,.T.);
#2205=EDGE_CURVE('',#1864,#1866,#1231,.T.);
#2206=EDGE_CURVE('',#1866,#1866,#1573,.T.);
#2207=EDGE_CURVE('',#1867,#1867,#1574,.T.);
#2208=EDGE_CURVE('',#1867,#1865,#1232,.T.);
#2209=EDGE_CURVE('',#1868,#1868,#1575,.T.);
#2210=EDGE_CURVE('',#1868,#1869,#1233,.T.);
#2211=EDGE_CURVE('',#1869,#1869,#1576,.T.);
#2212=EDGE_CURVE('',#1870,#1870,#1577,.T.);
#2213=EDGE_CURVE('',#1871,#1871,#1578,.T.);
#2214=EDGE_CURVE('',#1870,#1872,#1234,.T.);
#2215=EDGE_CURVE('',#1872,#1872,#1579,.T.);
#2216=EDGE_CURVE('',#1873,#1873,#1580,.T.);
#2217=EDGE_CURVE('',#1873,#1871,#1235,.T.);
#2218=EDGE_CURVE('',#1874,#1874,#1581,.T.);
#2219=EDGE_CURVE('',#1874,#1875,#1236,.T.);
#2220=EDGE_CURVE('',#1875,#1875,#1582,.T.);
#2221=EDGE_CURVE('',#1876,#1876,#1583,.T.);
#2222=EDGE_CURVE('',#1877,#1877,#1584,.T.);
#2223=EDGE_CURVE('',#1876,#1878,#1237,.T.);
#2224=EDGE_CURVE('',#1878,#1878,#1585,.T.);
#2225=EDGE_CURVE('',#1879,#1879,#1586,.T.);
#2226=EDGE_CURVE('',#1879,#1877,#1238,.T.);
#2227=EDGE_CURVE('',#1880,#1880,#1587,.T.);
#2228=EDGE_CURVE('',#1880,#1881,#1239,.T.);
#2229=EDGE_CURVE('',#1881,#1881,#1588,.T.);
#2230=EDGE_CURVE('',#1882,#1882,#1589,.T.);
#2231=EDGE_CURVE('',#1882,#1883,#1240,.T.);
#2232=EDGE_CURVE('',#1883,#1883,#1590,.T.);
#2233=EDGE_CURVE('',#1883,#1884,#1241,.T.);
#2234=EDGE_CURVE('',#1884,#1884,#1591,.T.);
#2235=EDGE_CURVE('',#1885,#1885,#1592,.T.);
#2236=EDGE_CURVE('',#1885,#1886,#1242,.T.);
#2237=EDGE_CURVE('',#1886,#1886,#1593,.T.);
#2238=EDGE_CURVE('',#1887,#1887,#1594,.T.);
#2239=EDGE_CURVE('',#1888,#1888,#1595,.T.);
#2240=EDGE_CURVE('',#1889,#1889,#1596,.T.);
#2241=EDGE_CURVE('',#1889,#1887,#1243,.T.);
#2242=EDGE_CURVE('',#1890,#1890,#1597,.T.);
#2243=EDGE_CURVE('',#1890,#1888,#1244,.T.);
#2244=EDGE_CURVE('',#1891,#1891,#1598,.T.);
#2245=EDGE_CURVE('',#1891,#1892,#1245,.T.);
#2246=EDGE_CURVE('',#1892,#1892,#1599,.T.);
#2247=EDGE_CURVE('',#1893,#1893,#1600,.T.);
#2248=EDGE_CURVE('',#1894,#1894,#1601,.T.);
#2249=EDGE_CURVE('',#1895,#1895,#1602,.T.);
#2250=EDGE_CURVE('',#1895,#1893,#1246,.T.);
#2251=EDGE_CURVE('',#1896,#1896,#1603,.T.);
#2252=EDGE_CURVE('',#1896,#1894,#1247,.T.);
#2253=EDGE_CURVE('',#1897,#1897,#1604,.T.);
#2254=EDGE_CURVE('',#1897,#1898,#1248,.T.);
#2255=EDGE_CURVE('',#1898,#1898,#1605,.T.);
#2256=EDGE_CURVE('',#1899,#1899,#1606,.T.);
#2257=EDGE_CURVE('',#1900,#1900,#1607,.T.);
#2258=EDGE_CURVE('',#1901,#1901,#1608,.T.);
#2259=EDGE_CURVE('',#1901,#1899,#1249,.T.);
#2260=EDGE_CURVE('',#1902,#1902,#1609,.T.);
#2261=EDGE_CURVE('',#1902,#1900,#1250,.T.);
#2262=EDGE_CURVE('',#1903,#1903,#1610,.T.);
#2263=EDGE_CURVE('',#1903,#1904,#1251,.T.);
#2264=EDGE_CURVE('',#1904,#1904,#1611,.T.);
#2265=EDGE_CURVE('',#1905,#1905,#1612,.T.);
#2266=EDGE_CURVE('',#1906,#1906,#1613,.T.);
#2267=EDGE_CURVE('',#1907,#1907,#1614,.T.);
#2268=EDGE_CURVE('',#1907,#1905,#1252,.T.);
#2269=EDGE_CURVE('',#1908,#1908,#1615,.T.);
#2270=EDGE_CURVE('',#1908,#1906,#1253,.T.);
#2271=EDGE_CURVE('',#1909,#1909,#1616,.T.);
#2272=EDGE_CURVE('',#1909,#1910,#1254,.T.);
#2273=EDGE_CURVE('',#1910,#1910,#1617,.T.);
#2274=EDGE_CURVE('',#1911,#1911,#1618,.T.);
#2275=EDGE_CURVE('',#1912,#1912,#1619,.T.);
#2276=EDGE_CURVE('',#1913,#1913,#1620,.T.);
#2277=EDGE_CURVE('',#1913,#1911,#1255,.T.);
#2278=EDGE_CURVE('',#1914,#1914,#1621,.T.);
#2279=EDGE_CURVE('',#1914,#1912,#1256,.T.);
#2280=EDGE_CURVE('',#1915,#1915,#1622,.T.);
#2281=EDGE_CURVE('',#1915,#1916,#1257,.T.);
#2282=EDGE_CURVE('',#1916,#1916,#1623,.T.);
#2283=EDGE_CURVE('',#1917,#1917,#1624,.T.);
#2284=EDGE_CURVE('',#1918,#1918,#1625,.T.);
#2285=EDGE_CURVE('',#1919,#1919,#1626,.T.);
#2286=EDGE_CURVE('',#1919,#1917,#1258,.T.);
#2287=EDGE_CURVE('',#1920,#1920,#1627,.T.);
#2288=EDGE_CURVE('',#1920,#1918,#1259,.T.);
#2289=EDGE_CURVE('',#1921,#1921,#1628,.T.);
#2290=EDGE_CURVE('',#1921,#1922,#1260,.T.);
#2291=EDGE_CURVE('',#1922,#1922,#1629,.T.);
#2292=EDGE_CURVE('',#1923,#1923,#1630,.T.);
#2293=EDGE_CURVE('',#1924,#1924,#1631,.T.);
#2294=EDGE_CURVE('',#1925,#1925,#1632,.T.);
#2295=EDGE_CURVE('',#1925,#1923,#1261,.T.);
#2296=EDGE_CURVE('',#1926,#1926,#1633,.T.);
#2297=EDGE_CURVE('',#1926,#1924,#1262,.T.);
#2298=EDGE_CURVE('',#1927,#1927,#1634,.T.);
#2299=EDGE_CURVE('',#1927,#1928,#1263,.T.);
#2300=EDGE_CURVE('',#1928,#1928,#1635,.T.);
#2301=EDGE_CURVE('',#1929,#1929,#1636,.T.);
#2302=EDGE_CURVE('',#1930,#1930,#1637,.T.);
#2303=EDGE_CURVE('',#1931,#1931,#1638,.T.);
#2304=EDGE_CURVE('',#1931,#1929,#1264,.T.);
#2305=EDGE_CURVE('',#1932,#1932,#1639,.T.);
#2306=EDGE_CURVE('',#1932,#1930,#1265,.T.);
#2307=EDGE_CURVE('',#1933,#1933,#1640,.T.);
#2308=EDGE_CURVE('',#1933,#1934,#1266,.T.);
#2309=EDGE_CURVE('',#1934,#1934,#1641,.T.);
#2310=EDGE_CURVE('',#1935,#1935,#1642,.T.);
#2311=EDGE_CURVE('',#1936,#1936,#1643,.T.);
#2312=EDGE_CURVE('',#1937,#1937,#1644,.T.);
#2313=EDGE_CURVE('',#1937,#1935,#1267,.T.);
#2314=EDGE_CURVE('',#1938,#1938,#1645,.T.);
#2315=EDGE_CURVE('',#1938,#1936,#1268,.T.);
#2316=EDGE_CURVE('',#1939,#1939,#1646,.T.);
#2317=EDGE_CURVE('',#1939,#1940,#1269,.T.);
#2318=EDGE_CURVE('',#1940,#1940,#1647,.T.);
#2319=EDGE_CURVE('',#1941,#1941,#1648,.T.);
#2320=EDGE_CURVE('',#1942,#1942,#1649,.T.);
#2321=EDGE_CURVE('',#1943,#1943,#1650,.T.);
#2322=EDGE_CURVE('',#1943,#1941,#1270,.T.);
#2323=EDGE_CURVE('',#1944,#1944,#1651,.T.);
#2324=EDGE_CURVE('',#1944,#1942,#1271,.T.);
#2325=EDGE_CURVE('',#1945,#1945,#1652,.T.);
#2326=EDGE_CURVE('',#1945,#1946,#1272,.T.);
#2327=EDGE_CURVE('',#1946,#1946,#1653,.T.);
#2328=EDGE_CURVE('',#1947,#1947,#1654,.T.);
#2329=EDGE_CURVE('',#1948,#1948,#1655,.T.);
#2330=EDGE_CURVE('',#1947,#1949,#1273,.T.);
#2331=EDGE_CURVE('',#1949,#1949,#1656,.T.);
#2332=EDGE_CURVE('',#1950,#1950,#1657,.T.);
#2333=EDGE_CURVE('',#1950,#1948,#1274,.T.);
#2334=EDGE_CURVE('',#1951,#1951,#1658,.T.);
#2335=EDGE_CURVE('',#1951,#1952,#1275,.T.);
#2336=EDGE_CURVE('',#1952,#1952,#1659,.T.);
#2337=EDGE_CURVE('',#1953,#1953,#1660,.T.);
#2338=EDGE_CURVE('',#1954,#1954,#1661,.T.);
#2339=EDGE_CURVE('',#1953,#1955,#1276,.T.);
#2340=EDGE_CURVE('',#1955,#1955,#1662,.T.);
#2341=EDGE_CURVE('',#1956,#1956,#1663,.T.);
#2342=EDGE_CURVE('',#1956,#1954,#1277,.T.);
#2343=EDGE_CURVE('',#1957,#1957,#1664,.T.);
#2344=EDGE_CURVE('',#1957,#1958,#1278,.T.);
#2345=EDGE_CURVE('',#1958,#1958,#1665,.T.);
#2346=EDGE_CURVE('',#1959,#1959,#1666,.T.);
#2347=EDGE_CURVE('',#1960,#1960,#1667,.T.);
#2348=EDGE_CURVE('',#1959,#1961,#1279,.T.);
#2349=EDGE_CURVE('',#1961,#1961,#1668,.T.);
#2350=EDGE_CURVE('',#1962,#1962,#1669,.T.);
#2351=EDGE_CURVE('',#1962,#1960,#1280,.T.);
#2352=EDGE_CURVE('',#1963,#1963,#1670,.T.);
#2353=EDGE_CURVE('',#1963,#1964,#1281,.T.);
#2354=EDGE_CURVE('',#1964,#1964,#1671,.T.);
#2355=EDGE_CURVE('',#1965,#1965,#1672,.T.);
#2356=EDGE_CURVE('',#1966,#1966,#1673,.T.);
#2357=EDGE_CURVE('',#1965,#1967,#1282,.T.);
#2358=EDGE_CURVE('',#1967,#1967,#1674,.T.);
#2359=EDGE_CURVE('',#1968,#1968,#1675,.T.);
#2360=EDGE_CURVE('',#1968,#1966,#1283,.T.);
#2361=EDGE_CURVE('',#1969,#1969,#1676,.T.);
#2362=EDGE_CURVE('',#1969,#1970,#1284,.T.);
#2363=EDGE_CURVE('',#1970,#1970,#1677,.T.);
#2364=EDGE_CURVE('',#1971,#1971,#1678,.T.);
#2365=EDGE_CURVE('',#1972,#1972,#1679,.T.);
#2366=EDGE_CURVE('',#1971,#1973,#1285,.T.);
#2367=EDGE_CURVE('',#1973,#1973,#1680,.T.);
#2368=EDGE_CURVE('',#1974,#1974,#1681,.T.);
#2369=EDGE_CURVE('',#1974,#1972,#1286,.T.);
#2370=EDGE_CURVE('',#1975,#1975,#1682,.T.);
#2371=EDGE_CURVE('',#1975,#1976,#1287,.T.);
#2372=EDGE_CURVE('',#1976,#1976,#1683,.T.);
#2373=EDGE_CURVE('',#1977,#1977,#1684,.T.);
#2374=EDGE_CURVE('',#1978,#1978,#1685,.T.);
#2375=EDGE_CURVE('',#1977,#1979,#1288,.T.);
#2376=EDGE_CURVE('',#1979,#1979,#1686,.T.);
#2377=EDGE_CURVE('',#1980,#1980,#1687,.T.);
#2378=EDGE_CURVE('',#1980,#1978,#1289,.T.);
#2379=EDGE_CURVE('',#1981,#1981,#1688,.T.);
#2380=EDGE_CURVE('',#1981,#1982,#1290,.T.);
#2381=EDGE_CURVE('',#1982,#1982,#1689,.T.);
#2382=EDGE_CURVE('',#1983,#1983,#1690,.T.);
#2383=EDGE_CURVE('',#1984,#1984,#1691,.T.);
#2384=EDGE_CURVE('',#1983,#1985,#1291,.T.);
#2385=EDGE_CURVE('',#1985,#1985,#1692,.T.);
#2386=EDGE_CURVE('',#1986,#1986,#1693,.T.);
#2387=EDGE_CURVE('',#1986,#1984,#1292,.T.);
#2388=EDGE_CURVE('',#1987,#1987,#1694,.T.);
#2389=EDGE_CURVE('',#1987,#1988,#1293,.T.);
#2390=EDGE_CURVE('',#1988,#1988,#1695,.T.);
#2391=EDGE_CURVE('',#1989,#1989,#1696,.T.);
#2392=EDGE_CURVE('',#1990,#1990,#1697,.T.);
#2393=EDGE_CURVE('',#1989,#1991,#1294,.T.);
#2394=EDGE_CURVE('',#1991,#1991,#1698,.T.);
#2395=EDGE_CURVE('',#1992,#1992,#1699,.T.);
#2396=EDGE_CURVE('',#1992,#1990,#1295,.T.);
#2397=EDGE_CURVE('',#1993,#1993,#1700,.T.);
#2398=EDGE_CURVE('',#1993,#1994,#1296,.T.);
#2399=EDGE_CURVE('',#1994,#1994,#1701,.T.);
#2400=EDGE_CURVE('',#1995,#1995,#1702,.T.);
#2401=EDGE_CURVE('',#1996,#1996,#1703,.T.);
#2402=EDGE_CURVE('',#1995,#1997,#1297,.T.);
#2403=EDGE_CURVE('',#1997,#1997,#1704,.T.);
#2404=EDGE_CURVE('',#1998,#1998,#1705,.T.);
#2405=EDGE_CURVE('',#1998,#1996,#1298,.T.);
#2406=EDGE_CURVE('',#1999,#1999,#1706,.T.);
#2407=EDGE_CURVE('',#1999,#2000,#1299,.T.);
#2408=EDGE_CURVE('',#2000,#2000,#1707,.T.);
#2409=EDGE_CURVE('',#2001,#2001,#1708,.T.);
#2410=EDGE_CURVE('',#2002,#2002,#1709,.T.);
#2411=EDGE_CURVE('',#2001,#2003,#1300,.T.);
#2412=EDGE_CURVE('',#2003,#2003,#1710,.T.);
#2413=EDGE_CURVE('',#2004,#2004,#1711,.T.);
#2414=EDGE_CURVE('',#2004,#2002,#1301,.T.);
#2415=EDGE_CURVE('',#2005,#2005,#1712,.T.);
#2416=EDGE_CURVE('',#2005,#2006,#1302,.T.);
#2417=EDGE_CURVE('',#2006,#2006,#1713,.T.);
#2418=EDGE_CURVE('',#2007,#2007,#1714,.T.);
#2419=EDGE_CURVE('',#2008,#2008,#1715,.T.);
#2420=EDGE_CURVE('',#2007,#2009,#1303,.T.);
#2421=EDGE_CURVE('',#2009,#2009,#1716,.T.);
#2422=EDGE_CURVE('',#2010,#2010,#1717,.T.);
#2423=EDGE_CURVE('',#2010,#2008,#1304,.T.);
#2424=EDGE_CURVE('',#2011,#2011,#1718,.T.);
#2425=EDGE_CURVE('',#2011,#2012,#1305,.T.);
#2426=EDGE_CURVE('',#2012,#2012,#1719,.T.);
#2427=EDGE_CURVE('',#2013,#2013,#1720,.T.);
#2428=EDGE_CURVE('',#2014,#2014,#1721,.T.);
#2429=EDGE_CURVE('',#2013,#2015,#1306,.T.);
#2430=EDGE_CURVE('',#2015,#2015,#1722,.T.);
#2431=EDGE_CURVE('',#2016,#2016,#1723,.T.);
#2432=EDGE_CURVE('',#2016,#2014,#1307,.T.);
#2433=EDGE_CURVE('',#2017,#2017,#1724,.T.);
#2434=EDGE_CURVE('',#2017,#2018,#1308,.T.);
#2435=EDGE_CURVE('',#2018,#2018,#1725,.T.);
#2436=EDGE_CURVE('',#2019,#2019,#1726,.T.);
#2437=EDGE_CURVE('',#2020,#2020,#1727,.T.);
#2438=EDGE_CURVE('',#2021,#2021,#1728,.T.);
#2439=EDGE_CURVE('',#2021,#2019,#1309,.T.);
#2440=EDGE_CURVE('',#2022,#2022,#1729,.T.);
#2441=EDGE_CURVE('',#2022,#2020,#1310,.T.);
#2442=EDGE_CURVE('',#2023,#2023,#1730,.T.);
#2443=EDGE_CURVE('',#2023,#2024,#1311,.T.);
#2444=EDGE_CURVE('',#2024,#2024,#1731,.T.);
#2445=EDGE_CURVE('',#2025,#2025,#1732,.T.);
#2446=EDGE_CURVE('',#2026,#2026,#1733,.T.);
#2447=EDGE_CURVE('',#2027,#2027,#1734,.T.);
#2448=EDGE_CURVE('',#2027,#2025,#1312,.T.);
#2449=EDGE_CURVE('',#2028,#2028,#1735,.T.);
#2450=EDGE_CURVE('',#2028,#2026,#1313,.T.);
#2451=EDGE_CURVE('',#2029,#2029,#1736,.T.);
#2452=EDGE_CURVE('',#2029,#2030,#1314,.T.);
#2453=EDGE_CURVE('',#2030,#2030,#1737,.T.);
#2454=EDGE_CURVE('',#2031,#2031,#1738,.T.);
#2455=EDGE_CURVE('',#2032,#2032,#1739,.T.);
#2456=EDGE_CURVE('',#2033,#2033,#1740,.T.);
#2457=EDGE_CURVE('',#2033,#2031,#1315,.T.);
#2458=EDGE_CURVE('',#2034,#2034,#1741,.T.);
#2459=EDGE_CURVE('',#2034,#2032,#1316,.T.);
#2460=EDGE_CURVE('',#2035,#2035,#1742,.T.);
#2461=EDGE_CURVE('',#2035,#2036,#1317,.T.);
#2462=EDGE_CURVE('',#2036,#2036,#1743,.T.);
#2463=EDGE_CURVE('',#2037,#2037,#1744,.T.);
#2464=EDGE_CURVE('',#2038,#2038,#1745,.T.);
#2465=EDGE_CURVE('',#2039,#2039,#1746,.T.);
#2466=EDGE_CURVE('',#2039,#2037,#1318,.T.);
#2467=EDGE_CURVE('',#2040,#2040,#1747,.T.);
#2468=EDGE_CURVE('',#2040,#2038,#1319,.T.);
#2469=EDGE_CURVE('',#2041,#2041,#1748,.T.);
#2470=EDGE_CURVE('',#2041,#2042,#1320,.T.);
#2471=EDGE_CURVE('',#2042,#2042,#1749,.T.);
#2472=EDGE_CURVE('',#2043,#2043,#1750,.T.);
#2473=EDGE_CURVE('',#2044,#2044,#1751,.T.);
#2474=EDGE_CURVE('',#2043,#2045,#1321,.T.);
#2475=EDGE_CURVE('',#2045,#2045,#1752,.T.);
#2476=EDGE_CURVE('',#2046,#2046,#1753,.T.);
#2477=EDGE_CURVE('',#2046,#2044,#1322,.T.);
#2478=EDGE_CURVE('',#2047,#2047,#1754,.T.);
#2479=EDGE_CURVE('',#2047,#2048,#1323,.T.);
#2480=EDGE_CURVE('',#2048,#2048,#1755,.T.);
#2481=EDGE_CURVE('',#2049,#2049,#1756,.T.);
#2482=EDGE_CURVE('',#2050,#2050,#1757,.T.);
#2483=EDGE_CURVE('',#2049,#2051,#1324,.T.);
#2484=EDGE_CURVE('',#2051,#2051,#1758,.T.);
#2485=EDGE_CURVE('',#2052,#2052,#1759,.T.);
#2486=EDGE_CURVE('',#2052,#2050,#1325,.T.);
#2487=EDGE_CURVE('',#2053,#2053,#1760,.T.);
#2488=EDGE_CURVE('',#2053,#2054,#1326,.T.);
#2489=EDGE_CURVE('',#2054,#2054,#1761,.T.);
#2490=EDGE_CURVE('',#2055,#2055,#1762,.T.);
#2491=EDGE_CURVE('',#2056,#2056,#1763,.T.);
#2492=EDGE_CURVE('',#2055,#2057,#1327,.T.);
#2493=EDGE_CURVE('',#2057,#2057,#1764,.T.);
#2494=EDGE_CURVE('',#2058,#2058,#1765,.T.);
#2495=EDGE_CURVE('',#2058,#2056,#1328,.T.);
#2496=EDGE_CURVE('',#2059,#2059,#1766,.T.);
#2497=EDGE_CURVE('',#2059,#2060,#1329,.T.);
#2498=EDGE_CURVE('',#2060,#2060,#1767,.T.);
#2499=EDGE_CURVE('',#2061,#2061,#1768,.T.);
#2500=EDGE_CURVE('',#2062,#2062,#1769,.T.);
#2501=EDGE_CURVE('',#2061,#2063,#1330,.T.);
#2502=EDGE_CURVE('',#2063,#2063,#1770,.T.);
#2503=EDGE_CURVE('',#2064,#2064,#1771,.T.);
#2504=EDGE_CURVE('',#2064,#2062,#1331,.T.);
#2505=ORIENTED_EDGE('',*,*,#2065,.F.);
#2506=ORIENTED_EDGE('',*,*,#2066,.T.);
#2507=ORIENTED_EDGE('',*,*,#2067,.T.);
#2508=ORIENTED_EDGE('',*,*,#2066,.F.);
#2509=ORIENTED_EDGE('',*,*,#2067,.F.);
#2510=ORIENTED_EDGE('',*,*,#2068,.T.);
#2511=ORIENTED_EDGE('',*,*,#2069,.F.);
#2512=ORIENTED_EDGE('',*,*,#2068,.F.);
#2513=ORIENTED_EDGE('',*,*,#2070,.T.);
#2514=ORIENTED_EDGE('',*,*,#2071,.F.);
#2515=ORIENTED_EDGE('',*,*,#2070,.F.);
#2516=ORIENTED_EDGE('',*,*,#2071,.T.);
#2517=ORIENTED_EDGE('',*,*,#2065,.T.);
#2518=ORIENTED_EDGE('',*,*,#2072,.F.);
#2519=ORIENTED_EDGE('',*,*,#2073,.T.);
#2520=ORIENTED_EDGE('',*,*,#2069,.T.);
#2521=ORIENTED_EDGE('',*,*,#2073,.F.);
#2522=ORIENTED_EDGE('',*,*,#2072,.T.);
#2523=ORIENTED_EDGE('',*,*,#2074,.F.);
#2524=ORIENTED_EDGE('',*,*,#2075,.T.);
#2525=ORIENTED_EDGE('',*,*,#2076,.T.);
#2526=ORIENTED_EDGE('',*,*,#2075,.F.);
#2527=ORIENTED_EDGE('',*,*,#2076,.F.);
#2528=ORIENTED_EDGE('',*,*,#2077,.T.);
#2529=ORIENTED_EDGE('',*,*,#2078,.F.);
#2530=ORIENTED_EDGE('',*,*,#2077,.F.);
#2531=ORIENTED_EDGE('',*,*,#2079,.T.);
#2532=ORIENTED_EDGE('',*,*,#2080,.F.);
#2533=ORIENTED_EDGE('',*,*,#2079,.F.);
#2534=ORIENTED_EDGE('',*,*,#2080,.T.);
#2535=ORIENTED_EDGE('',*,*,#2074,.T.);
#2536=ORIENTED_EDGE('',*,*,#2081,.F.);
#2537=ORIENTED_EDGE('',*,*,#2082,.T.);
#2538=ORIENTED_EDGE('',*,*,#2078,.T.);
#2539=ORIENTED_EDGE('',*,*,#2082,.F.);
#2540=ORIENTED_EDGE('',*,*,#2081,.T.);
#2541=ORIENTED_EDGE('',*,*,#2083,.F.);
#2542=ORIENTED_EDGE('',*,*,#2084,.T.);
#2543=ORIENTED_EDGE('',*,*,#2085,.T.);
#2544=ORIENTED_EDGE('',*,*,#2084,.F.);
#2545=ORIENTED_EDGE('',*,*,#2085,.F.);
#2546=ORIENTED_EDGE('',*,*,#2086,.T.);
#2547=ORIENTED_EDGE('',*,*,#2087,.F.);
#2548=ORIENTED_EDGE('',*,*,#2086,.F.);
#2549=ORIENTED_EDGE('',*,*,#2088,.T.);
#2550=ORIENTED_EDGE('',*,*,#2089,.F.);
#2551=ORIENTED_EDGE('',*,*,#2088,.F.);
#2552=ORIENTED_EDGE('',*,*,#2089,.T.);
#2553=ORIENTED_EDGE('',*,*,#2083,.T.);
#2554=ORIENTED_EDGE('',*,*,#2090,.F.);
#2555=ORIENTED_EDGE('',*,*,#2091,.T.);
#2556=ORIENTED_EDGE('',*,*,#2087,.T.);
#2557=ORIENTED_EDGE('',*,*,#2091,.F.);
#2558=ORIENTED_EDGE('',*,*,#2090,.T.);
#2559=ORIENTED_EDGE('',*,*,#2092,.F.);
#2560=ORIENTED_EDGE('',*,*,#2093,.T.);
#2561=ORIENTED_EDGE('',*,*,#2094,.T.);
#2562=ORIENTED_EDGE('',*,*,#2093,.F.);
#2563=ORIENTED_EDGE('',*,*,#2094,.F.);
#2564=ORIENTED_EDGE('',*,*,#2095,.T.);
#2565=ORIENTED_EDGE('',*,*,#2096,.F.);
#2566=ORIENTED_EDGE('',*,*,#2095,.F.);
#2567=ORIENTED_EDGE('',*,*,#2097,.T.);
#2568=ORIENTED_EDGE('',*,*,#2098,.F.);
#2569=ORIENTED_EDGE('',*,*,#2097,.F.);
#2570=ORIENTED_EDGE('',*,*,#2098,.T.);
#2571=ORIENTED_EDGE('',*,*,#2092,.T.);
#2572=ORIENTED_EDGE('',*,*,#2099,.F.);
#2573=ORIENTED_EDGE('',*,*,#2100,.T.);
#2574=ORIENTED_EDGE('',*,*,#2096,.T.);
#2575=ORIENTED_EDGE('',*,*,#2100,.F.);
#2576=ORIENTED_EDGE('',*,*,#2099,.T.);
#2577=ORIENTED_EDGE('',*,*,#2101,.F.);
#2578=ORIENTED_EDGE('',*,*,#2102,.T.);
#2579=ORIENTED_EDGE('',*,*,#2103,.T.);
#2580=ORIENTED_EDGE('',*,*,#2102,.F.);
#2581=ORIENTED_EDGE('',*,*,#2103,.F.);
#2582=ORIENTED_EDGE('',*,*,#2104,.T.);
#2583=ORIENTED_EDGE('',*,*,#2105,.F.);
#2584=ORIENTED_EDGE('',*,*,#2104,.F.);
#2585=ORIENTED_EDGE('',*,*,#2106,.T.);
#2586=ORIENTED_EDGE('',*,*,#2107,.F.);
#2587=ORIENTED_EDGE('',*,*,#2106,.F.);
#2588=ORIENTED_EDGE('',*,*,#2107,.T.);
#2589=ORIENTED_EDGE('',*,*,#2101,.T.);
#2590=ORIENTED_EDGE('',*,*,#2108,.F.);
#2591=ORIENTED_EDGE('',*,*,#2109,.T.);
#2592=ORIENTED_EDGE('',*,*,#2105,.T.);
#2593=ORIENTED_EDGE('',*,*,#2109,.F.);
#2594=ORIENTED_EDGE('',*,*,#2108,.T.);
#2595=ORIENTED_EDGE('',*,*,#2110,.F.);
#2596=ORIENTED_EDGE('',*,*,#2111,.T.);
#2597=ORIENTED_EDGE('',*,*,#2112,.T.);
#2598=ORIENTED_EDGE('',*,*,#2111,.F.);
#2599=ORIENTED_EDGE('',*,*,#2112,.F.);
#2600=ORIENTED_EDGE('',*,*,#2113,.T.);
#2601=ORIENTED_EDGE('',*,*,#2114,.F.);
#2602=ORIENTED_EDGE('',*,*,#2113,.F.);
#2603=ORIENTED_EDGE('',*,*,#2115,.T.);
#2604=ORIENTED_EDGE('',*,*,#2116,.F.);
#2605=ORIENTED_EDGE('',*,*,#2115,.F.);
#2606=ORIENTED_EDGE('',*,*,#2116,.T.);
#2607=ORIENTED_EDGE('',*,*,#2110,.T.);
#2608=ORIENTED_EDGE('',*,*,#2117,.F.);
#2609=ORIENTED_EDGE('',*,*,#2118,.T.);
#2610=ORIENTED_EDGE('',*,*,#2114,.T.);
#2611=ORIENTED_EDGE('',*,*,#2118,.F.);
#2612=ORIENTED_EDGE('',*,*,#2117,.T.);
#2613=ORIENTED_EDGE('',*,*,#2119,.F.);
#2614=ORIENTED_EDGE('',*,*,#2120,.T.);
#2615=ORIENTED_EDGE('',*,*,#2121,.T.);
#2616=ORIENTED_EDGE('',*,*,#2120,.F.);
#2617=ORIENTED_EDGE('',*,*,#2121,.F.);
#2618=ORIENTED_EDGE('',*,*,#2122,.T.);
#2619=ORIENTED_EDGE('',*,*,#2123,.F.);
#2620=ORIENTED_EDGE('',*,*,#2122,.F.);
#2621=ORIENTED_EDGE('',*,*,#2124,.T.);
#2622=ORIENTED_EDGE('',*,*,#2125,.F.);
#2623=ORIENTED_EDGE('',*,*,#2124,.F.);
#2624=ORIENTED_EDGE('',*,*,#2125,.T.);
#2625=ORIENTED_EDGE('',*,*,#2119,.T.);
#2626=ORIENTED_EDGE('',*,*,#2126,.F.);
#2627=ORIENTED_EDGE('',*,*,#2127,.T.);
#2628=ORIENTED_EDGE('',*,*,#2123,.T.);
#2629=ORIENTED_EDGE('',*,*,#2127,.F.);
#2630=ORIENTED_EDGE('',*,*,#2126,.T.);
#2631=ORIENTED_EDGE('',*,*,#2128,.F.);
#2632=ORIENTED_EDGE('',*,*,#2129,.T.);
#2633=ORIENTED_EDGE('',*,*,#2130,.T.);
#2634=ORIENTED_EDGE('',*,*,#2129,.F.);
#2635=ORIENTED_EDGE('',*,*,#2130,.F.);
#2636=ORIENTED_EDGE('',*,*,#2131,.T.);
#2637=ORIENTED_EDGE('',*,*,#2132,.F.);
#2638=ORIENTED_EDGE('',*,*,#2131,.F.);
#2639=ORIENTED_EDGE('',*,*,#2133,.T.);
#2640=ORIENTED_EDGE('',*,*,#2134,.F.);
#2641=ORIENTED_EDGE('',*,*,#2133,.F.);
#2642=ORIENTED_EDGE('',*,*,#2134,.T.);
#2643=ORIENTED_EDGE('',*,*,#2128,.T.);
#2644=ORIENTED_EDGE('',*,*,#2135,.F.);
#2645=ORIENTED_EDGE('',*,*,#2136,.T.);
#2646=ORIENTED_EDGE('',*,*,#2132,.T.);
#2647=ORIENTED_EDGE('',*,*,#2136,.F.);
#2648=ORIENTED_EDGE('',*,*,#2135,.T.);
#2649=ORIENTED_EDGE('',*,*,#2137,.F.);
#2650=ORIENTED_EDGE('',*,*,#2138,.T.);
#2651=ORIENTED_EDGE('',*,*,#2139,.T.);
#2652=ORIENTED_EDGE('',*,*,#2138,.F.);
#2653=ORIENTED_EDGE('',*,*,#2139,.F.);
#2654=ORIENTED_EDGE('',*,*,#2140,.T.);
#2655=ORIENTED_EDGE('',*,*,#2141,.F.);
#2656=ORIENTED_EDGE('',*,*,#2140,.F.);
#2657=ORIENTED_EDGE('',*,*,#2142,.T.);
#2658=ORIENTED_EDGE('',*,*,#2143,.F.);
#2659=ORIENTED_EDGE('',*,*,#2142,.F.);
#2660=ORIENTED_EDGE('',*,*,#2143,.T.);
#2661=ORIENTED_EDGE('',*,*,#2137,.T.);
#2662=ORIENTED_EDGE('',*,*,#2144,.F.);
#2663=ORIENTED_EDGE('',*,*,#2145,.T.);
#2664=ORIENTED_EDGE('',*,*,#2141,.T.);
#2665=ORIENTED_EDGE('',*,*,#2145,.F.);
#2666=ORIENTED_EDGE('',*,*,#2144,.T.);
#2667=ORIENTED_EDGE('',*,*,#2146,.F.);
#2668=ORIENTED_EDGE('',*,*,#2147,.T.);
#2669=ORIENTED_EDGE('',*,*,#2148,.T.);
#2670=ORIENTED_EDGE('',*,*,#2147,.F.);
#2671=ORIENTED_EDGE('',*,*,#2148,.F.);
#2672=ORIENTED_EDGE('',*,*,#2149,.T.);
#2673=ORIENTED_EDGE('',*,*,#2150,.F.);
#2674=ORIENTED_EDGE('',*,*,#2149,.F.);
#2675=ORIENTED_EDGE('',*,*,#2151,.T.);
#2676=ORIENTED_EDGE('',*,*,#2152,.F.);
#2677=ORIENTED_EDGE('',*,*,#2151,.F.);
#2678=ORIENTED_EDGE('',*,*,#2152,.T.);
#2679=ORIENTED_EDGE('',*,*,#2146,.T.);
#2680=ORIENTED_EDGE('',*,*,#2153,.F.);
#2681=ORIENTED_EDGE('',*,*,#2154,.T.);
#2682=ORIENTED_EDGE('',*,*,#2150,.T.);
#2683=ORIENTED_EDGE('',*,*,#2154,.F.);
#2684=ORIENTED_EDGE('',*,*,#2153,.T.);
#2685=ORIENTED_EDGE('',*,*,#2155,.T.);
#2686=ORIENTED_EDGE('',*,*,#2156,.F.);
#2687=ORIENTED_EDGE('',*,*,#2157,.T.);
#2688=ORIENTED_EDGE('',*,*,#2158,.T.);
#2689=ORIENTED_EDGE('',*,*,#2157,.F.);
#2690=ORIENTED_EDGE('',*,*,#2158,.F.);
#2691=ORIENTED_EDGE('',*,*,#2159,.T.);
#2692=ORIENTED_EDGE('',*,*,#2160,.F.);
#2693=ORIENTED_EDGE('',*,*,#2159,.F.);
#2694=ORIENTED_EDGE('',*,*,#2161,.T.);
#2695=ORIENTED_EDGE('',*,*,#2162,.F.);
#2696=ORIENTED_EDGE('',*,*,#2161,.F.);
#2697=ORIENTED_EDGE('',*,*,#2162,.T.);
#2698=ORIENTED_EDGE('',*,*,#2156,.T.);
#2699=ORIENTED_EDGE('',*,*,#2155,.F.);
#2700=ORIENTED_EDGE('',*,*,#2163,.T.);
#2701=ORIENTED_EDGE('',*,*,#2160,.T.);
#2702=ORIENTED_EDGE('',*,*,#2163,.F.);
#2703=ORIENTED_EDGE('',*,*,#2164,.T.);
#2704=ORIENTED_EDGE('',*,*,#2165,.F.);
#2705=ORIENTED_EDGE('',*,*,#2166,.T.);
#2706=ORIENTED_EDGE('',*,*,#2167,.T.);
#2707=ORIENTED_EDGE('',*,*,#2166,.F.);
#2708=ORIENTED_EDGE('',*,*,#2167,.F.);
#2709=ORIENTED_EDGE('',*,*,#2168,.T.);
#2710=ORIENTED_EDGE('',*,*,#2169,.F.);
#2711=ORIENTED_EDGE('',*,*,#2168,.F.);
#2712=ORIENTED_EDGE('',*,*,#2170,.T.);
#2713=ORIENTED_EDGE('',*,*,#2171,.F.);
#2714=ORIENTED_EDGE('',*,*,#2170,.F.);
#2715=ORIENTED_EDGE('',*,*,#2171,.T.);
#2716=ORIENTED_EDGE('',*,*,#2165,.T.);
#2717=ORIENTED_EDGE('',*,*,#2164,.F.);
#2718=ORIENTED_EDGE('',*,*,#2172,.T.);
#2719=ORIENTED_EDGE('',*,*,#2169,.T.);
#2720=ORIENTED_EDGE('',*,*,#2172,.F.);
#2721=ORIENTED_EDGE('',*,*,#2173,.T.);
#2722=ORIENTED_EDGE('',*,*,#2174,.F.);
#2723=ORIENTED_EDGE('',*,*,#2175,.T.);
#2724=ORIENTED_EDGE('',*,*,#2176,.T.);
#2725=ORIENTED_EDGE('',*,*,#2175,.F.);
#2726=ORIENTED_EDGE('',*,*,#2176,.F.);
#2727=ORIENTED_EDGE('',*,*,#2177,.T.);
#2728=ORIENTED_EDGE('',*,*,#2178,.F.);
#2729=ORIENTED_EDGE('',*,*,#2177,.F.);
#2730=ORIENTED_EDGE('',*,*,#2179,.T.);
#2731=ORIENTED_EDGE('',*,*,#2180,.F.);
#2732=ORIENTED_EDGE('',*,*,#2179,.F.);
#2733=ORIENTED_EDGE('',*,*,#2180,.T.);
#2734=ORIENTED_EDGE('',*,*,#2174,.T.);
#2735=ORIENTED_EDGE('',*,*,#2173,.F.);
#2736=ORIENTED_EDGE('',*,*,#2181,.T.);
#2737=ORIENTED_EDGE('',*,*,#2178,.T.);
#2738=ORIENTED_EDGE('',*,*,#2181,.F.);
#2739=ORIENTED_EDGE('',*,*,#2182,.T.);
#2740=ORIENTED_EDGE('',*,*,#2183,.F.);
#2741=ORIENTED_EDGE('',*,*,#2184,.T.);
#2742=ORIENTED_EDGE('',*,*,#2185,.T.);
#2743=ORIENTED_EDGE('',*,*,#2184,.F.);
#2744=ORIENTED_EDGE('',*,*,#2185,.F.);
#2745=ORIENTED_EDGE('',*,*,#2186,.T.);
#2746=ORIENTED_EDGE('',*,*,#2187,.F.);
#2747=ORIENTED_EDGE('',*,*,#2186,.F.);
#2748=ORIENTED_EDGE('',*,*,#2188,.T.);
#2749=ORIENTED_EDGE('',*,*,#2189,.F.);
#2750=ORIENTED_EDGE('',*,*,#2188,.F.);
#2751=ORIENTED_EDGE('',*,*,#2189,.T.);
#2752=ORIENTED_EDGE('',*,*,#2183,.T.);
#2753=ORIENTED_EDGE('',*,*,#2182,.F.);
#2754=ORIENTED_EDGE('',*,*,#2190,.T.);
#2755=ORIENTED_EDGE('',*,*,#2187,.T.);
#2756=ORIENTED_EDGE('',*,*,#2190,.F.);
#2757=ORIENTED_EDGE('',*,*,#2191,.F.);
#2758=ORIENTED_EDGE('',*,*,#2192,.T.);
#2759=ORIENTED_EDGE('',*,*,#2193,.T.);
#2760=ORIENTED_EDGE('',*,*,#2192,.F.);
#2761=ORIENTED_EDGE('',*,*,#2193,.F.);
#2762=ORIENTED_EDGE('',*,*,#2194,.T.);
#2763=ORIENTED_EDGE('',*,*,#2195,.F.);
#2764=ORIENTED_EDGE('',*,*,#2194,.F.);
#2765=ORIENTED_EDGE('',*,*,#2196,.T.);
#2766=ORIENTED_EDGE('',*,*,#2197,.F.);
#2767=ORIENTED_EDGE('',*,*,#2196,.F.);
#2768=ORIENTED_EDGE('',*,*,#2197,.T.);
#2769=ORIENTED_EDGE('',*,*,#2191,.T.);
#2770=ORIENTED_EDGE('',*,*,#2198,.F.);
#2771=ORIENTED_EDGE('',*,*,#2199,.T.);
#2772=ORIENTED_EDGE('',*,*,#2195,.T.);
#2773=ORIENTED_EDGE('',*,*,#2199,.F.);
#2774=ORIENTED_EDGE('',*,*,#2198,.T.);
#2775=ORIENTED_EDGE('',*,*,#2200,.F.);
#2776=ORIENTED_EDGE('',*,*,#2201,.T.);
#2777=ORIENTED_EDGE('',*,*,#2202,.T.);
#2778=ORIENTED_EDGE('',*,*,#2201,.F.);
#2779=ORIENTED_EDGE('',*,*,#2202,.F.);
#2780=ORIENTED_EDGE('',*,*,#2203,.T.);
#2781=ORIENTED_EDGE('',*,*,#2204,.F.);
#2782=ORIENTED_EDGE('',*,*,#2203,.F.);
#2783=ORIENTED_EDGE('',*,*,#2205,.T.);
#2784=ORIENTED_EDGE('',*,*,#2206,.F.);
#2785=ORIENTED_EDGE('',*,*,#2205,.F.);
#2786=ORIENTED_EDGE('',*,*,#2206,.T.);
#2787=ORIENTED_EDGE('',*,*,#2200,.T.);
#2788=ORIENTED_EDGE('',*,*,#2207,.F.);
#2789=ORIENTED_EDGE('',*,*,#2208,.T.);
#2790=ORIENTED_EDGE('',*,*,#2204,.T.);
#2791=ORIENTED_EDGE('',*,*,#2208,.F.);
#2792=ORIENTED_EDGE('',*,*,#2207,.T.);
#2793=ORIENTED_EDGE('',*,*,#2209,.F.);
#2794=ORIENTED_EDGE('',*,*,#2210,.T.);
#2795=ORIENTED_EDGE('',*,*,#2211,.T.);
#2796=ORIENTED_EDGE('',*,*,#2210,.F.);
#2797=ORIENTED_EDGE('',*,*,#2211,.F.);
#2798=ORIENTED_EDGE('',*,*,#2212,.T.);
#2799=ORIENTED_EDGE('',*,*,#2213,.F.);
#2800=ORIENTED_EDGE('',*,*,#2212,.F.);
#2801=ORIENTED_EDGE('',*,*,#2214,.T.);
#2802=ORIENTED_EDGE('',*,*,#2215,.F.);
#2803=ORIENTED_EDGE('',*,*,#2214,.F.);
#2804=ORIENTED_EDGE('',*,*,#2215,.T.);
#2805=ORIENTED_EDGE('',*,*,#2209,.T.);
#2806=ORIENTED_EDGE('',*,*,#2216,.F.);
#2807=ORIENTED_EDGE('',*,*,#2217,.T.);
#2808=ORIENTED_EDGE('',*,*,#2213,.T.);
#2809=ORIENTED_EDGE('',*,*,#2217,.F.);
#2810=ORIENTED_EDGE('',*,*,#2216,.T.);
#2811=ORIENTED_EDGE('',*,*,#2218,.F.);
#2812=ORIENTED_EDGE('',*,*,#2219,.T.);
#2813=ORIENTED_EDGE('',*,*,#2220,.T.);
#2814=ORIENTED_EDGE('',*,*,#2219,.F.);
#2815=ORIENTED_EDGE('',*,*,#2220,.F.);
#2816=ORIENTED_EDGE('',*,*,#2221,.T.);
#2817=ORIENTED_EDGE('',*,*,#2222,.F.);
#2818=ORIENTED_EDGE('',*,*,#2221,.F.);
#2819=ORIENTED_EDGE('',*,*,#2223,.T.);
#2820=ORIENTED_EDGE('',*,*,#2224,.F.);
#2821=ORIENTED_EDGE('',*,*,#2223,.F.);
#2822=ORIENTED_EDGE('',*,*,#2224,.T.);
#2823=ORIENTED_EDGE('',*,*,#2218,.T.);
#2824=ORIENTED_EDGE('',*,*,#2225,.F.);
#2825=ORIENTED_EDGE('',*,*,#2226,.T.);
#2826=ORIENTED_EDGE('',*,*,#2222,.T.);
#2827=ORIENTED_EDGE('',*,*,#2226,.F.);
#2828=ORIENTED_EDGE('',*,*,#2225,.T.);
#2829=ORIENTED_EDGE('',*,*,#2227,.F.);
#2830=ORIENTED_EDGE('',*,*,#2228,.T.);
#2831=ORIENTED_EDGE('',*,*,#2229,.T.);
#2832=ORIENTED_EDGE('',*,*,#2228,.F.);
#2833=ORIENTED_EDGE('',*,*,#2229,.F.);
#2834=ORIENTED_EDGE('',*,*,#2230,.F.);
#2835=ORIENTED_EDGE('',*,*,#2231,.T.);
#2836=ORIENTED_EDGE('',*,*,#2232,.T.);
#2837=ORIENTED_EDGE('',*,*,#2231,.F.);
#2838=ORIENTED_EDGE('',*,*,#2230,.T.);
#2839=ORIENTED_EDGE('',*,*,#2232,.F.);
#2840=ORIENTED_EDGE('',*,*,#2233,.T.);
#2841=ORIENTED_EDGE('',*,*,#2234,.F.);
#2842=ORIENTED_EDGE('',*,*,#2233,.F.);
#2843=ORIENTED_EDGE('',*,*,#2234,.T.);
#2844=ORIENTED_EDGE('',*,*,#2227,.T.);
#2845=ORIENTED_EDGE('',*,*,#2235,.F.);
#2846=ORIENTED_EDGE('',*,*,#2236,.T.);
#2847=ORIENTED_EDGE('',*,*,#2237,.T.);
#2848=ORIENTED_EDGE('',*,*,#2236,.F.);
#2849=ORIENTED_EDGE('',*,*,#2237,.F.);
#2850=ORIENTED_EDGE('',*,*,#2238,.T.);
#2851=ORIENTED_EDGE('',*,*,#2239,.T.);
#2852=ORIENTED_EDGE('',*,*,#2240,.F.);
#2853=ORIENTED_EDGE('',*,*,#2241,.T.);
#2854=ORIENTED_EDGE('',*,*,#2238,.F.);
#2855=ORIENTED_EDGE('',*,*,#2241,.F.);
#2856=ORIENTED_EDGE('',*,*,#2240,.T.);
#2857=ORIENTED_EDGE('',*,*,#2235,.T.);
#2858=ORIENTED_EDGE('',*,*,#2242,.F.);
#2859=ORIENTED_EDGE('',*,*,#2243,.T.);
#2860=ORIENTED_EDGE('',*,*,#2239,.F.);
#2861=ORIENTED_EDGE('',*,*,#2243,.F.);
#2862=ORIENTED_EDGE('',*,*,#2242,.T.);
#2863=ORIENTED_EDGE('',*,*,#2244,.F.);
#2864=ORIENTED_EDGE('',*,*,#2245,.T.);
#2865=ORIENTED_EDGE('',*,*,#2246,.T.);
#2866=ORIENTED_EDGE('',*,*,#2245,.F.);
#2867=ORIENTED_EDGE('',*,*,#2246,.F.);
#2868=ORIENTED_EDGE('',*,*,#2247,.T.);
#2869=ORIENTED_EDGE('',*,*,#2248,.T.);
#2870=ORIENTED_EDGE('',*,*,#2249,.F.);
#2871=ORIENTED_EDGE('',*,*,#2250,.T.);
#2872=ORIENTED_EDGE('',*,*,#2247,.F.);
#2873=ORIENTED_EDGE('',*,*,#2250,.F.);
#2874=ORIENTED_EDGE('',*,*,#2249,.T.);
#2875=ORIENTED_EDGE('',*,*,#2244,.T.);
#2876=ORIENTED_EDGE('',*,*,#2251,.F.);
#2877=ORIENTED_EDGE('',*,*,#2252,.T.);
#2878=ORIENTED_EDGE('',*,*,#2248,.F.);
#2879=ORIENTED_EDGE('',*,*,#2252,.F.);
#2880=ORIENTED_EDGE('',*,*,#2251,.T.);
#2881=ORIENTED_EDGE('',*,*,#2253,.F.);
#2882=ORIENTED_EDGE('',*,*,#2254,.T.);
#2883=ORIENTED_EDGE('',*,*,#2255,.T.);
#2884=ORIENTED_EDGE('',*,*,#2254,.F.);
#2885=ORIENTED_EDGE('',*,*,#2255,.F.);
#2886=ORIENTED_EDGE('',*,*,#2256,.T.);
#2887=ORIENTED_EDGE('',*,*,#2257,.T.);
#2888=ORIENTED_EDGE('',*,*,#2258,.F.);
#2889=ORIENTED_EDGE('',*,*,#2259,.T.);
#2890=ORIENTED_EDGE('',*,*,#2256,.F.);
#2891=ORIENTED_EDGE('',*,*,#2259,.F.);
#2892=ORIENTED_EDGE('',*,*,#2258,.T.);
#2893=ORIENTED_EDGE('',*,*,#2253,.T.);
#2894=ORIENTED_EDGE('',*,*,#2260,.F.);
#2895=ORIENTED_EDGE('',*,*,#2261,.T.);
#2896=ORIENTED_EDGE('',*,*,#2257,.F.);
#2897=ORIENTED_EDGE('',*,*,#2261,.F.);
#2898=ORIENTED_EDGE('',*,*,#2260,.T.);
#2899=ORIENTED_EDGE('',*,*,#2262,.F.);
#2900=ORIENTED_EDGE('',*,*,#2263,.T.);
#2901=ORIENTED_EDGE('',*,*,#2264,.T.);
#2902=ORIENTED_EDGE('',*,*,#2263,.F.);
#2903=ORIENTED_EDGE('',*,*,#2264,.F.);
#2904=ORIENTED_EDGE('',*,*,#2265,.T.);
#2905=ORIENTED_EDGE('',*,*,#2266,.T.);
#2906=ORIENTED_EDGE('',*,*,#2267,.F.);
#2907=ORIENTED_EDGE('',*,*,#2268,.T.);
#2908=ORIENTED_EDGE('',*,*,#2265,.F.);
#2909=ORIENTED_EDGE('',*,*,#2268,.F.);
#2910=ORIENTED_EDGE('',*,*,#2267,.T.);
#2911=ORIENTED_EDGE('',*,*,#2262,.T.);
#2912=ORIENTED_EDGE('',*,*,#2269,.F.);
#2913=ORIENTED_EDGE('',*,*,#2270,.T.);
#2914=ORIENTED_EDGE('',*,*,#2266,.F.);
#2915=ORIENTED_EDGE('',*,*,#2270,.F.);
#2916=ORIENTED_EDGE('',*,*,#2269,.T.);
#2917=ORIENTED_EDGE('',*,*,#2271,.F.);
#2918=ORIENTED_EDGE('',*,*,#2272,.T.);
#2919=ORIENTED_EDGE('',*,*,#2273,.T.);
#2920=ORIENTED_EDGE('',*,*,#2272,.F.);
#2921=ORIENTED_EDGE('',*,*,#2273,.F.);
#2922=ORIENTED_EDGE('',*,*,#2274,.T.);
#2923=ORIENTED_EDGE('',*,*,#2275,.T.);
#2924=ORIENTED_EDGE('',*,*,#2276,.F.);
#2925=ORIENTED_EDGE('',*,*,#2277,.T.);
#2926=ORIENTED_EDGE('',*,*,#2274,.F.);
#2927=ORIENTED_EDGE('',*,*,#2277,.F.);
#2928=ORIENTED_EDGE('',*,*,#2276,.T.);
#2929=ORIENTED_EDGE('',*,*,#2271,.T.);
#2930=ORIENTED_EDGE('',*,*,#2278,.F.);
#2931=ORIENTED_EDGE('',*,*,#2279,.T.);
#2932=ORIENTED_EDGE('',*,*,#2275,.F.);
#2933=ORIENTED_EDGE('',*,*,#2279,.F.);
#2934=ORIENTED_EDGE('',*,*,#2278,.T.);
#2935=ORIENTED_EDGE('',*,*,#2280,.F.);
#2936=ORIENTED_EDGE('',*,*,#2281,.T.);
#2937=ORIENTED_EDGE('',*,*,#2282,.T.);
#2938=ORIENTED_EDGE('',*,*,#2281,.F.);
#2939=ORIENTED_EDGE('',*,*,#2282,.F.);
#2940=ORIENTED_EDGE('',*,*,#2283,.T.);
#2941=ORIENTED_EDGE('',*,*,#2284,.T.);
#2942=ORIENTED_EDGE('',*,*,#2285,.F.);
#2943=ORIENTED_EDGE('',*,*,#2286,.T.);
#2944=ORIENTED_EDGE('',*,*,#2283,.F.);
#2945=ORIENTED_EDGE('',*,*,#2286,.F.);
#2946=ORIENTED_EDGE('',*,*,#2285,.T.);
#2947=ORIENTED_EDGE('',*,*,#2280,.T.);
#2948=ORIENTED_EDGE('',*,*,#2287,.F.);
#2949=ORIENTED_EDGE('',*,*,#2288,.T.);
#2950=ORIENTED_EDGE('',*,*,#2284,.F.);
#2951=ORIENTED_EDGE('',*,*,#2288,.F.);
#2952=ORIENTED_EDGE('',*,*,#2287,.T.);
#2953=ORIENTED_EDGE('',*,*,#2289,.F.);
#2954=ORIENTED_EDGE('',*,*,#2290,.T.);
#2955=ORIENTED_EDGE('',*,*,#2291,.T.);
#2956=ORIENTED_EDGE('',*,*,#2290,.F.);
#2957=ORIENTED_EDGE('',*,*,#2291,.F.);
#2958=ORIENTED_EDGE('',*,*,#2292,.T.);
#2959=ORIENTED_EDGE('',*,*,#2293,.T.);
#2960=ORIENTED_EDGE('',*,*,#2294,.F.);
#2961=ORIENTED_EDGE('',*,*,#2295,.T.);
#2962=ORIENTED_EDGE('',*,*,#2292,.F.);
#2963=ORIENTED_EDGE('',*,*,#2295,.F.);
#2964=ORIENTED_EDGE('',*,*,#2294,.T.);
#2965=ORIENTED_EDGE('',*,*,#2289,.T.);
#2966=ORIENTED_EDGE('',*,*,#2296,.F.);
#2967=ORIENTED_EDGE('',*,*,#2297,.T.);
#2968=ORIENTED_EDGE('',*,*,#2293,.F.);
#2969=ORIENTED_EDGE('',*,*,#2297,.F.);
#2970=ORIENTED_EDGE('',*,*,#2296,.T.);
#2971=ORIENTED_EDGE('',*,*,#2298,.F.);
#2972=ORIENTED_EDGE('',*,*,#2299,.T.);
#2973=ORIENTED_EDGE('',*,*,#2300,.T.);
#2974=ORIENTED_EDGE('',*,*,#2299,.F.);
#2975=ORIENTED_EDGE('',*,*,#2300,.F.);
#2976=ORIENTED_EDGE('',*,*,#2301,.T.);
#2977=ORIENTED_EDGE('',*,*,#2302,.T.);
#2978=ORIENTED_EDGE('',*,*,#2303,.F.);
#2979=ORIENTED_EDGE('',*,*,#2304,.T.);
#2980=ORIENTED_EDGE('',*,*,#2301,.F.);
#2981=ORIENTED_EDGE('',*,*,#2304,.F.);
#2982=ORIENTED_EDGE('',*,*,#2303,.T.);
#2983=ORIENTED_EDGE('',*,*,#2298,.T.);
#2984=ORIENTED_EDGE('',*,*,#2305,.F.);
#2985=ORIENTED_EDGE('',*,*,#2306,.T.);
#2986=ORIENTED_EDGE('',*,*,#2302,.F.);
#2987=ORIENTED_EDGE('',*,*,#2306,.F.);
#2988=ORIENTED_EDGE('',*,*,#2305,.T.);
#2989=ORIENTED_EDGE('',*,*,#2307,.F.);
#2990=ORIENTED_EDGE('',*,*,#2308,.T.);
#2991=ORIENTED_EDGE('',*,*,#2309,.T.);
#2992=ORIENTED_EDGE('',*,*,#2308,.F.);
#2993=ORIENTED_EDGE('',*,*,#2309,.F.);
#2994=ORIENTED_EDGE('',*,*,#2310,.T.);
#2995=ORIENTED_EDGE('',*,*,#2311,.T.);
#2996=ORIENTED_EDGE('',*,*,#2312,.F.);
#2997=ORIENTED_EDGE('',*,*,#2313,.T.);
#2998=ORIENTED_EDGE('',*,*,#2310,.F.);
#2999=ORIENTED_EDGE('',*,*,#2313,.F.);
#3000=ORIENTED_EDGE('',*,*,#2312,.T.);
#3001=ORIENTED_EDGE('',*,*,#2307,.T.);
#3002=ORIENTED_EDGE('',*,*,#2314,.F.);
#3003=ORIENTED_EDGE('',*,*,#2315,.T.);
#3004=ORIENTED_EDGE('',*,*,#2311,.F.);
#3005=ORIENTED_EDGE('',*,*,#2315,.F.);
#3006=ORIENTED_EDGE('',*,*,#2314,.T.);
#3007=ORIENTED_EDGE('',*,*,#2316,.F.);
#3008=ORIENTED_EDGE('',*,*,#2317,.T.);
#3009=ORIENTED_EDGE('',*,*,#2318,.T.);
#3010=ORIENTED_EDGE('',*,*,#2317,.F.);
#3011=ORIENTED_EDGE('',*,*,#2318,.F.);
#3012=ORIENTED_EDGE('',*,*,#2319,.T.);
#3013=ORIENTED_EDGE('',*,*,#2320,.T.);
#3014=ORIENTED_EDGE('',*,*,#2321,.F.);
#3015=ORIENTED_EDGE('',*,*,#2322,.T.);
#3016=ORIENTED_EDGE('',*,*,#2319,.F.);
#3017=ORIENTED_EDGE('',*,*,#2322,.F.);
#3018=ORIENTED_EDGE('',*,*,#2321,.T.);
#3019=ORIENTED_EDGE('',*,*,#2316,.T.);
#3020=ORIENTED_EDGE('',*,*,#2323,.F.);
#3021=ORIENTED_EDGE('',*,*,#2324,.T.);
#3022=ORIENTED_EDGE('',*,*,#2320,.F.);
#3023=ORIENTED_EDGE('',*,*,#2324,.F.);
#3024=ORIENTED_EDGE('',*,*,#2323,.T.);
#3025=ORIENTED_EDGE('',*,*,#2325,.F.);
#3026=ORIENTED_EDGE('',*,*,#2326,.T.);
#3027=ORIENTED_EDGE('',*,*,#2327,.T.);
#3028=ORIENTED_EDGE('',*,*,#2326,.F.);
#3029=ORIENTED_EDGE('',*,*,#2327,.F.);
#3030=ORIENTED_EDGE('',*,*,#2328,.T.);
#3031=ORIENTED_EDGE('',*,*,#2329,.F.);
#3032=ORIENTED_EDGE('',*,*,#2328,.F.);
#3033=ORIENTED_EDGE('',*,*,#2330,.T.);
#3034=ORIENTED_EDGE('',*,*,#2331,.F.);
#3035=ORIENTED_EDGE('',*,*,#2330,.F.);
#3036=ORIENTED_EDGE('',*,*,#2331,.T.);
#3037=ORIENTED_EDGE('',*,*,#2325,.T.);
#3038=ORIENTED_EDGE('',*,*,#2332,.F.);
#3039=ORIENTED_EDGE('',*,*,#2333,.T.);
#3040=ORIENTED_EDGE('',*,*,#2329,.T.);
#3041=ORIENTED_EDGE('',*,*,#2333,.F.);
#3042=ORIENTED_EDGE('',*,*,#2332,.T.);
#3043=ORIENTED_EDGE('',*,*,#2334,.F.);
#3044=ORIENTED_EDGE('',*,*,#2335,.T.);
#3045=ORIENTED_EDGE('',*,*,#2336,.T.);
#3046=ORIENTED_EDGE('',*,*,#2335,.F.);
#3047=ORIENTED_EDGE('',*,*,#2336,.F.);
#3048=ORIENTED_EDGE('',*,*,#2337,.T.);
#3049=ORIENTED_EDGE('',*,*,#2338,.F.);
#3050=ORIENTED_EDGE('',*,*,#2337,.F.);
#3051=ORIENTED_EDGE('',*,*,#2339,.T.);
#3052=ORIENTED_EDGE('',*,*,#2340,.F.);
#3053=ORIENTED_EDGE('',*,*,#2339,.F.);
#3054=ORIENTED_EDGE('',*,*,#2340,.T.);
#3055=ORIENTED_EDGE('',*,*,#2334,.T.);
#3056=ORIENTED_EDGE('',*,*,#2341,.F.);
#3057=ORIENTED_EDGE('',*,*,#2342,.T.);
#3058=ORIENTED_EDGE('',*,*,#2338,.T.);
#3059=ORIENTED_EDGE('',*,*,#2342,.F.);
#3060=ORIENTED_EDGE('',*,*,#2341,.T.);
#3061=ORIENTED_EDGE('',*,*,#2343,.F.);
#3062=ORIENTED_EDGE('',*,*,#2344,.T.);
#3063=ORIENTED_EDGE('',*,*,#2345,.T.);
#3064=ORIENTED_EDGE('',*,*,#2344,.F.);
#3065=ORIENTED_EDGE('',*,*,#2345,.F.);
#3066=ORIENTED_EDGE('',*,*,#2346,.T.);
#3067=ORIENTED_EDGE('',*,*,#2347,.F.);
#3068=ORIENTED_EDGE('',*,*,#2346,.F.);
#3069=ORIENTED_EDGE('',*,*,#2348,.T.);
#3070=ORIENTED_EDGE('',*,*,#2349,.F.);
#3071=ORIENTED_EDGE('',*,*,#2348,.F.);
#3072=ORIENTED_EDGE('',*,*,#2349,.T.);
#3073=ORIENTED_EDGE('',*,*,#2343,.T.);
#3074=ORIENTED_EDGE('',*,*,#2350,.F.);
#3075=ORIENTED_EDGE('',*,*,#2351,.T.);
#3076=ORIENTED_EDGE('',*,*,#2347,.T.);
#3077=ORIENTED_EDGE('',*,*,#2351,.F.);
#3078=ORIENTED_EDGE('',*,*,#2350,.T.);
#3079=ORIENTED_EDGE('',*,*,#2352,.F.);
#3080=ORIENTED_EDGE('',*,*,#2353,.T.);
#3081=ORIENTED_EDGE('',*,*,#2354,.T.);
#3082=ORIENTED_EDGE('',*,*,#2353,.F.);
#3083=ORIENTED_EDGE('',*,*,#2354,.F.);
#3084=ORIENTED_EDGE('',*,*,#2355,.T.);
#3085=ORIENTED_EDGE('',*,*,#2356,.F.);
#3086=ORIENTED_EDGE('',*,*,#2355,.F.);
#3087=ORIENTED_EDGE('',*,*,#2357,.T.);
#3088=ORIENTED_EDGE('',*,*,#2358,.F.);
#3089=ORIENTED_EDGE('',*,*,#2357,.F.);
#3090=ORIENTED_EDGE('',*,*,#2358,.T.);
#3091=ORIENTED_EDGE('',*,*,#2352,.T.);
#3092=ORIENTED_EDGE('',*,*,#2359,.F.);
#3093=ORIENTED_EDGE('',*,*,#2360,.T.);
#3094=ORIENTED_EDGE('',*,*,#2356,.T.);
#3095=ORIENTED_EDGE('',*,*,#2360,.F.);
#3096=ORIENTED_EDGE('',*,*,#2359,.T.);
#3097=ORIENTED_EDGE('',*,*,#2361,.F.);
#3098=ORIENTED_EDGE('',*,*,#2362,.T.);
#3099=ORIENTED_EDGE('',*,*,#2363,.T.);
#3100=ORIENTED_EDGE('',*,*,#2362,.F.);
#3101=ORIENTED_EDGE('',*,*,#2363,.F.);
#3102=ORIENTED_EDGE('',*,*,#2364,.T.);
#3103=ORIENTED_EDGE('',*,*,#2365,.F.);
#3104=ORIENTED_EDGE('',*,*,#2364,.F.);
#3105=ORIENTED_EDGE('',*,*,#2366,.T.);
#3106=ORIENTED_EDGE('',*,*,#2367,.F.);
#3107=ORIENTED_EDGE('',*,*,#2366,.F.);
#3108=ORIENTED_EDGE('',*,*,#2367,.T.);
#3109=ORIENTED_EDGE('',*,*,#2361,.T.);
#3110=ORIENTED_EDGE('',*,*,#2368,.F.);
#3111=ORIENTED_EDGE('',*,*,#2369,.T.);
#3112=ORIENTED_EDGE('',*,*,#2365,.T.);
#3113=ORIENTED_EDGE('',*,*,#2369,.F.);
#3114=ORIENTED_EDGE('',*,*,#2368,.T.);
#3115=ORIENTED_EDGE('',*,*,#2370,.F.);
#3116=ORIENTED_EDGE('',*,*,#2371,.T.);
#3117=ORIENTED_EDGE('',*,*,#2372,.T.);
#3118=ORIENTED_EDGE('',*,*,#2371,.F.);
#3119=ORIENTED_EDGE('',*,*,#2372,.F.);
#3120=ORIENTED_EDGE('',*,*,#2373,.T.);
#3121=ORIENTED_EDGE('',*,*,#2374,.F.);
#3122=ORIENTED_EDGE('',*,*,#2373,.F.);
#3123=ORIENTED_EDGE('',*,*,#2375,.T.);
#3124=ORIENTED_EDGE('',*,*,#2376,.F.);
#3125=ORIENTED_EDGE('',*,*,#2375,.F.);
#3126=ORIENTED_EDGE('',*,*,#2376,.T.);
#3127=ORIENTED_EDGE('',*,*,#2370,.T.);
#3128=ORIENTED_EDGE('',*,*,#2377,.F.);
#3129=ORIENTED_EDGE('',*,*,#2378,.T.);
#3130=ORIENTED_EDGE('',*,*,#2374,.T.);
#3131=ORIENTED_EDGE('',*,*,#2378,.F.);
#3132=ORIENTED_EDGE('',*,*,#2377,.T.);
#3133=ORIENTED_EDGE('',*,*,#2379,.F.);
#3134=ORIENTED_EDGE('',*,*,#2380,.T.);
#3135=ORIENTED_EDGE('',*,*,#2381,.T.);
#3136=ORIENTED_EDGE('',*,*,#2380,.F.);
#3137=ORIENTED_EDGE('',*,*,#2381,.F.);
#3138=ORIENTED_EDGE('',*,*,#2382,.T.);
#3139=ORIENTED_EDGE('',*,*,#2383,.F.);
#3140=ORIENTED_EDGE('',*,*,#2382,.F.);
#3141=ORIENTED_EDGE('',*,*,#2384,.T.);
#3142=ORIENTED_EDGE('',*,*,#2385,.F.);
#3143=ORIENTED_EDGE('',*,*,#2384,.F.);
#3144=ORIENTED_EDGE('',*,*,#2385,.T.);
#3145=ORIENTED_EDGE('',*,*,#2379,.T.);
#3146=ORIENTED_EDGE('',*,*,#2386,.F.);
#3147=ORIENTED_EDGE('',*,*,#2387,.T.);
#3148=ORIENTED_EDGE('',*,*,#2383,.T.);
#3149=ORIENTED_EDGE('',*,*,#2387,.F.);
#3150=ORIENTED_EDGE('',*,*,#2386,.T.);
#3151=ORIENTED_EDGE('',*,*,#2388,.F.);
#3152=ORIENTED_EDGE('',*,*,#2389,.T.);
#3153=ORIENTED_EDGE('',*,*,#2390,.T.);
#3154=ORIENTED_EDGE('',*,*,#2389,.F.);
#3155=ORIENTED_EDGE('',*,*,#2390,.F.);
#3156=ORIENTED_EDGE('',*,*,#2391,.T.);
#3157=ORIENTED_EDGE('',*,*,#2392,.F.);
#3158=ORIENTED_EDGE('',*,*,#2391,.F.);
#3159=ORIENTED_EDGE('',*,*,#2393,.T.);
#3160=ORIENTED_EDGE('',*,*,#2394,.F.);
#3161=ORIENTED_EDGE('',*,*,#2393,.F.);
#3162=ORIENTED_EDGE('',*,*,#2394,.T.);
#3163=ORIENTED_EDGE('',*,*,#2388,.T.);
#3164=ORIENTED_EDGE('',*,*,#2395,.F.);
#3165=ORIENTED_EDGE('',*,*,#2396,.T.);
#3166=ORIENTED_EDGE('',*,*,#2392,.T.);
#3167=ORIENTED_EDGE('',*,*,#2396,.F.);
#3168=ORIENTED_EDGE('',*,*,#2395,.T.);
#3169=ORIENTED_EDGE('',*,*,#2397,.F.);
#3170=ORIENTED_EDGE('',*,*,#2398,.T.);
#3171=ORIENTED_EDGE('',*,*,#2399,.T.);
#3172=ORIENTED_EDGE('',*,*,#2398,.F.);
#3173=ORIENTED_EDGE('',*,*,#2399,.F.);
#3174=ORIENTED_EDGE('',*,*,#2400,.T.);
#3175=ORIENTED_EDGE('',*,*,#2401,.T.);
#3176=ORIENTED_EDGE('',*,*,#2400,.F.);
#3177=ORIENTED_EDGE('',*,*,#2402,.T.);
#3178=ORIENTED_EDGE('',*,*,#2403,.F.);
#3179=ORIENTED_EDGE('',*,*,#2402,.F.);
#3180=ORIENTED_EDGE('',*,*,#2403,.T.);
#3181=ORIENTED_EDGE('',*,*,#2397,.T.);
#3182=ORIENTED_EDGE('',*,*,#2404,.F.);
#3183=ORIENTED_EDGE('',*,*,#2405,.T.);
#3184=ORIENTED_EDGE('',*,*,#2401,.F.);
#3185=ORIENTED_EDGE('',*,*,#2405,.F.);
#3186=ORIENTED_EDGE('',*,*,#2404,.T.);
#3187=ORIENTED_EDGE('',*,*,#2406,.F.);
#3188=ORIENTED_EDGE('',*,*,#2407,.T.);
#3189=ORIENTED_EDGE('',*,*,#2408,.T.);
#3190=ORIENTED_EDGE('',*,*,#2407,.F.);
#3191=ORIENTED_EDGE('',*,*,#2408,.F.);
#3192=ORIENTED_EDGE('',*,*,#2409,.T.);
#3193=ORIENTED_EDGE('',*,*,#2410,.T.);
#3194=ORIENTED_EDGE('',*,*,#2409,.F.);
#3195=ORIENTED_EDGE('',*,*,#2411,.T.);
#3196=ORIENTED_EDGE('',*,*,#2412,.F.);
#3197=ORIENTED_EDGE('',*,*,#2411,.F.);
#3198=ORIENTED_EDGE('',*,*,#2412,.T.);
#3199=ORIENTED_EDGE('',*,*,#2406,.T.);
#3200=ORIENTED_EDGE('',*,*,#2413,.F.);
#3201=ORIENTED_EDGE('',*,*,#2414,.T.);
#3202=ORIENTED_EDGE('',*,*,#2410,.F.);
#3203=ORIENTED_EDGE('',*,*,#2414,.F.);
#3204=ORIENTED_EDGE('',*,*,#2413,.T.);
#3205=ORIENTED_EDGE('',*,*,#2415,.F.);
#3206=ORIENTED_EDGE('',*,*,#2416,.T.);
#3207=ORIENTED_EDGE('',*,*,#2417,.T.);
#3208=ORIENTED_EDGE('',*,*,#2416,.F.);
#3209=ORIENTED_EDGE('',*,*,#2417,.F.);
#3210=ORIENTED_EDGE('',*,*,#2418,.T.);
#3211=ORIENTED_EDGE('',*,*,#2419,.T.);
#3212=ORIENTED_EDGE('',*,*,#2418,.F.);
#3213=ORIENTED_EDGE('',*,*,#2420,.T.);
#3214=ORIENTED_EDGE('',*,*,#2421,.F.);
#3215=ORIENTED_EDGE('',*,*,#2420,.F.);
#3216=ORIENTED_EDGE('',*,*,#2421,.T.);
#3217=ORIENTED_EDGE('',*,*,#2415,.T.);
#3218=ORIENTED_EDGE('',*,*,#2422,.F.);
#3219=ORIENTED_EDGE('',*,*,#2423,.T.);
#3220=ORIENTED_EDGE('',*,*,#2419,.F.);
#3221=ORIENTED_EDGE('',*,*,#2423,.F.);
#3222=ORIENTED_EDGE('',*,*,#2422,.T.);
#3223=ORIENTED_EDGE('',*,*,#2424,.F.);
#3224=ORIENTED_EDGE('',*,*,#2425,.T.);
#3225=ORIENTED_EDGE('',*,*,#2426,.T.);
#3226=ORIENTED_EDGE('',*,*,#2425,.F.);
#3227=ORIENTED_EDGE('',*,*,#2426,.F.);
#3228=ORIENTED_EDGE('',*,*,#2427,.T.);
#3229=ORIENTED_EDGE('',*,*,#2428,.T.);
#3230=ORIENTED_EDGE('',*,*,#2427,.F.);
#3231=ORIENTED_EDGE('',*,*,#2429,.T.);
#3232=ORIENTED_EDGE('',*,*,#2430,.F.);
#3233=ORIENTED_EDGE('',*,*,#2429,.F.);
#3234=ORIENTED_EDGE('',*,*,#2430,.T.);
#3235=ORIENTED_EDGE('',*,*,#2424,.T.);
#3236=ORIENTED_EDGE('',*,*,#2431,.F.);
#3237=ORIENTED_EDGE('',*,*,#2432,.T.);
#3238=ORIENTED_EDGE('',*,*,#2428,.F.);
#3239=ORIENTED_EDGE('',*,*,#2432,.F.);
#3240=ORIENTED_EDGE('',*,*,#2431,.T.);
#3241=ORIENTED_EDGE('',*,*,#2433,.F.);
#3242=ORIENTED_EDGE('',*,*,#2434,.T.);
#3243=ORIENTED_EDGE('',*,*,#2435,.T.);
#3244=ORIENTED_EDGE('',*,*,#2434,.F.);
#3245=ORIENTED_EDGE('',*,*,#2435,.F.);
#3246=ORIENTED_EDGE('',*,*,#2436,.T.);
#3247=ORIENTED_EDGE('',*,*,#2437,.T.);
#3248=ORIENTED_EDGE('',*,*,#2438,.F.);
#3249=ORIENTED_EDGE('',*,*,#2439,.T.);
#3250=ORIENTED_EDGE('',*,*,#2436,.F.);
#3251=ORIENTED_EDGE('',*,*,#2439,.F.);
#3252=ORIENTED_EDGE('',*,*,#2438,.T.);
#3253=ORIENTED_EDGE('',*,*,#2433,.T.);
#3254=ORIENTED_EDGE('',*,*,#2440,.F.);
#3255=ORIENTED_EDGE('',*,*,#2441,.T.);
#3256=ORIENTED_EDGE('',*,*,#2437,.F.);
#3257=ORIENTED_EDGE('',*,*,#2441,.F.);
#3258=ORIENTED_EDGE('',*,*,#2440,.T.);
#3259=ORIENTED_EDGE('',*,*,#2442,.F.);
#3260=ORIENTED_EDGE('',*,*,#2443,.T.);
#3261=ORIENTED_EDGE('',*,*,#2444,.T.);
#3262=ORIENTED_EDGE('',*,*,#2443,.F.);
#3263=ORIENTED_EDGE('',*,*,#2444,.F.);
#3264=ORIENTED_EDGE('',*,*,#2445,.T.);
#3265=ORIENTED_EDGE('',*,*,#2446,.T.);
#3266=ORIENTED_EDGE('',*,*,#2447,.F.);
#3267=ORIENTED_EDGE('',*,*,#2448,.T.);
#3268=ORIENTED_EDGE('',*,*,#2445,.F.);
#3269=ORIENTED_EDGE('',*,*,#2448,.F.);
#3270=ORIENTED_EDGE('',*,*,#2447,.T.);
#3271=ORIENTED_EDGE('',*,*,#2442,.T.);
#3272=ORIENTED_EDGE('',*,*,#2449,.F.);
#3273=ORIENTED_EDGE('',*,*,#2450,.T.);
#3274=ORIENTED_EDGE('',*,*,#2446,.F.);
#3275=ORIENTED_EDGE('',*,*,#2450,.F.);
#3276=ORIENTED_EDGE('',*,*,#2449,.T.);
#3277=ORIENTED_EDGE('',*,*,#2451,.F.);
#3278=ORIENTED_EDGE('',*,*,#2452,.T.);
#3279=ORIENTED_EDGE('',*,*,#2453,.T.);
#3280=ORIENTED_EDGE('',*,*,#2452,.F.);
#3281=ORIENTED_EDGE('',*,*,#2453,.F.);
#3282=ORIENTED_EDGE('',*,*,#2454,.T.);
#3283=ORIENTED_EDGE('',*,*,#2455,.T.);
#3284=ORIENTED_EDGE('',*,*,#2456,.F.);
#3285=ORIENTED_EDGE('',*,*,#2457,.T.);
#3286=ORIENTED_EDGE('',*,*,#2454,.F.);
#3287=ORIENTED_EDGE('',*,*,#2457,.F.);
#3288=ORIENTED_EDGE('',*,*,#2456,.T.);
#3289=ORIENTED_EDGE('',*,*,#2451,.T.);
#3290=ORIENTED_EDGE('',*,*,#2458,.F.);
#3291=ORIENTED_EDGE('',*,*,#2459,.T.);
#3292=ORIENTED_EDGE('',*,*,#2455,.F.);
#3293=ORIENTED_EDGE('',*,*,#2459,.F.);
#3294=ORIENTED_EDGE('',*,*,#2458,.T.);
#3295=ORIENTED_EDGE('',*,*,#2460,.F.);
#3296=ORIENTED_EDGE('',*,*,#2461,.T.);
#3297=ORIENTED_EDGE('',*,*,#2462,.T.);
#3298=ORIENTED_EDGE('',*,*,#2461,.F.);
#3299=ORIENTED_EDGE('',*,*,#2462,.F.);
#3300=ORIENTED_EDGE('',*,*,#2463,.T.);
#3301=ORIENTED_EDGE('',*,*,#2464,.T.);
#3302=ORIENTED_EDGE('',*,*,#2465,.F.);
#3303=ORIENTED_EDGE('',*,*,#2466,.T.);
#3304=ORIENTED_EDGE('',*,*,#2463,.F.);
#3305=ORIENTED_EDGE('',*,*,#2466,.F.);
#3306=ORIENTED_EDGE('',*,*,#2465,.T.);
#3307=ORIENTED_EDGE('',*,*,#2460,.T.);
#3308=ORIENTED_EDGE('',*,*,#2467,.F.);
#3309=ORIENTED_EDGE('',*,*,#2468,.T.);
#3310=ORIENTED_EDGE('',*,*,#2464,.F.);
#3311=ORIENTED_EDGE('',*,*,#2468,.F.);
#3312=ORIENTED_EDGE('',*,*,#2467,.T.);
#3313=ORIENTED_EDGE('',*,*,#2469,.F.);
#3314=ORIENTED_EDGE('',*,*,#2470,.T.);
#3315=ORIENTED_EDGE('',*,*,#2471,.T.);
#3316=ORIENTED_EDGE('',*,*,#2470,.F.);
#3317=ORIENTED_EDGE('',*,*,#2471,.F.);
#3318=ORIENTED_EDGE('',*,*,#2472,.T.);
#3319=ORIENTED_EDGE('',*,*,#2473,.F.);
#3320=ORIENTED_EDGE('',*,*,#2472,.F.);
#3321=ORIENTED_EDGE('',*,*,#2474,.T.);
#3322=ORIENTED_EDGE('',*,*,#2475,.F.);
#3323=ORIENTED_EDGE('',*,*,#2474,.F.);
#3324=ORIENTED_EDGE('',*,*,#2475,.T.);
#3325=ORIENTED_EDGE('',*,*,#2469,.T.);
#3326=ORIENTED_EDGE('',*,*,#2476,.F.);
#3327=ORIENTED_EDGE('',*,*,#2477,.T.);
#3328=ORIENTED_EDGE('',*,*,#2473,.T.);
#3329=ORIENTED_EDGE('',*,*,#2477,.F.);
#3330=ORIENTED_EDGE('',*,*,#2476,.T.);
#3331=ORIENTED_EDGE('',*,*,#2478,.F.);
#3332=ORIENTED_EDGE('',*,*,#2479,.T.);
#3333=ORIENTED_EDGE('',*,*,#2480,.T.);
#3334=ORIENTED_EDGE('',*,*,#2479,.F.);
#3335=ORIENTED_EDGE('',*,*,#2480,.F.);
#3336=ORIENTED_EDGE('',*,*,#2481,.T.);
#3337=ORIENTED_EDGE('',*,*,#2482,.F.);
#3338=ORIENTED_EDGE('',*,*,#2481,.F.);
#3339=ORIENTED_EDGE('',*,*,#2483,.T.);
#3340=ORIENTED_EDGE('',*,*,#2484,.F.);
#3341=ORIENTED_EDGE('',*,*,#2483,.F.);
#3342=ORIENTED_EDGE('',*,*,#2484,.T.);
#3343=ORIENTED_EDGE('',*,*,#2478,.T.);
#3344=ORIENTED_EDGE('',*,*,#2485,.F.);
#3345=ORIENTED_EDGE('',*,*,#2486,.T.);
#3346=ORIENTED_EDGE('',*,*,#2482,.T.);
#3347=ORIENTED_EDGE('',*,*,#2486,.F.);
#3348=ORIENTED_EDGE('',*,*,#2485,.T.);
#3349=ORIENTED_EDGE('',*,*,#2487,.F.);
#3350=ORIENTED_EDGE('',*,*,#2488,.T.);
#3351=ORIENTED_EDGE('',*,*,#2489,.T.);
#3352=ORIENTED_EDGE('',*,*,#2488,.F.);
#3353=ORIENTED_EDGE('',*,*,#2489,.F.);
#3354=ORIENTED_EDGE('',*,*,#2490,.T.);
#3355=ORIENTED_EDGE('',*,*,#2491,.F.);
#3356=ORIENTED_EDGE('',*,*,#2490,.F.);
#3357=ORIENTED_EDGE('',*,*,#2492,.T.);
#3358=ORIENTED_EDGE('',*,*,#2493,.F.);
#3359=ORIENTED_EDGE('',*,*,#2492,.F.);
#3360=ORIENTED_EDGE('',*,*,#2493,.T.);
#3361=ORIENTED_EDGE('',*,*,#2487,.T.);
#3362=ORIENTED_EDGE('',*,*,#2494,.F.);
#3363=ORIENTED_EDGE('',*,*,#2495,.T.);
#3364=ORIENTED_EDGE('',*,*,#2491,.T.);
#3365=ORIENTED_EDGE('',*,*,#2495,.F.);
#3366=ORIENTED_EDGE('',*,*,#2494,.T.);
#3367=ORIENTED_EDGE('',*,*,#2496,.F.);
#3368=ORIENTED_EDGE('',*,*,#2497,.T.);
#3369=ORIENTED_EDGE('',*,*,#2498,.T.);
#3370=ORIENTED_EDGE('',*,*,#2497,.F.);
#3371=ORIENTED_EDGE('',*,*,#2498,.F.);
#3372=ORIENTED_EDGE('',*,*,#2499,.T.);
#3373=ORIENTED_EDGE('',*,*,#2500,.F.);
#3374=ORIENTED_EDGE('',*,*,#2499,.F.);
#3375=ORIENTED_EDGE('',*,*,#2501,.T.);
#3376=ORIENTED_EDGE('',*,*,#2502,.F.);
#3377=ORIENTED_EDGE('',*,*,#2501,.F.);
#3378=ORIENTED_EDGE('',*,*,#2502,.T.);
#3379=ORIENTED_EDGE('',*,*,#2496,.T.);
#3380=ORIENTED_EDGE('',*,*,#2503,.F.);
#3381=ORIENTED_EDGE('',*,*,#2504,.T.);
#3382=ORIENTED_EDGE('',*,*,#2500,.T.);
#3383=ORIENTED_EDGE('',*,*,#2504,.F.);
#3384=ORIENTED_EDGE('',*,*,#2503,.T.);
#3385=CYLINDRICAL_SURFACE('',#3935,1.05);
#3386=CYLINDRICAL_SURFACE('',#3942,2.75);
#3387=CYLINDRICAL_SURFACE('',#3945,1.5);
#3388=CYLINDRICAL_SURFACE('',#3948,1.05);
#3389=CYLINDRICAL_SURFACE('',#3955,2.75);
#3390=CYLINDRICAL_SURFACE('',#3958,1.5);
#3391=CYLINDRICAL_SURFACE('',#3961,0.84);
#3392=CYLINDRICAL_SURFACE('',#3968,2.25);
#3393=CYLINDRICAL_SURFACE('',#3971,1.25);
#3394=CYLINDRICAL_SURFACE('',#3974,0.84);
#3395=CYLINDRICAL_SURFACE('',#3981,2.25);
#3396=CYLINDRICAL_SURFACE('',#3984,1.25);
#3397=CYLINDRICAL_SURFACE('',#3987,0.84);
#3398=CYLINDRICAL_SURFACE('',#3994,2.25);
#3399=CYLINDRICAL_SURFACE('',#3997,1.25);
#3400=CYLINDRICAL_SURFACE('',#4000,0.84);
#3401=CYLINDRICAL_SURFACE('',#4007,2.25);
#3402=CYLINDRICAL_SURFACE('',#4010,1.25);
#3403=CYLINDRICAL_SURFACE('',#4013,1.05);
#3404=CYLINDRICAL_SURFACE('',#4020,2.75);
#3405=CYLINDRICAL_SURFACE('',#4023,1.5);
#3406=CYLINDRICAL_SURFACE('',#4026,1.05);
#3407=CYLINDRICAL_SURFACE('',#4033,2.75);
#3408=CYLINDRICAL_SURFACE('',#4036,1.5);
#3409=CYLINDRICAL_SURFACE('',#4039,1.05);
#3410=CYLINDRICAL_SURFACE('',#4046,2.75);
#3411=CYLINDRICAL_SURFACE('',#4049,1.5);
#3412=CYLINDRICAL_SURFACE('',#4052,1.05);
#3413=CYLINDRICAL_SURFACE('',#4059,2.75);
#3414=CYLINDRICAL_SURFACE('',#4062,1.5);
#3415=CYLINDRICAL_SURFACE('',#4067,0.84);
#3416=CYLINDRICAL_SURFACE('',#4074,2.25);
#3417=CYLINDRICAL_SURFACE('',#4077,1.25);
#3418=CYLINDRICAL_SURFACE('',#4080,0.84);
#3419=CYLINDRICAL_SURFACE('',#4087,2.25);
#3420=CYLINDRICAL_SURFACE('',#4090,1.25);
#3421=CYLINDRICAL_SURFACE('',#4093,0.84);
#3422=CYLINDRICAL_SURFACE('',#4100,2.25);
#3423=CYLINDRICAL_SURFACE('',#4103,1.25);
#3424=CYLINDRICAL_SURFACE('',#4106,0.84);
#3425=CYLINDRICAL_SURFACE('',#4113,2.25);
#3426=CYLINDRICAL_SURFACE('',#4116,1.25);
#3427=CYLINDRICAL_SURFACE('',#4117,0.63);
#3428=CYLINDRICAL_SURFACE('',#4124,1.9);
#3429=CYLINDRICAL_SURFACE('',#4127,1.);
#3430=CYLINDRICAL_SURFACE('',#4130,0.63);
#3431=CYLINDRICAL_SURFACE('',#4137,1.9);
#3432=CYLINDRICAL_SURFACE('',#4140,1.);
#3433=CYLINDRICAL_SURFACE('',#4143,0.63);
#3434=CYLINDRICAL_SURFACE('',#4150,1.9);
#3435=CYLINDRICAL_SURFACE('',#4153,1.);
#3436=CYLINDRICAL_SURFACE('',#4156,0.63);
#3437=CYLINDRICAL_SURFACE('',#4163,1.9);
#3438=CYLINDRICAL_SURFACE('',#4166,1.);
#3439=CYLINDRICAL_SURFACE('',#4169,1.05);
#3440=CYLINDRICAL_SURFACE('',#4173,1.5);
#3441=CYLINDRICAL_SURFACE('',#4180,1.05);
#3442=CYLINDRICAL_SURFACE('',#4187,2.75);
#3443=CYLINDRICAL_SURFACE('',#4190,1.5);
#3444=CYLINDRICAL_SURFACE('',#4193,1.05);
#3445=CYLINDRICAL_SURFACE('',#4200,2.75);
#3446=CYLINDRICAL_SURFACE('',#4203,1.5);
#3447=CYLINDRICAL_SURFACE('',#4206,1.05);
#3448=CYLINDRICAL_SURFACE('',#4213,2.75);
#3449=CYLINDRICAL_SURFACE('',#4216,1.5);
#3450=CYLINDRICAL_SURFACE('',#4219,1.05);
#3451=CYLINDRICAL_SURFACE('',#4226,2.75);
#3452=CYLINDRICAL_SURFACE('',#4229,1.5);
#3453=CYLINDRICAL_SURFACE('',#4232,1.05);
#3454=CYLINDRICAL_SURFACE('',#4239,2.75);
#3455=CYLINDRICAL_SURFACE('',#4242,1.5);
#3456=CYLINDRICAL_SURFACE('',#4245,1.05);
#3457=CYLINDRICAL_SURFACE('',#4252,2.75);
#3458=CYLINDRICAL_SURFACE('',#4255,1.5);
#3459=CYLINDRICAL_SURFACE('',#4258,1.05);
#3460=CYLINDRICAL_SURFACE('',#4265,2.75);
#3461=CYLINDRICAL_SURFACE('',#4268,1.5);
#3462=CYLINDRICAL_SURFACE('',#4271,1.05);
#3463=CYLINDRICAL_SURFACE('',#4278,2.75);
#3464=CYLINDRICAL_SURFACE('',#4281,1.5);
#3465=CYLINDRICAL_SURFACE('',#4284,1.05);
#3466=CYLINDRICAL_SURFACE('',#4291,2.75);
#3467=CYLINDRICAL_SURFACE('',#4294,1.5);
#3468=CYLINDRICAL_SURFACE('',#4297,1.05);
#3469=CYLINDRICAL_SURFACE('',#4304,2.75);
#3470=CYLINDRICAL_SURFACE('',#4307,1.5);
#3471=CYLINDRICAL_SURFACE('',#4310,0.84);
#3472=CYLINDRICAL_SURFACE('',#4317,2.25);
#3473=CYLINDRICAL_SURFACE('',#4320,1.25);
#3474=CYLINDRICAL_SURFACE('',#4323,0.84);
#3475=CYLINDRICAL_SURFACE('',#4330,2.25);
#3476=CYLINDRICAL_SURFACE('',#4333,1.25);
#3477=CYLINDRICAL_SURFACE('',#4336,0.84);
#3478=CYLINDRICAL_SURFACE('',#4343,2.25);
#3479=CYLINDRICAL_SURFACE('',#4346,1.25);
#3480=CYLINDRICAL_SURFACE('',#4349,0.84);
#3481=CYLINDRICAL_SURFACE('',#4356,2.25);
#3482=CYLINDRICAL_SURFACE('',#4359,1.25);
#3483=CYLINDRICAL_SURFACE('',#4362,0.84);
#3484=CYLINDRICAL_SURFACE('',#4369,2.25);
#3485=CYLINDRICAL_SURFACE('',#4372,1.25);
#3486=CYLINDRICAL_SURFACE('',#4375,0.84);
#3487=CYLINDRICAL_SURFACE('',#4382,2.25);
#3488=CYLINDRICAL_SURFACE('',#4385,1.25);
#3489=CYLINDRICAL_SURFACE('',#4388,0.84);
#3490=CYLINDRICAL_SURFACE('',#4395,2.25);
#3491=CYLINDRICAL_SURFACE('',#4398,1.25);
#3492=CYLINDRICAL_SURFACE('',#4401,0.84);
#3493=CYLINDRICAL_SURFACE('',#4408,2.25);
#3494=CYLINDRICAL_SURFACE('',#4411,1.25);
#3495=CYLINDRICAL_SURFACE('',#4414,0.9);
#3496=CYLINDRICAL_SURFACE('',#4421,2.25);
#3497=CYLINDRICAL_SURFACE('',#4424,1.25);
#3498=CYLINDRICAL_SURFACE('',#4427,0.9);
#3499=CYLINDRICAL_SURFACE('',#4434,2.25);
#3500=CYLINDRICAL_SURFACE('',#4437,1.25);
#3501=CYLINDRICAL_SURFACE('',#4440,0.9);
#3502=CYLINDRICAL_SURFACE('',#4447,2.25);
#3503=CYLINDRICAL_SURFACE('',#4450,1.25);
#3504=CYLINDRICAL_SURFACE('',#4453,0.9);
#3505=CYLINDRICAL_SURFACE('',#4460,2.25);
#3506=CYLINDRICAL_SURFACE('',#4463,1.25);
#3507=CYLINDRICAL_SURFACE('',#4466,1.05);
#3508=CYLINDRICAL_SURFACE('',#4473,2.75);
#3509=CYLINDRICAL_SURFACE('',#4476,1.5);
#3510=CYLINDRICAL_SURFACE('',#4479,1.05);
#3511=CYLINDRICAL_SURFACE('',#4486,2.75);
#3512=CYLINDRICAL_SURFACE('',#4489,1.5);
#3513=CYLINDRICAL_SURFACE('',#4492,1.05);
#3514=CYLINDRICAL_SURFACE('',#4499,2.75);
#3515=CYLINDRICAL_SURFACE('',#4502,1.5);
#3516=CYLINDRICAL_SURFACE('',#4505,1.05);
#3517=CYLINDRICAL_SURFACE('',#4512,2.75);
#3518=CYLINDRICAL_SURFACE('',#4515,1.5);
#3519=CYLINDRICAL_SURFACE('',#4518,0.84);
#3520=CYLINDRICAL_SURFACE('',#4525,2.25);
#3521=CYLINDRICAL_SURFACE('',#4528,1.25);
#3522=CYLINDRICAL_SURFACE('',#4531,0.84);
#3523=CYLINDRICAL_SURFACE('',#4538,2.25);
#3524=CYLINDRICAL_SURFACE('',#4541,1.25);
#3525=CYLINDRICAL_SURFACE('',#4544,0.84);
#3526=CYLINDRICAL_SURFACE('',#4551,2.25);
#3527=CYLINDRICAL_SURFACE('',#4554,1.25);
#3528=CYLINDRICAL_SURFACE('',#4557,0.84);
#3529=CYLINDRICAL_SURFACE('',#4564,2.25);
#3530=CYLINDRICAL_SURFACE('',#4567,1.25);
#3531=ADVANCED_FACE('',(#404),#3385,.F.);
#3532=ADVANCED_FACE('',(#405),#209,.F.);
#3533=ADVANCED_FACE('',(#406,#112),#210,.T.);
#3534=ADVANCED_FACE('',(#407),#3386,.T.);
#3535=ADVANCED_FACE('',(#408,#113),#211,.T.);
#3536=ADVANCED_FACE('',(#409),#3387,.T.);
#3537=ADVANCED_FACE('',(#410),#212,.T.);
#3538=ADVANCED_FACE('',(#411),#3388,.F.);
#3539=ADVANCED_FACE('',(#412),#213,.F.);
#3540=ADVANCED_FACE('',(#413,#114),#214,.T.);
#3541=ADVANCED_FACE('',(#414),#3389,.T.);
#3542=ADVANCED_FACE('',(#415,#115),#215,.T.);
#3543=ADVANCED_FACE('',(#416),#3390,.T.);
#3544=ADVANCED_FACE('',(#417),#216,.T.);
#3545=ADVANCED_FACE('',(#418),#3391,.F.);
#3546=ADVANCED_FACE('',(#419),#217,.F.);
#3547=ADVANCED_FACE('',(#420,#116),#218,.T.);
#3548=ADVANCED_FACE('',(#421),#3392,.T.);
#3549=ADVANCED_FACE('',(#422,#117),#219,.T.);
#3550=ADVANCED_FACE('',(#423),#3393,.T.);
#3551=ADVANCED_FACE('',(#424),#220,.T.);
#3552=ADVANCED_FACE('',(#425),#3394,.F.);
#3553=ADVANCED_FACE('',(#426),#221,.F.);
#3554=ADVANCED_FACE('',(#427,#118),#222,.T.);
#3555=ADVANCED_FACE('',(#428),#3395,.T.);
#3556=ADVANCED_FACE('',(#429,#119),#223,.T.);
#3557=ADVANCED_FACE('',(#430),#3396,.T.);
#3558=ADVANCED_FACE('',(#431),#224,.T.);
#3559=ADVANCED_FACE('',(#432),#3397,.F.);
#3560=ADVANCED_FACE('',(#433),#225,.F.);
#3561=ADVANCED_FACE('',(#434,#120),#226,.T.);
#3562=ADVANCED_FACE('',(#435),#3398,.T.);
#3563=ADVANCED_FACE('',(#436,#121),#227,.T.);
#3564=ADVANCED_FACE('',(#437),#3399,.T.);
#3565=ADVANCED_FACE('',(#438),#228,.T.);
#3566=ADVANCED_FACE('',(#439),#3400,.F.);
#3567=ADVANCED_FACE('',(#440),#229,.F.);
#3568=ADVANCED_FACE('',(#441,#122),#230,.T.);
#3569=ADVANCED_FACE('',(#442),#3401,.T.);
#3570=ADVANCED_FACE('',(#443,#123),#231,.T.);
#3571=ADVANCED_FACE('',(#444),#3402,.T.);
#3572=ADVANCED_FACE('',(#445),#232,.T.);
#3573=ADVANCED_FACE('',(#446),#3403,.F.);
#3574=ADVANCED_FACE('',(#447),#233,.F.);
#3575=ADVANCED_FACE('',(#448,#124),#234,.T.);
#3576=ADVANCED_FACE('',(#449),#3404,.T.);
#3577=ADVANCED_FACE('',(#450,#125),#235,.T.);
#3578=ADVANCED_FACE('',(#451),#3405,.T.);
#3579=ADVANCED_FACE('',(#452),#236,.T.);
#3580=ADVANCED_FACE('',(#453),#3406,.F.);
#3581=ADVANCED_FACE('',(#454),#237,.F.);
#3582=ADVANCED_FACE('',(#455,#126),#238,.T.);
#3583=ADVANCED_FACE('',(#456),#3407,.T.);
#3584=ADVANCED_FACE('',(#457,#127),#239,.T.);
#3585=ADVANCED_FACE('',(#458),#3408,.T.);
#3586=ADVANCED_FACE('',(#459),#240,.T.);
#3587=ADVANCED_FACE('',(#460),#3409,.F.);
#3588=ADVANCED_FACE('',(#461),#241,.F.);
#3589=ADVANCED_FACE('',(#462,#128),#242,.T.);
#3590=ADVANCED_FACE('',(#463),#3410,.T.);
#3591=ADVANCED_FACE('',(#464,#129),#243,.T.);
#3592=ADVANCED_FACE('',(#465),#3411,.T.);
#3593=ADVANCED_FACE('',(#466),#244,.T.);
#3594=ADVANCED_FACE('',(#467),#3412,.F.);
#3595=ADVANCED_FACE('',(#468),#245,.F.);
#3596=ADVANCED_FACE('',(#469,#130),#246,.T.);
#3597=ADVANCED_FACE('',(#470),#3413,.T.);
#3598=ADVANCED_FACE('',(#471,#131),#247,.T.);
#3599=ADVANCED_FACE('',(#472),#3414,.T.);
#3600=ADVANCED_FACE('',(#473),#248,.T.);
#3601=ADVANCED_FACE('',(#474),#249,.T.);
#3602=ADVANCED_FACE('',(#475),#3415,.F.);
#3603=ADVANCED_FACE('',(#476),#250,.F.);
#3604=ADVANCED_FACE('',(#477,#132),#251,.T.);
#3605=ADVANCED_FACE('',(#478),#3416,.T.);
#3606=ADVANCED_FACE('',(#479,#133),#252,.T.);
#3607=ADVANCED_FACE('',(#480),#3417,.T.);
#3608=ADVANCED_FACE('',(#481),#253,.T.);
#3609=ADVANCED_FACE('',(#482),#3418,.F.);
#3610=ADVANCED_FACE('',(#483),#254,.F.);
#3611=ADVANCED_FACE('',(#484,#134),#255,.T.);
#3612=ADVANCED_FACE('',(#485),#3419,.T.);
#3613=ADVANCED_FACE('',(#486,#135),#256,.T.);
#3614=ADVANCED_FACE('',(#487),#3420,.T.);
#3615=ADVANCED_FACE('',(#488),#257,.T.);
#3616=ADVANCED_FACE('',(#489),#3421,.F.);
#3617=ADVANCED_FACE('',(#490),#258,.F.);
#3618=ADVANCED_FACE('',(#491,#136),#259,.T.);
#3619=ADVANCED_FACE('',(#492),#3422,.T.);
#3620=ADVANCED_FACE('',(#493,#137),#260,.T.);
#3621=ADVANCED_FACE('',(#494),#3423,.T.);
#3622=ADVANCED_FACE('',(#495),#261,.T.);
#3623=ADVANCED_FACE('',(#496),#3424,.F.);
#3624=ADVANCED_FACE('',(#497),#262,.F.);
#3625=ADVANCED_FACE('',(#498,#138),#263,.T.);
#3626=ADVANCED_FACE('',(#499),#3425,.T.);
#3627=ADVANCED_FACE('',(#500,#139),#264,.T.);
#3628=ADVANCED_FACE('',(#501),#3426,.T.);
#3629=ADVANCED_FACE('',(#502),#3427,.F.);
#3630=ADVANCED_FACE('',(#503),#265,.F.);
#3631=ADVANCED_FACE('',(#504,#140),#266,.T.);
#3632=ADVANCED_FACE('',(#505),#3428,.T.);
#3633=ADVANCED_FACE('',(#506,#141),#267,.T.);
#3634=ADVANCED_FACE('',(#507),#3429,.T.);
#3635=ADVANCED_FACE('',(#508),#268,.T.);
#3636=ADVANCED_FACE('',(#509),#3430,.F.);
#3637=ADVANCED_FACE('',(#510),#269,.F.);
#3638=ADVANCED_FACE('',(#511,#142),#270,.T.);
#3639=ADVANCED_FACE('',(#512),#3431,.T.);
#3640=ADVANCED_FACE('',(#513,#143),#271,.T.);
#3641=ADVANCED_FACE('',(#514),#3432,.T.);
#3642=ADVANCED_FACE('',(#515),#272,.T.);
#3643=ADVANCED_FACE('',(#516),#3433,.F.);
#3644=ADVANCED_FACE('',(#517),#273,.F.);
#3645=ADVANCED_FACE('',(#518,#144),#274,.T.);
#3646=ADVANCED_FACE('',(#519),#3434,.T.);
#3647=ADVANCED_FACE('',(#520,#145),#275,.T.);
#3648=ADVANCED_FACE('',(#521),#3435,.T.);
#3649=ADVANCED_FACE('',(#522),#276,.T.);
#3650=ADVANCED_FACE('',(#523),#3436,.F.);
#3651=ADVANCED_FACE('',(#524),#277,.F.);
#3652=ADVANCED_FACE('',(#525,#146),#278,.T.);
#3653=ADVANCED_FACE('',(#526),#3437,.T.);
#3654=ADVANCED_FACE('',(#527,#147),#279,.T.);
#3655=ADVANCED_FACE('',(#528),#3438,.T.);
#3656=ADVANCED_FACE('',(#529),#280,.T.);
#3657=ADVANCED_FACE('',(#530),#3439,.F.);
#3658=ADVANCED_FACE('',(#531),#281,.F.);
#3659=ADVANCED_FACE('',(#532),#3440,.T.);
#3660=ADVANCED_FACE('',(#533),#282,.T.);
#3661=ADVANCED_FACE('',(#534),#13,.T.);
#3662=ADVANCED_FACE('',(#535,#148),#283,.T.);
#3663=ADVANCED_FACE('',(#536),#3441,.F.);
#3664=ADVANCED_FACE('',(#537),#284,.F.);
#3665=ADVANCED_FACE('',(#538,#149),#285,.T.);
#3666=ADVANCED_FACE('',(#539),#3442,.T.);
#3667=ADVANCED_FACE('',(#540,#150),#286,.T.);
#3668=ADVANCED_FACE('',(#541),#3443,.T.);
#3669=ADVANCED_FACE('',(#542),#287,.T.);
#3670=ADVANCED_FACE('',(#543),#3444,.F.);
#3671=ADVANCED_FACE('',(#544),#288,.F.);
#3672=ADVANCED_FACE('',(#545,#151),#289,.T.);
#3673=ADVANCED_FACE('',(#546),#3445,.T.);
#3674=ADVANCED_FACE('',(#547,#152),#290,.T.);
#3675=ADVANCED_FACE('',(#548),#3446,.T.);
#3676=ADVANCED_FACE('',(#549),#291,.T.);
#3677=ADVANCED_FACE('',(#550),#3447,.F.);
#3678=ADVANCED_FACE('',(#551),#292,.F.);
#3679=ADVANCED_FACE('',(#552,#153),#293,.T.);
#3680=ADVANCED_FACE('',(#553),#3448,.T.);
#3681=ADVANCED_FACE('',(#554,#154),#294,.T.);
#3682=ADVANCED_FACE('',(#555),#3449,.T.);
#3683=ADVANCED_FACE('',(#556),#295,.T.);
#3684=ADVANCED_FACE('',(#557),#3450,.F.);
#3685=ADVANCED_FACE('',(#558),#296,.F.);
#3686=ADVANCED_FACE('',(#559,#155),#297,.T.);
#3687=ADVANCED_FACE('',(#560),#3451,.T.);
#3688=ADVANCED_FACE('',(#561,#156),#298,.T.);
#3689=ADVANCED_FACE('',(#562),#3452,.T.);
#3690=ADVANCED_FACE('',(#563),#299,.T.);
#3691=ADVANCED_FACE('',(#564),#3453,.F.);
#3692=ADVANCED_FACE('',(#565),#300,.F.);
#3693=ADVANCED_FACE('',(#566,#157),#301,.T.);
#3694=ADVANCED_FACE('',(#567),#3454,.T.);
#3695=ADVANCED_FACE('',(#568,#158),#302,.T.);
#3696=ADVANCED_FACE('',(#569),#3455,.T.);
#3697=ADVANCED_FACE('',(#570),#303,.T.);
#3698=ADVANCED_FACE('',(#571),#3456,.F.);
#3699=ADVANCED_FACE('',(#572),#304,.F.);
#3700=ADVANCED_FACE('',(#573,#159),#305,.T.);
#3701=ADVANCED_FACE('',(#574),#3457,.T.);
#3702=ADVANCED_FACE('',(#575,#160),#306,.T.);
#3703=ADVANCED_FACE('',(#576),#3458,.T.);
#3704=ADVANCED_FACE('',(#577),#307,.T.);
#3705=ADVANCED_FACE('',(#578),#3459,.F.);
#3706=ADVANCED_FACE('',(#579),#308,.F.);
#3707=ADVANCED_FACE('',(#580,#161),#309,.T.);
#3708=ADVANCED_FACE('',(#581),#3460,.T.);
#3709=ADVANCED_FACE('',(#582,#162),#310,.T.);
#3710=ADVANCED_FACE('',(#583),#3461,.T.);
#3711=ADVANCED_FACE('',(#584),#311,.T.);
#3712=ADVANCED_FACE('',(#585),#3462,.F.);
#3713=ADVANCED_FACE('',(#586),#312,.F.);
#3714=ADVANCED_FACE('',(#587,#163),#313,.T.);
#3715=ADVANCED_FACE('',(#588),#3463,.T.);
#3716=ADVANCED_FACE('',(#589,#164),#314,.T.);
#3717=ADVANCED_FACE('',(#590),#3464,.T.);
#3718=ADVANCED_FACE('',(#591),#315,.T.);
#3719=ADVANCED_FACE('',(#592),#3465,.F.);
#3720=ADVANCED_FACE('',(#593),#316,.F.);
#3721=ADVANCED_FACE('',(#594,#165),#317,.T.);
#3722=ADVANCED_FACE('',(#595),#3466,.T.);
#3723=ADVANCED_FACE('',(#596,#166),#318,.T.);
#3724=ADVANCED_FACE('',(#597),#3467,.T.);
#3725=ADVANCED_FACE('',(#598),#319,.T.);
#3726=ADVANCED_FACE('',(#599),#3468,.F.);
#3727=ADVANCED_FACE('',(#600),#320,.F.);
#3728=ADVANCED_FACE('',(#601,#167),#321,.T.);
#3729=ADVANCED_FACE('',(#602),#3469,.T.);
#3730=ADVANCED_FACE('',(#603,#168),#322,.T.);
#3731=ADVANCED_FACE('',(#604),#3470,.T.);
#3732=ADVANCED_FACE('',(#605),#323,.T.);
#3733=ADVANCED_FACE('',(#606),#3471,.F.);
#3734=ADVANCED_FACE('',(#607),#324,.F.);
#3735=ADVANCED_FACE('',(#608,#169),#325,.T.);
#3736=ADVANCED_FACE('',(#609),#3472,.T.);
#3737=ADVANCED_FACE('',(#610,#170),#326,.T.);
#3738=ADVANCED_FACE('',(#611),#3473,.T.);
#3739=ADVANCED_FACE('',(#612),#327,.T.);
#3740=ADVANCED_FACE('',(#613),#3474,.F.);
#3741=ADVANCED_FACE('',(#614),#328,.F.);
#3742=ADVANCED_FACE('',(#615,#171),#329,.T.);
#3743=ADVANCED_FACE('',(#616),#3475,.T.);
#3744=ADVANCED_FACE('',(#617,#172),#330,.T.);
#3745=ADVANCED_FACE('',(#618),#3476,.T.);
#3746=ADVANCED_FACE('',(#619),#331,.T.);
#3747=ADVANCED_FACE('',(#620),#3477,.F.);
#3748=ADVANCED_FACE('',(#621),#332,.F.);
#3749=ADVANCED_FACE('',(#622,#173),#333,.T.);
#3750=ADVANCED_FACE('',(#623),#3478,.T.);
#3751=ADVANCED_FACE('',(#624,#174),#334,.T.);
#3752=ADVANCED_FACE('',(#625),#3479,.T.);
#3753=ADVANCED_FACE('',(#626),#335,.T.);
#3754=ADVANCED_FACE('',(#627),#3480,.F.);
#3755=ADVANCED_FACE('',(#628),#336,.F.);
#3756=ADVANCED_FACE('',(#629,#175),#337,.T.);
#3757=ADVANCED_FACE('',(#630),#3481,.T.);
#3758=ADVANCED_FACE('',(#631,#176),#338,.T.);
#3759=ADVANCED_FACE('',(#632),#3482,.T.);
#3760=ADVANCED_FACE('',(#633),#339,.T.);
#3761=ADVANCED_FACE('',(#634),#3483,.F.);
#3762=ADVANCED_FACE('',(#635),#340,.F.);
#3763=ADVANCED_FACE('',(#636,#177),#341,.T.);
#3764=ADVANCED_FACE('',(#637),#3484,.T.);
#3765=ADVANCED_FACE('',(#638,#178),#342,.T.);
#3766=ADVANCED_FACE('',(#639),#3485,.T.);
#3767=ADVANCED_FACE('',(#640),#343,.T.);
#3768=ADVANCED_FACE('',(#641),#3486,.F.);
#3769=ADVANCED_FACE('',(#642),#344,.F.);
#3770=ADVANCED_FACE('',(#643,#179),#345,.T.);
#3771=ADVANCED_FACE('',(#644),#3487,.T.);
#3772=ADVANCED_FACE('',(#645,#180),#346,.T.);
#3773=ADVANCED_FACE('',(#646),#3488,.T.);
#3774=ADVANCED_FACE('',(#647),#347,.T.);
#3775=ADVANCED_FACE('',(#648),#3489,.F.);
#3776=ADVANCED_FACE('',(#649),#348,.F.);
#3777=ADVANCED_FACE('',(#650,#181),#349,.T.);
#3778=ADVANCED_FACE('',(#651),#3490,.T.);
#3779=ADVANCED_FACE('',(#652,#182),#350,.T.);
#3780=ADVANCED_FACE('',(#653),#3491,.T.);
#3781=ADVANCED_FACE('',(#654),#351,.T.);
#3782=ADVANCED_FACE('',(#655),#3492,.F.);
#3783=ADVANCED_FACE('',(#656),#352,.F.);
#3784=ADVANCED_FACE('',(#657,#183),#353,.T.);
#3785=ADVANCED_FACE('',(#658),#3493,.T.);
#3786=ADVANCED_FACE('',(#659,#184),#354,.T.);
#3787=ADVANCED_FACE('',(#660),#3494,.T.);
#3788=ADVANCED_FACE('',(#661),#355,.T.);
#3789=ADVANCED_FACE('',(#662),#3495,.F.);
#3790=ADVANCED_FACE('',(#663),#356,.F.);
#3791=ADVANCED_FACE('',(#664,#185),#357,.T.);
#3792=ADVANCED_FACE('',(#665),#3496,.T.);
#3793=ADVANCED_FACE('',(#666,#186),#358,.T.);
#3794=ADVANCED_FACE('',(#667),#3497,.T.);
#3795=ADVANCED_FACE('',(#668),#359,.T.);
#3796=ADVANCED_FACE('',(#669),#3498,.F.);
#3797=ADVANCED_FACE('',(#670),#360,.F.);
#3798=ADVANCED_FACE('',(#671,#187),#361,.T.);
#3799=ADVANCED_FACE('',(#672),#3499,.T.);
#3800=ADVANCED_FACE('',(#673,#188),#362,.T.);
#3801=ADVANCED_FACE('',(#674),#3500,.T.);
#3802=ADVANCED_FACE('',(#675),#363,.T.);
#3803=ADVANCED_FACE('',(#676),#3501,.F.);
#3804=ADVANCED_FACE('',(#677),#364,.F.);
#3805=ADVANCED_FACE('',(#678,#189),#365,.T.);
#3806=ADVANCED_FACE('',(#679),#3502,.T.);
#3807=ADVANCED_FACE('',(#680,#190),#366,.T.);
#3808=ADVANCED_FACE('',(#681),#3503,.T.);
#3809=ADVANCED_FACE('',(#682),#367,.T.);
#3810=ADVANCED_FACE('',(#683),#3504,.F.);
#3811=ADVANCED_FACE('',(#684),#368,.F.);
#3812=ADVANCED_FACE('',(#685,#191),#369,.T.);
#3813=ADVANCED_FACE('',(#686),#3505,.T.);
#3814=ADVANCED_FACE('',(#687,#192),#370,.T.);
#3815=ADVANCED_FACE('',(#688),#3506,.T.);
#3816=ADVANCED_FACE('',(#689),#371,.T.);
#3817=ADVANCED_FACE('',(#690),#3507,.F.);
#3818=ADVANCED_FACE('',(#691),#372,.F.);
#3819=ADVANCED_FACE('',(#692,#193),#373,.T.);
#3820=ADVANCED_FACE('',(#693),#3508,.T.);
#3821=ADVANCED_FACE('',(#694,#194),#374,.T.);
#3822=ADVANCED_FACE('',(#695),#3509,.T.);
#3823=ADVANCED_FACE('',(#696),#375,.T.);
#3824=ADVANCED_FACE('',(#697),#3510,.F.);
#3825=ADVANCED_FACE('',(#698),#376,.F.);
#3826=ADVANCED_FACE('',(#699,#195),#377,.T.);
#3827=ADVANCED_FACE('',(#700),#3511,.T.);
#3828=ADVANCED_FACE('',(#701,#196),#378,.T.);
#3829=ADVANCED_FACE('',(#702),#3512,.T.);
#3830=ADVANCED_FACE('',(#703),#379,.T.);
#3831=ADVANCED_FACE('',(#704),#3513,.F.);
#3832=ADVANCED_FACE('',(#705),#380,.F.);
#3833=ADVANCED_FACE('',(#706,#197),#381,.T.);
#3834=ADVANCED_FACE('',(#707),#3514,.T.);
#3835=ADVANCED_FACE('',(#708,#198),#382,.T.);
#3836=ADVANCED_FACE('',(#709),#3515,.T.);
#3837=ADVANCED_FACE('',(#710),#383,.T.);
#3838=ADVANCED_FACE('',(#711),#3516,.F.);
#3839=ADVANCED_FACE('',(#712),#384,.F.);
#3840=ADVANCED_FACE('',(#713,#199),#385,.T.);
#3841=ADVANCED_FACE('',(#714),#3517,.T.);
#3842=ADVANCED_FACE('',(#715,#200),#386,.T.);
#3843=ADVANCED_FACE('',(#716),#3518,.T.);
#3844=ADVANCED_FACE('',(#717),#387,.T.);
#3845=ADVANCED_FACE('',(#718),#3519,.F.);
#3846=ADVANCED_FACE('',(#719),#388,.F.);
#3847=ADVANCED_FACE('',(#720,#201),#389,.T.);
#3848=ADVANCED_FACE('',(#721),#3520,.T.);
#3849=ADVANCED_FACE('',(#722,#202),#390,.T.);
#3850=ADVANCED_FACE('',(#723),#3521,.T.);
#3851=ADVANCED_FACE('',(#724),#391,.T.);
#3852=ADVANCED_FACE('',(#725),#3522,.F.);
#3853=ADVANCED_FACE('',(#726),#392,.F.);
#3854=ADVANCED_FACE('',(#727,#203),#393,.T.);
#3855=ADVANCED_FACE('',(#728),#3523,.T.);
#3856=ADVANCED_FACE('',(#729,#204),#394,.T.);
#3857=ADVANCED_FACE('',(#730),#3524,.T.);
#3858=ADVANCED_FACE('',(#731),#395,.T.);
#3859=ADVANCED_FACE('',(#732),#3525,.F.);
#3860=ADVANCED_FACE('',(#733),#396,.F.);
#3861=ADVANCED_FACE('',(#734,#205),#397,.T.);
#3862=ADVANCED_FACE('',(#735),#3526,.T.);
#3863=ADVANCED_FACE('',(#736,#206),#398,.T.);
#3864=ADVANCED_FACE('',(#737),#3527,.T.);
#3865=ADVANCED_FACE('',(#738),#399,.T.);
#3866=ADVANCED_FACE('',(#739),#3528,.F.);
#3867=ADVANCED_FACE('',(#740),#400,.F.);
#3868=ADVANCED_FACE('',(#741,#207),#401,.T.);
#3869=ADVANCED_FACE('',(#742),#3529,.T.);
#3870=ADVANCED_FACE('',(#743,#208),#402,.T.);
#3871=ADVANCED_FACE('',(#744),#3530,.T.);
#3872=ADVANCED_FACE('',(#745),#403,.T.);
#3873=CLOSED_SHELL('',(#3531,#3532,#3533,#3534,#3535,#3536,#3537));
#3874=CLOSED_SHELL('',(#3538,#3539,#3540,#3541,#3542,#3543,#3544));
#3875=CLOSED_SHELL('',(#3545,#3546,#3547,#3548,#3549,#3550,#3551));
#3876=CLOSED_SHELL('',(#3552,#3553,#3554,#3555,#3556,#3557,#3558));
#3877=CLOSED_SHELL('',(#3559,#3560,#3561,#3562,#3563,#3564,#3565));
#3878=CLOSED_SHELL('',(#3566,#3567,#3568,#3569,#3570,#3571,#3572));
#3879=CLOSED_SHELL('',(#3573,#3574,#3575,#3576,#3577,#3578,#3579));
#3880=CLOSED_SHELL('',(#3580,#3581,#3582,#3583,#3584,#3585,#3586));
#3881=CLOSED_SHELL('',(#3587,#3588,#3589,#3590,#3591,#3592,#3593));
#3882=CLOSED_SHELL('',(#3594,#3595,#3596,#3597,#3598,#3599,#3600));
#3883=CLOSED_SHELL('',(#3601,#3602,#3603,#3604,#3605,#3606,#3607));
#3884=CLOSED_SHELL('',(#3608,#3609,#3610,#3611,#3612,#3613,#3614));
#3885=CLOSED_SHELL('',(#3615,#3616,#3617,#3618,#3619,#3620,#3621));
#3886=CLOSED_SHELL('',(#3622,#3623,#3624,#3625,#3626,#3627,#3628));
#3887=CLOSED_SHELL('',(#3629,#3630,#3631,#3632,#3633,#3634,#3635));
#3888=CLOSED_SHELL('',(#3636,#3637,#3638,#3639,#3640,#3641,#3642));
#3889=CLOSED_SHELL('',(#3643,#3644,#3645,#3646,#3647,#3648,#3649));
#3890=CLOSED_SHELL('',(#3650,#3651,#3652,#3653,#3654,#3655,#3656));
#3891=CLOSED_SHELL('',(#3657,#3658,#3659,#3660,#3661,#3662));
#3892=CLOSED_SHELL('',(#3663,#3664,#3665,#3666,#3667,#3668,#3669));
#3893=CLOSED_SHELL('',(#3670,#3671,#3672,#3673,#3674,#3675,#3676));
#3894=CLOSED_SHELL('',(#3677,#3678,#3679,#3680,#3681,#3682,#3683));
#3895=CLOSED_SHELL('',(#3684,#3685,#3686,#3687,#3688,#3689,#3690));
#3896=CLOSED_SHELL('',(#3691,#3692,#3693,#3694,#3695,#3696,#3697));
#3897=CLOSED_SHELL('',(#3698,#3699,#3700,#3701,#3702,#3703,#3704));
#3898=CLOSED_SHELL('',(#3705,#3706,#3707,#3708,#3709,#3710,#3711));
#3899=CLOSED_SHELL('',(#3712,#3713,#3714,#3715,#3716,#3717,#3718));
#3900=CLOSED_SHELL('',(#3719,#3720,#3721,#3722,#3723,#3724,#3725));
#3901=CLOSED_SHELL('',(#3726,#3727,#3728,#3729,#3730,#3731,#3732));
#3902=CLOSED_SHELL('',(#3733,#3734,#3735,#3736,#3737,#3738,#3739));
#3903=CLOSED_SHELL('',(#3740,#3741,#3742,#3743,#3744,#3745,#3746));
#3904=CLOSED_SHELL('',(#3747,#3748,#3749,#3750,#3751,#3752,#3753));
#3905=CLOSED_SHELL('',(#3754,#3755,#3756,#3757,#3758,#3759,#3760));
#3906=CLOSED_SHELL('',(#3761,#3762,#3763,#3764,#3765,#3766,#3767));
#3907=CLOSED_SHELL('',(#3768,#3769,#3770,#3771,#3772,#3773,#3774));
#3908=CLOSED_SHELL('',(#3775,#3776,#3777,#3778,#3779,#3780,#3781));
#3909=CLOSED_SHELL('',(#3782,#3783,#3784,#3785,#3786,#3787,#3788));
#3910=CLOSED_SHELL('',(#3789,#3790,#3791,#3792,#3793,#3794,#3795));
#3911=CLOSED_SHELL('',(#3796,#3797,#3798,#3799,#3800,#3801,#3802));
#3912=CLOSED_SHELL('',(#3803,#3804,#3805,#3806,#3807,#3808,#3809));
#3913=CLOSED_SHELL('',(#3810,#3811,#3812,#3813,#3814,#3815,#3816));
#3914=CLOSED_SHELL('',(#3817,#3818,#3819,#3820,#3821,#3822,#3823));
#3915=CLOSED_SHELL('',(#3824,#3825,#3826,#3827,#3828,#3829,#3830));
#3916=CLOSED_SHELL('',(#3831,#3832,#3833,#3834,#3835,#3836,#3837));
#3917=CLOSED_SHELL('',(#3838,#3839,#3840,#3841,#3842,#3843,#3844));
#3918=CLOSED_SHELL('',(#3845,#3846,#3847,#3848,#3849,#3850,#3851));
#3919=CLOSED_SHELL('',(#3852,#3853,#3854,#3855,#3856,#3857,#3858));
#3920=CLOSED_SHELL('',(#3859,#3860,#3861,#3862,#3863,#3864,#3865));
#3921=CLOSED_SHELL('',(#3866,#3867,#3868,#3869,#3870,#3871,#3872));
#3922=DERIVED_UNIT_ELEMENT(#3924,1.);
#3923=DERIVED_UNIT_ELEMENT(#7070,-3.);
#3924=(
MASS_UNIT()
NAMED_UNIT(*)
SI_UNIT(.KILO.,.GRAM.)
);
#3925=DERIVED_UNIT((#3922,#3923));
#3926=MEASURE_REPRESENTATION_ITEM('density measure',
POSITIVE_RATIO_MEASURE(7850.),#3925);
#3927=PROPERTY_DEFINITION_REPRESENTATION(#3932,#3929);
#3928=PROPERTY_DEFINITION_REPRESENTATION(#3933,#3930);
#3929=REPRESENTATION('material name',(#3931),#7067);
#3930=REPRESENTATION('density',(#3926),#7067);
#3931=DESCRIPTIVE_REPRESENTATION_ITEM('Steel','Steel');
#3932=PROPERTY_DEFINITION('material property','material name',#7077);
#3933=PROPERTY_DEFINITION('material property','density of part',#7077);
#3934=AXIS2_PLACEMENT_3D('',#5989,#4570,#4571);
#3935=AXIS2_PLACEMENT_3D('',#5990,#4572,#4573);
#3936=AXIS2_PLACEMENT_3D('',#5992,#4574,#4575);
#3937=AXIS2_PLACEMENT_3D('',#5995,#4577,#4578);
#3938=AXIS2_PLACEMENT_3D('',#5996,#4579,#4580);
#3939=AXIS2_PLACEMENT_3D('',#5997,#4581,#4582);
#3940=AXIS2_PLACEMENT_3D('',#5999,#4583,#4584);
#3941=AXIS2_PLACEMENT_3D('',#6001,#4585,#4586);
#3942=AXIS2_PLACEMENT_3D('',#6002,#4587,#4588);
#3943=AXIS2_PLACEMENT_3D('',#6005,#4590,#4591);
#3944=AXIS2_PLACEMENT_3D('',#6006,#4592,#4593);
#3945=AXIS2_PLACEMENT_3D('',#6007,#4594,#4595);
#3946=AXIS2_PLACEMENT_3D('',#6009,#4596,#4597);
#3947=AXIS2_PLACEMENT_3D('',#6011,#4599,#4600);
#3948=AXIS2_PLACEMENT_3D('',#6012,#4601,#4602);
#3949=AXIS2_PLACEMENT_3D('',#6014,#4603,#4604);
#3950=AXIS2_PLACEMENT_3D('',#6017,#4606,#4607);
#3951=AXIS2_PLACEMENT_3D('',#6018,#4608,#4609);
#3952=AXIS2_PLACEMENT_3D('',#6019,#4610,#4611);
#3953=AXIS2_PLACEMENT_3D('',#6021,#4612,#4613);
#3954=AXIS2_PLACEMENT_3D('',#6023,#4614,#4615);
#3955=AXIS2_PLACEMENT_3D('',#6024,#4616,#4617);
#3956=AXIS2_PLACEMENT_3D('',#6027,#4619,#4620);
#3957=AXIS2_PLACEMENT_3D('',#6028,#4621,#4622);
#3958=AXIS2_PLACEMENT_3D('',#6029,#4623,#4624);
#3959=AXIS2_PLACEMENT_3D('',#6031,#4625,#4626);
#3960=AXIS2_PLACEMENT_3D('',#6033,#4628,#4629);
#3961=AXIS2_PLACEMENT_3D('',#6034,#4630,#4631);
#3962=AXIS2_PLACEMENT_3D('',#6036,#4632,#4633);
#3963=AXIS2_PLACEMENT_3D('',#6039,#4635,#4636);
#3964=AXIS2_PLACEMENT_3D('',#6040,#4637,#4638);
#3965=AXIS2_PLACEMENT_3D('',#6041,#4639,#4640);
#3966=AXIS2_PLACEMENT_3D('',#6043,#4641,#4642);
#3967=AXIS2_PLACEMENT_3D('',#6045,#4643,#4644);
#3968=AXIS2_PLACEMENT_3D('',#6046,#4645,#4646);
#3969=AXIS2_PLACEMENT_3D('',#6049,#4648,#4649);
#3970=AXIS2_PLACEMENT_3D('',#6050,#4650,#4651);
#3971=AXIS2_PLACEMENT_3D('',#6051,#4652,#4653);
#3972=AXIS2_PLACEMENT_3D('',#6053,#4654,#4655);
#3973=AXIS2_PLACEMENT_3D('',#6055,#4657,#4658);
#3974=AXIS2_PLACEMENT_3D('',#6056,#4659,#4660);
#3975=AXIS2_PLACEMENT_3D('',#6058,#4661,#4662);
#3976=AXIS2_PLACEMENT_3D('',#6061,#4664,#4665);
#3977=AXIS2_PLACEMENT_3D('',#6062,#4666,#4667);
#3978=AXIS2_PLACEMENT_3D('',#6063,#4668,#4669);
#3979=AXIS2_PLACEMENT_3D('',#6065,#4670,#4671);
#3980=AXIS2_PLACEMENT_3D('',#6067,#4672,#4673);
#3981=AXIS2_PLACEMENT_3D('',#6068,#4674,#4675);
#3982=AXIS2_PLACEMENT_3D('',#6071,#4677,#4678);
#3983=AXIS2_PLACEMENT_3D('',#6072,#4679,#4680);
#3984=AXIS2_PLACEMENT_3D('',#6073,#4681,#4682);
#3985=AXIS2_PLACEMENT_3D('',#6075,#4683,#4684);
#3986=AXIS2_PLACEMENT_3D('',#6077,#4686,#4687);
#3987=AXIS2_PLACEMENT_3D('',#6078,#4688,#4689);
#3988=AXIS2_PLACEMENT_3D('',#6080,#4690,#4691);
#3989=AXIS2_PLACEMENT_3D('',#6083,#4693,#4694);
#3990=AXIS2_PLACEMENT_3D('',#6084,#4695,#4696);
#3991=AXIS2_PLACEMENT_3D('',#6085,#4697,#4698);
#3992=AXIS2_PLACEMENT_3D('',#6087,#4699,#4700);
#3993=AXIS2_PLACEMENT_3D('',#6089,#4701,#4702);
#3994=AXIS2_PLACEMENT_3D('',#6090,#4703,#4704);
#3995=AXIS2_PLACEMENT_3D('',#6093,#4706,#4707);
#3996=AXIS2_PLACEMENT_3D('',#6094,#4708,#4709);
#3997=AXIS2_PLACEMENT_3D('',#6095,#4710,#4711);
#3998=AXIS2_PLACEMENT_3D('',#6097,#4712,#4713);
#3999=AXIS2_PLACEMENT_3D('',#6099,#4715,#4716);
#4000=AXIS2_PLACEMENT_3D('',#6100,#4717,#4718);
#4001=AXIS2_PLACEMENT_3D('',#6102,#4719,#4720);
#4002=AXIS2_PLACEMENT_3D('',#6105,#4722,#4723);
#4003=AXIS2_PLACEMENT_3D('',#6106,#4724,#4725);
#4004=AXIS2_PLACEMENT_3D('',#6107,#4726,#4727);
#4005=AXIS2_PLACEMENT_3D('',#6109,#4728,#4729);
#4006=AXIS2_PLACEMENT_3D('',#6111,#4730,#4731);
#4007=AXIS2_PLACEMENT_3D('',#6112,#4732,#4733);
#4008=AXIS2_PLACEMENT_3D('',#6115,#4735,#4736);
#4009=AXIS2_PLACEMENT_3D('',#6116,#4737,#4738);
#4010=AXIS2_PLACEMENT_3D('',#6117,#4739,#4740);
#4011=AXIS2_PLACEMENT_3D('',#6119,#4741,#4742);
#4012=AXIS2_PLACEMENT_3D('',#6121,#4744,#4745);
#4013=AXIS2_PLACEMENT_3D('',#6122,#4746,#4747);
#4014=AXIS2_PLACEMENT_3D('',#6124,#4748,#4749);
#4015=AXIS2_PLACEMENT_3D('',#6127,#4751,#4752);
#4016=AXIS2_PLACEMENT_3D('',#6128,#4753,#4754);
#4017=AXIS2_PLACEMENT_3D('',#6129,#4755,#4756);
#4018=AXIS2_PLACEMENT_3D('',#6131,#4757,#4758);
#4019=AXIS2_PLACEMENT_3D('',#6133,#4759,#4760);
#4020=AXIS2_PLACEMENT_3D('',#6134,#4761,#4762);
#4021=AXIS2_PLACEMENT_3D('',#6137,#4764,#4765);
#4022=AXIS2_PLACEMENT_3D('',#6138,#4766,#4767);
#4023=AXIS2_PLACEMENT_3D('',#6139,#4768,#4769);
#4024=AXIS2_PLACEMENT_3D('',#6141,#4770,#4771);
#4025=AXIS2_PLACEMENT_3D('',#6143,#4773,#4774);
#4026=AXIS2_PLACEMENT_3D('',#6144,#4775,#4776);
#4027=AXIS2_PLACEMENT_3D('',#6146,#4777,#4778);
#4028=AXIS2_PLACEMENT_3D('',#6149,#4780,#4781);
#4029=AXIS2_PLACEMENT_3D('',#6150,#4782,#4783);
#4030=AXIS2_PLACEMENT_3D('',#6151,#4784,#4785);
#4031=AXIS2_PLACEMENT_3D('',#6153,#4786,#4787);
#4032=AXIS2_PLACEMENT_3D('',#6155,#4788,#4789);
#4033=AXIS2_PLACEMENT_3D('',#6156,#4790,#4791);
#4034=AXIS2_PLACEMENT_3D('',#6159,#4793,#4794);
#4035=AXIS2_PLACEMENT_3D('',#6160,#4795,#4796);
#4036=AXIS2_PLACEMENT_3D('',#6161,#4797,#4798);
#4037=AXIS2_PLACEMENT_3D('',#6163,#4799,#4800);
#4038=AXIS2_PLACEMENT_3D('',#6165,#4802,#4803);
#4039=AXIS2_PLACEMENT_3D('',#6166,#4804,#4805);
#4040=AXIS2_PLACEMENT_3D('',#6168,#4806,#4807);
#4041=AXIS2_PLACEMENT_3D('',#6171,#4809,#4810);
#4042=AXIS2_PLACEMENT_3D('',#6172,#4811,#4812);
#4043=AXIS2_PLACEMENT_3D('',#6173,#4813,#4814);
#4044=AXIS2_PLACEMENT_3D('',#6175,#4815,#4816);
#4045=AXIS2_PLACEMENT_3D('',#6177,#4817,#4818);
#4046=AXIS2_PLACEMENT_3D('',#6178,#4819,#4820);
#4047=AXIS2_PLACEMENT_3D('',#6181,#4822,#4823);
#4048=AXIS2_PLACEMENT_3D('',#6182,#4824,#4825);
#4049=AXIS2_PLACEMENT_3D('',#6183,#4826,#4827);
#4050=AXIS2_PLACEMENT_3D('',#6185,#4828,#4829);
#4051=AXIS2_PLACEMENT_3D('',#6187,#4831,#4832);
#4052=AXIS2_PLACEMENT_3D('',#6188,#4833,#4834);
#4053=AXIS2_PLACEMENT_3D('',#6190,#4835,#4836);
#4054=AXIS2_PLACEMENT_3D('',#6193,#4838,#4839);
#4055=AXIS2_PLACEMENT_3D('',#6194,#4840,#4841);
#4056=AXIS2_PLACEMENT_3D('',#6195,#4842,#4843);
#4057=AXIS2_PLACEMENT_3D('',#6197,#4844,#4845);
#4058=AXIS2_PLACEMENT_3D('',#6199,#4846,#4847);
#4059=AXIS2_PLACEMENT_3D('',#6200,#4848,#4849);
#4060=AXIS2_PLACEMENT_3D('',#6203,#4851,#4852);
#4061=AXIS2_PLACEMENT_3D('',#6204,#4853,#4854);
#4062=AXIS2_PLACEMENT_3D('',#6205,#4855,#4856);
#4063=AXIS2_PLACEMENT_3D('',#6207,#4857,#4858);
#4064=AXIS2_PLACEMENT_3D('',#6209,#4860,#4861);
#4065=AXIS2_PLACEMENT_3D('',#6210,#4862,#4863);
#4066=AXIS2_PLACEMENT_3D('',#6212,#4864,#4865);
#4067=AXIS2_PLACEMENT_3D('',#6213,#4866,#4867);
#4068=AXIS2_PLACEMENT_3D('',#6215,#4868,#4869);
#4069=AXIS2_PLACEMENT_3D('',#6218,#4871,#4872);
#4070=AXIS2_PLACEMENT_3D('',#6219,#4873,#4874);
#4071=AXIS2_PLACEMENT_3D('',#6220,#4875,#4876);
#4072=AXIS2_PLACEMENT_3D('',#6222,#4877,#4878);
#4073=AXIS2_PLACEMENT_3D('',#6224,#4879,#4880);
#4074=AXIS2_PLACEMENT_3D('',#6225,#4881,#4882);
#4075=AXIS2_PLACEMENT_3D('',#6228,#4884,#4885);
#4076=AXIS2_PLACEMENT_3D('',#6229,#4886,#4887);
#4077=AXIS2_PLACEMENT_3D('',#6230,#4888,#4889);
#4078=AXIS2_PLACEMENT_3D('',#6232,#4891,#4892);
#4079=AXIS2_PLACEMENT_3D('',#6234,#4893,#4894);
#4080=AXIS2_PLACEMENT_3D('',#6235,#4895,#4896);
#4081=AXIS2_PLACEMENT_3D('',#6237,#4897,#4898);
#4082=AXIS2_PLACEMENT_3D('',#6240,#4900,#4901);
#4083=AXIS2_PLACEMENT_3D('',#6241,#4902,#4903);
#4084=AXIS2_PLACEMENT_3D('',#6242,#4904,#4905);
#4085=AXIS2_PLACEMENT_3D('',#6244,#4906,#4907);
#4086=AXIS2_PLACEMENT_3D('',#6246,#4908,#4909);
#4087=AXIS2_PLACEMENT_3D('',#6247,#4910,#4911);
#4088=AXIS2_PLACEMENT_3D('',#6250,#4913,#4914);
#4089=AXIS2_PLACEMENT_3D('',#6251,#4915,#4916);
#4090=AXIS2_PLACEMENT_3D('',#6252,#4917,#4918);
#4091=AXIS2_PLACEMENT_3D('',#6254,#4920,#4921);
#4092=AXIS2_PLACEMENT_3D('',#6256,#4922,#4923);
#4093=AXIS2_PLACEMENT_3D('',#6257,#4924,#4925);
#4094=AXIS2_PLACEMENT_3D('',#6259,#4926,#4927);
#4095=AXIS2_PLACEMENT_3D('',#6262,#4929,#4930);
#4096=AXIS2_PLACEMENT_3D('',#6263,#4931,#4932);
#4097=AXIS2_PLACEMENT_3D('',#6264,#4933,#4934);
#4098=AXIS2_PLACEMENT_3D('',#6266,#4935,#4936);
#4099=AXIS2_PLACEMENT_3D('',#6268,#4937,#4938);
#4100=AXIS2_PLACEMENT_3D('',#6269,#4939,#4940);
#4101=AXIS2_PLACEMENT_3D('',#6272,#4942,#4943);
#4102=AXIS2_PLACEMENT_3D('',#6273,#4944,#4945);
#4103=AXIS2_PLACEMENT_3D('',#6274,#4946,#4947);
#4104=AXIS2_PLACEMENT_3D('',#6276,#4949,#4950);
#4105=AXIS2_PLACEMENT_3D('',#6278,#4951,#4952);
#4106=AXIS2_PLACEMENT_3D('',#6279,#4953,#4954);
#4107=AXIS2_PLACEMENT_3D('',#6281,#4955,#4956);
#4108=AXIS2_PLACEMENT_3D('',#6284,#4958,#4959);
#4109=AXIS2_PLACEMENT_3D('',#6285,#4960,#4961);
#4110=AXIS2_PLACEMENT_3D('',#6286,#4962,#4963);
#4111=AXIS2_PLACEMENT_3D('',#6288,#4964,#4965);
#4112=AXIS2_PLACEMENT_3D('',#6290,#4966,#4967);
#4113=AXIS2_PLACEMENT_3D('',#6291,#4968,#4969);
#4114=AXIS2_PLACEMENT_3D('',#6294,#4971,#4972);
#4115=AXIS2_PLACEMENT_3D('',#6295,#4973,#4974);
#4116=AXIS2_PLACEMENT_3D('',#6296,#4975,#4976);
#4117=AXIS2_PLACEMENT_3D('',#6298,#4978,#4979);
#4118=AXIS2_PLACEMENT_3D('',#6300,#4980,#4981);
#4119=AXIS2_PLACEMENT_3D('',#6303,#4983,#4984);
#4120=AXIS2_PLACEMENT_3D('',#6304,#4985,#4986);
#4121=AXIS2_PLACEMENT_3D('',#6305,#4987,#4988);
#4122=AXIS2_PLACEMENT_3D('',#6307,#4989,#4990);
#4123=AXIS2_PLACEMENT_3D('',#6309,#4991,#4992);
#4124=AXIS2_PLACEMENT_3D('',#6310,#4993,#4994);
#4125=AXIS2_PLACEMENT_3D('',#6313,#4996,#4997);
#4126=AXIS2_PLACEMENT_3D('',#6314,#4998,#4999);
#4127=AXIS2_PLACEMENT_3D('',#6315,#5000,#5001);
#4128=AXIS2_PLACEMENT_3D('',#6317,#5002,#5003);
#4129=AXIS2_PLACEMENT_3D('',#6319,#5005,#5006);
#4130=AXIS2_PLACEMENT_3D('',#6320,#5007,#5008);
#4131=AXIS2_PLACEMENT_3D('',#6322,#5009,#5010);
#4132=AXIS2_PLACEMENT_3D('',#6325,#5012,#5013);
#4133=AXIS2_PLACEMENT_3D('',#6326,#5014,#5015);
#4134=AXIS2_PLACEMENT_3D('',#6327,#5016,#5017);
#4135=AXIS2_PLACEMENT_3D('',#6329,#5018,#5019);
#4136=AXIS2_PLACEMENT_3D('',#6331,#5020,#5021);
#4137=AXIS2_PLACEMENT_3D('',#6332,#5022,#5023);
#4138=AXIS2_PLACEMENT_3D('',#6335,#5025,#5026);
#4139=AXIS2_PLACEMENT_3D('',#6336,#5027,#5028);
#4140=AXIS2_PLACEMENT_3D('',#6337,#5029,#5030);
#4141=AXIS2_PLACEMENT_3D('',#6339,#5031,#5032);
#4142=AXIS2_PLACEMENT_3D('',#6341,#5034,#5035);
#4143=AXIS2_PLACEMENT_3D('',#6342,#5036,#5037);
#4144=AXIS2_PLACEMENT_3D('',#6344,#5038,#5039);
#4145=AXIS2_PLACEMENT_3D('',#6347,#5041,#5042);
#4146=AXIS2_PLACEMENT_3D('',#6348,#5043,#5044);
#4147=AXIS2_PLACEMENT_3D('',#6349,#5045,#5046);
#4148=AXIS2_PLACEMENT_3D('',#6351,#5047,#5048);
#4149=AXIS2_PLACEMENT_3D('',#6353,#5049,#5050);
#4150=AXIS2_PLACEMENT_3D('',#6354,#5051,#5052);
#4151=AXIS2_PLACEMENT_3D('',#6357,#5054,#5055);
#4152=AXIS2_PLACEMENT_3D('',#6358,#5056,#5057);
#4153=AXIS2_PLACEMENT_3D('',#6359,#5058,#5059);
#4154=AXIS2_PLACEMENT_3D('',#6361,#5060,#5061);
#4155=AXIS2_PLACEMENT_3D('',#6363,#5063,#5064);
#4156=AXIS2_PLACEMENT_3D('',#6364,#5065,#5066);
#4157=AXIS2_PLACEMENT_3D('',#6366,#5067,#5068);
#4158=AXIS2_PLACEMENT_3D('',#6369,#5070,#5071);
#4159=AXIS2_PLACEMENT_3D('',#6370,#5072,#5073);
#4160=AXIS2_PLACEMENT_3D('',#6371,#5074,#5075);
#4161=AXIS2_PLACEMENT_3D('',#6373,#5076,#5077);
#4162=AXIS2_PLACEMENT_3D('',#6375,#5078,#5079);
#4163=AXIS2_PLACEMENT_3D('',#6376,#5080,#5081);
#4164=AXIS2_PLACEMENT_3D('',#6379,#5083,#5084);
#4165=AXIS2_PLACEMENT_3D('',#6380,#5085,#5086);
#4166=AXIS2_PLACEMENT_3D('',#6381,#5087,#5088);
#4167=AXIS2_PLACEMENT_3D('',#6383,#5089,#5090);
#4168=AXIS2_PLACEMENT_3D('',#6385,#5092,#5093);
#4169=AXIS2_PLACEMENT_3D('',#6386,#5094,#5095);
#4170=AXIS2_PLACEMENT_3D('',#6388,#5096,#5097);
#4171=AXIS2_PLACEMENT_3D('',#6391,#5099,#5100);
#4172=AXIS2_PLACEMENT_3D('',#6392,#5101,#5102);
#4173=AXIS2_PLACEMENT_3D('',#6393,#5103,#5104);
#4174=AXIS2_PLACEMENT_3D('',#6395,#5105,#5106);
#4175=AXIS2_PLACEMENT_3D('',#6398,#5108,#5109);
#4176=AXIS2_PLACEMENT_3D('',#6399,#5110,#5111);
#4177=AXIS2_PLACEMENT_3D('',#6400,#5112,#5113);
#4178=AXIS2_PLACEMENT_3D('',#6403,#5115,#5116);
#4179=AXIS2_PLACEMENT_3D('',#6404,#5117,#5118);
#4180=AXIS2_PLACEMENT_3D('',#6405,#5119,#5120);
#4181=AXIS2_PLACEMENT_3D('',#6407,#5121,#5122);
#4182=AXIS2_PLACEMENT_3D('',#6410,#5124,#5125);
#4183=AXIS2_PLACEMENT_3D('',#6411,#5126,#5127);
#4184=AXIS2_PLACEMENT_3D('',#6412,#5128,#5129);
#4185=AXIS2_PLACEMENT_3D('',#6414,#5130,#5131);
#4186=AXIS2_PLACEMENT_3D('',#6416,#5132,#5133);
#4187=AXIS2_PLACEMENT_3D('',#6417,#5134,#5135);
#4188=AXIS2_PLACEMENT_3D('',#6419,#5136,#5137);
#4189=AXIS2_PLACEMENT_3D('',#6421,#5139,#5140);
#4190=AXIS2_PLACEMENT_3D('',#6422,#5141,#5142);
#4191=AXIS2_PLACEMENT_3D('',#6424,#5143,#5144);
#4192=AXIS2_PLACEMENT_3D('',#6426,#5146,#5147);
#4193=AXIS2_PLACEMENT_3D('',#6427,#5148,#5149);
#4194=AXIS2_PLACEMENT_3D('',#6429,#5150,#5151);
#4195=AXIS2_PLACEMENT_3D('',#6432,#5153,#5154);
#4196=AXIS2_PLACEMENT_3D('',#6433,#5155,#5156);
#4197=AXIS2_PLACEMENT_3D('',#6434,#5157,#5158);
#4198=AXIS2_PLACEMENT_3D('',#6436,#5159,#5160);
#4199=AXIS2_PLACEMENT_3D('',#6438,#5161,#5162);
#4200=AXIS2_PLACEMENT_3D('',#6439,#5163,#5164);
#4201=AXIS2_PLACEMENT_3D('',#6441,#5165,#5166);
#4202=AXIS2_PLACEMENT_3D('',#6443,#5168,#5169);
#4203=AXIS2_PLACEMENT_3D('',#6444,#5170,#5171);
#4204=AXIS2_PLACEMENT_3D('',#6446,#5172,#5173);
#4205=AXIS2_PLACEMENT_3D('',#6448,#5175,#5176);
#4206=AXIS2_PLACEMENT_3D('',#6449,#5177,#5178);
#4207=AXIS2_PLACEMENT_3D('',#6451,#5179,#5180);
#4208=AXIS2_PLACEMENT_3D('',#6454,#5182,#5183);
#4209=AXIS2_PLACEMENT_3D('',#6455,#5184,#5185);
#4210=AXIS2_PLACEMENT_3D('',#6456,#5186,#5187);
#4211=AXIS2_PLACEMENT_3D('',#6458,#5188,#5189);
#4212=AXIS2_PLACEMENT_3D('',#6460,#5190,#5191);
#4213=AXIS2_PLACEMENT_3D('',#6461,#5192,#5193);
#4214=AXIS2_PLACEMENT_3D('',#6463,#5194,#5195);
#4215=AXIS2_PLACEMENT_3D('',#6465,#5197,#5198);
#4216=AXIS2_PLACEMENT_3D('',#6466,#5199,#5200);
#4217=AXIS2_PLACEMENT_3D('',#6468,#5201,#5202);
#4218=AXIS2_PLACEMENT_3D('',#6470,#5204,#5205);
#4219=AXIS2_PLACEMENT_3D('',#6471,#5206,#5207);
#4220=AXIS2_PLACEMENT_3D('',#6473,#5208,#5209);
#4221=AXIS2_PLACEMENT_3D('',#6476,#5211,#5212);
#4222=AXIS2_PLACEMENT_3D('',#6477,#5213,#5214);
#4223=AXIS2_PLACEMENT_3D('',#6478,#5215,#5216);
#4224=AXIS2_PLACEMENT_3D('',#6480,#5217,#5218);
#4225=AXIS2_PLACEMENT_3D('',#6482,#5219,#5220);
#4226=AXIS2_PLACEMENT_3D('',#6483,#5221,#5222);
#4227=AXIS2_PLACEMENT_3D('',#6485,#5223,#5224);
#4228=AXIS2_PLACEMENT_3D('',#6487,#5226,#5227);
#4229=AXIS2_PLACEMENT_3D('',#6488,#5228,#5229);
#4230=AXIS2_PLACEMENT_3D('',#6490,#5230,#5231);
#4231=AXIS2_PLACEMENT_3D('',#6492,#5233,#5234);
#4232=AXIS2_PLACEMENT_3D('',#6493,#5235,#5236);
#4233=AXIS2_PLACEMENT_3D('',#6495,#5237,#5238);
#4234=AXIS2_PLACEMENT_3D('',#6498,#5240,#5241);
#4235=AXIS2_PLACEMENT_3D('',#6499,#5242,#5243);
#4236=AXIS2_PLACEMENT_3D('',#6500,#5244,#5245);
#4237=AXIS2_PLACEMENT_3D('',#6502,#5246,#5247);
#4238=AXIS2_PLACEMENT_3D('',#6504,#5248,#5249);
#4239=AXIS2_PLACEMENT_3D('',#6505,#5250,#5251);
#4240=AXIS2_PLACEMENT_3D('',#6507,#5252,#5253);
#4241=AXIS2_PLACEMENT_3D('',#6509,#5255,#5256);
#4242=AXIS2_PLACEMENT_3D('',#6510,#5257,#5258);
#4243=AXIS2_PLACEMENT_3D('',#6512,#5259,#5260);
#4244=AXIS2_PLACEMENT_3D('',#6514,#5262,#5263);
#4245=AXIS2_PLACEMENT_3D('',#6515,#5264,#5265);
#4246=AXIS2_PLACEMENT_3D('',#6517,#5266,#5267);
#4247=AXIS2_PLACEMENT_3D('',#6520,#5269,#5270);
#4248=AXIS2_PLACEMENT_3D('',#6521,#5271,#5272);
#4249=AXIS2_PLACEMENT_3D('',#6522,#5273,#5274);
#4250=AXIS2_PLACEMENT_3D('',#6524,#5275,#5276);
#4251=AXIS2_PLACEMENT_3D('',#6526,#5277,#5278);
#4252=AXIS2_PLACEMENT_3D('',#6527,#5279,#5280);
#4253=AXIS2_PLACEMENT_3D('',#6529,#5281,#5282);
#4254=AXIS2_PLACEMENT_3D('',#6531,#5284,#5285);
#4255=AXIS2_PLACEMENT_3D('',#6532,#5286,#5287);
#4256=AXIS2_PLACEMENT_3D('',#6534,#5288,#5289);
#4257=AXIS2_PLACEMENT_3D('',#6536,#5291,#5292);
#4258=AXIS2_PLACEMENT_3D('',#6537,#5293,#5294);
#4259=AXIS2_PLACEMENT_3D('',#6539,#5295,#5296);
#4260=AXIS2_PLACEMENT_3D('',#6542,#5298,#5299);
#4261=AXIS2_PLACEMENT_3D('',#6543,#5300,#5301);
#4262=AXIS2_PLACEMENT_3D('',#6544,#5302,#5303);
#4263=AXIS2_PLACEMENT_3D('',#6546,#5304,#5305);
#4264=AXIS2_PLACEMENT_3D('',#6548,#5306,#5307);
#4265=AXIS2_PLACEMENT_3D('',#6549,#5308,#5309);
#4266=AXIS2_PLACEMENT_3D('',#6551,#5310,#5311);
#4267=AXIS2_PLACEMENT_3D('',#6553,#5313,#5314);
#4268=AXIS2_PLACEMENT_3D('',#6554,#5315,#5316);
#4269=AXIS2_PLACEMENT_3D('',#6556,#5317,#5318);
#4270=AXIS2_PLACEMENT_3D('',#6558,#5320,#5321);
#4271=AXIS2_PLACEMENT_3D('',#6559,#5322,#5323);
#4272=AXIS2_PLACEMENT_3D('',#6561,#5324,#5325);
#4273=AXIS2_PLACEMENT_3D('',#6564,#5327,#5328);
#4274=AXIS2_PLACEMENT_3D('',#6565,#5329,#5330);
#4275=AXIS2_PLACEMENT_3D('',#6566,#5331,#5332);
#4276=AXIS2_PLACEMENT_3D('',#6568,#5333,#5334);
#4277=AXIS2_PLACEMENT_3D('',#6570,#5335,#5336);
#4278=AXIS2_PLACEMENT_3D('',#6571,#5337,#5338);
#4279=AXIS2_PLACEMENT_3D('',#6573,#5339,#5340);
#4280=AXIS2_PLACEMENT_3D('',#6575,#5342,#5343);
#4281=AXIS2_PLACEMENT_3D('',#6576,#5344,#5345);
#4282=AXIS2_PLACEMENT_3D('',#6578,#5346,#5347);
#4283=AXIS2_PLACEMENT_3D('',#6580,#5349,#5350);
#4284=AXIS2_PLACEMENT_3D('',#6581,#5351,#5352);
#4285=AXIS2_PLACEMENT_3D('',#6583,#5353,#5354);
#4286=AXIS2_PLACEMENT_3D('',#6586,#5356,#5357);
#4287=AXIS2_PLACEMENT_3D('',#6587,#5358,#5359);
#4288=AXIS2_PLACEMENT_3D('',#6588,#5360,#5361);
#4289=AXIS2_PLACEMENT_3D('',#6590,#5362,#5363);
#4290=AXIS2_PLACEMENT_3D('',#6592,#5364,#5365);
#4291=AXIS2_PLACEMENT_3D('',#6593,#5366,#5367);
#4292=AXIS2_PLACEMENT_3D('',#6595,#5368,#5369);
#4293=AXIS2_PLACEMENT_3D('',#6597,#5371,#5372);
#4294=AXIS2_PLACEMENT_3D('',#6598,#5373,#5374);
#4295=AXIS2_PLACEMENT_3D('',#6600,#5375,#5376);
#4296=AXIS2_PLACEMENT_3D('',#6602,#5378,#5379);
#4297=AXIS2_PLACEMENT_3D('',#6603,#5380,#5381);
#4298=AXIS2_PLACEMENT_3D('',#6605,#5382,#5383);
#4299=AXIS2_PLACEMENT_3D('',#6608,#5385,#5386);
#4300=AXIS2_PLACEMENT_3D('',#6609,#5387,#5388);
#4301=AXIS2_PLACEMENT_3D('',#6610,#5389,#5390);
#4302=AXIS2_PLACEMENT_3D('',#6612,#5391,#5392);
#4303=AXIS2_PLACEMENT_3D('',#6614,#5393,#5394);
#4304=AXIS2_PLACEMENT_3D('',#6615,#5395,#5396);
#4305=AXIS2_PLACEMENT_3D('',#6617,#5397,#5398);
#4306=AXIS2_PLACEMENT_3D('',#6619,#5400,#5401);
#4307=AXIS2_PLACEMENT_3D('',#6620,#5402,#5403);
#4308=AXIS2_PLACEMENT_3D('',#6622,#5404,#5405);
#4309=AXIS2_PLACEMENT_3D('',#6624,#5407,#5408);
#4310=AXIS2_PLACEMENT_3D('',#6625,#5409,#5410);
#4311=AXIS2_PLACEMENT_3D('',#6627,#5411,#5412);
#4312=AXIS2_PLACEMENT_3D('',#6630,#5414,#5415);
#4313=AXIS2_PLACEMENT_3D('',#6631,#5416,#5417);
#4314=AXIS2_PLACEMENT_3D('',#6632,#5418,#5419);
#4315=AXIS2_PLACEMENT_3D('',#6634,#5420,#5421);
#4316=AXIS2_PLACEMENT_3D('',#6636,#5422,#5423);
#4317=AXIS2_PLACEMENT_3D('',#6637,#5424,#5425);
#4318=AXIS2_PLACEMENT_3D('',#6640,#5427,#5428);
#4319=AXIS2_PLACEMENT_3D('',#6641,#5429,#5430);
#4320=AXIS2_PLACEMENT_3D('',#6642,#5431,#5432);
#4321=AXIS2_PLACEMENT_3D('',#6644,#5433,#5434);
#4322=AXIS2_PLACEMENT_3D('',#6646,#5436,#5437);
#4323=AXIS2_PLACEMENT_3D('',#6647,#5438,#5439);
#4324=AXIS2_PLACEMENT_3D('',#6649,#5440,#5441);
#4325=AXIS2_PLACEMENT_3D('',#6652,#5443,#5444);
#4326=AXIS2_PLACEMENT_3D('',#6653,#5445,#5446);
#4327=AXIS2_PLACEMENT_3D('',#6654,#5447,#5448);
#4328=AXIS2_PLACEMENT_3D('',#6656,#5449,#5450);
#4329=AXIS2_PLACEMENT_3D('',#6658,#5451,#5452);
#4330=AXIS2_PLACEMENT_3D('',#6659,#5453,#5454);
#4331=AXIS2_PLACEMENT_3D('',#6662,#5456,#5457);
#4332=AXIS2_PLACEMENT_3D('',#6663,#5458,#5459);
#4333=AXIS2_PLACEMENT_3D('',#6664,#5460,#5461);
#4334=AXIS2_PLACEMENT_3D('',#6666,#5462,#5463);
#4335=AXIS2_PLACEMENT_3D('',#6668,#5465,#5466);
#4336=AXIS2_PLACEMENT_3D('',#6669,#5467,#5468);
#4337=AXIS2_PLACEMENT_3D('',#6671,#5469,#5470);
#4338=AXIS2_PLACEMENT_3D('',#6674,#5472,#5473);
#4339=AXIS2_PLACEMENT_3D('',#6675,#5474,#5475);
#4340=AXIS2_PLACEMENT_3D('',#6676,#5476,#5477);
#4341=AXIS2_PLACEMENT_3D('',#6678,#5478,#5479);
#4342=AXIS2_PLACEMENT_3D('',#6680,#5480,#5481);
#4343=AXIS2_PLACEMENT_3D('',#6681,#5482,#5483);
#4344=AXIS2_PLACEMENT_3D('',#6684,#5485,#5486);
#4345=AXIS2_PLACEMENT_3D('',#6685,#5487,#5488);
#4346=AXIS2_PLACEMENT_3D('',#6686,#5489,#5490);
#4347=AXIS2_PLACEMENT_3D('',#6688,#5491,#5492);
#4348=AXIS2_PLACEMENT_3D('',#6690,#5494,#5495);
#4349=AXIS2_PLACEMENT_3D('',#6691,#5496,#5497);
#4350=AXIS2_PLACEMENT_3D('',#6693,#5498,#5499);
#4351=AXIS2_PLACEMENT_3D('',#6696,#5501,#5502);
#4352=AXIS2_PLACEMENT_3D('',#6697,#5503,#5504);
#4353=AXIS2_PLACEMENT_3D('',#6698,#5505,#5506);
#4354=AXIS2_PLACEMENT_3D('',#6700,#5507,#5508);
#4355=AXIS2_PLACEMENT_3D('',#6702,#5509,#5510);
#4356=AXIS2_PLACEMENT_3D('',#6703,#5511,#5512);
#4357=AXIS2_PLACEMENT_3D('',#6706,#5514,#5515);
#4358=AXIS2_PLACEMENT_3D('',#6707,#5516,#5517);
#4359=AXIS2_PLACEMENT_3D('',#6708,#5518,#5519);
#4360=AXIS2_PLACEMENT_3D('',#6710,#5520,#5521);
#4361=AXIS2_PLACEMENT_3D('',#6712,#5523,#5524);
#4362=AXIS2_PLACEMENT_3D('',#6713,#5525,#5526);
#4363=AXIS2_PLACEMENT_3D('',#6715,#5527,#5528);
#4364=AXIS2_PLACEMENT_3D('',#6718,#5530,#5531);
#4365=AXIS2_PLACEMENT_3D('',#6719,#5532,#5533);
#4366=AXIS2_PLACEMENT_3D('',#6720,#5534,#5535);
#4367=AXIS2_PLACEMENT_3D('',#6722,#5536,#5537);
#4368=AXIS2_PLACEMENT_3D('',#6724,#5538,#5539);
#4369=AXIS2_PLACEMENT_3D('',#6725,#5540,#5541);
#4370=AXIS2_PLACEMENT_3D('',#6728,#5543,#5544);
#4371=AXIS2_PLACEMENT_3D('',#6729,#5545,#5546);
#4372=AXIS2_PLACEMENT_3D('',#6730,#5547,#5548);
#4373=AXIS2_PLACEMENT_3D('',#6732,#5549,#5550);
#4374=AXIS2_PLACEMENT_3D('',#6734,#5552,#5553);
#4375=AXIS2_PLACEMENT_3D('',#6735,#5554,#5555);
#4376=AXIS2_PLACEMENT_3D('',#6737,#5556,#5557);
#4377=AXIS2_PLACEMENT_3D('',#6740,#5559,#5560);
#4378=AXIS2_PLACEMENT_3D('',#6741,#5561,#5562);
#4379=AXIS2_PLACEMENT_3D('',#6742,#5563,#5564);
#4380=AXIS2_PLACEMENT_3D('',#6744,#5565,#5566);
#4381=AXIS2_PLACEMENT_3D('',#6746,#5567,#5568);
#4382=AXIS2_PLACEMENT_3D('',#6747,#5569,#5570);
#4383=AXIS2_PLACEMENT_3D('',#6750,#5572,#5573);
#4384=AXIS2_PLACEMENT_3D('',#6751,#5574,#5575);
#4385=AXIS2_PLACEMENT_3D('',#6752,#5576,#5577);
#4386=AXIS2_PLACEMENT_3D('',#6754,#5578,#5579);
#4387=AXIS2_PLACEMENT_3D('',#6756,#5581,#5582);
#4388=AXIS2_PLACEMENT_3D('',#6757,#5583,#5584);
#4389=AXIS2_PLACEMENT_3D('',#6759,#5585,#5586);
#4390=AXIS2_PLACEMENT_3D('',#6762,#5588,#5589);
#4391=AXIS2_PLACEMENT_3D('',#6763,#5590,#5591);
#4392=AXIS2_PLACEMENT_3D('',#6764,#5592,#5593);
#4393=AXIS2_PLACEMENT_3D('',#6766,#5594,#5595);
#4394=AXIS2_PLACEMENT_3D('',#6768,#5596,#5597);
#4395=AXIS2_PLACEMENT_3D('',#6769,#5598,#5599);
#4396=AXIS2_PLACEMENT_3D('',#6772,#5601,#5602);
#4397=AXIS2_PLACEMENT_3D('',#6773,#5603,#5604);
#4398=AXIS2_PLACEMENT_3D('',#6774,#5605,#5606);
#4399=AXIS2_PLACEMENT_3D('',#6776,#5607,#5608);
#4400=AXIS2_PLACEMENT_3D('',#6778,#5610,#5611);
#4401=AXIS2_PLACEMENT_3D('',#6779,#5612,#5613);
#4402=AXIS2_PLACEMENT_3D('',#6781,#5614,#5615);
#4403=AXIS2_PLACEMENT_3D('',#6784,#5617,#5618);
#4404=AXIS2_PLACEMENT_3D('',#6785,#5619,#5620);
#4405=AXIS2_PLACEMENT_3D('',#6786,#5621,#5622);
#4406=AXIS2_PLACEMENT_3D('',#6788,#5623,#5624);
#4407=AXIS2_PLACEMENT_3D('',#6790,#5625,#5626);
#4408=AXIS2_PLACEMENT_3D('',#6791,#5627,#5628);
#4409=AXIS2_PLACEMENT_3D('',#6794,#5630,#5631);
#4410=AXIS2_PLACEMENT_3D('',#6795,#5632,#5633);
#4411=AXIS2_PLACEMENT_3D('',#6796,#5634,#5635);
#4412=AXIS2_PLACEMENT_3D('',#6798,#5636,#5637);
#4413=AXIS2_PLACEMENT_3D('',#6800,#5639,#5640);
#4414=AXIS2_PLACEMENT_3D('',#6801,#5641,#5642);
#4415=AXIS2_PLACEMENT_3D('',#6803,#5643,#5644);
#4416=AXIS2_PLACEMENT_3D('',#6806,#5646,#5647);
#4417=AXIS2_PLACEMENT_3D('',#6807,#5648,#5649);
#4418=AXIS2_PLACEMENT_3D('',#6808,#5650,#5651);
#4419=AXIS2_PLACEMENT_3D('',#6810,#5652,#5653);
#4420=AXIS2_PLACEMENT_3D('',#6812,#5654,#5655);
#4421=AXIS2_PLACEMENT_3D('',#6813,#5656,#5657);
#4422=AXIS2_PLACEMENT_3D('',#6816,#5659,#5660);
#4423=AXIS2_PLACEMENT_3D('',#6817,#5661,#5662);
#4424=AXIS2_PLACEMENT_3D('',#6818,#5663,#5664);
#4425=AXIS2_PLACEMENT_3D('',#6820,#5665,#5666);
#4426=AXIS2_PLACEMENT_3D('',#6822,#5668,#5669);
#4427=AXIS2_PLACEMENT_3D('',#6823,#5670,#5671);
#4428=AXIS2_PLACEMENT_3D('',#6825,#5672,#5673);
#4429=AXIS2_PLACEMENT_3D('',#6828,#5675,#5676);
#4430=AXIS2_PLACEMENT_3D('',#6829,#5677,#5678);
#4431=AXIS2_PLACEMENT_3D('',#6830,#5679,#5680);
#4432=AXIS2_PLACEMENT_3D('',#6832,#5681,#5682);
#4433=AXIS2_PLACEMENT_3D('',#6834,#5683,#5684);
#4434=AXIS2_PLACEMENT_3D('',#6835,#5685,#5686);
#4435=AXIS2_PLACEMENT_3D('',#6838,#5688,#5689);
#4436=AXIS2_PLACEMENT_3D('',#6839,#5690,#5691);
#4437=AXIS2_PLACEMENT_3D('',#6840,#5692,#5693);
#4438=AXIS2_PLACEMENT_3D('',#6842,#5694,#5695);
#4439=AXIS2_PLACEMENT_3D('',#6844,#5697,#5698);
#4440=AXIS2_PLACEMENT_3D('',#6845,#5699,#5700);
#4441=AXIS2_PLACEMENT_3D('',#6847,#5701,#5702);
#4442=AXIS2_PLACEMENT_3D('',#6850,#5704,#5705);
#4443=AXIS2_PLACEMENT_3D('',#6851,#5706,#5707);
#4444=AXIS2_PLACEMENT_3D('',#6852,#5708,#5709);
#4445=AXIS2_PLACEMENT_3D('',#6854,#5710,#5711);
#4446=AXIS2_PLACEMENT_3D('',#6856,#5712,#5713);
#4447=AXIS2_PLACEMENT_3D('',#6857,#5714,#5715);
#4448=AXIS2_PLACEMENT_3D('',#6860,#5717,#5718);
#4449=AXIS2_PLACEMENT_3D('',#6861,#5719,#5720);
#4450=AXIS2_PLACEMENT_3D('',#6862,#5721,#5722);
#4451=AXIS2_PLACEMENT_3D('',#6864,#5723,#5724);
#4452=AXIS2_PLACEMENT_3D('',#6866,#5726,#5727);
#4453=AXIS2_PLACEMENT_3D('',#6867,#5728,#5729);
#4454=AXIS2_PLACEMENT_3D('',#6869,#5730,#5731);
#4455=AXIS2_PLACEMENT_3D('',#6872,#5733,#5734);
#4456=AXIS2_PLACEMENT_3D('',#6873,#5735,#5736);
#4457=AXIS2_PLACEMENT_3D('',#6874,#5737,#5738);
#4458=AXIS2_PLACEMENT_3D('',#6876,#5739,#5740);
#4459=AXIS2_PLACEMENT_3D('',#6878,#5741,#5742);
#4460=AXIS2_PLACEMENT_3D('',#6879,#5743,#5744);
#4461=AXIS2_PLACEMENT_3D('',#6882,#5746,#5747);
#4462=AXIS2_PLACEMENT_3D('',#6883,#5748,#5749);
#4463=AXIS2_PLACEMENT_3D('',#6884,#5750,#5751);
#4464=AXIS2_PLACEMENT_3D('',#6886,#5752,#5753);
#4465=AXIS2_PLACEMENT_3D('',#6888,#5755,#5756);
#4466=AXIS2_PLACEMENT_3D('',#6889,#5757,#5758);
#4467=AXIS2_PLACEMENT_3D('',#6891,#5759,#5760);
#4468=AXIS2_PLACEMENT_3D('',#6894,#5762,#5763);
#4469=AXIS2_PLACEMENT_3D('',#6895,#5764,#5765);
#4470=AXIS2_PLACEMENT_3D('',#6896,#5766,#5767);
#4471=AXIS2_PLACEMENT_3D('',#6898,#5768,#5769);
#4472=AXIS2_PLACEMENT_3D('',#6900,#5770,#5771);
#4473=AXIS2_PLACEMENT_3D('',#6901,#5772,#5773);
#4474=AXIS2_PLACEMENT_3D('',#6903,#5774,#5775);
#4475=AXIS2_PLACEMENT_3D('',#6905,#5777,#5778);
#4476=AXIS2_PLACEMENT_3D('',#6906,#5779,#5780);
#4477=AXIS2_PLACEMENT_3D('',#6908,#5781,#5782);
#4478=AXIS2_PLACEMENT_3D('',#6910,#5784,#5785);
#4479=AXIS2_PLACEMENT_3D('',#6911,#5786,#5787);
#4480=AXIS2_PLACEMENT_3D('',#6913,#5788,#5789);
#4481=AXIS2_PLACEMENT_3D('',#6916,#5791,#5792);
#4482=AXIS2_PLACEMENT_3D('',#6917,#5793,#5794);
#4483=AXIS2_PLACEMENT_3D('',#6918,#5795,#5796);
#4484=AXIS2_PLACEMENT_3D('',#6920,#5797,#5798);
#4485=AXIS2_PLACEMENT_3D('',#6922,#5799,#5800);
#4486=AXIS2_PLACEMENT_3D('',#6923,#5801,#5802);
#4487=AXIS2_PLACEMENT_3D('',#6925,#5803,#5804);
#4488=AXIS2_PLACEMENT_3D('',#6927,#5806,#5807);
#4489=AXIS2_PLACEMENT_3D('',#6928,#5808,#5809);
#4490=AXIS2_PLACEMENT_3D('',#6930,#5810,#5811);
#4491=AXIS2_PLACEMENT_3D('',#6932,#5813,#5814);
#4492=AXIS2_PLACEMENT_3D('',#6933,#5815,#5816);
#4493=AXIS2_PLACEMENT_3D('',#6935,#5817,#5818);
#4494=AXIS2_PLACEMENT_3D('',#6938,#5820,#5821);
#4495=AXIS2_PLACEMENT_3D('',#6939,#5822,#5823);
#4496=AXIS2_PLACEMENT_3D('',#6940,#5824,#5825);
#4497=AXIS2_PLACEMENT_3D('',#6942,#5826,#5827);
#4498=AXIS2_PLACEMENT_3D('',#6944,#5828,#5829);
#4499=AXIS2_PLACEMENT_3D('',#6945,#5830,#5831);
#4500=AXIS2_PLACEMENT_3D('',#6947,#5832,#5833);
#4501=AXIS2_PLACEMENT_3D('',#6949,#5835,#5836);
#4502=AXIS2_PLACEMENT_3D('',#6950,#5837,#5838);
#4503=AXIS2_PLACEMENT_3D('',#6952,#5839,#5840);
#4504=AXIS2_PLACEMENT_3D('',#6954,#5842,#5843);
#4505=AXIS2_PLACEMENT_3D('',#6955,#5844,#5845);
#4506=AXIS2_PLACEMENT_3D('',#6957,#5846,#5847);
#4507=AXIS2_PLACEMENT_3D('',#6960,#5849,#5850);
#4508=AXIS2_PLACEMENT_3D('',#6961,#5851,#5852);
#4509=AXIS2_PLACEMENT_3D('',#6962,#5853,#5854);
#4510=AXIS2_PLACEMENT_3D('',#6964,#5855,#5856);
#4511=AXIS2_PLACEMENT_3D('',#6966,#5857,#5858);
#4512=AXIS2_PLACEMENT_3D('',#6967,#5859,#5860);
#4513=AXIS2_PLACEMENT_3D('',#6969,#5861,#5862);
#4514=AXIS2_PLACEMENT_3D('',#6971,#5864,#5865);
#4515=AXIS2_PLACEMENT_3D('',#6972,#5866,#5867);
#4516=AXIS2_PLACEMENT_3D('',#6974,#5868,#5869);
#4517=AXIS2_PLACEMENT_3D('',#6976,#5871,#5872);
#4518=AXIS2_PLACEMENT_3D('',#6977,#5873,#5874);
#4519=AXIS2_PLACEMENT_3D('',#6979,#5875,#5876);
#4520=AXIS2_PLACEMENT_3D('',#6982,#5878,#5879);
#4521=AXIS2_PLACEMENT_3D('',#6983,#5880,#5881);
#4522=AXIS2_PLACEMENT_3D('',#6984,#5882,#5883);
#4523=AXIS2_PLACEMENT_3D('',#6986,#5884,#5885);
#4524=AXIS2_PLACEMENT_3D('',#6988,#5886,#5887);
#4525=AXIS2_PLACEMENT_3D('',#6989,#5888,#5889);
#4526=AXIS2_PLACEMENT_3D('',#6992,#5891,#5892);
#4527=AXIS2_PLACEMENT_3D('',#6993,#5893,#5894);
#4528=AXIS2_PLACEMENT_3D('',#6994,#5895,#5896);
#4529=AXIS2_PLACEMENT_3D('',#6996,#5897,#5898);
#4530=AXIS2_PLACEMENT_3D('',#6998,#5900,#5901);
#4531=AXIS2_PLACEMENT_3D('',#6999,#5902,#5903);
#4532=AXIS2_PLACEMENT_3D('',#7001,#5904,#5905);
#4533=AXIS2_PLACEMENT_3D('',#7004,#5907,#5908);
#4534=AXIS2_PLACEMENT_3D('',#7005,#5909,#5910);
#4535=AXIS2_PLACEMENT_3D('',#7006,#5911,#5912);
#4536=AXIS2_PLACEMENT_3D('',#7008,#5913,#5914);
#4537=AXIS2_PLACEMENT_3D('',#7010,#5915,#5916);
#4538=AXIS2_PLACEMENT_3D('',#7011,#5917,#5918);
#4539=AXIS2_PLACEMENT_3D('',#7014,#5920,#5921);
#4540=AXIS2_PLACEMENT_3D('',#7015,#5922,#5923);
#4541=AXIS2_PLACEMENT_3D('',#7016,#5924,#5925);
#4542=AXIS2_PLACEMENT_3D('',#7018,#5926,#5927);
#4543=AXIS2_PLACEMENT_3D('',#7020,#5929,#5930);
#4544=AXIS2_PLACEMENT_3D('',#7021,#5931,#5932);
#4545=AXIS2_PLACEMENT_3D('',#7023,#5933,#5934);
#4546=AXIS2_PLACEMENT_3D('',#7026,#5936,#5937);
#4547=AXIS2_PLACEMENT_3D('',#7027,#5938,#5939);
#4548=AXIS2_PLACEMENT_3D('',#7028,#5940,#5941);
#4549=AXIS2_PLACEMENT_3D('',#7030,#5942,#5943);
#4550=AXIS2_PLACEMENT_3D('',#7032,#5944,#5945);
#4551=AXIS2_PLACEMENT_3D('',#7033,#5946,#5947);
#4552=AXIS2_PLACEMENT_3D('',#7036,#5949,#5950);
#4553=AXIS2_PLACEMENT_3D('',#7037,#5951,#5952);
#4554=AXIS2_PLACEMENT_3D('',#7038,#5953,#5954);
#4555=AXIS2_PLACEMENT_3D('',#7040,#5955,#5956);
#4556=AXIS2_PLACEMENT_3D('',#7042,#5958,#5959);
#4557=AXIS2_PLACEMENT_3D('',#7043,#5960,#5961);
#4558=AXIS2_PLACEMENT_3D('',#7045,#5962,#5963);
#4559=AXIS2_PLACEMENT_3D('',#7048,#5965,#5966);
#4560=AXIS2_PLACEMENT_3D('',#7049,#5967,#5968);
#4561=AXIS2_PLACEMENT_3D('',#7050,#5969,#5970);
#4562=AXIS2_PLACEMENT_3D('',#7052,#5971,#5972);
#4563=AXIS2_PLACEMENT_3D('',#7054,#5973,#5974);
#4564=AXIS2_PLACEMENT_3D('',#7055,#5975,#5976);
#4565=AXIS2_PLACEMENT_3D('',#7058,#5978,#5979);
#4566=AXIS2_PLACEMENT_3D('',#7059,#5980,#5981);
#4567=AXIS2_PLACEMENT_3D('',#7060,#5982,#5983);
#4568=AXIS2_PLACEMENT_3D('',#7062,#5984,#5985);
#4569=AXIS2_PLACEMENT_3D('',#7064,#5987,#5988);
#4570=DIRECTION('axis',(0.,0.,1.));
#4571=DIRECTION('refdir',(1.,0.,0.));
#4572=DIRECTION('center_axis',(-4.02158220028796E-16,0.999999999999976,
-2.17856704343156E-7));
#4573=DIRECTION('ref_axis',(1.,4.02158212363673E-16,-3.51842845256725E-17));
#4574=DIRECTION('center_axis',(-4.02158220028796E-16,0.999999999999976,
-2.17856700013286E-7));
#4575=DIRECTION('ref_axis',(1.,4.02158212363673E-16,-3.51842845256725E-17));
#4576=DIRECTION('',(-4.02158220028796E-16,0.999999999999976,-2.17856704343156E-7));
#4577=DIRECTION('center_axis',(-4.02158220028796E-16,0.999999999999976,
-2.17856704343156E-7));
#4578=DIRECTION('ref_axis',(1.,4.02158212363673E-16,-3.51842845256725E-17));
#4579=DIRECTION('center_axis',(-4.02158220028796E-16,0.999999999999976,
-2.17856704343156E-7));
#4580=DIRECTION('ref_axis',(1.,4.02158212363673E-16,-3.51842845256725E-17));
#4581=DIRECTION('center_axis',(-4.02158220028796E-16,0.999999999999976,
-2.17856700013286E-7));
#4582=DIRECTION('ref_axis',(1.,4.02158212363673E-16,-3.51842845256725E-17));
#4583=DIRECTION('center_axis',(-4.02158220028796E-16,0.999999999999976,
-2.17856700013286E-7));
#4584=DIRECTION('ref_axis',(1.,4.02158212363673E-16,-3.51842845256725E-17));
#4585=DIRECTION('center_axis',(-4.02158220028796E-16,0.999999999999976,
-2.17856700013286E-7));
#4586=DIRECTION('ref_axis',(1.,4.02158212363673E-16,-3.51842845256725E-17));
#4587=DIRECTION('center_axis',(-4.02158220028796E-16,0.999999999999976,
-2.17856700013286E-7));
#4588=DIRECTION('ref_axis',(1.,4.02158212363673E-16,-3.51842845256725E-17));
#4589=DIRECTION('',(4.02158220028796E-16,-0.999999999999976,2.17856700013286E-7));
#4590=DIRECTION('center_axis',(4.02158220028796E-16,-0.999999999999976,
2.17856700013286E-7));
#4591=DIRECTION('ref_axis',(1.,4.02158212363673E-16,-3.51842845256725E-17));
#4592=DIRECTION('center_axis',(4.02158220028796E-16,-0.999999999999976,
2.17856700013286E-7));
#4593=DIRECTION('ref_axis',(-1.,-4.02158212363673E-16,3.51842845256725E-17));
#4594=DIRECTION('center_axis',(-4.02158220028796E-16,0.999999999999976,
-2.17856707757091E-7));
#4595=DIRECTION('ref_axis',(1.,4.02158212363673E-16,-3.51842845256725E-17));
#4596=DIRECTION('center_axis',(-4.02158220028796E-16,0.999999999999976,
-2.17856707757091E-7));
#4597=DIRECTION('ref_axis',(1.,4.02158212363673E-16,-3.51842845256725E-17));
#4598=DIRECTION('',(4.02158220028796E-16,-0.999999999999976,2.17856707757091E-7));
#4599=DIRECTION('center_axis',(-4.02158220028796E-16,0.999999999999976,
-2.17856707757091E-7));
#4600=DIRECTION('ref_axis',(1.,4.02158212363673E-16,-3.51842845256725E-17));
#4601=DIRECTION('center_axis',(-4.02158220028796E-16,0.999999999999976,
-2.17856704343156E-7));
#4602=DIRECTION('ref_axis',(1.,4.02158212363673E-16,-3.51842845256725E-17));
#4603=DIRECTION('center_axis',(-4.02158220028796E-16,0.999999999999976,
-2.17856700013286E-7));
#4604=DIRECTION('ref_axis',(1.,4.02158212363673E-16,-3.51842845256725E-17));
#4605=DIRECTION('',(-4.02158220028796E-16,0.999999999999976,-2.17856704343156E-7));
#4606=DIRECTION('center_axis',(-4.02158220028796E-16,0.999999999999976,
-2.17856704343156E-7));
#4607=DIRECTION('ref_axis',(1.,4.02158212363673E-16,-3.51842845256725E-17));
#4608=DIRECTION('center_axis',(-4.02158220028796E-16,0.999999999999976,
-2.17856704343156E-7));
#4609=DIRECTION('ref_axis',(1.,4.02158212363673E-16,-3.51842845256725E-17));
#4610=DIRECTION('center_axis',(-4.02158220028796E-16,0.999999999999976,
-2.17856700013286E-7));
#4611=DIRECTION('ref_axis',(1.,4.02158212363673E-16,-3.51842845256725E-17));
#4612=DIRECTION('center_axis',(-4.02158220028796E-16,0.999999999999976,
-2.17856700013286E-7));
#4613=DIRECTION('ref_axis',(1.,4.02158212363673E-16,-3.51842845256725E-17));
#4614=DIRECTION('center_axis',(-4.02158220028796E-16,0.999999999999976,
-2.17856700013286E-7));
#4615=DIRECTION('ref_axis',(1.,4.02158212363673E-16,-3.51842845256725E-17));
#4616=DIRECTION('center_axis',(-4.02158220028796E-16,0.999999999999976,
-2.17856700013286E-7));
#4617=DIRECTION('ref_axis',(1.,4.02158212363673E-16,-3.51842845256725E-17));
#4618=DIRECTION('',(4.02158220028796E-16,-0.999999999999976,2.17856700013286E-7));
#4619=DIRECTION('center_axis',(4.02158220028796E-16,-0.999999999999976,
2.17856700013286E-7));
#4620=DIRECTION('ref_axis',(1.,4.02158212363673E-16,-3.51842845256725E-17));
#4621=DIRECTION('center_axis',(4.02158220028796E-16,-0.999999999999976,
2.17856700013286E-7));
#4622=DIRECTION('ref_axis',(-1.,-4.02158212363673E-16,3.51842845256725E-17));
#4623=DIRECTION('center_axis',(-4.02158220028796E-16,0.999999999999976,
-2.17856707757091E-7));
#4624=DIRECTION('ref_axis',(1.,4.02158212363673E-16,-3.51842845256725E-17));
#4625=DIRECTION('center_axis',(-4.02158220028796E-16,0.999999999999976,
-2.17856707757091E-7));
#4626=DIRECTION('ref_axis',(1.,4.02158212363673E-16,-3.51842845256725E-17));
#4627=DIRECTION('',(4.02158220028796E-16,-0.999999999999976,2.17856707757091E-7));
#4628=DIRECTION('center_axis',(-4.02158220028796E-16,0.999999999999976,
-2.17856707757091E-7));
#4629=DIRECTION('ref_axis',(1.,4.02158212363673E-16,-3.51842845256725E-17));
#4630=DIRECTION('center_axis',(1.,4.02158212363673E-16,-3.51842845256725E-17));
#4631=DIRECTION('ref_axis',(-4.02158212363673E-16,0.984807753012208,-0.17364817766693));
#4632=DIRECTION('center_axis',(1.,4.02158212363673E-16,-3.51842845256725E-17));
#4633=DIRECTION('ref_axis',(-4.02158212363673E-16,0.984807753012208,-0.17364817766693));
#4634=DIRECTION('',(1.,4.02158212363673E-16,-3.51842845256725E-17));
#4635=DIRECTION('center_axis',(1.,4.02158212363673E-16,-3.51842845256725E-17));
#4636=DIRECTION('ref_axis',(-4.02158212363673E-16,0.984807753012208,-0.17364817766693));
#4637=DIRECTION('center_axis',(1.,4.02158212363673E-16,-3.51842845256725E-17));
#4638=DIRECTION('ref_axis',(-4.02158212363673E-16,0.984807753012208,-0.17364817766693));
#4639=DIRECTION('center_axis',(1.,4.02158212363673E-16,-3.51842845256725E-17));
#4640=DIRECTION('ref_axis',(-4.02158212363673E-16,0.984807753012208,-0.17364817766693));
#4641=DIRECTION('center_axis',(1.,4.02158212363673E-16,-3.51842845256725E-17));
#4642=DIRECTION('ref_axis',(-4.02158212363673E-16,0.984807753012208,-0.17364817766693));
#4643=DIRECTION('center_axis',(1.,4.02158212363673E-16,-3.51842845256725E-17));
#4644=DIRECTION('ref_axis',(-4.02158212363673E-16,0.984807753012208,-0.17364817766693));
#4645=DIRECTION('center_axis',(1.,4.02158212363673E-16,-3.51842845256725E-17));
#4646=DIRECTION('ref_axis',(-4.02158212363673E-16,0.984807753012208,-0.17364817766693));
#4647=DIRECTION('',(-1.,-4.02158212363673E-16,3.51842845256725E-17));
#4648=DIRECTION('center_axis',(-1.,-4.02158212363673E-16,3.51842845256725E-17));
#4649=DIRECTION('ref_axis',(-4.02158212363673E-16,0.984807753012208,-0.17364817766693));
#4650=DIRECTION('center_axis',(-1.,-4.02158212363673E-16,3.51842845256725E-17));
#4651=DIRECTION('ref_axis',(4.02158212363673E-16,-0.984807753012208,0.17364817766693));
#4652=DIRECTION('center_axis',(1.,4.02158212363673E-16,-3.51842845256725E-17));
#4653=DIRECTION('ref_axis',(-4.02158212363673E-16,0.984807753012208,-0.17364817766693));
#4654=DIRECTION('center_axis',(1.,4.02158212363673E-16,-3.51842845256725E-17));
#4655=DIRECTION('ref_axis',(-4.02158212363673E-16,0.984807753012208,-0.17364817766693));
#4656=DIRECTION('',(-1.,-4.02158212363673E-16,3.51842845256725E-17));
#4657=DIRECTION('center_axis',(1.,4.02158212363673E-16,-3.51842845256725E-17));
#4658=DIRECTION('ref_axis',(-4.02158212363673E-16,0.984807753012208,-0.17364817766693));
#4659=DIRECTION('center_axis',(1.,4.02158212363673E-16,-3.51842845256725E-17));
#4660=DIRECTION('ref_axis',(-4.02158212363673E-16,0.984807753012208,-0.17364817766693));
#4661=DIRECTION('center_axis',(1.,4.02158212363673E-16,-3.51842845256725E-17));
#4662=DIRECTION('ref_axis',(-4.02158212363673E-16,0.984807753012208,-0.17364817766693));
#4663=DIRECTION('',(1.,4.02158212363673E-16,-3.51842845256725E-17));
#4664=DIRECTION('center_axis',(1.,4.02158212363673E-16,-3.51842845256725E-17));
#4665=DIRECTION('ref_axis',(-4.02158212363673E-16,0.984807753012208,-0.17364817766693));
#4666=DIRECTION('center_axis',(1.,4.02158212363673E-16,-3.51842845256725E-17));
#4667=DIRECTION('ref_axis',(-4.02158212363673E-16,0.984807753012208,-0.17364817766693));
#4668=DIRECTION('center_axis',(1.,4.02158212363673E-16,-3.51842845256725E-17));
#4669=DIRECTION('ref_axis',(-4.02158212363673E-16,0.984807753012208,-0.17364817766693));
#4670=DIRECTION('center_axis',(1.,4.02158212363673E-16,-3.51842845256725E-17));
#4671=DIRECTION('ref_axis',(-4.02158212363673E-16,0.984807753012208,-0.17364817766693));
#4672=DIRECTION('center_axis',(1.,4.02158212363673E-16,-3.51842845256725E-17));
#4673=DIRECTION('ref_axis',(-4.02158212363673E-16,0.984807753012208,-0.17364817766693));
#4674=DIRECTION('center_axis',(1.,4.02158212363673E-16,-3.51842845256725E-17));
#4675=DIRECTION('ref_axis',(-4.02158212363673E-16,0.984807753012208,-0.17364817766693));
#4676=DIRECTION('',(-1.,-4.02158212363673E-16,3.51842845256725E-17));
#4677=DIRECTION('center_axis',(-1.,-4.02158212363673E-16,3.51842845256725E-17));
#4678=DIRECTION('ref_axis',(-4.02158212363673E-16,0.984807753012208,-0.17364817766693));
#4679=DIRECTION('center_axis',(-1.,-4.02158212363673E-16,3.51842845256725E-17));
#4680=DIRECTION('ref_axis',(4.02158212363673E-16,-0.984807753012208,0.17364817766693));
#4681=DIRECTION('center_axis',(1.,4.02158212363673E-16,-3.51842845256725E-17));
#4682=DIRECTION('ref_axis',(-4.02158212363673E-16,0.984807753012208,-0.17364817766693));
#4683=DIRECTION('center_axis',(1.,4.02158212363673E-16,-3.51842845256725E-17));
#4684=DIRECTION('ref_axis',(-4.02158212363673E-16,0.984807753012208,-0.17364817766693));
#4685=DIRECTION('',(-1.,-4.02158212363673E-16,3.51842845256725E-17));
#4686=DIRECTION('center_axis',(1.,4.02158212363673E-16,-3.51842845256725E-17));
#4687=DIRECTION('ref_axis',(-4.02158212363673E-16,0.984807753012208,-0.17364817766693));
#4688=DIRECTION('center_axis',(1.,4.02158212363673E-16,-3.51842845256725E-17));
#4689=DIRECTION('ref_axis',(-4.02158212363673E-16,0.984807753012208,-0.17364817766693));
#4690=DIRECTION('center_axis',(1.,4.02158212363673E-16,-3.51842845256725E-17));
#4691=DIRECTION('ref_axis',(-4.02158212363673E-16,0.984807753012208,-0.17364817766693));
#4692=DIRECTION('',(1.,4.02158212363673E-16,-3.51842845256725E-17));
#4693=DIRECTION('center_axis',(1.,4.02158212363673E-16,-3.51842845256725E-17));
#4694=DIRECTION('ref_axis',(-4.02158212363673E-16,0.984807753012208,-0.17364817766693));
#4695=DIRECTION('center_axis',(1.,4.02158212363673E-16,-3.51842845256725E-17));
#4696=DIRECTION('ref_axis',(-4.02158212363673E-16,0.984807753012208,-0.17364817766693));
#4697=DIRECTION('center_axis',(1.,4.02158212363673E-16,-3.51842845256725E-17));
#4698=DIRECTION('ref_axis',(-4.02158212363673E-16,0.984807753012208,-0.17364817766693));
#4699=DIRECTION('center_axis',(1.,4.02158212363673E-16,-3.51842845256725E-17));
#4700=DIRECTION('ref_axis',(-4.02158212363673E-16,0.984807753012208,-0.17364817766693));
#4701=DIRECTION('center_axis',(1.,4.02158212363673E-16,-3.51842845256725E-17));
#4702=DIRECTION('ref_axis',(-4.02158212363673E-16,0.984807753012208,-0.17364817766693));
#4703=DIRECTION('center_axis',(1.,4.02158212363673E-16,-3.51842845256725E-17));
#4704=DIRECTION('ref_axis',(-4.02158212363673E-16,0.984807753012208,-0.17364817766693));
#4705=DIRECTION('',(-1.,-4.02158212363673E-16,3.51842845256725E-17));
#4706=DIRECTION('center_axis',(-1.,-4.02158212363673E-16,3.51842845256725E-17));
#4707=DIRECTION('ref_axis',(-4.02158212363673E-16,0.984807753012208,-0.17364817766693));
#4708=DIRECTION('center_axis',(-1.,-4.02158212363673E-16,3.51842845256725E-17));
#4709=DIRECTION('ref_axis',(4.02158212363673E-16,-0.984807753012208,0.17364817766693));
#4710=DIRECTION('center_axis',(1.,4.02158212363673E-16,-3.51842845256725E-17));
#4711=DIRECTION('ref_axis',(-4.02158212363673E-16,0.984807753012208,-0.17364817766693));
#4712=DIRECTION('center_axis',(1.,4.02158212363673E-16,-3.51842845256725E-17));
#4713=DIRECTION('ref_axis',(-4.02158212363673E-16,0.984807753012208,-0.17364817766693));
#4714=DIRECTION('',(-1.,-4.02158212363673E-16,3.51842845256725E-17));
#4715=DIRECTION('center_axis',(1.,4.02158212363673E-16,-3.51842845256725E-17));
#4716=DIRECTION('ref_axis',(-4.02158212363673E-16,0.984807753012208,-0.17364817766693));
#4717=DIRECTION('center_axis',(1.,4.02158212363673E-16,-3.51842845256725E-17));
#4718=DIRECTION('ref_axis',(-4.02158212363673E-16,0.984807753012208,-0.17364817766693));
#4719=DIRECTION('center_axis',(1.,4.02158212363673E-16,-3.51842845256725E-17));
#4720=DIRECTION('ref_axis',(-4.02158212363673E-16,0.984807753012208,-0.17364817766693));
#4721=DIRECTION('',(1.,4.02158212363673E-16,-3.51842845256725E-17));
#4722=DIRECTION('center_axis',(1.,4.02158212363673E-16,-3.51842845256725E-17));
#4723=DIRECTION('ref_axis',(-4.02158212363673E-16,0.984807753012208,-0.17364817766693));
#4724=DIRECTION('center_axis',(1.,4.02158212363673E-16,-3.51842845256725E-17));
#4725=DIRECTION('ref_axis',(-4.02158212363673E-16,0.984807753012208,-0.17364817766693));
#4726=DIRECTION('center_axis',(1.,4.02158212363673E-16,-3.51842845256725E-17));
#4727=DIRECTION('ref_axis',(-4.02158212363673E-16,0.984807753012208,-0.17364817766693));
#4728=DIRECTION('center_axis',(1.,4.02158212363673E-16,-3.51842845256725E-17));
#4729=DIRECTION('ref_axis',(-4.02158212363673E-16,0.984807753012208,-0.17364817766693));
#4730=DIRECTION('center_axis',(1.,4.02158212363673E-16,-3.51842845256725E-17));
#4731=DIRECTION('ref_axis',(-4.02158212363673E-16,0.984807753012208,-0.17364817766693));
#4732=DIRECTION('center_axis',(1.,4.02158212363673E-16,-3.51842845256725E-17));
#4733=DIRECTION('ref_axis',(-4.02158212363673E-16,0.984807753012208,-0.17364817766693));
#4734=DIRECTION('',(-1.,-4.02158212363673E-16,3.51842845256725E-17));
#4735=DIRECTION('center_axis',(-1.,-4.02158212363673E-16,3.51842845256725E-17));
#4736=DIRECTION('ref_axis',(-4.02158212363673E-16,0.984807753012208,-0.17364817766693));
#4737=DIRECTION('center_axis',(-1.,-4.02158212363673E-16,3.51842845256725E-17));
#4738=DIRECTION('ref_axis',(4.02158212363673E-16,-0.984807753012208,0.17364817766693));
#4739=DIRECTION('center_axis',(1.,4.02158212363673E-16,-3.51842845256725E-17));
#4740=DIRECTION('ref_axis',(-4.02158212363673E-16,0.984807753012208,-0.17364817766693));
#4741=DIRECTION('center_axis',(1.,4.02158212363673E-16,-3.51842845256725E-17));
#4742=DIRECTION('ref_axis',(-4.02158212363673E-16,0.984807753012208,-0.17364817766693));
#4743=DIRECTION('',(-1.,-4.02158212363673E-16,3.51842845256725E-17));
#4744=DIRECTION('center_axis',(1.,4.02158212363673E-16,-3.51842845256725E-17));
#4745=DIRECTION('ref_axis',(-4.02158212363673E-16,0.984807753012208,-0.17364817766693));
#4746=DIRECTION('center_axis',(-4.02158212363673E-16,0.984807753012208,
-0.17364817766693));
#4747=DIRECTION('ref_axis',(1.,4.02158212363673E-16,-3.51842845256725E-17));
#4748=DIRECTION('center_axis',(-4.02158212363673E-16,0.984807753012208,
-0.17364817766693));
#4749=DIRECTION('ref_axis',(1.,4.02158212363673E-16,-3.51842845256725E-17));
#4750=DIRECTION('',(-4.02158212363673E-16,0.984807753012208,-0.17364817766693));
#4751=DIRECTION('center_axis',(-4.02158212363673E-16,0.984807753012208,
-0.17364817766693));
#4752=DIRECTION('ref_axis',(1.,4.02158212363673E-16,-3.51842845256725E-17));
#4753=DIRECTION('center_axis',(-4.02158212363673E-16,0.984807753012208,
-0.17364817766693));
#4754=DIRECTION('ref_axis',(1.,4.02158212363673E-16,-3.51842845256725E-17));
#4755=DIRECTION('center_axis',(-4.02158212363673E-16,0.984807753012208,
-0.17364817766693));
#4756=DIRECTION('ref_axis',(1.,4.02158212363673E-16,-3.51842845256725E-17));
#4757=DIRECTION('center_axis',(-4.02158212363673E-16,0.984807753012208,
-0.17364817766693));
#4758=DIRECTION('ref_axis',(1.,4.02158212363673E-16,-3.51842845256725E-17));
#4759=DIRECTION('center_axis',(-4.02158212363673E-16,0.984807753012208,
-0.17364817766693));
#4760=DIRECTION('ref_axis',(1.,4.02158212363673E-16,-3.51842845256725E-17));
#4761=DIRECTION('center_axis',(-4.02158212363673E-16,0.984807753012208,
-0.17364817766693));
#4762=DIRECTION('ref_axis',(1.,4.02158212363673E-16,-3.51842845256725E-17));
#4763=DIRECTION('',(4.02158212363673E-16,-0.984807753012208,0.17364817766693));
#4764=DIRECTION('center_axis',(4.02158212363673E-16,-0.984807753012208,
0.17364817766693));
#4765=DIRECTION('ref_axis',(1.,4.02158212363673E-16,-3.51842845256725E-17));
#4766=DIRECTION('center_axis',(4.02158212363673E-16,-0.984807753012208,
0.17364817766693));
#4767=DIRECTION('ref_axis',(-1.,-4.02158212363673E-16,3.51842845256725E-17));
#4768=DIRECTION('center_axis',(-4.02158212363673E-16,0.984807753012208,
-0.17364817766693));
#4769=DIRECTION('ref_axis',(1.,4.02158212363673E-16,-3.51842845256725E-17));
#4770=DIRECTION('center_axis',(-4.02158212363673E-16,0.984807753012208,
-0.17364817766693));
#4771=DIRECTION('ref_axis',(1.,4.02158212363673E-16,-3.51842845256725E-17));
#4772=DIRECTION('',(4.02158212363673E-16,-0.984807753012208,0.17364817766693));
#4773=DIRECTION('center_axis',(-4.02158212363673E-16,0.984807753012208,
-0.17364817766693));
#4774=DIRECTION('ref_axis',(1.,4.02158212363673E-16,-3.51842845256725E-17));
#4775=DIRECTION('center_axis',(-4.02158212363673E-16,0.984807753012208,
-0.17364817766693));
#4776=DIRECTION('ref_axis',(1.,4.02158212363673E-16,-3.51842845256725E-17));
#4777=DIRECTION('center_axis',(-4.02158212363673E-16,0.984807753012208,
-0.17364817766693));
#4778=DIRECTION('ref_axis',(1.,4.02158212363673E-16,-3.51842845256725E-17));
#4779=DIRECTION('',(-4.02158212363673E-16,0.984807753012208,-0.17364817766693));
#4780=DIRECTION('center_axis',(-4.02158212363673E-16,0.984807753012208,
-0.17364817766693));
#4781=DIRECTION('ref_axis',(1.,4.02158212363673E-16,-3.51842845256725E-17));
#4782=DIRECTION('center_axis',(-4.02158212363673E-16,0.984807753012208,
-0.17364817766693));
#4783=DIRECTION('ref_axis',(1.,4.02158212363673E-16,-3.51842845256725E-17));
#4784=DIRECTION('center_axis',(-4.02158212363673E-16,0.984807753012208,
-0.17364817766693));
#4785=DIRECTION('ref_axis',(1.,4.02158212363673E-16,-3.51842845256725E-17));
#4786=DIRECTION('center_axis',(-4.02158212363673E-16,0.984807753012208,
-0.17364817766693));
#4787=DIRECTION('ref_axis',(1.,4.02158212363673E-16,-3.51842845256725E-17));
#4788=DIRECTION('center_axis',(-4.02158212363673E-16,0.984807753012208,
-0.17364817766693));
#4789=DIRECTION('ref_axis',(1.,4.02158212363673E-16,-3.51842845256725E-17));
#4790=DIRECTION('center_axis',(-4.02158212363673E-16,0.984807753012208,
-0.17364817766693));
#4791=DIRECTION('ref_axis',(1.,4.02158212363673E-16,-3.51842845256725E-17));
#4792=DIRECTION('',(4.02158212363673E-16,-0.984807753012208,0.17364817766693));
#4793=DIRECTION('center_axis',(4.02158212363673E-16,-0.984807753012208,
0.17364817766693));
#4794=DIRECTION('ref_axis',(1.,4.02158212363673E-16,-3.51842845256725E-17));
#4795=DIRECTION('center_axis',(4.02158212363673E-16,-0.984807753012208,
0.17364817766693));
#4796=DIRECTION('ref_axis',(-1.,-4.02158212363673E-16,3.51842845256725E-17));
#4797=DIRECTION('center_axis',(-4.02158212363673E-16,0.984807753012208,
-0.17364817766693));
#4798=DIRECTION('ref_axis',(1.,4.02158212363673E-16,-3.51842845256725E-17));
#4799=DIRECTION('center_axis',(-4.02158212363673E-16,0.984807753012208,
-0.17364817766693));
#4800=DIRECTION('ref_axis',(1.,4.02158212363673E-16,-3.51842845256725E-17));
#4801=DIRECTION('',(4.02158212363673E-16,-0.984807753012208,0.17364817766693));
#4802=DIRECTION('center_axis',(-4.02158212363673E-16,0.984807753012208,
-0.17364817766693));
#4803=DIRECTION('ref_axis',(1.,4.02158212363673E-16,-3.51842845256725E-17));
#4804=DIRECTION('center_axis',(-4.02158212363673E-16,0.984807753012208,
-0.17364817766693));
#4805=DIRECTION('ref_axis',(1.,4.02158212363673E-16,-3.51842845256725E-17));
#4806=DIRECTION('center_axis',(-4.02158212363673E-16,0.984807753012208,
-0.17364817766693));
#4807=DIRECTION('ref_axis',(1.,4.02158212363673E-16,-3.51842845256725E-17));
#4808=DIRECTION('',(-4.02158212363673E-16,0.984807753012208,-0.17364817766693));
#4809=DIRECTION('center_axis',(-4.02158212363673E-16,0.984807753012208,
-0.17364817766693));
#4810=DIRECTION('ref_axis',(1.,4.02158212363673E-16,-3.51842845256725E-17));
#4811=DIRECTION('center_axis',(-4.02158212363673E-16,0.984807753012208,
-0.17364817766693));
#4812=DIRECTION('ref_axis',(1.,4.02158212363673E-16,-3.51842845256725E-17));
#4813=DIRECTION('center_axis',(-4.02158212363673E-16,0.984807753012208,
-0.17364817766693));
#4814=DIRECTION('ref_axis',(1.,4.02158212363673E-16,-3.51842845256725E-17));
#4815=DIRECTION('center_axis',(-4.02158212363673E-16,0.984807753012208,
-0.17364817766693));
#4816=DIRECTION('ref_axis',(1.,4.02158212363673E-16,-3.51842845256725E-17));
#4817=DIRECTION('center_axis',(-4.02158212363673E-16,0.984807753012208,
-0.17364817766693));
#4818=DIRECTION('ref_axis',(1.,4.02158212363673E-16,-3.51842845256725E-17));
#4819=DIRECTION('center_axis',(-4.02158212363673E-16,0.984807753012208,
-0.17364817766693));
#4820=DIRECTION('ref_axis',(1.,4.02158212363673E-16,-3.51842845256725E-17));
#4821=DIRECTION('',(4.02158212363673E-16,-0.984807753012208,0.17364817766693));
#4822=DIRECTION('center_axis',(4.02158212363673E-16,-0.984807753012208,
0.17364817766693));
#4823=DIRECTION('ref_axis',(1.,4.02158212363673E-16,-3.51842845256725E-17));
#4824=DIRECTION('center_axis',(4.02158212363673E-16,-0.984807753012208,
0.17364817766693));
#4825=DIRECTION('ref_axis',(-1.,-4.02158212363673E-16,3.51842845256725E-17));
#4826=DIRECTION('center_axis',(-4.02158212363673E-16,0.984807753012208,
-0.17364817766693));
#4827=DIRECTION('ref_axis',(1.,4.02158212363673E-16,-3.51842845256725E-17));
#4828=DIRECTION('center_axis',(-4.02158212363673E-16,0.984807753012208,
-0.17364817766693));
#4829=DIRECTION('ref_axis',(1.,4.02158212363673E-16,-3.51842845256725E-17));
#4830=DIRECTION('',(4.02158212363673E-16,-0.984807753012208,0.17364817766693));
#4831=DIRECTION('center_axis',(-4.02158212363673E-16,0.984807753012208,
-0.17364817766693));
#4832=DIRECTION('ref_axis',(1.,4.02158212363673E-16,-3.51842845256725E-17));
#4833=DIRECTION('center_axis',(-4.02158212363673E-16,0.984807753012208,
-0.17364817766693));
#4834=DIRECTION('ref_axis',(1.,4.02158212363673E-16,-3.51842845256725E-17));
#4835=DIRECTION('center_axis',(-4.02158212363673E-16,0.984807753012208,
-0.17364817766693));
#4836=DIRECTION('ref_axis',(1.,4.02158212363673E-16,-3.51842845256725E-17));
#4837=DIRECTION('',(-4.02158212363673E-16,0.984807753012208,-0.17364817766693));
#4838=DIRECTION('center_axis',(-4.02158212363673E-16,0.984807753012208,
-0.17364817766693));
#4839=DIRECTION('ref_axis',(1.,4.02158212363673E-16,-3.51842845256725E-17));
#4840=DIRECTION('center_axis',(-4.02158212363673E-16,0.984807753012208,
-0.17364817766693));
#4841=DIRECTION('ref_axis',(1.,4.02158212363673E-16,-3.51842845256725E-17));
#4842=DIRECTION('center_axis',(-4.02158212363673E-16,0.984807753012208,
-0.17364817766693));
#4843=DIRECTION('ref_axis',(1.,4.02158212363673E-16,-3.51842845256725E-17));
#4844=DIRECTION('center_axis',(-4.02158212363673E-16,0.984807753012208,
-0.17364817766693));
#4845=DIRECTION('ref_axis',(1.,4.02158212363673E-16,-3.51842845256725E-17));
#4846=DIRECTION('center_axis',(-4.02158212363673E-16,0.984807753012208,
-0.17364817766693));
#4847=DIRECTION('ref_axis',(1.,4.02158212363673E-16,-3.51842845256725E-17));
#4848=DIRECTION('center_axis',(-4.02158212363673E-16,0.984807753012208,
-0.17364817766693));
#4849=DIRECTION('ref_axis',(1.,4.02158212363673E-16,-3.51842845256725E-17));
#4850=DIRECTION('',(4.02158212363673E-16,-0.984807753012208,0.17364817766693));
#4851=DIRECTION('center_axis',(4.02158212363673E-16,-0.984807753012208,
0.17364817766693));
#4852=DIRECTION('ref_axis',(1.,4.02158212363673E-16,-3.51842845256725E-17));
#4853=DIRECTION('center_axis',(4.02158212363673E-16,-0.984807753012208,
0.17364817766693));
#4854=DIRECTION('ref_axis',(-1.,-4.02158212363673E-16,3.51842845256725E-17));
#4855=DIRECTION('center_axis',(-4.02158212363673E-16,0.984807753012208,
-0.17364817766693));
#4856=DIRECTION('ref_axis',(1.,4.02158212363673E-16,-3.51842845256725E-17));
#4857=DIRECTION('center_axis',(-4.02158212363673E-16,0.984807753012208,
-0.17364817766693));
#4858=DIRECTION('ref_axis',(1.,4.02158212363673E-16,-3.51842845256725E-17));
#4859=DIRECTION('',(4.02158212363673E-16,-0.984807753012208,0.17364817766693));
#4860=DIRECTION('center_axis',(-4.02158212363673E-16,0.984807753012208,
-0.17364817766693));
#4861=DIRECTION('ref_axis',(1.,4.02158212363673E-16,-3.51842845256725E-17));
#4862=DIRECTION('center_axis',(4.02158212363673E-16,-0.984807753012208,
0.17364817766693));
#4863=DIRECTION('ref_axis',(1.,4.02158212363673E-16,-3.51842845256725E-17));
#4864=DIRECTION('center_axis',(4.02158212363673E-16,-0.984807753012208,
0.17364817766693));
#4865=DIRECTION('ref_axis',(1.,4.02158212363673E-16,-3.51842845256725E-17));
#4866=DIRECTION('center_axis',(4.02158212363673E-16,-0.984807753012208,
0.17364817766693));
#4867=DIRECTION('ref_axis',(1.,4.02158212363673E-16,-3.51842845256725E-17));
#4868=DIRECTION('center_axis',(4.02158212363673E-16,-0.984807753012208,
0.17364817766693));
#4869=DIRECTION('ref_axis',(1.,4.02158212363673E-16,-3.51842845256725E-17));
#4870=DIRECTION('',(4.02158212363673E-16,-0.984807753012208,0.17364817766693));
#4871=DIRECTION('center_axis',(4.02158212363673E-16,-0.984807753012208,
0.17364817766693));
#4872=DIRECTION('ref_axis',(1.,4.02158212363673E-16,-3.51842845256725E-17));
#4873=DIRECTION('center_axis',(4.02158212363673E-16,-0.984807753012208,
0.17364817766693));
#4874=DIRECTION('ref_axis',(1.,4.02158212363673E-16,-3.51842845256725E-17));
#4875=DIRECTION('center_axis',(4.02158212363673E-16,-0.984807753012208,
0.17364817766693));
#4876=DIRECTION('ref_axis',(1.,4.02158212363673E-16,-3.51842845256725E-17));
#4877=DIRECTION('center_axis',(4.02158212363673E-16,-0.984807753012208,
0.17364817766693));
#4878=DIRECTION('ref_axis',(1.,4.02158212363673E-16,-3.51842845256725E-17));
#4879=DIRECTION('center_axis',(4.02158212363673E-16,-0.984807753012208,
0.17364817766693));
#4880=DIRECTION('ref_axis',(1.,4.02158212363673E-16,-3.51842845256725E-17));
#4881=DIRECTION('center_axis',(4.02158212363673E-16,-0.984807753012208,
0.17364817766693));
#4882=DIRECTION('ref_axis',(1.,4.02158212363673E-16,-3.51842845256725E-17));
#4883=DIRECTION('',(-4.02158212363673E-16,0.984807753012208,-0.17364817766693));
#4884=DIRECTION('center_axis',(-4.02158212363673E-16,0.984807753012208,
-0.17364817766693));
#4885=DIRECTION('ref_axis',(1.,4.02158212363673E-16,-3.51842845256725E-17));
#4886=DIRECTION('center_axis',(-4.02158212363673E-16,0.984807753012208,
-0.17364817766693));
#4887=DIRECTION('ref_axis',(-1.,-4.02158212363673E-16,3.51842845256725E-17));
#4888=DIRECTION('center_axis',(4.02158212363673E-16,-0.984807753012208,
0.17364817766693));
#4889=DIRECTION('ref_axis',(1.,4.02158212363673E-16,-3.51842845256725E-17));
#4890=DIRECTION('',(-4.02158212363673E-16,0.984807753012208,-0.17364817766693));
#4891=DIRECTION('center_axis',(4.02158212363673E-16,-0.984807753012208,
0.17364817766693));
#4892=DIRECTION('ref_axis',(1.,4.02158212363673E-16,-3.51842845256725E-17));
#4893=DIRECTION('center_axis',(4.02158212363673E-16,-0.984807753012208,
0.17364817766693));
#4894=DIRECTION('ref_axis',(1.,4.02158212363673E-16,-3.51842845256725E-17));
#4895=DIRECTION('center_axis',(4.02158212363673E-16,-0.984807753012208,
0.17364817766693));
#4896=DIRECTION('ref_axis',(1.,4.02158212363673E-16,-3.51842845256725E-17));
#4897=DIRECTION('center_axis',(4.02158212363673E-16,-0.984807753012208,
0.17364817766693));
#4898=DIRECTION('ref_axis',(1.,4.02158212363673E-16,-3.51842845256725E-17));
#4899=DIRECTION('',(4.02158212363673E-16,-0.984807753012208,0.17364817766693));
#4900=DIRECTION('center_axis',(4.02158212363673E-16,-0.984807753012208,
0.17364817766693));
#4901=DIRECTION('ref_axis',(1.,4.02158212363673E-16,-3.51842845256725E-17));
#4902=DIRECTION('center_axis',(4.02158212363673E-16,-0.984807753012208,
0.17364817766693));
#4903=DIRECTION('ref_axis',(1.,4.02158212363673E-16,-3.51842845256725E-17));
#4904=DIRECTION('center_axis',(4.02158212363673E-16,-0.984807753012208,
0.17364817766693));
#4905=DIRECTION('ref_axis',(1.,4.02158212363673E-16,-3.51842845256725E-17));
#4906=DIRECTION('center_axis',(4.02158212363673E-16,-0.984807753012208,
0.17364817766693));
#4907=DIRECTION('ref_axis',(1.,4.02158212363673E-16,-3.51842845256725E-17));
#4908=DIRECTION('center_axis',(4.02158212363673E-16,-0.984807753012208,
0.17364817766693));
#4909=DIRECTION('ref_axis',(1.,4.02158212363673E-16,-3.51842845256725E-17));
#4910=DIRECTION('center_axis',(4.02158212363673E-16,-0.984807753012208,
0.17364817766693));
#4911=DIRECTION('ref_axis',(1.,4.02158212363673E-16,-3.51842845256725E-17));
#4912=DIRECTION('',(-4.02158212363673E-16,0.984807753012208,-0.17364817766693));
#4913=DIRECTION('center_axis',(-4.02158212363673E-16,0.984807753012208,
-0.17364817766693));
#4914=DIRECTION('ref_axis',(1.,4.02158212363673E-16,-3.51842845256725E-17));
#4915=DIRECTION('center_axis',(-4.02158212363673E-16,0.984807753012208,
-0.17364817766693));
#4916=DIRECTION('ref_axis',(-1.,-4.02158212363673E-16,3.51842845256725E-17));
#4917=DIRECTION('center_axis',(4.02158212363673E-16,-0.984807753012208,
0.17364817766693));
#4918=DIRECTION('ref_axis',(1.,4.02158212363673E-16,-3.51842845256725E-17));
#4919=DIRECTION('',(-4.02158212363673E-16,0.984807753012208,-0.17364817766693));
#4920=DIRECTION('center_axis',(4.02158212363673E-16,-0.984807753012208,
0.17364817766693));
#4921=DIRECTION('ref_axis',(1.,4.02158212363673E-16,-3.51842845256725E-17));
#4922=DIRECTION('center_axis',(4.02158212363673E-16,-0.984807753012208,
0.17364817766693));
#4923=DIRECTION('ref_axis',(1.,4.02158212363673E-16,-3.51842845256725E-17));
#4924=DIRECTION('center_axis',(4.02158212363673E-16,-0.984807753012208,
0.17364817766693));
#4925=DIRECTION('ref_axis',(1.,4.02158212363673E-16,-3.51842845256725E-17));
#4926=DIRECTION('center_axis',(4.02158212363673E-16,-0.984807753012208,
0.17364817766693));
#4927=DIRECTION('ref_axis',(1.,4.02158212363673E-16,-3.51842845256725E-17));
#4928=DIRECTION('',(4.02158212363673E-16,-0.984807753012208,0.17364817766693));
#4929=DIRECTION('center_axis',(4.02158212363673E-16,-0.984807753012208,
0.17364817766693));
#4930=DIRECTION('ref_axis',(1.,4.02158212363673E-16,-3.51842845256725E-17));
#4931=DIRECTION('center_axis',(4.02158212363673E-16,-0.984807753012208,
0.17364817766693));
#4932=DIRECTION('ref_axis',(1.,4.02158212363673E-16,-3.51842845256725E-17));
#4933=DIRECTION('center_axis',(4.02158212363673E-16,-0.984807753012208,
0.17364817766693));
#4934=DIRECTION('ref_axis',(1.,4.02158212363673E-16,-3.51842845256725E-17));
#4935=DIRECTION('center_axis',(4.02158212363673E-16,-0.984807753012208,
0.17364817766693));
#4936=DIRECTION('ref_axis',(1.,4.02158212363673E-16,-3.51842845256725E-17));
#4937=DIRECTION('center_axis',(4.02158212363673E-16,-0.984807753012208,
0.17364817766693));
#4938=DIRECTION('ref_axis',(1.,4.02158212363673E-16,-3.51842845256725E-17));
#4939=DIRECTION('center_axis',(4.02158212363673E-16,-0.984807753012208,
0.17364817766693));
#4940=DIRECTION('ref_axis',(1.,4.02158212363673E-16,-3.51842845256725E-17));
#4941=DIRECTION('',(-4.02158212363673E-16,0.984807753012208,-0.17364817766693));
#4942=DIRECTION('center_axis',(-4.02158212363673E-16,0.984807753012208,
-0.17364817766693));
#4943=DIRECTION('ref_axis',(1.,4.02158212363673E-16,-3.51842845256725E-17));
#4944=DIRECTION('center_axis',(-4.02158212363673E-16,0.984807753012208,
-0.17364817766693));
#4945=DIRECTION('ref_axis',(-1.,-4.02158212363673E-16,3.51842845256725E-17));
#4946=DIRECTION('center_axis',(4.02158212363673E-16,-0.984807753012208,
0.17364817766693));
#4947=DIRECTION('ref_axis',(1.,4.02158212363673E-16,-3.51842845256725E-17));
#4948=DIRECTION('',(-4.02158212363673E-16,0.984807753012208,-0.17364817766693));
#4949=DIRECTION('center_axis',(4.02158212363673E-16,-0.984807753012208,
0.17364817766693));
#4950=DIRECTION('ref_axis',(1.,4.02158212363673E-16,-3.51842845256725E-17));
#4951=DIRECTION('center_axis',(4.02158212363673E-16,-0.984807753012208,
0.17364817766693));
#4952=DIRECTION('ref_axis',(1.,4.02158212363673E-16,-3.51842845256725E-17));
#4953=DIRECTION('center_axis',(4.02158212363673E-16,-0.984807753012208,
0.17364817766693));
#4954=DIRECTION('ref_axis',(1.,4.02158212363673E-16,-3.51842845256725E-17));
#4955=DIRECTION('center_axis',(4.02158212363673E-16,-0.984807753012208,
0.17364817766693));
#4956=DIRECTION('ref_axis',(1.,4.02158212363673E-16,-3.51842845256725E-17));
#4957=DIRECTION('',(4.02158212363673E-16,-0.984807753012208,0.17364817766693));
#4958=DIRECTION('center_axis',(4.02158212363673E-16,-0.984807753012208,
0.17364817766693));
#4959=DIRECTION('ref_axis',(1.,4.02158212363673E-16,-3.51842845256725E-17));
#4960=DIRECTION('center_axis',(4.02158212363673E-16,-0.984807753012208,
0.17364817766693));
#4961=DIRECTION('ref_axis',(1.,4.02158212363673E-16,-3.51842845256725E-17));
#4962=DIRECTION('center_axis',(4.02158212363673E-16,-0.984807753012208,
0.17364817766693));
#4963=DIRECTION('ref_axis',(1.,4.02158212363673E-16,-3.51842845256725E-17));
#4964=DIRECTION('center_axis',(4.02158212363673E-16,-0.984807753012208,
0.17364817766693));
#4965=DIRECTION('ref_axis',(1.,4.02158212363673E-16,-3.51842845256725E-17));
#4966=DIRECTION('center_axis',(4.02158212363673E-16,-0.984807753012208,
0.17364817766693));
#4967=DIRECTION('ref_axis',(1.,4.02158212363673E-16,-3.51842845256725E-17));
#4968=DIRECTION('center_axis',(4.02158212363673E-16,-0.984807753012208,
0.17364817766693));
#4969=DIRECTION('ref_axis',(1.,4.02158212363673E-16,-3.51842845256725E-17));
#4970=DIRECTION('',(-4.02158212363673E-16,0.984807753012208,-0.17364817766693));
#4971=DIRECTION('center_axis',(-4.02158212363673E-16,0.984807753012208,
-0.17364817766693));
#4972=DIRECTION('ref_axis',(1.,4.02158212363673E-16,-3.51842845256725E-17));
#4973=DIRECTION('center_axis',(-4.02158212363673E-16,0.984807753012208,
-0.17364817766693));
#4974=DIRECTION('ref_axis',(-1.,-4.02158212363673E-16,3.51842845256725E-17));
#4975=DIRECTION('center_axis',(4.02158212363673E-16,-0.984807753012208,
0.17364817766693));
#4976=DIRECTION('ref_axis',(1.,4.02158212363673E-16,-3.51842845256725E-17));
#4977=DIRECTION('',(-4.02158212363673E-16,0.984807753012208,-0.17364817766693));
#4978=DIRECTION('center_axis',(-4.01482920479297E-16,0.999847698958492,
0.0174521886137488));
#4979=DIRECTION('ref_axis',(1.,4.02158212363673E-16,-3.51842845256725E-17));
#4980=DIRECTION('center_axis',(-4.01482920479297E-16,0.999847698958491,
0.017452188613752));
#4981=DIRECTION('ref_axis',(1.,4.02158212363673E-16,-3.51842845256725E-17));
#4982=DIRECTION('',(-4.01482920479297E-16,0.999847698958491,0.0174521886137488));
#4983=DIRECTION('center_axis',(-4.01482920479297E-16,0.999847698958492,
0.0174521886137488));
#4984=DIRECTION('ref_axis',(1.,4.02158212363673E-16,-3.51842845256725E-17));
#4985=DIRECTION('center_axis',(-4.01482920479297E-16,0.999847698958492,
0.0174521886137488));
#4986=DIRECTION('ref_axis',(1.,4.02158212363673E-16,-3.51842845256725E-17));
#4987=DIRECTION('center_axis',(-4.01482920479297E-16,0.999847698958491,
0.017452188613752));
#4988=DIRECTION('ref_axis',(1.,4.02158212363673E-16,-3.51842845256725E-17));
#4989=DIRECTION('center_axis',(-4.01482920479297E-16,0.999847698958491,
0.017452188613752));
#4990=DIRECTION('ref_axis',(1.,4.02158212363673E-16,-3.51842845256725E-17));
#4991=DIRECTION('center_axis',(-4.01482920479297E-16,0.999847698958491,
0.017452188613752));
#4992=DIRECTION('ref_axis',(1.,4.02158212363673E-16,-3.51842845256725E-17));
#4993=DIRECTION('center_axis',(-4.01482920479297E-16,0.999847698958491,
0.017452188613752));
#4994=DIRECTION('ref_axis',(1.,4.02158212363673E-16,-3.51842845256725E-17));
#4995=DIRECTION('',(4.01482920479297E-16,-0.999847698958491,-0.017452188613752));
#4996=DIRECTION('center_axis',(4.01482920479297E-16,-0.999847698958491,
-0.017452188613752));
#4997=DIRECTION('ref_axis',(1.,4.02158212363673E-16,-3.51842845256725E-17));
#4998=DIRECTION('center_axis',(4.01482920479297E-16,-0.999847698958491,
-0.017452188613752));
#4999=DIRECTION('ref_axis',(-1.,-4.02158212363673E-16,3.51842845256725E-17));
#5000=DIRECTION('center_axis',(-4.01482920479297E-16,0.999847698958491,
0.0174521886137579));
#5001=DIRECTION('ref_axis',(1.,4.02158212363673E-16,-3.51842845256725E-17));
#5002=DIRECTION('center_axis',(-4.01482920479297E-16,0.999847698958491,
0.0174521886137579));
#5003=DIRECTION('ref_axis',(1.,4.02158212363673E-16,-3.51842845256725E-17));
#5004=DIRECTION('',(4.01482920479297E-16,-0.999847698958491,-0.0174521886137579));
#5005=DIRECTION('center_axis',(-4.01482920479297E-16,0.999847698958491,
0.0174521886137579));
#5006=DIRECTION('ref_axis',(1.,4.02158212363673E-16,-3.51842845256725E-17));
#5007=DIRECTION('center_axis',(-4.01482920479297E-16,0.999847698958492,
0.0174521886137488));
#5008=DIRECTION('ref_axis',(1.,4.02158212363673E-16,-3.51842845256725E-17));
#5009=DIRECTION('center_axis',(-4.01482920479297E-16,0.999847698958491,
0.017452188613752));
#5010=DIRECTION('ref_axis',(1.,4.02158212363673E-16,-3.51842845256725E-17));
#5011=DIRECTION('',(-4.01482920479297E-16,0.999847698958491,0.0174521886137488));
#5012=DIRECTION('center_axis',(-4.01482920479297E-16,0.999847698958492,
0.0174521886137488));
#5013=DIRECTION('ref_axis',(1.,4.02158212363673E-16,-3.51842845256725E-17));
#5014=DIRECTION('center_axis',(-4.01482920479297E-16,0.999847698958492,
0.0174521886137488));
#5015=DIRECTION('ref_axis',(1.,4.02158212363673E-16,-3.51842845256725E-17));
#5016=DIRECTION('center_axis',(-4.01482920479297E-16,0.999847698958491,
0.017452188613752));
#5017=DIRECTION('ref_axis',(1.,4.02158212363673E-16,-3.51842845256725E-17));
#5018=DIRECTION('center_axis',(-4.01482920479297E-16,0.999847698958491,
0.017452188613752));
#5019=DIRECTION('ref_axis',(1.,4.02158212363673E-16,-3.51842845256725E-17));
#5020=DIRECTION('center_axis',(-4.01482920479297E-16,0.999847698958491,
0.017452188613752));
#5021=DIRECTION('ref_axis',(1.,4.02158212363673E-16,-3.51842845256725E-17));
#5022=DIRECTION('center_axis',(-4.01482920479297E-16,0.999847698958491,
0.017452188613752));
#5023=DIRECTION('ref_axis',(1.,4.02158212363673E-16,-3.51842845256725E-17));
#5024=DIRECTION('',(4.01482920479297E-16,-0.999847698958491,-0.017452188613752));
#5025=DIRECTION('center_axis',(4.01482920479297E-16,-0.999847698958491,
-0.017452188613752));
#5026=DIRECTION('ref_axis',(1.,4.02158212363673E-16,-3.51842845256725E-17));
#5027=DIRECTION('center_axis',(4.01482920479297E-16,-0.999847698958491,
-0.017452188613752));
#5028=DIRECTION('ref_axis',(-1.,-4.02158212363673E-16,3.51842845256725E-17));
#5029=DIRECTION('center_axis',(-4.01482920479297E-16,0.999847698958491,
0.0174521886137579));
#5030=DIRECTION('ref_axis',(1.,4.02158212363673E-16,-3.51842845256725E-17));
#5031=DIRECTION('center_axis',(-4.01482920479297E-16,0.999847698958491,
0.0174521886137579));
#5032=DIRECTION('ref_axis',(1.,4.02158212363673E-16,-3.51842845256725E-17));
#5033=DIRECTION('',(4.01482920479297E-16,-0.999847698958491,-0.0174521886137579));
#5034=DIRECTION('center_axis',(-4.01482920479297E-16,0.999847698958491,
0.0174521886137579));
#5035=DIRECTION('ref_axis',(1.,4.02158212363673E-16,-3.51842845256725E-17));
#5036=DIRECTION('center_axis',(-4.01482920479297E-16,0.999847698958492,
0.0174521886137487));
#5037=DIRECTION('ref_axis',(1.,4.02158212363673E-16,-3.51842845256725E-17));
#5038=DIRECTION('center_axis',(-4.01482920479297E-16,0.999847698958491,
0.017452188613752));
#5039=DIRECTION('ref_axis',(1.,4.02158212363673E-16,-3.51842845256725E-17));
#5040=DIRECTION('',(-4.01482920479297E-16,0.999847698958491,0.0174521886137487));
#5041=DIRECTION('center_axis',(-4.01482920479297E-16,0.999847698958492,
0.0174521886137487));
#5042=DIRECTION('ref_axis',(1.,4.02158212363673E-16,-3.51842845256725E-17));
#5043=DIRECTION('center_axis',(-4.01482920479297E-16,0.999847698958492,
0.0174521886137487));
#5044=DIRECTION('ref_axis',(1.,4.02158212363673E-16,-3.51842845256725E-17));
#5045=DIRECTION('center_axis',(-4.01482920479297E-16,0.999847698958491,
0.017452188613752));
#5046=DIRECTION('ref_axis',(1.,4.02158212363673E-16,-3.51842845256725E-17));
#5047=DIRECTION('center_axis',(-4.01482920479297E-16,0.999847698958491,
0.017452188613752));
#5048=DIRECTION('ref_axis',(1.,4.02158212363673E-16,-3.51842845256725E-17));
#5049=DIRECTION('center_axis',(-4.01482920479297E-16,0.999847698958491,
0.017452188613752));
#5050=DIRECTION('ref_axis',(1.,4.02158212363673E-16,-3.51842845256725E-17));
#5051=DIRECTION('center_axis',(-4.01482920479297E-16,0.999847698958491,
0.017452188613752));
#5052=DIRECTION('ref_axis',(1.,4.02158212363673E-16,-3.51842845256725E-17));
#5053=DIRECTION('',(4.01482920479297E-16,-0.999847698958491,-0.017452188613752));
#5054=DIRECTION('center_axis',(4.01482920479297E-16,-0.999847698958491,
-0.017452188613752));
#5055=DIRECTION('ref_axis',(1.,4.02158212363673E-16,-3.51842845256725E-17));
#5056=DIRECTION('center_axis',(4.01482920479297E-16,-0.999847698958491,
-0.017452188613752));
#5057=DIRECTION('ref_axis',(-1.,-4.02158212363673E-16,3.51842845256725E-17));
#5058=DIRECTION('center_axis',(-4.01482920479297E-16,0.999847698958491,
0.0174521886137579));
#5059=DIRECTION('ref_axis',(1.,4.02158212363673E-16,-3.51842845256725E-17));
#5060=DIRECTION('center_axis',(-4.01482920479297E-16,0.999847698958491,
0.0174521886137579));
#5061=DIRECTION('ref_axis',(1.,4.02158212363673E-16,-3.51842845256725E-17));
#5062=DIRECTION('',(4.01482920479297E-16,-0.999847698958491,-0.0174521886137579));
#5063=DIRECTION('center_axis',(-4.01482920479297E-16,0.999847698958491,
0.0174521886137579));
#5064=DIRECTION('ref_axis',(1.,4.02158212363673E-16,-3.51842845256725E-17));
#5065=DIRECTION('center_axis',(-4.01482920479297E-16,0.999847698958492,
0.0174521886137487));
#5066=DIRECTION('ref_axis',(1.,4.02158212363673E-16,-3.51842845256725E-17));
#5067=DIRECTION('center_axis',(-4.01482920479297E-16,0.999847698958491,
0.017452188613752));
#5068=DIRECTION('ref_axis',(1.,4.02158212363673E-16,-3.51842845256725E-17));
#5069=DIRECTION('',(-4.01482920479297E-16,0.999847698958491,0.0174521886137487));
#5070=DIRECTION('center_axis',(-4.01482920479297E-16,0.999847698958492,
0.0174521886137487));
#5071=DIRECTION('ref_axis',(1.,4.02158212363673E-16,-3.51842845256725E-17));
#5072=DIRECTION('center_axis',(-4.01482920479297E-16,0.999847698958492,
0.0174521886137487));
#5073=DIRECTION('ref_axis',(1.,4.02158212363673E-16,-3.51842845256725E-17));
#5074=DIRECTION('center_axis',(-4.01482920479297E-16,0.999847698958491,
0.017452188613752));
#5075=DIRECTION('ref_axis',(1.,4.02158212363673E-16,-3.51842845256725E-17));
#5076=DIRECTION('center_axis',(-4.01482920479297E-16,0.999847698958491,
0.017452188613752));
#5077=DIRECTION('ref_axis',(1.,4.02158212363673E-16,-3.51842845256725E-17));
#5078=DIRECTION('center_axis',(-4.01482920479297E-16,0.999847698958491,
0.017452188613752));
#5079=DIRECTION('ref_axis',(1.,4.02158212363673E-16,-3.51842845256725E-17));
#5080=DIRECTION('center_axis',(-4.01482920479297E-16,0.999847698958491,
0.017452188613752));
#5081=DIRECTION('ref_axis',(1.,4.02158212363673E-16,-3.51842845256725E-17));
#5082=DIRECTION('',(4.01482920479297E-16,-0.999847698958491,-0.017452188613752));
#5083=DIRECTION('center_axis',(4.01482920479297E-16,-0.999847698958491,
-0.017452188613752));
#5084=DIRECTION('ref_axis',(1.,4.02158212363673E-16,-3.51842845256725E-17));
#5085=DIRECTION('center_axis',(4.01482920479297E-16,-0.999847698958491,
-0.017452188613752));
#5086=DIRECTION('ref_axis',(-1.,-4.02158212363673E-16,3.51842845256725E-17));
#5087=DIRECTION('center_axis',(-4.01482920479297E-16,0.999847698958491,
0.0174521886137579));
#5088=DIRECTION('ref_axis',(1.,4.02158212363673E-16,-3.51842845256725E-17));
#5089=DIRECTION('center_axis',(-4.01482920479297E-16,0.999847698958491,
0.0174521886137579));
#5090=DIRECTION('ref_axis',(1.,4.02158212363673E-16,-3.51842845256725E-17));
#5091=DIRECTION('',(4.01482920479297E-16,-0.999847698958491,-0.0174521886137579));
#5092=DIRECTION('center_axis',(-4.01482920479297E-16,0.999847698958491,
0.0174521886137579));
#5093=DIRECTION('ref_axis',(1.,4.02158212363673E-16,-3.51842845256725E-17));
#5094=DIRECTION('center_axis',(4.02158212363673E-16,-0.984807753012208,
0.17364817766693));
#5095=DIRECTION('ref_axis',(1.,4.02158212363673E-16,-3.51842845256725E-17));
#5096=DIRECTION('center_axis',(4.02158212363673E-16,-0.984807753012208,
0.17364817766693));
#5097=DIRECTION('ref_axis',(1.,4.02158212363673E-16,-3.51842845256725E-17));
#5098=DIRECTION('',(4.02158212363673E-16,-0.984807753012208,0.17364817766693));
#5099=DIRECTION('center_axis',(4.02158212363673E-16,-0.984807753012208,
0.17364817766693));
#5100=DIRECTION('ref_axis',(1.,4.02158212363673E-16,-3.51842845256725E-17));
#5101=DIRECTION('center_axis',(4.02158212363673E-16,-0.984807753012208,
0.17364817766693));
#5102=DIRECTION('ref_axis',(1.,4.02158212363673E-16,-3.51842845256725E-17));
#5103=DIRECTION('center_axis',(4.02158212363673E-16,-0.984807753012208,
0.17364817766693));
#5104=DIRECTION('ref_axis',(1.,4.02158212363673E-16,-3.51842845256725E-17));
#5105=DIRECTION('center_axis',(4.02158212363673E-16,-0.984807753012208,
0.17364817766693));
#5106=DIRECTION('ref_axis',(1.,4.02158212363673E-16,-3.51842845256725E-17));
#5107=DIRECTION('',(-4.02158212363673E-16,0.984807753012208,-0.17364817766693));
#5108=DIRECTION('center_axis',(4.02158212363673E-16,-0.984807753012208,
0.17364817766693));
#5109=DIRECTION('ref_axis',(1.,4.02158212363673E-16,-3.51842845256725E-17));
#5110=DIRECTION('center_axis',(4.02158212363673E-16,-0.984807753012208,
0.17364817766693));
#5111=DIRECTION('ref_axis',(1.,4.02158212363673E-16,-3.51842845256725E-17));
#5112=DIRECTION('center_axis',(-4.02158212363673E-16,0.984807753012208,
-0.17364817766693));
#5113=DIRECTION('ref_axis',(1.,4.02158212363673E-16,-3.51842845256725E-17));
#5114=DIRECTION('',(-0.707106781186549,0.696364240320018,-0.122787803968973));
#5115=DIRECTION('center_axis',(-4.02158212363673E-16,0.984807753012208,
-0.17364817766693));
#5116=DIRECTION('ref_axis',(1.,4.02158212363673E-16,-3.51842845256725E-17));
#5117=DIRECTION('center_axis',(-4.02158212363673E-16,0.984807753012208,
-0.17364817766693));
#5118=DIRECTION('ref_axis',(-1.,-4.02158212363673E-16,3.51842845256725E-17));
#5119=DIRECTION('center_axis',(0.,0.984807753012207,-0.173648177666935));
#5120=DIRECTION('ref_axis',(1.,0.,0.));
#5121=DIRECTION('center_axis',(0.,0.984807753012208,-0.173648177666929));
#5122=DIRECTION('ref_axis',(1.,0.,0.));
#5123=DIRECTION('',(0.,0.984807753012207,-0.173648177666935));
#5124=DIRECTION('center_axis',(0.,0.984807753012207,-0.173648177666935));
#5125=DIRECTION('ref_axis',(1.,0.,0.));
#5126=DIRECTION('center_axis',(0.,0.984807753012207,-0.173648177666935));
#5127=DIRECTION('ref_axis',(1.,0.,0.));
#5128=DIRECTION('center_axis',(0.,0.984807753012208,-0.173648177666929));
#5129=DIRECTION('ref_axis',(-1.,0.,0.));
#5130=DIRECTION('center_axis',(0.,0.984807753012208,-0.173648177666929));
#5131=DIRECTION('ref_axis',(1.,0.,0.));
#5132=DIRECTION('center_axis',(0.,-0.984807753012208,0.173648177666929));
#5133=DIRECTION('ref_axis',(1.,0.,0.));
#5134=DIRECTION('center_axis',(0.,-0.984807753012208,0.173648177666929));
#5135=DIRECTION('ref_axis',(1.,0.,0.));
#5136=DIRECTION('center_axis',(0.,-0.984807753012208,0.173648177666929));
#5137=DIRECTION('ref_axis',(1.,0.,0.));
#5138=DIRECTION('',(0.,0.984807753012208,-0.173648177666929));
#5139=DIRECTION('center_axis',(0.,-0.984807753012208,0.173648177666929));
#5140=DIRECTION('ref_axis',(1.,0.,0.));
#5141=DIRECTION('center_axis',(0.,0.984807753012208,-0.173648177666929));
#5142=DIRECTION('ref_axis',(1.,0.,0.));
#5143=DIRECTION('center_axis',(0.,0.984807753012208,-0.173648177666929));
#5144=DIRECTION('ref_axis',(1.,0.,0.));
#5145=DIRECTION('',(0.,-0.984807753012208,0.173648177666929));
#5146=DIRECTION('center_axis',(0.,0.984807753012208,-0.173648177666929));
#5147=DIRECTION('ref_axis',(1.,0.,0.));
#5148=DIRECTION('center_axis',(0.,0.984807753012207,-0.173648177666935));
#5149=DIRECTION('ref_axis',(1.,0.,0.));
#5150=DIRECTION('center_axis',(0.,0.984807753012208,-0.173648177666929));
#5151=DIRECTION('ref_axis',(1.,0.,0.));
#5152=DIRECTION('',(0.,0.984807753012207,-0.173648177666935));
#5153=DIRECTION('center_axis',(0.,0.984807753012207,-0.173648177666935));
#5154=DIRECTION('ref_axis',(1.,0.,0.));
#5155=DIRECTION('center_axis',(0.,0.984807753012207,-0.173648177666935));
#5156=DIRECTION('ref_axis',(1.,0.,0.));
#5157=DIRECTION('center_axis',(0.,0.984807753012208,-0.173648177666929));
#5158=DIRECTION('ref_axis',(-1.,0.,0.));
#5159=DIRECTION('center_axis',(0.,0.984807753012208,-0.173648177666929));
#5160=DIRECTION('ref_axis',(1.,0.,0.));
#5161=DIRECTION('center_axis',(0.,-0.984807753012208,0.173648177666929));
#5162=DIRECTION('ref_axis',(1.,0.,0.));
#5163=DIRECTION('center_axis',(0.,-0.984807753012208,0.173648177666929));
#5164=DIRECTION('ref_axis',(1.,0.,0.));
#5165=DIRECTION('center_axis',(0.,-0.984807753012208,0.173648177666929));
#5166=DIRECTION('ref_axis',(1.,0.,0.));
#5167=DIRECTION('',(0.,0.984807753012208,-0.173648177666929));
#5168=DIRECTION('center_axis',(0.,-0.984807753012208,0.173648177666929));
#5169=DIRECTION('ref_axis',(1.,0.,0.));
#5170=DIRECTION('center_axis',(0.,0.984807753012208,-0.173648177666929));
#5171=DIRECTION('ref_axis',(1.,0.,0.));
#5172=DIRECTION('center_axis',(0.,0.984807753012208,-0.173648177666929));
#5173=DIRECTION('ref_axis',(1.,0.,0.));
#5174=DIRECTION('',(0.,-0.984807753012208,0.173648177666929));
#5175=DIRECTION('center_axis',(0.,0.984807753012208,-0.173648177666929));
#5176=DIRECTION('ref_axis',(1.,0.,0.));
#5177=DIRECTION('center_axis',(0.,-0.984807753012209,0.173648177666922));
#5178=DIRECTION('ref_axis',(1.,0.,0.));
#5179=DIRECTION('center_axis',(0.,-0.984807753012208,0.17364817766693));
#5180=DIRECTION('ref_axis',(1.,0.,0.));
#5181=DIRECTION('',(0.,-0.98480775301221,0.173648177666922));
#5182=DIRECTION('center_axis',(0.,-0.984807753012209,0.173648177666922));
#5183=DIRECTION('ref_axis',(1.,0.,0.));
#5184=DIRECTION('center_axis',(0.,-0.984807753012209,0.173648177666922));
#5185=DIRECTION('ref_axis',(1.,0.,0.));
#5186=DIRECTION('center_axis',(0.,-0.984807753012208,0.17364817766693));
#5187=DIRECTION('ref_axis',(-1.,0.,0.));
#5188=DIRECTION('center_axis',(0.,-0.984807753012208,0.17364817766693));
#5189=DIRECTION('ref_axis',(1.,0.,0.));
#5190=DIRECTION('center_axis',(-6.45947941600091E-16,0.984807753012208,
-0.17364817766693));
#5191=DIRECTION('ref_axis',(1.,6.36134540930047E-16,-1.12167682926561E-16));
#5192=DIRECTION('center_axis',(0.,0.984807753012208,-0.17364817766693));
#5193=DIRECTION('ref_axis',(1.,0.,0.));
#5194=DIRECTION('center_axis',(0.,0.984807753012208,-0.17364817766693));
#5195=DIRECTION('ref_axis',(1.,0.,0.));
#5196=DIRECTION('',(0.,-0.984807753012208,0.17364817766693));
#5197=DIRECTION('center_axis',(0.,0.984807753012208,-0.17364817766693));
#5198=DIRECTION('ref_axis',(1.,0.,0.));
#5199=DIRECTION('center_axis',(6.45947941600091E-16,-0.984807753012208,
0.17364817766693));
#5200=DIRECTION('ref_axis',(1.,6.36134540930047E-16,-1.12167682926561E-16));
#5201=DIRECTION('center_axis',(6.45947941600091E-16,-0.984807753012208,
0.17364817766693));
#5202=DIRECTION('ref_axis',(1.,6.36134540930047E-16,-1.12167682926561E-16));
#5203=DIRECTION('',(-6.45947941600091E-16,0.984807753012208,-0.17364817766693));
#5204=DIRECTION('center_axis',(6.45947941600091E-16,-0.984807753012208,
0.17364817766693));
#5205=DIRECTION('ref_axis',(1.,6.36134540930047E-16,-1.12167682926561E-16));
#5206=DIRECTION('center_axis',(0.,-0.984807753012209,0.173648177666928));
#5207=DIRECTION('ref_axis',(1.,0.,0.));
#5208=DIRECTION('center_axis',(0.,-0.984807753012209,0.173648177666928));
#5209=DIRECTION('ref_axis',(1.,0.,0.));
#5210=DIRECTION('',(0.,-0.984807753012209,0.173648177666928));
#5211=DIRECTION('center_axis',(0.,-0.984807753012209,0.173648177666928));
#5212=DIRECTION('ref_axis',(1.,0.,0.));
#5213=DIRECTION('center_axis',(0.,-0.984807753012209,0.173648177666928));
#5214=DIRECTION('ref_axis',(1.,0.,0.));
#5215=DIRECTION('center_axis',(0.,-0.984807753012209,0.173648177666928));
#5216=DIRECTION('ref_axis',(-1.,0.,0.));
#5217=DIRECTION('center_axis',(0.,-0.984807753012209,0.173648177666928));
#5218=DIRECTION('ref_axis',(1.,0.,0.));
#5219=DIRECTION('center_axis',(-6.45947941600091E-16,0.984807753012208,
-0.17364817766693));
#5220=DIRECTION('ref_axis',(1.,6.36134540930047E-16,-1.12167682926561E-16));
#5221=DIRECTION('center_axis',(0.,0.984807753012209,-0.173648177666928));
#5222=DIRECTION('ref_axis',(1.,0.,0.));
#5223=DIRECTION('center_axis',(0.,0.984807753012209,-0.173648177666928));
#5224=DIRECTION('ref_axis',(1.,0.,0.));
#5225=DIRECTION('',(0.,-0.984807753012209,0.173648177666928));
#5226=DIRECTION('center_axis',(0.,0.984807753012209,-0.173648177666928));
#5227=DIRECTION('ref_axis',(1.,0.,0.));
#5228=DIRECTION('center_axis',(6.45947941600091E-16,-0.984807753012208,
0.17364817766693));
#5229=DIRECTION('ref_axis',(1.,6.36134540930047E-16,-1.12167682926561E-16));
#5230=DIRECTION('center_axis',(6.45947941600091E-16,-0.984807753012208,
0.17364817766693));
#5231=DIRECTION('ref_axis',(1.,6.36134540930047E-16,-1.12167682926561E-16));
#5232=DIRECTION('',(-6.45947941600091E-16,0.984807753012208,-0.17364817766693));
#5233=DIRECTION('center_axis',(6.45947941600091E-16,-0.984807753012208,
0.17364817766693));
#5234=DIRECTION('ref_axis',(1.,6.36134540930047E-16,-1.12167682926561E-16));
#5235=DIRECTION('center_axis',(0.,-0.984807753012208,0.173648177666933));
#5236=DIRECTION('ref_axis',(1.,0.,0.));
#5237=DIRECTION('center_axis',(0.,-0.984807753012208,0.17364817766693));
#5238=DIRECTION('ref_axis',(1.,0.,0.));
#5239=DIRECTION('',(0.,-0.984807753012207,0.173648177666933));
#5240=DIRECTION('center_axis',(0.,-0.984807753012208,0.173648177666933));
#5241=DIRECTION('ref_axis',(1.,0.,0.));
#5242=DIRECTION('center_axis',(0.,-0.984807753012208,0.173648177666933));
#5243=DIRECTION('ref_axis',(1.,0.,0.));
#5244=DIRECTION('center_axis',(0.,-0.984807753012208,0.17364817766693));
#5245=DIRECTION('ref_axis',(-1.,0.,0.));
#5246=DIRECTION('center_axis',(0.,-0.984807753012208,0.17364817766693));
#5247=DIRECTION('ref_axis',(1.,0.,0.));
#5248=DIRECTION('center_axis',(-6.45947941600091E-16,0.984807753012208,
-0.17364817766693));
#5249=DIRECTION('ref_axis',(1.,6.36134540930047E-16,-1.12167682926561E-16));
#5250=DIRECTION('center_axis',(0.,0.984807753012208,-0.17364817766693));
#5251=DIRECTION('ref_axis',(1.,0.,0.));
#5252=DIRECTION('center_axis',(0.,0.984807753012208,-0.17364817766693));
#5253=DIRECTION('ref_axis',(1.,0.,0.));
#5254=DIRECTION('',(0.,-0.984807753012208,0.17364817766693));
#5255=DIRECTION('center_axis',(0.,0.984807753012208,-0.17364817766693));
#5256=DIRECTION('ref_axis',(1.,0.,0.));
#5257=DIRECTION('center_axis',(6.45947941600091E-16,-0.984807753012208,
0.17364817766693));
#5258=DIRECTION('ref_axis',(1.,6.36134540930047E-16,-1.12167682926561E-16));
#5259=DIRECTION('center_axis',(6.45947941600091E-16,-0.984807753012208,
0.17364817766693));
#5260=DIRECTION('ref_axis',(1.,6.36134540930047E-16,-1.12167682926561E-16));
#5261=DIRECTION('',(-6.45947941600091E-16,0.984807753012208,-0.17364817766693));
#5262=DIRECTION('center_axis',(6.45947941600091E-16,-0.984807753012208,
0.17364817766693));
#5263=DIRECTION('ref_axis',(1.,6.36134540930047E-16,-1.12167682926561E-16));
#5264=DIRECTION('center_axis',(0.,-0.984807753012209,0.173648177666928));
#5265=DIRECTION('ref_axis',(1.,0.,0.));
#5266=DIRECTION('center_axis',(0.,-0.984807753012209,0.173648177666928));
#5267=DIRECTION('ref_axis',(1.,0.,0.));
#5268=DIRECTION('',(0.,-0.984807753012209,0.173648177666928));
#5269=DIRECTION('center_axis',(0.,-0.984807753012209,0.173648177666928));
#5270=DIRECTION('ref_axis',(1.,0.,0.));
#5271=DIRECTION('center_axis',(0.,-0.984807753012209,0.173648177666928));
#5272=DIRECTION('ref_axis',(1.,0.,0.));
#5273=DIRECTION('center_axis',(0.,-0.984807753012209,0.173648177666928));
#5274=DIRECTION('ref_axis',(-1.,0.,0.));
#5275=DIRECTION('center_axis',(0.,-0.984807753012209,0.173648177666928));
#5276=DIRECTION('ref_axis',(1.,0.,0.));
#5277=DIRECTION('center_axis',(-6.45947941600091E-16,0.984807753012208,
-0.17364817766693));
#5278=DIRECTION('ref_axis',(1.,6.36134540930047E-16,-1.12167682926561E-16));
#5279=DIRECTION('center_axis',(0.,0.984807753012209,-0.173648177666928));
#5280=DIRECTION('ref_axis',(1.,0.,0.));
#5281=DIRECTION('center_axis',(0.,0.984807753012209,-0.173648177666928));
#5282=DIRECTION('ref_axis',(1.,0.,0.));
#5283=DIRECTION('',(0.,-0.984807753012209,0.173648177666928));
#5284=DIRECTION('center_axis',(0.,0.984807753012209,-0.173648177666928));
#5285=DIRECTION('ref_axis',(1.,0.,0.));
#5286=DIRECTION('center_axis',(6.45947941600091E-16,-0.984807753012208,
0.17364817766693));
#5287=DIRECTION('ref_axis',(1.,6.36134540930047E-16,-1.12167682926561E-16));
#5288=DIRECTION('center_axis',(6.45947941600091E-16,-0.984807753012208,
0.17364817766693));
#5289=DIRECTION('ref_axis',(1.,6.36134540930047E-16,-1.12167682926561E-16));
#5290=DIRECTION('',(-6.45947941600091E-16,0.984807753012208,-0.17364817766693));
#5291=DIRECTION('center_axis',(6.45947941600091E-16,-0.984807753012208,
0.17364817766693));
#5292=DIRECTION('ref_axis',(1.,6.36134540930047E-16,-1.12167682926561E-16));
#5293=DIRECTION('center_axis',(0.,0.984807753012209,-0.173648177666924));
#5294=DIRECTION('ref_axis',(1.,0.,0.));
#5295=DIRECTION('center_axis',(0.,0.984807753012207,-0.173648177666935));
#5296=DIRECTION('ref_axis',(1.,0.,0.));
#5297=DIRECTION('',(0.,0.984807753012209,-0.173648177666924));
#5298=DIRECTION('center_axis',(0.,0.984807753012209,-0.173648177666924));
#5299=DIRECTION('ref_axis',(1.,0.,0.));
#5300=DIRECTION('center_axis',(0.,0.984807753012209,-0.173648177666924));
#5301=DIRECTION('ref_axis',(1.,0.,0.));
#5302=DIRECTION('center_axis',(0.,0.984807753012207,-0.173648177666935));
#5303=DIRECTION('ref_axis',(-1.,0.,0.));
#5304=DIRECTION('center_axis',(0.,0.984807753012207,-0.173648177666935));
#5305=DIRECTION('ref_axis',(1.,0.,0.));
#5306=DIRECTION('center_axis',(0.,-0.984807753012208,0.17364817766693));
#5307=DIRECTION('ref_axis',(1.,0.,0.));
#5308=DIRECTION('center_axis',(0.,-0.984807753012207,0.173648177666935));
#5309=DIRECTION('ref_axis',(1.,0.,0.));
#5310=DIRECTION('center_axis',(0.,-0.984807753012207,0.173648177666935));
#5311=DIRECTION('ref_axis',(1.,0.,0.));
#5312=DIRECTION('',(0.,0.984807753012207,-0.173648177666934));
#5313=DIRECTION('center_axis',(0.,-0.984807753012207,0.173648177666935));
#5314=DIRECTION('ref_axis',(1.,0.,0.));
#5315=DIRECTION('center_axis',(0.,0.984807753012208,-0.17364817766693));
#5316=DIRECTION('ref_axis',(1.,0.,0.));
#5317=DIRECTION('center_axis',(0.,0.984807753012208,-0.17364817766693));
#5318=DIRECTION('ref_axis',(1.,0.,0.));
#5319=DIRECTION('',(0.,-0.984807753012208,0.17364817766693));
#5320=DIRECTION('center_axis',(0.,0.984807753012208,-0.17364817766693));
#5321=DIRECTION('ref_axis',(1.,0.,0.));
#5322=DIRECTION('center_axis',(0.,0.984807753012208,-0.17364817766693));
#5323=DIRECTION('ref_axis',(1.,0.,0.));
#5324=DIRECTION('center_axis',(0.,0.984807753012208,-0.173648177666929));
#5325=DIRECTION('ref_axis',(1.,0.,0.));
#5326=DIRECTION('',(0.,0.984807753012208,-0.17364817766693));
#5327=DIRECTION('center_axis',(0.,0.984807753012208,-0.17364817766693));
#5328=DIRECTION('ref_axis',(1.,0.,0.));
#5329=DIRECTION('center_axis',(0.,0.984807753012208,-0.17364817766693));
#5330=DIRECTION('ref_axis',(1.,0.,0.));
#5331=DIRECTION('center_axis',(0.,0.984807753012208,-0.173648177666929));
#5332=DIRECTION('ref_axis',(-1.,0.,0.));
#5333=DIRECTION('center_axis',(0.,0.984807753012208,-0.173648177666929));
#5334=DIRECTION('ref_axis',(1.,0.,0.));
#5335=DIRECTION('center_axis',(0.,-0.984807753012208,0.17364817766693));
#5336=DIRECTION('ref_axis',(1.,0.,0.));
#5337=DIRECTION('center_axis',(0.,-0.984807753012208,0.173648177666929));
#5338=DIRECTION('ref_axis',(1.,0.,0.));
#5339=DIRECTION('center_axis',(0.,-0.984807753012208,0.173648177666929));
#5340=DIRECTION('ref_axis',(1.,0.,0.));
#5341=DIRECTION('',(0.,0.984807753012208,-0.173648177666929));
#5342=DIRECTION('center_axis',(0.,-0.984807753012208,0.173648177666929));
#5343=DIRECTION('ref_axis',(1.,0.,0.));
#5344=DIRECTION('center_axis',(0.,0.984807753012208,-0.17364817766693));
#5345=DIRECTION('ref_axis',(1.,0.,0.));
#5346=DIRECTION('center_axis',(0.,0.984807753012208,-0.17364817766693));
#5347=DIRECTION('ref_axis',(1.,0.,0.));
#5348=DIRECTION('',(0.,-0.984807753012208,0.17364817766693));
#5349=DIRECTION('center_axis',(0.,0.984807753012208,-0.17364817766693));
#5350=DIRECTION('ref_axis',(1.,0.,0.));
#5351=DIRECTION('center_axis',(0.,0.984807753012209,-0.173648177666922));
#5352=DIRECTION('ref_axis',(1.,0.,0.));
#5353=DIRECTION('center_axis',(0.,0.984807753012207,-0.173648177666935));
#5354=DIRECTION('ref_axis',(1.,0.,0.));
#5355=DIRECTION('',(0.,0.98480775301221,-0.173648177666922));
#5356=DIRECTION('center_axis',(0.,0.984807753012209,-0.173648177666922));
#5357=DIRECTION('ref_axis',(1.,0.,0.));
#5358=DIRECTION('center_axis',(0.,0.984807753012209,-0.173648177666922));
#5359=DIRECTION('ref_axis',(1.,0.,0.));
#5360=DIRECTION('center_axis',(0.,0.984807753012207,-0.173648177666935));
#5361=DIRECTION('ref_axis',(-1.,0.,0.));
#5362=DIRECTION('center_axis',(0.,0.984807753012207,-0.173648177666935));
#5363=DIRECTION('ref_axis',(1.,0.,0.));
#5364=DIRECTION('center_axis',(5.55111512312578E-16,-0.984807753012208,
0.17364817766693));
#5365=DIRECTION('ref_axis',(1.,5.46678121111759E-16,-9.63941025150126E-17));
#5366=DIRECTION('center_axis',(0.,-0.984807753012207,0.173648177666935));
#5367=DIRECTION('ref_axis',(1.,0.,0.));
#5368=DIRECTION('center_axis',(0.,-0.984807753012207,0.173648177666935));
#5369=DIRECTION('ref_axis',(1.,0.,0.));
#5370=DIRECTION('',(0.,0.984807753012207,-0.173648177666934));
#5371=DIRECTION('center_axis',(0.,-0.984807753012207,0.173648177666935));
#5372=DIRECTION('ref_axis',(1.,0.,0.));
#5373=DIRECTION('center_axis',(-5.55111512312578E-16,0.984807753012208,
-0.17364817766693));
#5374=DIRECTION('ref_axis',(1.,5.46678121111759E-16,-9.63941025150126E-17));
#5375=DIRECTION('center_axis',(-5.55111512312578E-16,0.984807753012208,
-0.17364817766693));
#5376=DIRECTION('ref_axis',(1.,5.46678121111759E-16,-9.63941025150126E-17));
#5377=DIRECTION('',(5.55111512312578E-16,-0.984807753012208,0.17364817766693));
#5378=DIRECTION('center_axis',(-5.55111512312578E-16,0.984807753012208,
-0.17364817766693));
#5379=DIRECTION('ref_axis',(1.,5.46678121111759E-16,-9.63941025150126E-17));
#5380=DIRECTION('center_axis',(0.,0.984807753012208,-0.17364817766693));
#5381=DIRECTION('ref_axis',(1.,0.,0.));
#5382=DIRECTION('center_axis',(0.,0.984807753012208,-0.173648177666929));
#5383=DIRECTION('ref_axis',(1.,0.,0.));
#5384=DIRECTION('',(0.,0.984807753012208,-0.17364817766693));
#5385=DIRECTION('center_axis',(0.,0.984807753012208,-0.17364817766693));
#5386=DIRECTION('ref_axis',(1.,0.,0.));
#5387=DIRECTION('center_axis',(0.,0.984807753012208,-0.17364817766693));
#5388=DIRECTION('ref_axis',(1.,0.,0.));
#5389=DIRECTION('center_axis',(0.,0.984807753012208,-0.173648177666929));
#5390=DIRECTION('ref_axis',(-1.,0.,0.));
#5391=DIRECTION('center_axis',(0.,0.984807753012208,-0.173648177666929));
#5392=DIRECTION('ref_axis',(1.,0.,0.));
#5393=DIRECTION('center_axis',(5.55111512312578E-16,-0.984807753012208,
0.17364817766693));
#5394=DIRECTION('ref_axis',(1.,5.46678121111759E-16,-9.63941025150129E-17));
#5395=DIRECTION('center_axis',(0.,-0.984807753012208,0.173648177666929));
#5396=DIRECTION('ref_axis',(1.,0.,0.));
#5397=DIRECTION('center_axis',(0.,-0.984807753012208,0.173648177666929));
#5398=DIRECTION('ref_axis',(1.,0.,0.));
#5399=DIRECTION('',(0.,0.984807753012208,-0.173648177666929));
#5400=DIRECTION('center_axis',(0.,-0.984807753012208,0.173648177666929));
#5401=DIRECTION('ref_axis',(1.,0.,0.));
#5402=DIRECTION('center_axis',(-5.55111512312578E-16,0.984807753012208,
-0.17364817766693));
#5403=DIRECTION('ref_axis',(1.,5.46678121111759E-16,-9.63941025150129E-17));
#5404=DIRECTION('center_axis',(-5.55111512312578E-16,0.984807753012208,
-0.17364817766693));
#5405=DIRECTION('ref_axis',(1.,5.46678121111759E-16,-9.63941025150129E-17));
#5406=DIRECTION('',(5.55111512312578E-16,-0.984807753012208,0.17364817766693));
#5407=DIRECTION('center_axis',(-5.55111512312578E-16,0.984807753012208,
-0.17364817766693));
#5408=DIRECTION('ref_axis',(1.,5.46678121111759E-16,-9.63941025150129E-17));
#5409=DIRECTION('center_axis',(1.,4.02158212363673E-16,-3.51842845256725E-17));
#5410=DIRECTION('ref_axis',(-4.02158212363673E-16,0.984807753012208,-0.17364817766693));
#5411=DIRECTION('center_axis',(1.,4.02158212363673E-16,-3.51842845256725E-17));
#5412=DIRECTION('ref_axis',(-4.02158212363673E-16,0.984807753012208,-0.17364817766693));
#5413=DIRECTION('',(1.,4.02158212363673E-16,-3.51842845256725E-17));
#5414=DIRECTION('center_axis',(1.,4.02158212363673E-16,-3.51842845256725E-17));
#5415=DIRECTION('ref_axis',(-4.02158212363673E-16,0.984807753012208,-0.17364817766693));
#5416=DIRECTION('center_axis',(1.,4.02158212363673E-16,-3.51842845256725E-17));
#5417=DIRECTION('ref_axis',(-4.02158212363673E-16,0.984807753012208,-0.17364817766693));
#5418=DIRECTION('center_axis',(1.,4.02158212363673E-16,-3.51842845256725E-17));
#5419=DIRECTION('ref_axis',(-4.02158212363673E-16,0.984807753012208,-0.17364817766693));
#5420=DIRECTION('center_axis',(1.,4.02158212363673E-16,-3.51842845256725E-17));
#5421=DIRECTION('ref_axis',(-4.02158212363673E-16,0.984807753012208,-0.17364817766693));
#5422=DIRECTION('center_axis',(1.,4.02158212363673E-16,-3.51842845256725E-17));
#5423=DIRECTION('ref_axis',(-4.02158212363673E-16,0.984807753012208,-0.17364817766693));
#5424=DIRECTION('center_axis',(1.,4.02158212363673E-16,-3.51842845256725E-17));
#5425=DIRECTION('ref_axis',(-4.02158212363673E-16,0.984807753012208,-0.17364817766693));
#5426=DIRECTION('',(-1.,-4.02158212363673E-16,3.51842845256725E-17));
#5427=DIRECTION('center_axis',(-1.,-4.02158212363673E-16,3.51842845256725E-17));
#5428=DIRECTION('ref_axis',(-4.02158212363673E-16,0.984807753012208,-0.17364817766693));
#5429=DIRECTION('center_axis',(-1.,-4.02158212363673E-16,3.51842845256725E-17));
#5430=DIRECTION('ref_axis',(4.02158212363673E-16,-0.984807753012208,0.17364817766693));
#5431=DIRECTION('center_axis',(1.,4.02158212363673E-16,-3.51842845256725E-17));
#5432=DIRECTION('ref_axis',(-4.02158212363673E-16,0.984807753012208,-0.17364817766693));
#5433=DIRECTION('center_axis',(1.,4.02158212363673E-16,-3.51842845256725E-17));
#5434=DIRECTION('ref_axis',(-4.02158212363673E-16,0.984807753012208,-0.17364817766693));
#5435=DIRECTION('',(-1.,-4.02158212363673E-16,3.51842845256725E-17));
#5436=DIRECTION('center_axis',(1.,4.02158212363673E-16,-3.51842845256725E-17));
#5437=DIRECTION('ref_axis',(-4.02158212363673E-16,0.984807753012208,-0.17364817766693));
#5438=DIRECTION('center_axis',(1.,4.02158212363673E-16,-3.51842845256725E-17));
#5439=DIRECTION('ref_axis',(-4.02158212363673E-16,0.984807753012208,-0.17364817766693));
#5440=DIRECTION('center_axis',(1.,4.02158212363673E-16,-3.51842845256725E-17));
#5441=DIRECTION('ref_axis',(-4.02158212363673E-16,0.984807753012208,-0.17364817766693));
#5442=DIRECTION('',(1.,4.02158212363673E-16,-3.51842845256725E-17));
#5443=DIRECTION('center_axis',(1.,4.02158212363673E-16,-3.51842845256725E-17));
#5444=DIRECTION('ref_axis',(-4.02158212363673E-16,0.984807753012208,-0.17364817766693));
#5445=DIRECTION('center_axis',(1.,4.02158212363673E-16,-3.51842845256725E-17));
#5446=DIRECTION('ref_axis',(-4.02158212363673E-16,0.984807753012208,-0.17364817766693));
#5447=DIRECTION('center_axis',(1.,4.02158212363673E-16,-3.51842845256725E-17));
#5448=DIRECTION('ref_axis',(-4.02158212363673E-16,0.984807753012208,-0.17364817766693));
#5449=DIRECTION('center_axis',(1.,4.02158212363673E-16,-3.51842845256725E-17));
#5450=DIRECTION('ref_axis',(-4.02158212363673E-16,0.984807753012208,-0.17364817766693));
#5451=DIRECTION('center_axis',(1.,4.02158212363673E-16,-3.51842845256725E-17));
#5452=DIRECTION('ref_axis',(-4.02158212363673E-16,0.984807753012208,-0.17364817766693));
#5453=DIRECTION('center_axis',(1.,4.02158212363673E-16,-3.51842845256725E-17));
#5454=DIRECTION('ref_axis',(-4.02158212363673E-16,0.984807753012208,-0.17364817766693));
#5455=DIRECTION('',(-1.,-4.02158212363673E-16,3.51842845256725E-17));
#5456=DIRECTION('center_axis',(-1.,-4.02158212363673E-16,3.51842845256725E-17));
#5457=DIRECTION('ref_axis',(-4.02158212363673E-16,0.984807753012208,-0.17364817766693));
#5458=DIRECTION('center_axis',(-1.,-4.02158212363673E-16,3.51842845256725E-17));
#5459=DIRECTION('ref_axis',(4.02158212363673E-16,-0.984807753012208,0.17364817766693));
#5460=DIRECTION('center_axis',(1.,4.02158212363673E-16,-3.51842845256725E-17));
#5461=DIRECTION('ref_axis',(-4.02158212363673E-16,0.984807753012208,-0.17364817766693));
#5462=DIRECTION('center_axis',(1.,4.02158212363673E-16,-3.51842845256725E-17));
#5463=DIRECTION('ref_axis',(-4.02158212363673E-16,0.984807753012208,-0.17364817766693));
#5464=DIRECTION('',(-1.,-4.02158212363673E-16,3.51842845256725E-17));
#5465=DIRECTION('center_axis',(1.,4.02158212363673E-16,-3.51842845256725E-17));
#5466=DIRECTION('ref_axis',(-4.02158212363673E-16,0.984807753012208,-0.17364817766693));
#5467=DIRECTION('center_axis',(1.,4.02158212363673E-16,-3.51842845256725E-17));
#5468=DIRECTION('ref_axis',(-4.02158212363673E-16,0.984807753012208,-0.17364817766693));
#5469=DIRECTION('center_axis',(1.,4.02158212363673E-16,-3.51842845256725E-17));
#5470=DIRECTION('ref_axis',(-4.02158212363673E-16,0.984807753012208,-0.17364817766693));
#5471=DIRECTION('',(1.,4.02158212363673E-16,-3.51842845256725E-17));
#5472=DIRECTION('center_axis',(1.,4.02158212363673E-16,-3.51842845256725E-17));
#5473=DIRECTION('ref_axis',(-4.02158212363673E-16,0.984807753012208,-0.17364817766693));
#5474=DIRECTION('center_axis',(1.,4.02158212363673E-16,-3.51842845256725E-17));
#5475=DIRECTION('ref_axis',(-4.02158212363673E-16,0.984807753012208,-0.17364817766693));
#5476=DIRECTION('center_axis',(1.,4.02158212363673E-16,-3.51842845256725E-17));
#5477=DIRECTION('ref_axis',(-4.02158212363673E-16,0.984807753012208,-0.17364817766693));
#5478=DIRECTION('center_axis',(1.,4.02158212363673E-16,-3.51842845256725E-17));
#5479=DIRECTION('ref_axis',(-4.02158212363673E-16,0.984807753012208,-0.17364817766693));
#5480=DIRECTION('center_axis',(1.,4.02158212363673E-16,-3.51842845256725E-17));
#5481=DIRECTION('ref_axis',(-4.02158212363673E-16,0.984807753012208,-0.17364817766693));
#5482=DIRECTION('center_axis',(1.,4.02158212363673E-16,-3.51842845256725E-17));
#5483=DIRECTION('ref_axis',(-4.02158212363673E-16,0.984807753012208,-0.17364817766693));
#5484=DIRECTION('',(-1.,-4.02158212363673E-16,3.51842845256725E-17));
#5485=DIRECTION('center_axis',(-1.,-4.02158212363673E-16,3.51842845256725E-17));
#5486=DIRECTION('ref_axis',(-4.02158212363673E-16,0.984807753012208,-0.17364817766693));
#5487=DIRECTION('center_axis',(-1.,-4.02158212363673E-16,3.51842845256725E-17));
#5488=DIRECTION('ref_axis',(4.02158212363673E-16,-0.984807753012208,0.17364817766693));
#5489=DIRECTION('center_axis',(1.,4.02158212363673E-16,-3.51842845256725E-17));
#5490=DIRECTION('ref_axis',(-4.02158212363673E-16,0.984807753012208,-0.17364817766693));
#5491=DIRECTION('center_axis',(1.,4.02158212363673E-16,-3.51842845256725E-17));
#5492=DIRECTION('ref_axis',(-4.02158212363673E-16,0.984807753012208,-0.17364817766693));
#5493=DIRECTION('',(-1.,-4.02158212363673E-16,3.51842845256725E-17));
#5494=DIRECTION('center_axis',(1.,4.02158212363673E-16,-3.51842845256725E-17));
#5495=DIRECTION('ref_axis',(-4.02158212363673E-16,0.984807753012208,-0.17364817766693));
#5496=DIRECTION('center_axis',(1.,4.02158212363673E-16,-3.51842845256725E-17));
#5497=DIRECTION('ref_axis',(-4.02158212363673E-16,0.984807753012208,-0.17364817766693));
#5498=DIRECTION('center_axis',(1.,4.02158212363673E-16,-3.51842845256725E-17));
#5499=DIRECTION('ref_axis',(-4.02158212363673E-16,0.984807753012208,-0.17364817766693));
#5500=DIRECTION('',(1.,4.02158212363673E-16,-3.51842845256725E-17));
#5501=DIRECTION('center_axis',(1.,4.02158212363673E-16,-3.51842845256725E-17));
#5502=DIRECTION('ref_axis',(-4.02158212363673E-16,0.984807753012208,-0.17364817766693));
#5503=DIRECTION('center_axis',(1.,4.02158212363673E-16,-3.51842845256725E-17));
#5504=DIRECTION('ref_axis',(-4.02158212363673E-16,0.984807753012208,-0.17364817766693));
#5505=DIRECTION('center_axis',(1.,4.02158212363673E-16,-3.51842845256725E-17));
#5506=DIRECTION('ref_axis',(-4.02158212363673E-16,0.984807753012208,-0.17364817766693));
#5507=DIRECTION('center_axis',(1.,4.02158212363673E-16,-3.51842845256725E-17));
#5508=DIRECTION('ref_axis',(-4.02158212363673E-16,0.984807753012208,-0.17364817766693));
#5509=DIRECTION('center_axis',(1.,4.02158212363673E-16,-3.51842845256725E-17));
#5510=DIRECTION('ref_axis',(-4.02158212363673E-16,0.984807753012208,-0.17364817766693));
#5511=DIRECTION('center_axis',(1.,4.02158212363673E-16,-3.51842845256725E-17));
#5512=DIRECTION('ref_axis',(-4.02158212363673E-16,0.984807753012208,-0.17364817766693));
#5513=DIRECTION('',(-1.,-4.02158212363673E-16,3.51842845256725E-17));
#5514=DIRECTION('center_axis',(-1.,-4.02158212363673E-16,3.51842845256725E-17));
#5515=DIRECTION('ref_axis',(-4.02158212363673E-16,0.984807753012208,-0.17364817766693));
#5516=DIRECTION('center_axis',(-1.,-4.02158212363673E-16,3.51842845256725E-17));
#5517=DIRECTION('ref_axis',(4.02158212363673E-16,-0.984807753012208,0.17364817766693));
#5518=DIRECTION('center_axis',(1.,4.02158212363673E-16,-3.51842845256725E-17));
#5519=DIRECTION('ref_axis',(-4.02158212363673E-16,0.984807753012208,-0.17364817766693));
#5520=DIRECTION('center_axis',(1.,4.02158212363673E-16,-3.51842845256725E-17));
#5521=DIRECTION('ref_axis',(-4.02158212363673E-16,0.984807753012208,-0.17364817766693));
#5522=DIRECTION('',(-1.,-4.02158212363673E-16,3.51842845256725E-17));
#5523=DIRECTION('center_axis',(1.,4.02158212363673E-16,-3.51842845256725E-17));
#5524=DIRECTION('ref_axis',(-4.02158212363673E-16,0.984807753012208,-0.17364817766693));
#5525=DIRECTION('center_axis',(1.,4.02158212363673E-16,-3.51842845256725E-17));
#5526=DIRECTION('ref_axis',(-4.02158212363673E-16,0.984807753012208,-0.17364817766693));
#5527=DIRECTION('center_axis',(1.,4.02158212363673E-16,-3.51842845256725E-17));
#5528=DIRECTION('ref_axis',(-4.02158212363673E-16,0.984807753012208,-0.17364817766693));
#5529=DIRECTION('',(1.,4.02158212363673E-16,-3.51842845256725E-17));
#5530=DIRECTION('center_axis',(1.,4.02158212363673E-16,-3.51842845256725E-17));
#5531=DIRECTION('ref_axis',(-4.02158212363673E-16,0.984807753012208,-0.17364817766693));
#5532=DIRECTION('center_axis',(1.,4.02158212363673E-16,-3.51842845256725E-17));
#5533=DIRECTION('ref_axis',(-4.02158212363673E-16,0.984807753012208,-0.17364817766693));
#5534=DIRECTION('center_axis',(1.,4.02158212363673E-16,-3.51842845256725E-17));
#5535=DIRECTION('ref_axis',(-4.02158212363673E-16,0.984807753012208,-0.17364817766693));
#5536=DIRECTION('center_axis',(1.,4.02158212363673E-16,-3.51842845256725E-17));
#5537=DIRECTION('ref_axis',(-4.02158212363673E-16,0.984807753012208,-0.17364817766693));
#5538=DIRECTION('center_axis',(1.,4.02158212363673E-16,-3.51842845256725E-17));
#5539=DIRECTION('ref_axis',(-4.02158212363673E-16,0.984807753012208,-0.17364817766693));
#5540=DIRECTION('center_axis',(1.,4.02158212363673E-16,-3.51842845256725E-17));
#5541=DIRECTION('ref_axis',(-4.02158212363673E-16,0.984807753012208,-0.17364817766693));
#5542=DIRECTION('',(-1.,-4.02158212363673E-16,3.51842845256725E-17));
#5543=DIRECTION('center_axis',(-1.,-4.02158212363673E-16,3.51842845256725E-17));
#5544=DIRECTION('ref_axis',(-4.02158212363673E-16,0.984807753012208,-0.17364817766693));
#5545=DIRECTION('center_axis',(-1.,-4.02158212363673E-16,3.51842845256725E-17));
#5546=DIRECTION('ref_axis',(4.02158212363673E-16,-0.984807753012208,0.17364817766693));
#5547=DIRECTION('center_axis',(1.,4.02158212363673E-16,-3.51842845256725E-17));
#5548=DIRECTION('ref_axis',(-4.02158212363673E-16,0.984807753012208,-0.17364817766693));
#5549=DIRECTION('center_axis',(1.,4.02158212363673E-16,-3.51842845256725E-17));
#5550=DIRECTION('ref_axis',(-4.02158212363673E-16,0.984807753012208,-0.17364817766693));
#5551=DIRECTION('',(-1.,-4.02158212363673E-16,3.51842845256725E-17));
#5552=DIRECTION('center_axis',(1.,4.02158212363673E-16,-3.51842845256725E-17));
#5553=DIRECTION('ref_axis',(-4.02158212363673E-16,0.984807753012208,-0.17364817766693));
#5554=DIRECTION('center_axis',(1.,4.02158212363673E-16,-3.51842845256725E-17));
#5555=DIRECTION('ref_axis',(-4.02158212363673E-16,0.984807753012208,-0.17364817766693));
#5556=DIRECTION('center_axis',(1.,4.02158212363673E-16,-3.51842845256725E-17));
#5557=DIRECTION('ref_axis',(-4.02158212363673E-16,0.984807753012208,-0.17364817766693));
#5558=DIRECTION('',(1.,4.02158212363673E-16,-3.51842845256725E-17));
#5559=DIRECTION('center_axis',(1.,4.02158212363673E-16,-3.51842845256725E-17));
#5560=DIRECTION('ref_axis',(-4.02158212363673E-16,0.984807753012208,-0.17364817766693));
#5561=DIRECTION('center_axis',(1.,4.02158212363673E-16,-3.51842845256725E-17));
#5562=DIRECTION('ref_axis',(-4.02158212363673E-16,0.984807753012208,-0.17364817766693));
#5563=DIRECTION('center_axis',(1.,4.02158212363673E-16,-3.51842845256725E-17));
#5564=DIRECTION('ref_axis',(-4.02158212363673E-16,0.984807753012208,-0.17364817766693));
#5565=DIRECTION('center_axis',(1.,4.02158212363673E-16,-3.51842845256725E-17));
#5566=DIRECTION('ref_axis',(-4.02158212363673E-16,0.984807753012208,-0.17364817766693));
#5567=DIRECTION('center_axis',(1.,4.02158212363673E-16,-3.51842845256725E-17));
#5568=DIRECTION('ref_axis',(-4.02158212363673E-16,0.984807753012208,-0.17364817766693));
#5569=DIRECTION('center_axis',(1.,4.02158212363673E-16,-3.51842845256725E-17));
#5570=DIRECTION('ref_axis',(-4.02158212363673E-16,0.984807753012208,-0.17364817766693));
#5571=DIRECTION('',(-1.,-4.02158212363673E-16,3.51842845256725E-17));
#5572=DIRECTION('center_axis',(-1.,-4.02158212363673E-16,3.51842845256725E-17));
#5573=DIRECTION('ref_axis',(-4.02158212363673E-16,0.984807753012208,-0.17364817766693));
#5574=DIRECTION('center_axis',(-1.,-4.02158212363673E-16,3.51842845256725E-17));
#5575=DIRECTION('ref_axis',(4.02158212363673E-16,-0.984807753012208,0.17364817766693));
#5576=DIRECTION('center_axis',(1.,4.02158212363673E-16,-3.51842845256725E-17));
#5577=DIRECTION('ref_axis',(-4.02158212363673E-16,0.984807753012208,-0.17364817766693));
#5578=DIRECTION('center_axis',(1.,4.02158212363673E-16,-3.51842845256725E-17));
#5579=DIRECTION('ref_axis',(-4.02158212363673E-16,0.984807753012208,-0.17364817766693));
#5580=DIRECTION('',(-1.,-4.02158212363673E-16,3.51842845256725E-17));
#5581=DIRECTION('center_axis',(1.,4.02158212363673E-16,-3.51842845256725E-17));
#5582=DIRECTION('ref_axis',(-4.02158212363673E-16,0.984807753012208,-0.17364817766693));
#5583=DIRECTION('center_axis',(1.,4.02158212363673E-16,-3.51842845256725E-17));
#5584=DIRECTION('ref_axis',(-4.02158212363673E-16,0.984807753012208,-0.17364817766693));
#5585=DIRECTION('center_axis',(1.,4.02158212363673E-16,-3.51842845256725E-17));
#5586=DIRECTION('ref_axis',(-4.02158212363673E-16,0.984807753012208,-0.17364817766693));
#5587=DIRECTION('',(1.,4.02158212363673E-16,-3.51842845256725E-17));
#5588=DIRECTION('center_axis',(1.,4.02158212363673E-16,-3.51842845256725E-17));
#5589=DIRECTION('ref_axis',(-4.02158212363673E-16,0.984807753012208,-0.17364817766693));
#5590=DIRECTION('center_axis',(1.,4.02158212363673E-16,-3.51842845256725E-17));
#5591=DIRECTION('ref_axis',(-4.02158212363673E-16,0.984807753012208,-0.17364817766693));
#5592=DIRECTION('center_axis',(1.,4.02158212363673E-16,-3.51842845256725E-17));
#5593=DIRECTION('ref_axis',(-4.02158212363673E-16,0.984807753012208,-0.17364817766693));
#5594=DIRECTION('center_axis',(1.,4.02158212363673E-16,-3.51842845256725E-17));
#5595=DIRECTION('ref_axis',(-4.02158212363673E-16,0.984807753012208,-0.17364817766693));
#5596=DIRECTION('center_axis',(1.,4.02158212363673E-16,-3.51842845256725E-17));
#5597=DIRECTION('ref_axis',(-4.02158212363673E-16,0.984807753012208,-0.17364817766693));
#5598=DIRECTION('center_axis',(1.,4.02158212363673E-16,-3.51842845256725E-17));
#5599=DIRECTION('ref_axis',(-4.02158212363673E-16,0.984807753012208,-0.17364817766693));
#5600=DIRECTION('',(-1.,-4.02158212363673E-16,3.51842845256725E-17));
#5601=DIRECTION('center_axis',(-1.,-4.02158212363673E-16,3.51842845256725E-17));
#5602=DIRECTION('ref_axis',(-4.02158212363673E-16,0.984807753012208,-0.17364817766693));
#5603=DIRECTION('center_axis',(-1.,-4.02158212363673E-16,3.51842845256725E-17));
#5604=DIRECTION('ref_axis',(4.02158212363673E-16,-0.984807753012208,0.17364817766693));
#5605=DIRECTION('center_axis',(1.,4.02158212363673E-16,-3.51842845256725E-17));
#5606=DIRECTION('ref_axis',(-4.02158212363673E-16,0.984807753012208,-0.17364817766693));
#5607=DIRECTION('center_axis',(1.,4.02158212363673E-16,-3.51842845256725E-17));
#5608=DIRECTION('ref_axis',(-4.02158212363673E-16,0.984807753012208,-0.17364817766693));
#5609=DIRECTION('',(-1.,-4.02158212363673E-16,3.51842845256725E-17));
#5610=DIRECTION('center_axis',(1.,4.02158212363673E-16,-3.51842845256725E-17));
#5611=DIRECTION('ref_axis',(-4.02158212363673E-16,0.984807753012208,-0.17364817766693));
#5612=DIRECTION('center_axis',(1.,4.02158212363673E-16,-3.51842845256725E-17));
#5613=DIRECTION('ref_axis',(-4.02158212363673E-16,0.984807753012208,-0.17364817766693));
#5614=DIRECTION('center_axis',(1.,4.02158212363673E-16,-3.51842845256725E-17));
#5615=DIRECTION('ref_axis',(-4.02158212363673E-16,0.984807753012208,-0.17364817766693));
#5616=DIRECTION('',(1.,4.02158212363673E-16,-3.51842845256725E-17));
#5617=DIRECTION('center_axis',(1.,4.02158212363673E-16,-3.51842845256725E-17));
#5618=DIRECTION('ref_axis',(-4.02158212363673E-16,0.984807753012208,-0.17364817766693));
#5619=DIRECTION('center_axis',(1.,4.02158212363673E-16,-3.51842845256725E-17));
#5620=DIRECTION('ref_axis',(-4.02158212363673E-16,0.984807753012208,-0.17364817766693));
#5621=DIRECTION('center_axis',(1.,4.02158212363673E-16,-3.51842845256725E-17));
#5622=DIRECTION('ref_axis',(-4.02158212363673E-16,0.984807753012208,-0.17364817766693));
#5623=DIRECTION('center_axis',(1.,4.02158212363673E-16,-3.51842845256725E-17));
#5624=DIRECTION('ref_axis',(-4.02158212363673E-16,0.984807753012208,-0.17364817766693));
#5625=DIRECTION('center_axis',(1.,4.02158212363673E-16,-3.51842845256725E-17));
#5626=DIRECTION('ref_axis',(-4.02158212363673E-16,0.984807753012208,-0.17364817766693));
#5627=DIRECTION('center_axis',(1.,4.02158212363673E-16,-3.51842845256725E-17));
#5628=DIRECTION('ref_axis',(-4.02158212363673E-16,0.984807753012208,-0.17364817766693));
#5629=DIRECTION('',(-1.,-4.02158212363673E-16,3.51842845256725E-17));
#5630=DIRECTION('center_axis',(-1.,-4.02158212363673E-16,3.51842845256725E-17));
#5631=DIRECTION('ref_axis',(-4.02158212363673E-16,0.984807753012208,-0.17364817766693));
#5632=DIRECTION('center_axis',(-1.,-4.02158212363673E-16,3.51842845256725E-17));
#5633=DIRECTION('ref_axis',(4.02158212363673E-16,-0.984807753012208,0.17364817766693));
#5634=DIRECTION('center_axis',(1.,4.02158212363673E-16,-3.51842845256725E-17));
#5635=DIRECTION('ref_axis',(-4.02158212363673E-16,0.984807753012208,-0.17364817766693));
#5636=DIRECTION('center_axis',(1.,4.02158212363673E-16,-3.51842845256725E-17));
#5637=DIRECTION('ref_axis',(-4.02158212363673E-16,0.984807753012208,-0.17364817766693));
#5638=DIRECTION('',(-1.,-4.02158212363673E-16,3.51842845256725E-17));
#5639=DIRECTION('center_axis',(1.,4.02158212363673E-16,-3.51842845256725E-17));
#5640=DIRECTION('ref_axis',(-4.02158212363673E-16,0.984807753012208,-0.17364817766693));
#5641=DIRECTION('center_axis',(0.,0.984807753012208,-0.17364817766693));
#5642=DIRECTION('ref_axis',(1.,0.,0.));
#5643=DIRECTION('center_axis',(0.,0.984807753012208,-0.173648177666933));
#5644=DIRECTION('ref_axis',(1.,0.,0.));
#5645=DIRECTION('',(0.,0.984807753012208,-0.17364817766693));
#5646=DIRECTION('center_axis',(0.,0.984807753012208,-0.17364817766693));
#5647=DIRECTION('ref_axis',(1.,0.,0.));
#5648=DIRECTION('center_axis',(0.,0.984807753012208,-0.17364817766693));
#5649=DIRECTION('ref_axis',(1.,0.,0.));
#5650=DIRECTION('center_axis',(0.,0.984807753012208,-0.173648177666933));
#5651=DIRECTION('ref_axis',(1.,0.,0.));
#5652=DIRECTION('center_axis',(0.,0.984807753012208,-0.173648177666933));
#5653=DIRECTION('ref_axis',(1.,0.,0.));
#5654=DIRECTION('center_axis',(3.55271367880051E-16,-0.984807753012208,
0.17364817766693));
#5655=DIRECTION('ref_axis',(1.,3.49873997511526E-16,-6.16922256096084E-17));
#5656=DIRECTION('center_axis',(0.,0.984807753012208,-0.173648177666933));
#5657=DIRECTION('ref_axis',(1.,0.,0.));
#5658=DIRECTION('',(0.,-0.984807753012208,0.173648177666933));
#5659=DIRECTION('center_axis',(0.,-0.984807753012208,0.173648177666933));
#5660=DIRECTION('ref_axis',(1.,0.,0.));
#5661=DIRECTION('center_axis',(0.,-0.984807753012208,0.173648177666933));
#5662=DIRECTION('ref_axis',(-1.,0.,0.));
#5663=DIRECTION('center_axis',(-3.55271367880051E-16,0.984807753012208,
-0.17364817766693));
#5664=DIRECTION('ref_axis',(1.,3.49873997511526E-16,-6.16922256096084E-17));
#5665=DIRECTION('center_axis',(-3.55271367880051E-16,0.984807753012208,
-0.17364817766693));
#5666=DIRECTION('ref_axis',(1.,3.49873997511526E-16,-6.16922256096084E-17));
#5667=DIRECTION('',(3.55271367880051E-16,-0.984807753012208,0.17364817766693));
#5668=DIRECTION('center_axis',(-3.55271367880051E-16,0.984807753012208,
-0.17364817766693));
#5669=DIRECTION('ref_axis',(1.,3.49873997511526E-16,-6.16922256096084E-17));
#5670=DIRECTION('center_axis',(0.,0.984807753012208,-0.173648177666928));
#5671=DIRECTION('ref_axis',(1.,0.,0.));
#5672=DIRECTION('center_axis',(0.,0.984807753012208,-0.173648177666931));
#5673=DIRECTION('ref_axis',(1.,0.,0.));
#5674=DIRECTION('',(0.,0.984807753012208,-0.173648177666928));
#5675=DIRECTION('center_axis',(0.,0.984807753012208,-0.173648177666928));
#5676=DIRECTION('ref_axis',(1.,0.,0.));
#5677=DIRECTION('center_axis',(0.,0.984807753012208,-0.173648177666928));
#5678=DIRECTION('ref_axis',(1.,0.,0.));
#5679=DIRECTION('center_axis',(0.,0.984807753012208,-0.173648177666931));
#5680=DIRECTION('ref_axis',(1.,0.,0.));
#5681=DIRECTION('center_axis',(0.,0.984807753012208,-0.173648177666931));
#5682=DIRECTION('ref_axis',(1.,0.,0.));
#5683=DIRECTION('center_axis',(3.55271367880049E-16,-0.984807753012208,
0.17364817766693));
#5684=DIRECTION('ref_axis',(1.,3.49873997511525E-16,-6.16922256096082E-17));
#5685=DIRECTION('center_axis',(0.,0.984807753012208,-0.173648177666931));
#5686=DIRECTION('ref_axis',(1.,0.,0.));
#5687=DIRECTION('',(0.,-0.984807753012208,0.173648177666931));
#5688=DIRECTION('center_axis',(0.,-0.984807753012208,0.173648177666931));
#5689=DIRECTION('ref_axis',(1.,0.,0.));
#5690=DIRECTION('center_axis',(0.,-0.984807753012208,0.173648177666931));
#5691=DIRECTION('ref_axis',(-1.,0.,0.));
#5692=DIRECTION('center_axis',(-3.55271367880049E-16,0.984807753012208,
-0.17364817766693));
#5693=DIRECTION('ref_axis',(1.,3.49873997511525E-16,-6.16922256096082E-17));
#5694=DIRECTION('center_axis',(-3.55271367880049E-16,0.984807753012208,
-0.17364817766693));
#5695=DIRECTION('ref_axis',(1.,3.49873997511525E-16,-6.16922256096082E-17));
#5696=DIRECTION('',(3.55271367880049E-16,-0.984807753012208,0.17364817766693));
#5697=DIRECTION('center_axis',(-3.55271367880049E-16,0.984807753012208,
-0.17364817766693));
#5698=DIRECTION('ref_axis',(1.,3.49873997511525E-16,-6.16922256096082E-17));
#5699=DIRECTION('center_axis',(0.,0.984807753012208,-0.17364817766693));
#5700=DIRECTION('ref_axis',(1.,0.,0.));
#5701=DIRECTION('center_axis',(0.,0.984807753012208,-0.173648177666933));
#5702=DIRECTION('ref_axis',(1.,0.,0.));
#5703=DIRECTION('',(0.,0.984807753012208,-0.17364817766693));
#5704=DIRECTION('center_axis',(0.,0.984807753012208,-0.17364817766693));
#5705=DIRECTION('ref_axis',(1.,0.,0.));
#5706=DIRECTION('center_axis',(0.,0.984807753012208,-0.17364817766693));
#5707=DIRECTION('ref_axis',(1.,0.,0.));
#5708=DIRECTION('center_axis',(0.,0.984807753012208,-0.173648177666933));
#5709=DIRECTION('ref_axis',(1.,0.,0.));
#5710=DIRECTION('center_axis',(0.,0.984807753012208,-0.173648177666933));
#5711=DIRECTION('ref_axis',(1.,0.,0.));
#5712=DIRECTION('center_axis',(7.105427357601E-16,-0.984807753012208,0.17364817766693));
#5713=DIRECTION('ref_axis',(1.,6.99747995023051E-16,-1.23384451219216E-16));
#5714=DIRECTION('center_axis',(0.,0.984807753012208,-0.173648177666933));
#5715=DIRECTION('ref_axis',(1.,0.,0.));
#5716=DIRECTION('',(0.,-0.984807753012208,0.173648177666933));
#5717=DIRECTION('center_axis',(0.,-0.984807753012208,0.173648177666933));
#5718=DIRECTION('ref_axis',(1.,0.,0.));
#5719=DIRECTION('center_axis',(0.,-0.984807753012208,0.173648177666933));
#5720=DIRECTION('ref_axis',(-1.,0.,0.));
#5721=DIRECTION('center_axis',(-7.105427357601E-16,0.984807753012208,-0.17364817766693));
#5722=DIRECTION('ref_axis',(1.,6.99747995023051E-16,-1.23384451219216E-16));
#5723=DIRECTION('center_axis',(-7.105427357601E-16,0.984807753012208,-0.17364817766693));
#5724=DIRECTION('ref_axis',(1.,6.99747995023051E-16,-1.23384451219216E-16));
#5725=DIRECTION('',(7.105427357601E-16,-0.984807753012208,0.17364817766693));
#5726=DIRECTION('center_axis',(-7.105427357601E-16,0.984807753012208,-0.17364817766693));
#5727=DIRECTION('ref_axis',(1.,6.99747995023051E-16,-1.23384451219216E-16));
#5728=DIRECTION('center_axis',(0.,0.984807753012208,-0.173648177666933));
#5729=DIRECTION('ref_axis',(1.,0.,0.));
#5730=DIRECTION('center_axis',(0.,0.984807753012208,-0.173648177666931));
#5731=DIRECTION('ref_axis',(1.,0.,0.));
#5732=DIRECTION('',(0.,0.984807753012207,-0.173648177666933));
#5733=DIRECTION('center_axis',(0.,0.984807753012208,-0.173648177666933));
#5734=DIRECTION('ref_axis',(1.,0.,0.));
#5735=DIRECTION('center_axis',(0.,0.984807753012208,-0.173648177666933));
#5736=DIRECTION('ref_axis',(1.,0.,0.));
#5737=DIRECTION('center_axis',(0.,0.984807753012208,-0.173648177666931));
#5738=DIRECTION('ref_axis',(1.,0.,0.));
#5739=DIRECTION('center_axis',(0.,0.984807753012208,-0.173648177666931));
#5740=DIRECTION('ref_axis',(1.,0.,0.));
#5741=DIRECTION('center_axis',(7.10542735760099E-16,-0.984807753012208,
0.17364817766693));
#5742=DIRECTION('ref_axis',(1.,6.9974799502305E-16,-1.23384451219216E-16));
#5743=DIRECTION('center_axis',(0.,0.984807753012208,-0.173648177666931));
#5744=DIRECTION('ref_axis',(1.,0.,0.));
#5745=DIRECTION('',(0.,-0.984807753012208,0.173648177666931));
#5746=DIRECTION('center_axis',(0.,-0.984807753012208,0.173648177666931));
#5747=DIRECTION('ref_axis',(1.,0.,0.));
#5748=DIRECTION('center_axis',(0.,-0.984807753012208,0.173648177666931));
#5749=DIRECTION('ref_axis',(-1.,0.,0.));
#5750=DIRECTION('center_axis',(-7.10542735760099E-16,0.984807753012208,
-0.17364817766693));
#5751=DIRECTION('ref_axis',(1.,6.9974799502305E-16,-1.23384451219216E-16));
#5752=DIRECTION('center_axis',(-7.10542735760099E-16,0.984807753012208,
-0.17364817766693));
#5753=DIRECTION('ref_axis',(1.,6.9974799502305E-16,-1.23384451219216E-16));
#5754=DIRECTION('',(7.10542735760099E-16,-0.984807753012208,0.17364817766693));
#5755=DIRECTION('center_axis',(-7.10542735760099E-16,0.984807753012208,
-0.17364817766693));
#5756=DIRECTION('ref_axis',(1.,6.9974799502305E-16,-1.23384451219216E-16));
#5757=DIRECTION('center_axis',(0.,0.984807753012208,-0.17364817766693));
#5758=DIRECTION('ref_axis',(1.,0.,0.));
#5759=DIRECTION('center_axis',(0.,0.984807753012208,-0.173648177666929));
#5760=DIRECTION('ref_axis',(1.,0.,0.));
#5761=DIRECTION('',(0.,0.984807753012208,-0.17364817766693));
#5762=DIRECTION('center_axis',(0.,0.984807753012208,-0.17364817766693));
#5763=DIRECTION('ref_axis',(1.,0.,0.));
#5764=DIRECTION('center_axis',(0.,0.984807753012208,-0.17364817766693));
#5765=DIRECTION('ref_axis',(1.,0.,0.));
#5766=DIRECTION('center_axis',(0.,0.984807753012208,-0.173648177666929));
#5767=DIRECTION('ref_axis',(-1.,0.,0.));
#5768=DIRECTION('center_axis',(0.,0.984807753012208,-0.173648177666929));
#5769=DIRECTION('ref_axis',(1.,0.,0.));
#5770=DIRECTION('center_axis',(0.,-0.984807753012208,0.17364817766693));
#5771=DIRECTION('ref_axis',(1.,0.,0.));
#5772=DIRECTION('center_axis',(0.,-0.984807753012208,0.173648177666929));
#5773=DIRECTION('ref_axis',(1.,0.,0.));
#5774=DIRECTION('center_axis',(0.,-0.984807753012208,0.173648177666929));
#5775=DIRECTION('ref_axis',(1.,0.,0.));
#5776=DIRECTION('',(0.,0.984807753012208,-0.173648177666929));
#5777=DIRECTION('center_axis',(0.,-0.984807753012208,0.173648177666929));
#5778=DIRECTION('ref_axis',(1.,0.,0.));
#5779=DIRECTION('center_axis',(0.,0.984807753012208,-0.17364817766693));
#5780=DIRECTION('ref_axis',(1.,0.,0.));
#5781=DIRECTION('center_axis',(0.,0.984807753012208,-0.17364817766693));
#5782=DIRECTION('ref_axis',(1.,0.,0.));
#5783=DIRECTION('',(0.,-0.984807753012208,0.17364817766693));
#5784=DIRECTION('center_axis',(0.,0.984807753012208,-0.17364817766693));
#5785=DIRECTION('ref_axis',(1.,0.,0.));
#5786=DIRECTION('center_axis',(0.,0.984807753012208,-0.17364817766693));
#5787=DIRECTION('ref_axis',(1.,0.,0.));
#5788=DIRECTION('center_axis',(0.,0.984807753012208,-0.173648177666929));
#5789=DIRECTION('ref_axis',(1.,0.,0.));
#5790=DIRECTION('',(0.,0.984807753012208,-0.17364817766693));
#5791=DIRECTION('center_axis',(0.,0.984807753012208,-0.17364817766693));
#5792=DIRECTION('ref_axis',(1.,0.,0.));
#5793=DIRECTION('center_axis',(0.,0.984807753012208,-0.17364817766693));
#5794=DIRECTION('ref_axis',(1.,0.,0.));
#5795=DIRECTION('center_axis',(0.,0.984807753012208,-0.173648177666929));
#5796=DIRECTION('ref_axis',(-1.,0.,0.));
#5797=DIRECTION('center_axis',(0.,0.984807753012208,-0.173648177666929));
#5798=DIRECTION('ref_axis',(1.,0.,0.));
#5799=DIRECTION('center_axis',(0.,-0.984807753012208,0.17364817766693));
#5800=DIRECTION('ref_axis',(1.,0.,0.));
#5801=DIRECTION('center_axis',(0.,-0.984807753012208,0.173648177666929));
#5802=DIRECTION('ref_axis',(1.,0.,0.));
#5803=DIRECTION('center_axis',(0.,-0.984807753012208,0.173648177666929));
#5804=DIRECTION('ref_axis',(1.,0.,0.));
#5805=DIRECTION('',(0.,0.984807753012208,-0.173648177666929));
#5806=DIRECTION('center_axis',(0.,-0.984807753012208,0.173648177666929));
#5807=DIRECTION('ref_axis',(1.,0.,0.));
#5808=DIRECTION('center_axis',(0.,0.984807753012208,-0.17364817766693));
#5809=DIRECTION('ref_axis',(1.,0.,0.));
#5810=DIRECTION('center_axis',(0.,0.984807753012208,-0.17364817766693));
#5811=DIRECTION('ref_axis',(1.,0.,0.));
#5812=DIRECTION('',(0.,-0.984807753012208,0.17364817766693));
#5813=DIRECTION('center_axis',(0.,0.984807753012208,-0.17364817766693));
#5814=DIRECTION('ref_axis',(1.,0.,0.));
#5815=DIRECTION('center_axis',(0.,0.984807753012208,-0.17364817766693));
#5816=DIRECTION('ref_axis',(1.,0.,0.));
#5817=DIRECTION('center_axis',(0.,0.984807753012208,-0.173648177666929));
#5818=DIRECTION('ref_axis',(1.,0.,0.));
#5819=DIRECTION('',(0.,0.984807753012208,-0.17364817766693));
#5820=DIRECTION('center_axis',(0.,0.984807753012208,-0.17364817766693));
#5821=DIRECTION('ref_axis',(1.,0.,0.));
#5822=DIRECTION('center_axis',(0.,0.984807753012208,-0.17364817766693));
#5823=DIRECTION('ref_axis',(1.,0.,0.));
#5824=DIRECTION('center_axis',(0.,0.984807753012208,-0.173648177666929));
#5825=DIRECTION('ref_axis',(-1.,0.,0.));
#5826=DIRECTION('center_axis',(0.,0.984807753012208,-0.173648177666929));
#5827=DIRECTION('ref_axis',(1.,0.,0.));
#5828=DIRECTION('center_axis',(0.,-0.984807753012208,0.17364817766693));
#5829=DIRECTION('ref_axis',(1.,0.,0.));
#5830=DIRECTION('center_axis',(0.,-0.984807753012208,0.173648177666929));
#5831=DIRECTION('ref_axis',(1.,0.,0.));
#5832=DIRECTION('center_axis',(0.,-0.984807753012208,0.173648177666929));
#5833=DIRECTION('ref_axis',(1.,0.,0.));
#5834=DIRECTION('',(0.,0.984807753012208,-0.173648177666929));
#5835=DIRECTION('center_axis',(0.,-0.984807753012208,0.173648177666929));
#5836=DIRECTION('ref_axis',(1.,0.,0.));
#5837=DIRECTION('center_axis',(0.,0.984807753012208,-0.17364817766693));
#5838=DIRECTION('ref_axis',(1.,0.,0.));
#5839=DIRECTION('center_axis',(0.,0.984807753012208,-0.17364817766693));
#5840=DIRECTION('ref_axis',(1.,0.,0.));
#5841=DIRECTION('',(0.,-0.984807753012208,0.17364817766693));
#5842=DIRECTION('center_axis',(0.,0.984807753012208,-0.17364817766693));
#5843=DIRECTION('ref_axis',(1.,0.,0.));
#5844=DIRECTION('center_axis',(0.,0.984807753012208,-0.17364817766693));
#5845=DIRECTION('ref_axis',(1.,0.,0.));
#5846=DIRECTION('center_axis',(0.,0.984807753012208,-0.173648177666929));
#5847=DIRECTION('ref_axis',(1.,0.,0.));
#5848=DIRECTION('',(0.,0.984807753012208,-0.17364817766693));
#5849=DIRECTION('center_axis',(0.,0.984807753012208,-0.17364817766693));
#5850=DIRECTION('ref_axis',(1.,0.,0.));
#5851=DIRECTION('center_axis',(0.,0.984807753012208,-0.17364817766693));
#5852=DIRECTION('ref_axis',(1.,0.,0.));
#5853=DIRECTION('center_axis',(0.,0.984807753012208,-0.173648177666929));
#5854=DIRECTION('ref_axis',(-1.,0.,0.));
#5855=DIRECTION('center_axis',(0.,0.984807753012208,-0.173648177666929));
#5856=DIRECTION('ref_axis',(1.,0.,0.));
#5857=DIRECTION('center_axis',(0.,-0.984807753012208,0.17364817766693));
#5858=DIRECTION('ref_axis',(1.,0.,0.));
#5859=DIRECTION('center_axis',(0.,-0.984807753012208,0.173648177666929));
#5860=DIRECTION('ref_axis',(1.,0.,0.));
#5861=DIRECTION('center_axis',(0.,-0.984807753012208,0.173648177666929));
#5862=DIRECTION('ref_axis',(1.,0.,0.));
#5863=DIRECTION('',(0.,0.984807753012208,-0.173648177666929));
#5864=DIRECTION('center_axis',(0.,-0.984807753012208,0.173648177666929));
#5865=DIRECTION('ref_axis',(1.,0.,0.));
#5866=DIRECTION('center_axis',(0.,0.984807753012208,-0.17364817766693));
#5867=DIRECTION('ref_axis',(1.,0.,0.));
#5868=DIRECTION('center_axis',(0.,0.984807753012208,-0.17364817766693));
#5869=DIRECTION('ref_axis',(1.,0.,0.));
#5870=DIRECTION('',(0.,-0.984807753012208,0.17364817766693));
#5871=DIRECTION('center_axis',(0.,0.984807753012208,-0.17364817766693));
#5872=DIRECTION('ref_axis',(1.,0.,0.));
#5873=DIRECTION('center_axis',(-4.02158212363673E-16,0.984807753012208,
-0.17364817766693));
#5874=DIRECTION('ref_axis',(1.,4.02158212363673E-16,-3.51842845256725E-17));
#5875=DIRECTION('center_axis',(-4.02158212363673E-16,0.984807753012208,
-0.17364817766693));
#5876=DIRECTION('ref_axis',(1.,4.02158212363673E-16,-3.51842845256725E-17));
#5877=DIRECTION('',(-4.02158212363673E-16,0.984807753012208,-0.17364817766693));
#5878=DIRECTION('center_axis',(-4.02158212363673E-16,0.984807753012208,
-0.17364817766693));
#5879=DIRECTION('ref_axis',(1.,4.02158212363673E-16,-3.51842845256725E-17));
#5880=DIRECTION('center_axis',(-4.02158212363673E-16,0.984807753012208,
-0.17364817766693));
#5881=DIRECTION('ref_axis',(1.,4.02158212363673E-16,-3.51842845256725E-17));
#5882=DIRECTION('center_axis',(-4.02158212363673E-16,0.984807753012208,
-0.17364817766693));
#5883=DIRECTION('ref_axis',(1.,4.02158212363673E-16,-3.51842845256725E-17));
#5884=DIRECTION('center_axis',(-4.02158212363673E-16,0.984807753012208,
-0.17364817766693));
#5885=DIRECTION('ref_axis',(1.,4.02158212363673E-16,-3.51842845256725E-17));
#5886=DIRECTION('center_axis',(-4.02158212363673E-16,0.984807753012208,
-0.17364817766693));
#5887=DIRECTION('ref_axis',(1.,4.02158212363673E-16,-3.51842845256725E-17));
#5888=DIRECTION('center_axis',(-4.02158212363673E-16,0.984807753012208,
-0.17364817766693));
#5889=DIRECTION('ref_axis',(1.,4.02158212363673E-16,-3.51842845256725E-17));
#5890=DIRECTION('',(4.02158212363673E-16,-0.984807753012208,0.17364817766693));
#5891=DIRECTION('center_axis',(4.02158212363673E-16,-0.984807753012208,
0.17364817766693));
#5892=DIRECTION('ref_axis',(1.,4.02158212363673E-16,-3.51842845256725E-17));
#5893=DIRECTION('center_axis',(4.02158212363673E-16,-0.984807753012208,
0.17364817766693));
#5894=DIRECTION('ref_axis',(-1.,-4.02158212363673E-16,3.51842845256725E-17));
#5895=DIRECTION('center_axis',(-4.02158212363673E-16,0.984807753012208,
-0.17364817766693));
#5896=DIRECTION('ref_axis',(1.,4.02158212363673E-16,-3.51842845256725E-17));
#5897=DIRECTION('center_axis',(-4.02158212363673E-16,0.984807753012208,
-0.17364817766693));
#5898=DIRECTION('ref_axis',(1.,4.02158212363673E-16,-3.51842845256725E-17));
#5899=DIRECTION('',(4.02158212363673E-16,-0.984807753012208,0.17364817766693));
#5900=DIRECTION('center_axis',(-4.02158212363673E-16,0.984807753012208,
-0.17364817766693));
#5901=DIRECTION('ref_axis',(1.,4.02158212363673E-16,-3.51842845256725E-17));
#5902=DIRECTION('center_axis',(-4.02158212363673E-16,0.984807753012208,
-0.17364817766693));
#5903=DIRECTION('ref_axis',(1.,4.02158212363673E-16,-3.51842845256725E-17));
#5904=DIRECTION('center_axis',(-4.02158212363673E-16,0.984807753012208,
-0.17364817766693));
#5905=DIRECTION('ref_axis',(1.,4.02158212363673E-16,-3.51842845256725E-17));
#5906=DIRECTION('',(-4.02158212363673E-16,0.984807753012208,-0.17364817766693));
#5907=DIRECTION('center_axis',(-4.02158212363673E-16,0.984807753012208,
-0.17364817766693));
#5908=DIRECTION('ref_axis',(1.,4.02158212363673E-16,-3.51842845256725E-17));
#5909=DIRECTION('center_axis',(-4.02158212363673E-16,0.984807753012208,
-0.17364817766693));
#5910=DIRECTION('ref_axis',(1.,4.02158212363673E-16,-3.51842845256725E-17));
#5911=DIRECTION('center_axis',(-4.02158212363673E-16,0.984807753012208,
-0.17364817766693));
#5912=DIRECTION('ref_axis',(1.,4.02158212363673E-16,-3.51842845256725E-17));
#5913=DIRECTION('center_axis',(-4.02158212363673E-16,0.984807753012208,
-0.17364817766693));
#5914=DIRECTION('ref_axis',(1.,4.02158212363673E-16,-3.51842845256725E-17));
#5915=DIRECTION('center_axis',(-4.02158212363673E-16,0.984807753012208,
-0.17364817766693));
#5916=DIRECTION('ref_axis',(1.,4.02158212363673E-16,-3.51842845256725E-17));
#5917=DIRECTION('center_axis',(-4.02158212363673E-16,0.984807753012208,
-0.17364817766693));
#5918=DIRECTION('ref_axis',(1.,4.02158212363673E-16,-3.51842845256725E-17));
#5919=DIRECTION('',(4.02158212363673E-16,-0.984807753012208,0.17364817766693));
#5920=DIRECTION('center_axis',(4.02158212363673E-16,-0.984807753012208,
0.17364817766693));
#5921=DIRECTION('ref_axis',(1.,4.02158212363673E-16,-3.51842845256725E-17));
#5922=DIRECTION('center_axis',(4.02158212363673E-16,-0.984807753012208,
0.17364817766693));
#5923=DIRECTION('ref_axis',(-1.,-4.02158212363673E-16,3.51842845256725E-17));
#5924=DIRECTION('center_axis',(-4.02158212363673E-16,0.984807753012208,
-0.17364817766693));
#5925=DIRECTION('ref_axis',(1.,4.02158212363673E-16,-3.51842845256725E-17));
#5926=DIRECTION('center_axis',(-4.02158212363673E-16,0.984807753012208,
-0.17364817766693));
#5927=DIRECTION('ref_axis',(1.,4.02158212363673E-16,-3.51842845256725E-17));
#5928=DIRECTION('',(4.02158212363673E-16,-0.984807753012208,0.17364817766693));
#5929=DIRECTION('center_axis',(-4.02158212363673E-16,0.984807753012208,
-0.17364817766693));
#5930=DIRECTION('ref_axis',(1.,4.02158212363673E-16,-3.51842845256725E-17));
#5931=DIRECTION('center_axis',(-4.02158212363673E-16,0.984807753012208,
-0.17364817766693));
#5932=DIRECTION('ref_axis',(1.,4.02158212363673E-16,-3.51842845256725E-17));
#5933=DIRECTION('center_axis',(-4.02158212363673E-16,0.984807753012208,
-0.17364817766693));
#5934=DIRECTION('ref_axis',(1.,4.02158212363673E-16,-3.51842845256725E-17));
#5935=DIRECTION('',(-4.02158212363673E-16,0.984807753012208,-0.17364817766693));
#5936=DIRECTION('center_axis',(-4.02158212363673E-16,0.984807753012208,
-0.17364817766693));
#5937=DIRECTION('ref_axis',(1.,4.02158212363673E-16,-3.51842845256725E-17));
#5938=DIRECTION('center_axis',(-4.02158212363673E-16,0.984807753012208,
-0.17364817766693));
#5939=DIRECTION('ref_axis',(1.,4.02158212363673E-16,-3.51842845256725E-17));
#5940=DIRECTION('center_axis',(-4.02158212363673E-16,0.984807753012208,
-0.17364817766693));
#5941=DIRECTION('ref_axis',(1.,4.02158212363673E-16,-3.51842845256725E-17));
#5942=DIRECTION('center_axis',(-4.02158212363673E-16,0.984807753012208,
-0.17364817766693));
#5943=DIRECTION('ref_axis',(1.,4.02158212363673E-16,-3.51842845256725E-17));
#5944=DIRECTION('center_axis',(-4.02158212363673E-16,0.984807753012208,
-0.17364817766693));
#5945=DIRECTION('ref_axis',(1.,4.02158212363673E-16,-3.51842845256725E-17));
#5946=DIRECTION('center_axis',(-4.02158212363673E-16,0.984807753012208,
-0.17364817766693));
#5947=DIRECTION('ref_axis',(1.,4.02158212363673E-16,-3.51842845256725E-17));
#5948=DIRECTION('',(4.02158212363673E-16,-0.984807753012208,0.17364817766693));
#5949=DIRECTION('center_axis',(4.02158212363673E-16,-0.984807753012208,
0.17364817766693));
#5950=DIRECTION('ref_axis',(1.,4.02158212363673E-16,-3.51842845256725E-17));
#5951=DIRECTION('center_axis',(4.02158212363673E-16,-0.984807753012208,
0.17364817766693));
#5952=DIRECTION('ref_axis',(-1.,-4.02158212363673E-16,3.51842845256725E-17));
#5953=DIRECTION('center_axis',(-4.02158212363673E-16,0.984807753012208,
-0.17364817766693));
#5954=DIRECTION('ref_axis',(1.,4.02158212363673E-16,-3.51842845256725E-17));
#5955=DIRECTION('center_axis',(-4.02158212363673E-16,0.984807753012208,
-0.17364817766693));
#5956=DIRECTION('ref_axis',(1.,4.02158212363673E-16,-3.51842845256725E-17));
#5957=DIRECTION('',(4.02158212363673E-16,-0.984807753012208,0.17364817766693));
#5958=DIRECTION('center_axis',(-4.02158212363673E-16,0.984807753012208,
-0.17364817766693));
#5959=DIRECTION('ref_axis',(1.,4.02158212363673E-16,-3.51842845256725E-17));
#5960=DIRECTION('center_axis',(-4.02158212363673E-16,0.984807753012208,
-0.17364817766693));
#5961=DIRECTION('ref_axis',(1.,4.02158212363673E-16,-3.51842845256725E-17));
#5962=DIRECTION('center_axis',(-4.02158212363673E-16,0.984807753012208,
-0.17364817766693));
#5963=DIRECTION('ref_axis',(1.,4.02158212363673E-16,-3.51842845256725E-17));
#5964=DIRECTION('',(-4.02158212363673E-16,0.984807753012208,-0.17364817766693));
#5965=DIRECTION('center_axis',(-4.02158212363673E-16,0.984807753012208,
-0.17364817766693));
#5966=DIRECTION('ref_axis',(1.,4.02158212363673E-16,-3.51842845256725E-17));
#5967=DIRECTION('center_axis',(-4.02158212363673E-16,0.984807753012208,
-0.17364817766693));
#5968=DIRECTION('ref_axis',(1.,4.02158212363673E-16,-3.51842845256725E-17));
#5969=DIRECTION('center_axis',(-4.02158212363673E-16,0.984807753012208,
-0.17364817766693));
#5970=DIRECTION('ref_axis',(1.,4.02158212363673E-16,-3.51842845256725E-17));
#5971=DIRECTION('center_axis',(-4.02158212363673E-16,0.984807753012208,
-0.17364817766693));
#5972=DIRECTION('ref_axis',(1.,4.02158212363673E-16,-3.51842845256725E-17));
#5973=DIRECTION('center_axis',(-4.02158212363673E-16,0.984807753012208,
-0.17364817766693));
#5974=DIRECTION('ref_axis',(1.,4.02158212363673E-16,-3.51842845256725E-17));
#5975=DIRECTION('center_axis',(-4.02158212363673E-16,0.984807753012208,
-0.17364817766693));
#5976=DIRECTION('ref_axis',(1.,4.02158212363673E-16,-3.51842845256725E-17));
#5977=DIRECTION('',(4.02158212363673E-16,-0.984807753012208,0.17364817766693));
#5978=DIRECTION('center_axis',(4.02158212363673E-16,-0.984807753012208,
0.17364817766693));
#5979=DIRECTION('ref_axis',(1.,4.02158212363673E-16,-3.51842845256725E-17));
#5980=DIRECTION('center_axis',(4.02158212363673E-16,-0.984807753012208,
0.17364817766693));
#5981=DIRECTION('ref_axis',(-1.,-4.02158212363673E-16,3.51842845256725E-17));
#5982=DIRECTION('center_axis',(-4.02158212363673E-16,0.984807753012208,
-0.17364817766693));
#5983=DIRECTION('ref_axis',(1.,4.02158212363673E-16,-3.51842845256725E-17));
#5984=DIRECTION('center_axis',(-4.02158212363673E-16,0.984807753012208,
-0.17364817766693));
#5985=DIRECTION('ref_axis',(1.,4.02158212363673E-16,-3.51842845256725E-17));
#5986=DIRECTION('',(4.02158212363673E-16,-0.984807753012208,0.17364817766693));
#5987=DIRECTION('center_axis',(-4.02158212363673E-16,0.984807753012208,
-0.17364817766693));
#5988=DIRECTION('ref_axis',(1.,4.02158212363673E-16,-3.51842845256725E-17));
#5989=CARTESIAN_POINT('',(0.,0.,0.));
#5990=CARTESIAN_POINT('Origin',(28.,166.706177140354,71.1047682433497));
#5991=CARTESIAN_POINT('',(26.95,165.796177140354,71.1047684415993));
#5992=CARTESIAN_POINT('Origin',(28.,165.796177140354,71.1047684415993));
#5993=CARTESIAN_POINT('',(26.95,167.656177140354,71.1047680363858));
#5994=CARTESIAN_POINT('',(26.95,166.706177140354,71.1047682433497));
#5995=CARTESIAN_POINT('Origin',(28.,167.656177140354,71.1047680363858));
#5996=CARTESIAN_POINT('Origin',(28.,167.656177140354,71.1047680363858));
#5997=CARTESIAN_POINT('Origin',(28.,168.796177140354,71.1047677880292));
#5998=CARTESIAN_POINT('',(25.25,168.796177140354,71.1047677880292));
#5999=CARTESIAN_POINT('Origin',(28.,168.796177140354,71.1047677880292));
#6000=CARTESIAN_POINT('',(26.5,168.796177140354,71.1047677880292));
#6001=CARTESIAN_POINT('Origin',(28.,168.796177140354,71.1047677880292));
#6002=CARTESIAN_POINT('Origin',(28.,167.296177140354,71.1047681148143));
#6003=CARTESIAN_POINT('',(25.25,165.796177140354,71.1047684415993));
#6004=CARTESIAN_POINT('',(25.25,167.296177140354,71.1047681148143));
#6005=CARTESIAN_POINT('Origin',(28.,165.796177140354,71.1047684415993));
#6006=CARTESIAN_POINT('Origin',(28.,165.796177140354,71.1047684415993));
#6007=CARTESIAN_POINT('Origin',(28.,171.756177140354,71.1047671431734));
#6008=CARTESIAN_POINT('',(26.5,174.796177140354,71.104766480889));
#6009=CARTESIAN_POINT('Origin',(28.,174.796177140354,71.104766480889));
#6010=CARTESIAN_POINT('',(26.5,171.756177140354,71.1047671431734));
#6011=CARTESIAN_POINT('Origin',(28.,174.796177140354,71.104766480889));
#6012=CARTESIAN_POINT('Origin',(66.1,166.706177140354,71.1047682433497));
#6013=CARTESIAN_POINT('',(65.05,165.796177140354,71.1047684415993));
#6014=CARTESIAN_POINT('Origin',(66.1,165.796177140354,71.1047684415993));
#6015=CARTESIAN_POINT('',(65.05,167.656177140354,71.1047680363858));
#6016=CARTESIAN_POINT('',(65.05,166.706177140354,71.1047682433497));
#6017=CARTESIAN_POINT('Origin',(66.1,167.656177140354,71.1047680363858));
#6018=CARTESIAN_POINT('Origin',(66.1,167.656177140354,71.1047680363858));
#6019=CARTESIAN_POINT('Origin',(66.1,168.796177140354,71.1047677880292));
#6020=CARTESIAN_POINT('',(63.35,168.796177140354,71.1047677880292));
#6021=CARTESIAN_POINT('Origin',(66.1,168.796177140354,71.1047677880292));
#6022=CARTESIAN_POINT('',(64.6,168.796177140354,71.1047677880292));
#6023=CARTESIAN_POINT('Origin',(66.1,168.796177140354,71.1047677880292));
#6024=CARTESIAN_POINT('Origin',(66.1,167.296177140354,71.1047681148143));
#6025=CARTESIAN_POINT('',(63.35,165.796177140354,71.1047684415993));
#6026=CARTESIAN_POINT('',(63.35,167.296177140354,71.1047681148143));
#6027=CARTESIAN_POINT('Origin',(66.1,165.796177140354,71.1047684415993));
#6028=CARTESIAN_POINT('Origin',(66.1,165.796177140354,71.1047684415993));
#6029=CARTESIAN_POINT('Origin',(66.1,171.756177140354,71.1047671431734));
#6030=CARTESIAN_POINT('',(64.6,174.796177140354,71.104766480889));
#6031=CARTESIAN_POINT('Origin',(66.1,174.796177140354,71.104766480889));
#6032=CARTESIAN_POINT('',(64.6,171.756177140354,71.1047671431734));
#6033=CARTESIAN_POINT('Origin',(66.1,174.796177140354,71.104766480889));
#6034=CARTESIAN_POINT('Origin',(83.525,198.833823304713,4.39698083578875));
#6035=CARTESIAN_POINT('',(82.77,198.006584792182,4.54284530502896));
#6036=CARTESIAN_POINT('Origin',(82.77,198.833823304713,4.39698083578875));
#6037=CARTESIAN_POINT('',(84.32,198.006584792182,4.54284530502897));
#6038=CARTESIAN_POINT('',(83.525,198.006584792182,4.54284530502897));
#6039=CARTESIAN_POINT('Origin',(84.32,198.833823304713,4.39698083578875));
#6040=CARTESIAN_POINT('Origin',(84.32,198.833823304713,4.39698083578875));
#6041=CARTESIAN_POINT('Origin',(85.27,198.833823304713,4.39698083578875));
#6042=CARTESIAN_POINT('',(85.27,196.618005860435,4.78768923553935));
#6043=CARTESIAN_POINT('Origin',(85.27,198.833823304713,4.39698083578875));
#6044=CARTESIAN_POINT('',(85.27,197.602813613447,4.61404105787242));
#6045=CARTESIAN_POINT('Origin',(85.27,198.833823304713,4.39698083578875));
#6046=CARTESIAN_POINT('Origin',(84.02,198.833823304713,4.39698083578875));
#6047=CARTESIAN_POINT('',(82.77,196.618005860435,4.78768923553935));
#6048=CARTESIAN_POINT('',(84.02,196.618005860435,4.78768923553935));
#6049=CARTESIAN_POINT('Origin',(82.77,198.833823304713,4.39698083578875));
#6050=CARTESIAN_POINT('Origin',(82.77,198.833823304713,4.39698083578875));
#6051=CARTESIAN_POINT('Origin',(88.23,198.833823304713,4.39698083578875));
#6052=CARTESIAN_POINT('',(91.27,197.602813613447,4.61404105787242));
#6053=CARTESIAN_POINT('Origin',(91.27,198.833823304713,4.39698083578875));
#6054=CARTESIAN_POINT('',(88.23,197.602813613447,4.61404105787242));
#6055=CARTESIAN_POINT('Origin',(91.27,198.833823304713,4.39698083578875));
#6056=CARTESIAN_POINT('Origin',(83.525,186.326764841458,6.60231269215878));
#6057=CARTESIAN_POINT('',(82.77,185.499526328927,6.74817716139898));
#6058=CARTESIAN_POINT('Origin',(82.77,186.326764841458,6.60231269215878));
#6059=CARTESIAN_POINT('',(84.32,185.499526328927,6.748177161399));
#6060=CARTESIAN_POINT('',(83.525,185.499526328927,6.748177161399));
#6061=CARTESIAN_POINT('Origin',(84.32,186.326764841458,6.60231269215878));
#6062=CARTESIAN_POINT('Origin',(84.32,186.326764841458,6.60231269215878));
#6063=CARTESIAN_POINT('Origin',(85.27,186.326764841458,6.60231269215878));
#6064=CARTESIAN_POINT('',(85.27,184.11094739718,6.99302109190937));
#6065=CARTESIAN_POINT('Origin',(85.27,186.326764841458,6.60231269215878));
#6066=CARTESIAN_POINT('',(85.27,185.095755150192,6.81937291424244));
#6067=CARTESIAN_POINT('Origin',(85.27,186.326764841458,6.60231269215878));
#6068=CARTESIAN_POINT('Origin',(84.02,186.326764841458,6.60231269215878));
#6069=CARTESIAN_POINT('',(82.77,184.11094739718,6.99302109190937));
#6070=CARTESIAN_POINT('',(84.02,184.11094739718,6.99302109190937));
#6071=CARTESIAN_POINT('Origin',(82.77,186.326764841458,6.60231269215878));
#6072=CARTESIAN_POINT('Origin',(82.77,186.326764841458,6.60231269215878));
#6073=CARTESIAN_POINT('Origin',(88.23,186.326764841458,6.60231269215878));
#6074=CARTESIAN_POINT('',(91.27,185.095755150192,6.81937291424244));
#6075=CARTESIAN_POINT('Origin',(91.27,186.326764841458,6.60231269215878));
#6076=CARTESIAN_POINT('',(88.23,185.095755150192,6.81937291424244));
#6077=CARTESIAN_POINT('Origin',(91.27,186.326764841458,6.60231269215878));
#6078=CARTESIAN_POINT('Origin',(83.525,202.362354274905,24.4082743769968));
#6079=CARTESIAN_POINT('',(82.77,201.535115762374,24.554138846237));
#6080=CARTESIAN_POINT('Origin',(82.77,202.362354274905,24.4082743769968));
#6081=CARTESIAN_POINT('',(84.32,201.535115762374,24.554138846237));
#6082=CARTESIAN_POINT('',(83.525,201.535115762374,24.554138846237));
#6083=CARTESIAN_POINT('Origin',(84.32,202.362354274905,24.4082743769968));
#6084=CARTESIAN_POINT('Origin',(84.32,202.362354274905,24.4082743769968));
#6085=CARTESIAN_POINT('Origin',(85.27,202.362354274905,24.4082743769968));
#6086=CARTESIAN_POINT('',(85.27,200.146536830627,24.7989827767474));
#6087=CARTESIAN_POINT('Origin',(85.27,202.362354274905,24.4082743769968));
#6088=CARTESIAN_POINT('',(85.27,201.131344583639,24.6253345990805));
#6089=CARTESIAN_POINT('Origin',(85.27,202.362354274905,24.4082743769968));
#6090=CARTESIAN_POINT('Origin',(84.02,202.362354274905,24.4082743769968));
#6091=CARTESIAN_POINT('',(82.77,200.146536830627,24.7989827767474));
#6092=CARTESIAN_POINT('',(84.02,200.146536830627,24.7989827767474));
#6093=CARTESIAN_POINT('Origin',(82.77,202.362354274905,24.4082743769968));
#6094=CARTESIAN_POINT('Origin',(82.77,202.362354274905,24.4082743769968));
#6095=CARTESIAN_POINT('Origin',(88.23,202.362354274905,24.4082743769968));
#6096=CARTESIAN_POINT('',(91.27,201.131344583639,24.6253345990805));
#6097=CARTESIAN_POINT('Origin',(91.27,202.362354274905,24.4082743769968));
#6098=CARTESIAN_POINT('',(88.23,201.131344583639,24.6253345990805));
#6099=CARTESIAN_POINT('Origin',(91.27,202.362354274905,24.4082743769968));
#6100=CARTESIAN_POINT('Origin',(83.525,189.85529581165,26.6136062333668));
#6101=CARTESIAN_POINT('',(82.77,189.028057299119,26.759470702607));
#6102=CARTESIAN_POINT('Origin',(82.77,189.85529581165,26.6136062333668));
#6103=CARTESIAN_POINT('',(84.32,189.028057299119,26.7594707026071));
#6104=CARTESIAN_POINT('',(83.525,189.028057299119,26.7594707026071));
#6105=CARTESIAN_POINT('Origin',(84.32,189.85529581165,26.6136062333668));
#6106=CARTESIAN_POINT('Origin',(84.32,189.85529581165,26.6136062333668));
#6107=CARTESIAN_POINT('Origin',(85.27,189.85529581165,26.6136062333668));
#6108=CARTESIAN_POINT('',(85.27,187.639478367372,27.0043146331174));
#6109=CARTESIAN_POINT('Origin',(85.27,189.85529581165,26.6136062333668));
#6110=CARTESIAN_POINT('',(85.27,188.624286120384,26.8306664554505));
#6111=CARTESIAN_POINT('Origin',(85.27,189.85529581165,26.6136062333668));
#6112=CARTESIAN_POINT('Origin',(84.02,189.85529581165,26.6136062333668));
#6113=CARTESIAN_POINT('',(82.77,187.639478367372,27.0043146331174));
#6114=CARTESIAN_POINT('',(84.02,187.639478367372,27.0043146331174));
#6115=CARTESIAN_POINT('Origin',(82.77,189.85529581165,26.6136062333668));
#6116=CARTESIAN_POINT('Origin',(82.77,189.85529581165,26.6136062333668));
#6117=CARTESIAN_POINT('Origin',(88.23,189.85529581165,26.6136062333668));
#6118=CARTESIAN_POINT('',(91.27,188.624286120384,26.8306664554505));
#6119=CARTESIAN_POINT('Origin',(91.27,189.85529581165,26.6136062333668));
#6120=CARTESIAN_POINT('',(88.23,188.624286120384,26.8306664554505));
#6121=CARTESIAN_POINT('Origin',(91.27,189.85529581165,26.6136062333668));
#6122=CARTESIAN_POINT('Origin',(-13.84,130.004955636368,-136.826513935774));
#6123=CARTESIAN_POINT('',(-14.89,129.108780581127,-136.668494094097));
#6124=CARTESIAN_POINT('Origin',(-13.84,129.108780581127,-136.668494094097));
#6125=CARTESIAN_POINT('',(-14.89,130.94052300173,-136.991479704557));
#6126=CARTESIAN_POINT('',(-14.89,130.004955636368,-136.826513935774));
#6127=CARTESIAN_POINT('Origin',(-13.84,130.94052300173,-136.991479704557));
#6128=CARTESIAN_POINT('Origin',(-13.84,130.94052300173,-136.991479704557));
#6129=CARTESIAN_POINT('Origin',(-13.84,132.063203840164,-137.189438627098));
#6130=CARTESIAN_POINT('',(-16.59,132.063203840164,-137.189438627098));
#6131=CARTESIAN_POINT('Origin',(-13.84,132.063203840164,-137.189438627098));
#6132=CARTESIAN_POINT('',(-15.34,132.063203840164,-137.189438627098));
#6133=CARTESIAN_POINT('Origin',(-13.84,132.063203840164,-137.189438627098));
#6134=CARTESIAN_POINT('Origin',(-13.84,130.585992210645,-136.928966360597));
#6135=CARTESIAN_POINT('',(-16.59,129.108780581127,-136.668494094097));
#6136=CARTESIAN_POINT('',(-16.59,130.585992210645,-136.928966360597));
#6137=CARTESIAN_POINT('Origin',(-13.84,129.108780581127,-136.668494094097));
#6138=CARTESIAN_POINT('Origin',(-13.84,129.108780581127,-136.668494094097));
#6139=CARTESIAN_POINT('Origin',(-13.84,134.97823478908,-137.703437232992));
#6140=CARTESIAN_POINT('',(-15.34,137.972050358237,-138.231327693099));
#6141=CARTESIAN_POINT('Origin',(-13.84,137.972050358237,-138.231327693099));
#6142=CARTESIAN_POINT('',(-15.34,134.97823478908,-137.703437232992));
#6143=CARTESIAN_POINT('Origin',(-13.84,137.972050358237,-138.231327693099));
#6144=CARTESIAN_POINT('Origin',(-13.84,141.639383540052,-70.8443944839557));
#6145=CARTESIAN_POINT('',(-14.89,140.743208484811,-70.6863746422788));
#6146=CARTESIAN_POINT('Origin',(-13.84,140.743208484811,-70.6863746422788));
#6147=CARTESIAN_POINT('',(-14.89,142.574950905414,-71.0093602527393));
#6148=CARTESIAN_POINT('',(-14.89,141.639383540052,-70.8443944839557));
#6149=CARTESIAN_POINT('Origin',(-13.84,142.574950905414,-71.0093602527393));
#6150=CARTESIAN_POINT('Origin',(-13.84,142.574950905414,-71.0093602527393));
#6151=CARTESIAN_POINT('Origin',(-13.84,143.697631743848,-71.2073191752796));
#6152=CARTESIAN_POINT('',(-16.59,143.697631743848,-71.2073191752796));
#6153=CARTESIAN_POINT('Origin',(-13.84,143.697631743848,-71.2073191752796));
#6154=CARTESIAN_POINT('',(-15.34,143.697631743848,-71.2073191752796));
#6155=CARTESIAN_POINT('Origin',(-13.84,143.697631743848,-71.2073191752796));
#6156=CARTESIAN_POINT('Origin',(-13.84,142.22042011433,-70.9468469087792));
#6157=CARTESIAN_POINT('',(-16.59,140.743208484811,-70.6863746422788));
#6158=CARTESIAN_POINT('',(-16.59,142.22042011433,-70.9468469087792));
#6159=CARTESIAN_POINT('Origin',(-13.84,140.743208484811,-70.6863746422788));
#6160=CARTESIAN_POINT('Origin',(-13.84,140.743208484811,-70.6863746422788));
#6161=CARTESIAN_POINT('Origin',(-13.84,146.612662692764,-71.7213177811737));
#6162=CARTESIAN_POINT('',(-15.34,149.606478261921,-72.2492082412812));
#6163=CARTESIAN_POINT('Origin',(-13.84,149.606478261921,-72.2492082412812));
#6164=CARTESIAN_POINT('',(-15.34,146.612662692764,-71.7213177811737));
#6165=CARTESIAN_POINT('Origin',(-13.84,149.606478261921,-72.2492082412812));
#6166=CARTESIAN_POINT('Origin',(68.16,130.004955636368,-136.826513935774));
#6167=CARTESIAN_POINT('',(67.11,129.108780581127,-136.668494094097));
#6168=CARTESIAN_POINT('Origin',(68.16,129.108780581127,-136.668494094097));
#6169=CARTESIAN_POINT('',(67.11,130.94052300173,-136.991479704557));
#6170=CARTESIAN_POINT('',(67.11,130.004955636368,-136.826513935774));
#6171=CARTESIAN_POINT('Origin',(68.16,130.94052300173,-136.991479704557));
#6172=CARTESIAN_POINT('Origin',(68.16,130.94052300173,-136.991479704557));
#6173=CARTESIAN_POINT('Origin',(68.16,132.063203840164,-137.189438627098));
#6174=CARTESIAN_POINT('',(65.41,132.063203840164,-137.189438627098));
#6175=CARTESIAN_POINT('Origin',(68.16,132.063203840164,-137.189438627098));
#6176=CARTESIAN_POINT('',(66.66,132.063203840164,-137.189438627098));
#6177=CARTESIAN_POINT('Origin',(68.16,132.063203840164,-137.189438627098));
#6178=CARTESIAN_POINT('Origin',(68.16,130.585992210645,-136.928966360597));
#6179=CARTESIAN_POINT('',(65.41,129.108780581127,-136.668494094097));
#6180=CARTESIAN_POINT('',(65.41,130.585992210645,-136.928966360597));
#6181=CARTESIAN_POINT('Origin',(68.16,129.108780581127,-136.668494094097));
#6182=CARTESIAN_POINT('Origin',(68.16,129.108780581127,-136.668494094097));
#6183=CARTESIAN_POINT('Origin',(68.16,134.97823478908,-137.703437232992));
#6184=CARTESIAN_POINT('',(66.66,137.972050358237,-138.231327693099));
#6185=CARTESIAN_POINT('Origin',(68.16,137.972050358237,-138.231327693099));
#6186=CARTESIAN_POINT('',(66.66,134.97823478908,-137.703437232992));
#6187=CARTESIAN_POINT('Origin',(68.16,137.972050358237,-138.231327693099));
#6188=CARTESIAN_POINT('Origin',(68.16,141.639383540052,-70.8443944839557));
#6189=CARTESIAN_POINT('',(67.11,140.743208484811,-70.6863746422788));
#6190=CARTESIAN_POINT('Origin',(68.16,140.743208484811,-70.6863746422788));
#6191=CARTESIAN_POINT('',(67.11,142.574950905414,-71.0093602527393));
#6192=CARTESIAN_POINT('',(67.11,141.639383540052,-70.8443944839557));
#6193=CARTESIAN_POINT('Origin',(68.16,142.574950905414,-71.0093602527393));
#6194=CARTESIAN_POINT('Origin',(68.16,142.574950905414,-71.0093602527393));
#6195=CARTESIAN_POINT('Origin',(68.16,143.697631743848,-71.2073191752796));
#6196=CARTESIAN_POINT('',(65.41,143.697631743848,-71.2073191752796));
#6197=CARTESIAN_POINT('Origin',(68.16,143.697631743848,-71.2073191752796));
#6198=CARTESIAN_POINT('',(66.66,143.697631743848,-71.2073191752796));
#6199=CARTESIAN_POINT('Origin',(68.16,143.697631743848,-71.2073191752796));
#6200=CARTESIAN_POINT('Origin',(68.16,142.22042011433,-70.9468469087792));
#6201=CARTESIAN_POINT('',(65.41,140.743208484811,-70.6863746422788));
#6202=CARTESIAN_POINT('',(65.41,142.22042011433,-70.9468469087792));
#6203=CARTESIAN_POINT('Origin',(68.16,140.743208484811,-70.6863746422788));
#6204=CARTESIAN_POINT('Origin',(68.16,140.743208484811,-70.6863746422788));
#6205=CARTESIAN_POINT('Origin',(68.16,146.612662692764,-71.7213177811737));
#6206=CARTESIAN_POINT('',(66.66,149.606478261921,-72.2492082412812));
#6207=CARTESIAN_POINT('Origin',(68.16,149.606478261921,-72.2492082412812));
#6208=CARTESIAN_POINT('',(66.66,146.612662692764,-71.7213177811737));
#6209=CARTESIAN_POINT('Origin',(68.16,149.606478261921,-72.2492082412812));
#6210=CARTESIAN_POINT('Origin',(-19.,147.679473648896,-28.4694748795831));
#6211=CARTESIAN_POINT('',(-20.25,147.679473648896,-28.4694748795831));
#6212=CARTESIAN_POINT('Origin',(-19.,147.679473648896,-28.4694748795831));
#6213=CARTESIAN_POINT('Origin',(-19.,169.094118238147,-32.2454545029505));
#6214=CARTESIAN_POINT('',(-19.84,169.837648091671,-32.376558877089));
#6215=CARTESIAN_POINT('Origin',(-19.,169.837648091671,-32.376558877089));
#6216=CARTESIAN_POINT('',(-19.84,168.311196074502,-32.1074042017053));
#6217=CARTESIAN_POINT('',(-19.84,169.094118238147,-32.2454545029505));
#6218=CARTESIAN_POINT('Origin',(-19.,168.311196074502,-32.1074042017053));
#6219=CARTESIAN_POINT('Origin',(-19.,168.311196074502,-32.1074042017053));
#6220=CARTESIAN_POINT('Origin',(-19.,167.375628709141,-31.9424384329217));
#6221=CARTESIAN_POINT('',(-21.25,167.375628709141,-31.9424384329217));
#6222=CARTESIAN_POINT('Origin',(-19.,167.375628709141,-31.9424384329217));
#6223=CARTESIAN_POINT('',(-20.25,167.375628709141,-31.9424384329217));
#6224=CARTESIAN_POINT('Origin',(-19.,167.375628709141,-31.9424384329217));
#6225=CARTESIAN_POINT('Origin',(-19.,168.606638400406,-32.1594986550053));
#6226=CARTESIAN_POINT('',(-21.25,169.837648091671,-32.376558877089));
#6227=CARTESIAN_POINT('',(-21.25,168.606638400406,-32.1594986550053));
#6228=CARTESIAN_POINT('Origin',(-19.,169.837648091671,-32.376558877089));
#6229=CARTESIAN_POINT('Origin',(-19.,169.837648091671,-32.376558877089));
#6230=CARTESIAN_POINT('Origin',(-19.,164.953001636731,-31.515263915861));
#6231=CARTESIAN_POINT('',(-20.25,164.953001636731,-31.515263915861));
#6232=CARTESIAN_POINT('Origin',(39.,147.679473648896,-28.4694748795831));
#6233=CARTESIAN_POINT('',(37.75,147.679473648896,-28.4694748795831));
#6234=CARTESIAN_POINT('Origin',(39.,147.679473648896,-28.4694748795831));
#6235=CARTESIAN_POINT('Origin',(39.,169.094118238147,-32.2454545029505));
#6236=CARTESIAN_POINT('',(38.16,169.837648091671,-32.376558877089));
#6237=CARTESIAN_POINT('Origin',(39.,169.837648091671,-32.376558877089));
#6238=CARTESIAN_POINT('',(38.16,168.311196074502,-32.1074042017053));
#6239=CARTESIAN_POINT('',(38.16,169.094118238147,-32.2454545029505));
#6240=CARTESIAN_POINT('Origin',(39.,168.311196074502,-32.1074042017053));
#6241=CARTESIAN_POINT('Origin',(39.,168.311196074502,-32.1074042017053));
#6242=CARTESIAN_POINT('Origin',(39.,167.375628709141,-31.9424384329217));
#6243=CARTESIAN_POINT('',(36.75,167.375628709141,-31.9424384329217));
#6244=CARTESIAN_POINT('Origin',(39.,167.375628709141,-31.9424384329217));
#6245=CARTESIAN_POINT('',(37.75,167.375628709141,-31.9424384329217));
#6246=CARTESIAN_POINT('Origin',(39.,167.375628709141,-31.9424384329217));
#6247=CARTESIAN_POINT('Origin',(39.,168.606638400406,-32.1594986550053));
#6248=CARTESIAN_POINT('',(36.75,169.837648091671,-32.376558877089));
#6249=CARTESIAN_POINT('',(36.75,168.606638400406,-32.1594986550053));
#6250=CARTESIAN_POINT('Origin',(39.,169.837648091671,-32.376558877089));
#6251=CARTESIAN_POINT('Origin',(39.,169.837648091671,-32.376558877089));
#6252=CARTESIAN_POINT('Origin',(39.,164.953001636731,-31.515263915861));
#6253=CARTESIAN_POINT('',(37.75,164.953001636731,-31.515263915861));
#6254=CARTESIAN_POINT('Origin',(-19.,156.188234354576,19.7861050180151));
#6255=CARTESIAN_POINT('',(-20.25,156.188234354576,19.7861050180151));
#6256=CARTESIAN_POINT('Origin',(-19.,156.188234354576,19.7861050180151));
#6257=CARTESIAN_POINT('Origin',(-19.,177.602878943826,16.0101253946477));
#6258=CARTESIAN_POINT('',(-19.84,178.346408797351,15.8790210205092));
#6259=CARTESIAN_POINT('Origin',(-19.,178.346408797351,15.8790210205092));
#6260=CARTESIAN_POINT('',(-19.84,176.819956780182,16.1481756958929));
#6261=CARTESIAN_POINT('',(-19.84,177.602878943826,16.0101253946477));
#6262=CARTESIAN_POINT('Origin',(-19.,176.819956780182,16.148175695893));
#6263=CARTESIAN_POINT('Origin',(-19.,176.819956780182,16.148175695893));
#6264=CARTESIAN_POINT('Origin',(-19.,175.88438941482,16.3131414646765));
#6265=CARTESIAN_POINT('',(-21.25,175.88438941482,16.3131414646765));
#6266=CARTESIAN_POINT('Origin',(-19.,175.88438941482,16.3131414646765));
#6267=CARTESIAN_POINT('',(-20.25,175.88438941482,16.3131414646765));
#6268=CARTESIAN_POINT('Origin',(-19.,175.88438941482,16.3131414646765));
#6269=CARTESIAN_POINT('Origin',(-19.,177.115399106085,16.0960812425929));
#6270=CARTESIAN_POINT('',(-21.25,178.346408797351,15.8790210205092));
#6271=CARTESIAN_POINT('',(-21.25,177.115399106085,16.0960812425929));
#6272=CARTESIAN_POINT('Origin',(-19.,178.346408797351,15.8790210205092));
#6273=CARTESIAN_POINT('Origin',(-19.,178.346408797351,15.8790210205092));
#6274=CARTESIAN_POINT('Origin',(-19.,173.46176234241,16.7403159817372));
#6275=CARTESIAN_POINT('',(-20.25,173.46176234241,16.7403159817372));
#6276=CARTESIAN_POINT('Origin',(39.,156.188234354576,19.7861050180151));
#6277=CARTESIAN_POINT('',(37.75,156.188234354576,19.7861050180151));
#6278=CARTESIAN_POINT('Origin',(39.,156.188234354576,19.7861050180151));
#6279=CARTESIAN_POINT('Origin',(39.,177.602878943827,16.0101253946477));
#6280=CARTESIAN_POINT('',(38.16,178.346408797351,15.8790210205092));
#6281=CARTESIAN_POINT('Origin',(39.,178.346408797351,15.8790210205092));
#6282=CARTESIAN_POINT('',(38.16,176.819956780182,16.1481756958929));
#6283=CARTESIAN_POINT('',(38.16,177.602878943827,16.0101253946477));
#6284=CARTESIAN_POINT('Origin',(39.,176.819956780182,16.148175695893));
#6285=CARTESIAN_POINT('Origin',(39.,176.819956780182,16.148175695893));
#6286=CARTESIAN_POINT('Origin',(39.,175.88438941482,16.3131414646765));
#6287=CARTESIAN_POINT('',(36.75,175.88438941482,16.3131414646765));
#6288=CARTESIAN_POINT('Origin',(39.,175.88438941482,16.3131414646765));
#6289=CARTESIAN_POINT('',(37.75,175.88438941482,16.3131414646765));
#6290=CARTESIAN_POINT('Origin',(39.,175.88438941482,16.3131414646765));
#6291=CARTESIAN_POINT('Origin',(39.,177.115399106085,16.0960812425929));
#6292=CARTESIAN_POINT('',(36.75,178.346408797351,15.8790210205092));
#6293=CARTESIAN_POINT('',(36.75,177.115399106085,16.0960812425929));
#6294=CARTESIAN_POINT('Origin',(39.,178.346408797351,15.8790210205092));
#6295=CARTESIAN_POINT('Origin',(39.,178.346408797351,15.8790210205092));
#6296=CARTESIAN_POINT('Origin',(39.,173.46176234241,16.7403159817372));
#6297=CARTESIAN_POINT('',(37.75,173.46176234241,16.7403159817372));
#6298=CARTESIAN_POINT('Origin',(14.,174.919722094327,51.471965624003));
#6299=CARTESIAN_POINT('',(13.37,174.319813474952,51.4614943108348));
#6300=CARTESIAN_POINT('Origin',(14.,174.319813474952,51.4614943108348));
#6301=CARTESIAN_POINT('',(13.37,175.55962462166,51.4831350247158));
#6302=CARTESIAN_POINT('',(13.37,174.919722094327,51.471965624003));
#6303=CARTESIAN_POINT('Origin',(14.,175.55962462166,51.4831350247158));
#6304=CARTESIAN_POINT('Origin',(14.,175.55962462166,51.4831350247158));
#6305=CARTESIAN_POINT('Origin',(14.,176.319508872869,51.4963986880623));
#6306=CARTESIAN_POINT('',(12.1,176.319508872869,51.4963986880622));
#6307=CARTESIAN_POINT('Origin',(14.,176.319508872869,51.4963986880623));
#6308=CARTESIAN_POINT('',(13.,176.319508872869,51.4963986880623));
#6309=CARTESIAN_POINT('Origin',(14.,176.319508872869,51.4963986880623));
#6310=CARTESIAN_POINT('Origin',(14.,175.31966117391,51.4789464994485));
#6311=CARTESIAN_POINT('',(12.1,174.319813474952,51.4614943108347));
#6312=CARTESIAN_POINT('',(12.1,175.31966117391,51.4789464994485));
#6313=CARTESIAN_POINT('Origin',(14.,174.319813474952,51.4614943108347));
#6314=CARTESIAN_POINT('Origin',(14.,174.319813474952,51.4614943108347));
#6315=CARTESIAN_POINT('Origin',(14.,178.279210362827,51.5306049777453));
#6316=CARTESIAN_POINT('',(13.,180.318899668703,51.5662074425173));
#6317=CARTESIAN_POINT('Origin',(14.,180.318899668703,51.5662074425173));
#6318=CARTESIAN_POINT('',(13.,178.279210362827,51.5306049777453));
#6319=CARTESIAN_POINT('Origin',(14.,180.318899668703,51.5662074425173));
#6320=CARTESIAN_POINT('Origin',(-14.,174.919722094327,51.471965624003));
#6321=CARTESIAN_POINT('',(-14.63,174.319813474952,51.4614943108348));
#6322=CARTESIAN_POINT('Origin',(-14.,174.319813474952,51.4614943108348));
#6323=CARTESIAN_POINT('',(-14.63,175.55962462166,51.4831350247158));
#6324=CARTESIAN_POINT('',(-14.63,174.919722094327,51.471965624003));
#6325=CARTESIAN_POINT('Origin',(-14.,175.55962462166,51.4831350247158));
#6326=CARTESIAN_POINT('Origin',(-14.,175.55962462166,51.4831350247158));
#6327=CARTESIAN_POINT('Origin',(-14.,176.319508872869,51.4963986880623));
#6328=CARTESIAN_POINT('',(-15.9,176.319508872869,51.4963986880622));
#6329=CARTESIAN_POINT('Origin',(-14.,176.319508872869,51.4963986880623));
#6330=CARTESIAN_POINT('',(-15.,176.319508872869,51.4963986880623));
#6331=CARTESIAN_POINT('Origin',(-14.,176.319508872869,51.4963986880623));
#6332=CARTESIAN_POINT('Origin',(-14.,175.31966117391,51.4789464994485));
#6333=CARTESIAN_POINT('',(-15.9,174.319813474952,51.4614943108347));
#6334=CARTESIAN_POINT('',(-15.9,175.31966117391,51.4789464994485));
#6335=CARTESIAN_POINT('Origin',(-14.,174.319813474952,51.4614943108347));
#6336=CARTESIAN_POINT('Origin',(-14.,174.319813474952,51.4614943108347));
#6337=CARTESIAN_POINT('Origin',(-14.,178.279210362827,51.5306049777453));
#6338=CARTESIAN_POINT('',(-15.,180.318899668703,51.5662074425173));
#6339=CARTESIAN_POINT('Origin',(-14.,180.318899668703,51.5662074425173));
#6340=CARTESIAN_POINT('',(-15.,178.279210362827,51.5306049777453));
#6341=CARTESIAN_POINT('Origin',(-14.,180.318899668703,51.5662074425173));
#6342=CARTESIAN_POINT('Origin',(-14.,174.431055194595,79.4677010973811));
#6343=CARTESIAN_POINT('',(-14.63,173.83114657522,79.4572297842129));
#6344=CARTESIAN_POINT('Origin',(-14.,173.83114657522,79.4572297842129));
#6345=CARTESIAN_POINT('',(-14.63,175.070957721928,79.4788704980939));
#6346=CARTESIAN_POINT('',(-14.63,174.431055194595,79.4677010973811));
#6347=CARTESIAN_POINT('Origin',(-14.,175.070957721928,79.4788704980939));
#6348=CARTESIAN_POINT('Origin',(-14.,175.070957721928,79.4788704980939));
#6349=CARTESIAN_POINT('Origin',(-14.,175.830841973137,79.4921341614404));
#6350=CARTESIAN_POINT('',(-15.9,175.830841973137,79.4921341614403));
#6351=CARTESIAN_POINT('Origin',(-14.,175.830841973137,79.4921341614404));
#6352=CARTESIAN_POINT('',(-15.,175.830841973137,79.4921341614404));
#6353=CARTESIAN_POINT('Origin',(-14.,175.830841973137,79.4921341614404));
#6354=CARTESIAN_POINT('Origin',(-14.,174.830994274178,79.4746819728266));
#6355=CARTESIAN_POINT('',(-15.9,173.83114657522,79.4572297842128));
#6356=CARTESIAN_POINT('',(-15.9,174.830994274178,79.4746819728266));
#6357=CARTESIAN_POINT('Origin',(-14.,173.83114657522,79.4572297842129));
#6358=CARTESIAN_POINT('Origin',(-14.,173.83114657522,79.4572297842129));
#6359=CARTESIAN_POINT('Origin',(-14.,177.790543463096,79.5263404511233));
#6360=CARTESIAN_POINT('',(-15.,179.830232768971,79.5619429158954));
#6361=CARTESIAN_POINT('Origin',(-14.,179.830232768971,79.5619429158954));
#6362=CARTESIAN_POINT('',(-15.,177.790543463096,79.5263404511233));
#6363=CARTESIAN_POINT('Origin',(-14.,179.830232768971,79.5619429158954));
#6364=CARTESIAN_POINT('Origin',(14.,174.431055194595,79.4677010973811));
#6365=CARTESIAN_POINT('',(13.37,173.83114657522,79.4572297842129));
#6366=CARTESIAN_POINT('Origin',(14.,173.83114657522,79.4572297842129));
#6367=CARTESIAN_POINT('',(13.37,175.070957721928,79.4788704980939));
#6368=CARTESIAN_POINT('',(13.37,174.431055194595,79.4677010973811));
#6369=CARTESIAN_POINT('Origin',(14.,175.070957721928,79.4788704980939));
#6370=CARTESIAN_POINT('Origin',(14.,175.070957721928,79.4788704980939));
#6371=CARTESIAN_POINT('Origin',(14.,175.830841973137,79.4921341614404));
#6372=CARTESIAN_POINT('',(12.1,175.830841973137,79.4921341614403));
#6373=CARTESIAN_POINT('Origin',(14.,175.830841973137,79.4921341614404));
#6374=CARTESIAN_POINT('',(13.,175.830841973137,79.4921341614404));
#6375=CARTESIAN_POINT('Origin',(14.,175.830841973137,79.4921341614404));
#6376=CARTESIAN_POINT('Origin',(14.,174.830994274178,79.4746819728266));
#6377=CARTESIAN_POINT('',(12.1,173.83114657522,79.4572297842128));
#6378=CARTESIAN_POINT('',(12.1,174.830994274178,79.4746819728266));
#6379=CARTESIAN_POINT('Origin',(14.,173.83114657522,79.4572297842129));
#6380=CARTESIAN_POINT('Origin',(14.,173.83114657522,79.4572297842129));
#6381=CARTESIAN_POINT('Origin',(14.,177.790543463096,79.5263404511233));
#6382=CARTESIAN_POINT('',(13.,179.830232768971,79.5619429158954));
#6383=CARTESIAN_POINT('Origin',(14.,179.830232768971,79.5619429158954));
#6384=CARTESIAN_POINT('',(13.,177.790543463096,79.5263404511233));
#6385=CARTESIAN_POINT('Origin',(14.,179.830232768971,79.5619429158954));
#6386=CARTESIAN_POINT('Origin',(20.4,184.827310102143,-137.059860949634));
#6387=CARTESIAN_POINT('',(19.35,185.171992815698,-137.120637811818));
#6388=CARTESIAN_POINT('Origin',(20.4,185.171992815698,-137.120637811818));
#6389=CARTESIAN_POINT('',(19.35,184.384146613288,-136.981719269684));
#6390=CARTESIAN_POINT('',(19.35,184.827310102143,-137.059860949634));
#6391=CARTESIAN_POINT('Origin',(20.4,184.384146613288,-136.981719269684));
#6392=CARTESIAN_POINT('Origin',(20.4,184.384146613288,-136.981719269684));
#6393=CARTESIAN_POINT('Origin',(20.4,179.509348235877,-136.122160790233));
#6394=CARTESIAN_POINT('',(18.9,175.323915285576,-135.384156035149));
#6395=CARTESIAN_POINT('Origin',(20.4,175.323915285576,-135.384156035149));
#6396=CARTESIAN_POINT('',(18.9,183.694781186179,-136.860165545317));
#6397=CARTESIAN_POINT('',(18.9,179.509348235877,-136.122160790233));
#6398=CARTESIAN_POINT('Origin',(20.4,183.694781186179,-136.860165545317));
#6399=CARTESIAN_POINT('Origin',(20.4,175.323915285576,-135.384156035149));
#6400=CARTESIAN_POINT('Origin',(20.4,184.433387000939,-136.990401678568));
#6401=CARTESIAN_POINT('',(17.4,185.171992815698,-137.120637811818));
#6402=CARTESIAN_POINT('',(18.15,184.433387000939,-136.990401678568));
#6403=CARTESIAN_POINT('Origin',(20.4,185.171992815698,-137.120637811818));
#6404=CARTESIAN_POINT('Origin',(20.4,185.171992815698,-137.120637811818));
#6405=CARTESIAN_POINT('Origin',(47.91,138.753112726091,-135.41415862158));
#6406=CARTESIAN_POINT('',(46.86,137.975114601211,-135.276976561223));
#6407=CARTESIAN_POINT('Origin',(47.91,137.975114601211,-135.276976561223));
#6408=CARTESIAN_POINT('',(46.86,139.550807006031,-135.554813645491));
#6409=CARTESIAN_POINT('',(46.86,138.753112726091,-135.41415862158));
#6410=CARTESIAN_POINT('Origin',(47.91,139.550807006031,-135.554813645491));
#6411=CARTESIAN_POINT('Origin',(47.91,139.550807006031,-135.554813645491));
#6412=CARTESIAN_POINT('Origin',(47.91,140.929537860248,-135.797921094224));
#6413=CARTESIAN_POINT('',(45.16,140.929537860248,-135.797921094224));
#6414=CARTESIAN_POINT('Origin',(47.91,140.929537860248,-135.797921094224));
#6415=CARTESIAN_POINT('',(46.41,140.929537860248,-135.797921094224));
#6416=CARTESIAN_POINT('Origin',(47.91,140.929537860248,-135.797921094224));
#6417=CARTESIAN_POINT('Origin',(47.91,139.45232623073,-135.537448827724));
#6418=CARTESIAN_POINT('',(45.16,137.975114601211,-135.276976561223));
#6419=CARTESIAN_POINT('Origin',(47.91,137.975114601211,-135.276976561223));
#6420=CARTESIAN_POINT('',(45.16,139.45232623073,-135.537448827724));
#6421=CARTESIAN_POINT('Origin',(47.91,137.975114601211,-135.276976561223));
#6422=CARTESIAN_POINT('Origin',(47.91,143.883961119285,-136.318865627225));
#6423=CARTESIAN_POINT('',(46.41,146.838384378321,-136.839810160226));
#6424=CARTESIAN_POINT('Origin',(47.91,146.838384378321,-136.839810160226));
#6425=CARTESIAN_POINT('',(46.41,143.883961119285,-136.318865627225));
#6426=CARTESIAN_POINT('Origin',(47.91,146.838384378321,-136.839810160226));
#6427=CARTESIAN_POINT('Origin',(79.89,144.065010480922,-105.288889456937));
#6428=CARTESIAN_POINT('',(78.84,143.287012356043,-105.15170739658));
#6429=CARTESIAN_POINT('Origin',(79.89,143.287012356043,-105.15170739658));
#6430=CARTESIAN_POINT('',(78.84,144.862704760862,-105.429544480847));
#6431=CARTESIAN_POINT('',(78.84,144.065010480922,-105.288889456937));
#6432=CARTESIAN_POINT('Origin',(79.89,144.862704760862,-105.429544480847));
#6433=CARTESIAN_POINT('Origin',(79.89,144.862704760862,-105.429544480847));
#6434=CARTESIAN_POINT('Origin',(79.89,146.241435615079,-105.672651929581));
#6435=CARTESIAN_POINT('',(77.14,146.241435615079,-105.672651929581));
#6436=CARTESIAN_POINT('Origin',(79.89,146.241435615079,-105.672651929581));
#6437=CARTESIAN_POINT('',(78.39,146.241435615079,-105.672651929581));
#6438=CARTESIAN_POINT('Origin',(79.89,146.241435615079,-105.672651929581));
#6439=CARTESIAN_POINT('Origin',(79.89,144.764223985561,-105.41217966308));
#6440=CARTESIAN_POINT('',(77.14,143.287012356043,-105.15170739658));
#6441=CARTESIAN_POINT('Origin',(79.89,143.287012356043,-105.15170739658));
#6442=CARTESIAN_POINT('',(77.14,144.764223985561,-105.41217966308));
#6443=CARTESIAN_POINT('Origin',(79.89,143.287012356043,-105.15170739658));
#6444=CARTESIAN_POINT('Origin',(79.89,149.195858874116,-106.193596462582));
#6445=CARTESIAN_POINT('',(78.39,152.150282133153,-106.714540995582));
#6446=CARTESIAN_POINT('Origin',(79.89,152.150282133153,-106.714540995582));
#6447=CARTESIAN_POINT('',(78.39,149.195858874116,-106.193596462582));
#6448=CARTESIAN_POINT('Origin',(79.89,152.150282133153,-106.714540995582));
#6449=CARTESIAN_POINT('Origin',(-82.293,183.312732005614,-144.267355256917));
#6450=CARTESIAN_POINT('',(-83.343,184.090730130494,-144.404537317274));
#6451=CARTESIAN_POINT('Origin',(-82.293,184.090730130494,-144.404537317274));
#6452=CARTESIAN_POINT('',(-83.343,182.515037725674,-144.126700233007));
#6453=CARTESIAN_POINT('',(-83.343,183.312732005614,-144.267355256917));
#6454=CARTESIAN_POINT('Origin',(-82.293,182.515037725674,-144.126700233007));
#6455=CARTESIAN_POINT('Origin',(-82.293,182.515037725674,-144.126700233007));
#6456=CARTESIAN_POINT('Origin',(-82.293,181.136306871457,-143.883592784273));
#6457=CARTESIAN_POINT('',(-85.043,181.136306871457,-143.883592784273));
#6458=CARTESIAN_POINT('Origin',(-82.293,181.136306871457,-143.883592784273));
#6459=CARTESIAN_POINT('',(-83.793,181.136306871457,-143.883592784273));
#6460=CARTESIAN_POINT('Origin',(-82.293,181.136306871457,-143.883592784273));
#6461=CARTESIAN_POINT('Origin',(-82.293,182.613518500975,-144.144065050774));
#6462=CARTESIAN_POINT('',(-85.043,184.090730130494,-144.404537317274));
#6463=CARTESIAN_POINT('Origin',(-82.293,184.090730130494,-144.404537317274));
#6464=CARTESIAN_POINT('',(-85.043,182.613518500975,-144.144065050774));
#6465=CARTESIAN_POINT('Origin',(-82.293,184.090730130494,-144.404537317274));
#6466=CARTESIAN_POINT('Origin',(-82.293,154.054093663621,-139.108267898433));
#6467=CARTESIAN_POINT('',(-83.793,126.971880455786,-134.332943012592));
#6468=CARTESIAN_POINT('Origin',(-82.293,126.971880455786,-134.332943012592));
#6469=CARTESIAN_POINT('',(-83.793,154.054093663621,-139.108267898433));
#6470=CARTESIAN_POINT('Origin',(-82.293,126.971880455786,-134.332943012592));
#6471=CARTESIAN_POINT('Origin',(-82.293,220.273920270198,65.3499597794842));
#6472=CARTESIAN_POINT('',(-83.343,221.051918395078,65.2127777191273));
#6473=CARTESIAN_POINT('Origin',(-82.293,221.051918395078,65.2127777191273));
#6474=CARTESIAN_POINT('',(-83.343,219.476225990258,65.4906148033945));
#6475=CARTESIAN_POINT('',(-83.343,220.273920270198,65.3499597794842));
#6476=CARTESIAN_POINT('Origin',(-82.293,219.476225990258,65.4906148033945));
#6477=CARTESIAN_POINT('Origin',(-82.293,219.476225990258,65.4906148033945));
#6478=CARTESIAN_POINT('Origin',(-82.293,218.097495136041,65.7337222521281));
#6479=CARTESIAN_POINT('',(-85.043,218.097495136041,65.7337222521281));
#6480=CARTESIAN_POINT('Origin',(-82.293,218.097495136041,65.7337222521281));
#6481=CARTESIAN_POINT('',(-83.793,218.097495136041,65.7337222521281));
#6482=CARTESIAN_POINT('Origin',(-82.293,218.097495136041,65.7337222521281));
#6483=CARTESIAN_POINT('Origin',(-82.293,219.574706765559,65.4732499856277));
#6484=CARTESIAN_POINT('',(-85.043,221.051918395078,65.2127777191274));
#6485=CARTESIAN_POINT('Origin',(-82.293,221.051918395078,65.2127777191274));
#6486=CARTESIAN_POINT('',(-85.043,219.574706765559,65.4732499856277));
#6487=CARTESIAN_POINT('Origin',(-82.293,221.051918395078,65.2127777191274));
#6488=CARTESIAN_POINT('Origin',(-82.293,191.015281928205,70.5090471379687));
#6489=CARTESIAN_POINT('',(-83.793,163.93306872037,75.2843720238093));
#6490=CARTESIAN_POINT('Origin',(-82.293,163.93306872037,75.2843720238093));
#6491=CARTESIAN_POINT('',(-83.793,191.015281928205,70.5090471379687));
#6492=CARTESIAN_POINT('Origin',(-82.293,163.93306872037,75.2843720238093));
#6493=CARTESIAN_POINT('Origin',(82.293,183.312732005614,-144.267355256917));
#6494=CARTESIAN_POINT('',(81.243,184.090730130494,-144.404537317274));
#6495=CARTESIAN_POINT('Origin',(82.293,184.090730130494,-144.404537317274));
#6496=CARTESIAN_POINT('',(81.243,182.515037725674,-144.126700233007));
#6497=CARTESIAN_POINT('',(81.243,183.312732005614,-144.267355256917));
#6498=CARTESIAN_POINT('Origin',(82.293,182.515037725674,-144.126700233007));
#6499=CARTESIAN_POINT('Origin',(82.293,182.515037725674,-144.126700233007));
#6500=CARTESIAN_POINT('Origin',(82.293,181.136306871457,-143.883592784273));
#6501=CARTESIAN_POINT('',(79.543,181.136306871457,-143.883592784273));
#6502=CARTESIAN_POINT('Origin',(82.293,181.136306871457,-143.883592784273));
#6503=CARTESIAN_POINT('',(80.793,181.136306871457,-143.883592784273));
#6504=CARTESIAN_POINT('Origin',(82.293,181.136306871457,-143.883592784273));
#6505=CARTESIAN_POINT('Origin',(82.293,182.613518500976,-144.144065050774));
#6506=CARTESIAN_POINT('',(79.543,184.090730130494,-144.404537317274));
#6507=CARTESIAN_POINT('Origin',(82.293,184.090730130494,-144.404537317274));
#6508=CARTESIAN_POINT('',(79.543,182.613518500976,-144.144065050774));
#6509=CARTESIAN_POINT('Origin',(82.293,184.090730130494,-144.404537317274));
#6510=CARTESIAN_POINT('Origin',(82.293,154.054093663622,-139.108267898433));
#6511=CARTESIAN_POINT('',(80.793,126.971880455786,-134.332943012592));
#6512=CARTESIAN_POINT('Origin',(82.293,126.971880455786,-134.332943012592));
#6513=CARTESIAN_POINT('',(80.793,154.054093663622,-139.108267898433));
#6514=CARTESIAN_POINT('Origin',(82.293,126.971880455786,-134.332943012592));
#6515=CARTESIAN_POINT('Origin',(82.293,220.273920270198,65.3499597794842));
#6516=CARTESIAN_POINT('',(81.243,221.051918395078,65.2127777191273));
#6517=CARTESIAN_POINT('Origin',(82.293,221.051918395078,65.2127777191273));
#6518=CARTESIAN_POINT('',(81.243,219.476225990258,65.4906148033945));
#6519=CARTESIAN_POINT('',(81.243,220.273920270198,65.3499597794842));
#6520=CARTESIAN_POINT('Origin',(82.293,219.476225990258,65.4906148033945));
#6521=CARTESIAN_POINT('Origin',(82.293,219.476225990258,65.4906148033945));
#6522=CARTESIAN_POINT('Origin',(82.293,218.097495136041,65.7337222521281));
#6523=CARTESIAN_POINT('',(79.543,218.097495136041,65.7337222521281));
#6524=CARTESIAN_POINT('Origin',(82.293,218.097495136041,65.7337222521281));
#6525=CARTESIAN_POINT('',(80.793,218.097495136041,65.7337222521281));
#6526=CARTESIAN_POINT('Origin',(82.293,218.097495136041,65.7337222521281));
#6527=CARTESIAN_POINT('Origin',(82.293,219.574706765559,65.4732499856277));
#6528=CARTESIAN_POINT('',(79.543,221.051918395078,65.2127777191274));
#6529=CARTESIAN_POINT('Origin',(82.293,221.051918395078,65.2127777191274));
#6530=CARTESIAN_POINT('',(79.543,219.574706765559,65.4732499856277));
#6531=CARTESIAN_POINT('Origin',(82.293,221.051918395078,65.2127777191274));
#6532=CARTESIAN_POINT('Origin',(82.293,191.015281928205,70.5090471379687));
#6533=CARTESIAN_POINT('',(80.793,163.93306872037,75.2843720238093));
#6534=CARTESIAN_POINT('Origin',(82.293,163.93306872037,75.2843720238093));
#6535=CARTESIAN_POINT('',(80.793,191.015281928205,70.5090471379687));
#6536=CARTESIAN_POINT('Origin',(82.293,163.93306872037,75.2843720238093));
#6537=CARTESIAN_POINT('Origin',(-86.29,132.1945629872,-123.717581116921));
#6538=CARTESIAN_POINT('',(-87.34,131.41656486232,-123.580399056564));
#6539=CARTESIAN_POINT('Origin',(-86.29,131.41656486232,-123.580399056564));
#6540=CARTESIAN_POINT('',(-87.34,132.99225726714,-123.858236140832));
#6541=CARTESIAN_POINT('',(-87.34,132.1945629872,-123.717581116921));
#6542=CARTESIAN_POINT('Origin',(-86.29,132.99225726714,-123.858236140832));
#6543=CARTESIAN_POINT('Origin',(-86.29,132.99225726714,-123.858236140832));
#6544=CARTESIAN_POINT('Origin',(-86.29,134.370988121357,-124.101343589565));
#6545=CARTESIAN_POINT('',(-89.04,134.370988121357,-124.101343589565));
#6546=CARTESIAN_POINT('Origin',(-86.29,134.370988121357,-124.101343589565));
#6547=CARTESIAN_POINT('',(-87.79,134.370988121357,-124.101343589565));
#6548=CARTESIAN_POINT('Origin',(-86.29,134.370988121357,-124.101343589565));
#6549=CARTESIAN_POINT('Origin',(-86.29,132.893776491839,-123.840871323065));
#6550=CARTESIAN_POINT('',(-89.04,131.41656486232,-123.580399056564));
#6551=CARTESIAN_POINT('Origin',(-86.29,131.41656486232,-123.580399056564));
#6552=CARTESIAN_POINT('',(-89.04,132.893776491839,-123.840871323065));
#6553=CARTESIAN_POINT('Origin',(-86.29,131.41656486232,-123.580399056564));
#6554=CARTESIAN_POINT('Origin',(-86.29,142.249450145455,-125.490529010901));
#6555=CARTESIAN_POINT('',(-87.79,150.127912169552,-126.879714432236));
#6556=CARTESIAN_POINT('Origin',(-86.29,150.127912169552,-126.879714432236));
#6557=CARTESIAN_POINT('',(-87.79,142.249450145455,-125.490529010901));
#6558=CARTESIAN_POINT('Origin',(-86.29,150.127912169552,-126.879714432236));
#6559=CARTESIAN_POINT('Origin',(-86.29,140.701587211103,-75.4718492968533));
#6560=CARTESIAN_POINT('',(-87.34,139.923589086223,-75.3346672364964));
#6561=CARTESIAN_POINT('Origin',(-86.29,139.923589086223,-75.3346672364964));
#6562=CARTESIAN_POINT('',(-87.34,141.499281491043,-75.6125043207635));
#6563=CARTESIAN_POINT('',(-87.34,140.701587211103,-75.4718492968533));
#6564=CARTESIAN_POINT('Origin',(-86.29,141.499281491043,-75.6125043207635));
#6565=CARTESIAN_POINT('Origin',(-86.29,141.499281491043,-75.6125043207635));
#6566=CARTESIAN_POINT('Origin',(-86.29,142.87801234526,-75.8556117694972));
#6567=CARTESIAN_POINT('',(-89.04,142.87801234526,-75.8556117694972));
#6568=CARTESIAN_POINT('Origin',(-86.29,142.87801234526,-75.8556117694972));
#6569=CARTESIAN_POINT('',(-87.79,142.87801234526,-75.8556117694972));
#6570=CARTESIAN_POINT('Origin',(-86.29,142.87801234526,-75.8556117694972));
#6571=CARTESIAN_POINT('Origin',(-86.29,141.400800715742,-75.5951395029968));
#6572=CARTESIAN_POINT('',(-89.04,139.923589086223,-75.3346672364964));
#6573=CARTESIAN_POINT('Origin',(-86.29,139.923589086223,-75.3346672364964));
#6574=CARTESIAN_POINT('',(-89.04,141.400800715742,-75.5951395029968));
#6575=CARTESIAN_POINT('Origin',(-86.29,139.923589086223,-75.3346672364964));
#6576=CARTESIAN_POINT('Origin',(-86.29,150.756474369358,-77.2447971908326));
#6577=CARTESIAN_POINT('',(-87.79,158.634936393455,-78.6339826121681));
#6578=CARTESIAN_POINT('Origin',(-86.29,158.634936393455,-78.6339826121681));
#6579=CARTESIAN_POINT('',(-87.79,150.756474369358,-77.2447971908326));
#6580=CARTESIAN_POINT('Origin',(-86.29,158.634936393455,-78.6339826121681));
#6581=CARTESIAN_POINT('Origin',(-37.79,132.1945629872,-123.717581116921));
#6582=CARTESIAN_POINT('',(-38.84,131.41656486232,-123.580399056565));
#6583=CARTESIAN_POINT('Origin',(-37.79,131.41656486232,-123.580399056565));
#6584=CARTESIAN_POINT('',(-38.84,132.99225726714,-123.858236140832));
#6585=CARTESIAN_POINT('',(-38.84,132.1945629872,-123.717581116921));
#6586=CARTESIAN_POINT('Origin',(-37.79,132.99225726714,-123.858236140832));
#6587=CARTESIAN_POINT('Origin',(-37.79,132.99225726714,-123.858236140832));
#6588=CARTESIAN_POINT('Origin',(-37.79,134.370988121357,-124.101343589565));
#6589=CARTESIAN_POINT('',(-40.54,134.370988121357,-124.101343589565));
#6590=CARTESIAN_POINT('Origin',(-37.79,134.370988121357,-124.101343589565));
#6591=CARTESIAN_POINT('',(-39.29,134.370988121357,-124.101343589565));
#6592=CARTESIAN_POINT('Origin',(-37.79,134.370988121357,-124.101343589565));
#6593=CARTESIAN_POINT('Origin',(-37.79,132.893776491839,-123.840871323065));
#6594=CARTESIAN_POINT('',(-40.54,131.41656486232,-123.580399056564));
#6595=CARTESIAN_POINT('Origin',(-37.79,131.41656486232,-123.580399056565));
#6596=CARTESIAN_POINT('',(-40.54,132.893776491839,-123.840871323065));
#6597=CARTESIAN_POINT('Origin',(-37.79,131.41656486232,-123.580399056565));
#6598=CARTESIAN_POINT('Origin',(-37.79,142.249450145455,-125.490529010901));
#6599=CARTESIAN_POINT('',(-39.29,150.127912169552,-126.879714432236));
#6600=CARTESIAN_POINT('Origin',(-37.79,150.127912169552,-126.879714432236));
#6601=CARTESIAN_POINT('',(-39.29,142.249450145455,-125.490529010901));
#6602=CARTESIAN_POINT('Origin',(-37.79,150.127912169552,-126.879714432236));
#6603=CARTESIAN_POINT('Origin',(-37.79,140.701587211103,-75.4718492968533));
#6604=CARTESIAN_POINT('',(-38.84,139.923589086223,-75.3346672364964));
#6605=CARTESIAN_POINT('Origin',(-37.79,139.923589086223,-75.3346672364964));
#6606=CARTESIAN_POINT('',(-38.84,141.499281491043,-75.6125043207635));
#6607=CARTESIAN_POINT('',(-38.84,140.701587211103,-75.4718492968533));
#6608=CARTESIAN_POINT('Origin',(-37.79,141.499281491043,-75.6125043207635));
#6609=CARTESIAN_POINT('Origin',(-37.79,141.499281491043,-75.6125043207635));
#6610=CARTESIAN_POINT('Origin',(-37.79,142.87801234526,-75.8556117694972));
#6611=CARTESIAN_POINT('',(-40.54,142.87801234526,-75.8556117694972));
#6612=CARTESIAN_POINT('Origin',(-37.79,142.87801234526,-75.8556117694972));
#6613=CARTESIAN_POINT('',(-39.29,142.87801234526,-75.8556117694972));
#6614=CARTESIAN_POINT('Origin',(-37.79,142.87801234526,-75.8556117694972));
#6615=CARTESIAN_POINT('Origin',(-37.79,141.400800715742,-75.5951395029968));
#6616=CARTESIAN_POINT('',(-40.54,139.923589086223,-75.3346672364964));
#6617=CARTESIAN_POINT('Origin',(-37.79,139.923589086223,-75.3346672364964));
#6618=CARTESIAN_POINT('',(-40.54,141.400800715742,-75.5951395029968));
#6619=CARTESIAN_POINT('Origin',(-37.79,139.923589086223,-75.3346672364964));
#6620=CARTESIAN_POINT('Origin',(-37.79,150.756474369358,-77.2447971908326));
#6621=CARTESIAN_POINT('',(-39.29,158.634936393455,-78.6339826121681));
#6622=CARTESIAN_POINT('Origin',(-37.79,158.634936393455,-78.6339826121681));
#6623=CARTESIAN_POINT('',(-39.29,150.756474369358,-77.2447971908326));
#6624=CARTESIAN_POINT('Origin',(-37.79,158.634936393455,-78.6339826121681));
#6625=CARTESIAN_POINT('Origin',(83.525,189.460023304713,4.39698083578875));
#6626=CARTESIAN_POINT('',(82.77,188.632784792182,4.54284530502896));
#6627=CARTESIAN_POINT('Origin',(82.77,189.460023304713,4.39698083578875));
#6628=CARTESIAN_POINT('',(84.32,188.632784792182,4.54284530502897));
#6629=CARTESIAN_POINT('',(83.525,188.632784792182,4.54284530502897));
#6630=CARTESIAN_POINT('Origin',(84.32,189.460023304713,4.39698083578875));
#6631=CARTESIAN_POINT('Origin',(84.32,189.460023304713,4.39698083578875));
#6632=CARTESIAN_POINT('Origin',(85.27,189.460023304713,4.39698083578875));
#6633=CARTESIAN_POINT('',(85.27,187.244205860435,4.78768923553935));
#6634=CARTESIAN_POINT('Origin',(85.27,189.460023304713,4.39698083578875));
#6635=CARTESIAN_POINT('',(85.27,188.229013613447,4.61404105787242));
#6636=CARTESIAN_POINT('Origin',(85.27,189.460023304713,4.39698083578875));
#6637=CARTESIAN_POINT('Origin',(84.02,189.460023304713,4.39698083578875));
#6638=CARTESIAN_POINT('',(82.77,187.244205860435,4.78768923553935));
#6639=CARTESIAN_POINT('',(84.02,187.244205860435,4.78768923553935));
#6640=CARTESIAN_POINT('Origin',(82.77,189.460023304713,4.39698083578875));
#6641=CARTESIAN_POINT('Origin',(82.77,189.460023304713,4.39698083578875));
#6642=CARTESIAN_POINT('Origin',(88.23,189.460023304713,4.39698083578875));
#6643=CARTESIAN_POINT('',(91.27,188.229013613447,4.61404105787242));
#6644=CARTESIAN_POINT('Origin',(91.27,189.460023304713,4.39698083578875));
#6645=CARTESIAN_POINT('',(88.23,188.229013613447,4.61404105787242));
#6646=CARTESIAN_POINT('Origin',(91.27,189.460023304713,4.39698083578875));
#6647=CARTESIAN_POINT('Origin',(83.525,176.952964841458,6.60231269215878));
#6648=CARTESIAN_POINT('',(82.77,176.125726328927,6.74817716139898));
#6649=CARTESIAN_POINT('Origin',(82.77,176.952964841458,6.60231269215878));
#6650=CARTESIAN_POINT('',(84.32,176.125726328927,6.748177161399));
#6651=CARTESIAN_POINT('',(83.525,176.125726328927,6.748177161399));
#6652=CARTESIAN_POINT('Origin',(84.32,176.952964841458,6.60231269215878));
#6653=CARTESIAN_POINT('Origin',(84.32,176.952964841458,6.60231269215878));
#6654=CARTESIAN_POINT('Origin',(85.27,176.952964841458,6.60231269215878));
#6655=CARTESIAN_POINT('',(85.27,174.73714739718,6.99302109190937));
#6656=CARTESIAN_POINT('Origin',(85.27,176.952964841458,6.60231269215878));
#6657=CARTESIAN_POINT('',(85.27,175.721955150192,6.81937291424244));
#6658=CARTESIAN_POINT('Origin',(85.27,176.952964841458,6.60231269215878));
#6659=CARTESIAN_POINT('Origin',(84.02,176.952964841458,6.60231269215878));
#6660=CARTESIAN_POINT('',(82.77,174.73714739718,6.99302109190937));
#6661=CARTESIAN_POINT('',(84.02,174.73714739718,6.99302109190937));
#6662=CARTESIAN_POINT('Origin',(82.77,176.952964841458,6.60231269215878));
#6663=CARTESIAN_POINT('Origin',(82.77,176.952964841458,6.60231269215878));
#6664=CARTESIAN_POINT('Origin',(88.23,176.952964841458,6.60231269215878));
#6665=CARTESIAN_POINT('',(91.27,175.721955150192,6.81937291424244));
#6666=CARTESIAN_POINT('Origin',(91.27,176.952964841458,6.60231269215878));
#6667=CARTESIAN_POINT('',(88.23,175.721955150192,6.81937291424244));
#6668=CARTESIAN_POINT('Origin',(91.27,176.952964841458,6.60231269215878));
#6669=CARTESIAN_POINT('Origin',(83.525,192.988554274905,24.4082743769968));
#6670=CARTESIAN_POINT('',(82.77,192.161315762374,24.554138846237));
#6671=CARTESIAN_POINT('Origin',(82.77,192.988554274905,24.4082743769968));
#6672=CARTESIAN_POINT('',(84.32,192.161315762374,24.554138846237));
#6673=CARTESIAN_POINT('',(83.525,192.161315762374,24.554138846237));
#6674=CARTESIAN_POINT('Origin',(84.32,192.988554274905,24.4082743769968));
#6675=CARTESIAN_POINT('Origin',(84.32,192.988554274905,24.4082743769968));
#6676=CARTESIAN_POINT('Origin',(85.27,192.988554274905,24.4082743769968));
#6677=CARTESIAN_POINT('',(85.27,190.772736830627,24.7989827767474));
#6678=CARTESIAN_POINT('Origin',(85.27,192.988554274905,24.4082743769968));
#6679=CARTESIAN_POINT('',(85.27,191.757544583639,24.6253345990805));
#6680=CARTESIAN_POINT('Origin',(85.27,192.988554274905,24.4082743769968));
#6681=CARTESIAN_POINT('Origin',(84.02,192.988554274905,24.4082743769968));
#6682=CARTESIAN_POINT('',(82.77,190.772736830627,24.7989827767474));
#6683=CARTESIAN_POINT('',(84.02,190.772736830627,24.7989827767474));
#6684=CARTESIAN_POINT('Origin',(82.77,192.988554274905,24.4082743769968));
#6685=CARTESIAN_POINT('Origin',(82.77,192.988554274905,24.4082743769968));
#6686=CARTESIAN_POINT('Origin',(88.23,192.988554274905,24.4082743769968));
#6687=CARTESIAN_POINT('',(91.27,191.757544583639,24.6253345990805));
#6688=CARTESIAN_POINT('Origin',(91.27,192.988554274905,24.4082743769968));
#6689=CARTESIAN_POINT('',(88.23,191.757544583639,24.6253345990805));
#6690=CARTESIAN_POINT('Origin',(91.27,192.988554274905,24.4082743769968));
#6691=CARTESIAN_POINT('Origin',(83.525,180.48149581165,26.6136062333668));
#6692=CARTESIAN_POINT('',(82.77,179.654257299119,26.759470702607));
#6693=CARTESIAN_POINT('Origin',(82.77,180.48149581165,26.6136062333668));
#6694=CARTESIAN_POINT('',(84.32,179.654257299119,26.7594707026071));
#6695=CARTESIAN_POINT('',(83.525,179.654257299119,26.7594707026071));
#6696=CARTESIAN_POINT('Origin',(84.32,180.48149581165,26.6136062333668));
#6697=CARTESIAN_POINT('Origin',(84.32,180.48149581165,26.6136062333668));
#6698=CARTESIAN_POINT('Origin',(85.27,180.48149581165,26.6136062333668));
#6699=CARTESIAN_POINT('',(85.27,178.265678367372,27.0043146331174));
#6700=CARTESIAN_POINT('Origin',(85.27,180.48149581165,26.6136062333668));
#6701=CARTESIAN_POINT('',(85.27,179.250486120384,26.8306664554505));
#6702=CARTESIAN_POINT('Origin',(85.27,180.48149581165,26.6136062333668));
#6703=CARTESIAN_POINT('Origin',(84.02,180.48149581165,26.6136062333668));
#6704=CARTESIAN_POINT('',(82.77,178.265678367372,27.0043146331174));
#6705=CARTESIAN_POINT('',(84.02,178.265678367372,27.0043146331174));
#6706=CARTESIAN_POINT('Origin',(82.77,180.48149581165,26.6136062333668));
#6707=CARTESIAN_POINT('Origin',(82.77,180.48149581165,26.6136062333668));
#6708=CARTESIAN_POINT('Origin',(88.23,180.48149581165,26.6136062333668));
#6709=CARTESIAN_POINT('',(91.27,179.250486120384,26.8306664554505));
#6710=CARTESIAN_POINT('Origin',(91.27,180.48149581165,26.6136062333668));
#6711=CARTESIAN_POINT('',(88.23,179.250486120384,26.8306664554505));
#6712=CARTESIAN_POINT('Origin',(91.27,180.48149581165,26.6136062333668));
#6713=CARTESIAN_POINT('Origin',(84.525,189.460023304713,4.39698083578875));
#6714=CARTESIAN_POINT('',(83.77,188.632784792182,4.54284530502896));
#6715=CARTESIAN_POINT('Origin',(83.77,189.460023304713,4.39698083578875));
#6716=CARTESIAN_POINT('',(85.32,188.632784792182,4.54284530502897));
#6717=CARTESIAN_POINT('',(84.525,188.632784792182,4.54284530502897));
#6718=CARTESIAN_POINT('Origin',(85.32,189.460023304713,4.39698083578875));
#6719=CARTESIAN_POINT('Origin',(85.32,189.460023304713,4.39698083578875));
#6720=CARTESIAN_POINT('Origin',(86.27,189.460023304713,4.39698083578875));
#6721=CARTESIAN_POINT('',(86.27,187.244205860435,4.78768923553935));
#6722=CARTESIAN_POINT('Origin',(86.27,189.460023304713,4.39698083578875));
#6723=CARTESIAN_POINT('',(86.27,188.229013613447,4.61404105787242));
#6724=CARTESIAN_POINT('Origin',(86.27,189.460023304713,4.39698083578875));
#6725=CARTESIAN_POINT('Origin',(85.02,189.460023304713,4.39698083578875));
#6726=CARTESIAN_POINT('',(83.77,187.244205860435,4.78768923553935));
#6727=CARTESIAN_POINT('',(85.02,187.244205860435,4.78768923553935));
#6728=CARTESIAN_POINT('Origin',(83.77,189.460023304713,4.39698083578875));
#6729=CARTESIAN_POINT('Origin',(83.77,189.460023304713,4.39698083578875));
#6730=CARTESIAN_POINT('Origin',(89.23,189.460023304713,4.39698083578875));
#6731=CARTESIAN_POINT('',(92.27,188.229013613447,4.61404105787242));
#6732=CARTESIAN_POINT('Origin',(92.27,189.460023304713,4.39698083578875));
#6733=CARTESIAN_POINT('',(89.23,188.229013613447,4.61404105787242));
#6734=CARTESIAN_POINT('Origin',(92.27,189.460023304713,4.39698083578875));
#6735=CARTESIAN_POINT('Origin',(84.525,176.952964841458,6.60231269215878));
#6736=CARTESIAN_POINT('',(83.77,176.125726328927,6.74817716139898));
#6737=CARTESIAN_POINT('Origin',(83.77,176.952964841458,6.60231269215878));
#6738=CARTESIAN_POINT('',(85.32,176.125726328927,6.748177161399));
#6739=CARTESIAN_POINT('',(84.525,176.125726328927,6.748177161399));
#6740=CARTESIAN_POINT('Origin',(85.32,176.952964841458,6.60231269215878));
#6741=CARTESIAN_POINT('Origin',(85.32,176.952964841458,6.60231269215878));
#6742=CARTESIAN_POINT('Origin',(86.27,176.952964841458,6.60231269215878));
#6743=CARTESIAN_POINT('',(86.27,174.73714739718,6.99302109190937));
#6744=CARTESIAN_POINT('Origin',(86.27,176.952964841458,6.60231269215878));
#6745=CARTESIAN_POINT('',(86.27,175.721955150192,6.81937291424244));
#6746=CARTESIAN_POINT('Origin',(86.27,176.952964841458,6.60231269215878));
#6747=CARTESIAN_POINT('Origin',(85.02,176.952964841458,6.60231269215878));
#6748=CARTESIAN_POINT('',(83.77,174.73714739718,6.99302109190937));
#6749=CARTESIAN_POINT('',(85.02,174.73714739718,6.99302109190937));
#6750=CARTESIAN_POINT('Origin',(83.77,176.952964841458,6.60231269215878));
#6751=CARTESIAN_POINT('Origin',(83.77,176.952964841458,6.60231269215878));
#6752=CARTESIAN_POINT('Origin',(89.23,176.952964841458,6.60231269215878));
#6753=CARTESIAN_POINT('',(92.27,175.721955150192,6.81937291424244));
#6754=CARTESIAN_POINT('Origin',(92.27,176.952964841458,6.60231269215878));
#6755=CARTESIAN_POINT('',(89.23,175.721955150192,6.81937291424244));
#6756=CARTESIAN_POINT('Origin',(92.27,176.952964841458,6.60231269215878));
#6757=CARTESIAN_POINT('Origin',(84.525,192.988554274905,24.4082743769968));
#6758=CARTESIAN_POINT('',(83.77,192.161315762374,24.554138846237));
#6759=CARTESIAN_POINT('Origin',(83.77,192.988554274905,24.4082743769968));
#6760=CARTESIAN_POINT('',(85.32,192.161315762374,24.554138846237));
#6761=CARTESIAN_POINT('',(84.525,192.161315762374,24.554138846237));
#6762=CARTESIAN_POINT('Origin',(85.32,192.988554274905,24.4082743769968));
#6763=CARTESIAN_POINT('Origin',(85.32,192.988554274905,24.4082743769968));
#6764=CARTESIAN_POINT('Origin',(86.27,192.988554274905,24.4082743769968));
#6765=CARTESIAN_POINT('',(86.27,190.772736830627,24.7989827767474));
#6766=CARTESIAN_POINT('Origin',(86.27,192.988554274905,24.4082743769968));
#6767=CARTESIAN_POINT('',(86.27,191.757544583639,24.6253345990805));
#6768=CARTESIAN_POINT('Origin',(86.27,192.988554274905,24.4082743769968));
#6769=CARTESIAN_POINT('Origin',(85.02,192.988554274905,24.4082743769968));
#6770=CARTESIAN_POINT('',(83.77,190.772736830627,24.7989827767474));
#6771=CARTESIAN_POINT('',(85.02,190.772736830627,24.7989827767474));
#6772=CARTESIAN_POINT('Origin',(83.77,192.988554274905,24.4082743769968));
#6773=CARTESIAN_POINT('Origin',(83.77,192.988554274905,24.4082743769968));
#6774=CARTESIAN_POINT('Origin',(89.23,192.988554274905,24.4082743769968));
#6775=CARTESIAN_POINT('',(92.27,191.757544583639,24.6253345990805));
#6776=CARTESIAN_POINT('Origin',(92.27,192.988554274905,24.4082743769968));
#6777=CARTESIAN_POINT('',(89.23,191.757544583639,24.6253345990805));
#6778=CARTESIAN_POINT('Origin',(92.27,192.988554274905,24.4082743769968));
#6779=CARTESIAN_POINT('Origin',(84.525,180.48149581165,26.6136062333668));
#6780=CARTESIAN_POINT('',(83.77,179.654257299119,26.759470702607));
#6781=CARTESIAN_POINT('Origin',(83.77,180.48149581165,26.6136062333668));
#6782=CARTESIAN_POINT('',(85.32,179.654257299119,26.7594707026071));
#6783=CARTESIAN_POINT('',(84.525,179.654257299119,26.7594707026071));
#6784=CARTESIAN_POINT('Origin',(85.32,180.48149581165,26.6136062333668));
#6785=CARTESIAN_POINT('Origin',(85.32,180.48149581165,26.6136062333668));
#6786=CARTESIAN_POINT('Origin',(86.27,180.48149581165,26.6136062333668));
#6787=CARTESIAN_POINT('',(86.27,178.265678367372,27.0043146331174));
#6788=CARTESIAN_POINT('Origin',(86.27,180.48149581165,26.6136062333668));
#6789=CARTESIAN_POINT('',(86.27,179.250486120384,26.8306664554505));
#6790=CARTESIAN_POINT('Origin',(86.27,180.48149581165,26.6136062333668));
#6791=CARTESIAN_POINT('Origin',(85.02,180.48149581165,26.6136062333668));
#6792=CARTESIAN_POINT('',(83.77,178.265678367372,27.0043146331174));
#6793=CARTESIAN_POINT('',(85.02,178.265678367372,27.0043146331174));
#6794=CARTESIAN_POINT('Origin',(83.77,180.48149581165,26.6136062333668));
#6795=CARTESIAN_POINT('Origin',(83.77,180.48149581165,26.6136062333668));
#6796=CARTESIAN_POINT('Origin',(89.23,180.48149581165,26.6136062333668));
#6797=CARTESIAN_POINT('',(92.27,179.250486120384,26.8306664554505));
#6798=CARTESIAN_POINT('Origin',(92.27,180.48149581165,26.6136062333668));
#6799=CARTESIAN_POINT('',(89.23,179.250486120384,26.8306664554505));
#6800=CARTESIAN_POINT('Origin',(92.27,180.48149581165,26.6136062333668));
#6801=CARTESIAN_POINT('Origin',(-23.04,158.808382146444,-117.788953134067));
#6802=CARTESIAN_POINT('',(-23.94,158.119016719335,-117.6673994097));
#6803=CARTESIAN_POINT('Origin',(-23.04,158.119016719335,-117.6673994097));
#6804=CARTESIAN_POINT('',(-23.94,159.596228348853,-117.927871676201));
#6805=CARTESIAN_POINT('',(-23.94,158.808382146444,-117.788953134067));
#6806=CARTESIAN_POINT('Origin',(-23.04,159.596228348853,-117.927871676201));
#6807=CARTESIAN_POINT('Origin',(-23.04,159.596228348853,-117.927871676201));
#6808=CARTESIAN_POINT('Origin',(-23.04,160.581036101866,-118.101519853867));
#6809=CARTESIAN_POINT('',(-25.29,160.581036101866,-118.101519853867));
#6810=CARTESIAN_POINT('Origin',(-23.04,160.581036101866,-118.101519853867));
#6811=CARTESIAN_POINT('',(-24.29,160.581036101866,-118.101519853867));
#6812=CARTESIAN_POINT('Origin',(-23.04,160.581036101866,-118.101519853867));
#6813=CARTESIAN_POINT('Origin',(-23.04,159.3500264106,-117.884459631784));
#6814=CARTESIAN_POINT('',(-25.29,158.119016719335,-117.6673994097));
#6815=CARTESIAN_POINT('',(-25.29,159.3500264106,-117.884459631784));
#6816=CARTESIAN_POINT('Origin',(-23.04,158.119016719335,-117.6673994097));
#6817=CARTESIAN_POINT('Origin',(-23.04,158.119016719335,-117.6673994097));
#6818=CARTESIAN_POINT('Origin',(-23.04,172.891133014518,-120.272122074704));
#6819=CARTESIAN_POINT('',(-24.29,185.201229927171,-122.442724295541));
#6820=CARTESIAN_POINT('Origin',(-23.04,185.201229927171,-122.442724295541));
#6821=CARTESIAN_POINT('',(-24.29,172.891133014518,-120.272122074704));
#6822=CARTESIAN_POINT('Origin',(-23.04,185.201229927171,-122.442724295541));
#6823=CARTESIAN_POINT('Origin',(-23.04,168.879976451125,-60.6701034593589));
#6824=CARTESIAN_POINT('',(-23.94,168.190611024017,-60.5485497349921));
#6825=CARTESIAN_POINT('Origin',(-23.04,168.190611024017,-60.5485497349921));
#6826=CARTESIAN_POINT('',(-23.94,169.667822653535,-60.8090220014925));
#6827=CARTESIAN_POINT('',(-23.94,168.879976451125,-60.6701034593589));
#6828=CARTESIAN_POINT('Origin',(-23.04,169.667822653535,-60.8090220014925));
#6829=CARTESIAN_POINT('Origin',(-23.04,169.667822653535,-60.8090220014925));
#6830=CARTESIAN_POINT('Origin',(-23.04,170.652630406547,-60.9826701791594));
#6831=CARTESIAN_POINT('',(-25.29,170.652630406547,-60.9826701791594));
#6832=CARTESIAN_POINT('Origin',(-23.04,170.652630406547,-60.9826701791594));
#6833=CARTESIAN_POINT('',(-24.29,170.652630406547,-60.9826701791594));
#6834=CARTESIAN_POINT('Origin',(-23.04,170.652630406547,-60.9826701791594));
#6835=CARTESIAN_POINT('Origin',(-23.04,169.421620715282,-60.7656099570757));
#6836=CARTESIAN_POINT('',(-25.29,168.190611024017,-60.5485497349921));
#6837=CARTESIAN_POINT('',(-25.29,169.421620715282,-60.7656099570757));
#6838=CARTESIAN_POINT('Origin',(-23.04,168.190611024017,-60.5485497349921));
#6839=CARTESIAN_POINT('Origin',(-23.04,168.190611024017,-60.5485497349921));
#6840=CARTESIAN_POINT('Origin',(-23.04,182.9627273192,-63.153272399996));
#6841=CARTESIAN_POINT('',(-24.29,195.272824231853,-65.3238746208327));
#6842=CARTESIAN_POINT('Origin',(-23.04,195.272824231853,-65.3238746208327));
#6843=CARTESIAN_POINT('',(-24.29,182.9627273192,-63.153272399996));
#6844=CARTESIAN_POINT('Origin',(-23.04,195.272824231853,-65.3238746208327));
#6845=CARTESIAN_POINT('Origin',(63.86,158.808382146444,-117.788953134067));
#6846=CARTESIAN_POINT('',(62.96,158.119016719335,-117.6673994097));
#6847=CARTESIAN_POINT('Origin',(63.86,158.119016719335,-117.6673994097));
#6848=CARTESIAN_POINT('',(62.96,159.596228348853,-117.927871676201));
#6849=CARTESIAN_POINT('',(62.96,158.808382146444,-117.788953134067));
#6850=CARTESIAN_POINT('Origin',(63.86,159.596228348853,-117.927871676201));
#6851=CARTESIAN_POINT('Origin',(63.86,159.596228348853,-117.927871676201));
#6852=CARTESIAN_POINT('Origin',(63.86,160.581036101866,-118.101519853867));
#6853=CARTESIAN_POINT('',(61.61,160.581036101866,-118.101519853867));
#6854=CARTESIAN_POINT('Origin',(63.86,160.581036101866,-118.101519853867));
#6855=CARTESIAN_POINT('',(62.61,160.581036101866,-118.101519853867));
#6856=CARTESIAN_POINT('Origin',(63.86,160.581036101866,-118.101519853867));
#6857=CARTESIAN_POINT('Origin',(63.86,159.3500264106,-117.884459631784));
#6858=CARTESIAN_POINT('',(61.61,158.119016719335,-117.6673994097));
#6859=CARTESIAN_POINT('',(61.61,159.3500264106,-117.884459631784));
#6860=CARTESIAN_POINT('Origin',(63.86,158.119016719335,-117.6673994097));
#6861=CARTESIAN_POINT('Origin',(63.86,158.119016719335,-117.6673994097));
#6862=CARTESIAN_POINT('Origin',(63.86,172.891133014518,-120.272122074704));
#6863=CARTESIAN_POINT('',(62.61,185.201229927171,-122.442724295541));
#6864=CARTESIAN_POINT('Origin',(63.86,185.201229927171,-122.442724295541));
#6865=CARTESIAN_POINT('',(62.61,172.891133014518,-120.272122074704));
#6866=CARTESIAN_POINT('Origin',(63.86,185.201229927171,-122.442724295541));
#6867=CARTESIAN_POINT('Origin',(63.86,168.879976451125,-60.6701034593589));
#6868=CARTESIAN_POINT('',(62.96,168.190611024017,-60.548549734992));
#6869=CARTESIAN_POINT('Origin',(63.86,168.190611024017,-60.548549734992));
#6870=CARTESIAN_POINT('',(62.96,169.667822653535,-60.8090220014925));
#6871=CARTESIAN_POINT('',(62.96,168.879976451125,-60.6701034593589));
#6872=CARTESIAN_POINT('Origin',(63.86,169.667822653535,-60.8090220014925));
#6873=CARTESIAN_POINT('Origin',(63.86,169.667822653535,-60.8090220014925));
#6874=CARTESIAN_POINT('Origin',(63.86,170.652630406547,-60.9826701791594));
#6875=CARTESIAN_POINT('',(61.61,170.652630406547,-60.9826701791594));
#6876=CARTESIAN_POINT('Origin',(63.86,170.652630406547,-60.9826701791594));
#6877=CARTESIAN_POINT('',(62.61,170.652630406547,-60.9826701791594));
#6878=CARTESIAN_POINT('Origin',(63.86,170.652630406547,-60.9826701791594));
#6879=CARTESIAN_POINT('Origin',(63.86,169.421620715282,-60.7656099570757));
#6880=CARTESIAN_POINT('',(61.61,168.190611024017,-60.5485497349921));
#6881=CARTESIAN_POINT('',(61.61,169.421620715282,-60.7656099570757));
#6882=CARTESIAN_POINT('Origin',(63.86,168.190611024017,-60.5485497349921));
#6883=CARTESIAN_POINT('Origin',(63.86,168.190611024017,-60.5485497349921));
#6884=CARTESIAN_POINT('Origin',(63.86,182.9627273192,-63.153272399996));
#6885=CARTESIAN_POINT('',(62.61,195.272824231853,-65.3238746208326));
#6886=CARTESIAN_POINT('Origin',(63.86,195.272824231853,-65.3238746208326));
#6887=CARTESIAN_POINT('',(62.61,182.9627273192,-63.153272399996));
#6888=CARTESIAN_POINT('Origin',(63.86,195.272824231853,-65.3238746208326));
#6889=CARTESIAN_POINT('Origin',(-78.8,136.788691160104,-60.0582142780112));
#6890=CARTESIAN_POINT('',(-79.85,136.010693035224,-59.9210322176544));
#6891=CARTESIAN_POINT('Origin',(-78.8,136.010693035224,-59.9210322176544));
#6892=CARTESIAN_POINT('',(-79.85,137.586385440044,-60.1988693019214));
#6893=CARTESIAN_POINT('',(-79.85,136.788691160104,-60.0582142780112));
#6894=CARTESIAN_POINT('Origin',(-78.8,137.586385440044,-60.1988693019214));
#6895=CARTESIAN_POINT('Origin',(-78.8,137.586385440044,-60.1988693019214));
#6896=CARTESIAN_POINT('Origin',(-78.8,138.965116294261,-60.4419767506551));
#6897=CARTESIAN_POINT('',(-81.55,138.965116294261,-60.4419767506551));
#6898=CARTESIAN_POINT('Origin',(-78.8,138.965116294261,-60.4419767506551));
#6899=CARTESIAN_POINT('',(-80.3,138.965116294261,-60.4419767506551));
#6900=CARTESIAN_POINT('Origin',(-78.8,138.965116294261,-60.4419767506552));
#6901=CARTESIAN_POINT('Origin',(-78.8,137.487904664742,-60.1815044841548));
#6902=CARTESIAN_POINT('',(-81.55,136.010693035224,-59.9210322176544));
#6903=CARTESIAN_POINT('Origin',(-78.8,136.010693035224,-59.9210322176544));
#6904=CARTESIAN_POINT('',(-81.55,137.487904664742,-60.1815044841548));
#6905=CARTESIAN_POINT('Origin',(-78.8,136.010693035224,-59.9210322176544));
#6906=CARTESIAN_POINT('Origin',(-78.8,141.919539553297,-60.9629212836559));
#6907=CARTESIAN_POINT('',(-80.3,144.873962812334,-61.4838658166567));
#6908=CARTESIAN_POINT('Origin',(-78.8,144.873962812334,-61.4838658166567));
#6909=CARTESIAN_POINT('',(-80.3,141.919539553297,-60.9629212836559));
#6910=CARTESIAN_POINT('Origin',(-78.8,144.873962812334,-61.4838658166567));
#6911=CARTESIAN_POINT('Origin',(-78.8,156.758231591801,53.1946773183927));
#6912=CARTESIAN_POINT('',(-79.85,155.980233466921,53.3318593787496));
#6913=CARTESIAN_POINT('Origin',(-78.8,155.980233466921,53.3318593787496));
#6914=CARTESIAN_POINT('',(-79.85,157.555925871741,53.0540222944825));
#6915=CARTESIAN_POINT('',(-79.85,156.758231591801,53.1946773183927));
#6916=CARTESIAN_POINT('Origin',(-78.8,157.555925871741,53.0540222944825));
#6917=CARTESIAN_POINT('Origin',(-78.8,157.555925871741,53.0540222944825));
#6918=CARTESIAN_POINT('Origin',(-78.8,158.934656725958,52.8109148457488));
#6919=CARTESIAN_POINT('',(-81.55,158.934656725958,52.8109148457488));
#6920=CARTESIAN_POINT('Origin',(-78.8,158.934656725958,52.8109148457488));
#6921=CARTESIAN_POINT('',(-80.3,158.934656725958,52.8109148457488));
#6922=CARTESIAN_POINT('Origin',(-78.8,158.934656725958,52.8109148457488));
#6923=CARTESIAN_POINT('Origin',(-78.8,157.457445096439,53.0713871122492));
#6924=CARTESIAN_POINT('',(-81.55,155.980233466921,53.3318593787496));
#6925=CARTESIAN_POINT('Origin',(-78.8,155.980233466921,53.3318593787496));
#6926=CARTESIAN_POINT('',(-81.55,157.457445096439,53.0713871122492));
#6927=CARTESIAN_POINT('Origin',(-78.8,155.980233466921,53.3318593787496));
#6928=CARTESIAN_POINT('Origin',(-78.8,161.889079984994,52.289970312748));
#6929=CARTESIAN_POINT('',(-80.3,164.843503244031,51.7690257797472));
#6930=CARTESIAN_POINT('Origin',(-78.8,164.843503244031,51.7690257797472));
#6931=CARTESIAN_POINT('',(-80.3,161.889079984994,52.289970312748));
#6932=CARTESIAN_POINT('Origin',(-78.8,164.843503244031,51.7690257797472));
#6933=CARTESIAN_POINT('Origin',(78.8,136.788691160104,-60.0582142780112));
#6934=CARTESIAN_POINT('',(77.75,136.010693035224,-59.9210322176544));
#6935=CARTESIAN_POINT('Origin',(78.8,136.010693035224,-59.9210322176544));
#6936=CARTESIAN_POINT('',(77.75,137.586385440044,-60.1988693019214));
#6937=CARTESIAN_POINT('',(77.75,136.788691160104,-60.0582142780112));
#6938=CARTESIAN_POINT('Origin',(78.8,137.586385440044,-60.1988693019214));
#6939=CARTESIAN_POINT('Origin',(78.8,137.586385440044,-60.1988693019214));
#6940=CARTESIAN_POINT('Origin',(78.8,138.965116294261,-60.4419767506551));
#6941=CARTESIAN_POINT('',(76.05,138.965116294261,-60.4419767506551));
#6942=CARTESIAN_POINT('Origin',(78.8,138.965116294261,-60.4419767506551));
#6943=CARTESIAN_POINT('',(77.3,138.965116294261,-60.4419767506551));
#6944=CARTESIAN_POINT('Origin',(78.8,138.965116294261,-60.4419767506552));
#6945=CARTESIAN_POINT('Origin',(78.8,137.487904664742,-60.1815044841548));
#6946=CARTESIAN_POINT('',(76.05,136.010693035224,-59.9210322176544));
#6947=CARTESIAN_POINT('Origin',(78.8,136.010693035224,-59.9210322176544));
#6948=CARTESIAN_POINT('',(76.05,137.487904664742,-60.1815044841548));
#6949=CARTESIAN_POINT('Origin',(78.8,136.010693035224,-59.9210322176544));
#6950=CARTESIAN_POINT('Origin',(78.8,141.919539553297,-60.9629212836559));
#6951=CARTESIAN_POINT('',(77.3,144.873962812334,-61.4838658166567));
#6952=CARTESIAN_POINT('Origin',(78.8,144.873962812334,-61.4838658166567));
#6953=CARTESIAN_POINT('',(77.3,141.919539553297,-60.9629212836559));
#6954=CARTESIAN_POINT('Origin',(78.8,144.873962812334,-61.4838658166567));
#6955=CARTESIAN_POINT('Origin',(78.8,156.758231591801,53.1946773183927));
#6956=CARTESIAN_POINT('',(77.75,155.980233466921,53.3318593787496));
#6957=CARTESIAN_POINT('Origin',(78.8,155.980233466921,53.3318593787496));
#6958=CARTESIAN_POINT('',(77.75,157.555925871741,53.0540222944825));
#6959=CARTESIAN_POINT('',(77.75,156.758231591801,53.1946773183927));
#6960=CARTESIAN_POINT('Origin',(78.8,157.555925871741,53.0540222944825));
#6961=CARTESIAN_POINT('Origin',(78.8,157.555925871741,53.0540222944825));
#6962=CARTESIAN_POINT('Origin',(78.8,158.934656725958,52.8109148457488));
#6963=CARTESIAN_POINT('',(76.05,158.934656725958,52.8109148457488));
#6964=CARTESIAN_POINT('Origin',(78.8,158.934656725958,52.8109148457488));
#6965=CARTESIAN_POINT('',(77.3,158.934656725958,52.8109148457488));
#6966=CARTESIAN_POINT('Origin',(78.8,158.934656725958,52.8109148457488));
#6967=CARTESIAN_POINT('Origin',(78.8,157.457445096439,53.0713871122492));
#6968=CARTESIAN_POINT('',(76.05,155.980233466921,53.3318593787496));
#6969=CARTESIAN_POINT('Origin',(78.8,155.980233466921,53.3318593787496));
#6970=CARTESIAN_POINT('',(76.05,157.457445096439,53.0713871122492));
#6971=CARTESIAN_POINT('Origin',(78.8,155.980233466921,53.3318593787496));
#6972=CARTESIAN_POINT('Origin',(78.8,161.889079984994,52.289970312748));
#6973=CARTESIAN_POINT('',(77.3,164.843503244031,51.7690257797472));
#6974=CARTESIAN_POINT('Origin',(78.8,164.843503244031,51.7690257797472));
#6975=CARTESIAN_POINT('',(77.3,161.889079984994,52.289970312748));
#6976=CARTESIAN_POINT('Origin',(78.8,164.843503244031,51.7690257797472));
#6977=CARTESIAN_POINT('Origin',(36.54,191.425130395833,-50.1451303663083));
#6978=CARTESIAN_POINT('',(35.7,190.681600542309,-50.0140259921697));
#6979=CARTESIAN_POINT('Origin',(36.54,190.681600542309,-50.0140259921697));
#6980=CARTESIAN_POINT('',(35.7,192.208052559478,-50.2831806675535));
#6981=CARTESIAN_POINT('',(35.7,191.425130395833,-50.1451303663083));
#6982=CARTESIAN_POINT('Origin',(36.54,192.208052559478,-50.2831806675535));
#6983=CARTESIAN_POINT('Origin',(36.54,192.208052559478,-50.2831806675535));
#6984=CARTESIAN_POINT('Origin',(36.54,193.143619924839,-50.4481464363371));
#6985=CARTESIAN_POINT('',(34.29,193.143619924839,-50.4481464363371));
#6986=CARTESIAN_POINT('Origin',(36.54,193.143619924839,-50.4481464363371));
#6987=CARTESIAN_POINT('',(35.29,193.143619924839,-50.4481464363371));
#6988=CARTESIAN_POINT('Origin',(36.54,193.143619924839,-50.4481464363371));
#6989=CARTESIAN_POINT('Origin',(36.54,191.912610233574,-50.2310862142534));
#6990=CARTESIAN_POINT('',(34.29,190.681600542309,-50.0140259921697));
#6991=CARTESIAN_POINT('',(34.29,191.912610233574,-50.2310862142534));
#6992=CARTESIAN_POINT('Origin',(36.54,190.681600542309,-50.0140259921697));
#6993=CARTESIAN_POINT('Origin',(36.54,190.681600542309,-50.0140259921697));
#6994=CARTESIAN_POINT('Origin',(36.54,195.566246997249,-50.8753209533977));
#6995=CARTESIAN_POINT('',(35.29,198.0676586899,-51.3163873246717));
#6996=CARTESIAN_POINT('Origin',(36.54,198.0676586899,-51.3163873246717));
#6997=CARTESIAN_POINT('',(35.29,195.566246997249,-50.8753209533977));
#6998=CARTESIAN_POINT('Origin',(36.54,198.0676586899,-51.3163873246717));
#6999=CARTESIAN_POINT('Origin',(36.54,193.630462252203,-37.6380719030532));
#7000=CARTESIAN_POINT('',(35.7,192.886932398679,-37.5069675289147));
#7001=CARTESIAN_POINT('Origin',(36.54,192.886932398679,-37.5069675289147));
#7002=CARTESIAN_POINT('',(35.7,194.413384415848,-37.7761222042984));
#7003=CARTESIAN_POINT('',(35.7,193.630462252203,-37.6380719030532));
#7004=CARTESIAN_POINT('Origin',(36.54,194.413384415848,-37.7761222042984));
#7005=CARTESIAN_POINT('Origin',(36.54,194.413384415848,-37.7761222042984));
#7006=CARTESIAN_POINT('Origin',(36.54,195.348951781209,-37.941087973082));
#7007=CARTESIAN_POINT('',(34.29,195.348951781209,-37.941087973082));
#7008=CARTESIAN_POINT('Origin',(36.54,195.348951781209,-37.941087973082));
#7009=CARTESIAN_POINT('',(35.29,195.348951781209,-37.941087973082));
#7010=CARTESIAN_POINT('Origin',(36.54,195.348951781209,-37.941087973082));
#7011=CARTESIAN_POINT('Origin',(36.54,194.117942089944,-37.7240277509984));
#7012=CARTESIAN_POINT('',(34.29,192.886932398679,-37.5069675289147));
#7013=CARTESIAN_POINT('',(34.29,194.117942089944,-37.7240277509984));
#7014=CARTESIAN_POINT('Origin',(36.54,192.886932398679,-37.5069675289147));
#7015=CARTESIAN_POINT('Origin',(36.54,192.886932398679,-37.5069675289147));
#7016=CARTESIAN_POINT('Origin',(36.54,197.771578853619,-38.3682624901427));
#7017=CARTESIAN_POINT('',(35.29,200.27299054627,-38.8093288614167));
#7018=CARTESIAN_POINT('Origin',(36.54,200.27299054627,-38.8093288614167));
#7019=CARTESIAN_POINT('',(35.29,197.771578853619,-38.3682624901427));
#7020=CARTESIAN_POINT('Origin',(36.54,200.27299054627,-38.8093288614167));
#7021=CARTESIAN_POINT('Origin',(56.86,191.425130395833,-50.1451303663083));
#7022=CARTESIAN_POINT('',(56.02,190.681600542309,-50.0140259921697));
#7023=CARTESIAN_POINT('Origin',(56.86,190.681600542309,-50.0140259921697));
#7024=CARTESIAN_POINT('',(56.02,192.208052559478,-50.2831806675535));
#7025=CARTESIAN_POINT('',(56.02,191.425130395833,-50.1451303663083));
#7026=CARTESIAN_POINT('Origin',(56.86,192.208052559478,-50.2831806675535));
#7027=CARTESIAN_POINT('Origin',(56.86,192.208052559478,-50.2831806675535));
#7028=CARTESIAN_POINT('Origin',(56.86,193.143619924839,-50.4481464363371));
#7029=CARTESIAN_POINT('',(54.61,193.143619924839,-50.4481464363371));
#7030=CARTESIAN_POINT('Origin',(56.86,193.143619924839,-50.4481464363371));
#7031=CARTESIAN_POINT('',(55.61,193.143619924839,-50.4481464363371));
#7032=CARTESIAN_POINT('Origin',(56.86,193.143619924839,-50.4481464363371));
#7033=CARTESIAN_POINT('Origin',(56.86,191.912610233574,-50.2310862142534));
#7034=CARTESIAN_POINT('',(54.61,190.681600542309,-50.0140259921697));
#7035=CARTESIAN_POINT('',(54.61,191.912610233574,-50.2310862142534));
#7036=CARTESIAN_POINT('Origin',(56.86,190.681600542309,-50.0140259921697));
#7037=CARTESIAN_POINT('Origin',(56.86,190.681600542309,-50.0140259921697));
#7038=CARTESIAN_POINT('Origin',(56.86,195.566246997249,-50.8753209533977));
#7039=CARTESIAN_POINT('',(55.61,198.0676586899,-51.3163873246717));
#7040=CARTESIAN_POINT('Origin',(56.86,198.0676586899,-51.3163873246717));
#7041=CARTESIAN_POINT('',(55.61,195.566246997249,-50.8753209533977));
#7042=CARTESIAN_POINT('Origin',(56.86,198.0676586899,-51.3163873246717));
#7043=CARTESIAN_POINT('Origin',(56.86,193.630462252203,-37.6380719030532));
#7044=CARTESIAN_POINT('',(56.02,192.886932398679,-37.5069675289147));
#7045=CARTESIAN_POINT('Origin',(56.86,192.886932398679,-37.5069675289147));
#7046=CARTESIAN_POINT('',(56.02,194.413384415848,-37.7761222042984));
#7047=CARTESIAN_POINT('',(56.02,193.630462252203,-37.6380719030532));
#7048=CARTESIAN_POINT('Origin',(56.86,194.413384415848,-37.7761222042984));
#7049=CARTESIAN_POINT('Origin',(56.86,194.413384415848,-37.7761222042984));
#7050=CARTESIAN_POINT('Origin',(56.86,195.348951781209,-37.941087973082));
#7051=CARTESIAN_POINT('',(54.61,195.348951781209,-37.941087973082));
#7052=CARTESIAN_POINT('Origin',(56.86,195.348951781209,-37.941087973082));
#7053=CARTESIAN_POINT('',(55.61,195.348951781209,-37.941087973082));
#7054=CARTESIAN_POINT('Origin',(56.86,195.348951781209,-37.941087973082));
#7055=CARTESIAN_POINT('Origin',(56.86,194.117942089944,-37.7240277509984));
#7056=CARTESIAN_POINT('',(54.61,192.886932398679,-37.5069675289147));
#7057=CARTESIAN_POINT('',(54.61,194.117942089944,-37.7240277509984));
#7058=CARTESIAN_POINT('Origin',(56.86,192.886932398679,-37.5069675289147));
#7059=CARTESIAN_POINT('Origin',(56.86,192.886932398679,-37.5069675289147));
#7060=CARTESIAN_POINT('Origin',(56.86,197.771578853619,-38.3682624901427));
#7061=CARTESIAN_POINT('',(55.61,200.27299054627,-38.8093288614167));
#7062=CARTESIAN_POINT('Origin',(56.86,200.27299054627,-38.8093288614167));
#7063=CARTESIAN_POINT('',(55.61,197.771578853619,-38.3682624901427));
#7064=CARTESIAN_POINT('Origin',(56.86,200.27299054627,-38.8093288614167));
#7065=UNCERTAINTY_MEASURE_WITH_UNIT(LENGTH_MEASURE(0.01),#7069,
'DISTANCE_ACCURACY_VALUE',
'Maximum model space distance between geometric entities at asserted c
onnectivities');
#7066=UNCERTAINTY_MEASURE_WITH_UNIT(LENGTH_MEASURE(0.01),#7069,
'DISTANCE_ACCURACY_VALUE',
'Maximum model space distance between geometric entities at asserted c
onnectivities');
#7067=(
GEOMETRIC_REPRESENTATION_CONTEXT(3)
GLOBAL_UNCERTAINTY_ASSIGNED_CONTEXT((#7065))
GLOBAL_UNIT_ASSIGNED_CONTEXT((#7069,#7071,#7072))
REPRESENTATION_CONTEXT('','3D')
);
#7068=(
GEOMETRIC_REPRESENTATION_CONTEXT(3)
GLOBAL_UNCERTAINTY_ASSIGNED_CONTEXT((#7066))
GLOBAL_UNIT_ASSIGNED_CONTEXT((#7069,#7071,#7072))
REPRESENTATION_CONTEXT('','3D')
);
#7069=(
LENGTH_UNIT()
NAMED_UNIT(*)
SI_UNIT(.MILLI.,.METRE.)
);
#7070=(
LENGTH_UNIT()
NAMED_UNIT(*)
SI_UNIT($,.METRE.)
);
#7071=(
NAMED_UNIT(*)
PLANE_ANGLE_UNIT()
SI_UNIT($,.RADIAN.)
);
#7072=(
NAMED_UNIT(*)
SI_UNIT($,.STERADIAN.)
SOLID_ANGLE_UNIT()
);
#7073=SHAPE_DEFINITION_REPRESENTATION(#7074,#7075);
#7074=PRODUCT_DEFINITION_SHAPE('',$,#7077);
#7075=SHAPE_REPRESENTATION('',(#3934),#7067);
#7076=PRODUCT_DEFINITION_CONTEXT('part definition',#7081,'design');
#7077=PRODUCT_DEFINITION('(Unsaved)','(Unsaved)',#7078,#7076);
#7078=PRODUCT_DEFINITION_FORMATION('',$,#7083);
#7079=PRODUCT_RELATED_PRODUCT_CATEGORY('(Unsaved)','(Unsaved)',(#7083));
#7080=APPLICATION_PROTOCOL_DEFINITION('international standard',
'automotive_design',2009,#7081);
#7081=APPLICATION_CONTEXT(
'Core Data for Automotive Mechanical Design Process');
#7082=PRODUCT_CONTEXT('part definition',#7081,'mechanical');
#7083=PRODUCT('(Unsaved)','(Unsaved)',$,(#7082));
#7084=PRESENTATION_STYLE_ASSIGNMENT((#7085));
#7085=SURFACE_STYLE_USAGE(.BOTH.,#7086);
#7086=SURFACE_SIDE_STYLE('',(#7087));
#7087=SURFACE_STYLE_FILL_AREA(#7088);
#7088=FILL_AREA_STYLE('Steel - Satin',(#7089));
#7089=FILL_AREA_STYLE_COLOUR('Steel - Satin',#7090);
#7090=COLOUR_RGB('Steel - Satin',0.627450980392157,0.627450980392157,0.627450980392157);
ENDSEC;
END-ISO-10303-21;
