ISO-10303-21;
HEADER;
/* Generated by software containing ST-Developer
 * from STEP Tools, Inc. (www.steptools.com) 
 */

FILE_DESCRIPTION(
/* description */ (''),
/* implementation_level */ '2;1');

FILE_NAME(
/* name */ 'reference-all-heat-set-inserts.step',
/* time_stamp */ '2026-09-11T16:58:13-07:00',
/* author */ (''),
/* organization */ (''),
/* preprocessor_version */ 'ST-DEVELOPER v20.2',
/* originating_system */ 'Autodesk Translation Framework v15.15.0.0',
/* authorisation */ '');

FILE_SCHEMA (('AUTOMOTIVE_DESIGN { 1 0 10303 214 3 1 1 }'));
ENDSEC;

DATA;
#10=MECHANICAL_DESIGN_GEOMETRIC_PRESENTATION_REPRESENTATION('',(#13,#14,
#15,#16,#17,#18,#19,#20,#21,#22,#23,#24,#25,#26,#27,#28,#29,#30,#31,#32,
#33,#34,#35,#36,#37,#38,#39,#40,#41,#42,#43,#44,#45,#46,#47,#48,#49),#10133);
#11=SHAPE_REPRESENTATION_RELATIONSHIP('SRR','None',#10140,#12);
#12=ADVANCED_BREP_SHAPE_REPRESENTATION('',(#50,#51,#52,#53,#54,#55,#56,
#57,#58,#59,#60,#61,#62,#63,#64,#65,#66,#67,#68,#69,#70,#71,#72,#73,#74,
#75,#76,#77,#78,#79,#80,#81,#82,#83,#84,#85,#86),#10132);
#13=STYLED_ITEM('',(#10149),#50);
#14=STYLED_ITEM('',(#10149),#51);
#15=STYLED_ITEM('',(#10149),#52);
#16=STYLED_ITEM('',(#10149),#53);
#17=STYLED_ITEM('',(#10149),#54);
#18=STYLED_ITEM('',(#10149),#55);
#19=STYLED_ITEM('',(#10149),#56);
#20=STYLED_ITEM('',(#10149),#57);
#21=STYLED_ITEM('',(#10149),#58);
#22=STYLED_ITEM('',(#10149),#59);
#23=STYLED_ITEM('',(#10149),#60);
#24=STYLED_ITEM('',(#10149),#61);
#25=STYLED_ITEM('',(#10149),#62);
#26=STYLED_ITEM('',(#10149),#63);
#27=STYLED_ITEM('',(#10149),#64);
#28=STYLED_ITEM('',(#10149),#65);
#29=STYLED_ITEM('',(#10149),#66);
#30=STYLED_ITEM('',(#10149),#67);
#31=STYLED_ITEM('',(#10149),#68);
#32=STYLED_ITEM('',(#10149),#69);
#33=STYLED_ITEM('',(#10149),#70);
#34=STYLED_ITEM('',(#10149),#71);
#35=STYLED_ITEM('',(#10149),#72);
#36=STYLED_ITEM('',(#10149),#73);
#37=STYLED_ITEM('',(#10149),#74);
#38=STYLED_ITEM('',(#10149),#75);
#39=STYLED_ITEM('',(#10149),#76);
#40=STYLED_ITEM('',(#10149),#77);
#41=STYLED_ITEM('',(#10149),#78);
#42=STYLED_ITEM('',(#10149),#79);
#43=STYLED_ITEM('',(#10149),#80);
#44=STYLED_ITEM('',(#10149),#81);
#45=STYLED_ITEM('',(#10149),#82);
#46=STYLED_ITEM('',(#10149),#83);
#47=STYLED_ITEM('',(#10149),#84);
#48=STYLED_ITEM('',(#10149),#85);
#49=STYLED_ITEM('',(#10149),#86);
#50=MANIFOLD_SOLID_BREP('reference-all-heat-set-inserts 1',#5637);
#51=MANIFOLD_SOLID_BREP('reference-all-heat-set-inserts 2',#5638);
#52=MANIFOLD_SOLID_BREP('reference-all-heat-set-inserts 3',#5639);
#53=MANIFOLD_SOLID_BREP('reference-all-heat-set-inserts 4',#5640);
#54=MANIFOLD_SOLID_BREP('reference-all-heat-set-inserts 5',#5641);
#55=MANIFOLD_SOLID_BREP('reference-all-heat-set-inserts 6',#5642);
#56=MANIFOLD_SOLID_BREP('reference-all-heat-set-inserts 7',#5643);
#57=MANIFOLD_SOLID_BREP('reference-all-heat-set-inserts 8',#5644);
#58=MANIFOLD_SOLID_BREP('reference-all-heat-set-inserts 9',#5645);
#59=MANIFOLD_SOLID_BREP('reference-all-heat-set-inserts 10',#5646);
#60=MANIFOLD_SOLID_BREP('reference-all-heat-set-inserts 11',#5647);
#61=MANIFOLD_SOLID_BREP('reference-all-heat-set-inserts 12',#5648);
#62=MANIFOLD_SOLID_BREP('reference-all-heat-set-inserts 13',#5649);
#63=MANIFOLD_SOLID_BREP('reference-all-heat-set-inserts 14',#5650);
#64=MANIFOLD_SOLID_BREP('reference-all-heat-set-inserts 15',#5651);
#65=MANIFOLD_SOLID_BREP('reference-all-heat-set-inserts 16',#5652);
#66=MANIFOLD_SOLID_BREP('reference-all-heat-set-inserts 17',#5653);
#67=MANIFOLD_SOLID_BREP('reference-all-heat-set-inserts 18',#5654);
#68=MANIFOLD_SOLID_BREP('reference-all-heat-set-inserts 19',#5655);
#69=MANIFOLD_SOLID_BREP('reference-all-heat-set-inserts 20',#5656);
#70=MANIFOLD_SOLID_BREP('reference-all-heat-set-inserts 21',#5657);
#71=MANIFOLD_SOLID_BREP('reference-all-heat-set-inserts 22',#5658);
#72=MANIFOLD_SOLID_BREP('reference-all-heat-set-inserts 23',#5659);
#73=MANIFOLD_SOLID_BREP('reference-all-heat-set-inserts 24',#5660);
#74=MANIFOLD_SOLID_BREP('reference-all-heat-set-inserts 25',#5661);
#75=MANIFOLD_SOLID_BREP('reference-all-heat-set-inserts 26',#5662);
#76=MANIFOLD_SOLID_BREP('reference-all-heat-set-inserts 27',#5663);
#77=MANIFOLD_SOLID_BREP('reference-all-heat-set-inserts 28',#5664);
#78=MANIFOLD_SOLID_BREP('reference-all-heat-set-inserts 29',#5665);
#79=MANIFOLD_SOLID_BREP('reference-all-heat-set-inserts 30',#5666);
#80=MANIFOLD_SOLID_BREP('reference-all-heat-set-inserts 31',#5667);
#81=MANIFOLD_SOLID_BREP('reference-all-heat-set-inserts 32',#5668);
#82=MANIFOLD_SOLID_BREP('reference-all-heat-set-inserts 33',#5669);
#83=MANIFOLD_SOLID_BREP('reference-all-heat-set-inserts 34',#5670);
#84=MANIFOLD_SOLID_BREP('reference-all-heat-set-inserts 35',#5671);
#85=MANIFOLD_SOLID_BREP('reference-all-heat-set-inserts 36',#5672);
#86=MANIFOLD_SOLID_BREP('reference-all-heat-set-inserts 37',#5673);
#87=FACE_BOUND('',#977,.T.);
#88=FACE_BOUND('',#980,.T.);
#89=FACE_BOUND('',#982,.T.);
#90=FACE_BOUND('',#986,.T.);
#91=FACE_BOUND('',#990,.T.);
#92=FACE_BOUND('',#992,.T.);
#93=FACE_BOUND('',#995,.T.);
#94=FACE_BOUND('',#998,.T.);
#95=FACE_BOUND('',#1000,.T.);
#96=FACE_BOUND('',#1004,.T.);
#97=FACE_BOUND('',#1008,.T.);
#98=FACE_BOUND('',#1010,.T.);
#99=FACE_BOUND('',#1013,.T.);
#100=FACE_BOUND('',#1016,.T.);
#101=FACE_BOUND('',#1018,.T.);
#102=FACE_BOUND('',#1022,.T.);
#103=FACE_BOUND('',#1026,.T.);
#104=FACE_BOUND('',#1028,.T.);
#105=FACE_BOUND('',#1031,.T.);
#106=FACE_BOUND('',#1034,.T.);
#107=FACE_BOUND('',#1036,.T.);
#108=FACE_BOUND('',#1040,.T.);
#109=FACE_BOUND('',#1044,.T.);
#110=FACE_BOUND('',#1046,.T.);
#111=FACE_BOUND('',#1049,.T.);
#112=FACE_BOUND('',#1052,.T.);
#113=FACE_BOUND('',#1054,.T.);
#114=FACE_BOUND('',#1058,.T.);
#115=FACE_BOUND('',#1062,.T.);
#116=FACE_BOUND('',#1064,.T.);
#117=FACE_BOUND('',#1067,.T.);
#118=FACE_BOUND('',#1070,.T.);
#119=FACE_BOUND('',#1072,.T.);
#120=FACE_BOUND('',#1076,.T.);
#121=FACE_BOUND('',#1080,.T.);
#122=FACE_BOUND('',#1082,.T.);
#123=FACE_BOUND('',#1085,.T.);
#124=FACE_BOUND('',#1088,.T.);
#125=FACE_BOUND('',#1090,.T.);
#126=FACE_BOUND('',#1094,.T.);
#127=FACE_BOUND('',#1098,.T.);
#128=FACE_BOUND('',#1100,.T.);
#129=FACE_BOUND('',#1103,.T.);
#130=FACE_BOUND('',#1106,.T.);
#131=FACE_BOUND('',#1108,.T.);
#132=FACE_BOUND('',#1112,.T.);
#133=FACE_BOUND('',#1116,.T.);
#134=FACE_BOUND('',#1118,.T.);
#135=FACE_BOUND('',#1121,.T.);
#136=FACE_BOUND('',#1124,.T.);
#137=FACE_BOUND('',#1126,.T.);
#138=FACE_BOUND('',#1130,.T.);
#139=FACE_BOUND('',#1134,.T.);
#140=FACE_BOUND('',#1136,.T.);
#141=FACE_BOUND('',#1139,.T.);
#142=FACE_BOUND('',#1142,.T.);
#143=FACE_BOUND('',#1144,.T.);
#144=FACE_BOUND('',#1148,.T.);
#145=FACE_BOUND('',#1152,.T.);
#146=FACE_BOUND('',#1154,.T.);
#147=FACE_BOUND('',#1157,.T.);
#148=FACE_BOUND('',#1160,.T.);
#149=FACE_BOUND('',#1162,.T.);
#150=FACE_BOUND('',#1166,.T.);
#151=FACE_BOUND('',#1170,.T.);
#152=FACE_BOUND('',#1172,.T.);
#153=FACE_BOUND('',#1175,.T.);
#154=FACE_BOUND('',#1178,.T.);
#155=FACE_BOUND('',#1180,.T.);
#156=FACE_BOUND('',#1184,.T.);
#157=FACE_BOUND('',#1188,.T.);
#158=FACE_BOUND('',#1190,.T.);
#159=FACE_BOUND('',#1193,.T.);
#160=FACE_BOUND('',#1196,.T.);
#161=FACE_BOUND('',#1198,.T.);
#162=FACE_BOUND('',#1202,.T.);
#163=FACE_BOUND('',#1206,.T.);
#164=FACE_BOUND('',#1208,.T.);
#165=FACE_BOUND('',#1211,.T.);
#166=FACE_BOUND('',#1214,.T.);
#167=FACE_BOUND('',#1216,.T.);
#168=FACE_BOUND('',#1220,.T.);
#169=FACE_BOUND('',#1224,.T.);
#170=FACE_BOUND('',#1226,.T.);
#171=FACE_BOUND('',#1229,.T.);
#172=FACE_BOUND('',#1232,.T.);
#173=FACE_BOUND('',#1234,.T.);
#174=FACE_BOUND('',#1238,.T.);
#175=FACE_BOUND('',#1242,.T.);
#176=FACE_BOUND('',#1244,.T.);
#177=FACE_BOUND('',#1247,.T.);
#178=FACE_BOUND('',#1250,.T.);
#179=FACE_BOUND('',#1252,.T.);
#180=FACE_BOUND('',#1256,.T.);
#181=FACE_BOUND('',#1260,.T.);
#182=FACE_BOUND('',#1262,.T.);
#183=FACE_BOUND('',#1265,.T.);
#184=FACE_BOUND('',#1268,.T.);
#185=FACE_BOUND('',#1270,.T.);
#186=FACE_BOUND('',#1274,.T.);
#187=FACE_BOUND('',#1278,.T.);
#188=FACE_BOUND('',#1280,.T.);
#189=FACE_BOUND('',#1283,.T.);
#190=FACE_BOUND('',#1286,.T.);
#191=FACE_BOUND('',#1288,.T.);
#192=FACE_BOUND('',#1292,.T.);
#193=FACE_BOUND('',#1296,.T.);
#194=FACE_BOUND('',#1298,.T.);
#195=FACE_BOUND('',#1301,.T.);
#196=FACE_BOUND('',#1304,.T.);
#197=FACE_BOUND('',#1306,.T.);
#198=FACE_BOUND('',#1310,.T.);
#199=FACE_BOUND('',#1314,.T.);
#200=FACE_BOUND('',#1316,.T.);
#201=FACE_BOUND('',#1319,.T.);
#202=FACE_BOUND('',#1322,.T.);
#203=FACE_BOUND('',#1324,.T.);
#204=FACE_BOUND('',#1328,.T.);
#205=FACE_BOUND('',#1332,.T.);
#206=FACE_BOUND('',#1334,.T.);
#207=FACE_BOUND('',#1337,.T.);
#208=FACE_BOUND('',#1340,.T.);
#209=FACE_BOUND('',#1342,.T.);
#210=FACE_BOUND('',#1346,.T.);
#211=FACE_BOUND('',#1350,.T.);
#212=FACE_BOUND('',#1352,.T.);
#213=FACE_BOUND('',#1355,.T.);
#214=FACE_BOUND('',#1358,.T.);
#215=FACE_BOUND('',#1360,.T.);
#216=FACE_BOUND('',#1364,.T.);
#217=FACE_BOUND('',#1368,.T.);
#218=FACE_BOUND('',#1370,.T.);
#219=FACE_BOUND('',#1373,.T.);
#220=FACE_BOUND('',#1376,.T.);
#221=FACE_BOUND('',#1378,.T.);
#222=FACE_BOUND('',#1382,.T.);
#223=FACE_BOUND('',#1386,.T.);
#224=FACE_BOUND('',#1388,.T.);
#225=FACE_BOUND('',#1391,.T.);
#226=FACE_BOUND('',#1394,.T.);
#227=FACE_BOUND('',#1396,.T.);
#228=FACE_BOUND('',#1400,.T.);
#229=FACE_BOUND('',#1404,.T.);
#230=FACE_BOUND('',#1406,.T.);
#231=FACE_BOUND('',#1409,.T.);
#232=FACE_BOUND('',#1412,.T.);
#233=FACE_BOUND('',#1414,.T.);
#234=FACE_BOUND('',#1418,.T.);
#235=FACE_BOUND('',#1422,.T.);
#236=FACE_BOUND('',#1424,.T.);
#237=FACE_BOUND('',#1427,.T.);
#238=FACE_BOUND('',#1430,.T.);
#239=FACE_BOUND('',#1432,.T.);
#240=FACE_BOUND('',#1436,.T.);
#241=FACE_BOUND('',#1440,.T.);
#242=FACE_BOUND('',#1442,.T.);
#243=FACE_BOUND('',#1445,.T.);
#244=FACE_BOUND('',#1448,.T.);
#245=FACE_BOUND('',#1450,.T.);
#246=FACE_BOUND('',#1454,.T.);
#247=FACE_BOUND('',#1458,.T.);
#248=FACE_BOUND('',#1460,.T.);
#249=FACE_BOUND('',#1463,.T.);
#250=FACE_BOUND('',#1466,.T.);
#251=FACE_BOUND('',#1468,.T.);
#252=FACE_BOUND('',#1472,.T.);
#253=FACE_BOUND('',#1476,.T.);
#254=FACE_BOUND('',#1478,.T.);
#255=FACE_BOUND('',#1481,.T.);
#256=FACE_BOUND('',#1484,.T.);
#257=FACE_BOUND('',#1486,.T.);
#258=FACE_BOUND('',#1490,.T.);
#259=FACE_BOUND('',#1494,.T.);
#260=FACE_BOUND('',#1496,.T.);
#261=FACE_BOUND('',#1499,.T.);
#262=FACE_BOUND('',#1502,.T.);
#263=FACE_BOUND('',#1504,.T.);
#264=FACE_BOUND('',#1508,.T.);
#265=FACE_BOUND('',#1512,.T.);
#266=FACE_BOUND('',#1514,.T.);
#267=FACE_BOUND('',#1517,.T.);
#268=FACE_BOUND('',#1520,.T.);
#269=FACE_BOUND('',#1522,.T.);
#270=FACE_BOUND('',#1526,.T.);
#271=FACE_BOUND('',#1530,.T.);
#272=FACE_BOUND('',#1532,.T.);
#273=FACE_BOUND('',#1535,.T.);
#274=FACE_BOUND('',#1538,.T.);
#275=FACE_BOUND('',#1540,.T.);
#276=FACE_BOUND('',#1544,.T.);
#277=FACE_BOUND('',#1548,.T.);
#278=FACE_BOUND('',#1550,.T.);
#279=FACE_BOUND('',#1553,.T.);
#280=FACE_BOUND('',#1556,.T.);
#281=FACE_BOUND('',#1558,.T.);
#282=FACE_BOUND('',#1562,.T.);
#283=FACE_BOUND('',#1566,.T.);
#284=FACE_BOUND('',#1568,.T.);
#285=FACE_BOUND('',#1571,.T.);
#286=FACE_BOUND('',#1574,.T.);
#287=FACE_BOUND('',#1576,.T.);
#288=FACE_BOUND('',#1580,.T.);
#289=FACE_BOUND('',#1584,.T.);
#290=FACE_BOUND('',#1586,.T.);
#291=FACE_BOUND('',#1589,.T.);
#292=FACE_BOUND('',#1592,.T.);
#293=FACE_BOUND('',#1594,.T.);
#294=FACE_BOUND('',#1598,.T.);
#295=FACE_BOUND('',#1602,.T.);
#296=FACE_BOUND('',#1604,.T.);
#297=FACE_BOUND('',#1607,.T.);
#298=FACE_BOUND('',#1610,.T.);
#299=FACE_BOUND('',#1612,.T.);
#300=FACE_BOUND('',#1616,.T.);
#301=FACE_BOUND('',#1620,.T.);
#302=FACE_BOUND('',#1622,.T.);
#303=FACE_BOUND('',#1625,.T.);
#304=FACE_BOUND('',#1628,.T.);
#305=FACE_BOUND('',#1630,.T.);
#306=FACE_BOUND('',#1634,.T.);
#307=FACE_BOUND('',#1638,.T.);
#308=FACE_BOUND('',#1640,.T.);
#309=PLANE('',#5690);
#310=PLANE('',#5695);
#311=PLANE('',#5698);
#312=PLANE('',#5703);
#313=PLANE('',#5709);
#314=PLANE('',#5710);
#315=PLANE('',#5714);
#316=PLANE('',#5719);
#317=PLANE('',#5722);
#318=PLANE('',#5727);
#319=PLANE('',#5733);
#320=PLANE('',#5734);
#321=PLANE('',#5738);
#322=PLANE('',#5743);
#323=PLANE('',#5746);
#324=PLANE('',#5751);
#325=PLANE('',#5757);
#326=PLANE('',#5758);
#327=PLANE('',#5762);
#328=PLANE('',#5767);
#329=PLANE('',#5770);
#330=PLANE('',#5775);
#331=PLANE('',#5781);
#332=PLANE('',#5782);
#333=PLANE('',#5786);
#334=PLANE('',#5791);
#335=PLANE('',#5794);
#336=PLANE('',#5799);
#337=PLANE('',#5805);
#338=PLANE('',#5806);
#339=PLANE('',#5810);
#340=PLANE('',#5815);
#341=PLANE('',#5818);
#342=PLANE('',#5823);
#343=PLANE('',#5829);
#344=PLANE('',#5830);
#345=PLANE('',#5834);
#346=PLANE('',#5839);
#347=PLANE('',#5842);
#348=PLANE('',#5847);
#349=PLANE('',#5853);
#350=PLANE('',#5854);
#351=PLANE('',#5858);
#352=PLANE('',#5863);
#353=PLANE('',#5866);
#354=PLANE('',#5871);
#355=PLANE('',#5877);
#356=PLANE('',#5878);
#357=PLANE('',#5882);
#358=PLANE('',#5887);
#359=PLANE('',#5890);
#360=PLANE('',#5895);
#361=PLANE('',#5901);
#362=PLANE('',#5902);
#363=PLANE('',#5906);
#364=PLANE('',#5911);
#365=PLANE('',#5914);
#366=PLANE('',#5919);
#367=PLANE('',#5925);
#368=PLANE('',#5926);
#369=PLANE('',#5930);
#370=PLANE('',#5935);
#371=PLANE('',#5938);
#372=PLANE('',#5943);
#373=PLANE('',#5949);
#374=PLANE('',#5950);
#375=PLANE('',#5954);
#376=PLANE('',#5959);
#377=PLANE('',#5962);
#378=PLANE('',#5967);
#379=PLANE('',#5973);
#380=PLANE('',#5974);
#381=PLANE('',#5978);
#382=PLANE('',#5983);
#383=PLANE('',#5986);
#384=PLANE('',#5991);
#385=PLANE('',#5997);
#386=PLANE('',#5998);
#387=PLANE('',#6002);
#388=PLANE('',#6007);
#389=PLANE('',#6010);
#390=PLANE('',#6015);
#391=PLANE('',#6021);
#392=PLANE('',#6022);
#393=PLANE('',#6026);
#394=PLANE('',#6031);
#395=PLANE('',#6034);
#396=PLANE('',#6039);
#397=PLANE('',#6045);
#398=PLANE('',#6046);
#399=PLANE('',#6050);
#400=PLANE('',#6055);
#401=PLANE('',#6058);
#402=PLANE('',#6063);
#403=PLANE('',#6069);
#404=PLANE('',#6070);
#405=PLANE('',#6074);
#406=PLANE('',#6079);
#407=PLANE('',#6082);
#408=PLANE('',#6087);
#409=PLANE('',#6093);
#410=PLANE('',#6094);
#411=PLANE('',#6098);
#412=PLANE('',#6103);
#413=PLANE('',#6106);
#414=PLANE('',#6111);
#415=PLANE('',#6117);
#416=PLANE('',#6118);
#417=PLANE('',#6122);
#418=PLANE('',#6127);
#419=PLANE('',#6130);
#420=PLANE('',#6135);
#421=PLANE('',#6141);
#422=PLANE('',#6142);
#423=PLANE('',#6146);
#424=PLANE('',#6151);
#425=PLANE('',#6154);
#426=PLANE('',#6159);
#427=PLANE('',#6165);
#428=PLANE('',#6166);
#429=PLANE('',#6170);
#430=PLANE('',#6175);
#431=PLANE('',#6178);
#432=PLANE('',#6183);
#433=PLANE('',#6189);
#434=PLANE('',#6190);
#435=PLANE('',#6194);
#436=PLANE('',#6199);
#437=PLANE('',#6202);
#438=PLANE('',#6207);
#439=PLANE('',#6213);
#440=PLANE('',#6214);
#441=PLANE('',#6218);
#442=PLANE('',#6223);
#443=PLANE('',#6226);
#444=PLANE('',#6231);
#445=PLANE('',#6237);
#446=PLANE('',#6238);
#447=PLANE('',#6242);
#448=PLANE('',#6247);
#449=PLANE('',#6250);
#450=PLANE('',#6255);
#451=PLANE('',#6261);
#452=PLANE('',#6262);
#453=PLANE('',#6266);
#454=PLANE('',#6271);
#455=PLANE('',#6274);
#456=PLANE('',#6279);
#457=PLANE('',#6285);
#458=PLANE('',#6286);
#459=PLANE('',#6290);
#460=PLANE('',#6295);
#461=PLANE('',#6298);
#462=PLANE('',#6303);
#463=PLANE('',#6309);
#464=PLANE('',#6310);
#465=PLANE('',#6314);
#466=PLANE('',#6319);
#467=PLANE('',#6322);
#468=PLANE('',#6327);
#469=PLANE('',#6333);
#470=PLANE('',#6334);
#471=PLANE('',#6338);
#472=PLANE('',#6343);
#473=PLANE('',#6346);
#474=PLANE('',#6351);
#475=PLANE('',#6357);
#476=PLANE('',#6358);
#477=PLANE('',#6362);
#478=PLANE('',#6367);
#479=PLANE('',#6370);
#480=PLANE('',#6375);
#481=PLANE('',#6381);
#482=PLANE('',#6382);
#483=PLANE('',#6386);
#484=PLANE('',#6391);
#485=PLANE('',#6394);
#486=PLANE('',#6399);
#487=PLANE('',#6405);
#488=PLANE('',#6406);
#489=PLANE('',#6410);
#490=PLANE('',#6415);
#491=PLANE('',#6418);
#492=PLANE('',#6423);
#493=PLANE('',#6429);
#494=PLANE('',#6430);
#495=PLANE('',#6434);
#496=PLANE('',#6439);
#497=PLANE('',#6442);
#498=PLANE('',#6447);
#499=PLANE('',#6453);
#500=PLANE('',#6454);
#501=PLANE('',#6458);
#502=PLANE('',#6463);
#503=PLANE('',#6466);
#504=PLANE('',#6471);
#505=PLANE('',#6477);
#506=PLANE('',#6478);
#507=PLANE('',#6482);
#508=PLANE('',#6487);
#509=PLANE('',#6490);
#510=PLANE('',#6495);
#511=PLANE('',#6501);
#512=PLANE('',#6502);
#513=PLANE('',#6506);
#514=PLANE('',#6511);
#515=PLANE('',#6514);
#516=PLANE('',#6519);
#517=PLANE('',#6525);
#518=PLANE('',#6526);
#519=PLANE('',#6530);
#520=PLANE('',#6535);
#521=PLANE('',#6538);
#522=PLANE('',#6543);
#523=PLANE('',#6549);
#524=PLANE('',#6550);
#525=PLANE('',#6554);
#526=PLANE('',#6559);
#527=PLANE('',#6562);
#528=PLANE('',#6567);
#529=PLANE('',#6573);
#530=PLANE('',#6574);
#531=FACE_OUTER_BOUND('',#975,.T.);
#532=FACE_OUTER_BOUND('',#976,.T.);
#533=FACE_OUTER_BOUND('',#978,.T.);
#534=FACE_OUTER_BOUND('',#979,.T.);
#535=FACE_OUTER_BOUND('',#981,.T.);
#536=FACE_OUTER_BOUND('',#983,.T.);
#537=FACE_OUTER_BOUND('',#984,.T.);
#538=FACE_OUTER_BOUND('',#985,.T.);
#539=FACE_OUTER_BOUND('',#987,.T.);
#540=FACE_OUTER_BOUND('',#988,.T.);
#541=FACE_OUTER_BOUND('',#989,.T.);
#542=FACE_OUTER_BOUND('',#991,.T.);
#543=FACE_OUTER_BOUND('',#993,.T.);
#544=FACE_OUTER_BOUND('',#994,.T.);
#545=FACE_OUTER_BOUND('',#996,.T.);
#546=FACE_OUTER_BOUND('',#997,.T.);
#547=FACE_OUTER_BOUND('',#999,.T.);
#548=FACE_OUTER_BOUND('',#1001,.T.);
#549=FACE_OUTER_BOUND('',#1002,.T.);
#550=FACE_OUTER_BOUND('',#1003,.T.);
#551=FACE_OUTER_BOUND('',#1005,.T.);
#552=FACE_OUTER_BOUND('',#1006,.T.);
#553=FACE_OUTER_BOUND('',#1007,.T.);
#554=FACE_OUTER_BOUND('',#1009,.T.);
#555=FACE_OUTER_BOUND('',#1011,.T.);
#556=FACE_OUTER_BOUND('',#1012,.T.);
#557=FACE_OUTER_BOUND('',#1014,.T.);
#558=FACE_OUTER_BOUND('',#1015,.T.);
#559=FACE_OUTER_BOUND('',#1017,.T.);
#560=FACE_OUTER_BOUND('',#1019,.T.);
#561=FACE_OUTER_BOUND('',#1020,.T.);
#562=FACE_OUTER_BOUND('',#1021,.T.);
#563=FACE_OUTER_BOUND('',#1023,.T.);
#564=FACE_OUTER_BOUND('',#1024,.T.);
#565=FACE_OUTER_BOUND('',#1025,.T.);
#566=FACE_OUTER_BOUND('',#1027,.T.);
#567=FACE_OUTER_BOUND('',#1029,.T.);
#568=FACE_OUTER_BOUND('',#1030,.T.);
#569=FACE_OUTER_BOUND('',#1032,.T.);
#570=FACE_OUTER_BOUND('',#1033,.T.);
#571=FACE_OUTER_BOUND('',#1035,.T.);
#572=FACE_OUTER_BOUND('',#1037,.T.);
#573=FACE_OUTER_BOUND('',#1038,.T.);
#574=FACE_OUTER_BOUND('',#1039,.T.);
#575=FACE_OUTER_BOUND('',#1041,.T.);
#576=FACE_OUTER_BOUND('',#1042,.T.);
#577=FACE_OUTER_BOUND('',#1043,.T.);
#578=FACE_OUTER_BOUND('',#1045,.T.);
#579=FACE_OUTER_BOUND('',#1047,.T.);
#580=FACE_OUTER_BOUND('',#1048,.T.);
#581=FACE_OUTER_BOUND('',#1050,.T.);
#582=FACE_OUTER_BOUND('',#1051,.T.);
#583=FACE_OUTER_BOUND('',#1053,.T.);
#584=FACE_OUTER_BOUND('',#1055,.T.);
#585=FACE_OUTER_BOUND('',#1056,.T.);
#586=FACE_OUTER_BOUND('',#1057,.T.);
#587=FACE_OUTER_BOUND('',#1059,.T.);
#588=FACE_OUTER_BOUND('',#1060,.T.);
#589=FACE_OUTER_BOUND('',#1061,.T.);
#590=FACE_OUTER_BOUND('',#1063,.T.);
#591=FACE_OUTER_BOUND('',#1065,.T.);
#592=FACE_OUTER_BOUND('',#1066,.T.);
#593=FACE_OUTER_BOUND('',#1068,.T.);
#594=FACE_OUTER_BOUND('',#1069,.T.);
#595=FACE_OUTER_BOUND('',#1071,.T.);
#596=FACE_OUTER_BOUND('',#1073,.T.);
#597=FACE_OUTER_BOUND('',#1074,.T.);
#598=FACE_OUTER_BOUND('',#1075,.T.);
#599=FACE_OUTER_BOUND('',#1077,.T.);
#600=FACE_OUTER_BOUND('',#1078,.T.);
#601=FACE_OUTER_BOUND('',#1079,.T.);
#602=FACE_OUTER_BOUND('',#1081,.T.);
#603=FACE_OUTER_BOUND('',#1083,.T.);
#604=FACE_OUTER_BOUND('',#1084,.T.);
#605=FACE_OUTER_BOUND('',#1086,.T.);
#606=FACE_OUTER_BOUND('',#1087,.T.);
#607=FACE_OUTER_BOUND('',#1089,.T.);
#608=FACE_OUTER_BOUND('',#1091,.T.);
#609=FACE_OUTER_BOUND('',#1092,.T.);
#610=FACE_OUTER_BOUND('',#1093,.T.);
#611=FACE_OUTER_BOUND('',#1095,.T.);
#612=FACE_OUTER_BOUND('',#1096,.T.);
#613=FACE_OUTER_BOUND('',#1097,.T.);
#614=FACE_OUTER_BOUND('',#1099,.T.);
#615=FACE_OUTER_BOUND('',#1101,.T.);
#616=FACE_OUTER_BOUND('',#1102,.T.);
#617=FACE_OUTER_BOUND('',#1104,.T.);
#618=FACE_OUTER_BOUND('',#1105,.T.);
#619=FACE_OUTER_BOUND('',#1107,.T.);
#620=FACE_OUTER_BOUND('',#1109,.T.);
#621=FACE_OUTER_BOUND('',#1110,.T.);
#622=FACE_OUTER_BOUND('',#1111,.T.);
#623=FACE_OUTER_BOUND('',#1113,.T.);
#624=FACE_OUTER_BOUND('',#1114,.T.);
#625=FACE_OUTER_BOUND('',#1115,.T.);
#626=FACE_OUTER_BOUND('',#1117,.T.);
#627=FACE_OUTER_BOUND('',#1119,.T.);
#628=FACE_OUTER_BOUND('',#1120,.T.);
#629=FACE_OUTER_BOUND('',#1122,.T.);
#630=FACE_OUTER_BOUND('',#1123,.T.);
#631=FACE_OUTER_BOUND('',#1125,.T.);
#632=FACE_OUTER_BOUND('',#1127,.T.);
#633=FACE_OUTER_BOUND('',#1128,.T.);
#634=FACE_OUTER_BOUND('',#1129,.T.);
#635=FACE_OUTER_BOUND('',#1131,.T.);
#636=FACE_OUTER_BOUND('',#1132,.T.);
#637=FACE_OUTER_BOUND('',#1133,.T.);
#638=FACE_OUTER_BOUND('',#1135,.T.);
#639=FACE_OUTER_BOUND('',#1137,.T.);
#640=FACE_OUTER_BOUND('',#1138,.T.);
#641=FACE_OUTER_BOUND('',#1140,.T.);
#642=FACE_OUTER_BOUND('',#1141,.T.);
#643=FACE_OUTER_BOUND('',#1143,.T.);
#644=FACE_OUTER_BOUND('',#1145,.T.);
#645=FACE_OUTER_BOUND('',#1146,.T.);
#646=FACE_OUTER_BOUND('',#1147,.T.);
#647=FACE_OUTER_BOUND('',#1149,.T.);
#648=FACE_OUTER_BOUND('',#1150,.T.);
#649=FACE_OUTER_BOUND('',#1151,.T.);
#650=FACE_OUTER_BOUND('',#1153,.T.);
#651=FACE_OUTER_BOUND('',#1155,.T.);
#652=FACE_OUTER_BOUND('',#1156,.T.);
#653=FACE_OUTER_BOUND('',#1158,.T.);
#654=FACE_OUTER_BOUND('',#1159,.T.);
#655=FACE_OUTER_BOUND('',#1161,.T.);
#656=FACE_OUTER_BOUND('',#1163,.T.);
#657=FACE_OUTER_BOUND('',#1164,.T.);
#658=FACE_OUTER_BOUND('',#1165,.T.);
#659=FACE_OUTER_BOUND('',#1167,.T.);
#660=FACE_OUTER_BOUND('',#1168,.T.);
#661=FACE_OUTER_BOUND('',#1169,.T.);
#662=FACE_OUTER_BOUND('',#1171,.T.);
#663=FACE_OUTER_BOUND('',#1173,.T.);
#664=FACE_OUTER_BOUND('',#1174,.T.);
#665=FACE_OUTER_BOUND('',#1176,.T.);
#666=FACE_OUTER_BOUND('',#1177,.T.);
#667=FACE_OUTER_BOUND('',#1179,.T.);
#668=FACE_OUTER_BOUND('',#1181,.T.);
#669=FACE_OUTER_BOUND('',#1182,.T.);
#670=FACE_OUTER_BOUND('',#1183,.T.);
#671=FACE_OUTER_BOUND('',#1185,.T.);
#672=FACE_OUTER_BOUND('',#1186,.T.);
#673=FACE_OUTER_BOUND('',#1187,.T.);
#674=FACE_OUTER_BOUND('',#1189,.T.);
#675=FACE_OUTER_BOUND('',#1191,.T.);
#676=FACE_OUTER_BOUND('',#1192,.T.);
#677=FACE_OUTER_BOUND('',#1194,.T.);
#678=FACE_OUTER_BOUND('',#1195,.T.);
#679=FACE_OUTER_BOUND('',#1197,.T.);
#680=FACE_OUTER_BOUND('',#1199,.T.);
#681=FACE_OUTER_BOUND('',#1200,.T.);
#682=FACE_OUTER_BOUND('',#1201,.T.);
#683=FACE_OUTER_BOUND('',#1203,.T.);
#684=FACE_OUTER_BOUND('',#1204,.T.);
#685=FACE_OUTER_BOUND('',#1205,.T.);
#686=FACE_OUTER_BOUND('',#1207,.T.);
#687=FACE_OUTER_BOUND('',#1209,.T.);
#688=FACE_OUTER_BOUND('',#1210,.T.);
#689=FACE_OUTER_BOUND('',#1212,.T.);
#690=FACE_OUTER_BOUND('',#1213,.T.);
#691=FACE_OUTER_BOUND('',#1215,.T.);
#692=FACE_OUTER_BOUND('',#1217,.T.);
#693=FACE_OUTER_BOUND('',#1218,.T.);
#694=FACE_OUTER_BOUND('',#1219,.T.);
#695=FACE_OUTER_BOUND('',#1221,.T.);
#696=FACE_OUTER_BOUND('',#1222,.T.);
#697=FACE_OUTER_BOUND('',#1223,.T.);
#698=FACE_OUTER_BOUND('',#1225,.T.);
#699=FACE_OUTER_BOUND('',#1227,.T.);
#700=FACE_OUTER_BOUND('',#1228,.T.);
#701=FACE_OUTER_BOUND('',#1230,.T.);
#702=FACE_OUTER_BOUND('',#1231,.T.);
#703=FACE_OUTER_BOUND('',#1233,.T.);
#704=FACE_OUTER_BOUND('',#1235,.T.);
#705=FACE_OUTER_BOUND('',#1236,.T.);
#706=FACE_OUTER_BOUND('',#1237,.T.);
#707=FACE_OUTER_BOUND('',#1239,.T.);
#708=FACE_OUTER_BOUND('',#1240,.T.);
#709=FACE_OUTER_BOUND('',#1241,.T.);
#710=FACE_OUTER_BOUND('',#1243,.T.);
#711=FACE_OUTER_BOUND('',#1245,.T.);
#712=FACE_OUTER_BOUND('',#1246,.T.);
#713=FACE_OUTER_BOUND('',#1248,.T.);
#714=FACE_OUTER_BOUND('',#1249,.T.);
#715=FACE_OUTER_BOUND('',#1251,.T.);
#716=FACE_OUTER_BOUND('',#1253,.T.);
#717=FACE_OUTER_BOUND('',#1254,.T.);
#718=FACE_OUTER_BOUND('',#1255,.T.);
#719=FACE_OUTER_BOUND('',#1257,.T.);
#720=FACE_OUTER_BOUND('',#1258,.T.);
#721=FACE_OUTER_BOUND('',#1259,.T.);
#722=FACE_OUTER_BOUND('',#1261,.T.);
#723=FACE_OUTER_BOUND('',#1263,.T.);
#724=FACE_OUTER_BOUND('',#1264,.T.);
#725=FACE_OUTER_BOUND('',#1266,.T.);
#726=FACE_OUTER_BOUND('',#1267,.T.);
#727=FACE_OUTER_BOUND('',#1269,.T.);
#728=FACE_OUTER_BOUND('',#1271,.T.);
#729=FACE_OUTER_BOUND('',#1272,.T.);
#730=FACE_OUTER_BOUND('',#1273,.T.);
#731=FACE_OUTER_BOUND('',#1275,.T.);
#732=FACE_OUTER_BOUND('',#1276,.T.);
#733=FACE_OUTER_BOUND('',#1277,.T.);
#734=FACE_OUTER_BOUND('',#1279,.T.);
#735=FACE_OUTER_BOUND('',#1281,.T.);
#736=FACE_OUTER_BOUND('',#1282,.T.);
#737=FACE_OUTER_BOUND('',#1284,.T.);
#738=FACE_OUTER_BOUND('',#1285,.T.);
#739=FACE_OUTER_BOUND('',#1287,.T.);
#740=FACE_OUTER_BOUND('',#1289,.T.);
#741=FACE_OUTER_BOUND('',#1290,.T.);
#742=FACE_OUTER_BOUND('',#1291,.T.);
#743=FACE_OUTER_BOUND('',#1293,.T.);
#744=FACE_OUTER_BOUND('',#1294,.T.);
#745=FACE_OUTER_BOUND('',#1295,.T.);
#746=FACE_OUTER_BOUND('',#1297,.T.);
#747=FACE_OUTER_BOUND('',#1299,.T.);
#748=FACE_OUTER_BOUND('',#1300,.T.);
#749=FACE_OUTER_BOUND('',#1302,.T.);
#750=FACE_OUTER_BOUND('',#1303,.T.);
#751=FACE_OUTER_BOUND('',#1305,.T.);
#752=FACE_OUTER_BOUND('',#1307,.T.);
#753=FACE_OUTER_BOUND('',#1308,.T.);
#754=FACE_OUTER_BOUND('',#1309,.T.);
#755=FACE_OUTER_BOUND('',#1311,.T.);
#756=FACE_OUTER_BOUND('',#1312,.T.);
#757=FACE_OUTER_BOUND('',#1313,.T.);
#758=FACE_OUTER_BOUND('',#1315,.T.);
#759=FACE_OUTER_BOUND('',#1317,.T.);
#760=FACE_OUTER_BOUND('',#1318,.T.);
#761=FACE_OUTER_BOUND('',#1320,.T.);
#762=FACE_OUTER_BOUND('',#1321,.T.);
#763=FACE_OUTER_BOUND('',#1323,.T.);
#764=FACE_OUTER_BOUND('',#1325,.T.);
#765=FACE_OUTER_BOUND('',#1326,.T.);
#766=FACE_OUTER_BOUND('',#1327,.T.);
#767=FACE_OUTER_BOUND('',#1329,.T.);
#768=FACE_OUTER_BOUND('',#1330,.T.);
#769=FACE_OUTER_BOUND('',#1331,.T.);
#770=FACE_OUTER_BOUND('',#1333,.T.);
#771=FACE_OUTER_BOUND('',#1335,.T.);
#772=FACE_OUTER_BOUND('',#1336,.T.);
#773=FACE_OUTER_BOUND('',#1338,.T.);
#774=FACE_OUTER_BOUND('',#1339,.T.);
#775=FACE_OUTER_BOUND('',#1341,.T.);
#776=FACE_OUTER_BOUND('',#1343,.T.);
#777=FACE_OUTER_BOUND('',#1344,.T.);
#778=FACE_OUTER_BOUND('',#1345,.T.);
#779=FACE_OUTER_BOUND('',#1347,.T.);
#780=FACE_OUTER_BOUND('',#1348,.T.);
#781=FACE_OUTER_BOUND('',#1349,.T.);
#782=FACE_OUTER_BOUND('',#1351,.T.);
#783=FACE_OUTER_BOUND('',#1353,.T.);
#784=FACE_OUTER_BOUND('',#1354,.T.);
#785=FACE_OUTER_BOUND('',#1356,.T.);
#786=FACE_OUTER_BOUND('',#1357,.T.);
#787=FACE_OUTER_BOUND('',#1359,.T.);
#788=FACE_OUTER_BOUND('',#1361,.T.);
#789=FACE_OUTER_BOUND('',#1362,.T.);
#790=FACE_OUTER_BOUND('',#1363,.T.);
#791=FACE_OUTER_BOUND('',#1365,.T.);
#792=FACE_OUTER_BOUND('',#1366,.T.);
#793=FACE_OUTER_BOUND('',#1367,.T.);
#794=FACE_OUTER_BOUND('',#1369,.T.);
#795=FACE_OUTER_BOUND('',#1371,.T.);
#796=FACE_OUTER_BOUND('',#1372,.T.);
#797=FACE_OUTER_BOUND('',#1374,.T.);
#798=FACE_OUTER_BOUND('',#1375,.T.);
#799=FACE_OUTER_BOUND('',#1377,.T.);
#800=FACE_OUTER_BOUND('',#1379,.T.);
#801=FACE_OUTER_BOUND('',#1380,.T.);
#802=FACE_OUTER_BOUND('',#1381,.T.);
#803=FACE_OUTER_BOUND('',#1383,.T.);
#804=FACE_OUTER_BOUND('',#1384,.T.);
#805=FACE_OUTER_BOUND('',#1385,.T.);
#806=FACE_OUTER_BOUND('',#1387,.T.);
#807=FACE_OUTER_BOUND('',#1389,.T.);
#808=FACE_OUTER_BOUND('',#1390,.T.);
#809=FACE_OUTER_BOUND('',#1392,.T.);
#810=FACE_OUTER_BOUND('',#1393,.T.);
#811=FACE_OUTER_BOUND('',#1395,.T.);
#812=FACE_OUTER_BOUND('',#1397,.T.);
#813=FACE_OUTER_BOUND('',#1398,.T.);
#814=FACE_OUTER_BOUND('',#1399,.T.);
#815=FACE_OUTER_BOUND('',#1401,.T.);
#816=FACE_OUTER_BOUND('',#1402,.T.);
#817=FACE_OUTER_BOUND('',#1403,.T.);
#818=FACE_OUTER_BOUND('',#1405,.T.);
#819=FACE_OUTER_BOUND('',#1407,.T.);
#820=FACE_OUTER_BOUND('',#1408,.T.);
#821=FACE_OUTER_BOUND('',#1410,.T.);
#822=FACE_OUTER_BOUND('',#1411,.T.);
#823=FACE_OUTER_BOUND('',#1413,.T.);
#824=FACE_OUTER_BOUND('',#1415,.T.);
#825=FACE_OUTER_BOUND('',#1416,.T.);
#826=FACE_OUTER_BOUND('',#1417,.T.);
#827=FACE_OUTER_BOUND('',#1419,.T.);
#828=FACE_OUTER_BOUND('',#1420,.T.);
#829=FACE_OUTER_BOUND('',#1421,.T.);
#830=FACE_OUTER_BOUND('',#1423,.T.);
#831=FACE_OUTER_BOUND('',#1425,.T.);
#832=FACE_OUTER_BOUND('',#1426,.T.);
#833=FACE_OUTER_BOUND('',#1428,.T.);
#834=FACE_OUTER_BOUND('',#1429,.T.);
#835=FACE_OUTER_BOUND('',#1431,.T.);
#836=FACE_OUTER_BOUND('',#1433,.T.);
#837=FACE_OUTER_BOUND('',#1434,.T.);
#838=FACE_OUTER_BOUND('',#1435,.T.);
#839=FACE_OUTER_BOUND('',#1437,.T.);
#840=FACE_OUTER_BOUND('',#1438,.T.);
#841=FACE_OUTER_BOUND('',#1439,.T.);
#842=FACE_OUTER_BOUND('',#1441,.T.);
#843=FACE_OUTER_BOUND('',#1443,.T.);
#844=FACE_OUTER_BOUND('',#1444,.T.);
#845=FACE_OUTER_BOUND('',#1446,.T.);
#846=FACE_OUTER_BOUND('',#1447,.T.);
#847=FACE_OUTER_BOUND('',#1449,.T.);
#848=FACE_OUTER_BOUND('',#1451,.T.);
#849=FACE_OUTER_BOUND('',#1452,.T.);
#850=FACE_OUTER_BOUND('',#1453,.T.);
#851=FACE_OUTER_BOUND('',#1455,.T.);
#852=FACE_OUTER_BOUND('',#1456,.T.);
#853=FACE_OUTER_BOUND('',#1457,.T.);
#854=FACE_OUTER_BOUND('',#1459,.T.);
#855=FACE_OUTER_BOUND('',#1461,.T.);
#856=FACE_OUTER_BOUND('',#1462,.T.);
#857=FACE_OUTER_BOUND('',#1464,.T.);
#858=FACE_OUTER_BOUND('',#1465,.T.);
#859=FACE_OUTER_BOUND('',#1467,.T.);
#860=FACE_OUTER_BOUND('',#1469,.T.);
#861=FACE_OUTER_BOUND('',#1470,.T.);
#862=FACE_OUTER_BOUND('',#1471,.T.);
#863=FACE_OUTER_BOUND('',#1473,.T.);
#864=FACE_OUTER_BOUND('',#1474,.T.);
#865=FACE_OUTER_BOUND('',#1475,.T.);
#866=FACE_OUTER_BOUND('',#1477,.T.);
#867=FACE_OUTER_BOUND('',#1479,.T.);
#868=FACE_OUTER_BOUND('',#1480,.T.);
#869=FACE_OUTER_BOUND('',#1482,.T.);
#870=FACE_OUTER_BOUND('',#1483,.T.);
#871=FACE_OUTER_BOUND('',#1485,.T.);
#872=FACE_OUTER_BOUND('',#1487,.T.);
#873=FACE_OUTER_BOUND('',#1488,.T.);
#874=FACE_OUTER_BOUND('',#1489,.T.);
#875=FACE_OUTER_BOUND('',#1491,.T.);
#876=FACE_OUTER_BOUND('',#1492,.T.);
#877=FACE_OUTER_BOUND('',#1493,.T.);
#878=FACE_OUTER_BOUND('',#1495,.T.);
#879=FACE_OUTER_BOUND('',#1497,.T.);
#880=FACE_OUTER_BOUND('',#1498,.T.);
#881=FACE_OUTER_BOUND('',#1500,.T.);
#882=FACE_OUTER_BOUND('',#1501,.T.);
#883=FACE_OUTER_BOUND('',#1503,.T.);
#884=FACE_OUTER_BOUND('',#1505,.T.);
#885=FACE_OUTER_BOUND('',#1506,.T.);
#886=FACE_OUTER_BOUND('',#1507,.T.);
#887=FACE_OUTER_BOUND('',#1509,.T.);
#888=FACE_OUTER_BOUND('',#1510,.T.);
#889=FACE_OUTER_BOUND('',#1511,.T.);
#890=FACE_OUTER_BOUND('',#1513,.T.);
#891=FACE_OUTER_BOUND('',#1515,.T.);
#892=FACE_OUTER_BOUND('',#1516,.T.);
#893=FACE_OUTER_BOUND('',#1518,.T.);
#894=FACE_OUTER_BOUND('',#1519,.T.);
#895=FACE_OUTER_BOUND('',#1521,.T.);
#896=FACE_OUTER_BOUND('',#1523,.T.);
#897=FACE_OUTER_BOUND('',#1524,.T.);
#898=FACE_OUTER_BOUND('',#1525,.T.);
#899=FACE_OUTER_BOUND('',#1527,.T.);
#900=FACE_OUTER_BOUND('',#1528,.T.);
#901=FACE_OUTER_BOUND('',#1529,.T.);
#902=FACE_OUTER_BOUND('',#1531,.T.);
#903=FACE_OUTER_BOUND('',#1533,.T.);
#904=FACE_OUTER_BOUND('',#1534,.T.);
#905=FACE_OUTER_BOUND('',#1536,.T.);
#906=FACE_OUTER_BOUND('',#1537,.T.);
#907=FACE_OUTER_BOUND('',#1539,.T.);
#908=FACE_OUTER_BOUND('',#1541,.T.);
#909=FACE_OUTER_BOUND('',#1542,.T.);
#910=FACE_OUTER_BOUND('',#1543,.T.);
#911=FACE_OUTER_BOUND('',#1545,.T.);
#912=FACE_OUTER_BOUND('',#1546,.T.);
#913=FACE_OUTER_BOUND('',#1547,.T.);
#914=FACE_OUTER_BOUND('',#1549,.T.);
#915=FACE_OUTER_BOUND('',#1551,.T.);
#916=FACE_OUTER_BOUND('',#1552,.T.);
#917=FACE_OUTER_BOUND('',#1554,.T.);
#918=FACE_OUTER_BOUND('',#1555,.T.);
#919=FACE_OUTER_BOUND('',#1557,.T.);
#920=FACE_OUTER_BOUND('',#1559,.T.);
#921=FACE_OUTER_BOUND('',#1560,.T.);
#922=FACE_OUTER_BOUND('',#1561,.T.);
#923=FACE_OUTER_BOUND('',#1563,.T.);
#924=FACE_OUTER_BOUND('',#1564,.T.);
#925=FACE_OUTER_BOUND('',#1565,.T.);
#926=FACE_OUTER_BOUND('',#1567,.T.);
#927=FACE_OUTER_BOUND('',#1569,.T.);
#928=FACE_OUTER_BOUND('',#1570,.T.);
#929=FACE_OUTER_BOUND('',#1572,.T.);
#930=FACE_OUTER_BOUND('',#1573,.T.);
#931=FACE_OUTER_BOUND('',#1575,.T.);
#932=FACE_OUTER_BOUND('',#1577,.T.);
#933=FACE_OUTER_BOUND('',#1578,.T.);
#934=FACE_OUTER_BOUND('',#1579,.T.);
#935=FACE_OUTER_BOUND('',#1581,.T.);
#936=FACE_OUTER_BOUND('',#1582,.T.);
#937=FACE_OUTER_BOUND('',#1583,.T.);
#938=FACE_OUTER_BOUND('',#1585,.T.);
#939=FACE_OUTER_BOUND('',#1587,.T.);
#940=FACE_OUTER_BOUND('',#1588,.T.);
#941=FACE_OUTER_BOUND('',#1590,.T.);
#942=FACE_OUTER_BOUND('',#1591,.T.);
#943=FACE_OUTER_BOUND('',#1593,.T.);
#944=FACE_OUTER_BOUND('',#1595,.T.);
#945=FACE_OUTER_BOUND('',#1596,.T.);
#946=FACE_OUTER_BOUND('',#1597,.T.);
#947=FACE_OUTER_BOUND('',#1599,.T.);
#948=FACE_OUTER_BOUND('',#1600,.T.);
#949=FACE_OUTER_BOUND('',#1601,.T.);
#950=FACE_OUTER_BOUND('',#1603,.T.);
#951=FACE_OUTER_BOUND('',#1605,.T.);
#952=FACE_OUTER_BOUND('',#1606,.T.);
#953=FACE_OUTER_BOUND('',#1608,.T.);
#954=FACE_OUTER_BOUND('',#1609,.T.);
#955=FACE_OUTER_BOUND('',#1611,.T.);
#956=FACE_OUTER_BOUND('',#1613,.T.);
#957=FACE_OUTER_BOUND('',#1614,.T.);
#958=FACE_OUTER_BOUND('',#1615,.T.);
#959=FACE_OUTER_BOUND('',#1617,.T.);
#960=FACE_OUTER_BOUND('',#1618,.T.);
#961=FACE_OUTER_BOUND('',#1619,.T.);
#962=FACE_OUTER_BOUND('',#1621,.T.);
#963=FACE_OUTER_BOUND('',#1623,.T.);
#964=FACE_OUTER_BOUND('',#1624,.T.);
#965=FACE_OUTER_BOUND('',#1626,.T.);
#966=FACE_OUTER_BOUND('',#1627,.T.);
#967=FACE_OUTER_BOUND('',#1629,.T.);
#968=FACE_OUTER_BOUND('',#1631,.T.);
#969=FACE_OUTER_BOUND('',#1632,.T.);
#970=FACE_OUTER_BOUND('',#1633,.T.);
#971=FACE_OUTER_BOUND('',#1635,.T.);
#972=FACE_OUTER_BOUND('',#1636,.T.);
#973=FACE_OUTER_BOUND('',#1637,.T.);
#974=FACE_OUTER_BOUND('',#1639,.T.);
#975=EDGE_LOOP('',(#3639,#3640,#3641,#3642));
#976=EDGE_LOOP('',(#3643));
#977=EDGE_LOOP('',(#3644));
#978=EDGE_LOOP('',(#3645,#3646,#3647,#3648));
#979=EDGE_LOOP('',(#3649));
#980=EDGE_LOOP('',(#3650));
#981=EDGE_LOOP('',(#3651));
#982=EDGE_LOOP('',(#3652));
#983=EDGE_LOOP('',(#3653,#3654,#3655,#3656));
#984=EDGE_LOOP('',(#3657,#3658,#3659,#3660));
#985=EDGE_LOOP('',(#3661));
#986=EDGE_LOOP('',(#3662));
#987=EDGE_LOOP('',(#3663,#3664,#3665,#3666));
#988=EDGE_LOOP('',(#3667,#3668,#3669,#3670));
#989=EDGE_LOOP('',(#3671));
#990=EDGE_LOOP('',(#3672));
#991=EDGE_LOOP('',(#3673));
#992=EDGE_LOOP('',(#3674));
#993=EDGE_LOOP('',(#3675,#3676,#3677,#3678));
#994=EDGE_LOOP('',(#3679));
#995=EDGE_LOOP('',(#3680));
#996=EDGE_LOOP('',(#3681,#3682,#3683,#3684));
#997=EDGE_LOOP('',(#3685));
#998=EDGE_LOOP('',(#3686));
#999=EDGE_LOOP('',(#3687));
#1000=EDGE_LOOP('',(#3688));
#1001=EDGE_LOOP('',(#3689,#3690,#3691,#3692));
#1002=EDGE_LOOP('',(#3693,#3694,#3695,#3696));
#1003=EDGE_LOOP('',(#3697));
#1004=EDGE_LOOP('',(#3698));
#1005=EDGE_LOOP('',(#3699,#3700,#3701,#3702));
#1006=EDGE_LOOP('',(#3703,#3704,#3705,#3706));
#1007=EDGE_LOOP('',(#3707));
#1008=EDGE_LOOP('',(#3708));
#1009=EDGE_LOOP('',(#3709));
#1010=EDGE_LOOP('',(#3710));
#1011=EDGE_LOOP('',(#3711,#3712,#3713,#3714));
#1012=EDGE_LOOP('',(#3715));
#1013=EDGE_LOOP('',(#3716));
#1014=EDGE_LOOP('',(#3717,#3718,#3719,#3720));
#1015=EDGE_LOOP('',(#3721));
#1016=EDGE_LOOP('',(#3722));
#1017=EDGE_LOOP('',(#3723));
#1018=EDGE_LOOP('',(#3724));
#1019=EDGE_LOOP('',(#3725,#3726,#3727,#3728));
#1020=EDGE_LOOP('',(#3729,#3730,#3731,#3732));
#1021=EDGE_LOOP('',(#3733));
#1022=EDGE_LOOP('',(#3734));
#1023=EDGE_LOOP('',(#3735,#3736,#3737,#3738));
#1024=EDGE_LOOP('',(#3739,#3740,#3741,#3742));
#1025=EDGE_LOOP('',(#3743));
#1026=EDGE_LOOP('',(#3744));
#1027=EDGE_LOOP('',(#3745));
#1028=EDGE_LOOP('',(#3746));
#1029=EDGE_LOOP('',(#3747,#3748,#3749,#3750));
#1030=EDGE_LOOP('',(#3751));
#1031=EDGE_LOOP('',(#3752));
#1032=EDGE_LOOP('',(#3753,#3754,#3755,#3756));
#1033=EDGE_LOOP('',(#3757));
#1034=EDGE_LOOP('',(#3758));
#1035=EDGE_LOOP('',(#3759));
#1036=EDGE_LOOP('',(#3760));
#1037=EDGE_LOOP('',(#3761,#3762,#3763,#3764));
#1038=EDGE_LOOP('',(#3765,#3766,#3767,#3768));
#1039=EDGE_LOOP('',(#3769));
#1040=EDGE_LOOP('',(#3770));
#1041=EDGE_LOOP('',(#3771,#3772,#3773,#3774));
#1042=EDGE_LOOP('',(#3775,#3776,#3777,#3778));
#1043=EDGE_LOOP('',(#3779));
#1044=EDGE_LOOP('',(#3780));
#1045=EDGE_LOOP('',(#3781));
#1046=EDGE_LOOP('',(#3782));
#1047=EDGE_LOOP('',(#3783,#3784,#3785,#3786));
#1048=EDGE_LOOP('',(#3787));
#1049=EDGE_LOOP('',(#3788));
#1050=EDGE_LOOP('',(#3789,#3790,#3791,#3792));
#1051=EDGE_LOOP('',(#3793));
#1052=EDGE_LOOP('',(#3794));
#1053=EDGE_LOOP('',(#3795));
#1054=EDGE_LOOP('',(#3796));
#1055=EDGE_LOOP('',(#3797,#3798,#3799,#3800));
#1056=EDGE_LOOP('',(#3801,#3802,#3803,#3804));
#1057=EDGE_LOOP('',(#3805));
#1058=EDGE_LOOP('',(#3806));
#1059=EDGE_LOOP('',(#3807,#3808,#3809,#3810));
#1060=EDGE_LOOP('',(#3811,#3812,#3813,#3814));
#1061=EDGE_LOOP('',(#3815));
#1062=EDGE_LOOP('',(#3816));
#1063=EDGE_LOOP('',(#3817));
#1064=EDGE_LOOP('',(#3818));
#1065=EDGE_LOOP('',(#3819,#3820,#3821,#3822));
#1066=EDGE_LOOP('',(#3823));
#1067=EDGE_LOOP('',(#3824));
#1068=EDGE_LOOP('',(#3825,#3826,#3827,#3828));
#1069=EDGE_LOOP('',(#3829));
#1070=EDGE_LOOP('',(#3830));
#1071=EDGE_LOOP('',(#3831));
#1072=EDGE_LOOP('',(#3832));
#1073=EDGE_LOOP('',(#3833,#3834,#3835,#3836));
#1074=EDGE_LOOP('',(#3837,#3838,#3839,#3840));
#1075=EDGE_LOOP('',(#3841));
#1076=EDGE_LOOP('',(#3842));
#1077=EDGE_LOOP('',(#3843,#3844,#3845,#3846));
#1078=EDGE_LOOP('',(#3847,#3848,#3849,#3850));
#1079=EDGE_LOOP('',(#3851));
#1080=EDGE_LOOP('',(#3852));
#1081=EDGE_LOOP('',(#3853));
#1082=EDGE_LOOP('',(#3854));
#1083=EDGE_LOOP('',(#3855,#3856,#3857,#3858));
#1084=EDGE_LOOP('',(#3859));
#1085=EDGE_LOOP('',(#3860));
#1086=EDGE_LOOP('',(#3861,#3862,#3863,#3864));
#1087=EDGE_LOOP('',(#3865));
#1088=EDGE_LOOP('',(#3866));
#1089=EDGE_LOOP('',(#3867));
#1090=EDGE_LOOP('',(#3868));
#1091=EDGE_LOOP('',(#3869,#3870,#3871,#3872));
#1092=EDGE_LOOP('',(#3873,#3874,#3875,#3876));
#1093=EDGE_LOOP('',(#3877));
#1094=EDGE_LOOP('',(#3878));
#1095=EDGE_LOOP('',(#3879,#3880,#3881,#3882));
#1096=EDGE_LOOP('',(#3883,#3884,#3885,#3886));
#1097=EDGE_LOOP('',(#3887));
#1098=EDGE_LOOP('',(#3888));
#1099=EDGE_LOOP('',(#3889));
#1100=EDGE_LOOP('',(#3890));
#1101=EDGE_LOOP('',(#3891,#3892,#3893,#3894));
#1102=EDGE_LOOP('',(#3895));
#1103=EDGE_LOOP('',(#3896));
#1104=EDGE_LOOP('',(#3897,#3898,#3899,#3900));
#1105=EDGE_LOOP('',(#3901));
#1106=EDGE_LOOP('',(#3902));
#1107=EDGE_LOOP('',(#3903));
#1108=EDGE_LOOP('',(#3904));
#1109=EDGE_LOOP('',(#3905,#3906,#3907,#3908));
#1110=EDGE_LOOP('',(#3909,#3910,#3911,#3912));
#1111=EDGE_LOOP('',(#3913));
#1112=EDGE_LOOP('',(#3914));
#1113=EDGE_LOOP('',(#3915,#3916,#3917,#3918));
#1114=EDGE_LOOP('',(#3919,#3920,#3921,#3922));
#1115=EDGE_LOOP('',(#3923));
#1116=EDGE_LOOP('',(#3924));
#1117=EDGE_LOOP('',(#3925));
#1118=EDGE_LOOP('',(#3926));
#1119=EDGE_LOOP('',(#3927,#3928,#3929,#3930));
#1120=EDGE_LOOP('',(#3931));
#1121=EDGE_LOOP('',(#3932));
#1122=EDGE_LOOP('',(#3933,#3934,#3935,#3936));
#1123=EDGE_LOOP('',(#3937));
#1124=EDGE_LOOP('',(#3938));
#1125=EDGE_LOOP('',(#3939));
#1126=EDGE_LOOP('',(#3940));
#1127=EDGE_LOOP('',(#3941,#3942,#3943,#3944));
#1128=EDGE_LOOP('',(#3945,#3946,#3947,#3948));
#1129=EDGE_LOOP('',(#3949));
#1130=EDGE_LOOP('',(#3950));
#1131=EDGE_LOOP('',(#3951,#3952,#3953,#3954));
#1132=EDGE_LOOP('',(#3955,#3956,#3957,#3958));
#1133=EDGE_LOOP('',(#3959));
#1134=EDGE_LOOP('',(#3960));
#1135=EDGE_LOOP('',(#3961));
#1136=EDGE_LOOP('',(#3962));
#1137=EDGE_LOOP('',(#3963,#3964,#3965,#3966));
#1138=EDGE_LOOP('',(#3967));
#1139=EDGE_LOOP('',(#3968));
#1140=EDGE_LOOP('',(#3969,#3970,#3971,#3972));
#1141=EDGE_LOOP('',(#3973));
#1142=EDGE_LOOP('',(#3974));
#1143=EDGE_LOOP('',(#3975));
#1144=EDGE_LOOP('',(#3976));
#1145=EDGE_LOOP('',(#3977,#3978,#3979,#3980));
#1146=EDGE_LOOP('',(#3981,#3982,#3983,#3984));
#1147=EDGE_LOOP('',(#3985));
#1148=EDGE_LOOP('',(#3986));
#1149=EDGE_LOOP('',(#3987,#3988,#3989,#3990));
#1150=EDGE_LOOP('',(#3991,#3992,#3993,#3994));
#1151=EDGE_LOOP('',(#3995));
#1152=EDGE_LOOP('',(#3996));
#1153=EDGE_LOOP('',(#3997));
#1154=EDGE_LOOP('',(#3998));
#1155=EDGE_LOOP('',(#3999,#4000,#4001,#4002));
#1156=EDGE_LOOP('',(#4003));
#1157=EDGE_LOOP('',(#4004));
#1158=EDGE_LOOP('',(#4005,#4006,#4007,#4008));
#1159=EDGE_LOOP('',(#4009));
#1160=EDGE_LOOP('',(#4010));
#1161=EDGE_LOOP('',(#4011));
#1162=EDGE_LOOP('',(#4012));
#1163=EDGE_LOOP('',(#4013,#4014,#4015,#4016));
#1164=EDGE_LOOP('',(#4017,#4018,#4019,#4020));
#1165=EDGE_LOOP('',(#4021));
#1166=EDGE_LOOP('',(#4022));
#1167=EDGE_LOOP('',(#4023,#4024,#4025,#4026));
#1168=EDGE_LOOP('',(#4027,#4028,#4029,#4030));
#1169=EDGE_LOOP('',(#4031));
#1170=EDGE_LOOP('',(#4032));
#1171=EDGE_LOOP('',(#4033));
#1172=EDGE_LOOP('',(#4034));
#1173=EDGE_LOOP('',(#4035,#4036,#4037,#4038));
#1174=EDGE_LOOP('',(#4039));
#1175=EDGE_LOOP('',(#4040));
#1176=EDGE_LOOP('',(#4041,#4042,#4043,#4044));
#1177=EDGE_LOOP('',(#4045));
#1178=EDGE_LOOP('',(#4046));
#1179=EDGE_LOOP('',(#4047));
#1180=EDGE_LOOP('',(#4048));
#1181=EDGE_LOOP('',(#4049,#4050,#4051,#4052));
#1182=EDGE_LOOP('',(#4053,#4054,#4055,#4056));
#1183=EDGE_LOOP('',(#4057));
#1184=EDGE_LOOP('',(#4058));
#1185=EDGE_LOOP('',(#4059,#4060,#4061,#4062));
#1186=EDGE_LOOP('',(#4063,#4064,#4065,#4066));
#1187=EDGE_LOOP('',(#4067));
#1188=EDGE_LOOP('',(#4068));
#1189=EDGE_LOOP('',(#4069));
#1190=EDGE_LOOP('',(#4070));
#1191=EDGE_LOOP('',(#4071,#4072,#4073,#4074));
#1192=EDGE_LOOP('',(#4075));
#1193=EDGE_LOOP('',(#4076));
#1194=EDGE_LOOP('',(#4077,#4078,#4079,#4080));
#1195=EDGE_LOOP('',(#4081));
#1196=EDGE_LOOP('',(#4082));
#1197=EDGE_LOOP('',(#4083));
#1198=EDGE_LOOP('',(#4084));
#1199=EDGE_LOOP('',(#4085,#4086,#4087,#4088));
#1200=EDGE_LOOP('',(#4089,#4090,#4091,#4092));
#1201=EDGE_LOOP('',(#4093));
#1202=EDGE_LOOP('',(#4094));
#1203=EDGE_LOOP('',(#4095,#4096,#4097,#4098));
#1204=EDGE_LOOP('',(#4099,#4100,#4101,#4102));
#1205=EDGE_LOOP('',(#4103));
#1206=EDGE_LOOP('',(#4104));
#1207=EDGE_LOOP('',(#4105));
#1208=EDGE_LOOP('',(#4106));
#1209=EDGE_LOOP('',(#4107,#4108,#4109,#4110));
#1210=EDGE_LOOP('',(#4111));
#1211=EDGE_LOOP('',(#4112));
#1212=EDGE_LOOP('',(#4113,#4114,#4115,#4116));
#1213=EDGE_LOOP('',(#4117));
#1214=EDGE_LOOP('',(#4118));
#1215=EDGE_LOOP('',(#4119));
#1216=EDGE_LOOP('',(#4120));
#1217=EDGE_LOOP('',(#4121,#4122,#4123,#4124));
#1218=EDGE_LOOP('',(#4125,#4126,#4127,#4128));
#1219=EDGE_LOOP('',(#4129));
#1220=EDGE_LOOP('',(#4130));
#1221=EDGE_LOOP('',(#4131,#4132,#4133,#4134));
#1222=EDGE_LOOP('',(#4135,#4136,#4137,#4138));
#1223=EDGE_LOOP('',(#4139));
#1224=EDGE_LOOP('',(#4140));
#1225=EDGE_LOOP('',(#4141));
#1226=EDGE_LOOP('',(#4142));
#1227=EDGE_LOOP('',(#4143,#4144,#4145,#4146));
#1228=EDGE_LOOP('',(#4147));
#1229=EDGE_LOOP('',(#4148));
#1230=EDGE_LOOP('',(#4149,#4150,#4151,#4152));
#1231=EDGE_LOOP('',(#4153));
#1232=EDGE_LOOP('',(#4154));
#1233=EDGE_LOOP('',(#4155));
#1234=EDGE_LOOP('',(#4156));
#1235=EDGE_LOOP('',(#4157,#4158,#4159,#4160));
#1236=EDGE_LOOP('',(#4161,#4162,#4163,#4164));
#1237=EDGE_LOOP('',(#4165));
#1238=EDGE_LOOP('',(#4166));
#1239=EDGE_LOOP('',(#4167,#4168,#4169,#4170));
#1240=EDGE_LOOP('',(#4171,#4172,#4173,#4174));
#1241=EDGE_LOOP('',(#4175));
#1242=EDGE_LOOP('',(#4176));
#1243=EDGE_LOOP('',(#4177));
#1244=EDGE_LOOP('',(#4178));
#1245=EDGE_LOOP('',(#4179,#4180,#4181,#4182));
#1246=EDGE_LOOP('',(#4183));
#1247=EDGE_LOOP('',(#4184));
#1248=EDGE_LOOP('',(#4185,#4186,#4187,#4188));
#1249=EDGE_LOOP('',(#4189));
#1250=EDGE_LOOP('',(#4190));
#1251=EDGE_LOOP('',(#4191));
#1252=EDGE_LOOP('',(#4192));
#1253=EDGE_LOOP('',(#4193,#4194,#4195,#4196));
#1254=EDGE_LOOP('',(#4197,#4198,#4199,#4200));
#1255=EDGE_LOOP('',(#4201));
#1256=EDGE_LOOP('',(#4202));
#1257=EDGE_LOOP('',(#4203,#4204,#4205,#4206));
#1258=EDGE_LOOP('',(#4207,#4208,#4209,#4210));
#1259=EDGE_LOOP('',(#4211));
#1260=EDGE_LOOP('',(#4212));
#1261=EDGE_LOOP('',(#4213));
#1262=EDGE_LOOP('',(#4214));
#1263=EDGE_LOOP('',(#4215,#4216,#4217,#4218));
#1264=EDGE_LOOP('',(#4219));
#1265=EDGE_LOOP('',(#4220));
#1266=EDGE_LOOP('',(#4221,#4222,#4223,#4224));
#1267=EDGE_LOOP('',(#4225));
#1268=EDGE_LOOP('',(#4226));
#1269=EDGE_LOOP('',(#4227));
#1270=EDGE_LOOP('',(#4228));
#1271=EDGE_LOOP('',(#4229,#4230,#4231,#4232));
#1272=EDGE_LOOP('',(#4233,#4234,#4235,#4236));
#1273=EDGE_LOOP('',(#4237));
#1274=EDGE_LOOP('',(#4238));
#1275=EDGE_LOOP('',(#4239,#4240,#4241,#4242));
#1276=EDGE_LOOP('',(#4243,#4244,#4245,#4246));
#1277=EDGE_LOOP('',(#4247));
#1278=EDGE_LOOP('',(#4248));
#1279=EDGE_LOOP('',(#4249));
#1280=EDGE_LOOP('',(#4250));
#1281=EDGE_LOOP('',(#4251,#4252,#4253,#4254));
#1282=EDGE_LOOP('',(#4255));
#1283=EDGE_LOOP('',(#4256));
#1284=EDGE_LOOP('',(#4257,#4258,#4259,#4260));
#1285=EDGE_LOOP('',(#4261));
#1286=EDGE_LOOP('',(#4262));
#1287=EDGE_LOOP('',(#4263));
#1288=EDGE_LOOP('',(#4264));
#1289=EDGE_LOOP('',(#4265,#4266,#4267,#4268));
#1290=EDGE_LOOP('',(#4269,#4270,#4271,#4272));
#1291=EDGE_LOOP('',(#4273));
#1292=EDGE_LOOP('',(#4274));
#1293=EDGE_LOOP('',(#4275,#4276,#4277,#4278));
#1294=EDGE_LOOP('',(#4279,#4280,#4281,#4282));
#1295=EDGE_LOOP('',(#4283));
#1296=EDGE_LOOP('',(#4284));
#1297=EDGE_LOOP('',(#4285));
#1298=EDGE_LOOP('',(#4286));
#1299=EDGE_LOOP('',(#4287,#4288,#4289,#4290));
#1300=EDGE_LOOP('',(#4291));
#1301=EDGE_LOOP('',(#4292));
#1302=EDGE_LOOP('',(#4293,#4294,#4295,#4296));
#1303=EDGE_LOOP('',(#4297));
#1304=EDGE_LOOP('',(#4298));
#1305=EDGE_LOOP('',(#4299));
#1306=EDGE_LOOP('',(#4300));
#1307=EDGE_LOOP('',(#4301,#4302,#4303,#4304));
#1308=EDGE_LOOP('',(#4305,#4306,#4307,#4308));
#1309=EDGE_LOOP('',(#4309));
#1310=EDGE_LOOP('',(#4310));
#1311=EDGE_LOOP('',(#4311,#4312,#4313,#4314));
#1312=EDGE_LOOP('',(#4315,#4316,#4317,#4318));
#1313=EDGE_LOOP('',(#4319));
#1314=EDGE_LOOP('',(#4320));
#1315=EDGE_LOOP('',(#4321));
#1316=EDGE_LOOP('',(#4322));
#1317=EDGE_LOOP('',(#4323,#4324,#4325,#4326));
#1318=EDGE_LOOP('',(#4327));
#1319=EDGE_LOOP('',(#4328));
#1320=EDGE_LOOP('',(#4329,#4330,#4331,#4332));
#1321=EDGE_LOOP('',(#4333));
#1322=EDGE_LOOP('',(#4334));
#1323=EDGE_LOOP('',(#4335));
#1324=EDGE_LOOP('',(#4336));
#1325=EDGE_LOOP('',(#4337,#4338,#4339,#4340));
#1326=EDGE_LOOP('',(#4341,#4342,#4343,#4344));
#1327=EDGE_LOOP('',(#4345));
#1328=EDGE_LOOP('',(#4346));
#1329=EDGE_LOOP('',(#4347,#4348,#4349,#4350));
#1330=EDGE_LOOP('',(#4351,#4352,#4353,#4354));
#1331=EDGE_LOOP('',(#4355));
#1332=EDGE_LOOP('',(#4356));
#1333=EDGE_LOOP('',(#4357));
#1334=EDGE_LOOP('',(#4358));
#1335=EDGE_LOOP('',(#4359,#4360,#4361,#4362));
#1336=EDGE_LOOP('',(#4363));
#1337=EDGE_LOOP('',(#4364));
#1338=EDGE_LOOP('',(#4365,#4366,#4367,#4368));
#1339=EDGE_LOOP('',(#4369));
#1340=EDGE_LOOP('',(#4370));
#1341=EDGE_LOOP('',(#4371));
#1342=EDGE_LOOP('',(#4372));
#1343=EDGE_LOOP('',(#4373,#4374,#4375,#4376));
#1344=EDGE_LOOP('',(#4377,#4378,#4379,#4380));
#1345=EDGE_LOOP('',(#4381));
#1346=EDGE_LOOP('',(#4382));
#1347=EDGE_LOOP('',(#4383,#4384,#4385,#4386));
#1348=EDGE_LOOP('',(#4387,#4388,#4389,#4390));
#1349=EDGE_LOOP('',(#4391));
#1350=EDGE_LOOP('',(#4392));
#1351=EDGE_LOOP('',(#4393));
#1352=EDGE_LOOP('',(#4394));
#1353=EDGE_LOOP('',(#4395,#4396,#4397,#4398));
#1354=EDGE_LOOP('',(#4399));
#1355=EDGE_LOOP('',(#4400));
#1356=EDGE_LOOP('',(#4401,#4402,#4403,#4404));
#1357=EDGE_LOOP('',(#4405));
#1358=EDGE_LOOP('',(#4406));
#1359=EDGE_LOOP('',(#4407));
#1360=EDGE_LOOP('',(#4408));
#1361=EDGE_LOOP('',(#4409,#4410,#4411,#4412));
#1362=EDGE_LOOP('',(#4413,#4414,#4415,#4416));
#1363=EDGE_LOOP('',(#4417));
#1364=EDGE_LOOP('',(#4418));
#1365=EDGE_LOOP('',(#4419,#4420,#4421,#4422));
#1366=EDGE_LOOP('',(#4423,#4424,#4425,#4426));
#1367=EDGE_LOOP('',(#4427));
#1368=EDGE_LOOP('',(#4428));
#1369=EDGE_LOOP('',(#4429));
#1370=EDGE_LOOP('',(#4430));
#1371=EDGE_LOOP('',(#4431,#4432,#4433,#4434));
#1372=EDGE_LOOP('',(#4435));
#1373=EDGE_LOOP('',(#4436));
#1374=EDGE_LOOP('',(#4437,#4438,#4439,#4440));
#1375=EDGE_LOOP('',(#4441));
#1376=EDGE_LOOP('',(#4442));
#1377=EDGE_LOOP('',(#4443));
#1378=EDGE_LOOP('',(#4444));
#1379=EDGE_LOOP('',(#4445,#4446,#4447,#4448));
#1380=EDGE_LOOP('',(#4449,#4450,#4451,#4452));
#1381=EDGE_LOOP('',(#4453));
#1382=EDGE_LOOP('',(#4454));
#1383=EDGE_LOOP('',(#4455,#4456,#4457,#4458));
#1384=EDGE_LOOP('',(#4459,#4460,#4461,#4462));
#1385=EDGE_LOOP('',(#4463));
#1386=EDGE_LOOP('',(#4464));
#1387=EDGE_LOOP('',(#4465));
#1388=EDGE_LOOP('',(#4466));
#1389=EDGE_LOOP('',(#4467,#4468,#4469,#4470));
#1390=EDGE_LOOP('',(#4471));
#1391=EDGE_LOOP('',(#4472));
#1392=EDGE_LOOP('',(#4473,#4474,#4475,#4476));
#1393=EDGE_LOOP('',(#4477));
#1394=EDGE_LOOP('',(#4478));
#1395=EDGE_LOOP('',(#4479));
#1396=EDGE_LOOP('',(#4480));
#1397=EDGE_LOOP('',(#4481,#4482,#4483,#4484));
#1398=EDGE_LOOP('',(#4485,#4486,#4487,#4488));
#1399=EDGE_LOOP('',(#4489));
#1400=EDGE_LOOP('',(#4490));
#1401=EDGE_LOOP('',(#4491,#4492,#4493,#4494));
#1402=EDGE_LOOP('',(#4495,#4496,#4497,#4498));
#1403=EDGE_LOOP('',(#4499));
#1404=EDGE_LOOP('',(#4500));
#1405=EDGE_LOOP('',(#4501));
#1406=EDGE_LOOP('',(#4502));
#1407=EDGE_LOOP('',(#4503,#4504,#4505,#4506));
#1408=EDGE_LOOP('',(#4507));
#1409=EDGE_LOOP('',(#4508));
#1410=EDGE_LOOP('',(#4509,#4510,#4511,#4512));
#1411=EDGE_LOOP('',(#4513));
#1412=EDGE_LOOP('',(#4514));
#1413=EDGE_LOOP('',(#4515));
#1414=EDGE_LOOP('',(#4516));
#1415=EDGE_LOOP('',(#4517,#4518,#4519,#4520));
#1416=EDGE_LOOP('',(#4521,#4522,#4523,#4524));
#1417=EDGE_LOOP('',(#4525));
#1418=EDGE_LOOP('',(#4526));
#1419=EDGE_LOOP('',(#4527,#4528,#4529,#4530));
#1420=EDGE_LOOP('',(#4531,#4532,#4533,#4534));
#1421=EDGE_LOOP('',(#4535));
#1422=EDGE_LOOP('',(#4536));
#1423=EDGE_LOOP('',(#4537));
#1424=EDGE_LOOP('',(#4538));
#1425=EDGE_LOOP('',(#4539,#4540,#4541,#4542));
#1426=EDGE_LOOP('',(#4543));
#1427=EDGE_LOOP('',(#4544));
#1428=EDGE_LOOP('',(#4545,#4546,#4547,#4548));
#1429=EDGE_LOOP('',(#4549));
#1430=EDGE_LOOP('',(#4550));
#1431=EDGE_LOOP('',(#4551));
#1432=EDGE_LOOP('',(#4552));
#1433=EDGE_LOOP('',(#4553,#4554,#4555,#4556));
#1434=EDGE_LOOP('',(#4557,#4558,#4559,#4560));
#1435=EDGE_LOOP('',(#4561));
#1436=EDGE_LOOP('',(#4562));
#1437=EDGE_LOOP('',(#4563,#4564,#4565,#4566));
#1438=EDGE_LOOP('',(#4567,#4568,#4569,#4570));
#1439=EDGE_LOOP('',(#4571));
#1440=EDGE_LOOP('',(#4572));
#1441=EDGE_LOOP('',(#4573));
#1442=EDGE_LOOP('',(#4574));
#1443=EDGE_LOOP('',(#4575,#4576,#4577,#4578));
#1444=EDGE_LOOP('',(#4579));
#1445=EDGE_LOOP('',(#4580));
#1446=EDGE_LOOP('',(#4581,#4582,#4583,#4584));
#1447=EDGE_LOOP('',(#4585));
#1448=EDGE_LOOP('',(#4586));
#1449=EDGE_LOOP('',(#4587));
#1450=EDGE_LOOP('',(#4588));
#1451=EDGE_LOOP('',(#4589,#4590,#4591,#4592));
#1452=EDGE_LOOP('',(#4593,#4594,#4595,#4596));
#1453=EDGE_LOOP('',(#4597));
#1454=EDGE_LOOP('',(#4598));
#1455=EDGE_LOOP('',(#4599,#4600,#4601,#4602));
#1456=EDGE_LOOP('',(#4603,#4604,#4605,#4606));
#1457=EDGE_LOOP('',(#4607));
#1458=EDGE_LOOP('',(#4608));
#1459=EDGE_LOOP('',(#4609));
#1460=EDGE_LOOP('',(#4610));
#1461=EDGE_LOOP('',(#4611,#4612,#4613,#4614));
#1462=EDGE_LOOP('',(#4615));
#1463=EDGE_LOOP('',(#4616));
#1464=EDGE_LOOP('',(#4617,#4618,#4619,#4620));
#1465=EDGE_LOOP('',(#4621));
#1466=EDGE_LOOP('',(#4622));
#1467=EDGE_LOOP('',(#4623));
#1468=EDGE_LOOP('',(#4624));
#1469=EDGE_LOOP('',(#4625,#4626,#4627,#4628));
#1470=EDGE_LOOP('',(#4629,#4630,#4631,#4632));
#1471=EDGE_LOOP('',(#4633));
#1472=EDGE_LOOP('',(#4634));
#1473=EDGE_LOOP('',(#4635,#4636,#4637,#4638));
#1474=EDGE_LOOP('',(#4639,#4640,#4641,#4642));
#1475=EDGE_LOOP('',(#4643));
#1476=EDGE_LOOP('',(#4644));
#1477=EDGE_LOOP('',(#4645));
#1478=EDGE_LOOP('',(#4646));
#1479=EDGE_LOOP('',(#4647,#4648,#4649,#4650));
#1480=EDGE_LOOP('',(#4651));
#1481=EDGE_LOOP('',(#4652));
#1482=EDGE_LOOP('',(#4653,#4654,#4655,#4656));
#1483=EDGE_LOOP('',(#4657));
#1484=EDGE_LOOP('',(#4658));
#1485=EDGE_LOOP('',(#4659));
#1486=EDGE_LOOP('',(#4660));
#1487=EDGE_LOOP('',(#4661,#4662,#4663,#4664));
#1488=EDGE_LOOP('',(#4665,#4666,#4667,#4668));
#1489=EDGE_LOOP('',(#4669));
#1490=EDGE_LOOP('',(#4670));
#1491=EDGE_LOOP('',(#4671,#4672,#4673,#4674));
#1492=EDGE_LOOP('',(#4675,#4676,#4677,#4678));
#1493=EDGE_LOOP('',(#4679));
#1494=EDGE_LOOP('',(#4680));
#1495=EDGE_LOOP('',(#4681));
#1496=EDGE_LOOP('',(#4682));
#1497=EDGE_LOOP('',(#4683,#4684,#4685,#4686));
#1498=EDGE_LOOP('',(#4687));
#1499=EDGE_LOOP('',(#4688));
#1500=EDGE_LOOP('',(#4689,#4690,#4691,#4692));
#1501=EDGE_LOOP('',(#4693));
#1502=EDGE_LOOP('',(#4694));
#1503=EDGE_LOOP('',(#4695));
#1504=EDGE_LOOP('',(#4696));
#1505=EDGE_LOOP('',(#4697,#4698,#4699,#4700));
#1506=EDGE_LOOP('',(#4701,#4702,#4703,#4704));
#1507=EDGE_LOOP('',(#4705));
#1508=EDGE_LOOP('',(#4706));
#1509=EDGE_LOOP('',(#4707,#4708,#4709,#4710));
#1510=EDGE_LOOP('',(#4711,#4712,#4713,#4714));
#1511=EDGE_LOOP('',(#4715));
#1512=EDGE_LOOP('',(#4716));
#1513=EDGE_LOOP('',(#4717));
#1514=EDGE_LOOP('',(#4718));
#1515=EDGE_LOOP('',(#4719,#4720,#4721,#4722));
#1516=EDGE_LOOP('',(#4723));
#1517=EDGE_LOOP('',(#4724));
#1518=EDGE_LOOP('',(#4725,#4726,#4727,#4728));
#1519=EDGE_LOOP('',(#4729));
#1520=EDGE_LOOP('',(#4730));
#1521=EDGE_LOOP('',(#4731));
#1522=EDGE_LOOP('',(#4732));
#1523=EDGE_LOOP('',(#4733,#4734,#4735,#4736));
#1524=EDGE_LOOP('',(#4737,#4738,#4739,#4740));
#1525=EDGE_LOOP('',(#4741));
#1526=EDGE_LOOP('',(#4742));
#1527=EDGE_LOOP('',(#4743,#4744,#4745,#4746));
#1528=EDGE_LOOP('',(#4747,#4748,#4749,#4750));
#1529=EDGE_LOOP('',(#4751));
#1530=EDGE_LOOP('',(#4752));
#1531=EDGE_LOOP('',(#4753));
#1532=EDGE_LOOP('',(#4754));
#1533=EDGE_LOOP('',(#4755,#4756,#4757,#4758));
#1534=EDGE_LOOP('',(#4759));
#1535=EDGE_LOOP('',(#4760));
#1536=EDGE_LOOP('',(#4761,#4762,#4763,#4764));
#1537=EDGE_LOOP('',(#4765));
#1538=EDGE_LOOP('',(#4766));
#1539=EDGE_LOOP('',(#4767));
#1540=EDGE_LOOP('',(#4768));
#1541=EDGE_LOOP('',(#4769,#4770,#4771,#4772));
#1542=EDGE_LOOP('',(#4773,#4774,#4775,#4776));
#1543=EDGE_LOOP('',(#4777));
#1544=EDGE_LOOP('',(#4778));
#1545=EDGE_LOOP('',(#4779,#4780,#4781,#4782));
#1546=EDGE_LOOP('',(#4783,#4784,#4785,#4786));
#1547=EDGE_LOOP('',(#4787));
#1548=EDGE_LOOP('',(#4788));
#1549=EDGE_LOOP('',(#4789));
#1550=EDGE_LOOP('',(#4790));
#1551=EDGE_LOOP('',(#4791,#4792,#4793,#4794));
#1552=EDGE_LOOP('',(#4795));
#1553=EDGE_LOOP('',(#4796));
#1554=EDGE_LOOP('',(#4797,#4798,#4799,#4800));
#1555=EDGE_LOOP('',(#4801));
#1556=EDGE_LOOP('',(#4802));
#1557=EDGE_LOOP('',(#4803));
#1558=EDGE_LOOP('',(#4804));
#1559=EDGE_LOOP('',(#4805,#4806,#4807,#4808));
#1560=EDGE_LOOP('',(#4809,#4810,#4811,#4812));
#1561=EDGE_LOOP('',(#4813));
#1562=EDGE_LOOP('',(#4814));
#1563=EDGE_LOOP('',(#4815,#4816,#4817,#4818));
#1564=EDGE_LOOP('',(#4819,#4820,#4821,#4822));
#1565=EDGE_LOOP('',(#4823));
#1566=EDGE_LOOP('',(#4824));
#1567=EDGE_LOOP('',(#4825));
#1568=EDGE_LOOP('',(#4826));
#1569=EDGE_LOOP('',(#4827,#4828,#4829,#4830));
#1570=EDGE_LOOP('',(#4831));
#1571=EDGE_LOOP('',(#4832));
#1572=EDGE_LOOP('',(#4833,#4834,#4835,#4836));
#1573=EDGE_LOOP('',(#4837));
#1574=EDGE_LOOP('',(#4838));
#1575=EDGE_LOOP('',(#4839));
#1576=EDGE_LOOP('',(#4840));
#1577=EDGE_LOOP('',(#4841,#4842,#4843,#4844));
#1578=EDGE_LOOP('',(#4845,#4846,#4847,#4848));
#1579=EDGE_LOOP('',(#4849));
#1580=EDGE_LOOP('',(#4850));
#1581=EDGE_LOOP('',(#4851,#4852,#4853,#4854));
#1582=EDGE_LOOP('',(#4855,#4856,#4857,#4858));
#1583=EDGE_LOOP('',(#4859));
#1584=EDGE_LOOP('',(#4860));
#1585=EDGE_LOOP('',(#4861));
#1586=EDGE_LOOP('',(#4862));
#1587=EDGE_LOOP('',(#4863,#4864,#4865,#4866));
#1588=EDGE_LOOP('',(#4867));
#1589=EDGE_LOOP('',(#4868));
#1590=EDGE_LOOP('',(#4869,#4870,#4871,#4872));
#1591=EDGE_LOOP('',(#4873));
#1592=EDGE_LOOP('',(#4874));
#1593=EDGE_LOOP('',(#4875));
#1594=EDGE_LOOP('',(#4876));
#1595=EDGE_LOOP('',(#4877,#4878,#4879,#4880));
#1596=EDGE_LOOP('',(#4881,#4882,#4883,#4884));
#1597=EDGE_LOOP('',(#4885));
#1598=EDGE_LOOP('',(#4886));
#1599=EDGE_LOOP('',(#4887,#4888,#4889,#4890));
#1600=EDGE_LOOP('',(#4891,#4892,#4893,#4894));
#1601=EDGE_LOOP('',(#4895));
#1602=EDGE_LOOP('',(#4896));
#1603=EDGE_LOOP('',(#4897));
#1604=EDGE_LOOP('',(#4898));
#1605=EDGE_LOOP('',(#4899,#4900,#4901,#4902));
#1606=EDGE_LOOP('',(#4903));
#1607=EDGE_LOOP('',(#4904));
#1608=EDGE_LOOP('',(#4905,#4906,#4907,#4908));
#1609=EDGE_LOOP('',(#4909));
#1610=EDGE_LOOP('',(#4910));
#1611=EDGE_LOOP('',(#4911));
#1612=EDGE_LOOP('',(#4912));
#1613=EDGE_LOOP('',(#4913,#4914,#4915,#4916));
#1614=EDGE_LOOP('',(#4917,#4918,#4919,#4920));
#1615=EDGE_LOOP('',(#4921));
#1616=EDGE_LOOP('',(#4922));
#1617=EDGE_LOOP('',(#4923,#4924,#4925,#4926));
#1618=EDGE_LOOP('',(#4927,#4928,#4929,#4930));
#1619=EDGE_LOOP('',(#4931));
#1620=EDGE_LOOP('',(#4932));
#1621=EDGE_LOOP('',(#4933));
#1622=EDGE_LOOP('',(#4934));
#1623=EDGE_LOOP('',(#4935,#4936,#4937,#4938));
#1624=EDGE_LOOP('',(#4939));
#1625=EDGE_LOOP('',(#4940));
#1626=EDGE_LOOP('',(#4941,#4942,#4943,#4944));
#1627=EDGE_LOOP('',(#4945));
#1628=EDGE_LOOP('',(#4946));
#1629=EDGE_LOOP('',(#4947));
#1630=EDGE_LOOP('',(#4948));
#1631=EDGE_LOOP('',(#4949,#4950,#4951,#4952));
#1632=EDGE_LOOP('',(#4953,#4954,#4955,#4956));
#1633=EDGE_LOOP('',(#4957));
#1634=EDGE_LOOP('',(#4958));
#1635=EDGE_LOOP('',(#4959,#4960,#4961,#4962));
#1636=EDGE_LOOP('',(#4963,#4964,#4965,#4966));
#1637=EDGE_LOOP('',(#4967));
#1638=EDGE_LOOP('',(#4968));
#1639=EDGE_LOOP('',(#4969));
#1640=EDGE_LOOP('',(#4970));
#1641=LINE('',#8580,#1863);
#1642=LINE('',#8590,#1864);
#1643=LINE('',#8602,#1865);
#1644=LINE('',#8604,#1866);
#1645=LINE('',#8612,#1867);
#1646=LINE('',#8615,#1868);
#1647=LINE('',#8622,#1869);
#1648=LINE('',#8632,#1870);
#1649=LINE('',#8644,#1871);
#1650=LINE('',#8646,#1872);
#1651=LINE('',#8654,#1873);
#1652=LINE('',#8657,#1874);
#1653=LINE('',#8664,#1875);
#1654=LINE('',#8674,#1876);
#1655=LINE('',#8686,#1877);
#1656=LINE('',#8688,#1878);
#1657=LINE('',#8696,#1879);
#1658=LINE('',#8699,#1880);
#1659=LINE('',#8706,#1881);
#1660=LINE('',#8716,#1882);
#1661=LINE('',#8728,#1883);
#1662=LINE('',#8730,#1884);
#1663=LINE('',#8738,#1885);
#1664=LINE('',#8741,#1886);
#1665=LINE('',#8748,#1887);
#1666=LINE('',#8758,#1888);
#1667=LINE('',#8770,#1889);
#1668=LINE('',#8772,#1890);
#1669=LINE('',#8780,#1891);
#1670=LINE('',#8783,#1892);
#1671=LINE('',#8790,#1893);
#1672=LINE('',#8800,#1894);
#1673=LINE('',#8812,#1895);
#1674=LINE('',#8814,#1896);
#1675=LINE('',#8822,#1897);
#1676=LINE('',#8825,#1898);
#1677=LINE('',#8832,#1899);
#1678=LINE('',#8842,#1900);
#1679=LINE('',#8854,#1901);
#1680=LINE('',#8856,#1902);
#1681=LINE('',#8864,#1903);
#1682=LINE('',#8867,#1904);
#1683=LINE('',#8874,#1905);
#1684=LINE('',#8884,#1906);
#1685=LINE('',#8896,#1907);
#1686=LINE('',#8898,#1908);
#1687=LINE('',#8906,#1909);
#1688=LINE('',#8909,#1910);
#1689=LINE('',#8916,#1911);
#1690=LINE('',#8926,#1912);
#1691=LINE('',#8938,#1913);
#1692=LINE('',#8940,#1914);
#1693=LINE('',#8948,#1915);
#1694=LINE('',#8951,#1916);
#1695=LINE('',#8958,#1917);
#1696=LINE('',#8968,#1918);
#1697=LINE('',#8980,#1919);
#1698=LINE('',#8982,#1920);
#1699=LINE('',#8990,#1921);
#1700=LINE('',#8993,#1922);
#1701=LINE('',#9000,#1923);
#1702=LINE('',#9010,#1924);
#1703=LINE('',#9022,#1925);
#1704=LINE('',#9024,#1926);
#1705=LINE('',#9032,#1927);
#1706=LINE('',#9035,#1928);
#1707=LINE('',#9042,#1929);
#1708=LINE('',#9052,#1930);
#1709=LINE('',#9064,#1931);
#1710=LINE('',#9066,#1932);
#1711=LINE('',#9074,#1933);
#1712=LINE('',#9077,#1934);
#1713=LINE('',#9084,#1935);
#1714=LINE('',#9094,#1936);
#1715=LINE('',#9106,#1937);
#1716=LINE('',#9108,#1938);
#1717=LINE('',#9116,#1939);
#1718=LINE('',#9119,#1940);
#1719=LINE('',#9126,#1941);
#1720=LINE('',#9136,#1942);
#1721=LINE('',#9148,#1943);
#1722=LINE('',#9150,#1944);
#1723=LINE('',#9158,#1945);
#1724=LINE('',#9161,#1946);
#1725=LINE('',#9168,#1947);
#1726=LINE('',#9178,#1948);
#1727=LINE('',#9190,#1949);
#1728=LINE('',#9192,#1950);
#1729=LINE('',#9200,#1951);
#1730=LINE('',#9203,#1952);
#1731=LINE('',#9210,#1953);
#1732=LINE('',#9220,#1954);
#1733=LINE('',#9232,#1955);
#1734=LINE('',#9234,#1956);
#1735=LINE('',#9242,#1957);
#1736=LINE('',#9245,#1958);
#1737=LINE('',#9252,#1959);
#1738=LINE('',#9262,#1960);
#1739=LINE('',#9274,#1961);
#1740=LINE('',#9276,#1962);
#1741=LINE('',#9284,#1963);
#1742=LINE('',#9287,#1964);
#1743=LINE('',#9294,#1965);
#1744=LINE('',#9304,#1966);
#1745=LINE('',#9316,#1967);
#1746=LINE('',#9318,#1968);
#1747=LINE('',#9326,#1969);
#1748=LINE('',#9329,#1970);
#1749=LINE('',#9336,#1971);
#1750=LINE('',#9346,#1972);
#1751=LINE('',#9358,#1973);
#1752=LINE('',#9360,#1974);
#1753=LINE('',#9368,#1975);
#1754=LINE('',#9371,#1976);
#1755=LINE('',#9378,#1977);
#1756=LINE('',#9388,#1978);
#1757=LINE('',#9400,#1979);
#1758=LINE('',#9402,#1980);
#1759=LINE('',#9410,#1981);
#1760=LINE('',#9413,#1982);
#1761=LINE('',#9420,#1983);
#1762=LINE('',#9430,#1984);
#1763=LINE('',#9442,#1985);
#1764=LINE('',#9444,#1986);
#1765=LINE('',#9452,#1987);
#1766=LINE('',#9455,#1988);
#1767=LINE('',#9462,#1989);
#1768=LINE('',#9472,#1990);
#1769=LINE('',#9484,#1991);
#1770=LINE('',#9486,#1992);
#1771=LINE('',#9494,#1993);
#1772=LINE('',#9497,#1994);
#1773=LINE('',#9504,#1995);
#1774=LINE('',#9514,#1996);
#1775=LINE('',#9526,#1997);
#1776=LINE('',#9528,#1998);
#1777=LINE('',#9536,#1999);
#1778=LINE('',#9539,#2000);
#1779=LINE('',#9546,#2001);
#1780=LINE('',#9556,#2002);
#1781=LINE('',#9568,#2003);
#1782=LINE('',#9570,#2004);
#1783=LINE('',#9578,#2005);
#1784=LINE('',#9581,#2006);
#1785=LINE('',#9588,#2007);
#1786=LINE('',#9598,#2008);
#1787=LINE('',#9610,#2009);
#1788=LINE('',#9612,#2010);
#1789=LINE('',#9620,#2011);
#1790=LINE('',#9623,#2012);
#1791=LINE('',#9630,#2013);
#1792=LINE('',#9640,#2014);
#1793=LINE('',#9652,#2015);
#1794=LINE('',#9654,#2016);
#1795=LINE('',#9662,#2017);
#1796=LINE('',#9665,#2018);
#1797=LINE('',#9672,#2019);
#1798=LINE('',#9682,#2020);
#1799=LINE('',#9694,#2021);
#1800=LINE('',#9696,#2022);
#1801=LINE('',#9704,#2023);
#1802=LINE('',#9707,#2024);
#1803=LINE('',#9714,#2025);
#1804=LINE('',#9724,#2026);
#1805=LINE('',#9736,#2027);
#1806=LINE('',#9738,#2028);
#1807=LINE('',#9746,#2029);
#1808=LINE('',#9749,#2030);
#1809=LINE('',#9756,#2031);
#1810=LINE('',#9766,#2032);
#1811=LINE('',#9778,#2033);
#1812=LINE('',#9780,#2034);
#1813=LINE('',#9788,#2035);
#1814=LINE('',#9791,#2036);
#1815=LINE('',#9798,#2037);
#1816=LINE('',#9808,#2038);
#1817=LINE('',#9820,#2039);
#1818=LINE('',#9822,#2040);
#1819=LINE('',#9830,#2041);
#1820=LINE('',#9833,#2042);
#1821=LINE('',#9840,#2043);
#1822=LINE('',#9850,#2044);
#1823=LINE('',#9862,#2045);
#1824=LINE('',#9864,#2046);
#1825=LINE('',#9872,#2047);
#1826=LINE('',#9875,#2048);
#1827=LINE('',#9882,#2049);
#1828=LINE('',#9892,#2050);
#1829=LINE('',#9904,#2051);
#1830=LINE('',#9906,#2052);
#1831=LINE('',#9914,#2053);
#1832=LINE('',#9917,#2054);
#1833=LINE('',#9924,#2055);
#1834=LINE('',#9934,#2056);
#1835=LINE('',#9946,#2057);
#1836=LINE('',#9948,#2058);
#1837=LINE('',#9956,#2059);
#1838=LINE('',#9959,#2060);
#1839=LINE('',#9966,#2061);
#1840=LINE('',#9976,#2062);
#1841=LINE('',#9988,#2063);
#1842=LINE('',#9990,#2064);
#1843=LINE('',#9998,#2065);
#1844=LINE('',#10001,#2066);
#1845=LINE('',#10008,#2067);
#1846=LINE('',#10018,#2068);
#1847=LINE('',#10030,#2069);
#1848=LINE('',#10032,#2070);
#1849=LINE('',#10040,#2071);
#1850=LINE('',#10043,#2072);
#1851=LINE('',#10050,#2073);
#1852=LINE('',#10060,#2074);
#1853=LINE('',#10072,#2075);
#1854=LINE('',#10074,#2076);
#1855=LINE('',#10082,#2077);
#1856=LINE('',#10085,#2078);
#1857=LINE('',#10092,#2079);
#1858=LINE('',#10102,#2080);
#1859=LINE('',#10114,#2081);
#1860=LINE('',#10116,#2082);
#1861=LINE('',#10124,#2083);
#1862=LINE('',#10127,#2084);
#1863=VECTOR('',#6581,1.54);
#1864=VECTOR('',#6594,2.275);
#1865=VECTOR('',#6609,2.275);
#1866=VECTOR('',#6612,1.93);
#1867=VECTOR('',#6621,2.275);
#1868=VECTOR('',#6626,1.93);
#1869=VECTOR('',#6635,1.54);
#1870=VECTOR('',#6648,2.275);
#1871=VECTOR('',#6663,2.275);
#1872=VECTOR('',#6666,1.93);
#1873=VECTOR('',#6675,2.275);
#1874=VECTOR('',#6680,1.93);
#1875=VECTOR('',#6689,1.29);
#1876=VECTOR('',#6702,2.275);
#1877=VECTOR('',#6717,2.275);
#1878=VECTOR('',#6720,1.93);
#1879=VECTOR('',#6729,2.275);
#1880=VECTOR('',#6734,1.93);
#1881=VECTOR('',#6743,1.29);
#1882=VECTOR('',#6756,2.275);
#1883=VECTOR('',#6771,2.275);
#1884=VECTOR('',#6774,1.93);
#1885=VECTOR('',#6783,2.275);
#1886=VECTOR('',#6788,1.93);
#1887=VECTOR('',#6797,1.29);
#1888=VECTOR('',#6810,2.275);
#1889=VECTOR('',#6825,2.275);
#1890=VECTOR('',#6828,1.93);
#1891=VECTOR('',#6837,2.275);
#1892=VECTOR('',#6842,1.93);
#1893=VECTOR('',#6851,1.29);
#1894=VECTOR('',#6864,2.275);
#1895=VECTOR('',#6879,2.275);
#1896=VECTOR('',#6882,1.93);
#1897=VECTOR('',#6891,2.275);
#1898=VECTOR('',#6896,1.93);
#1899=VECTOR('',#6905,1.54);
#1900=VECTOR('',#6918,2.275);
#1901=VECTOR('',#6933,2.275);
#1902=VECTOR('',#6936,1.93);
#1903=VECTOR('',#6945,2.275);
#1904=VECTOR('',#6950,1.93);
#1905=VECTOR('',#6959,1.54);
#1906=VECTOR('',#6972,2.275);
#1907=VECTOR('',#6987,2.275);
#1908=VECTOR('',#6990,1.93);
#1909=VECTOR('',#6999,2.275);
#1910=VECTOR('',#7004,1.93);
#1911=VECTOR('',#7013,1.54);
#1912=VECTOR('',#7026,2.275);
#1913=VECTOR('',#7041,2.275);
#1914=VECTOR('',#7044,1.93);
#1915=VECTOR('',#7053,2.275);
#1916=VECTOR('',#7058,1.93);
#1917=VECTOR('',#7067,1.54);
#1918=VECTOR('',#7080,2.275);
#1919=VECTOR('',#7095,2.275);
#1920=VECTOR('',#7098,1.93);
#1921=VECTOR('',#7107,2.275);
#1922=VECTOR('',#7112,1.93);
#1923=VECTOR('',#7121,1.04);
#1924=VECTOR('',#7134,1.865);
#1925=VECTOR('',#7149,1.865);
#1926=VECTOR('',#7152,1.59);
#1927=VECTOR('',#7161,1.865);
#1928=VECTOR('',#7166,1.59);
#1929=VECTOR('',#7175,1.04);
#1930=VECTOR('',#7188,1.865);
#1931=VECTOR('',#7203,1.865);
#1932=VECTOR('',#7206,1.59);
#1933=VECTOR('',#7215,1.865);
#1934=VECTOR('',#7220,1.59);
#1935=VECTOR('',#7229,1.04);
#1936=VECTOR('',#7242,1.865);
#1937=VECTOR('',#7257,1.865);
#1938=VECTOR('',#7260,1.59);
#1939=VECTOR('',#7269,1.865);
#1940=VECTOR('',#7274,1.59);
#1941=VECTOR('',#7283,1.04);
#1942=VECTOR('',#7296,1.865);
#1943=VECTOR('',#7311,1.865);
#1944=VECTOR('',#7314,1.59);
#1945=VECTOR('',#7323,1.865);
#1946=VECTOR('',#7328,1.59);
#1947=VECTOR('',#7337,1.54);
#1948=VECTOR('',#7350,2.275);
#1949=VECTOR('',#7365,2.275);
#1950=VECTOR('',#7368,1.93);
#1951=VECTOR('',#7377,2.275);
#1952=VECTOR('',#7382,1.93);
#1953=VECTOR('',#7391,1.54);
#1954=VECTOR('',#7404,2.275);
#1955=VECTOR('',#7419,2.275);
#1956=VECTOR('',#7422,1.93);
#1957=VECTOR('',#7431,2.275);
#1958=VECTOR('',#7436,1.93);
#1959=VECTOR('',#7445,1.54);
#1960=VECTOR('',#7458,2.275);
#1961=VECTOR('',#7473,2.275);
#1962=VECTOR('',#7476,1.93);
#1963=VECTOR('',#7485,2.275);
#1964=VECTOR('',#7490,1.93);
#1965=VECTOR('',#7499,1.54);
#1966=VECTOR('',#7512,2.275);
#1967=VECTOR('',#7527,2.275);
#1968=VECTOR('',#7530,1.93);
#1969=VECTOR('',#7539,2.275);
#1970=VECTOR('',#7544,1.93);
#1971=VECTOR('',#7553,1.54);
#1972=VECTOR('',#7566,2.275);
#1973=VECTOR('',#7581,2.275);
#1974=VECTOR('',#7584,1.93);
#1975=VECTOR('',#7593,2.275);
#1976=VECTOR('',#7598,1.93);
#1977=VECTOR('',#7607,1.54);
#1978=VECTOR('',#7620,2.275);
#1979=VECTOR('',#7635,2.275);
#1980=VECTOR('',#7638,1.93);
#1981=VECTOR('',#7647,2.275);
#1982=VECTOR('',#7652,1.93);
#1983=VECTOR('',#7661,1.54);
#1984=VECTOR('',#7674,2.275);
#1985=VECTOR('',#7689,2.275);
#1986=VECTOR('',#7692,1.93);
#1987=VECTOR('',#7701,2.275);
#1988=VECTOR('',#7706,1.93);
#1989=VECTOR('',#7715,1.54);
#1990=VECTOR('',#7728,2.275);
#1991=VECTOR('',#7743,2.275);
#1992=VECTOR('',#7746,1.93);
#1993=VECTOR('',#7755,2.275);
#1994=VECTOR('',#7760,1.93);
#1995=VECTOR('',#7769,1.54);
#1996=VECTOR('',#7782,2.275);
#1997=VECTOR('',#7797,2.275);
#1998=VECTOR('',#7800,1.93);
#1999=VECTOR('',#7809,2.275);
#2000=VECTOR('',#7814,1.93);
#2001=VECTOR('',#7823,1.54);
#2002=VECTOR('',#7836,2.275);
#2003=VECTOR('',#7851,2.275);
#2004=VECTOR('',#7854,1.93);
#2005=VECTOR('',#7863,2.275);
#2006=VECTOR('',#7868,1.93);
#2007=VECTOR('',#7877,1.54);
#2008=VECTOR('',#7890,2.275);
#2009=VECTOR('',#7905,2.275);
#2010=VECTOR('',#7908,1.93);
#2011=VECTOR('',#7917,2.275);
#2012=VECTOR('',#7922,1.93);
#2013=VECTOR('',#7931,1.29);
#2014=VECTOR('',#7944,2.3);
#2015=VECTOR('',#7959,2.3);
#2016=VECTOR('',#7962,1.95);
#2017=VECTOR('',#7971,2.3);
#2018=VECTOR('',#7976,1.95);
#2019=VECTOR('',#7985,1.29);
#2020=VECTOR('',#7998,2.3);
#2021=VECTOR('',#8013,2.3);
#2022=VECTOR('',#8016,1.95);
#2023=VECTOR('',#8025,2.3);
#2024=VECTOR('',#8030,1.95);
#2025=VECTOR('',#8039,1.29);
#2026=VECTOR('',#8052,2.3);
#2027=VECTOR('',#8067,2.3);
#2028=VECTOR('',#8070,1.95);
#2029=VECTOR('',#8079,2.3);
#2030=VECTOR('',#8084,1.95);
#2031=VECTOR('',#8093,1.29);
#2032=VECTOR('',#8106,2.3);
#2033=VECTOR('',#8121,2.3);
#2034=VECTOR('',#8124,1.95);
#2035=VECTOR('',#8133,2.3);
#2036=VECTOR('',#8138,1.95);
#2037=VECTOR('',#8147,1.54);
#2038=VECTOR('',#8160,2.275);
#2039=VECTOR('',#8175,2.275);
#2040=VECTOR('',#8178,1.93);
#2041=VECTOR('',#8187,2.275);
#2042=VECTOR('',#8192,1.93);
#2043=VECTOR('',#8201,1.54);
#2044=VECTOR('',#8214,2.275);
#2045=VECTOR('',#8229,2.275);
#2046=VECTOR('',#8232,1.93);
#2047=VECTOR('',#8241,2.275);
#2048=VECTOR('',#8246,1.93);
#2049=VECTOR('',#8255,1.54);
#2050=VECTOR('',#8268,2.275);
#2051=VECTOR('',#8283,2.275);
#2052=VECTOR('',#8286,1.93);
#2053=VECTOR('',#8295,2.275);
#2054=VECTOR('',#8300,1.93);
#2055=VECTOR('',#8309,1.54);
#2056=VECTOR('',#8322,2.275);
#2057=VECTOR('',#8337,2.275);
#2058=VECTOR('',#8340,1.93);
#2059=VECTOR('',#8349,2.275);
#2060=VECTOR('',#8354,1.93);
#2061=VECTOR('',#8363,1.29);
#2062=VECTOR('',#8376,2.3);
#2063=VECTOR('',#8391,2.3);
#2064=VECTOR('',#8394,1.95);
#2065=VECTOR('',#8403,2.3);
#2066=VECTOR('',#8408,1.95);
#2067=VECTOR('',#8417,1.29);
#2068=VECTOR('',#8430,2.3);
#2069=VECTOR('',#8445,2.3);
#2070=VECTOR('',#8448,1.95);
#2071=VECTOR('',#8457,2.3);
#2072=VECTOR('',#8462,1.95);
#2073=VECTOR('',#8471,1.29);
#2074=VECTOR('',#8484,2.3);
#2075=VECTOR('',#8499,2.3);
#2076=VECTOR('',#8502,1.95);
#2077=VECTOR('',#8511,2.3);
#2078=VECTOR('',#8516,1.95);
#2079=VECTOR('',#8525,1.29);
#2080=VECTOR('',#8538,2.3);
#2081=VECTOR('',#8553,2.3);
#2082=VECTOR('',#8556,1.95);
#2083=VECTOR('',#8565,2.3);
#2084=VECTOR('',#8570,1.95);
#2085=CIRCLE('',#5688,1.54);
#2086=CIRCLE('',#5689,1.54);
#2087=CIRCLE('',#5691,2.275);
#2088=CIRCLE('',#5692,1.93);
#2089=CIRCLE('',#5694,2.275);
#2090=CIRCLE('',#5696,2.275);
#2091=CIRCLE('',#5697,1.93);
#2092=CIRCLE('',#5699,2.275);
#2093=CIRCLE('',#5700,1.93);
#2094=CIRCLE('',#5704,2.275);
#2095=CIRCLE('',#5705,1.93);
#2096=CIRCLE('',#5707,2.275);
#2097=CIRCLE('',#5712,1.54);
#2098=CIRCLE('',#5713,1.54);
#2099=CIRCLE('',#5715,2.275);
#2100=CIRCLE('',#5716,1.93);
#2101=CIRCLE('',#5718,2.275);
#2102=CIRCLE('',#5720,2.275);
#2103=CIRCLE('',#5721,1.93);
#2104=CIRCLE('',#5723,2.275);
#2105=CIRCLE('',#5724,1.93);
#2106=CIRCLE('',#5728,2.275);
#2107=CIRCLE('',#5729,1.93);
#2108=CIRCLE('',#5731,2.275);
#2109=CIRCLE('',#5736,1.29);
#2110=CIRCLE('',#5737,1.29);
#2111=CIRCLE('',#5739,2.275);
#2112=CIRCLE('',#5740,1.93);
#2113=CIRCLE('',#5742,2.275);
#2114=CIRCLE('',#5744,2.275);
#2115=CIRCLE('',#5745,1.93);
#2116=CIRCLE('',#5747,2.275);
#2117=CIRCLE('',#5748,1.93);
#2118=CIRCLE('',#5752,2.275);
#2119=CIRCLE('',#5753,1.93);
#2120=CIRCLE('',#5755,2.275);
#2121=CIRCLE('',#5760,1.29);
#2122=CIRCLE('',#5761,1.29);
#2123=CIRCLE('',#5763,2.275);
#2124=CIRCLE('',#5764,1.93);
#2125=CIRCLE('',#5766,2.275);
#2126=CIRCLE('',#5768,2.275);
#2127=CIRCLE('',#5769,1.93);
#2128=CIRCLE('',#5771,2.275);
#2129=CIRCLE('',#5772,1.93);
#2130=CIRCLE('',#5776,2.275);
#2131=CIRCLE('',#5777,1.93);
#2132=CIRCLE('',#5779,2.275);
#2133=CIRCLE('',#5784,1.29);
#2134=CIRCLE('',#5785,1.29);
#2135=CIRCLE('',#5787,2.275);
#2136=CIRCLE('',#5788,1.93);
#2137=CIRCLE('',#5790,2.275);
#2138=CIRCLE('',#5792,2.275);
#2139=CIRCLE('',#5793,1.93);
#2140=CIRCLE('',#5795,2.275);
#2141=CIRCLE('',#5796,1.93);
#2142=CIRCLE('',#5800,2.275);
#2143=CIRCLE('',#5801,1.93);
#2144=CIRCLE('',#5803,2.275);
#2145=CIRCLE('',#5808,1.29);
#2146=CIRCLE('',#5809,1.29);
#2147=CIRCLE('',#5811,2.275);
#2148=CIRCLE('',#5812,1.93);
#2149=CIRCLE('',#5814,2.275);
#2150=CIRCLE('',#5816,2.275);
#2151=CIRCLE('',#5817,1.93);
#2152=CIRCLE('',#5819,2.275);
#2153=CIRCLE('',#5820,1.93);
#2154=CIRCLE('',#5824,2.275);
#2155=CIRCLE('',#5825,1.93);
#2156=CIRCLE('',#5827,2.275);
#2157=CIRCLE('',#5832,1.54);
#2158=CIRCLE('',#5833,1.54);
#2159=CIRCLE('',#5835,2.275);
#2160=CIRCLE('',#5836,1.93);
#2161=CIRCLE('',#5838,2.275);
#2162=CIRCLE('',#5840,2.275);
#2163=CIRCLE('',#5841,1.93);
#2164=CIRCLE('',#5843,2.275);
#2165=CIRCLE('',#5844,1.93);
#2166=CIRCLE('',#5848,2.275);
#2167=CIRCLE('',#5849,1.93);
#2168=CIRCLE('',#5851,2.275);
#2169=CIRCLE('',#5856,1.54);
#2170=CIRCLE('',#5857,1.54);
#2171=CIRCLE('',#5859,2.275);
#2172=CIRCLE('',#5860,1.93);
#2173=CIRCLE('',#5862,2.275);
#2174=CIRCLE('',#5864,2.275);
#2175=CIRCLE('',#5865,1.93);
#2176=CIRCLE('',#5867,2.275);
#2177=CIRCLE('',#5868,1.93);
#2178=CIRCLE('',#5872,2.275);
#2179=CIRCLE('',#5873,1.93);
#2180=CIRCLE('',#5875,2.275);
#2181=CIRCLE('',#5880,1.54);
#2182=CIRCLE('',#5881,1.54);
#2183=CIRCLE('',#5883,2.275);
#2184=CIRCLE('',#5884,1.93);
#2185=CIRCLE('',#5886,2.275);
#2186=CIRCLE('',#5888,2.275);
#2187=CIRCLE('',#5889,1.93);
#2188=CIRCLE('',#5891,2.275);
#2189=CIRCLE('',#5892,1.93);
#2190=CIRCLE('',#5896,2.275);
#2191=CIRCLE('',#5897,1.93);
#2192=CIRCLE('',#5899,2.275);
#2193=CIRCLE('',#5904,1.54);
#2194=CIRCLE('',#5905,1.54);
#2195=CIRCLE('',#5907,2.275);
#2196=CIRCLE('',#5908,1.93);
#2197=CIRCLE('',#5910,2.275);
#2198=CIRCLE('',#5912,2.275);
#2199=CIRCLE('',#5913,1.93);
#2200=CIRCLE('',#5915,2.275);
#2201=CIRCLE('',#5916,1.93);
#2202=CIRCLE('',#5920,2.275);
#2203=CIRCLE('',#5921,1.93);
#2204=CIRCLE('',#5923,2.275);
#2205=CIRCLE('',#5928,1.04);
#2206=CIRCLE('',#5929,1.04);
#2207=CIRCLE('',#5931,1.865);
#2208=CIRCLE('',#5932,1.59);
#2209=CIRCLE('',#5934,1.865);
#2210=CIRCLE('',#5936,1.865);
#2211=CIRCLE('',#5937,1.59);
#2212=CIRCLE('',#5939,1.865);
#2213=CIRCLE('',#5940,1.59);
#2214=CIRCLE('',#5944,1.865);
#2215=CIRCLE('',#5945,1.59);
#2216=CIRCLE('',#5947,1.865);
#2217=CIRCLE('',#5952,1.04);
#2218=CIRCLE('',#5953,1.04);
#2219=CIRCLE('',#5955,1.865);
#2220=CIRCLE('',#5956,1.59);
#2221=CIRCLE('',#5958,1.865);
#2222=CIRCLE('',#5960,1.865);
#2223=CIRCLE('',#5961,1.59);
#2224=CIRCLE('',#5963,1.865);
#2225=CIRCLE('',#5964,1.59);
#2226=CIRCLE('',#5968,1.865);
#2227=CIRCLE('',#5969,1.59);
#2228=CIRCLE('',#5971,1.865);
#2229=CIRCLE('',#5976,1.04);
#2230=CIRCLE('',#5977,1.04);
#2231=CIRCLE('',#5979,1.865);
#2232=CIRCLE('',#5980,1.59);
#2233=CIRCLE('',#5982,1.865);
#2234=CIRCLE('',#5984,1.865);
#2235=CIRCLE('',#5985,1.59);
#2236=CIRCLE('',#5987,1.865);
#2237=CIRCLE('',#5988,1.59);
#2238=CIRCLE('',#5992,1.865);
#2239=CIRCLE('',#5993,1.59);
#2240=CIRCLE('',#5995,1.865);
#2241=CIRCLE('',#6000,1.04);
#2242=CIRCLE('',#6001,1.04);
#2243=CIRCLE('',#6003,1.865);
#2244=CIRCLE('',#6004,1.59);
#2245=CIRCLE('',#6006,1.865);
#2246=CIRCLE('',#6008,1.865);
#2247=CIRCLE('',#6009,1.59);
#2248=CIRCLE('',#6011,1.865);
#2249=CIRCLE('',#6012,1.59);
#2250=CIRCLE('',#6016,1.865);
#2251=CIRCLE('',#6017,1.59);
#2252=CIRCLE('',#6019,1.865);
#2253=CIRCLE('',#6024,1.54);
#2254=CIRCLE('',#6025,1.54);
#2255=CIRCLE('',#6027,2.275);
#2256=CIRCLE('',#6028,1.93);
#2257=CIRCLE('',#6030,2.275);
#2258=CIRCLE('',#6032,2.275);
#2259=CIRCLE('',#6033,1.93);
#2260=CIRCLE('',#6035,2.275);
#2261=CIRCLE('',#6036,1.93);
#2262=CIRCLE('',#6040,2.275);
#2263=CIRCLE('',#6041,1.93);
#2264=CIRCLE('',#6043,2.275);
#2265=CIRCLE('',#6048,1.54);
#2266=CIRCLE('',#6049,1.54);
#2267=CIRCLE('',#6051,2.275);
#2268=CIRCLE('',#6052,1.93);
#2269=CIRCLE('',#6054,2.275);
#2270=CIRCLE('',#6056,2.275);
#2271=CIRCLE('',#6057,1.93);
#2272=CIRCLE('',#6059,2.275);
#2273=CIRCLE('',#6060,1.93);
#2274=CIRCLE('',#6064,2.275);
#2275=CIRCLE('',#6065,1.93);
#2276=CIRCLE('',#6067,2.275);
#2277=CIRCLE('',#6072,1.54);
#2278=CIRCLE('',#6073,1.54);
#2279=CIRCLE('',#6075,2.275);
#2280=CIRCLE('',#6076,1.93);
#2281=CIRCLE('',#6078,2.275);
#2282=CIRCLE('',#6080,2.275);
#2283=CIRCLE('',#6081,1.93);
#2284=CIRCLE('',#6083,2.275);
#2285=CIRCLE('',#6084,1.93);
#2286=CIRCLE('',#6088,2.275);
#2287=CIRCLE('',#6089,1.93);
#2288=CIRCLE('',#6091,2.275);
#2289=CIRCLE('',#6096,1.54);
#2290=CIRCLE('',#6097,1.54);
#2291=CIRCLE('',#6099,2.275);
#2292=CIRCLE('',#6100,1.93);
#2293=CIRCLE('',#6102,2.275);
#2294=CIRCLE('',#6104,2.275);
#2295=CIRCLE('',#6105,1.93);
#2296=CIRCLE('',#6107,2.275);
#2297=CIRCLE('',#6108,1.93);
#2298=CIRCLE('',#6112,2.275);
#2299=CIRCLE('',#6113,1.93);
#2300=CIRCLE('',#6115,2.275);
#2301=CIRCLE('',#6120,1.54);
#2302=CIRCLE('',#6121,1.54);
#2303=CIRCLE('',#6123,2.275);
#2304=CIRCLE('',#6124,1.93);
#2305=CIRCLE('',#6126,2.275);
#2306=CIRCLE('',#6128,2.275);
#2307=CIRCLE('',#6129,1.93);
#2308=CIRCLE('',#6131,2.275);
#2309=CIRCLE('',#6132,1.93);
#2310=CIRCLE('',#6136,2.275);
#2311=CIRCLE('',#6137,1.93);
#2312=CIRCLE('',#6139,2.275);
#2313=CIRCLE('',#6144,1.54);
#2314=CIRCLE('',#6145,1.54);
#2315=CIRCLE('',#6147,2.275);
#2316=CIRCLE('',#6148,1.93);
#2317=CIRCLE('',#6150,2.275);
#2318=CIRCLE('',#6152,2.275);
#2319=CIRCLE('',#6153,1.93);
#2320=CIRCLE('',#6155,2.275);
#2321=CIRCLE('',#6156,1.93);
#2322=CIRCLE('',#6160,2.275);
#2323=CIRCLE('',#6161,1.93);
#2324=CIRCLE('',#6163,2.275);
#2325=CIRCLE('',#6168,1.54);
#2326=CIRCLE('',#6169,1.54);
#2327=CIRCLE('',#6171,2.275);
#2328=CIRCLE('',#6172,1.93);
#2329=CIRCLE('',#6174,2.275);
#2330=CIRCLE('',#6176,2.275);
#2331=CIRCLE('',#6177,1.93);
#2332=CIRCLE('',#6179,2.275);
#2333=CIRCLE('',#6180,1.93);
#2334=CIRCLE('',#6184,2.275);
#2335=CIRCLE('',#6185,1.93);
#2336=CIRCLE('',#6187,2.275);
#2337=CIRCLE('',#6192,1.54);
#2338=CIRCLE('',#6193,1.54);
#2339=CIRCLE('',#6195,2.275);
#2340=CIRCLE('',#6196,1.93);
#2341=CIRCLE('',#6198,2.275);
#2342=CIRCLE('',#6200,2.275);
#2343=CIRCLE('',#6201,1.93);
#2344=CIRCLE('',#6203,2.275);
#2345=CIRCLE('',#6204,1.93);
#2346=CIRCLE('',#6208,2.275);
#2347=CIRCLE('',#6209,1.93);
#2348=CIRCLE('',#6211,2.275);
#2349=CIRCLE('',#6216,1.54);
#2350=CIRCLE('',#6217,1.54);
#2351=CIRCLE('',#6219,2.275);
#2352=CIRCLE('',#6220,1.93);
#2353=CIRCLE('',#6222,2.275);
#2354=CIRCLE('',#6224,2.275);
#2355=CIRCLE('',#6225,1.93);
#2356=CIRCLE('',#6227,2.275);
#2357=CIRCLE('',#6228,1.93);
#2358=CIRCLE('',#6232,2.275);
#2359=CIRCLE('',#6233,1.93);
#2360=CIRCLE('',#6235,2.275);
#2361=CIRCLE('',#6240,1.54);
#2362=CIRCLE('',#6241,1.54);
#2363=CIRCLE('',#6243,2.275);
#2364=CIRCLE('',#6244,1.93);
#2365=CIRCLE('',#6246,2.275);
#2366=CIRCLE('',#6248,2.275);
#2367=CIRCLE('',#6249,1.93);
#2368=CIRCLE('',#6251,2.275);
#2369=CIRCLE('',#6252,1.93);
#2370=CIRCLE('',#6256,2.275);
#2371=CIRCLE('',#6257,1.93);
#2372=CIRCLE('',#6259,2.275);
#2373=CIRCLE('',#6264,1.54);
#2374=CIRCLE('',#6265,1.54);
#2375=CIRCLE('',#6267,2.275);
#2376=CIRCLE('',#6268,1.93);
#2377=CIRCLE('',#6270,2.275);
#2378=CIRCLE('',#6272,2.275);
#2379=CIRCLE('',#6273,1.93);
#2380=CIRCLE('',#6275,2.275);
#2381=CIRCLE('',#6276,1.93);
#2382=CIRCLE('',#6280,2.275);
#2383=CIRCLE('',#6281,1.93);
#2384=CIRCLE('',#6283,2.275);
#2385=CIRCLE('',#6288,1.29);
#2386=CIRCLE('',#6289,1.29);
#2387=CIRCLE('',#6291,2.3);
#2388=CIRCLE('',#6292,1.95);
#2389=CIRCLE('',#6294,2.3);
#2390=CIRCLE('',#6296,2.3);
#2391=CIRCLE('',#6297,1.95);
#2392=CIRCLE('',#6299,2.3);
#2393=CIRCLE('',#6300,1.95);
#2394=CIRCLE('',#6304,2.3);
#2395=CIRCLE('',#6305,1.95);
#2396=CIRCLE('',#6307,2.3);
#2397=CIRCLE('',#6312,1.29);
#2398=CIRCLE('',#6313,1.29);
#2399=CIRCLE('',#6315,2.3);
#2400=CIRCLE('',#6316,1.95);
#2401=CIRCLE('',#6318,2.3);
#2402=CIRCLE('',#6320,2.3);
#2403=CIRCLE('',#6321,1.95);
#2404=CIRCLE('',#6323,2.3);
#2405=CIRCLE('',#6324,1.95);
#2406=CIRCLE('',#6328,2.3);
#2407=CIRCLE('',#6329,1.95);
#2408=CIRCLE('',#6331,2.3);
#2409=CIRCLE('',#6336,1.29);
#2410=CIRCLE('',#6337,1.29);
#2411=CIRCLE('',#6339,2.3);
#2412=CIRCLE('',#6340,1.95);
#2413=CIRCLE('',#6342,2.3);
#2414=CIRCLE('',#6344,2.3);
#2415=CIRCLE('',#6345,1.95);
#2416=CIRCLE('',#6347,2.3);
#2417=CIRCLE('',#6348,1.95);
#2418=CIRCLE('',#6352,2.3);
#2419=CIRCLE('',#6353,1.95);
#2420=CIRCLE('',#6355,2.3);
#2421=CIRCLE('',#6360,1.29);
#2422=CIRCLE('',#6361,1.29);
#2423=CIRCLE('',#6363,2.3);
#2424=CIRCLE('',#6364,1.95);
#2425=CIRCLE('',#6366,2.3);
#2426=CIRCLE('',#6368,2.3);
#2427=CIRCLE('',#6369,1.95);
#2428=CIRCLE('',#6371,2.3);
#2429=CIRCLE('',#6372,1.95);
#2430=CIRCLE('',#6376,2.3);
#2431=CIRCLE('',#6377,1.95);
#2432=CIRCLE('',#6379,2.3);
#2433=CIRCLE('',#6384,1.54);
#2434=CIRCLE('',#6385,1.54);
#2435=CIRCLE('',#6387,2.275);
#2436=CIRCLE('',#6388,1.93);
#2437=CIRCLE('',#6390,2.275);
#2438=CIRCLE('',#6392,2.275);
#2439=CIRCLE('',#6393,1.93);
#2440=CIRCLE('',#6395,2.275);
#2441=CIRCLE('',#6396,1.93);
#2442=CIRCLE('',#6400,2.275);
#2443=CIRCLE('',#6401,1.93);
#2444=CIRCLE('',#6403,2.275);
#2445=CIRCLE('',#6408,1.54);
#2446=CIRCLE('',#6409,1.54);
#2447=CIRCLE('',#6411,2.275);
#2448=CIRCLE('',#6412,1.93);
#2449=CIRCLE('',#6414,2.275);
#2450=CIRCLE('',#6416,2.275);
#2451=CIRCLE('',#6417,1.93);
#2452=CIRCLE('',#6419,2.275);
#2453=CIRCLE('',#6420,1.93);
#2454=CIRCLE('',#6424,2.275);
#2455=CIRCLE('',#6425,1.93);
#2456=CIRCLE('',#6427,2.275);
#2457=CIRCLE('',#6432,1.54);
#2458=CIRCLE('',#6433,1.54);
#2459=CIRCLE('',#6435,2.275);
#2460=CIRCLE('',#6436,1.93);
#2461=CIRCLE('',#6438,2.275);
#2462=CIRCLE('',#6440,2.275);
#2463=CIRCLE('',#6441,1.93);
#2464=CIRCLE('',#6443,2.275);
#2465=CIRCLE('',#6444,1.93);
#2466=CIRCLE('',#6448,2.275);
#2467=CIRCLE('',#6449,1.93);
#2468=CIRCLE('',#6451,2.275);
#2469=CIRCLE('',#6456,1.54);
#2470=CIRCLE('',#6457,1.54);
#2471=CIRCLE('',#6459,2.275);
#2472=CIRCLE('',#6460,1.93);
#2473=CIRCLE('',#6462,2.275);
#2474=CIRCLE('',#6464,2.275);
#2475=CIRCLE('',#6465,1.93);
#2476=CIRCLE('',#6467,2.275);
#2477=CIRCLE('',#6468,1.93);
#2478=CIRCLE('',#6472,2.275);
#2479=CIRCLE('',#6473,1.93);
#2480=CIRCLE('',#6475,2.275);
#2481=CIRCLE('',#6480,1.29);
#2482=CIRCLE('',#6481,1.29);
#2483=CIRCLE('',#6483,2.3);
#2484=CIRCLE('',#6484,1.95);
#2485=CIRCLE('',#6486,2.3);
#2486=CIRCLE('',#6488,2.3);
#2487=CIRCLE('',#6489,1.95);
#2488=CIRCLE('',#6491,2.3);
#2489=CIRCLE('',#6492,1.95);
#2490=CIRCLE('',#6496,2.3);
#2491=CIRCLE('',#6497,1.95);
#2492=CIRCLE('',#6499,2.3);
#2493=CIRCLE('',#6504,1.29);
#2494=CIRCLE('',#6505,1.29);
#2495=CIRCLE('',#6507,2.3);
#2496=CIRCLE('',#6508,1.95);
#2497=CIRCLE('',#6510,2.3);
#2498=CIRCLE('',#6512,2.3);
#2499=CIRCLE('',#6513,1.95);
#2500=CIRCLE('',#6515,2.3);
#2501=CIRCLE('',#6516,1.95);
#2502=CIRCLE('',#6520,2.3);
#2503=CIRCLE('',#6521,1.95);
#2504=CIRCLE('',#6523,2.3);
#2505=CIRCLE('',#6528,1.29);
#2506=CIRCLE('',#6529,1.29);
#2507=CIRCLE('',#6531,2.3);
#2508=CIRCLE('',#6532,1.95);
#2509=CIRCLE('',#6534,2.3);
#2510=CIRCLE('',#6536,2.3);
#2511=CIRCLE('',#6537,1.95);
#2512=CIRCLE('',#6539,2.3);
#2513=CIRCLE('',#6540,1.95);
#2514=CIRCLE('',#6544,2.3);
#2515=CIRCLE('',#6545,1.95);
#2516=CIRCLE('',#6547,2.3);
#2517=CIRCLE('',#6552,1.29);
#2518=CIRCLE('',#6553,1.29);
#2519=CIRCLE('',#6555,2.3);
#2520=CIRCLE('',#6556,1.95);
#2521=CIRCLE('',#6558,2.3);
#2522=CIRCLE('',#6560,2.3);
#2523=CIRCLE('',#6561,1.95);
#2524=CIRCLE('',#6563,2.3);
#2525=CIRCLE('',#6564,1.95);
#2526=CIRCLE('',#6568,2.3);
#2527=CIRCLE('',#6569,1.95);
#2528=CIRCLE('',#6571,2.3);
#2529=VERTEX_POINT('',#8577);
#2530=VERTEX_POINT('',#8579);
#2531=VERTEX_POINT('',#8583);
#2532=VERTEX_POINT('',#8585);
#2533=VERTEX_POINT('',#8588);
#2534=VERTEX_POINT('',#8592);
#2535=VERTEX_POINT('',#8594);
#2536=VERTEX_POINT('',#8597);
#2537=VERTEX_POINT('',#8599);
#2538=VERTEX_POINT('',#8606);
#2539=VERTEX_POINT('',#8608);
#2540=VERTEX_POINT('',#8611);
#2541=VERTEX_POINT('',#8619);
#2542=VERTEX_POINT('',#8621);
#2543=VERTEX_POINT('',#8625);
#2544=VERTEX_POINT('',#8627);
#2545=VERTEX_POINT('',#8630);
#2546=VERTEX_POINT('',#8634);
#2547=VERTEX_POINT('',#8636);
#2548=VERTEX_POINT('',#8639);
#2549=VERTEX_POINT('',#8641);
#2550=VERTEX_POINT('',#8648);
#2551=VERTEX_POINT('',#8650);
#2552=VERTEX_POINT('',#8653);
#2553=VERTEX_POINT('',#8661);
#2554=VERTEX_POINT('',#8663);
#2555=VERTEX_POINT('',#8667);
#2556=VERTEX_POINT('',#8669);
#2557=VERTEX_POINT('',#8672);
#2558=VERTEX_POINT('',#8676);
#2559=VERTEX_POINT('',#8678);
#2560=VERTEX_POINT('',#8681);
#2561=VERTEX_POINT('',#8683);
#2562=VERTEX_POINT('',#8690);
#2563=VERTEX_POINT('',#8692);
#2564=VERTEX_POINT('',#8695);
#2565=VERTEX_POINT('',#8703);
#2566=VERTEX_POINT('',#8705);
#2567=VERTEX_POINT('',#8709);
#2568=VERTEX_POINT('',#8711);
#2569=VERTEX_POINT('',#8714);
#2570=VERTEX_POINT('',#8718);
#2571=VERTEX_POINT('',#8720);
#2572=VERTEX_POINT('',#8723);
#2573=VERTEX_POINT('',#8725);
#2574=VERTEX_POINT('',#8732);
#2575=VERTEX_POINT('',#8734);
#2576=VERTEX_POINT('',#8737);
#2577=VERTEX_POINT('',#8745);
#2578=VERTEX_POINT('',#8747);
#2579=VERTEX_POINT('',#8751);
#2580=VERTEX_POINT('',#8753);
#2581=VERTEX_POINT('',#8756);
#2582=VERTEX_POINT('',#8760);
#2583=VERTEX_POINT('',#8762);
#2584=VERTEX_POINT('',#8765);
#2585=VERTEX_POINT('',#8767);
#2586=VERTEX_POINT('',#8774);
#2587=VERTEX_POINT('',#8776);
#2588=VERTEX_POINT('',#8779);
#2589=VERTEX_POINT('',#8787);
#2590=VERTEX_POINT('',#8789);
#2591=VERTEX_POINT('',#8793);
#2592=VERTEX_POINT('',#8795);
#2593=VERTEX_POINT('',#8798);
#2594=VERTEX_POINT('',#8802);
#2595=VERTEX_POINT('',#8804);
#2596=VERTEX_POINT('',#8807);
#2597=VERTEX_POINT('',#8809);
#2598=VERTEX_POINT('',#8816);
#2599=VERTEX_POINT('',#8818);
#2600=VERTEX_POINT('',#8821);
#2601=VERTEX_POINT('',#8829);
#2602=VERTEX_POINT('',#8831);
#2603=VERTEX_POINT('',#8835);
#2604=VERTEX_POINT('',#8837);
#2605=VERTEX_POINT('',#8840);
#2606=VERTEX_POINT('',#8844);
#2607=VERTEX_POINT('',#8846);
#2608=VERTEX_POINT('',#8849);
#2609=VERTEX_POINT('',#8851);
#2610=VERTEX_POINT('',#8858);
#2611=VERTEX_POINT('',#8860);
#2612=VERTEX_POINT('',#8863);
#2613=VERTEX_POINT('',#8871);
#2614=VERTEX_POINT('',#8873);
#2615=VERTEX_POINT('',#8877);
#2616=VERTEX_POINT('',#8879);
#2617=VERTEX_POINT('',#8882);
#2618=VERTEX_POINT('',#8886);
#2619=VERTEX_POINT('',#8888);
#2620=VERTEX_POINT('',#8891);
#2621=VERTEX_POINT('',#8893);
#2622=VERTEX_POINT('',#8900);
#2623=VERTEX_POINT('',#8902);
#2624=VERTEX_POINT('',#8905);
#2625=VERTEX_POINT('',#8913);
#2626=VERTEX_POINT('',#8915);
#2627=VERTEX_POINT('',#8919);
#2628=VERTEX_POINT('',#8921);
#2629=VERTEX_POINT('',#8924);
#2630=VERTEX_POINT('',#8928);
#2631=VERTEX_POINT('',#8930);
#2632=VERTEX_POINT('',#8933);
#2633=VERTEX_POINT('',#8935);
#2634=VERTEX_POINT('',#8942);
#2635=VERTEX_POINT('',#8944);
#2636=VERTEX_POINT('',#8947);
#2637=VERTEX_POINT('',#8955);
#2638=VERTEX_POINT('',#8957);
#2639=VERTEX_POINT('',#8961);
#2640=VERTEX_POINT('',#8963);
#2641=VERTEX_POINT('',#8966);
#2642=VERTEX_POINT('',#8970);
#2643=VERTEX_POINT('',#8972);
#2644=VERTEX_POINT('',#8975);
#2645=VERTEX_POINT('',#8977);
#2646=VERTEX_POINT('',#8984);
#2647=VERTEX_POINT('',#8986);
#2648=VERTEX_POINT('',#8989);
#2649=VERTEX_POINT('',#8997);
#2650=VERTEX_POINT('',#8999);
#2651=VERTEX_POINT('',#9003);
#2652=VERTEX_POINT('',#9005);
#2653=VERTEX_POINT('',#9008);
#2654=VERTEX_POINT('',#9012);
#2655=VERTEX_POINT('',#9014);
#2656=VERTEX_POINT('',#9017);
#2657=VERTEX_POINT('',#9019);
#2658=VERTEX_POINT('',#9026);
#2659=VERTEX_POINT('',#9028);
#2660=VERTEX_POINT('',#9031);
#2661=VERTEX_POINT('',#9039);
#2662=VERTEX_POINT('',#9041);
#2663=VERTEX_POINT('',#9045);
#2664=VERTEX_POINT('',#9047);
#2665=VERTEX_POINT('',#9050);
#2666=VERTEX_POINT('',#9054);
#2667=VERTEX_POINT('',#9056);
#2668=VERTEX_POINT('',#9059);
#2669=VERTEX_POINT('',#9061);
#2670=VERTEX_POINT('',#9068);
#2671=VERTEX_POINT('',#9070);
#2672=VERTEX_POINT('',#9073);
#2673=VERTEX_POINT('',#9081);
#2674=VERTEX_POINT('',#9083);
#2675=VERTEX_POINT('',#9087);
#2676=VERTEX_POINT('',#9089);
#2677=VERTEX_POINT('',#9092);
#2678=VERTEX_POINT('',#9096);
#2679=VERTEX_POINT('',#9098);
#2680=VERTEX_POINT('',#9101);
#2681=VERTEX_POINT('',#9103);
#2682=VERTEX_POINT('',#9110);
#2683=VERTEX_POINT('',#9112);
#2684=VERTEX_POINT('',#9115);
#2685=VERTEX_POINT('',#9123);
#2686=VERTEX_POINT('',#9125);
#2687=VERTEX_POINT('',#9129);
#2688=VERTEX_POINT('',#9131);
#2689=VERTEX_POINT('',#9134);
#2690=VERTEX_POINT('',#9138);
#2691=VERTEX_POINT('',#9140);
#2692=VERTEX_POINT('',#9143);
#2693=VERTEX_POINT('',#9145);
#2694=VERTEX_POINT('',#9152);
#2695=VERTEX_POINT('',#9154);
#2696=VERTEX_POINT('',#9157);
#2697=VERTEX_POINT('',#9165);
#2698=VERTEX_POINT('',#9167);
#2699=VERTEX_POINT('',#9171);
#2700=VERTEX_POINT('',#9173);
#2701=VERTEX_POINT('',#9176);
#2702=VERTEX_POINT('',#9180);
#2703=VERTEX_POINT('',#9182);
#2704=VERTEX_POINT('',#9185);
#2705=VERTEX_POINT('',#9187);
#2706=VERTEX_POINT('',#9194);
#2707=VERTEX_POINT('',#9196);
#2708=VERTEX_POINT('',#9199);
#2709=VERTEX_POINT('',#9207);
#2710=VERTEX_POINT('',#9209);
#2711=VERTEX_POINT('',#9213);
#2712=VERTEX_POINT('',#9215);
#2713=VERTEX_POINT('',#9218);
#2714=VERTEX_POINT('',#9222);
#2715=VERTEX_POINT('',#9224);
#2716=VERTEX_POINT('',#9227);
#2717=VERTEX_POINT('',#9229);
#2718=VERTEX_POINT('',#9236);
#2719=VERTEX_POINT('',#9238);
#2720=VERTEX_POINT('',#9241);
#2721=VERTEX_POINT('',#9249);
#2722=VERTEX_POINT('',#9251);
#2723=VERTEX_POINT('',#9255);
#2724=VERTEX_POINT('',#9257);
#2725=VERTEX_POINT('',#9260);
#2726=VERTEX_POINT('',#9264);
#2727=VERTEX_POINT('',#9266);
#2728=VERTEX_POINT('',#9269);
#2729=VERTEX_POINT('',#9271);
#2730=VERTEX_POINT('',#9278);
#2731=VERTEX_POINT('',#9280);
#2732=VERTEX_POINT('',#9283);
#2733=VERTEX_POINT('',#9291);
#2734=VERTEX_POINT('',#9293);
#2735=VERTEX_POINT('',#9297);
#2736=VERTEX_POINT('',#9299);
#2737=VERTEX_POINT('',#9302);
#2738=VERTEX_POINT('',#9306);
#2739=VERTEX_POINT('',#9308);
#2740=VERTEX_POINT('',#9311);
#2741=VERTEX_POINT('',#9313);
#2742=VERTEX_POINT('',#9320);
#2743=VERTEX_POINT('',#9322);
#2744=VERTEX_POINT('',#9325);
#2745=VERTEX_POINT('',#9333);
#2746=VERTEX_POINT('',#9335);
#2747=VERTEX_POINT('',#9339);
#2748=VERTEX_POINT('',#9341);
#2749=VERTEX_POINT('',#9344);
#2750=VERTEX_POINT('',#9348);
#2751=VERTEX_POINT('',#9350);
#2752=VERTEX_POINT('',#9353);
#2753=VERTEX_POINT('',#9355);
#2754=VERTEX_POINT('',#9362);
#2755=VERTEX_POINT('',#9364);
#2756=VERTEX_POINT('',#9367);
#2757=VERTEX_POINT('',#9375);
#2758=VERTEX_POINT('',#9377);
#2759=VERTEX_POINT('',#9381);
#2760=VERTEX_POINT('',#9383);
#2761=VERTEX_POINT('',#9386);
#2762=VERTEX_POINT('',#9390);
#2763=VERTEX_POINT('',#9392);
#2764=VERTEX_POINT('',#9395);
#2765=VERTEX_POINT('',#9397);
#2766=VERTEX_POINT('',#9404);
#2767=VERTEX_POINT('',#9406);
#2768=VERTEX_POINT('',#9409);
#2769=VERTEX_POINT('',#9417);
#2770=VERTEX_POINT('',#9419);
#2771=VERTEX_POINT('',#9423);
#2772=VERTEX_POINT('',#9425);
#2773=VERTEX_POINT('',#9428);
#2774=VERTEX_POINT('',#9432);
#2775=VERTEX_POINT('',#9434);
#2776=VERTEX_POINT('',#9437);
#2777=VERTEX_POINT('',#9439);
#2778=VERTEX_POINT('',#9446);
#2779=VERTEX_POINT('',#9448);
#2780=VERTEX_POINT('',#9451);
#2781=VERTEX_POINT('',#9459);
#2782=VERTEX_POINT('',#9461);
#2783=VERTEX_POINT('',#9465);
#2784=VERTEX_POINT('',#9467);
#2785=VERTEX_POINT('',#9470);
#2786=VERTEX_POINT('',#9474);
#2787=VERTEX_POINT('',#9476);
#2788=VERTEX_POINT('',#9479);
#2789=VERTEX_POINT('',#9481);
#2790=VERTEX_POINT('',#9488);
#2791=VERTEX_POINT('',#9490);
#2792=VERTEX_POINT('',#9493);
#2793=VERTEX_POINT('',#9501);
#2794=VERTEX_POINT('',#9503);
#2795=VERTEX_POINT('',#9507);
#2796=VERTEX_POINT('',#9509);
#2797=VERTEX_POINT('',#9512);
#2798=VERTEX_POINT('',#9516);
#2799=VERTEX_POINT('',#9518);
#2800=VERTEX_POINT('',#9521);
#2801=VERTEX_POINT('',#9523);
#2802=VERTEX_POINT('',#9530);
#2803=VERTEX_POINT('',#9532);
#2804=VERTEX_POINT('',#9535);
#2805=VERTEX_POINT('',#9543);
#2806=VERTEX_POINT('',#9545);
#2807=VERTEX_POINT('',#9549);
#2808=VERTEX_POINT('',#9551);
#2809=VERTEX_POINT('',#9554);
#2810=VERTEX_POINT('',#9558);
#2811=VERTEX_POINT('',#9560);
#2812=VERTEX_POINT('',#9563);
#2813=VERTEX_POINT('',#9565);
#2814=VERTEX_POINT('',#9572);
#2815=VERTEX_POINT('',#9574);
#2816=VERTEX_POINT('',#9577);
#2817=VERTEX_POINT('',#9585);
#2818=VERTEX_POINT('',#9587);
#2819=VERTEX_POINT('',#9591);
#2820=VERTEX_POINT('',#9593);
#2821=VERTEX_POINT('',#9596);
#2822=VERTEX_POINT('',#9600);
#2823=VERTEX_POINT('',#9602);
#2824=VERTEX_POINT('',#9605);
#2825=VERTEX_POINT('',#9607);
#2826=VERTEX_POINT('',#9614);
#2827=VERTEX_POINT('',#9616);
#2828=VERTEX_POINT('',#9619);
#2829=VERTEX_POINT('',#9627);
#2830=VERTEX_POINT('',#9629);
#2831=VERTEX_POINT('',#9633);
#2832=VERTEX_POINT('',#9635);
#2833=VERTEX_POINT('',#9638);
#2834=VERTEX_POINT('',#9642);
#2835=VERTEX_POINT('',#9644);
#2836=VERTEX_POINT('',#9647);
#2837=VERTEX_POINT('',#9649);
#2838=VERTEX_POINT('',#9656);
#2839=VERTEX_POINT('',#9658);
#2840=VERTEX_POINT('',#9661);
#2841=VERTEX_POINT('',#9669);
#2842=VERTEX_POINT('',#9671);
#2843=VERTEX_POINT('',#9675);
#2844=VERTEX_POINT('',#9677);
#2845=VERTEX_POINT('',#9680);
#2846=VERTEX_POINT('',#9684);
#2847=VERTEX_POINT('',#9686);
#2848=VERTEX_POINT('',#9689);
#2849=VERTEX_POINT('',#9691);
#2850=VERTEX_POINT('',#9698);
#2851=VERTEX_POINT('',#9700);
#2852=VERTEX_POINT('',#9703);
#2853=VERTEX_POINT('',#9711);
#2854=VERTEX_POINT('',#9713);
#2855=VERTEX_POINT('',#9717);
#2856=VERTEX_POINT('',#9719);
#2857=VERTEX_POINT('',#9722);
#2858=VERTEX_POINT('',#9726);
#2859=VERTEX_POINT('',#9728);
#2860=VERTEX_POINT('',#9731);
#2861=VERTEX_POINT('',#9733);
#2862=VERTEX_POINT('',#9740);
#2863=VERTEX_POINT('',#9742);
#2864=VERTEX_POINT('',#9745);
#2865=VERTEX_POINT('',#9753);
#2866=VERTEX_POINT('',#9755);
#2867=VERTEX_POINT('',#9759);
#2868=VERTEX_POINT('',#9761);
#2869=VERTEX_POINT('',#9764);
#2870=VERTEX_POINT('',#9768);
#2871=VERTEX_POINT('',#9770);
#2872=VERTEX_POINT('',#9773);
#2873=VERTEX_POINT('',#9775);
#2874=VERTEX_POINT('',#9782);
#2875=VERTEX_POINT('',#9784);
#2876=VERTEX_POINT('',#9787);
#2877=VERTEX_POINT('',#9795);
#2878=VERTEX_POINT('',#9797);
#2879=VERTEX_POINT('',#9801);
#2880=VERTEX_POINT('',#9803);
#2881=VERTEX_POINT('',#9806);
#2882=VERTEX_POINT('',#9810);
#2883=VERTEX_POINT('',#9812);
#2884=VERTEX_POINT('',#9815);
#2885=VERTEX_POINT('',#9817);
#2886=VERTEX_POINT('',#9824);
#2887=VERTEX_POINT('',#9826);
#2888=VERTEX_POINT('',#9829);
#2889=VERTEX_POINT('',#9837);
#2890=VERTEX_POINT('',#9839);
#2891=VERTEX_POINT('',#9843);
#2892=VERTEX_POINT('',#9845);
#2893=VERTEX_POINT('',#9848);
#2894=VERTEX_POINT('',#9852);
#2895=VERTEX_POINT('',#9854);
#2896=VERTEX_POINT('',#9857);
#2897=VERTEX_POINT('',#9859);
#2898=VERTEX_POINT('',#9866);
#2899=VERTEX_POINT('',#9868);
#2900=VERTEX_POINT('',#9871);
#2901=VERTEX_POINT('',#9879);
#2902=VERTEX_POINT('',#9881);
#2903=VERTEX_POINT('',#9885);
#2904=VERTEX_POINT('',#9887);
#2905=VERTEX_POINT('',#9890);
#2906=VERTEX_POINT('',#9894);
#2907=VERTEX_POINT('',#9896);
#2908=VERTEX_POINT('',#9899);
#2909=VERTEX_POINT('',#9901);
#2910=VERTEX_POINT('',#9908);
#2911=VERTEX_POINT('',#9910);
#2912=VERTEX_POINT('',#9913);
#2913=VERTEX_POINT('',#9921);
#2914=VERTEX_POINT('',#9923);
#2915=VERTEX_POINT('',#9927);
#2916=VERTEX_POINT('',#9929);
#2917=VERTEX_POINT('',#9932);
#2918=VERTEX_POINT('',#9936);
#2919=VERTEX_POINT('',#9938);
#2920=VERTEX_POINT('',#9941);
#2921=VERTEX_POINT('',#9943);
#2922=VERTEX_POINT('',#9950);
#2923=VERTEX_POINT('',#9952);
#2924=VERTEX_POINT('',#9955);
#2925=VERTEX_POINT('',#9963);
#2926=VERTEX_POINT('',#9965);
#2927=VERTEX_POINT('',#9969);
#2928=VERTEX_POINT('',#9971);
#2929=VERTEX_POINT('',#9974);
#2930=VERTEX_POINT('',#9978);
#2931=VERTEX_POINT('',#9980);
#2932=VERTEX_POINT('',#9983);
#2933=VERTEX_POINT('',#9985);
#2934=VERTEX_POINT('',#9992);
#2935=VERTEX_POINT('',#9994);
#2936=VERTEX_POINT('',#9997);
#2937=VERTEX_POINT('',#10005);
#2938=VERTEX_POINT('',#10007);
#2939=VERTEX_POINT('',#10011);
#2940=VERTEX_POINT('',#10013);
#2941=VERTEX_POINT('',#10016);
#2942=VERTEX_POINT('',#10020);
#2943=VERTEX_POINT('',#10022);
#2944=VERTEX_POINT('',#10025);
#2945=VERTEX_POINT('',#10027);
#2946=VERTEX_POINT('',#10034);
#2947=VERTEX_POINT('',#10036);
#2948=VERTEX_POINT('',#10039);
#2949=VERTEX_POINT('',#10047);
#2950=VERTEX_POINT('',#10049);
#2951=VERTEX_POINT('',#10053);
#2952=VERTEX_POINT('',#10055);
#2953=VERTEX_POINT('',#10058);
#2954=VERTEX_POINT('',#10062);
#2955=VERTEX_POINT('',#10064);
#2956=VERTEX_POINT('',#10067);
#2957=VERTEX_POINT('',#10069);
#2958=VERTEX_POINT('',#10076);
#2959=VERTEX_POINT('',#10078);
#2960=VERTEX_POINT('',#10081);
#2961=VERTEX_POINT('',#10089);
#2962=VERTEX_POINT('',#10091);
#2963=VERTEX_POINT('',#10095);
#2964=VERTEX_POINT('',#10097);
#2965=VERTEX_POINT('',#10100);
#2966=VERTEX_POINT('',#10104);
#2967=VERTEX_POINT('',#10106);
#2968=VERTEX_POINT('',#10109);
#2969=VERTEX_POINT('',#10111);
#2970=VERTEX_POINT('',#10118);
#2971=VERTEX_POINT('',#10120);
#2972=VERTEX_POINT('',#10123);
#2973=EDGE_CURVE('',#2529,#2529,#2085,.T.);
#2974=EDGE_CURVE('',#2529,#2530,#1641,.T.);
#2975=EDGE_CURVE('',#2530,#2530,#2086,.T.);
#2976=EDGE_CURVE('',#2531,#2531,#2087,.T.);
#2977=EDGE_CURVE('',#2532,#2532,#2088,.T.);
#2978=EDGE_CURVE('',#2533,#2533,#2089,.T.);
#2979=EDGE_CURVE('',#2533,#2531,#1642,.T.);
#2980=EDGE_CURVE('',#2534,#2534,#2090,.T.);
#2981=EDGE_CURVE('',#2535,#2535,#2091,.T.);
#2982=EDGE_CURVE('',#2536,#2536,#2092,.T.);
#2983=EDGE_CURVE('',#2537,#2537,#2093,.T.);
#2984=EDGE_CURVE('',#2536,#2534,#1643,.T.);
#2985=EDGE_CURVE('',#2532,#2537,#1644,.T.);
#2986=EDGE_CURVE('',#2538,#2538,#2094,.T.);
#2987=EDGE_CURVE('',#2539,#2539,#2095,.T.);
#2988=EDGE_CURVE('',#2538,#2540,#1645,.T.);
#2989=EDGE_CURVE('',#2540,#2540,#2096,.T.);
#2990=EDGE_CURVE('',#2535,#2539,#1646,.T.);
#2991=EDGE_CURVE('',#2541,#2541,#2097,.T.);
#2992=EDGE_CURVE('',#2541,#2542,#1647,.T.);
#2993=EDGE_CURVE('',#2542,#2542,#2098,.T.);
#2994=EDGE_CURVE('',#2543,#2543,#2099,.T.);
#2995=EDGE_CURVE('',#2544,#2544,#2100,.T.);
#2996=EDGE_CURVE('',#2545,#2545,#2101,.T.);
#2997=EDGE_CURVE('',#2545,#2543,#1648,.T.);
#2998=EDGE_CURVE('',#2546,#2546,#2102,.T.);
#2999=EDGE_CURVE('',#2547,#2547,#2103,.T.);
#3000=EDGE_CURVE('',#2548,#2548,#2104,.T.);
#3001=EDGE_CURVE('',#2549,#2549,#2105,.T.);
#3002=EDGE_CURVE('',#2548,#2546,#1649,.T.);
#3003=EDGE_CURVE('',#2544,#2549,#1650,.T.);
#3004=EDGE_CURVE('',#2550,#2550,#2106,.T.);
#3005=EDGE_CURVE('',#2551,#2551,#2107,.T.);
#3006=EDGE_CURVE('',#2550,#2552,#1651,.T.);
#3007=EDGE_CURVE('',#2552,#2552,#2108,.T.);
#3008=EDGE_CURVE('',#2547,#2551,#1652,.T.);
#3009=EDGE_CURVE('',#2553,#2553,#2109,.T.);
#3010=EDGE_CURVE('',#2553,#2554,#1653,.T.);
#3011=EDGE_CURVE('',#2554,#2554,#2110,.T.);
#3012=EDGE_CURVE('',#2555,#2555,#2111,.T.);
#3013=EDGE_CURVE('',#2556,#2556,#2112,.T.);
#3014=EDGE_CURVE('',#2557,#2557,#2113,.T.);
#3015=EDGE_CURVE('',#2557,#2555,#1654,.T.);
#3016=EDGE_CURVE('',#2558,#2558,#2114,.T.);
#3017=EDGE_CURVE('',#2559,#2559,#2115,.T.);
#3018=EDGE_CURVE('',#2560,#2560,#2116,.T.);
#3019=EDGE_CURVE('',#2561,#2561,#2117,.T.);
#3020=EDGE_CURVE('',#2560,#2558,#1655,.T.);
#3021=EDGE_CURVE('',#2556,#2561,#1656,.T.);
#3022=EDGE_CURVE('',#2562,#2562,#2118,.T.);
#3023=EDGE_CURVE('',#2563,#2563,#2119,.T.);
#3024=EDGE_CURVE('',#2562,#2564,#1657,.T.);
#3025=EDGE_CURVE('',#2564,#2564,#2120,.T.);
#3026=EDGE_CURVE('',#2559,#2563,#1658,.T.);
#3027=EDGE_CURVE('',#2565,#2565,#2121,.T.);
#3028=EDGE_CURVE('',#2565,#2566,#1659,.T.);
#3029=EDGE_CURVE('',#2566,#2566,#2122,.T.);
#3030=EDGE_CURVE('',#2567,#2567,#2123,.T.);
#3031=EDGE_CURVE('',#2568,#2568,#2124,.T.);
#3032=EDGE_CURVE('',#2569,#2569,#2125,.T.);
#3033=EDGE_CURVE('',#2569,#2567,#1660,.T.);
#3034=EDGE_CURVE('',#2570,#2570,#2126,.T.);
#3035=EDGE_CURVE('',#2571,#2571,#2127,.T.);
#3036=EDGE_CURVE('',#2572,#2572,#2128,.T.);
#3037=EDGE_CURVE('',#2573,#2573,#2129,.T.);
#3038=EDGE_CURVE('',#2572,#2570,#1661,.T.);
#3039=EDGE_CURVE('',#2568,#2573,#1662,.T.);
#3040=EDGE_CURVE('',#2574,#2574,#2130,.T.);
#3041=EDGE_CURVE('',#2575,#2575,#2131,.T.);
#3042=EDGE_CURVE('',#2574,#2576,#1663,.T.);
#3043=EDGE_CURVE('',#2576,#2576,#2132,.T.);
#3044=EDGE_CURVE('',#2571,#2575,#1664,.T.);
#3045=EDGE_CURVE('',#2577,#2577,#2133,.T.);
#3046=EDGE_CURVE('',#2577,#2578,#1665,.T.);
#3047=EDGE_CURVE('',#2578,#2578,#2134,.T.);
#3048=EDGE_CURVE('',#2579,#2579,#2135,.T.);
#3049=EDGE_CURVE('',#2580,#2580,#2136,.T.);
#3050=EDGE_CURVE('',#2581,#2581,#2137,.T.);
#3051=EDGE_CURVE('',#2581,#2579,#1666,.T.);
#3052=EDGE_CURVE('',#2582,#2582,#2138,.T.);
#3053=EDGE_CURVE('',#2583,#2583,#2139,.T.);
#3054=EDGE_CURVE('',#2584,#2584,#2140,.T.);
#3055=EDGE_CURVE('',#2585,#2585,#2141,.T.);
#3056=EDGE_CURVE('',#2584,#2582,#1667,.T.);
#3057=EDGE_CURVE('',#2580,#2585,#1668,.T.);
#3058=EDGE_CURVE('',#2586,#2586,#2142,.T.);
#3059=EDGE_CURVE('',#2587,#2587,#2143,.T.);
#3060=EDGE_CURVE('',#2586,#2588,#1669,.T.);
#3061=EDGE_CURVE('',#2588,#2588,#2144,.T.);
#3062=EDGE_CURVE('',#2583,#2587,#1670,.T.);
#3063=EDGE_CURVE('',#2589,#2589,#2145,.T.);
#3064=EDGE_CURVE('',#2589,#2590,#1671,.T.);
#3065=EDGE_CURVE('',#2590,#2590,#2146,.T.);
#3066=EDGE_CURVE('',#2591,#2591,#2147,.T.);
#3067=EDGE_CURVE('',#2592,#2592,#2148,.T.);
#3068=EDGE_CURVE('',#2593,#2593,#2149,.T.);
#3069=EDGE_CURVE('',#2593,#2591,#1672,.T.);
#3070=EDGE_CURVE('',#2594,#2594,#2150,.T.);
#3071=EDGE_CURVE('',#2595,#2595,#2151,.T.);
#3072=EDGE_CURVE('',#2596,#2596,#2152,.T.);
#3073=EDGE_CURVE('',#2597,#2597,#2153,.T.);
#3074=EDGE_CURVE('',#2596,#2594,#1673,.T.);
#3075=EDGE_CURVE('',#2592,#2597,#1674,.T.);
#3076=EDGE_CURVE('',#2598,#2598,#2154,.T.);
#3077=EDGE_CURVE('',#2599,#2599,#2155,.T.);
#3078=EDGE_CURVE('',#2598,#2600,#1675,.T.);
#3079=EDGE_CURVE('',#2600,#2600,#2156,.T.);
#3080=EDGE_CURVE('',#2595,#2599,#1676,.T.);
#3081=EDGE_CURVE('',#2601,#2601,#2157,.T.);
#3082=EDGE_CURVE('',#2601,#2602,#1677,.T.);
#3083=EDGE_CURVE('',#2602,#2602,#2158,.T.);
#3084=EDGE_CURVE('',#2603,#2603,#2159,.T.);
#3085=EDGE_CURVE('',#2604,#2604,#2160,.T.);
#3086=EDGE_CURVE('',#2605,#2605,#2161,.T.);
#3087=EDGE_CURVE('',#2605,#2603,#1678,.T.);
#3088=EDGE_CURVE('',#2606,#2606,#2162,.T.);
#3089=EDGE_CURVE('',#2607,#2607,#2163,.T.);
#3090=EDGE_CURVE('',#2608,#2608,#2164,.T.);
#3091=EDGE_CURVE('',#2609,#2609,#2165,.T.);
#3092=EDGE_CURVE('',#2608,#2606,#1679,.T.);
#3093=EDGE_CURVE('',#2604,#2609,#1680,.T.);
#3094=EDGE_CURVE('',#2610,#2610,#2166,.T.);
#3095=EDGE_CURVE('',#2611,#2611,#2167,.T.);
#3096=EDGE_CURVE('',#2610,#2612,#1681,.T.);
#3097=EDGE_CURVE('',#2612,#2612,#2168,.T.);
#3098=EDGE_CURVE('',#2607,#2611,#1682,.T.);
#3099=EDGE_CURVE('',#2613,#2613,#2169,.T.);
#3100=EDGE_CURVE('',#2613,#2614,#1683,.T.);
#3101=EDGE_CURVE('',#2614,#2614,#2170,.T.);
#3102=EDGE_CURVE('',#2615,#2615,#2171,.T.);
#3103=EDGE_CURVE('',#2616,#2616,#2172,.T.);
#3104=EDGE_CURVE('',#2617,#2617,#2173,.T.);
#3105=EDGE_CURVE('',#2617,#2615,#1684,.T.);
#3106=EDGE_CURVE('',#2618,#2618,#2174,.T.);
#3107=EDGE_CURVE('',#2619,#2619,#2175,.T.);
#3108=EDGE_CURVE('',#2620,#2620,#2176,.T.);
#3109=EDGE_CURVE('',#2621,#2621,#2177,.T.);
#3110=EDGE_CURVE('',#2620,#2618,#1685,.T.);
#3111=EDGE_CURVE('',#2616,#2621,#1686,.T.);
#3112=EDGE_CURVE('',#2622,#2622,#2178,.T.);
#3113=EDGE_CURVE('',#2623,#2623,#2179,.T.);
#3114=EDGE_CURVE('',#2622,#2624,#1687,.T.);
#3115=EDGE_CURVE('',#2624,#2624,#2180,.T.);
#3116=EDGE_CURVE('',#2619,#2623,#1688,.T.);
#3117=EDGE_CURVE('',#2625,#2625,#2181,.T.);
#3118=EDGE_CURVE('',#2625,#2626,#1689,.T.);
#3119=EDGE_CURVE('',#2626,#2626,#2182,.T.);
#3120=EDGE_CURVE('',#2627,#2627,#2183,.T.);
#3121=EDGE_CURVE('',#2628,#2628,#2184,.T.);
#3122=EDGE_CURVE('',#2629,#2629,#2185,.T.);
#3123=EDGE_CURVE('',#2629,#2627,#1690,.T.);
#3124=EDGE_CURVE('',#2630,#2630,#2186,.T.);
#3125=EDGE_CURVE('',#2631,#2631,#2187,.T.);
#3126=EDGE_CURVE('',#2632,#2632,#2188,.T.);
#3127=EDGE_CURVE('',#2633,#2633,#2189,.T.);
#3128=EDGE_CURVE('',#2632,#2630,#1691,.T.);
#3129=EDGE_CURVE('',#2628,#2633,#1692,.T.);
#3130=EDGE_CURVE('',#2634,#2634,#2190,.T.);
#3131=EDGE_CURVE('',#2635,#2635,#2191,.T.);
#3132=EDGE_CURVE('',#2634,#2636,#1693,.T.);
#3133=EDGE_CURVE('',#2636,#2636,#2192,.T.);
#3134=EDGE_CURVE('',#2631,#2635,#1694,.T.);
#3135=EDGE_CURVE('',#2637,#2637,#2193,.T.);
#3136=EDGE_CURVE('',#2637,#2638,#1695,.T.);
#3137=EDGE_CURVE('',#2638,#2638,#2194,.T.);
#3138=EDGE_CURVE('',#2639,#2639,#2195,.T.);
#3139=EDGE_CURVE('',#2640,#2640,#2196,.T.);
#3140=EDGE_CURVE('',#2641,#2641,#2197,.T.);
#3141=EDGE_CURVE('',#2641,#2639,#1696,.T.);
#3142=EDGE_CURVE('',#2642,#2642,#2198,.T.);
#3143=EDGE_CURVE('',#2643,#2643,#2199,.T.);
#3144=EDGE_CURVE('',#2644,#2644,#2200,.T.);
#3145=EDGE_CURVE('',#2645,#2645,#2201,.T.);
#3146=EDGE_CURVE('',#2644,#2642,#1697,.T.);
#3147=EDGE_CURVE('',#2640,#2645,#1698,.T.);
#3148=EDGE_CURVE('',#2646,#2646,#2202,.T.);
#3149=EDGE_CURVE('',#2647,#2647,#2203,.T.);
#3150=EDGE_CURVE('',#2646,#2648,#1699,.T.);
#3151=EDGE_CURVE('',#2648,#2648,#2204,.T.);
#3152=EDGE_CURVE('',#2643,#2647,#1700,.T.);
#3153=EDGE_CURVE('',#2649,#2649,#2205,.T.);
#3154=EDGE_CURVE('',#2649,#2650,#1701,.T.);
#3155=EDGE_CURVE('',#2650,#2650,#2206,.T.);
#3156=EDGE_CURVE('',#2651,#2651,#2207,.T.);
#3157=EDGE_CURVE('',#2652,#2652,#2208,.T.);
#3158=EDGE_CURVE('',#2653,#2653,#2209,.T.);
#3159=EDGE_CURVE('',#2653,#2651,#1702,.T.);
#3160=EDGE_CURVE('',#2654,#2654,#2210,.T.);
#3161=EDGE_CURVE('',#2655,#2655,#2211,.T.);
#3162=EDGE_CURVE('',#2656,#2656,#2212,.T.);
#3163=EDGE_CURVE('',#2657,#2657,#2213,.T.);
#3164=EDGE_CURVE('',#2656,#2654,#1703,.T.);
#3165=EDGE_CURVE('',#2652,#2657,#1704,.T.);
#3166=EDGE_CURVE('',#2658,#2658,#2214,.T.);
#3167=EDGE_CURVE('',#2659,#2659,#2215,.T.);
#3168=EDGE_CURVE('',#2658,#2660,#1705,.T.);
#3169=EDGE_CURVE('',#2660,#2660,#2216,.T.);
#3170=EDGE_CURVE('',#2655,#2659,#1706,.T.);
#3171=EDGE_CURVE('',#2661,#2661,#2217,.T.);
#3172=EDGE_CURVE('',#2661,#2662,#1707,.T.);
#3173=EDGE_CURVE('',#2662,#2662,#2218,.T.);
#3174=EDGE_CURVE('',#2663,#2663,#2219,.T.);
#3175=EDGE_CURVE('',#2664,#2664,#2220,.T.);
#3176=EDGE_CURVE('',#2665,#2665,#2221,.T.);
#3177=EDGE_CURVE('',#2665,#2663,#1708,.T.);
#3178=EDGE_CURVE('',#2666,#2666,#2222,.T.);
#3179=EDGE_CURVE('',#2667,#2667,#2223,.T.);
#3180=EDGE_CURVE('',#2668,#2668,#2224,.T.);
#3181=EDGE_CURVE('',#2669,#2669,#2225,.T.);
#3182=EDGE_CURVE('',#2668,#2666,#1709,.T.);
#3183=EDGE_CURVE('',#2664,#2669,#1710,.T.);
#3184=EDGE_CURVE('',#2670,#2670,#2226,.T.);
#3185=EDGE_CURVE('',#2671,#2671,#2227,.T.);
#3186=EDGE_CURVE('',#2670,#2672,#1711,.T.);
#3187=EDGE_CURVE('',#2672,#2672,#2228,.T.);
#3188=EDGE_CURVE('',#2667,#2671,#1712,.T.);
#3189=EDGE_CURVE('',#2673,#2673,#2229,.T.);
#3190=EDGE_CURVE('',#2673,#2674,#1713,.T.);
#3191=EDGE_CURVE('',#2674,#2674,#2230,.T.);
#3192=EDGE_CURVE('',#2675,#2675,#2231,.T.);
#3193=EDGE_CURVE('',#2676,#2676,#2232,.T.);
#3194=EDGE_CURVE('',#2677,#2677,#2233,.T.);
#3195=EDGE_CURVE('',#2677,#2675,#1714,.T.);
#3196=EDGE_CURVE('',#2678,#2678,#2234,.T.);
#3197=EDGE_CURVE('',#2679,#2679,#2235,.T.);
#3198=EDGE_CURVE('',#2680,#2680,#2236,.T.);
#3199=EDGE_CURVE('',#2681,#2681,#2237,.T.);
#3200=EDGE_CURVE('',#2680,#2678,#1715,.T.);
#3201=EDGE_CURVE('',#2676,#2681,#1716,.T.);
#3202=EDGE_CURVE('',#2682,#2682,#2238,.T.);
#3203=EDGE_CURVE('',#2683,#2683,#2239,.T.);
#3204=EDGE_CURVE('',#2682,#2684,#1717,.T.);
#3205=EDGE_CURVE('',#2684,#2684,#2240,.T.);
#3206=EDGE_CURVE('',#2679,#2683,#1718,.T.);
#3207=EDGE_CURVE('',#2685,#2685,#2241,.T.);
#3208=EDGE_CURVE('',#2685,#2686,#1719,.T.);
#3209=EDGE_CURVE('',#2686,#2686,#2242,.T.);
#3210=EDGE_CURVE('',#2687,#2687,#2243,.T.);
#3211=EDGE_CURVE('',#2688,#2688,#2244,.T.);
#3212=EDGE_CURVE('',#2689,#2689,#2245,.T.);
#3213=EDGE_CURVE('',#2689,#2687,#1720,.T.);
#3214=EDGE_CURVE('',#2690,#2690,#2246,.T.);
#3215=EDGE_CURVE('',#2691,#2691,#2247,.T.);
#3216=EDGE_CURVE('',#2692,#2692,#2248,.T.);
#3217=EDGE_CURVE('',#2693,#2693,#2249,.T.);
#3218=EDGE_CURVE('',#2692,#2690,#1721,.T.);
#3219=EDGE_CURVE('',#2688,#2693,#1722,.T.);
#3220=EDGE_CURVE('',#2694,#2694,#2250,.T.);
#3221=EDGE_CURVE('',#2695,#2695,#2251,.T.);
#3222=EDGE_CURVE('',#2694,#2696,#1723,.T.);
#3223=EDGE_CURVE('',#2696,#2696,#2252,.T.);
#3224=EDGE_CURVE('',#2691,#2695,#1724,.T.);
#3225=EDGE_CURVE('',#2697,#2697,#2253,.T.);
#3226=EDGE_CURVE('',#2697,#2698,#1725,.T.);
#3227=EDGE_CURVE('',#2698,#2698,#2254,.T.);
#3228=EDGE_CURVE('',#2699,#2699,#2255,.T.);
#3229=EDGE_CURVE('',#2700,#2700,#2256,.T.);
#3230=EDGE_CURVE('',#2701,#2701,#2257,.T.);
#3231=EDGE_CURVE('',#2701,#2699,#1726,.T.);
#3232=EDGE_CURVE('',#2702,#2702,#2258,.T.);
#3233=EDGE_CURVE('',#2703,#2703,#2259,.T.);
#3234=EDGE_CURVE('',#2704,#2704,#2260,.T.);
#3235=EDGE_CURVE('',#2705,#2705,#2261,.T.);
#3236=EDGE_CURVE('',#2704,#2702,#1727,.T.);
#3237=EDGE_CURVE('',#2700,#2705,#1728,.T.);
#3238=EDGE_CURVE('',#2706,#2706,#2262,.T.);
#3239=EDGE_CURVE('',#2707,#2707,#2263,.T.);
#3240=EDGE_CURVE('',#2706,#2708,#1729,.T.);
#3241=EDGE_CURVE('',#2708,#2708,#2264,.T.);
#3242=EDGE_CURVE('',#2703,#2707,#1730,.T.);
#3243=EDGE_CURVE('',#2709,#2709,#2265,.T.);
#3244=EDGE_CURVE('',#2709,#2710,#1731,.T.);
#3245=EDGE_CURVE('',#2710,#2710,#2266,.T.);
#3246=EDGE_CURVE('',#2711,#2711,#2267,.T.);
#3247=EDGE_CURVE('',#2712,#2712,#2268,.T.);
#3248=EDGE_CURVE('',#2713,#2713,#2269,.T.);
#3249=EDGE_CURVE('',#2713,#2711,#1732,.T.);
#3250=EDGE_CURVE('',#2714,#2714,#2270,.T.);
#3251=EDGE_CURVE('',#2715,#2715,#2271,.T.);
#3252=EDGE_CURVE('',#2716,#2716,#2272,.T.);
#3253=EDGE_CURVE('',#2717,#2717,#2273,.T.);
#3254=EDGE_CURVE('',#2716,#2714,#1733,.T.);
#3255=EDGE_CURVE('',#2712,#2717,#1734,.T.);
#3256=EDGE_CURVE('',#2718,#2718,#2274,.T.);
#3257=EDGE_CURVE('',#2719,#2719,#2275,.T.);
#3258=EDGE_CURVE('',#2718,#2720,#1735,.T.);
#3259=EDGE_CURVE('',#2720,#2720,#2276,.T.);
#3260=EDGE_CURVE('',#2715,#2719,#1736,.T.);
#3261=EDGE_CURVE('',#2721,#2721,#2277,.T.);
#3262=EDGE_CURVE('',#2721,#2722,#1737,.T.);
#3263=EDGE_CURVE('',#2722,#2722,#2278,.T.);
#3264=EDGE_CURVE('',#2723,#2723,#2279,.T.);
#3265=EDGE_CURVE('',#2724,#2724,#2280,.T.);
#3266=EDGE_CURVE('',#2725,#2725,#2281,.T.);
#3267=EDGE_CURVE('',#2725,#2723,#1738,.T.);
#3268=EDGE_CURVE('',#2726,#2726,#2282,.T.);
#3269=EDGE_CURVE('',#2727,#2727,#2283,.T.);
#3270=EDGE_CURVE('',#2728,#2728,#2284,.T.);
#3271=EDGE_CURVE('',#2729,#2729,#2285,.T.);
#3272=EDGE_CURVE('',#2728,#2726,#1739,.T.);
#3273=EDGE_CURVE('',#2724,#2729,#1740,.T.);
#3274=EDGE_CURVE('',#2730,#2730,#2286,.T.);
#3275=EDGE_CURVE('',#2731,#2731,#2287,.T.);
#3276=EDGE_CURVE('',#2730,#2732,#1741,.T.);
#3277=EDGE_CURVE('',#2732,#2732,#2288,.T.);
#3278=EDGE_CURVE('',#2727,#2731,#1742,.T.);
#3279=EDGE_CURVE('',#2733,#2733,#2289,.T.);
#3280=EDGE_CURVE('',#2733,#2734,#1743,.T.);
#3281=EDGE_CURVE('',#2734,#2734,#2290,.T.);
#3282=EDGE_CURVE('',#2735,#2735,#2291,.T.);
#3283=EDGE_CURVE('',#2736,#2736,#2292,.T.);
#3284=EDGE_CURVE('',#2737,#2737,#2293,.T.);
#3285=EDGE_CURVE('',#2737,#2735,#1744,.T.);
#3286=EDGE_CURVE('',#2738,#2738,#2294,.T.);
#3287=EDGE_CURVE('',#2739,#2739,#2295,.T.);
#3288=EDGE_CURVE('',#2740,#2740,#2296,.T.);
#3289=EDGE_CURVE('',#2741,#2741,#2297,.T.);
#3290=EDGE_CURVE('',#2740,#2738,#1745,.T.);
#3291=EDGE_CURVE('',#2736,#2741,#1746,.T.);
#3292=EDGE_CURVE('',#2742,#2742,#2298,.T.);
#3293=EDGE_CURVE('',#2743,#2743,#2299,.T.);
#3294=EDGE_CURVE('',#2742,#2744,#1747,.T.);
#3295=EDGE_CURVE('',#2744,#2744,#2300,.T.);
#3296=EDGE_CURVE('',#2739,#2743,#1748,.T.);
#3297=EDGE_CURVE('',#2745,#2745,#2301,.T.);
#3298=EDGE_CURVE('',#2745,#2746,#1749,.T.);
#3299=EDGE_CURVE('',#2746,#2746,#2302,.T.);
#3300=EDGE_CURVE('',#2747,#2747,#2303,.T.);
#3301=EDGE_CURVE('',#2748,#2748,#2304,.T.);
#3302=EDGE_CURVE('',#2749,#2749,#2305,.T.);
#3303=EDGE_CURVE('',#2749,#2747,#1750,.T.);
#3304=EDGE_CURVE('',#2750,#2750,#2306,.T.);
#3305=EDGE_CURVE('',#2751,#2751,#2307,.T.);
#3306=EDGE_CURVE('',#2752,#2752,#2308,.T.);
#3307=EDGE_CURVE('',#2753,#2753,#2309,.T.);
#3308=EDGE_CURVE('',#2752,#2750,#1751,.T.);
#3309=EDGE_CURVE('',#2748,#2753,#1752,.T.);
#3310=EDGE_CURVE('',#2754,#2754,#2310,.T.);
#3311=EDGE_CURVE('',#2755,#2755,#2311,.T.);
#3312=EDGE_CURVE('',#2754,#2756,#1753,.T.);
#3313=EDGE_CURVE('',#2756,#2756,#2312,.T.);
#3314=EDGE_CURVE('',#2751,#2755,#1754,.T.);
#3315=EDGE_CURVE('',#2757,#2757,#2313,.T.);
#3316=EDGE_CURVE('',#2757,#2758,#1755,.T.);
#3317=EDGE_CURVE('',#2758,#2758,#2314,.T.);
#3318=EDGE_CURVE('',#2759,#2759,#2315,.T.);
#3319=EDGE_CURVE('',#2760,#2760,#2316,.T.);
#3320=EDGE_CURVE('',#2761,#2761,#2317,.T.);
#3321=EDGE_CURVE('',#2761,#2759,#1756,.T.);
#3322=EDGE_CURVE('',#2762,#2762,#2318,.T.);
#3323=EDGE_CURVE('',#2763,#2763,#2319,.T.);
#3324=EDGE_CURVE('',#2764,#2764,#2320,.T.);
#3325=EDGE_CURVE('',#2765,#2765,#2321,.T.);
#3326=EDGE_CURVE('',#2764,#2762,#1757,.T.);
#3327=EDGE_CURVE('',#2760,#2765,#1758,.T.);
#3328=EDGE_CURVE('',#2766,#2766,#2322,.T.);
#3329=EDGE_CURVE('',#2767,#2767,#2323,.T.);
#3330=EDGE_CURVE('',#2766,#2768,#1759,.T.);
#3331=EDGE_CURVE('',#2768,#2768,#2324,.T.);
#3332=EDGE_CURVE('',#2763,#2767,#1760,.T.);
#3333=EDGE_CURVE('',#2769,#2769,#2325,.T.);
#3334=EDGE_CURVE('',#2769,#2770,#1761,.T.);
#3335=EDGE_CURVE('',#2770,#2770,#2326,.T.);
#3336=EDGE_CURVE('',#2771,#2771,#2327,.T.);
#3337=EDGE_CURVE('',#2772,#2772,#2328,.T.);
#3338=EDGE_CURVE('',#2773,#2773,#2329,.T.);
#3339=EDGE_CURVE('',#2773,#2771,#1762,.T.);
#3340=EDGE_CURVE('',#2774,#2774,#2330,.T.);
#3341=EDGE_CURVE('',#2775,#2775,#2331,.T.);
#3342=EDGE_CURVE('',#2776,#2776,#2332,.T.);
#3343=EDGE_CURVE('',#2777,#2777,#2333,.T.);
#3344=EDGE_CURVE('',#2776,#2774,#1763,.T.);
#3345=EDGE_CURVE('',#2772,#2777,#1764,.T.);
#3346=EDGE_CURVE('',#2778,#2778,#2334,.T.);
#3347=EDGE_CURVE('',#2779,#2779,#2335,.T.);
#3348=EDGE_CURVE('',#2778,#2780,#1765,.T.);
#3349=EDGE_CURVE('',#2780,#2780,#2336,.T.);
#3350=EDGE_CURVE('',#2775,#2779,#1766,.T.);
#3351=EDGE_CURVE('',#2781,#2781,#2337,.T.);
#3352=EDGE_CURVE('',#2781,#2782,#1767,.T.);
#3353=EDGE_CURVE('',#2782,#2782,#2338,.T.);
#3354=EDGE_CURVE('',#2783,#2783,#2339,.T.);
#3355=EDGE_CURVE('',#2784,#2784,#2340,.T.);
#3356=EDGE_CURVE('',#2785,#2785,#2341,.T.);
#3357=EDGE_CURVE('',#2785,#2783,#1768,.T.);
#3358=EDGE_CURVE('',#2786,#2786,#2342,.T.);
#3359=EDGE_CURVE('',#2787,#2787,#2343,.T.);
#3360=EDGE_CURVE('',#2788,#2788,#2344,.T.);
#3361=EDGE_CURVE('',#2789,#2789,#2345,.T.);
#3362=EDGE_CURVE('',#2788,#2786,#1769,.T.);
#3363=EDGE_CURVE('',#2784,#2789,#1770,.T.);
#3364=EDGE_CURVE('',#2790,#2790,#2346,.T.);
#3365=EDGE_CURVE('',#2791,#2791,#2347,.T.);
#3366=EDGE_CURVE('',#2790,#2792,#1771,.T.);
#3367=EDGE_CURVE('',#2792,#2792,#2348,.T.);
#3368=EDGE_CURVE('',#2787,#2791,#1772,.T.);
#3369=EDGE_CURVE('',#2793,#2793,#2349,.T.);
#3370=EDGE_CURVE('',#2793,#2794,#1773,.T.);
#3371=EDGE_CURVE('',#2794,#2794,#2350,.T.);
#3372=EDGE_CURVE('',#2795,#2795,#2351,.T.);
#3373=EDGE_CURVE('',#2796,#2796,#2352,.T.);
#3374=EDGE_CURVE('',#2797,#2797,#2353,.T.);
#3375=EDGE_CURVE('',#2797,#2795,#1774,.T.);
#3376=EDGE_CURVE('',#2798,#2798,#2354,.T.);
#3377=EDGE_CURVE('',#2799,#2799,#2355,.T.);
#3378=EDGE_CURVE('',#2800,#2800,#2356,.T.);
#3379=EDGE_CURVE('',#2801,#2801,#2357,.T.);
#3380=EDGE_CURVE('',#2800,#2798,#1775,.T.);
#3381=EDGE_CURVE('',#2796,#2801,#1776,.T.);
#3382=EDGE_CURVE('',#2802,#2802,#2358,.T.);
#3383=EDGE_CURVE('',#2803,#2803,#2359,.T.);
#3384=EDGE_CURVE('',#2802,#2804,#1777,.T.);
#3385=EDGE_CURVE('',#2804,#2804,#2360,.T.);
#3386=EDGE_CURVE('',#2799,#2803,#1778,.T.);
#3387=EDGE_CURVE('',#2805,#2805,#2361,.T.);
#3388=EDGE_CURVE('',#2805,#2806,#1779,.T.);
#3389=EDGE_CURVE('',#2806,#2806,#2362,.T.);
#3390=EDGE_CURVE('',#2807,#2807,#2363,.T.);
#3391=EDGE_CURVE('',#2808,#2808,#2364,.T.);
#3392=EDGE_CURVE('',#2809,#2809,#2365,.T.);
#3393=EDGE_CURVE('',#2809,#2807,#1780,.T.);
#3394=EDGE_CURVE('',#2810,#2810,#2366,.T.);
#3395=EDGE_CURVE('',#2811,#2811,#2367,.T.);
#3396=EDGE_CURVE('',#2812,#2812,#2368,.T.);
#3397=EDGE_CURVE('',#2813,#2813,#2369,.T.);
#3398=EDGE_CURVE('',#2812,#2810,#1781,.T.);
#3399=EDGE_CURVE('',#2808,#2813,#1782,.T.);
#3400=EDGE_CURVE('',#2814,#2814,#2370,.T.);
#3401=EDGE_CURVE('',#2815,#2815,#2371,.T.);
#3402=EDGE_CURVE('',#2814,#2816,#1783,.T.);
#3403=EDGE_CURVE('',#2816,#2816,#2372,.T.);
#3404=EDGE_CURVE('',#2811,#2815,#1784,.T.);
#3405=EDGE_CURVE('',#2817,#2817,#2373,.T.);
#3406=EDGE_CURVE('',#2817,#2818,#1785,.T.);
#3407=EDGE_CURVE('',#2818,#2818,#2374,.T.);
#3408=EDGE_CURVE('',#2819,#2819,#2375,.T.);
#3409=EDGE_CURVE('',#2820,#2820,#2376,.T.);
#3410=EDGE_CURVE('',#2821,#2821,#2377,.T.);
#3411=EDGE_CURVE('',#2821,#2819,#1786,.T.);
#3412=EDGE_CURVE('',#2822,#2822,#2378,.T.);
#3413=EDGE_CURVE('',#2823,#2823,#2379,.T.);
#3414=EDGE_CURVE('',#2824,#2824,#2380,.T.);
#3415=EDGE_CURVE('',#2825,#2825,#2381,.T.);
#3416=EDGE_CURVE('',#2824,#2822,#1787,.T.);
#3417=EDGE_CURVE('',#2820,#2825,#1788,.T.);
#3418=EDGE_CURVE('',#2826,#2826,#2382,.T.);
#3419=EDGE_CURVE('',#2827,#2827,#2383,.T.);
#3420=EDGE_CURVE('',#2826,#2828,#1789,.T.);
#3421=EDGE_CURVE('',#2828,#2828,#2384,.T.);
#3422=EDGE_CURVE('',#2823,#2827,#1790,.T.);
#3423=EDGE_CURVE('',#2829,#2829,#2385,.T.);
#3424=EDGE_CURVE('',#2829,#2830,#1791,.T.);
#3425=EDGE_CURVE('',#2830,#2830,#2386,.T.);
#3426=EDGE_CURVE('',#2831,#2831,#2387,.T.);
#3427=EDGE_CURVE('',#2832,#2832,#2388,.T.);
#3428=EDGE_CURVE('',#2833,#2833,#2389,.T.);
#3429=EDGE_CURVE('',#2833,#2831,#1792,.T.);
#3430=EDGE_CURVE('',#2834,#2834,#2390,.T.);
#3431=EDGE_CURVE('',#2835,#2835,#2391,.T.);
#3432=EDGE_CURVE('',#2836,#2836,#2392,.T.);
#3433=EDGE_CURVE('',#2837,#2837,#2393,.T.);
#3434=EDGE_CURVE('',#2836,#2834,#1793,.T.);
#3435=EDGE_CURVE('',#2832,#2837,#1794,.T.);
#3436=EDGE_CURVE('',#2838,#2838,#2394,.T.);
#3437=EDGE_CURVE('',#2839,#2839,#2395,.T.);
#3438=EDGE_CURVE('',#2838,#2840,#1795,.T.);
#3439=EDGE_CURVE('',#2840,#2840,#2396,.T.);
#3440=EDGE_CURVE('',#2835,#2839,#1796,.T.);
#3441=EDGE_CURVE('',#2841,#2841,#2397,.T.);
#3442=EDGE_CURVE('',#2841,#2842,#1797,.T.);
#3443=EDGE_CURVE('',#2842,#2842,#2398,.T.);
#3444=EDGE_CURVE('',#2843,#2843,#2399,.T.);
#3445=EDGE_CURVE('',#2844,#2844,#2400,.T.);
#3446=EDGE_CURVE('',#2845,#2845,#2401,.T.);
#3447=EDGE_CURVE('',#2845,#2843,#1798,.T.);
#3448=EDGE_CURVE('',#2846,#2846,#2402,.T.);
#3449=EDGE_CURVE('',#2847,#2847,#2403,.T.);
#3450=EDGE_CURVE('',#2848,#2848,#2404,.T.);
#3451=EDGE_CURVE('',#2849,#2849,#2405,.T.);
#3452=EDGE_CURVE('',#2848,#2846,#1799,.T.);
#3453=EDGE_CURVE('',#2844,#2849,#1800,.T.);
#3454=EDGE_CURVE('',#2850,#2850,#2406,.T.);
#3455=EDGE_CURVE('',#2851,#2851,#2407,.T.);
#3456=EDGE_CURVE('',#2850,#2852,#1801,.T.);
#3457=EDGE_CURVE('',#2852,#2852,#2408,.T.);
#3458=EDGE_CURVE('',#2847,#2851,#1802,.T.);
#3459=EDGE_CURVE('',#2853,#2853,#2409,.T.);
#3460=EDGE_CURVE('',#2853,#2854,#1803,.T.);
#3461=EDGE_CURVE('',#2854,#2854,#2410,.T.);
#3462=EDGE_CURVE('',#2855,#2855,#2411,.T.);
#3463=EDGE_CURVE('',#2856,#2856,#2412,.T.);
#3464=EDGE_CURVE('',#2857,#2857,#2413,.T.);
#3465=EDGE_CURVE('',#2857,#2855,#1804,.T.);
#3466=EDGE_CURVE('',#2858,#2858,#2414,.T.);
#3467=EDGE_CURVE('',#2859,#2859,#2415,.T.);
#3468=EDGE_CURVE('',#2860,#2860,#2416,.T.);
#3469=EDGE_CURVE('',#2861,#2861,#2417,.T.);
#3470=EDGE_CURVE('',#2860,#2858,#1805,.T.);
#3471=EDGE_CURVE('',#2856,#2861,#1806,.T.);
#3472=EDGE_CURVE('',#2862,#2862,#2418,.T.);
#3473=EDGE_CURVE('',#2863,#2863,#2419,.T.);
#3474=EDGE_CURVE('',#2862,#2864,#1807,.T.);
#3475=EDGE_CURVE('',#2864,#2864,#2420,.T.);
#3476=EDGE_CURVE('',#2859,#2863,#1808,.T.);
#3477=EDGE_CURVE('',#2865,#2865,#2421,.T.);
#3478=EDGE_CURVE('',#2865,#2866,#1809,.T.);
#3479=EDGE_CURVE('',#2866,#2866,#2422,.T.);
#3480=EDGE_CURVE('',#2867,#2867,#2423,.T.);
#3481=EDGE_CURVE('',#2868,#2868,#2424,.T.);
#3482=EDGE_CURVE('',#2869,#2869,#2425,.T.);
#3483=EDGE_CURVE('',#2869,#2867,#1810,.T.);
#3484=EDGE_CURVE('',#2870,#2870,#2426,.T.);
#3485=EDGE_CURVE('',#2871,#2871,#2427,.T.);
#3486=EDGE_CURVE('',#2872,#2872,#2428,.T.);
#3487=EDGE_CURVE('',#2873,#2873,#2429,.T.);
#3488=EDGE_CURVE('',#2872,#2870,#1811,.T.);
#3489=EDGE_CURVE('',#2868,#2873,#1812,.T.);
#3490=EDGE_CURVE('',#2874,#2874,#2430,.T.);
#3491=EDGE_CURVE('',#2875,#2875,#2431,.T.);
#3492=EDGE_CURVE('',#2874,#2876,#1813,.T.);
#3493=EDGE_CURVE('',#2876,#2876,#2432,.T.);
#3494=EDGE_CURVE('',#2871,#2875,#1814,.T.);
#3495=EDGE_CURVE('',#2877,#2877,#2433,.T.);
#3496=EDGE_CURVE('',#2877,#2878,#1815,.T.);
#3497=EDGE_CURVE('',#2878,#2878,#2434,.T.);
#3498=EDGE_CURVE('',#2879,#2879,#2435,.T.);
#3499=EDGE_CURVE('',#2880,#2880,#2436,.T.);
#3500=EDGE_CURVE('',#2881,#2881,#2437,.T.);
#3501=EDGE_CURVE('',#2881,#2879,#1816,.T.);
#3502=EDGE_CURVE('',#2882,#2882,#2438,.T.);
#3503=EDGE_CURVE('',#2883,#2883,#2439,.T.);
#3504=EDGE_CURVE('',#2884,#2884,#2440,.T.);
#3505=EDGE_CURVE('',#2885,#2885,#2441,.T.);
#3506=EDGE_CURVE('',#2884,#2882,#1817,.T.);
#3507=EDGE_CURVE('',#2880,#2885,#1818,.T.);
#3508=EDGE_CURVE('',#2886,#2886,#2442,.T.);
#3509=EDGE_CURVE('',#2887,#2887,#2443,.T.);
#3510=EDGE_CURVE('',#2886,#2888,#1819,.T.);
#3511=EDGE_CURVE('',#2888,#2888,#2444,.T.);
#3512=EDGE_CURVE('',#2883,#2887,#1820,.T.);
#3513=EDGE_CURVE('',#2889,#2889,#2445,.T.);
#3514=EDGE_CURVE('',#2889,#2890,#1821,.T.);
#3515=EDGE_CURVE('',#2890,#2890,#2446,.T.);
#3516=EDGE_CURVE('',#2891,#2891,#2447,.T.);
#3517=EDGE_CURVE('',#2892,#2892,#2448,.T.);
#3518=EDGE_CURVE('',#2893,#2893,#2449,.T.);
#3519=EDGE_CURVE('',#2893,#2891,#1822,.T.);
#3520=EDGE_CURVE('',#2894,#2894,#2450,.T.);
#3521=EDGE_CURVE('',#2895,#2895,#2451,.T.);
#3522=EDGE_CURVE('',#2896,#2896,#2452,.T.);
#3523=EDGE_CURVE('',#2897,#2897,#2453,.T.);
#3524=EDGE_CURVE('',#2896,#2894,#1823,.T.);
#3525=EDGE_CURVE('',#2892,#2897,#1824,.T.);
#3526=EDGE_CURVE('',#2898,#2898,#2454,.T.);
#3527=EDGE_CURVE('',#2899,#2899,#2455,.T.);
#3528=EDGE_CURVE('',#2898,#2900,#1825,.T.);
#3529=EDGE_CURVE('',#2900,#2900,#2456,.T.);
#3530=EDGE_CURVE('',#2895,#2899,#1826,.T.);
#3531=EDGE_CURVE('',#2901,#2901,#2457,.T.);
#3532=EDGE_CURVE('',#2901,#2902,#1827,.T.);
#3533=EDGE_CURVE('',#2902,#2902,#2458,.T.);
#3534=EDGE_CURVE('',#2903,#2903,#2459,.T.);
#3535=EDGE_CURVE('',#2904,#2904,#2460,.T.);
#3536=EDGE_CURVE('',#2905,#2905,#2461,.T.);
#3537=EDGE_CURVE('',#2905,#2903,#1828,.T.);
#3538=EDGE_CURVE('',#2906,#2906,#2462,.T.);
#3539=EDGE_CURVE('',#2907,#2907,#2463,.T.);
#3540=EDGE_CURVE('',#2908,#2908,#2464,.T.);
#3541=EDGE_CURVE('',#2909,#2909,#2465,.T.);
#3542=EDGE_CURVE('',#2908,#2906,#1829,.T.);
#3543=EDGE_CURVE('',#2904,#2909,#1830,.T.);
#3544=EDGE_CURVE('',#2910,#2910,#2466,.T.);
#3545=EDGE_CURVE('',#2911,#2911,#2467,.T.);
#3546=EDGE_CURVE('',#2910,#2912,#1831,.T.);
#3547=EDGE_CURVE('',#2912,#2912,#2468,.T.);
#3548=EDGE_CURVE('',#2907,#2911,#1832,.T.);
#3549=EDGE_CURVE('',#2913,#2913,#2469,.T.);
#3550=EDGE_CURVE('',#2913,#2914,#1833,.T.);
#3551=EDGE_CURVE('',#2914,#2914,#2470,.T.);
#3552=EDGE_CURVE('',#2915,#2915,#2471,.T.);
#3553=EDGE_CURVE('',#2916,#2916,#2472,.T.);
#3554=EDGE_CURVE('',#2917,#2917,#2473,.T.);
#3555=EDGE_CURVE('',#2917,#2915,#1834,.T.);
#3556=EDGE_CURVE('',#2918,#2918,#2474,.T.);
#3557=EDGE_CURVE('',#2919,#2919,#2475,.T.);
#3558=EDGE_CURVE('',#2920,#2920,#2476,.T.);
#3559=EDGE_CURVE('',#2921,#2921,#2477,.T.);
#3560=EDGE_CURVE('',#2920,#2918,#1835,.T.);
#3561=EDGE_CURVE('',#2916,#2921,#1836,.T.);
#3562=EDGE_CURVE('',#2922,#2922,#2478,.T.);
#3563=EDGE_CURVE('',#2923,#2923,#2479,.T.);
#3564=EDGE_CURVE('',#2922,#2924,#1837,.T.);
#3565=EDGE_CURVE('',#2924,#2924,#2480,.T.);
#3566=EDGE_CURVE('',#2919,#2923,#1838,.T.);
#3567=EDGE_CURVE('',#2925,#2925,#2481,.T.);
#3568=EDGE_CURVE('',#2925,#2926,#1839,.T.);
#3569=EDGE_CURVE('',#2926,#2926,#2482,.T.);
#3570=EDGE_CURVE('',#2927,#2927,#2483,.T.);
#3571=EDGE_CURVE('',#2928,#2928,#2484,.T.);
#3572=EDGE_CURVE('',#2929,#2929,#2485,.T.);
#3573=EDGE_CURVE('',#2929,#2927,#1840,.T.);
#3574=EDGE_CURVE('',#2930,#2930,#2486,.T.);
#3575=EDGE_CURVE('',#2931,#2931,#2487,.T.);
#3576=EDGE_CURVE('',#2932,#2932,#2488,.T.);
#3577=EDGE_CURVE('',#2933,#2933,#2489,.T.);
#3578=EDGE_CURVE('',#2932,#2930,#1841,.T.);
#3579=EDGE_CURVE('',#2928,#2933,#1842,.T.);
#3580=EDGE_CURVE('',#2934,#2934,#2490,.T.);
#3581=EDGE_CURVE('',#2935,#2935,#2491,.T.);
#3582=EDGE_CURVE('',#2934,#2936,#1843,.T.);
#3583=EDGE_CURVE('',#2936,#2936,#2492,.T.);
#3584=EDGE_CURVE('',#2931,#2935,#1844,.T.);
#3585=EDGE_CURVE('',#2937,#2937,#2493,.T.);
#3586=EDGE_CURVE('',#2937,#2938,#1845,.T.);
#3587=EDGE_CURVE('',#2938,#2938,#2494,.T.);
#3588=EDGE_CURVE('',#2939,#2939,#2495,.T.);
#3589=EDGE_CURVE('',#2940,#2940,#2496,.T.);
#3590=EDGE_CURVE('',#2941,#2941,#2497,.T.);
#3591=EDGE_CURVE('',#2941,#2939,#1846,.T.);
#3592=EDGE_CURVE('',#2942,#2942,#2498,.T.);
#3593=EDGE_CURVE('',#2943,#2943,#2499,.T.);
#3594=EDGE_CURVE('',#2944,#2944,#2500,.T.);
#3595=EDGE_CURVE('',#2945,#2945,#2501,.T.);
#3596=EDGE_CURVE('',#2944,#2942,#1847,.T.);
#3597=EDGE_CURVE('',#2940,#2945,#1848,.T.);
#3598=EDGE_CURVE('',#2946,#2946,#2502,.T.);
#3599=EDGE_CURVE('',#2947,#2947,#2503,.T.);
#3600=EDGE_CURVE('',#2946,#2948,#1849,.T.);
#3601=EDGE_CURVE('',#2948,#2948,#2504,.T.);
#3602=EDGE_CURVE('',#2943,#2947,#1850,.T.);
#3603=EDGE_CURVE('',#2949,#2949,#2505,.T.);
#3604=EDGE_CURVE('',#2949,#2950,#1851,.T.);
#3605=EDGE_CURVE('',#2950,#2950,#2506,.T.);
#3606=EDGE_CURVE('',#2951,#2951,#2507,.T.);
#3607=EDGE_CURVE('',#2952,#2952,#2508,.T.);
#3608=EDGE_CURVE('',#2953,#2953,#2509,.T.);
#3609=EDGE_CURVE('',#2953,#2951,#1852,.T.);
#3610=EDGE_CURVE('',#2954,#2954,#2510,.T.);
#3611=EDGE_CURVE('',#2955,#2955,#2511,.T.);
#3612=EDGE_CURVE('',#2956,#2956,#2512,.T.);
#3613=EDGE_CURVE('',#2957,#2957,#2513,.T.);
#3614=EDGE_CURVE('',#2956,#2954,#1853,.T.);
#3615=EDGE_CURVE('',#2952,#2957,#1854,.T.);
#3616=EDGE_CURVE('',#2958,#2958,#2514,.T.);
#3617=EDGE_CURVE('',#2959,#2959,#2515,.T.);
#3618=EDGE_CURVE('',#2958,#2960,#1855,.T.);
#3619=EDGE_CURVE('',#2960,#2960,#2516,.T.);
#3620=EDGE_CURVE('',#2955,#2959,#1856,.T.);
#3621=EDGE_CURVE('',#2961,#2961,#2517,.T.);
#3622=EDGE_CURVE('',#2961,#2962,#1857,.T.);
#3623=EDGE_CURVE('',#2962,#2962,#2518,.T.);
#3624=EDGE_CURVE('',#2963,#2963,#2519,.T.);
#3625=EDGE_CURVE('',#2964,#2964,#2520,.T.);
#3626=EDGE_CURVE('',#2965,#2965,#2521,.T.);
#3627=EDGE_CURVE('',#2965,#2963,#1858,.T.);
#3628=EDGE_CURVE('',#2966,#2966,#2522,.T.);
#3629=EDGE_CURVE('',#2967,#2967,#2523,.T.);
#3630=EDGE_CURVE('',#2968,#2968,#2524,.T.);
#3631=EDGE_CURVE('',#2969,#2969,#2525,.T.);
#3632=EDGE_CURVE('',#2968,#2966,#1859,.T.);
#3633=EDGE_CURVE('',#2964,#2969,#1860,.T.);
#3634=EDGE_CURVE('',#2970,#2970,#2526,.T.);
#3635=EDGE_CURVE('',#2971,#2971,#2527,.T.);
#3636=EDGE_CURVE('',#2970,#2972,#1861,.T.);
#3637=EDGE_CURVE('',#2972,#2972,#2528,.T.);
#3638=EDGE_CURVE('',#2967,#2971,#1862,.T.);
#3639=ORIENTED_EDGE('',*,*,#2973,.F.);
#3640=ORIENTED_EDGE('',*,*,#2974,.T.);
#3641=ORIENTED_EDGE('',*,*,#2975,.F.);
#3642=ORIENTED_EDGE('',*,*,#2974,.F.);
#3643=ORIENTED_EDGE('',*,*,#2976,.T.);
#3644=ORIENTED_EDGE('',*,*,#2977,.F.);
#3645=ORIENTED_EDGE('',*,*,#2978,.F.);
#3646=ORIENTED_EDGE('',*,*,#2979,.T.);
#3647=ORIENTED_EDGE('',*,*,#2976,.F.);
#3648=ORIENTED_EDGE('',*,*,#2979,.F.);
#3649=ORIENTED_EDGE('',*,*,#2980,.T.);
#3650=ORIENTED_EDGE('',*,*,#2981,.F.);
#3651=ORIENTED_EDGE('',*,*,#2982,.T.);
#3652=ORIENTED_EDGE('',*,*,#2983,.F.);
#3653=ORIENTED_EDGE('',*,*,#2982,.F.);
#3654=ORIENTED_EDGE('',*,*,#2984,.T.);
#3655=ORIENTED_EDGE('',*,*,#2980,.F.);
#3656=ORIENTED_EDGE('',*,*,#2984,.F.);
#3657=ORIENTED_EDGE('',*,*,#2977,.T.);
#3658=ORIENTED_EDGE('',*,*,#2985,.T.);
#3659=ORIENTED_EDGE('',*,*,#2983,.T.);
#3660=ORIENTED_EDGE('',*,*,#2985,.F.);
#3661=ORIENTED_EDGE('',*,*,#2986,.T.);
#3662=ORIENTED_EDGE('',*,*,#2987,.F.);
#3663=ORIENTED_EDGE('',*,*,#2986,.F.);
#3664=ORIENTED_EDGE('',*,*,#2988,.T.);
#3665=ORIENTED_EDGE('',*,*,#2989,.F.);
#3666=ORIENTED_EDGE('',*,*,#2988,.F.);
#3667=ORIENTED_EDGE('',*,*,#2981,.T.);
#3668=ORIENTED_EDGE('',*,*,#2990,.T.);
#3669=ORIENTED_EDGE('',*,*,#2987,.T.);
#3670=ORIENTED_EDGE('',*,*,#2990,.F.);
#3671=ORIENTED_EDGE('',*,*,#2989,.T.);
#3672=ORIENTED_EDGE('',*,*,#2973,.T.);
#3673=ORIENTED_EDGE('',*,*,#2978,.T.);
#3674=ORIENTED_EDGE('',*,*,#2975,.T.);
#3675=ORIENTED_EDGE('',*,*,#2991,.F.);
#3676=ORIENTED_EDGE('',*,*,#2992,.T.);
#3677=ORIENTED_EDGE('',*,*,#2993,.F.);
#3678=ORIENTED_EDGE('',*,*,#2992,.F.);
#3679=ORIENTED_EDGE('',*,*,#2994,.T.);
#3680=ORIENTED_EDGE('',*,*,#2995,.F.);
#3681=ORIENTED_EDGE('',*,*,#2996,.F.);
#3682=ORIENTED_EDGE('',*,*,#2997,.T.);
#3683=ORIENTED_EDGE('',*,*,#2994,.F.);
#3684=ORIENTED_EDGE('',*,*,#2997,.F.);
#3685=ORIENTED_EDGE('',*,*,#2998,.T.);
#3686=ORIENTED_EDGE('',*,*,#2999,.F.);
#3687=ORIENTED_EDGE('',*,*,#3000,.T.);
#3688=ORIENTED_EDGE('',*,*,#3001,.F.);
#3689=ORIENTED_EDGE('',*,*,#3000,.F.);
#3690=ORIENTED_EDGE('',*,*,#3002,.T.);
#3691=ORIENTED_EDGE('',*,*,#2998,.F.);
#3692=ORIENTED_EDGE('',*,*,#3002,.F.);
#3693=ORIENTED_EDGE('',*,*,#2995,.T.);
#3694=ORIENTED_EDGE('',*,*,#3003,.T.);
#3695=ORIENTED_EDGE('',*,*,#3001,.T.);
#3696=ORIENTED_EDGE('',*,*,#3003,.F.);
#3697=ORIENTED_EDGE('',*,*,#3004,.T.);
#3698=ORIENTED_EDGE('',*,*,#3005,.F.);
#3699=ORIENTED_EDGE('',*,*,#3004,.F.);
#3700=ORIENTED_EDGE('',*,*,#3006,.T.);
#3701=ORIENTED_EDGE('',*,*,#3007,.F.);
#3702=ORIENTED_EDGE('',*,*,#3006,.F.);
#3703=ORIENTED_EDGE('',*,*,#2999,.T.);
#3704=ORIENTED_EDGE('',*,*,#3008,.T.);
#3705=ORIENTED_EDGE('',*,*,#3005,.T.);
#3706=ORIENTED_EDGE('',*,*,#3008,.F.);
#3707=ORIENTED_EDGE('',*,*,#3007,.T.);
#3708=ORIENTED_EDGE('',*,*,#2991,.T.);
#3709=ORIENTED_EDGE('',*,*,#2996,.T.);
#3710=ORIENTED_EDGE('',*,*,#2993,.T.);
#3711=ORIENTED_EDGE('',*,*,#3009,.F.);
#3712=ORIENTED_EDGE('',*,*,#3010,.T.);
#3713=ORIENTED_EDGE('',*,*,#3011,.F.);
#3714=ORIENTED_EDGE('',*,*,#3010,.F.);
#3715=ORIENTED_EDGE('',*,*,#3012,.T.);
#3716=ORIENTED_EDGE('',*,*,#3013,.F.);
#3717=ORIENTED_EDGE('',*,*,#3014,.F.);
#3718=ORIENTED_EDGE('',*,*,#3015,.T.);
#3719=ORIENTED_EDGE('',*,*,#3012,.F.);
#3720=ORIENTED_EDGE('',*,*,#3015,.F.);
#3721=ORIENTED_EDGE('',*,*,#3016,.T.);
#3722=ORIENTED_EDGE('',*,*,#3017,.F.);
#3723=ORIENTED_EDGE('',*,*,#3018,.T.);
#3724=ORIENTED_EDGE('',*,*,#3019,.F.);
#3725=ORIENTED_EDGE('',*,*,#3018,.F.);
#3726=ORIENTED_EDGE('',*,*,#3020,.T.);
#3727=ORIENTED_EDGE('',*,*,#3016,.F.);
#3728=ORIENTED_EDGE('',*,*,#3020,.F.);
#3729=ORIENTED_EDGE('',*,*,#3013,.T.);
#3730=ORIENTED_EDGE('',*,*,#3021,.T.);
#3731=ORIENTED_EDGE('',*,*,#3019,.T.);
#3732=ORIENTED_EDGE('',*,*,#3021,.F.);
#3733=ORIENTED_EDGE('',*,*,#3022,.T.);
#3734=ORIENTED_EDGE('',*,*,#3023,.F.);
#3735=ORIENTED_EDGE('',*,*,#3022,.F.);
#3736=ORIENTED_EDGE('',*,*,#3024,.T.);
#3737=ORIENTED_EDGE('',*,*,#3025,.F.);
#3738=ORIENTED_EDGE('',*,*,#3024,.F.);
#3739=ORIENTED_EDGE('',*,*,#3017,.T.);
#3740=ORIENTED_EDGE('',*,*,#3026,.T.);
#3741=ORIENTED_EDGE('',*,*,#3023,.T.);
#3742=ORIENTED_EDGE('',*,*,#3026,.F.);
#3743=ORIENTED_EDGE('',*,*,#3025,.T.);
#3744=ORIENTED_EDGE('',*,*,#3009,.T.);
#3745=ORIENTED_EDGE('',*,*,#3014,.T.);
#3746=ORIENTED_EDGE('',*,*,#3011,.T.);
#3747=ORIENTED_EDGE('',*,*,#3027,.F.);
#3748=ORIENTED_EDGE('',*,*,#3028,.T.);
#3749=ORIENTED_EDGE('',*,*,#3029,.F.);
#3750=ORIENTED_EDGE('',*,*,#3028,.F.);
#3751=ORIENTED_EDGE('',*,*,#3030,.T.);
#3752=ORIENTED_EDGE('',*,*,#3031,.F.);
#3753=ORIENTED_EDGE('',*,*,#3032,.F.);
#3754=ORIENTED_EDGE('',*,*,#3033,.T.);
#3755=ORIENTED_EDGE('',*,*,#3030,.F.);
#3756=ORIENTED_EDGE('',*,*,#3033,.F.);
#3757=ORIENTED_EDGE('',*,*,#3034,.T.);
#3758=ORIENTED_EDGE('',*,*,#3035,.F.);
#3759=ORIENTED_EDGE('',*,*,#3036,.T.);
#3760=ORIENTED_EDGE('',*,*,#3037,.F.);
#3761=ORIENTED_EDGE('',*,*,#3036,.F.);
#3762=ORIENTED_EDGE('',*,*,#3038,.T.);
#3763=ORIENTED_EDGE('',*,*,#3034,.F.);
#3764=ORIENTED_EDGE('',*,*,#3038,.F.);
#3765=ORIENTED_EDGE('',*,*,#3031,.T.);
#3766=ORIENTED_EDGE('',*,*,#3039,.T.);
#3767=ORIENTED_EDGE('',*,*,#3037,.T.);
#3768=ORIENTED_EDGE('',*,*,#3039,.F.);
#3769=ORIENTED_EDGE('',*,*,#3040,.T.);
#3770=ORIENTED_EDGE('',*,*,#3041,.F.);
#3771=ORIENTED_EDGE('',*,*,#3040,.F.);
#3772=ORIENTED_EDGE('',*,*,#3042,.T.);
#3773=ORIENTED_EDGE('',*,*,#3043,.F.);
#3774=ORIENTED_EDGE('',*,*,#3042,.F.);
#3775=ORIENTED_EDGE('',*,*,#3035,.T.);
#3776=ORIENTED_EDGE('',*,*,#3044,.T.);
#3777=ORIENTED_EDGE('',*,*,#3041,.T.);
#3778=ORIENTED_EDGE('',*,*,#3044,.F.);
#3779=ORIENTED_EDGE('',*,*,#3043,.T.);
#3780=ORIENTED_EDGE('',*,*,#3027,.T.);
#3781=ORIENTED_EDGE('',*,*,#3032,.T.);
#3782=ORIENTED_EDGE('',*,*,#3029,.T.);
#3783=ORIENTED_EDGE('',*,*,#3045,.F.);
#3784=ORIENTED_EDGE('',*,*,#3046,.T.);
#3785=ORIENTED_EDGE('',*,*,#3047,.F.);
#3786=ORIENTED_EDGE('',*,*,#3046,.F.);
#3787=ORIENTED_EDGE('',*,*,#3048,.T.);
#3788=ORIENTED_EDGE('',*,*,#3049,.F.);
#3789=ORIENTED_EDGE('',*,*,#3050,.F.);
#3790=ORIENTED_EDGE('',*,*,#3051,.T.);
#3791=ORIENTED_EDGE('',*,*,#3048,.F.);
#3792=ORIENTED_EDGE('',*,*,#3051,.F.);
#3793=ORIENTED_EDGE('',*,*,#3052,.T.);
#3794=ORIENTED_EDGE('',*,*,#3053,.F.);
#3795=ORIENTED_EDGE('',*,*,#3054,.T.);
#3796=ORIENTED_EDGE('',*,*,#3055,.F.);
#3797=ORIENTED_EDGE('',*,*,#3054,.F.);
#3798=ORIENTED_EDGE('',*,*,#3056,.T.);
#3799=ORIENTED_EDGE('',*,*,#3052,.F.);
#3800=ORIENTED_EDGE('',*,*,#3056,.F.);
#3801=ORIENTED_EDGE('',*,*,#3049,.T.);
#3802=ORIENTED_EDGE('',*,*,#3057,.T.);
#3803=ORIENTED_EDGE('',*,*,#3055,.T.);
#3804=ORIENTED_EDGE('',*,*,#3057,.F.);
#3805=ORIENTED_EDGE('',*,*,#3058,.T.);
#3806=ORIENTED_EDGE('',*,*,#3059,.F.);
#3807=ORIENTED_EDGE('',*,*,#3058,.F.);
#3808=ORIENTED_EDGE('',*,*,#3060,.T.);
#3809=ORIENTED_EDGE('',*,*,#3061,.F.);
#3810=ORIENTED_EDGE('',*,*,#3060,.F.);
#3811=ORIENTED_EDGE('',*,*,#3053,.T.);
#3812=ORIENTED_EDGE('',*,*,#3062,.T.);
#3813=ORIENTED_EDGE('',*,*,#3059,.T.);
#3814=ORIENTED_EDGE('',*,*,#3062,.F.);
#3815=ORIENTED_EDGE('',*,*,#3061,.T.);
#3816=ORIENTED_EDGE('',*,*,#3045,.T.);
#3817=ORIENTED_EDGE('',*,*,#3050,.T.);
#3818=ORIENTED_EDGE('',*,*,#3047,.T.);
#3819=ORIENTED_EDGE('',*,*,#3063,.F.);
#3820=ORIENTED_EDGE('',*,*,#3064,.T.);
#3821=ORIENTED_EDGE('',*,*,#3065,.F.);
#3822=ORIENTED_EDGE('',*,*,#3064,.F.);
#3823=ORIENTED_EDGE('',*,*,#3066,.T.);
#3824=ORIENTED_EDGE('',*,*,#3067,.F.);
#3825=ORIENTED_EDGE('',*,*,#3068,.F.);
#3826=ORIENTED_EDGE('',*,*,#3069,.T.);
#3827=ORIENTED_EDGE('',*,*,#3066,.F.);
#3828=ORIENTED_EDGE('',*,*,#3069,.F.);
#3829=ORIENTED_EDGE('',*,*,#3070,.T.);
#3830=ORIENTED_EDGE('',*,*,#3071,.F.);
#3831=ORIENTED_EDGE('',*,*,#3072,.T.);
#3832=ORIENTED_EDGE('',*,*,#3073,.F.);
#3833=ORIENTED_EDGE('',*,*,#3072,.F.);
#3834=ORIENTED_EDGE('',*,*,#3074,.T.);
#3835=ORIENTED_EDGE('',*,*,#3070,.F.);
#3836=ORIENTED_EDGE('',*,*,#3074,.F.);
#3837=ORIENTED_EDGE('',*,*,#3067,.T.);
#3838=ORIENTED_EDGE('',*,*,#3075,.T.);
#3839=ORIENTED_EDGE('',*,*,#3073,.T.);
#3840=ORIENTED_EDGE('',*,*,#3075,.F.);
#3841=ORIENTED_EDGE('',*,*,#3076,.T.);
#3842=ORIENTED_EDGE('',*,*,#3077,.F.);
#3843=ORIENTED_EDGE('',*,*,#3076,.F.);
#3844=ORIENTED_EDGE('',*,*,#3078,.T.);
#3845=ORIENTED_EDGE('',*,*,#3079,.F.);
#3846=ORIENTED_EDGE('',*,*,#3078,.F.);
#3847=ORIENTED_EDGE('',*,*,#3071,.T.);
#3848=ORIENTED_EDGE('',*,*,#3080,.T.);
#3849=ORIENTED_EDGE('',*,*,#3077,.T.);
#3850=ORIENTED_EDGE('',*,*,#3080,.F.);
#3851=ORIENTED_EDGE('',*,*,#3079,.T.);
#3852=ORIENTED_EDGE('',*,*,#3063,.T.);
#3853=ORIENTED_EDGE('',*,*,#3068,.T.);
#3854=ORIENTED_EDGE('',*,*,#3065,.T.);
#3855=ORIENTED_EDGE('',*,*,#3081,.F.);
#3856=ORIENTED_EDGE('',*,*,#3082,.T.);
#3857=ORIENTED_EDGE('',*,*,#3083,.F.);
#3858=ORIENTED_EDGE('',*,*,#3082,.F.);
#3859=ORIENTED_EDGE('',*,*,#3084,.T.);
#3860=ORIENTED_EDGE('',*,*,#3085,.F.);
#3861=ORIENTED_EDGE('',*,*,#3086,.F.);
#3862=ORIENTED_EDGE('',*,*,#3087,.T.);
#3863=ORIENTED_EDGE('',*,*,#3084,.F.);
#3864=ORIENTED_EDGE('',*,*,#3087,.F.);
#3865=ORIENTED_EDGE('',*,*,#3088,.T.);
#3866=ORIENTED_EDGE('',*,*,#3089,.F.);
#3867=ORIENTED_EDGE('',*,*,#3090,.T.);
#3868=ORIENTED_EDGE('',*,*,#3091,.F.);
#3869=ORIENTED_EDGE('',*,*,#3090,.F.);
#3870=ORIENTED_EDGE('',*,*,#3092,.T.);
#3871=ORIENTED_EDGE('',*,*,#3088,.F.);
#3872=ORIENTED_EDGE('',*,*,#3092,.F.);
#3873=ORIENTED_EDGE('',*,*,#3085,.T.);
#3874=ORIENTED_EDGE('',*,*,#3093,.T.);
#3875=ORIENTED_EDGE('',*,*,#3091,.T.);
#3876=ORIENTED_EDGE('',*,*,#3093,.F.);
#3877=ORIENTED_EDGE('',*,*,#3094,.T.);
#3878=ORIENTED_EDGE('',*,*,#3095,.F.);
#3879=ORIENTED_EDGE('',*,*,#3094,.F.);
#3880=ORIENTED_EDGE('',*,*,#3096,.T.);
#3881=ORIENTED_EDGE('',*,*,#3097,.F.);
#3882=ORIENTED_EDGE('',*,*,#3096,.F.);
#3883=ORIENTED_EDGE('',*,*,#3089,.T.);
#3884=ORIENTED_EDGE('',*,*,#3098,.T.);
#3885=ORIENTED_EDGE('',*,*,#3095,.T.);
#3886=ORIENTED_EDGE('',*,*,#3098,.F.);
#3887=ORIENTED_EDGE('',*,*,#3097,.T.);
#3888=ORIENTED_EDGE('',*,*,#3081,.T.);
#3889=ORIENTED_EDGE('',*,*,#3086,.T.);
#3890=ORIENTED_EDGE('',*,*,#3083,.T.);
#3891=ORIENTED_EDGE('',*,*,#3099,.F.);
#3892=ORIENTED_EDGE('',*,*,#3100,.T.);
#3893=ORIENTED_EDGE('',*,*,#3101,.F.);
#3894=ORIENTED_EDGE('',*,*,#3100,.F.);
#3895=ORIENTED_EDGE('',*,*,#3102,.T.);
#3896=ORIENTED_EDGE('',*,*,#3103,.F.);
#3897=ORIENTED_EDGE('',*,*,#3104,.F.);
#3898=ORIENTED_EDGE('',*,*,#3105,.T.);
#3899=ORIENTED_EDGE('',*,*,#3102,.F.);
#3900=ORIENTED_EDGE('',*,*,#3105,.F.);
#3901=ORIENTED_EDGE('',*,*,#3106,.T.);
#3902=ORIENTED_EDGE('',*,*,#3107,.F.);
#3903=ORIENTED_EDGE('',*,*,#3108,.T.);
#3904=ORIENTED_EDGE('',*,*,#3109,.F.);
#3905=ORIENTED_EDGE('',*,*,#3108,.F.);
#3906=ORIENTED_EDGE('',*,*,#3110,.T.);
#3907=ORIENTED_EDGE('',*,*,#3106,.F.);
#3908=ORIENTED_EDGE('',*,*,#3110,.F.);
#3909=ORIENTED_EDGE('',*,*,#3103,.T.);
#3910=ORIENTED_EDGE('',*,*,#3111,.T.);
#3911=ORIENTED_EDGE('',*,*,#3109,.T.);
#3912=ORIENTED_EDGE('',*,*,#3111,.F.);
#3913=ORIENTED_EDGE('',*,*,#3112,.T.);
#3914=ORIENTED_EDGE('',*,*,#3113,.F.);
#3915=ORIENTED_EDGE('',*,*,#3112,.F.);
#3916=ORIENTED_EDGE('',*,*,#3114,.T.);
#3917=ORIENTED_EDGE('',*,*,#3115,.F.);
#3918=ORIENTED_EDGE('',*,*,#3114,.F.);
#3919=ORIENTED_EDGE('',*,*,#3107,.T.);
#3920=ORIENTED_EDGE('',*,*,#3116,.T.);
#3921=ORIENTED_EDGE('',*,*,#3113,.T.);
#3922=ORIENTED_EDGE('',*,*,#3116,.F.);
#3923=ORIENTED_EDGE('',*,*,#3115,.T.);
#3924=ORIENTED_EDGE('',*,*,#3099,.T.);
#3925=ORIENTED_EDGE('',*,*,#3104,.T.);
#3926=ORIENTED_EDGE('',*,*,#3101,.T.);
#3927=ORIENTED_EDGE('',*,*,#3117,.F.);
#3928=ORIENTED_EDGE('',*,*,#3118,.T.);
#3929=ORIENTED_EDGE('',*,*,#3119,.F.);
#3930=ORIENTED_EDGE('',*,*,#3118,.F.);
#3931=ORIENTED_EDGE('',*,*,#3120,.T.);
#3932=ORIENTED_EDGE('',*,*,#3121,.F.);
#3933=ORIENTED_EDGE('',*,*,#3122,.F.);
#3934=ORIENTED_EDGE('',*,*,#3123,.T.);
#3935=ORIENTED_EDGE('',*,*,#3120,.F.);
#3936=ORIENTED_EDGE('',*,*,#3123,.F.);
#3937=ORIENTED_EDGE('',*,*,#3124,.T.);
#3938=ORIENTED_EDGE('',*,*,#3125,.F.);
#3939=ORIENTED_EDGE('',*,*,#3126,.T.);
#3940=ORIENTED_EDGE('',*,*,#3127,.F.);
#3941=ORIENTED_EDGE('',*,*,#3126,.F.);
#3942=ORIENTED_EDGE('',*,*,#3128,.T.);
#3943=ORIENTED_EDGE('',*,*,#3124,.F.);
#3944=ORIENTED_EDGE('',*,*,#3128,.F.);
#3945=ORIENTED_EDGE('',*,*,#3121,.T.);
#3946=ORIENTED_EDGE('',*,*,#3129,.T.);
#3947=ORIENTED_EDGE('',*,*,#3127,.T.);
#3948=ORIENTED_EDGE('',*,*,#3129,.F.);
#3949=ORIENTED_EDGE('',*,*,#3130,.T.);
#3950=ORIENTED_EDGE('',*,*,#3131,.F.);
#3951=ORIENTED_EDGE('',*,*,#3130,.F.);
#3952=ORIENTED_EDGE('',*,*,#3132,.T.);
#3953=ORIENTED_EDGE('',*,*,#3133,.F.);
#3954=ORIENTED_EDGE('',*,*,#3132,.F.);
#3955=ORIENTED_EDGE('',*,*,#3125,.T.);
#3956=ORIENTED_EDGE('',*,*,#3134,.T.);
#3957=ORIENTED_EDGE('',*,*,#3131,.T.);
#3958=ORIENTED_EDGE('',*,*,#3134,.F.);
#3959=ORIENTED_EDGE('',*,*,#3133,.T.);
#3960=ORIENTED_EDGE('',*,*,#3117,.T.);
#3961=ORIENTED_EDGE('',*,*,#3122,.T.);
#3962=ORIENTED_EDGE('',*,*,#3119,.T.);
#3963=ORIENTED_EDGE('',*,*,#3135,.F.);
#3964=ORIENTED_EDGE('',*,*,#3136,.T.);
#3965=ORIENTED_EDGE('',*,*,#3137,.F.);
#3966=ORIENTED_EDGE('',*,*,#3136,.F.);
#3967=ORIENTED_EDGE('',*,*,#3138,.T.);
#3968=ORIENTED_EDGE('',*,*,#3139,.F.);
#3969=ORIENTED_EDGE('',*,*,#3140,.F.);
#3970=ORIENTED_EDGE('',*,*,#3141,.T.);
#3971=ORIENTED_EDGE('',*,*,#3138,.F.);
#3972=ORIENTED_EDGE('',*,*,#3141,.F.);
#3973=ORIENTED_EDGE('',*,*,#3142,.T.);
#3974=ORIENTED_EDGE('',*,*,#3143,.F.);
#3975=ORIENTED_EDGE('',*,*,#3144,.T.);
#3976=ORIENTED_EDGE('',*,*,#3145,.F.);
#3977=ORIENTED_EDGE('',*,*,#3144,.F.);
#3978=ORIENTED_EDGE('',*,*,#3146,.T.);
#3979=ORIENTED_EDGE('',*,*,#3142,.F.);
#3980=ORIENTED_EDGE('',*,*,#3146,.F.);
#3981=ORIENTED_EDGE('',*,*,#3139,.T.);
#3982=ORIENTED_EDGE('',*,*,#3147,.T.);
#3983=ORIENTED_EDGE('',*,*,#3145,.T.);
#3984=ORIENTED_EDGE('',*,*,#3147,.F.);
#3985=ORIENTED_EDGE('',*,*,#3148,.T.);
#3986=ORIENTED_EDGE('',*,*,#3149,.F.);
#3987=ORIENTED_EDGE('',*,*,#3148,.F.);
#3988=ORIENTED_EDGE('',*,*,#3150,.T.);
#3989=ORIENTED_EDGE('',*,*,#3151,.F.);
#3990=ORIENTED_EDGE('',*,*,#3150,.F.);
#3991=ORIENTED_EDGE('',*,*,#3143,.T.);
#3992=ORIENTED_EDGE('',*,*,#3152,.T.);
#3993=ORIENTED_EDGE('',*,*,#3149,.T.);
#3994=ORIENTED_EDGE('',*,*,#3152,.F.);
#3995=ORIENTED_EDGE('',*,*,#3151,.T.);
#3996=ORIENTED_EDGE('',*,*,#3135,.T.);
#3997=ORIENTED_EDGE('',*,*,#3140,.T.);
#3998=ORIENTED_EDGE('',*,*,#3137,.T.);
#3999=ORIENTED_EDGE('',*,*,#3153,.F.);
#4000=ORIENTED_EDGE('',*,*,#3154,.T.);
#4001=ORIENTED_EDGE('',*,*,#3155,.F.);
#4002=ORIENTED_EDGE('',*,*,#3154,.F.);
#4003=ORIENTED_EDGE('',*,*,#3156,.T.);
#4004=ORIENTED_EDGE('',*,*,#3157,.F.);
#4005=ORIENTED_EDGE('',*,*,#3158,.F.);
#4006=ORIENTED_EDGE('',*,*,#3159,.T.);
#4007=ORIENTED_EDGE('',*,*,#3156,.F.);
#4008=ORIENTED_EDGE('',*,*,#3159,.F.);
#4009=ORIENTED_EDGE('',*,*,#3160,.T.);
#4010=ORIENTED_EDGE('',*,*,#3161,.F.);
#4011=ORIENTED_EDGE('',*,*,#3162,.T.);
#4012=ORIENTED_EDGE('',*,*,#3163,.F.);
#4013=ORIENTED_EDGE('',*,*,#3162,.F.);
#4014=ORIENTED_EDGE('',*,*,#3164,.T.);
#4015=ORIENTED_EDGE('',*,*,#3160,.F.);
#4016=ORIENTED_EDGE('',*,*,#3164,.F.);
#4017=ORIENTED_EDGE('',*,*,#3157,.T.);
#4018=ORIENTED_EDGE('',*,*,#3165,.T.);
#4019=ORIENTED_EDGE('',*,*,#3163,.T.);
#4020=ORIENTED_EDGE('',*,*,#3165,.F.);
#4021=ORIENTED_EDGE('',*,*,#3166,.T.);
#4022=ORIENTED_EDGE('',*,*,#3167,.F.);
#4023=ORIENTED_EDGE('',*,*,#3166,.F.);
#4024=ORIENTED_EDGE('',*,*,#3168,.T.);
#4025=ORIENTED_EDGE('',*,*,#3169,.F.);
#4026=ORIENTED_EDGE('',*,*,#3168,.F.);
#4027=ORIENTED_EDGE('',*,*,#3161,.T.);
#4028=ORIENTED_EDGE('',*,*,#3170,.T.);
#4029=ORIENTED_EDGE('',*,*,#3167,.T.);
#4030=ORIENTED_EDGE('',*,*,#3170,.F.);
#4031=ORIENTED_EDGE('',*,*,#3169,.T.);
#4032=ORIENTED_EDGE('',*,*,#3153,.T.);
#4033=ORIENTED_EDGE('',*,*,#3158,.T.);
#4034=ORIENTED_EDGE('',*,*,#3155,.T.);
#4035=ORIENTED_EDGE('',*,*,#3171,.F.);
#4036=ORIENTED_EDGE('',*,*,#3172,.T.);
#4037=ORIENTED_EDGE('',*,*,#3173,.F.);
#4038=ORIENTED_EDGE('',*,*,#3172,.F.);
#4039=ORIENTED_EDGE('',*,*,#3174,.T.);
#4040=ORIENTED_EDGE('',*,*,#3175,.F.);
#4041=ORIENTED_EDGE('',*,*,#3176,.F.);
#4042=ORIENTED_EDGE('',*,*,#3177,.T.);
#4043=ORIENTED_EDGE('',*,*,#3174,.F.);
#4044=ORIENTED_EDGE('',*,*,#3177,.F.);
#4045=ORIENTED_EDGE('',*,*,#3178,.T.);
#4046=ORIENTED_EDGE('',*,*,#3179,.F.);
#4047=ORIENTED_EDGE('',*,*,#3180,.T.);
#4048=ORIENTED_EDGE('',*,*,#3181,.F.);
#4049=ORIENTED_EDGE('',*,*,#3180,.F.);
#4050=ORIENTED_EDGE('',*,*,#3182,.T.);
#4051=ORIENTED_EDGE('',*,*,#3178,.F.);
#4052=ORIENTED_EDGE('',*,*,#3182,.F.);
#4053=ORIENTED_EDGE('',*,*,#3175,.T.);
#4054=ORIENTED_EDGE('',*,*,#3183,.T.);
#4055=ORIENTED_EDGE('',*,*,#3181,.T.);
#4056=ORIENTED_EDGE('',*,*,#3183,.F.);
#4057=ORIENTED_EDGE('',*,*,#3184,.T.);
#4058=ORIENTED_EDGE('',*,*,#3185,.F.);
#4059=ORIENTED_EDGE('',*,*,#3184,.F.);
#4060=ORIENTED_EDGE('',*,*,#3186,.T.);
#4061=ORIENTED_EDGE('',*,*,#3187,.F.);
#4062=ORIENTED_EDGE('',*,*,#3186,.F.);
#4063=ORIENTED_EDGE('',*,*,#3179,.T.);
#4064=ORIENTED_EDGE('',*,*,#3188,.T.);
#4065=ORIENTED_EDGE('',*,*,#3185,.T.);
#4066=ORIENTED_EDGE('',*,*,#3188,.F.);
#4067=ORIENTED_EDGE('',*,*,#3187,.T.);
#4068=ORIENTED_EDGE('',*,*,#3171,.T.);
#4069=ORIENTED_EDGE('',*,*,#3176,.T.);
#4070=ORIENTED_EDGE('',*,*,#3173,.T.);
#4071=ORIENTED_EDGE('',*,*,#3189,.F.);
#4072=ORIENTED_EDGE('',*,*,#3190,.T.);
#4073=ORIENTED_EDGE('',*,*,#3191,.F.);
#4074=ORIENTED_EDGE('',*,*,#3190,.F.);
#4075=ORIENTED_EDGE('',*,*,#3192,.T.);
#4076=ORIENTED_EDGE('',*,*,#3193,.F.);
#4077=ORIENTED_EDGE('',*,*,#3194,.F.);
#4078=ORIENTED_EDGE('',*,*,#3195,.T.);
#4079=ORIENTED_EDGE('',*,*,#3192,.F.);
#4080=ORIENTED_EDGE('',*,*,#3195,.F.);
#4081=ORIENTED_EDGE('',*,*,#3196,.T.);
#4082=ORIENTED_EDGE('',*,*,#3197,.F.);
#4083=ORIENTED_EDGE('',*,*,#3198,.T.);
#4084=ORIENTED_EDGE('',*,*,#3199,.F.);
#4085=ORIENTED_EDGE('',*,*,#3198,.F.);
#4086=ORIENTED_EDGE('',*,*,#3200,.T.);
#4087=ORIENTED_EDGE('',*,*,#3196,.F.);
#4088=ORIENTED_EDGE('',*,*,#3200,.F.);
#4089=ORIENTED_EDGE('',*,*,#3193,.T.);
#4090=ORIENTED_EDGE('',*,*,#3201,.T.);
#4091=ORIENTED_EDGE('',*,*,#3199,.T.);
#4092=ORIENTED_EDGE('',*,*,#3201,.F.);
#4093=ORIENTED_EDGE('',*,*,#3202,.T.);
#4094=ORIENTED_EDGE('',*,*,#3203,.F.);
#4095=ORIENTED_EDGE('',*,*,#3202,.F.);
#4096=ORIENTED_EDGE('',*,*,#3204,.T.);
#4097=ORIENTED_EDGE('',*,*,#3205,.F.);
#4098=ORIENTED_EDGE('',*,*,#3204,.F.);
#4099=ORIENTED_EDGE('',*,*,#3197,.T.);
#4100=ORIENTED_EDGE('',*,*,#3206,.T.);
#4101=ORIENTED_EDGE('',*,*,#3203,.T.);
#4102=ORIENTED_EDGE('',*,*,#3206,.F.);
#4103=ORIENTED_EDGE('',*,*,#3205,.T.);
#4104=ORIENTED_EDGE('',*,*,#3189,.T.);
#4105=ORIENTED_EDGE('',*,*,#3194,.T.);
#4106=ORIENTED_EDGE('',*,*,#3191,.T.);
#4107=ORIENTED_EDGE('',*,*,#3207,.F.);
#4108=ORIENTED_EDGE('',*,*,#3208,.T.);
#4109=ORIENTED_EDGE('',*,*,#3209,.F.);
#4110=ORIENTED_EDGE('',*,*,#3208,.F.);
#4111=ORIENTED_EDGE('',*,*,#3210,.T.);
#4112=ORIENTED_EDGE('',*,*,#3211,.F.);
#4113=ORIENTED_EDGE('',*,*,#3212,.F.);
#4114=ORIENTED_EDGE('',*,*,#3213,.T.);
#4115=ORIENTED_EDGE('',*,*,#3210,.F.);
#4116=ORIENTED_EDGE('',*,*,#3213,.F.);
#4117=ORIENTED_EDGE('',*,*,#3214,.T.);
#4118=ORIENTED_EDGE('',*,*,#3215,.F.);
#4119=ORIENTED_EDGE('',*,*,#3216,.T.);
#4120=ORIENTED_EDGE('',*,*,#3217,.F.);
#4121=ORIENTED_EDGE('',*,*,#3216,.F.);
#4122=ORIENTED_EDGE('',*,*,#3218,.T.);
#4123=ORIENTED_EDGE('',*,*,#3214,.F.);
#4124=ORIENTED_EDGE('',*,*,#3218,.F.);
#4125=ORIENTED_EDGE('',*,*,#3211,.T.);
#4126=ORIENTED_EDGE('',*,*,#3219,.T.);
#4127=ORIENTED_EDGE('',*,*,#3217,.T.);
#4128=ORIENTED_EDGE('',*,*,#3219,.F.);
#4129=ORIENTED_EDGE('',*,*,#3220,.T.);
#4130=ORIENTED_EDGE('',*,*,#3221,.F.);
#4131=ORIENTED_EDGE('',*,*,#3220,.F.);
#4132=ORIENTED_EDGE('',*,*,#3222,.T.);
#4133=ORIENTED_EDGE('',*,*,#3223,.F.);
#4134=ORIENTED_EDGE('',*,*,#3222,.F.);
#4135=ORIENTED_EDGE('',*,*,#3215,.T.);
#4136=ORIENTED_EDGE('',*,*,#3224,.T.);
#4137=ORIENTED_EDGE('',*,*,#3221,.T.);
#4138=ORIENTED_EDGE('',*,*,#3224,.F.);
#4139=ORIENTED_EDGE('',*,*,#3223,.T.);
#4140=ORIENTED_EDGE('',*,*,#3207,.T.);
#4141=ORIENTED_EDGE('',*,*,#3212,.T.);
#4142=ORIENTED_EDGE('',*,*,#3209,.T.);
#4143=ORIENTED_EDGE('',*,*,#3225,.F.);
#4144=ORIENTED_EDGE('',*,*,#3226,.T.);
#4145=ORIENTED_EDGE('',*,*,#3227,.F.);
#4146=ORIENTED_EDGE('',*,*,#3226,.F.);
#4147=ORIENTED_EDGE('',*,*,#3228,.T.);
#4148=ORIENTED_EDGE('',*,*,#3229,.F.);
#4149=ORIENTED_EDGE('',*,*,#3230,.F.);
#4150=ORIENTED_EDGE('',*,*,#3231,.T.);
#4151=ORIENTED_EDGE('',*,*,#3228,.F.);
#4152=ORIENTED_EDGE('',*,*,#3231,.F.);
#4153=ORIENTED_EDGE('',*,*,#3232,.T.);
#4154=ORIENTED_EDGE('',*,*,#3233,.F.);
#4155=ORIENTED_EDGE('',*,*,#3234,.T.);
#4156=ORIENTED_EDGE('',*,*,#3235,.F.);
#4157=ORIENTED_EDGE('',*,*,#3234,.F.);
#4158=ORIENTED_EDGE('',*,*,#3236,.T.);
#4159=ORIENTED_EDGE('',*,*,#3232,.F.);
#4160=ORIENTED_EDGE('',*,*,#3236,.F.);
#4161=ORIENTED_EDGE('',*,*,#3229,.T.);
#4162=ORIENTED_EDGE('',*,*,#3237,.T.);
#4163=ORIENTED_EDGE('',*,*,#3235,.T.);
#4164=ORIENTED_EDGE('',*,*,#3237,.F.);
#4165=ORIENTED_EDGE('',*,*,#3238,.T.);
#4166=ORIENTED_EDGE('',*,*,#3239,.F.);
#4167=ORIENTED_EDGE('',*,*,#3238,.F.);
#4168=ORIENTED_EDGE('',*,*,#3240,.T.);
#4169=ORIENTED_EDGE('',*,*,#3241,.F.);
#4170=ORIENTED_EDGE('',*,*,#3240,.F.);
#4171=ORIENTED_EDGE('',*,*,#3233,.T.);
#4172=ORIENTED_EDGE('',*,*,#3242,.T.);
#4173=ORIENTED_EDGE('',*,*,#3239,.T.);
#4174=ORIENTED_EDGE('',*,*,#3242,.F.);
#4175=ORIENTED_EDGE('',*,*,#3241,.T.);
#4176=ORIENTED_EDGE('',*,*,#3225,.T.);
#4177=ORIENTED_EDGE('',*,*,#3230,.T.);
#4178=ORIENTED_EDGE('',*,*,#3227,.T.);
#4179=ORIENTED_EDGE('',*,*,#3243,.F.);
#4180=ORIENTED_EDGE('',*,*,#3244,.T.);
#4181=ORIENTED_EDGE('',*,*,#3245,.F.);
#4182=ORIENTED_EDGE('',*,*,#3244,.F.);
#4183=ORIENTED_EDGE('',*,*,#3246,.T.);
#4184=ORIENTED_EDGE('',*,*,#3247,.F.);
#4185=ORIENTED_EDGE('',*,*,#3248,.F.);
#4186=ORIENTED_EDGE('',*,*,#3249,.T.);
#4187=ORIENTED_EDGE('',*,*,#3246,.F.);
#4188=ORIENTED_EDGE('',*,*,#3249,.F.);
#4189=ORIENTED_EDGE('',*,*,#3250,.T.);
#4190=ORIENTED_EDGE('',*,*,#3251,.F.);
#4191=ORIENTED_EDGE('',*,*,#3252,.T.);
#4192=ORIENTED_EDGE('',*,*,#3253,.F.);
#4193=ORIENTED_EDGE('',*,*,#3252,.F.);
#4194=ORIENTED_EDGE('',*,*,#3254,.T.);
#4195=ORIENTED_EDGE('',*,*,#3250,.F.);
#4196=ORIENTED_EDGE('',*,*,#3254,.F.);
#4197=ORIENTED_EDGE('',*,*,#3247,.T.);
#4198=ORIENTED_EDGE('',*,*,#3255,.T.);
#4199=ORIENTED_EDGE('',*,*,#3253,.T.);
#4200=ORIENTED_EDGE('',*,*,#3255,.F.);
#4201=ORIENTED_EDGE('',*,*,#3256,.T.);
#4202=ORIENTED_EDGE('',*,*,#3257,.F.);
#4203=ORIENTED_EDGE('',*,*,#3256,.F.);
#4204=ORIENTED_EDGE('',*,*,#3258,.T.);
#4205=ORIENTED_EDGE('',*,*,#3259,.F.);
#4206=ORIENTED_EDGE('',*,*,#3258,.F.);
#4207=ORIENTED_EDGE('',*,*,#3251,.T.);
#4208=ORIENTED_EDGE('',*,*,#3260,.T.);
#4209=ORIENTED_EDGE('',*,*,#3257,.T.);
#4210=ORIENTED_EDGE('',*,*,#3260,.F.);
#4211=ORIENTED_EDGE('',*,*,#3259,.T.);
#4212=ORIENTED_EDGE('',*,*,#3243,.T.);
#4213=ORIENTED_EDGE('',*,*,#3248,.T.);
#4214=ORIENTED_EDGE('',*,*,#3245,.T.);
#4215=ORIENTED_EDGE('',*,*,#3261,.F.);
#4216=ORIENTED_EDGE('',*,*,#3262,.T.);
#4217=ORIENTED_EDGE('',*,*,#3263,.F.);
#4218=ORIENTED_EDGE('',*,*,#3262,.F.);
#4219=ORIENTED_EDGE('',*,*,#3264,.T.);
#4220=ORIENTED_EDGE('',*,*,#3265,.F.);
#4221=ORIENTED_EDGE('',*,*,#3266,.F.);
#4222=ORIENTED_EDGE('',*,*,#3267,.T.);
#4223=ORIENTED_EDGE('',*,*,#3264,.F.);
#4224=ORIENTED_EDGE('',*,*,#3267,.F.);
#4225=ORIENTED_EDGE('',*,*,#3268,.T.);
#4226=ORIENTED_EDGE('',*,*,#3269,.F.);
#4227=ORIENTED_EDGE('',*,*,#3270,.T.);
#4228=ORIENTED_EDGE('',*,*,#3271,.F.);
#4229=ORIENTED_EDGE('',*,*,#3270,.F.);
#4230=ORIENTED_EDGE('',*,*,#3272,.T.);
#4231=ORIENTED_EDGE('',*,*,#3268,.F.);
#4232=ORIENTED_EDGE('',*,*,#3272,.F.);
#4233=ORIENTED_EDGE('',*,*,#3265,.T.);
#4234=ORIENTED_EDGE('',*,*,#3273,.T.);
#4235=ORIENTED_EDGE('',*,*,#3271,.T.);
#4236=ORIENTED_EDGE('',*,*,#3273,.F.);
#4237=ORIENTED_EDGE('',*,*,#3274,.T.);
#4238=ORIENTED_EDGE('',*,*,#3275,.F.);
#4239=ORIENTED_EDGE('',*,*,#3274,.F.);
#4240=ORIENTED_EDGE('',*,*,#3276,.T.);
#4241=ORIENTED_EDGE('',*,*,#3277,.F.);
#4242=ORIENTED_EDGE('',*,*,#3276,.F.);
#4243=ORIENTED_EDGE('',*,*,#3269,.T.);
#4244=ORIENTED_EDGE('',*,*,#3278,.T.);
#4245=ORIENTED_EDGE('',*,*,#3275,.T.);
#4246=ORIENTED_EDGE('',*,*,#3278,.F.);
#4247=ORIENTED_EDGE('',*,*,#3277,.T.);
#4248=ORIENTED_EDGE('',*,*,#3261,.T.);
#4249=ORIENTED_EDGE('',*,*,#3266,.T.);
#4250=ORIENTED_EDGE('',*,*,#3263,.T.);
#4251=ORIENTED_EDGE('',*,*,#3279,.F.);
#4252=ORIENTED_EDGE('',*,*,#3280,.T.);
#4253=ORIENTED_EDGE('',*,*,#3281,.F.);
#4254=ORIENTED_EDGE('',*,*,#3280,.F.);
#4255=ORIENTED_EDGE('',*,*,#3282,.T.);
#4256=ORIENTED_EDGE('',*,*,#3283,.F.);
#4257=ORIENTED_EDGE('',*,*,#3284,.F.);
#4258=ORIENTED_EDGE('',*,*,#3285,.T.);
#4259=ORIENTED_EDGE('',*,*,#3282,.F.);
#4260=ORIENTED_EDGE('',*,*,#3285,.F.);
#4261=ORIENTED_EDGE('',*,*,#3286,.T.);
#4262=ORIENTED_EDGE('',*,*,#3287,.F.);
#4263=ORIENTED_EDGE('',*,*,#3288,.T.);
#4264=ORIENTED_EDGE('',*,*,#3289,.F.);
#4265=ORIENTED_EDGE('',*,*,#3288,.F.);
#4266=ORIENTED_EDGE('',*,*,#3290,.T.);
#4267=ORIENTED_EDGE('',*,*,#3286,.F.);
#4268=ORIENTED_EDGE('',*,*,#3290,.F.);
#4269=ORIENTED_EDGE('',*,*,#3283,.T.);
#4270=ORIENTED_EDGE('',*,*,#3291,.T.);
#4271=ORIENTED_EDGE('',*,*,#3289,.T.);
#4272=ORIENTED_EDGE('',*,*,#3291,.F.);
#4273=ORIENTED_EDGE('',*,*,#3292,.T.);
#4274=ORIENTED_EDGE('',*,*,#3293,.F.);
#4275=ORIENTED_EDGE('',*,*,#3292,.F.);
#4276=ORIENTED_EDGE('',*,*,#3294,.T.);
#4277=ORIENTED_EDGE('',*,*,#3295,.F.);
#4278=ORIENTED_EDGE('',*,*,#3294,.F.);
#4279=ORIENTED_EDGE('',*,*,#3287,.T.);
#4280=ORIENTED_EDGE('',*,*,#3296,.T.);
#4281=ORIENTED_EDGE('',*,*,#3293,.T.);
#4282=ORIENTED_EDGE('',*,*,#3296,.F.);
#4283=ORIENTED_EDGE('',*,*,#3295,.T.);
#4284=ORIENTED_EDGE('',*,*,#3279,.T.);
#4285=ORIENTED_EDGE('',*,*,#3284,.T.);
#4286=ORIENTED_EDGE('',*,*,#3281,.T.);
#4287=ORIENTED_EDGE('',*,*,#3297,.F.);
#4288=ORIENTED_EDGE('',*,*,#3298,.T.);
#4289=ORIENTED_EDGE('',*,*,#3299,.F.);
#4290=ORIENTED_EDGE('',*,*,#3298,.F.);
#4291=ORIENTED_EDGE('',*,*,#3300,.T.);
#4292=ORIENTED_EDGE('',*,*,#3301,.F.);
#4293=ORIENTED_EDGE('',*,*,#3302,.F.);
#4294=ORIENTED_EDGE('',*,*,#3303,.T.);
#4295=ORIENTED_EDGE('',*,*,#3300,.F.);
#4296=ORIENTED_EDGE('',*,*,#3303,.F.);
#4297=ORIENTED_EDGE('',*,*,#3304,.T.);
#4298=ORIENTED_EDGE('',*,*,#3305,.F.);
#4299=ORIENTED_EDGE('',*,*,#3306,.T.);
#4300=ORIENTED_EDGE('',*,*,#3307,.F.);
#4301=ORIENTED_EDGE('',*,*,#3306,.F.);
#4302=ORIENTED_EDGE('',*,*,#3308,.T.);
#4303=ORIENTED_EDGE('',*,*,#3304,.F.);
#4304=ORIENTED_EDGE('',*,*,#3308,.F.);
#4305=ORIENTED_EDGE('',*,*,#3301,.T.);
#4306=ORIENTED_EDGE('',*,*,#3309,.T.);
#4307=ORIENTED_EDGE('',*,*,#3307,.T.);
#4308=ORIENTED_EDGE('',*,*,#3309,.F.);
#4309=ORIENTED_EDGE('',*,*,#3310,.T.);
#4310=ORIENTED_EDGE('',*,*,#3311,.F.);
#4311=ORIENTED_EDGE('',*,*,#3310,.F.);
#4312=ORIENTED_EDGE('',*,*,#3312,.T.);
#4313=ORIENTED_EDGE('',*,*,#3313,.F.);
#4314=ORIENTED_EDGE('',*,*,#3312,.F.);
#4315=ORIENTED_EDGE('',*,*,#3305,.T.);
#4316=ORIENTED_EDGE('',*,*,#3314,.T.);
#4317=ORIENTED_EDGE('',*,*,#3311,.T.);
#4318=ORIENTED_EDGE('',*,*,#3314,.F.);
#4319=ORIENTED_EDGE('',*,*,#3313,.T.);
#4320=ORIENTED_EDGE('',*,*,#3297,.T.);
#4321=ORIENTED_EDGE('',*,*,#3302,.T.);
#4322=ORIENTED_EDGE('',*,*,#3299,.T.);
#4323=ORIENTED_EDGE('',*,*,#3315,.F.);
#4324=ORIENTED_EDGE('',*,*,#3316,.T.);
#4325=ORIENTED_EDGE('',*,*,#3317,.F.);
#4326=ORIENTED_EDGE('',*,*,#3316,.F.);
#4327=ORIENTED_EDGE('',*,*,#3318,.T.);
#4328=ORIENTED_EDGE('',*,*,#3319,.F.);
#4329=ORIENTED_EDGE('',*,*,#3320,.F.);
#4330=ORIENTED_EDGE('',*,*,#3321,.T.);
#4331=ORIENTED_EDGE('',*,*,#3318,.F.);
#4332=ORIENTED_EDGE('',*,*,#3321,.F.);
#4333=ORIENTED_EDGE('',*,*,#3322,.T.);
#4334=ORIENTED_EDGE('',*,*,#3323,.F.);
#4335=ORIENTED_EDGE('',*,*,#3324,.T.);
#4336=ORIENTED_EDGE('',*,*,#3325,.F.);
#4337=ORIENTED_EDGE('',*,*,#3324,.F.);
#4338=ORIENTED_EDGE('',*,*,#3326,.T.);
#4339=ORIENTED_EDGE('',*,*,#3322,.F.);
#4340=ORIENTED_EDGE('',*,*,#3326,.F.);
#4341=ORIENTED_EDGE('',*,*,#3319,.T.);
#4342=ORIENTED_EDGE('',*,*,#3327,.T.);
#4343=ORIENTED_EDGE('',*,*,#3325,.T.);
#4344=ORIENTED_EDGE('',*,*,#3327,.F.);
#4345=ORIENTED_EDGE('',*,*,#3328,.T.);
#4346=ORIENTED_EDGE('',*,*,#3329,.F.);
#4347=ORIENTED_EDGE('',*,*,#3328,.F.);
#4348=ORIENTED_EDGE('',*,*,#3330,.T.);
#4349=ORIENTED_EDGE('',*,*,#3331,.F.);
#4350=ORIENTED_EDGE('',*,*,#3330,.F.);
#4351=ORIENTED_EDGE('',*,*,#3323,.T.);
#4352=ORIENTED_EDGE('',*,*,#3332,.T.);
#4353=ORIENTED_EDGE('',*,*,#3329,.T.);
#4354=ORIENTED_EDGE('',*,*,#3332,.F.);
#4355=ORIENTED_EDGE('',*,*,#3331,.T.);
#4356=ORIENTED_EDGE('',*,*,#3315,.T.);
#4357=ORIENTED_EDGE('',*,*,#3320,.T.);
#4358=ORIENTED_EDGE('',*,*,#3317,.T.);
#4359=ORIENTED_EDGE('',*,*,#3333,.F.);
#4360=ORIENTED_EDGE('',*,*,#3334,.T.);
#4361=ORIENTED_EDGE('',*,*,#3335,.F.);
#4362=ORIENTED_EDGE('',*,*,#3334,.F.);
#4363=ORIENTED_EDGE('',*,*,#3336,.T.);
#4364=ORIENTED_EDGE('',*,*,#3337,.F.);
#4365=ORIENTED_EDGE('',*,*,#3338,.F.);
#4366=ORIENTED_EDGE('',*,*,#3339,.T.);
#4367=ORIENTED_EDGE('',*,*,#3336,.F.);
#4368=ORIENTED_EDGE('',*,*,#3339,.F.);
#4369=ORIENTED_EDGE('',*,*,#3340,.T.);
#4370=ORIENTED_EDGE('',*,*,#3341,.F.);
#4371=ORIENTED_EDGE('',*,*,#3342,.T.);
#4372=ORIENTED_EDGE('',*,*,#3343,.F.);
#4373=ORIENTED_EDGE('',*,*,#3342,.F.);
#4374=ORIENTED_EDGE('',*,*,#3344,.T.);
#4375=ORIENTED_EDGE('',*,*,#3340,.F.);
#4376=ORIENTED_EDGE('',*,*,#3344,.F.);
#4377=ORIENTED_EDGE('',*,*,#3337,.T.);
#4378=ORIENTED_EDGE('',*,*,#3345,.T.);
#4379=ORIENTED_EDGE('',*,*,#3343,.T.);
#4380=ORIENTED_EDGE('',*,*,#3345,.F.);
#4381=ORIENTED_EDGE('',*,*,#3346,.T.);
#4382=ORIENTED_EDGE('',*,*,#3347,.F.);
#4383=ORIENTED_EDGE('',*,*,#3346,.F.);
#4384=ORIENTED_EDGE('',*,*,#3348,.T.);
#4385=ORIENTED_EDGE('',*,*,#3349,.F.);
#4386=ORIENTED_EDGE('',*,*,#3348,.F.);
#4387=ORIENTED_EDGE('',*,*,#3341,.T.);
#4388=ORIENTED_EDGE('',*,*,#3350,.T.);
#4389=ORIENTED_EDGE('',*,*,#3347,.T.);
#4390=ORIENTED_EDGE('',*,*,#3350,.F.);
#4391=ORIENTED_EDGE('',*,*,#3349,.T.);
#4392=ORIENTED_EDGE('',*,*,#3333,.T.);
#4393=ORIENTED_EDGE('',*,*,#3338,.T.);
#4394=ORIENTED_EDGE('',*,*,#3335,.T.);
#4395=ORIENTED_EDGE('',*,*,#3351,.F.);
#4396=ORIENTED_EDGE('',*,*,#3352,.T.);
#4397=ORIENTED_EDGE('',*,*,#3353,.F.);
#4398=ORIENTED_EDGE('',*,*,#3352,.F.);
#4399=ORIENTED_EDGE('',*,*,#3354,.T.);
#4400=ORIENTED_EDGE('',*,*,#3355,.F.);
#4401=ORIENTED_EDGE('',*,*,#3356,.F.);
#4402=ORIENTED_EDGE('',*,*,#3357,.T.);
#4403=ORIENTED_EDGE('',*,*,#3354,.F.);
#4404=ORIENTED_EDGE('',*,*,#3357,.F.);
#4405=ORIENTED_EDGE('',*,*,#3358,.T.);
#4406=ORIENTED_EDGE('',*,*,#3359,.F.);
#4407=ORIENTED_EDGE('',*,*,#3360,.T.);
#4408=ORIENTED_EDGE('',*,*,#3361,.F.);
#4409=ORIENTED_EDGE('',*,*,#3360,.F.);
#4410=ORIENTED_EDGE('',*,*,#3362,.T.);
#4411=ORIENTED_EDGE('',*,*,#3358,.F.);
#4412=ORIENTED_EDGE('',*,*,#3362,.F.);
#4413=ORIENTED_EDGE('',*,*,#3355,.T.);
#4414=ORIENTED_EDGE('',*,*,#3363,.T.);
#4415=ORIENTED_EDGE('',*,*,#3361,.T.);
#4416=ORIENTED_EDGE('',*,*,#3363,.F.);
#4417=ORIENTED_EDGE('',*,*,#3364,.T.);
#4418=ORIENTED_EDGE('',*,*,#3365,.F.);
#4419=ORIENTED_EDGE('',*,*,#3364,.F.);
#4420=ORIENTED_EDGE('',*,*,#3366,.T.);
#4421=ORIENTED_EDGE('',*,*,#3367,.F.);
#4422=ORIENTED_EDGE('',*,*,#3366,.F.);
#4423=ORIENTED_EDGE('',*,*,#3359,.T.);
#4424=ORIENTED_EDGE('',*,*,#3368,.T.);
#4425=ORIENTED_EDGE('',*,*,#3365,.T.);
#4426=ORIENTED_EDGE('',*,*,#3368,.F.);
#4427=ORIENTED_EDGE('',*,*,#3367,.T.);
#4428=ORIENTED_EDGE('',*,*,#3351,.T.);
#4429=ORIENTED_EDGE('',*,*,#3356,.T.);
#4430=ORIENTED_EDGE('',*,*,#3353,.T.);
#4431=ORIENTED_EDGE('',*,*,#3369,.F.);
#4432=ORIENTED_EDGE('',*,*,#3370,.T.);
#4433=ORIENTED_EDGE('',*,*,#3371,.F.);
#4434=ORIENTED_EDGE('',*,*,#3370,.F.);
#4435=ORIENTED_EDGE('',*,*,#3372,.T.);
#4436=ORIENTED_EDGE('',*,*,#3373,.F.);
#4437=ORIENTED_EDGE('',*,*,#3374,.F.);
#4438=ORIENTED_EDGE('',*,*,#3375,.T.);
#4439=ORIENTED_EDGE('',*,*,#3372,.F.);
#4440=ORIENTED_EDGE('',*,*,#3375,.F.);
#4441=ORIENTED_EDGE('',*,*,#3376,.T.);
#4442=ORIENTED_EDGE('',*,*,#3377,.F.);
#4443=ORIENTED_EDGE('',*,*,#3378,.T.);
#4444=ORIENTED_EDGE('',*,*,#3379,.F.);
#4445=ORIENTED_EDGE('',*,*,#3378,.F.);
#4446=ORIENTED_EDGE('',*,*,#3380,.T.);
#4447=ORIENTED_EDGE('',*,*,#3376,.F.);
#4448=ORIENTED_EDGE('',*,*,#3380,.F.);
#4449=ORIENTED_EDGE('',*,*,#3373,.T.);
#4450=ORIENTED_EDGE('',*,*,#3381,.T.);
#4451=ORIENTED_EDGE('',*,*,#3379,.T.);
#4452=ORIENTED_EDGE('',*,*,#3381,.F.);
#4453=ORIENTED_EDGE('',*,*,#3382,.T.);
#4454=ORIENTED_EDGE('',*,*,#3383,.F.);
#4455=ORIENTED_EDGE('',*,*,#3382,.F.);
#4456=ORIENTED_EDGE('',*,*,#3384,.T.);
#4457=ORIENTED_EDGE('',*,*,#3385,.F.);
#4458=ORIENTED_EDGE('',*,*,#3384,.F.);
#4459=ORIENTED_EDGE('',*,*,#3377,.T.);
#4460=ORIENTED_EDGE('',*,*,#3386,.T.);
#4461=ORIENTED_EDGE('',*,*,#3383,.T.);
#4462=ORIENTED_EDGE('',*,*,#3386,.F.);
#4463=ORIENTED_EDGE('',*,*,#3385,.T.);
#4464=ORIENTED_EDGE('',*,*,#3369,.T.);
#4465=ORIENTED_EDGE('',*,*,#3374,.T.);
#4466=ORIENTED_EDGE('',*,*,#3371,.T.);
#4467=ORIENTED_EDGE('',*,*,#3387,.F.);
#4468=ORIENTED_EDGE('',*,*,#3388,.T.);
#4469=ORIENTED_EDGE('',*,*,#3389,.F.);
#4470=ORIENTED_EDGE('',*,*,#3388,.F.);
#4471=ORIENTED_EDGE('',*,*,#3390,.T.);
#4472=ORIENTED_EDGE('',*,*,#3391,.F.);
#4473=ORIENTED_EDGE('',*,*,#3392,.F.);
#4474=ORIENTED_EDGE('',*,*,#3393,.T.);
#4475=ORIENTED_EDGE('',*,*,#3390,.F.);
#4476=ORIENTED_EDGE('',*,*,#3393,.F.);
#4477=ORIENTED_EDGE('',*,*,#3394,.T.);
#4478=ORIENTED_EDGE('',*,*,#3395,.F.);
#4479=ORIENTED_EDGE('',*,*,#3396,.T.);
#4480=ORIENTED_EDGE('',*,*,#3397,.F.);
#4481=ORIENTED_EDGE('',*,*,#3396,.F.);
#4482=ORIENTED_EDGE('',*,*,#3398,.T.);
#4483=ORIENTED_EDGE('',*,*,#3394,.F.);
#4484=ORIENTED_EDGE('',*,*,#3398,.F.);
#4485=ORIENTED_EDGE('',*,*,#3391,.T.);
#4486=ORIENTED_EDGE('',*,*,#3399,.T.);
#4487=ORIENTED_EDGE('',*,*,#3397,.T.);
#4488=ORIENTED_EDGE('',*,*,#3399,.F.);
#4489=ORIENTED_EDGE('',*,*,#3400,.T.);
#4490=ORIENTED_EDGE('',*,*,#3401,.F.);
#4491=ORIENTED_EDGE('',*,*,#3400,.F.);
#4492=ORIENTED_EDGE('',*,*,#3402,.T.);
#4493=ORIENTED_EDGE('',*,*,#3403,.F.);
#4494=ORIENTED_EDGE('',*,*,#3402,.F.);
#4495=ORIENTED_EDGE('',*,*,#3395,.T.);
#4496=ORIENTED_EDGE('',*,*,#3404,.T.);
#4497=ORIENTED_EDGE('',*,*,#3401,.T.);
#4498=ORIENTED_EDGE('',*,*,#3404,.F.);
#4499=ORIENTED_EDGE('',*,*,#3403,.T.);
#4500=ORIENTED_EDGE('',*,*,#3387,.T.);
#4501=ORIENTED_EDGE('',*,*,#3392,.T.);
#4502=ORIENTED_EDGE('',*,*,#3389,.T.);
#4503=ORIENTED_EDGE('',*,*,#3405,.F.);
#4504=ORIENTED_EDGE('',*,*,#3406,.T.);
#4505=ORIENTED_EDGE('',*,*,#3407,.F.);
#4506=ORIENTED_EDGE('',*,*,#3406,.F.);
#4507=ORIENTED_EDGE('',*,*,#3408,.T.);
#4508=ORIENTED_EDGE('',*,*,#3409,.F.);
#4509=ORIENTED_EDGE('',*,*,#3410,.F.);
#4510=ORIENTED_EDGE('',*,*,#3411,.T.);
#4511=ORIENTED_EDGE('',*,*,#3408,.F.);
#4512=ORIENTED_EDGE('',*,*,#3411,.F.);
#4513=ORIENTED_EDGE('',*,*,#3412,.T.);
#4514=ORIENTED_EDGE('',*,*,#3413,.F.);
#4515=ORIENTED_EDGE('',*,*,#3414,.T.);
#4516=ORIENTED_EDGE('',*,*,#3415,.F.);
#4517=ORIENTED_EDGE('',*,*,#3414,.F.);
#4518=ORIENTED_EDGE('',*,*,#3416,.T.);
#4519=ORIENTED_EDGE('',*,*,#3412,.F.);
#4520=ORIENTED_EDGE('',*,*,#3416,.F.);
#4521=ORIENTED_EDGE('',*,*,#3409,.T.);
#4522=ORIENTED_EDGE('',*,*,#3417,.T.);
#4523=ORIENTED_EDGE('',*,*,#3415,.T.);
#4524=ORIENTED_EDGE('',*,*,#3417,.F.);
#4525=ORIENTED_EDGE('',*,*,#3418,.T.);
#4526=ORIENTED_EDGE('',*,*,#3419,.F.);
#4527=ORIENTED_EDGE('',*,*,#3418,.F.);
#4528=ORIENTED_EDGE('',*,*,#3420,.T.);
#4529=ORIENTED_EDGE('',*,*,#3421,.F.);
#4530=ORIENTED_EDGE('',*,*,#3420,.F.);
#4531=ORIENTED_EDGE('',*,*,#3413,.T.);
#4532=ORIENTED_EDGE('',*,*,#3422,.T.);
#4533=ORIENTED_EDGE('',*,*,#3419,.T.);
#4534=ORIENTED_EDGE('',*,*,#3422,.F.);
#4535=ORIENTED_EDGE('',*,*,#3421,.T.);
#4536=ORIENTED_EDGE('',*,*,#3405,.T.);
#4537=ORIENTED_EDGE('',*,*,#3410,.T.);
#4538=ORIENTED_EDGE('',*,*,#3407,.T.);
#4539=ORIENTED_EDGE('',*,*,#3423,.F.);
#4540=ORIENTED_EDGE('',*,*,#3424,.T.);
#4541=ORIENTED_EDGE('',*,*,#3425,.F.);
#4542=ORIENTED_EDGE('',*,*,#3424,.F.);
#4543=ORIENTED_EDGE('',*,*,#3426,.T.);
#4544=ORIENTED_EDGE('',*,*,#3427,.F.);
#4545=ORIENTED_EDGE('',*,*,#3428,.F.);
#4546=ORIENTED_EDGE('',*,*,#3429,.T.);
#4547=ORIENTED_EDGE('',*,*,#3426,.F.);
#4548=ORIENTED_EDGE('',*,*,#3429,.F.);
#4549=ORIENTED_EDGE('',*,*,#3430,.T.);
#4550=ORIENTED_EDGE('',*,*,#3431,.F.);
#4551=ORIENTED_EDGE('',*,*,#3432,.T.);
#4552=ORIENTED_EDGE('',*,*,#3433,.F.);
#4553=ORIENTED_EDGE('',*,*,#3432,.F.);
#4554=ORIENTED_EDGE('',*,*,#3434,.T.);
#4555=ORIENTED_EDGE('',*,*,#3430,.F.);
#4556=ORIENTED_EDGE('',*,*,#3434,.F.);
#4557=ORIENTED_EDGE('',*,*,#3427,.T.);
#4558=ORIENTED_EDGE('',*,*,#3435,.T.);
#4559=ORIENTED_EDGE('',*,*,#3433,.T.);
#4560=ORIENTED_EDGE('',*,*,#3435,.F.);
#4561=ORIENTED_EDGE('',*,*,#3436,.T.);
#4562=ORIENTED_EDGE('',*,*,#3437,.F.);
#4563=ORIENTED_EDGE('',*,*,#3436,.F.);
#4564=ORIENTED_EDGE('',*,*,#3438,.T.);
#4565=ORIENTED_EDGE('',*,*,#3439,.F.);
#4566=ORIENTED_EDGE('',*,*,#3438,.F.);
#4567=ORIENTED_EDGE('',*,*,#3431,.T.);
#4568=ORIENTED_EDGE('',*,*,#3440,.T.);
#4569=ORIENTED_EDGE('',*,*,#3437,.T.);
#4570=ORIENTED_EDGE('',*,*,#3440,.F.);
#4571=ORIENTED_EDGE('',*,*,#3439,.T.);
#4572=ORIENTED_EDGE('',*,*,#3423,.T.);
#4573=ORIENTED_EDGE('',*,*,#3428,.T.);
#4574=ORIENTED_EDGE('',*,*,#3425,.T.);
#4575=ORIENTED_EDGE('',*,*,#3441,.F.);
#4576=ORIENTED_EDGE('',*,*,#3442,.T.);
#4577=ORIENTED_EDGE('',*,*,#3443,.F.);
#4578=ORIENTED_EDGE('',*,*,#3442,.F.);
#4579=ORIENTED_EDGE('',*,*,#3444,.T.);
#4580=ORIENTED_EDGE('',*,*,#3445,.F.);
#4581=ORIENTED_EDGE('',*,*,#3446,.F.);
#4582=ORIENTED_EDGE('',*,*,#3447,.T.);
#4583=ORIENTED_EDGE('',*,*,#3444,.F.);
#4584=ORIENTED_EDGE('',*,*,#3447,.F.);
#4585=ORIENTED_EDGE('',*,*,#3448,.T.);
#4586=ORIENTED_EDGE('',*,*,#3449,.F.);
#4587=ORIENTED_EDGE('',*,*,#3450,.T.);
#4588=ORIENTED_EDGE('',*,*,#3451,.F.);
#4589=ORIENTED_EDGE('',*,*,#3450,.F.);
#4590=ORIENTED_EDGE('',*,*,#3452,.T.);
#4591=ORIENTED_EDGE('',*,*,#3448,.F.);
#4592=ORIENTED_EDGE('',*,*,#3452,.F.);
#4593=ORIENTED_EDGE('',*,*,#3445,.T.);
#4594=ORIENTED_EDGE('',*,*,#3453,.T.);
#4595=ORIENTED_EDGE('',*,*,#3451,.T.);
#4596=ORIENTED_EDGE('',*,*,#3453,.F.);
#4597=ORIENTED_EDGE('',*,*,#3454,.T.);
#4598=ORIENTED_EDGE('',*,*,#3455,.F.);
#4599=ORIENTED_EDGE('',*,*,#3454,.F.);
#4600=ORIENTED_EDGE('',*,*,#3456,.T.);
#4601=ORIENTED_EDGE('',*,*,#3457,.F.);
#4602=ORIENTED_EDGE('',*,*,#3456,.F.);
#4603=ORIENTED_EDGE('',*,*,#3449,.T.);
#4604=ORIENTED_EDGE('',*,*,#3458,.T.);
#4605=ORIENTED_EDGE('',*,*,#3455,.T.);
#4606=ORIENTED_EDGE('',*,*,#3458,.F.);
#4607=ORIENTED_EDGE('',*,*,#3457,.T.);
#4608=ORIENTED_EDGE('',*,*,#3441,.T.);
#4609=ORIENTED_EDGE('',*,*,#3446,.T.);
#4610=ORIENTED_EDGE('',*,*,#3443,.T.);
#4611=ORIENTED_EDGE('',*,*,#3459,.F.);
#4612=ORIENTED_EDGE('',*,*,#3460,.T.);
#4613=ORIENTED_EDGE('',*,*,#3461,.F.);
#4614=ORIENTED_EDGE('',*,*,#3460,.F.);
#4615=ORIENTED_EDGE('',*,*,#3462,.T.);
#4616=ORIENTED_EDGE('',*,*,#3463,.F.);
#4617=ORIENTED_EDGE('',*,*,#3464,.F.);
#4618=ORIENTED_EDGE('',*,*,#3465,.T.);
#4619=ORIENTED_EDGE('',*,*,#3462,.F.);
#4620=ORIENTED_EDGE('',*,*,#3465,.F.);
#4621=ORIENTED_EDGE('',*,*,#3466,.T.);
#4622=ORIENTED_EDGE('',*,*,#3467,.F.);
#4623=ORIENTED_EDGE('',*,*,#3468,.T.);
#4624=ORIENTED_EDGE('',*,*,#3469,.F.);
#4625=ORIENTED_EDGE('',*,*,#3468,.F.);
#4626=ORIENTED_EDGE('',*,*,#3470,.T.);
#4627=ORIENTED_EDGE('',*,*,#3466,.F.);
#4628=ORIENTED_EDGE('',*,*,#3470,.F.);
#4629=ORIENTED_EDGE('',*,*,#3463,.T.);
#4630=ORIENTED_EDGE('',*,*,#3471,.T.);
#4631=ORIENTED_EDGE('',*,*,#3469,.T.);
#4632=ORIENTED_EDGE('',*,*,#3471,.F.);
#4633=ORIENTED_EDGE('',*,*,#3472,.T.);
#4634=ORIENTED_EDGE('',*,*,#3473,.F.);
#4635=ORIENTED_EDGE('',*,*,#3472,.F.);
#4636=ORIENTED_EDGE('',*,*,#3474,.T.);
#4637=ORIENTED_EDGE('',*,*,#3475,.F.);
#4638=ORIENTED_EDGE('',*,*,#3474,.F.);
#4639=ORIENTED_EDGE('',*,*,#3467,.T.);
#4640=ORIENTED_EDGE('',*,*,#3476,.T.);
#4641=ORIENTED_EDGE('',*,*,#3473,.T.);
#4642=ORIENTED_EDGE('',*,*,#3476,.F.);
#4643=ORIENTED_EDGE('',*,*,#3475,.T.);
#4644=ORIENTED_EDGE('',*,*,#3459,.T.);
#4645=ORIENTED_EDGE('',*,*,#3464,.T.);
#4646=ORIENTED_EDGE('',*,*,#3461,.T.);
#4647=ORIENTED_EDGE('',*,*,#3477,.F.);
#4648=ORIENTED_EDGE('',*,*,#3478,.T.);
#4649=ORIENTED_EDGE('',*,*,#3479,.F.);
#4650=ORIENTED_EDGE('',*,*,#3478,.F.);
#4651=ORIENTED_EDGE('',*,*,#3480,.T.);
#4652=ORIENTED_EDGE('',*,*,#3481,.F.);
#4653=ORIENTED_EDGE('',*,*,#3482,.F.);
#4654=ORIENTED_EDGE('',*,*,#3483,.T.);
#4655=ORIENTED_EDGE('',*,*,#3480,.F.);
#4656=ORIENTED_EDGE('',*,*,#3483,.F.);
#4657=ORIENTED_EDGE('',*,*,#3484,.T.);
#4658=ORIENTED_EDGE('',*,*,#3485,.F.);
#4659=ORIENTED_EDGE('',*,*,#3486,.T.);
#4660=ORIENTED_EDGE('',*,*,#3487,.F.);
#4661=ORIENTED_EDGE('',*,*,#3486,.F.);
#4662=ORIENTED_EDGE('',*,*,#3488,.T.);
#4663=ORIENTED_EDGE('',*,*,#3484,.F.);
#4664=ORIENTED_EDGE('',*,*,#3488,.F.);
#4665=ORIENTED_EDGE('',*,*,#3481,.T.);
#4666=ORIENTED_EDGE('',*,*,#3489,.T.);
#4667=ORIENTED_EDGE('',*,*,#3487,.T.);
#4668=ORIENTED_EDGE('',*,*,#3489,.F.);
#4669=ORIENTED_EDGE('',*,*,#3490,.T.);
#4670=ORIENTED_EDGE('',*,*,#3491,.F.);
#4671=ORIENTED_EDGE('',*,*,#3490,.F.);
#4672=ORIENTED_EDGE('',*,*,#3492,.T.);
#4673=ORIENTED_EDGE('',*,*,#3493,.F.);
#4674=ORIENTED_EDGE('',*,*,#3492,.F.);
#4675=ORIENTED_EDGE('',*,*,#3485,.T.);
#4676=ORIENTED_EDGE('',*,*,#3494,.T.);
#4677=ORIENTED_EDGE('',*,*,#3491,.T.);
#4678=ORIENTED_EDGE('',*,*,#3494,.F.);
#4679=ORIENTED_EDGE('',*,*,#3493,.T.);
#4680=ORIENTED_EDGE('',*,*,#3477,.T.);
#4681=ORIENTED_EDGE('',*,*,#3482,.T.);
#4682=ORIENTED_EDGE('',*,*,#3479,.T.);
#4683=ORIENTED_EDGE('',*,*,#3495,.F.);
#4684=ORIENTED_EDGE('',*,*,#3496,.T.);
#4685=ORIENTED_EDGE('',*,*,#3497,.F.);
#4686=ORIENTED_EDGE('',*,*,#3496,.F.);
#4687=ORIENTED_EDGE('',*,*,#3498,.T.);
#4688=ORIENTED_EDGE('',*,*,#3499,.F.);
#4689=ORIENTED_EDGE('',*,*,#3500,.F.);
#4690=ORIENTED_EDGE('',*,*,#3501,.T.);
#4691=ORIENTED_EDGE('',*,*,#3498,.F.);
#4692=ORIENTED_EDGE('',*,*,#3501,.F.);
#4693=ORIENTED_EDGE('',*,*,#3502,.T.);
#4694=ORIENTED_EDGE('',*,*,#3503,.F.);
#4695=ORIENTED_EDGE('',*,*,#3504,.T.);
#4696=ORIENTED_EDGE('',*,*,#3505,.F.);
#4697=ORIENTED_EDGE('',*,*,#3504,.F.);
#4698=ORIENTED_EDGE('',*,*,#3506,.T.);
#4699=ORIENTED_EDGE('',*,*,#3502,.F.);
#4700=ORIENTED_EDGE('',*,*,#3506,.F.);
#4701=ORIENTED_EDGE('',*,*,#3499,.T.);
#4702=ORIENTED_EDGE('',*,*,#3507,.T.);
#4703=ORIENTED_EDGE('',*,*,#3505,.T.);
#4704=ORIENTED_EDGE('',*,*,#3507,.F.);
#4705=ORIENTED_EDGE('',*,*,#3508,.T.);
#4706=ORIENTED_EDGE('',*,*,#3509,.F.);
#4707=ORIENTED_EDGE('',*,*,#3508,.F.);
#4708=ORIENTED_EDGE('',*,*,#3510,.T.);
#4709=ORIENTED_EDGE('',*,*,#3511,.F.);
#4710=ORIENTED_EDGE('',*,*,#3510,.F.);
#4711=ORIENTED_EDGE('',*,*,#3503,.T.);
#4712=ORIENTED_EDGE('',*,*,#3512,.T.);
#4713=ORIENTED_EDGE('',*,*,#3509,.T.);
#4714=ORIENTED_EDGE('',*,*,#3512,.F.);
#4715=ORIENTED_EDGE('',*,*,#3511,.T.);
#4716=ORIENTED_EDGE('',*,*,#3495,.T.);
#4717=ORIENTED_EDGE('',*,*,#3500,.T.);
#4718=ORIENTED_EDGE('',*,*,#3497,.T.);
#4719=ORIENTED_EDGE('',*,*,#3513,.F.);
#4720=ORIENTED_EDGE('',*,*,#3514,.T.);
#4721=ORIENTED_EDGE('',*,*,#3515,.F.);
#4722=ORIENTED_EDGE('',*,*,#3514,.F.);
#4723=ORIENTED_EDGE('',*,*,#3516,.T.);
#4724=ORIENTED_EDGE('',*,*,#3517,.F.);
#4725=ORIENTED_EDGE('',*,*,#3518,.F.);
#4726=ORIENTED_EDGE('',*,*,#3519,.T.);
#4727=ORIENTED_EDGE('',*,*,#3516,.F.);
#4728=ORIENTED_EDGE('',*,*,#3519,.F.);
#4729=ORIENTED_EDGE('',*,*,#3520,.T.);
#4730=ORIENTED_EDGE('',*,*,#3521,.F.);
#4731=ORIENTED_EDGE('',*,*,#3522,.T.);
#4732=ORIENTED_EDGE('',*,*,#3523,.F.);
#4733=ORIENTED_EDGE('',*,*,#3522,.F.);
#4734=ORIENTED_EDGE('',*,*,#3524,.T.);
#4735=ORIENTED_EDGE('',*,*,#3520,.F.);
#4736=ORIENTED_EDGE('',*,*,#3524,.F.);
#4737=ORIENTED_EDGE('',*,*,#3517,.T.);
#4738=ORIENTED_EDGE('',*,*,#3525,.T.);
#4739=ORIENTED_EDGE('',*,*,#3523,.T.);
#4740=ORIENTED_EDGE('',*,*,#3525,.F.);
#4741=ORIENTED_EDGE('',*,*,#3526,.T.);
#4742=ORIENTED_EDGE('',*,*,#3527,.F.);
#4743=ORIENTED_EDGE('',*,*,#3526,.F.);
#4744=ORIENTED_EDGE('',*,*,#3528,.T.);
#4745=ORIENTED_EDGE('',*,*,#3529,.F.);
#4746=ORIENTED_EDGE('',*,*,#3528,.F.);
#4747=ORIENTED_EDGE('',*,*,#3521,.T.);
#4748=ORIENTED_EDGE('',*,*,#3530,.T.);
#4749=ORIENTED_EDGE('',*,*,#3527,.T.);
#4750=ORIENTED_EDGE('',*,*,#3530,.F.);
#4751=ORIENTED_EDGE('',*,*,#3529,.T.);
#4752=ORIENTED_EDGE('',*,*,#3513,.T.);
#4753=ORIENTED_EDGE('',*,*,#3518,.T.);
#4754=ORIENTED_EDGE('',*,*,#3515,.T.);
#4755=ORIENTED_EDGE('',*,*,#3531,.F.);
#4756=ORIENTED_EDGE('',*,*,#3532,.T.);
#4757=ORIENTED_EDGE('',*,*,#3533,.F.);
#4758=ORIENTED_EDGE('',*,*,#3532,.F.);
#4759=ORIENTED_EDGE('',*,*,#3534,.T.);
#4760=ORIENTED_EDGE('',*,*,#3535,.F.);
#4761=ORIENTED_EDGE('',*,*,#3536,.F.);
#4762=ORIENTED_EDGE('',*,*,#3537,.T.);
#4763=ORIENTED_EDGE('',*,*,#3534,.F.);
#4764=ORIENTED_EDGE('',*,*,#3537,.F.);
#4765=ORIENTED_EDGE('',*,*,#3538,.T.);
#4766=ORIENTED_EDGE('',*,*,#3539,.F.);
#4767=ORIENTED_EDGE('',*,*,#3540,.T.);
#4768=ORIENTED_EDGE('',*,*,#3541,.F.);
#4769=ORIENTED_EDGE('',*,*,#3540,.F.);
#4770=ORIENTED_EDGE('',*,*,#3542,.T.);
#4771=ORIENTED_EDGE('',*,*,#3538,.F.);
#4772=ORIENTED_EDGE('',*,*,#3542,.F.);
#4773=ORIENTED_EDGE('',*,*,#3535,.T.);
#4774=ORIENTED_EDGE('',*,*,#3543,.T.);
#4775=ORIENTED_EDGE('',*,*,#3541,.T.);
#4776=ORIENTED_EDGE('',*,*,#3543,.F.);
#4777=ORIENTED_EDGE('',*,*,#3544,.T.);
#4778=ORIENTED_EDGE('',*,*,#3545,.F.);
#4779=ORIENTED_EDGE('',*,*,#3544,.F.);
#4780=ORIENTED_EDGE('',*,*,#3546,.T.);
#4781=ORIENTED_EDGE('',*,*,#3547,.F.);
#4782=ORIENTED_EDGE('',*,*,#3546,.F.);
#4783=ORIENTED_EDGE('',*,*,#3539,.T.);
#4784=ORIENTED_EDGE('',*,*,#3548,.T.);
#4785=ORIENTED_EDGE('',*,*,#3545,.T.);
#4786=ORIENTED_EDGE('',*,*,#3548,.F.);
#4787=ORIENTED_EDGE('',*,*,#3547,.T.);
#4788=ORIENTED_EDGE('',*,*,#3531,.T.);
#4789=ORIENTED_EDGE('',*,*,#3536,.T.);
#4790=ORIENTED_EDGE('',*,*,#3533,.T.);
#4791=ORIENTED_EDGE('',*,*,#3549,.F.);
#4792=ORIENTED_EDGE('',*,*,#3550,.T.);
#4793=ORIENTED_EDGE('',*,*,#3551,.F.);
#4794=ORIENTED_EDGE('',*,*,#3550,.F.);
#4795=ORIENTED_EDGE('',*,*,#3552,.T.);
#4796=ORIENTED_EDGE('',*,*,#3553,.F.);
#4797=ORIENTED_EDGE('',*,*,#3554,.F.);
#4798=ORIENTED_EDGE('',*,*,#3555,.T.);
#4799=ORIENTED_EDGE('',*,*,#3552,.F.);
#4800=ORIENTED_EDGE('',*,*,#3555,.F.);
#4801=ORIENTED_EDGE('',*,*,#3556,.T.);
#4802=ORIENTED_EDGE('',*,*,#3557,.F.);
#4803=ORIENTED_EDGE('',*,*,#3558,.T.);
#4804=ORIENTED_EDGE('',*,*,#3559,.F.);
#4805=ORIENTED_EDGE('',*,*,#3558,.F.);
#4806=ORIENTED_EDGE('',*,*,#3560,.T.);
#4807=ORIENTED_EDGE('',*,*,#3556,.F.);
#4808=ORIENTED_EDGE('',*,*,#3560,.F.);
#4809=ORIENTED_EDGE('',*,*,#3553,.T.);
#4810=ORIENTED_EDGE('',*,*,#3561,.T.);
#4811=ORIENTED_EDGE('',*,*,#3559,.T.);
#4812=ORIENTED_EDGE('',*,*,#3561,.F.);
#4813=ORIENTED_EDGE('',*,*,#3562,.T.);
#4814=ORIENTED_EDGE('',*,*,#3563,.F.);
#4815=ORIENTED_EDGE('',*,*,#3562,.F.);
#4816=ORIENTED_EDGE('',*,*,#3564,.T.);
#4817=ORIENTED_EDGE('',*,*,#3565,.F.);
#4818=ORIENTED_EDGE('',*,*,#3564,.F.);
#4819=ORIENTED_EDGE('',*,*,#3557,.T.);
#4820=ORIENTED_EDGE('',*,*,#3566,.T.);
#4821=ORIENTED_EDGE('',*,*,#3563,.T.);
#4822=ORIENTED_EDGE('',*,*,#3566,.F.);
#4823=ORIENTED_EDGE('',*,*,#3565,.T.);
#4824=ORIENTED_EDGE('',*,*,#3549,.T.);
#4825=ORIENTED_EDGE('',*,*,#3554,.T.);
#4826=ORIENTED_EDGE('',*,*,#3551,.T.);
#4827=ORIENTED_EDGE('',*,*,#3567,.F.);
#4828=ORIENTED_EDGE('',*,*,#3568,.T.);
#4829=ORIENTED_EDGE('',*,*,#3569,.F.);
#4830=ORIENTED_EDGE('',*,*,#3568,.F.);
#4831=ORIENTED_EDGE('',*,*,#3570,.T.);
#4832=ORIENTED_EDGE('',*,*,#3571,.F.);
#4833=ORIENTED_EDGE('',*,*,#3572,.F.);
#4834=ORIENTED_EDGE('',*,*,#3573,.T.);
#4835=ORIENTED_EDGE('',*,*,#3570,.F.);
#4836=ORIENTED_EDGE('',*,*,#3573,.F.);
#4837=ORIENTED_EDGE('',*,*,#3574,.T.);
#4838=ORIENTED_EDGE('',*,*,#3575,.F.);
#4839=ORIENTED_EDGE('',*,*,#3576,.T.);
#4840=ORIENTED_EDGE('',*,*,#3577,.F.);
#4841=ORIENTED_EDGE('',*,*,#3576,.F.);
#4842=ORIENTED_EDGE('',*,*,#3578,.T.);
#4843=ORIENTED_EDGE('',*,*,#3574,.F.);
#4844=ORIENTED_EDGE('',*,*,#3578,.F.);
#4845=ORIENTED_EDGE('',*,*,#3571,.T.);
#4846=ORIENTED_EDGE('',*,*,#3579,.T.);
#4847=ORIENTED_EDGE('',*,*,#3577,.T.);
#4848=ORIENTED_EDGE('',*,*,#3579,.F.);
#4849=ORIENTED_EDGE('',*,*,#3580,.T.);
#4850=ORIENTED_EDGE('',*,*,#3581,.F.);
#4851=ORIENTED_EDGE('',*,*,#3580,.F.);
#4852=ORIENTED_EDGE('',*,*,#3582,.T.);
#4853=ORIENTED_EDGE('',*,*,#3583,.F.);
#4854=ORIENTED_EDGE('',*,*,#3582,.F.);
#4855=ORIENTED_EDGE('',*,*,#3575,.T.);
#4856=ORIENTED_EDGE('',*,*,#3584,.T.);
#4857=ORIENTED_EDGE('',*,*,#3581,.T.);
#4858=ORIENTED_EDGE('',*,*,#3584,.F.);
#4859=ORIENTED_EDGE('',*,*,#3583,.T.);
#4860=ORIENTED_EDGE('',*,*,#3567,.T.);
#4861=ORIENTED_EDGE('',*,*,#3572,.T.);
#4862=ORIENTED_EDGE('',*,*,#3569,.T.);
#4863=ORIENTED_EDGE('',*,*,#3585,.F.);
#4864=ORIENTED_EDGE('',*,*,#3586,.T.);
#4865=ORIENTED_EDGE('',*,*,#3587,.F.);
#4866=ORIENTED_EDGE('',*,*,#3586,.F.);
#4867=ORIENTED_EDGE('',*,*,#3588,.T.);
#4868=ORIENTED_EDGE('',*,*,#3589,.F.);
#4869=ORIENTED_EDGE('',*,*,#3590,.F.);
#4870=ORIENTED_EDGE('',*,*,#3591,.T.);
#4871=ORIENTED_EDGE('',*,*,#3588,.F.);
#4872=ORIENTED_EDGE('',*,*,#3591,.F.);
#4873=ORIENTED_EDGE('',*,*,#3592,.T.);
#4874=ORIENTED_EDGE('',*,*,#3593,.F.);
#4875=ORIENTED_EDGE('',*,*,#3594,.T.);
#4876=ORIENTED_EDGE('',*,*,#3595,.F.);
#4877=ORIENTED_EDGE('',*,*,#3594,.F.);
#4878=ORIENTED_EDGE('',*,*,#3596,.T.);
#4879=ORIENTED_EDGE('',*,*,#3592,.F.);
#4880=ORIENTED_EDGE('',*,*,#3596,.F.);
#4881=ORIENTED_EDGE('',*,*,#3589,.T.);
#4882=ORIENTED_EDGE('',*,*,#3597,.T.);
#4883=ORIENTED_EDGE('',*,*,#3595,.T.);
#4884=ORIENTED_EDGE('',*,*,#3597,.F.);
#4885=ORIENTED_EDGE('',*,*,#3598,.T.);
#4886=ORIENTED_EDGE('',*,*,#3599,.F.);
#4887=ORIENTED_EDGE('',*,*,#3598,.F.);
#4888=ORIENTED_EDGE('',*,*,#3600,.T.);
#4889=ORIENTED_EDGE('',*,*,#3601,.F.);
#4890=ORIENTED_EDGE('',*,*,#3600,.F.);
#4891=ORIENTED_EDGE('',*,*,#3593,.T.);
#4892=ORIENTED_EDGE('',*,*,#3602,.T.);
#4893=ORIENTED_EDGE('',*,*,#3599,.T.);
#4894=ORIENTED_EDGE('',*,*,#3602,.F.);
#4895=ORIENTED_EDGE('',*,*,#3601,.T.);
#4896=ORIENTED_EDGE('',*,*,#3585,.T.);
#4897=ORIENTED_EDGE('',*,*,#3590,.T.);
#4898=ORIENTED_EDGE('',*,*,#3587,.T.);
#4899=ORIENTED_EDGE('',*,*,#3603,.F.);
#4900=ORIENTED_EDGE('',*,*,#3604,.T.);
#4901=ORIENTED_EDGE('',*,*,#3605,.F.);
#4902=ORIENTED_EDGE('',*,*,#3604,.F.);
#4903=ORIENTED_EDGE('',*,*,#3606,.T.);
#4904=ORIENTED_EDGE('',*,*,#3607,.F.);
#4905=ORIENTED_EDGE('',*,*,#3608,.F.);
#4906=ORIENTED_EDGE('',*,*,#3609,.T.);
#4907=ORIENTED_EDGE('',*,*,#3606,.F.);
#4908=ORIENTED_EDGE('',*,*,#3609,.F.);
#4909=ORIENTED_EDGE('',*,*,#3610,.T.);
#4910=ORIENTED_EDGE('',*,*,#3611,.F.);
#4911=ORIENTED_EDGE('',*,*,#3612,.T.);
#4912=ORIENTED_EDGE('',*,*,#3613,.F.);
#4913=ORIENTED_EDGE('',*,*,#3612,.F.);
#4914=ORIENTED_EDGE('',*,*,#3614,.T.);
#4915=ORIENTED_EDGE('',*,*,#3610,.F.);
#4916=ORIENTED_EDGE('',*,*,#3614,.F.);
#4917=ORIENTED_EDGE('',*,*,#3607,.T.);
#4918=ORIENTED_EDGE('',*,*,#3615,.T.);
#4919=ORIENTED_EDGE('',*,*,#3613,.T.);
#4920=ORIENTED_EDGE('',*,*,#3615,.F.);
#4921=ORIENTED_EDGE('',*,*,#3616,.T.);
#4922=ORIENTED_EDGE('',*,*,#3617,.F.);
#4923=ORIENTED_EDGE('',*,*,#3616,.F.);
#4924=ORIENTED_EDGE('',*,*,#3618,.T.);
#4925=ORIENTED_EDGE('',*,*,#3619,.F.);
#4926=ORIENTED_EDGE('',*,*,#3618,.F.);
#4927=ORIENTED_EDGE('',*,*,#3611,.T.);
#4928=ORIENTED_EDGE('',*,*,#3620,.T.);
#4929=ORIENTED_EDGE('',*,*,#3617,.T.);
#4930=ORIENTED_EDGE('',*,*,#3620,.F.);
#4931=ORIENTED_EDGE('',*,*,#3619,.T.);
#4932=ORIENTED_EDGE('',*,*,#3603,.T.);
#4933=ORIENTED_EDGE('',*,*,#3608,.T.);
#4934=ORIENTED_EDGE('',*,*,#3605,.T.);
#4935=ORIENTED_EDGE('',*,*,#3621,.F.);
#4936=ORIENTED_EDGE('',*,*,#3622,.T.);
#4937=ORIENTED_EDGE('',*,*,#3623,.F.);
#4938=ORIENTED_EDGE('',*,*,#3622,.F.);
#4939=ORIENTED_EDGE('',*,*,#3624,.T.);
#4940=ORIENTED_EDGE('',*,*,#3625,.F.);
#4941=ORIENTED_EDGE('',*,*,#3626,.F.);
#4942=ORIENTED_EDGE('',*,*,#3627,.T.);
#4943=ORIENTED_EDGE('',*,*,#3624,.F.);
#4944=ORIENTED_EDGE('',*,*,#3627,.F.);
#4945=ORIENTED_EDGE('',*,*,#3628,.T.);
#4946=ORIENTED_EDGE('',*,*,#3629,.F.);
#4947=ORIENTED_EDGE('',*,*,#3630,.T.);
#4948=ORIENTED_EDGE('',*,*,#3631,.F.);
#4949=ORIENTED_EDGE('',*,*,#3630,.F.);
#4950=ORIENTED_EDGE('',*,*,#3632,.T.);
#4951=ORIENTED_EDGE('',*,*,#3628,.F.);
#4952=ORIENTED_EDGE('',*,*,#3632,.F.);
#4953=ORIENTED_EDGE('',*,*,#3625,.T.);
#4954=ORIENTED_EDGE('',*,*,#3633,.T.);
#4955=ORIENTED_EDGE('',*,*,#3631,.T.);
#4956=ORIENTED_EDGE('',*,*,#3633,.F.);
#4957=ORIENTED_EDGE('',*,*,#3634,.T.);
#4958=ORIENTED_EDGE('',*,*,#3635,.F.);
#4959=ORIENTED_EDGE('',*,*,#3634,.F.);
#4960=ORIENTED_EDGE('',*,*,#3636,.T.);
#4961=ORIENTED_EDGE('',*,*,#3637,.F.);
#4962=ORIENTED_EDGE('',*,*,#3636,.F.);
#4963=ORIENTED_EDGE('',*,*,#3629,.T.);
#4964=ORIENTED_EDGE('',*,*,#3638,.T.);
#4965=ORIENTED_EDGE('',*,*,#3635,.T.);
#4966=ORIENTED_EDGE('',*,*,#3638,.F.);
#4967=ORIENTED_EDGE('',*,*,#3637,.T.);
#4968=ORIENTED_EDGE('',*,*,#3621,.T.);
#4969=ORIENTED_EDGE('',*,*,#3626,.T.);
#4970=ORIENTED_EDGE('',*,*,#3623,.T.);
#4971=CYLINDRICAL_SURFACE('',#5687,1.54);
#4972=CYLINDRICAL_SURFACE('',#5693,2.275);
#4973=CYLINDRICAL_SURFACE('',#5701,2.275);
#4974=CYLINDRICAL_SURFACE('',#5702,1.93);
#4975=CYLINDRICAL_SURFACE('',#5706,2.275);
#4976=CYLINDRICAL_SURFACE('',#5708,1.93);
#4977=CYLINDRICAL_SURFACE('',#5711,1.54);
#4978=CYLINDRICAL_SURFACE('',#5717,2.275);
#4979=CYLINDRICAL_SURFACE('',#5725,2.275);
#4980=CYLINDRICAL_SURFACE('',#5726,1.93);
#4981=CYLINDRICAL_SURFACE('',#5730,2.275);
#4982=CYLINDRICAL_SURFACE('',#5732,1.93);
#4983=CYLINDRICAL_SURFACE('',#5735,1.29);
#4984=CYLINDRICAL_SURFACE('',#5741,2.275);
#4985=CYLINDRICAL_SURFACE('',#5749,2.275);
#4986=CYLINDRICAL_SURFACE('',#5750,1.93);
#4987=CYLINDRICAL_SURFACE('',#5754,2.275);
#4988=CYLINDRICAL_SURFACE('',#5756,1.93);
#4989=CYLINDRICAL_SURFACE('',#5759,1.29);
#4990=CYLINDRICAL_SURFACE('',#5765,2.275);
#4991=CYLINDRICAL_SURFACE('',#5773,2.275);
#4992=CYLINDRICAL_SURFACE('',#5774,1.93);
#4993=CYLINDRICAL_SURFACE('',#5778,2.275);
#4994=CYLINDRICAL_SURFACE('',#5780,1.93);
#4995=CYLINDRICAL_SURFACE('',#5783,1.29);
#4996=CYLINDRICAL_SURFACE('',#5789,2.275);
#4997=CYLINDRICAL_SURFACE('',#5797,2.275);
#4998=CYLINDRICAL_SURFACE('',#5798,1.93);
#4999=CYLINDRICAL_SURFACE('',#5802,2.275);
#5000=CYLINDRICAL_SURFACE('',#5804,1.93);
#5001=CYLINDRICAL_SURFACE('',#5807,1.29);
#5002=CYLINDRICAL_SURFACE('',#5813,2.275);
#5003=CYLINDRICAL_SURFACE('',#5821,2.275);
#5004=CYLINDRICAL_SURFACE('',#5822,1.93);
#5005=CYLINDRICAL_SURFACE('',#5826,2.275);
#5006=CYLINDRICAL_SURFACE('',#5828,1.93);
#5007=CYLINDRICAL_SURFACE('',#5831,1.54);
#5008=CYLINDRICAL_SURFACE('',#5837,2.275);
#5009=CYLINDRICAL_SURFACE('',#5845,2.275);
#5010=CYLINDRICAL_SURFACE('',#5846,1.93);
#5011=CYLINDRICAL_SURFACE('',#5850,2.275);
#5012=CYLINDRICAL_SURFACE('',#5852,1.93);
#5013=CYLINDRICAL_SURFACE('',#5855,1.54);
#5014=CYLINDRICAL_SURFACE('',#5861,2.275);
#5015=CYLINDRICAL_SURFACE('',#5869,2.275);
#5016=CYLINDRICAL_SURFACE('',#5870,1.93);
#5017=CYLINDRICAL_SURFACE('',#5874,2.275);
#5018=CYLINDRICAL_SURFACE('',#5876,1.93);
#5019=CYLINDRICAL_SURFACE('',#5879,1.54);
#5020=CYLINDRICAL_SURFACE('',#5885,2.275);
#5021=CYLINDRICAL_SURFACE('',#5893,2.275);
#5022=CYLINDRICAL_SURFACE('',#5894,1.93);
#5023=CYLINDRICAL_SURFACE('',#5898,2.275);
#5024=CYLINDRICAL_SURFACE('',#5900,1.93);
#5025=CYLINDRICAL_SURFACE('',#5903,1.54);
#5026=CYLINDRICAL_SURFACE('',#5909,2.275);
#5027=CYLINDRICAL_SURFACE('',#5917,2.275);
#5028=CYLINDRICAL_SURFACE('',#5918,1.93);
#5029=CYLINDRICAL_SURFACE('',#5922,2.275);
#5030=CYLINDRICAL_SURFACE('',#5924,1.93);
#5031=CYLINDRICAL_SURFACE('',#5927,1.04);
#5032=CYLINDRICAL_SURFACE('',#5933,1.865);
#5033=CYLINDRICAL_SURFACE('',#5941,1.865);
#5034=CYLINDRICAL_SURFACE('',#5942,1.59);
#5035=CYLINDRICAL_SURFACE('',#5946,1.865);
#5036=CYLINDRICAL_SURFACE('',#5948,1.59);
#5037=CYLINDRICAL_SURFACE('',#5951,1.04);
#5038=CYLINDRICAL_SURFACE('',#5957,1.865);
#5039=CYLINDRICAL_SURFACE('',#5965,1.865);
#5040=CYLINDRICAL_SURFACE('',#5966,1.59);
#5041=CYLINDRICAL_SURFACE('',#5970,1.865);
#5042=CYLINDRICAL_SURFACE('',#5972,1.59);
#5043=CYLINDRICAL_SURFACE('',#5975,1.04);
#5044=CYLINDRICAL_SURFACE('',#5981,1.865);
#5045=CYLINDRICAL_SURFACE('',#5989,1.865);
#5046=CYLINDRICAL_SURFACE('',#5990,1.59);
#5047=CYLINDRICAL_SURFACE('',#5994,1.865);
#5048=CYLINDRICAL_SURFACE('',#5996,1.59);
#5049=CYLINDRICAL_SURFACE('',#5999,1.04);
#5050=CYLINDRICAL_SURFACE('',#6005,1.865);
#5051=CYLINDRICAL_SURFACE('',#6013,1.865);
#5052=CYLINDRICAL_SURFACE('',#6014,1.59);
#5053=CYLINDRICAL_SURFACE('',#6018,1.865);
#5054=CYLINDRICAL_SURFACE('',#6020,1.59);
#5055=CYLINDRICAL_SURFACE('',#6023,1.54);
#5056=CYLINDRICAL_SURFACE('',#6029,2.275);
#5057=CYLINDRICAL_SURFACE('',#6037,2.275);
#5058=CYLINDRICAL_SURFACE('',#6038,1.93);
#5059=CYLINDRICAL_SURFACE('',#6042,2.275);
#5060=CYLINDRICAL_SURFACE('',#6044,1.93);
#5061=CYLINDRICAL_SURFACE('',#6047,1.54);
#5062=CYLINDRICAL_SURFACE('',#6053,2.275);
#5063=CYLINDRICAL_SURFACE('',#6061,2.275);
#5064=CYLINDRICAL_SURFACE('',#6062,1.93);
#5065=CYLINDRICAL_SURFACE('',#6066,2.275);
#5066=CYLINDRICAL_SURFACE('',#6068,1.93);
#5067=CYLINDRICAL_SURFACE('',#6071,1.54);
#5068=CYLINDRICAL_SURFACE('',#6077,2.275);
#5069=CYLINDRICAL_SURFACE('',#6085,2.275);
#5070=CYLINDRICAL_SURFACE('',#6086,1.93);
#5071=CYLINDRICAL_SURFACE('',#6090,2.275);
#5072=CYLINDRICAL_SURFACE('',#6092,1.93);
#5073=CYLINDRICAL_SURFACE('',#6095,1.54);
#5074=CYLINDRICAL_SURFACE('',#6101,2.275);
#5075=CYLINDRICAL_SURFACE('',#6109,2.275);
#5076=CYLINDRICAL_SURFACE('',#6110,1.93);
#5077=CYLINDRICAL_SURFACE('',#6114,2.275);
#5078=CYLINDRICAL_SURFACE('',#6116,1.93);
#5079=CYLINDRICAL_SURFACE('',#6119,1.54);
#5080=CYLINDRICAL_SURFACE('',#6125,2.275);
#5081=CYLINDRICAL_SURFACE('',#6133,2.275);
#5082=CYLINDRICAL_SURFACE('',#6134,1.93);
#5083=CYLINDRICAL_SURFACE('',#6138,2.275);
#5084=CYLINDRICAL_SURFACE('',#6140,1.93);
#5085=CYLINDRICAL_SURFACE('',#6143,1.54);
#5086=CYLINDRICAL_SURFACE('',#6149,2.275);
#5087=CYLINDRICAL_SURFACE('',#6157,2.275);
#5088=CYLINDRICAL_SURFACE('',#6158,1.93);
#5089=CYLINDRICAL_SURFACE('',#6162,2.275);
#5090=CYLINDRICAL_SURFACE('',#6164,1.93);
#5091=CYLINDRICAL_SURFACE('',#6167,1.54);
#5092=CYLINDRICAL_SURFACE('',#6173,2.275);
#5093=CYLINDRICAL_SURFACE('',#6181,2.275);
#5094=CYLINDRICAL_SURFACE('',#6182,1.93);
#5095=CYLINDRICAL_SURFACE('',#6186,2.275);
#5096=CYLINDRICAL_SURFACE('',#6188,1.93);
#5097=CYLINDRICAL_SURFACE('',#6191,1.54);
#5098=CYLINDRICAL_SURFACE('',#6197,2.275);
#5099=CYLINDRICAL_SURFACE('',#6205,2.275);
#5100=CYLINDRICAL_SURFACE('',#6206,1.93);
#5101=CYLINDRICAL_SURFACE('',#6210,2.275);
#5102=CYLINDRICAL_SURFACE('',#6212,1.93);
#5103=CYLINDRICAL_SURFACE('',#6215,1.54);
#5104=CYLINDRICAL_SURFACE('',#6221,2.275);
#5105=CYLINDRICAL_SURFACE('',#6229,2.275);
#5106=CYLINDRICAL_SURFACE('',#6230,1.93);
#5107=CYLINDRICAL_SURFACE('',#6234,2.275);
#5108=CYLINDRICAL_SURFACE('',#6236,1.93);
#5109=CYLINDRICAL_SURFACE('',#6239,1.54);
#5110=CYLINDRICAL_SURFACE('',#6245,2.275);
#5111=CYLINDRICAL_SURFACE('',#6253,2.275);
#5112=CYLINDRICAL_SURFACE('',#6254,1.93);
#5113=CYLINDRICAL_SURFACE('',#6258,2.275);
#5114=CYLINDRICAL_SURFACE('',#6260,1.93);
#5115=CYLINDRICAL_SURFACE('',#6263,1.54);
#5116=CYLINDRICAL_SURFACE('',#6269,2.275);
#5117=CYLINDRICAL_SURFACE('',#6277,2.275);
#5118=CYLINDRICAL_SURFACE('',#6278,1.93);
#5119=CYLINDRICAL_SURFACE('',#6282,2.275);
#5120=CYLINDRICAL_SURFACE('',#6284,1.93);
#5121=CYLINDRICAL_SURFACE('',#6287,1.29);
#5122=CYLINDRICAL_SURFACE('',#6293,2.3);
#5123=CYLINDRICAL_SURFACE('',#6301,2.3);
#5124=CYLINDRICAL_SURFACE('',#6302,1.95);
#5125=CYLINDRICAL_SURFACE('',#6306,2.3);
#5126=CYLINDRICAL_SURFACE('',#6308,1.95);
#5127=CYLINDRICAL_SURFACE('',#6311,1.29);
#5128=CYLINDRICAL_SURFACE('',#6317,2.3);
#5129=CYLINDRICAL_SURFACE('',#6325,2.3);
#5130=CYLINDRICAL_SURFACE('',#6326,1.95);
#5131=CYLINDRICAL_SURFACE('',#6330,2.3);
#5132=CYLINDRICAL_SURFACE('',#6332,1.95);
#5133=CYLINDRICAL_SURFACE('',#6335,1.29);
#5134=CYLINDRICAL_SURFACE('',#6341,2.3);
#5135=CYLINDRICAL_SURFACE('',#6349,2.3);
#5136=CYLINDRICAL_SURFACE('',#6350,1.95);
#5137=CYLINDRICAL_SURFACE('',#6354,2.3);
#5138=CYLINDRICAL_SURFACE('',#6356,1.95);
#5139=CYLINDRICAL_SURFACE('',#6359,1.29);
#5140=CYLINDRICAL_SURFACE('',#6365,2.3);
#5141=CYLINDRICAL_SURFACE('',#6373,2.3);
#5142=CYLINDRICAL_SURFACE('',#6374,1.95);
#5143=CYLINDRICAL_SURFACE('',#6378,2.3);
#5144=CYLINDRICAL_SURFACE('',#6380,1.95);
#5145=CYLINDRICAL_SURFACE('',#6383,1.54);
#5146=CYLINDRICAL_SURFACE('',#6389,2.275);
#5147=CYLINDRICAL_SURFACE('',#6397,2.275);
#5148=CYLINDRICAL_SURFACE('',#6398,1.93);
#5149=CYLINDRICAL_SURFACE('',#6402,2.275);
#5150=CYLINDRICAL_SURFACE('',#6404,1.93);
#5151=CYLINDRICAL_SURFACE('',#6407,1.54);
#5152=CYLINDRICAL_SURFACE('',#6413,2.275);
#5153=CYLINDRICAL_SURFACE('',#6421,2.275);
#5154=CYLINDRICAL_SURFACE('',#6422,1.93);
#5155=CYLINDRICAL_SURFACE('',#6426,2.275);
#5156=CYLINDRICAL_SURFACE('',#6428,1.93);
#5157=CYLINDRICAL_SURFACE('',#6431,1.54);
#5158=CYLINDRICAL_SURFACE('',#6437,2.275);
#5159=CYLINDRICAL_SURFACE('',#6445,2.275);
#5160=CYLINDRICAL_SURFACE('',#6446,1.93);
#5161=CYLINDRICAL_SURFACE('',#6450,2.275);
#5162=CYLINDRICAL_SURFACE('',#6452,1.93);
#5163=CYLINDRICAL_SURFACE('',#6455,1.54);
#5164=CYLINDRICAL_SURFACE('',#6461,2.275);
#5165=CYLINDRICAL_SURFACE('',#6469,2.275);
#5166=CYLINDRICAL_SURFACE('',#6470,1.93);
#5167=CYLINDRICAL_SURFACE('',#6474,2.275);
#5168=CYLINDRICAL_SURFACE('',#6476,1.93);
#5169=CYLINDRICAL_SURFACE('',#6479,1.29);
#5170=CYLINDRICAL_SURFACE('',#6485,2.3);
#5171=CYLINDRICAL_SURFACE('',#6493,2.3);
#5172=CYLINDRICAL_SURFACE('',#6494,1.95);
#5173=CYLINDRICAL_SURFACE('',#6498,2.3);
#5174=CYLINDRICAL_SURFACE('',#6500,1.95);
#5175=CYLINDRICAL_SURFACE('',#6503,1.29);
#5176=CYLINDRICAL_SURFACE('',#6509,2.3);
#5177=CYLINDRICAL_SURFACE('',#6517,2.3);
#5178=CYLINDRICAL_SURFACE('',#6518,1.95);
#5179=CYLINDRICAL_SURFACE('',#6522,2.3);
#5180=CYLINDRICAL_SURFACE('',#6524,1.95);
#5181=CYLINDRICAL_SURFACE('',#6527,1.29);
#5182=CYLINDRICAL_SURFACE('',#6533,2.3);
#5183=CYLINDRICAL_SURFACE('',#6541,2.3);
#5184=CYLINDRICAL_SURFACE('',#6542,1.95);
#5185=CYLINDRICAL_SURFACE('',#6546,2.3);
#5186=CYLINDRICAL_SURFACE('',#6548,1.95);
#5187=CYLINDRICAL_SURFACE('',#6551,1.29);
#5188=CYLINDRICAL_SURFACE('',#6557,2.3);
#5189=CYLINDRICAL_SURFACE('',#6565,2.3);
#5190=CYLINDRICAL_SURFACE('',#6566,1.95);
#5191=CYLINDRICAL_SURFACE('',#6570,2.3);
#5192=CYLINDRICAL_SURFACE('',#6572,1.95);
#5193=ADVANCED_FACE('',(#531),#4971,.F.);
#5194=ADVANCED_FACE('',(#532,#87),#309,.T.);
#5195=ADVANCED_FACE('',(#533),#4972,.T.);
#5196=ADVANCED_FACE('',(#534,#88),#310,.T.);
#5197=ADVANCED_FACE('',(#535,#89),#311,.T.);
#5198=ADVANCED_FACE('',(#536),#4973,.T.);
#5199=ADVANCED_FACE('',(#537),#4974,.T.);
#5200=ADVANCED_FACE('',(#538,#90),#312,.T.);
#5201=ADVANCED_FACE('',(#539),#4975,.T.);
#5202=ADVANCED_FACE('',(#540),#4976,.T.);
#5203=ADVANCED_FACE('',(#541,#91),#313,.T.);
#5204=ADVANCED_FACE('',(#542,#92),#314,.T.);
#5205=ADVANCED_FACE('',(#543),#4977,.F.);
#5206=ADVANCED_FACE('',(#544,#93),#315,.T.);
#5207=ADVANCED_FACE('',(#545),#4978,.T.);
#5208=ADVANCED_FACE('',(#546,#94),#316,.T.);
#5209=ADVANCED_FACE('',(#547,#95),#317,.T.);
#5210=ADVANCED_FACE('',(#548),#4979,.T.);
#5211=ADVANCED_FACE('',(#549),#4980,.T.);
#5212=ADVANCED_FACE('',(#550,#96),#318,.T.);
#5213=ADVANCED_FACE('',(#551),#4981,.T.);
#5214=ADVANCED_FACE('',(#552),#4982,.T.);
#5215=ADVANCED_FACE('',(#553,#97),#319,.T.);
#5216=ADVANCED_FACE('',(#554,#98),#320,.T.);
#5217=ADVANCED_FACE('',(#555),#4983,.F.);
#5218=ADVANCED_FACE('',(#556,#99),#321,.T.);
#5219=ADVANCED_FACE('',(#557),#4984,.T.);
#5220=ADVANCED_FACE('',(#558,#100),#322,.T.);
#5221=ADVANCED_FACE('',(#559,#101),#323,.T.);
#5222=ADVANCED_FACE('',(#560),#4985,.T.);
#5223=ADVANCED_FACE('',(#561),#4986,.T.);
#5224=ADVANCED_FACE('',(#562,#102),#324,.T.);
#5225=ADVANCED_FACE('',(#563),#4987,.T.);
#5226=ADVANCED_FACE('',(#564),#4988,.T.);
#5227=ADVANCED_FACE('',(#565,#103),#325,.T.);
#5228=ADVANCED_FACE('',(#566,#104),#326,.T.);
#5229=ADVANCED_FACE('',(#567),#4989,.F.);
#5230=ADVANCED_FACE('',(#568,#105),#327,.T.);
#5231=ADVANCED_FACE('',(#569),#4990,.T.);
#5232=ADVANCED_FACE('',(#570,#106),#328,.T.);
#5233=ADVANCED_FACE('',(#571,#107),#329,.T.);
#5234=ADVANCED_FACE('',(#572),#4991,.T.);
#5235=ADVANCED_FACE('',(#573),#4992,.T.);
#5236=ADVANCED_FACE('',(#574,#108),#330,.T.);
#5237=ADVANCED_FACE('',(#575),#4993,.T.);
#5238=ADVANCED_FACE('',(#576),#4994,.T.);
#5239=ADVANCED_FACE('',(#577,#109),#331,.T.);
#5240=ADVANCED_FACE('',(#578,#110),#332,.T.);
#5241=ADVANCED_FACE('',(#579),#4995,.F.);
#5242=ADVANCED_FACE('',(#580,#111),#333,.T.);
#5243=ADVANCED_FACE('',(#581),#4996,.T.);
#5244=ADVANCED_FACE('',(#582,#112),#334,.T.);
#5245=ADVANCED_FACE('',(#583,#113),#335,.T.);
#5246=ADVANCED_FACE('',(#584),#4997,.T.);
#5247=ADVANCED_FACE('',(#585),#4998,.T.);
#5248=ADVANCED_FACE('',(#586,#114),#336,.T.);
#5249=ADVANCED_FACE('',(#587),#4999,.T.);
#5250=ADVANCED_FACE('',(#588),#5000,.T.);
#5251=ADVANCED_FACE('',(#589,#115),#337,.T.);
#5252=ADVANCED_FACE('',(#590,#116),#338,.T.);
#5253=ADVANCED_FACE('',(#591),#5001,.F.);
#5254=ADVANCED_FACE('',(#592,#117),#339,.T.);
#5255=ADVANCED_FACE('',(#593),#5002,.T.);
#5256=ADVANCED_FACE('',(#594,#118),#340,.T.);
#5257=ADVANCED_FACE('',(#595,#119),#341,.T.);
#5258=ADVANCED_FACE('',(#596),#5003,.T.);
#5259=ADVANCED_FACE('',(#597),#5004,.T.);
#5260=ADVANCED_FACE('',(#598,#120),#342,.T.);
#5261=ADVANCED_FACE('',(#599),#5005,.T.);
#5262=ADVANCED_FACE('',(#600),#5006,.T.);
#5263=ADVANCED_FACE('',(#601,#121),#343,.T.);
#5264=ADVANCED_FACE('',(#602,#122),#344,.T.);
#5265=ADVANCED_FACE('',(#603),#5007,.F.);
#5266=ADVANCED_FACE('',(#604,#123),#345,.T.);
#5267=ADVANCED_FACE('',(#605),#5008,.T.);
#5268=ADVANCED_FACE('',(#606,#124),#346,.T.);
#5269=ADVANCED_FACE('',(#607,#125),#347,.T.);
#5270=ADVANCED_FACE('',(#608),#5009,.T.);
#5271=ADVANCED_FACE('',(#609),#5010,.T.);
#5272=ADVANCED_FACE('',(#610,#126),#348,.T.);
#5273=ADVANCED_FACE('',(#611),#5011,.T.);
#5274=ADVANCED_FACE('',(#612),#5012,.T.);
#5275=ADVANCED_FACE('',(#613,#127),#349,.T.);
#5276=ADVANCED_FACE('',(#614,#128),#350,.T.);
#5277=ADVANCED_FACE('',(#615),#5013,.F.);
#5278=ADVANCED_FACE('',(#616,#129),#351,.T.);
#5279=ADVANCED_FACE('',(#617),#5014,.T.);
#5280=ADVANCED_FACE('',(#618,#130),#352,.T.);
#5281=ADVANCED_FACE('',(#619,#131),#353,.T.);
#5282=ADVANCED_FACE('',(#620),#5015,.T.);
#5283=ADVANCED_FACE('',(#621),#5016,.T.);
#5284=ADVANCED_FACE('',(#622,#132),#354,.T.);
#5285=ADVANCED_FACE('',(#623),#5017,.T.);
#5286=ADVANCED_FACE('',(#624),#5018,.T.);
#5287=ADVANCED_FACE('',(#625,#133),#355,.T.);
#5288=ADVANCED_FACE('',(#626,#134),#356,.T.);
#5289=ADVANCED_FACE('',(#627),#5019,.F.);
#5290=ADVANCED_FACE('',(#628,#135),#357,.T.);
#5291=ADVANCED_FACE('',(#629),#5020,.T.);
#5292=ADVANCED_FACE('',(#630,#136),#358,.T.);
#5293=ADVANCED_FACE('',(#631,#137),#359,.T.);
#5294=ADVANCED_FACE('',(#632),#5021,.T.);
#5295=ADVANCED_FACE('',(#633),#5022,.T.);
#5296=ADVANCED_FACE('',(#634,#138),#360,.T.);
#5297=ADVANCED_FACE('',(#635),#5023,.T.);
#5298=ADVANCED_FACE('',(#636),#5024,.T.);
#5299=ADVANCED_FACE('',(#637,#139),#361,.T.);
#5300=ADVANCED_FACE('',(#638,#140),#362,.T.);
#5301=ADVANCED_FACE('',(#639),#5025,.F.);
#5302=ADVANCED_FACE('',(#640,#141),#363,.T.);
#5303=ADVANCED_FACE('',(#641),#5026,.T.);
#5304=ADVANCED_FACE('',(#642,#142),#364,.T.);
#5305=ADVANCED_FACE('',(#643,#143),#365,.T.);
#5306=ADVANCED_FACE('',(#644),#5027,.T.);
#5307=ADVANCED_FACE('',(#645),#5028,.T.);
#5308=ADVANCED_FACE('',(#646,#144),#366,.T.);
#5309=ADVANCED_FACE('',(#647),#5029,.T.);
#5310=ADVANCED_FACE('',(#648),#5030,.T.);
#5311=ADVANCED_FACE('',(#649,#145),#367,.T.);
#5312=ADVANCED_FACE('',(#650,#146),#368,.T.);
#5313=ADVANCED_FACE('',(#651),#5031,.F.);
#5314=ADVANCED_FACE('',(#652,#147),#369,.T.);
#5315=ADVANCED_FACE('',(#653),#5032,.T.);
#5316=ADVANCED_FACE('',(#654,#148),#370,.T.);
#5317=ADVANCED_FACE('',(#655,#149),#371,.T.);
#5318=ADVANCED_FACE('',(#656),#5033,.T.);
#5319=ADVANCED_FACE('',(#657),#5034,.T.);
#5320=ADVANCED_FACE('',(#658,#150),#372,.T.);
#5321=ADVANCED_FACE('',(#659),#5035,.T.);
#5322=ADVANCED_FACE('',(#660),#5036,.T.);
#5323=ADVANCED_FACE('',(#661,#151),#373,.T.);
#5324=ADVANCED_FACE('',(#662,#152),#374,.T.);
#5325=ADVANCED_FACE('',(#663),#5037,.F.);
#5326=ADVANCED_FACE('',(#664,#153),#375,.T.);
#5327=ADVANCED_FACE('',(#665),#5038,.T.);
#5328=ADVANCED_FACE('',(#666,#154),#376,.T.);
#5329=ADVANCED_FACE('',(#667,#155),#377,.T.);
#5330=ADVANCED_FACE('',(#668),#5039,.T.);
#5331=ADVANCED_FACE('',(#669),#5040,.T.);
#5332=ADVANCED_FACE('',(#670,#156),#378,.T.);
#5333=ADVANCED_FACE('',(#671),#5041,.T.);
#5334=ADVANCED_FACE('',(#672),#5042,.T.);
#5335=ADVANCED_FACE('',(#673,#157),#379,.T.);
#5336=ADVANCED_FACE('',(#674,#158),#380,.T.);
#5337=ADVANCED_FACE('',(#675),#5043,.F.);
#5338=ADVANCED_FACE('',(#676,#159),#381,.T.);
#5339=ADVANCED_FACE('',(#677),#5044,.T.);
#5340=ADVANCED_FACE('',(#678,#160),#382,.T.);
#5341=ADVANCED_FACE('',(#679,#161),#383,.T.);
#5342=ADVANCED_FACE('',(#680),#5045,.T.);
#5343=ADVANCED_FACE('',(#681),#5046,.T.);
#5344=ADVANCED_FACE('',(#682,#162),#384,.T.);
#5345=ADVANCED_FACE('',(#683),#5047,.T.);
#5346=ADVANCED_FACE('',(#684),#5048,.T.);
#5347=ADVANCED_FACE('',(#685,#163),#385,.T.);
#5348=ADVANCED_FACE('',(#686,#164),#386,.T.);
#5349=ADVANCED_FACE('',(#687),#5049,.F.);
#5350=ADVANCED_FACE('',(#688,#165),#387,.T.);
#5351=ADVANCED_FACE('',(#689),#5050,.T.);
#5352=ADVANCED_FACE('',(#690,#166),#388,.T.);
#5353=ADVANCED_FACE('',(#691,#167),#389,.T.);
#5354=ADVANCED_FACE('',(#692),#5051,.T.);
#5355=ADVANCED_FACE('',(#693),#5052,.T.);
#5356=ADVANCED_FACE('',(#694,#168),#390,.T.);
#5357=ADVANCED_FACE('',(#695),#5053,.T.);
#5358=ADVANCED_FACE('',(#696),#5054,.T.);
#5359=ADVANCED_FACE('',(#697,#169),#391,.T.);
#5360=ADVANCED_FACE('',(#698,#170),#392,.T.);
#5361=ADVANCED_FACE('',(#699),#5055,.F.);
#5362=ADVANCED_FACE('',(#700,#171),#393,.T.);
#5363=ADVANCED_FACE('',(#701),#5056,.T.);
#5364=ADVANCED_FACE('',(#702,#172),#394,.T.);
#5365=ADVANCED_FACE('',(#703,#173),#395,.T.);
#5366=ADVANCED_FACE('',(#704),#5057,.T.);
#5367=ADVANCED_FACE('',(#705),#5058,.T.);
#5368=ADVANCED_FACE('',(#706,#174),#396,.T.);
#5369=ADVANCED_FACE('',(#707),#5059,.T.);
#5370=ADVANCED_FACE('',(#708),#5060,.T.);
#5371=ADVANCED_FACE('',(#709,#175),#397,.T.);
#5372=ADVANCED_FACE('',(#710,#176),#398,.T.);
#5373=ADVANCED_FACE('',(#711),#5061,.F.);
#5374=ADVANCED_FACE('',(#712,#177),#399,.T.);
#5375=ADVANCED_FACE('',(#713),#5062,.T.);
#5376=ADVANCED_FACE('',(#714,#178),#400,.T.);
#5377=ADVANCED_FACE('',(#715,#179),#401,.T.);
#5378=ADVANCED_FACE('',(#716),#5063,.T.);
#5379=ADVANCED_FACE('',(#717),#5064,.T.);
#5380=ADVANCED_FACE('',(#718,#180),#402,.T.);
#5381=ADVANCED_FACE('',(#719),#5065,.T.);
#5382=ADVANCED_FACE('',(#720),#5066,.T.);
#5383=ADVANCED_FACE('',(#721,#181),#403,.T.);
#5384=ADVANCED_FACE('',(#722,#182),#404,.T.);
#5385=ADVANCED_FACE('',(#723),#5067,.F.);
#5386=ADVANCED_FACE('',(#724,#183),#405,.T.);
#5387=ADVANCED_FACE('',(#725),#5068,.T.);
#5388=ADVANCED_FACE('',(#726,#184),#406,.T.);
#5389=ADVANCED_FACE('',(#727,#185),#407,.T.);
#5390=ADVANCED_FACE('',(#728),#5069,.T.);
#5391=ADVANCED_FACE('',(#729),#5070,.T.);
#5392=ADVANCED_FACE('',(#730,#186),#408,.T.);
#5393=ADVANCED_FACE('',(#731),#5071,.T.);
#5394=ADVANCED_FACE('',(#732),#5072,.T.);
#5395=ADVANCED_FACE('',(#733,#187),#409,.T.);
#5396=ADVANCED_FACE('',(#734,#188),#410,.T.);
#5397=ADVANCED_FACE('',(#735),#5073,.F.);
#5398=ADVANCED_FACE('',(#736,#189),#411,.T.);
#5399=ADVANCED_FACE('',(#737),#5074,.T.);
#5400=ADVANCED_FACE('',(#738,#190),#412,.T.);
#5401=ADVANCED_FACE('',(#739,#191),#413,.T.);
#5402=ADVANCED_FACE('',(#740),#5075,.T.);
#5403=ADVANCED_FACE('',(#741),#5076,.T.);
#5404=ADVANCED_FACE('',(#742,#192),#414,.T.);
#5405=ADVANCED_FACE('',(#743),#5077,.T.);
#5406=ADVANCED_FACE('',(#744),#5078,.T.);
#5407=ADVANCED_FACE('',(#745,#193),#415,.T.);
#5408=ADVANCED_FACE('',(#746,#194),#416,.T.);
#5409=ADVANCED_FACE('',(#747),#5079,.F.);
#5410=ADVANCED_FACE('',(#748,#195),#417,.T.);
#5411=ADVANCED_FACE('',(#749),#5080,.T.);
#5412=ADVANCED_FACE('',(#750,#196),#418,.T.);
#5413=ADVANCED_FACE('',(#751,#197),#419,.T.);
#5414=ADVANCED_FACE('',(#752),#5081,.T.);
#5415=ADVANCED_FACE('',(#753),#5082,.T.);
#5416=ADVANCED_FACE('',(#754,#198),#420,.T.);
#5417=ADVANCED_FACE('',(#755),#5083,.T.);
#5418=ADVANCED_FACE('',(#756),#5084,.T.);
#5419=ADVANCED_FACE('',(#757,#199),#421,.T.);
#5420=ADVANCED_FACE('',(#758,#200),#422,.T.);
#5421=ADVANCED_FACE('',(#759),#5085,.F.);
#5422=ADVANCED_FACE('',(#760,#201),#423,.T.);
#5423=ADVANCED_FACE('',(#761),#5086,.T.);
#5424=ADVANCED_FACE('',(#762,#202),#424,.T.);
#5425=ADVANCED_FACE('',(#763,#203),#425,.T.);
#5426=ADVANCED_FACE('',(#764),#5087,.T.);
#5427=ADVANCED_FACE('',(#765),#5088,.T.);
#5428=ADVANCED_FACE('',(#766,#204),#426,.T.);
#5429=ADVANCED_FACE('',(#767),#5089,.T.);
#5430=ADVANCED_FACE('',(#768),#5090,.T.);
#5431=ADVANCED_FACE('',(#769,#205),#427,.T.);
#5432=ADVANCED_FACE('',(#770,#206),#428,.T.);
#5433=ADVANCED_FACE('',(#771),#5091,.F.);
#5434=ADVANCED_FACE('',(#772,#207),#429,.T.);
#5435=ADVANCED_FACE('',(#773),#5092,.T.);
#5436=ADVANCED_FACE('',(#774,#208),#430,.T.);
#5437=ADVANCED_FACE('',(#775,#209),#431,.T.);
#5438=ADVANCED_FACE('',(#776),#5093,.T.);
#5439=ADVANCED_FACE('',(#777),#5094,.T.);
#5440=ADVANCED_FACE('',(#778,#210),#432,.T.);
#5441=ADVANCED_FACE('',(#779),#5095,.T.);
#5442=ADVANCED_FACE('',(#780),#5096,.T.);
#5443=ADVANCED_FACE('',(#781,#211),#433,.T.);
#5444=ADVANCED_FACE('',(#782,#212),#434,.T.);
#5445=ADVANCED_FACE('',(#783),#5097,.F.);
#5446=ADVANCED_FACE('',(#784,#213),#435,.T.);
#5447=ADVANCED_FACE('',(#785),#5098,.T.);
#5448=ADVANCED_FACE('',(#786,#214),#436,.T.);
#5449=ADVANCED_FACE('',(#787,#215),#437,.T.);
#5450=ADVANCED_FACE('',(#788),#5099,.T.);
#5451=ADVANCED_FACE('',(#789),#5100,.T.);
#5452=ADVANCED_FACE('',(#790,#216),#438,.T.);
#5453=ADVANCED_FACE('',(#791),#5101,.T.);
#5454=ADVANCED_FACE('',(#792),#5102,.T.);
#5455=ADVANCED_FACE('',(#793,#217),#439,.T.);
#5456=ADVANCED_FACE('',(#794,#218),#440,.T.);
#5457=ADVANCED_FACE('',(#795),#5103,.F.);
#5458=ADVANCED_FACE('',(#796,#219),#441,.T.);
#5459=ADVANCED_FACE('',(#797),#5104,.T.);
#5460=ADVANCED_FACE('',(#798,#220),#442,.T.);
#5461=ADVANCED_FACE('',(#799,#221),#443,.T.);
#5462=ADVANCED_FACE('',(#800),#5105,.T.);
#5463=ADVANCED_FACE('',(#801),#5106,.T.);
#5464=ADVANCED_FACE('',(#802,#222),#444,.T.);
#5465=ADVANCED_FACE('',(#803),#5107,.T.);
#5466=ADVANCED_FACE('',(#804),#5108,.T.);
#5467=ADVANCED_FACE('',(#805,#223),#445,.T.);
#5468=ADVANCED_FACE('',(#806,#224),#446,.T.);
#5469=ADVANCED_FACE('',(#807),#5109,.F.);
#5470=ADVANCED_FACE('',(#808,#225),#447,.T.);
#5471=ADVANCED_FACE('',(#809),#5110,.T.);
#5472=ADVANCED_FACE('',(#810,#226),#448,.T.);
#5473=ADVANCED_FACE('',(#811,#227),#449,.T.);
#5474=ADVANCED_FACE('',(#812),#5111,.T.);
#5475=ADVANCED_FACE('',(#813),#5112,.T.);
#5476=ADVANCED_FACE('',(#814,#228),#450,.T.);
#5477=ADVANCED_FACE('',(#815),#5113,.T.);
#5478=ADVANCED_FACE('',(#816),#5114,.T.);
#5479=ADVANCED_FACE('',(#817,#229),#451,.T.);
#5480=ADVANCED_FACE('',(#818,#230),#452,.T.);
#5481=ADVANCED_FACE('',(#819),#5115,.F.);
#5482=ADVANCED_FACE('',(#820,#231),#453,.T.);
#5483=ADVANCED_FACE('',(#821),#5116,.T.);
#5484=ADVANCED_FACE('',(#822,#232),#454,.T.);
#5485=ADVANCED_FACE('',(#823,#233),#455,.T.);
#5486=ADVANCED_FACE('',(#824),#5117,.T.);
#5487=ADVANCED_FACE('',(#825),#5118,.T.);
#5488=ADVANCED_FACE('',(#826,#234),#456,.T.);
#5489=ADVANCED_FACE('',(#827),#5119,.T.);
#5490=ADVANCED_FACE('',(#828),#5120,.T.);
#5491=ADVANCED_FACE('',(#829,#235),#457,.T.);
#5492=ADVANCED_FACE('',(#830,#236),#458,.T.);
#5493=ADVANCED_FACE('',(#831),#5121,.F.);
#5494=ADVANCED_FACE('',(#832,#237),#459,.T.);
#5495=ADVANCED_FACE('',(#833),#5122,.T.);
#5496=ADVANCED_FACE('',(#834,#238),#460,.T.);
#5497=ADVANCED_FACE('',(#835,#239),#461,.T.);
#5498=ADVANCED_FACE('',(#836),#5123,.T.);
#5499=ADVANCED_FACE('',(#837),#5124,.T.);
#5500=ADVANCED_FACE('',(#838,#240),#462,.T.);
#5501=ADVANCED_FACE('',(#839),#5125,.T.);
#5502=ADVANCED_FACE('',(#840),#5126,.T.);
#5503=ADVANCED_FACE('',(#841,#241),#463,.T.);
#5504=ADVANCED_FACE('',(#842,#242),#464,.T.);
#5505=ADVANCED_FACE('',(#843),#5127,.F.);
#5506=ADVANCED_FACE('',(#844,#243),#465,.T.);
#5507=ADVANCED_FACE('',(#845),#5128,.T.);
#5508=ADVANCED_FACE('',(#846,#244),#466,.T.);
#5509=ADVANCED_FACE('',(#847,#245),#467,.T.);
#5510=ADVANCED_FACE('',(#848),#5129,.T.);
#5511=ADVANCED_FACE('',(#849),#5130,.T.);
#5512=ADVANCED_FACE('',(#850,#246),#468,.T.);
#5513=ADVANCED_FACE('',(#851),#5131,.T.);
#5514=ADVANCED_FACE('',(#852),#5132,.T.);
#5515=ADVANCED_FACE('',(#853,#247),#469,.T.);
#5516=ADVANCED_FACE('',(#854,#248),#470,.T.);
#5517=ADVANCED_FACE('',(#855),#5133,.F.);
#5518=ADVANCED_FACE('',(#856,#249),#471,.T.);
#5519=ADVANCED_FACE('',(#857),#5134,.T.);
#5520=ADVANCED_FACE('',(#858,#250),#472,.T.);
#5521=ADVANCED_FACE('',(#859,#251),#473,.T.);
#5522=ADVANCED_FACE('',(#860),#5135,.T.);
#5523=ADVANCED_FACE('',(#861),#5136,.T.);
#5524=ADVANCED_FACE('',(#862,#252),#474,.T.);
#5525=ADVANCED_FACE('',(#863),#5137,.T.);
#5526=ADVANCED_FACE('',(#864),#5138,.T.);
#5527=ADVANCED_FACE('',(#865,#253),#475,.T.);
#5528=ADVANCED_FACE('',(#866,#254),#476,.T.);
#5529=ADVANCED_FACE('',(#867),#5139,.F.);
#5530=ADVANCED_FACE('',(#868,#255),#477,.T.);
#5531=ADVANCED_FACE('',(#869),#5140,.T.);
#5532=ADVANCED_FACE('',(#870,#256),#478,.T.);
#5533=ADVANCED_FACE('',(#871,#257),#479,.T.);
#5534=ADVANCED_FACE('',(#872),#5141,.T.);
#5535=ADVANCED_FACE('',(#873),#5142,.T.);
#5536=ADVANCED_FACE('',(#874,#258),#480,.T.);
#5537=ADVANCED_FACE('',(#875),#5143,.T.);
#5538=ADVANCED_FACE('',(#876),#5144,.T.);
#5539=ADVANCED_FACE('',(#877,#259),#481,.T.);
#5540=ADVANCED_FACE('',(#878,#260),#482,.T.);
#5541=ADVANCED_FACE('',(#879),#5145,.F.);
#5542=ADVANCED_FACE('',(#880,#261),#483,.T.);
#5543=ADVANCED_FACE('',(#881),#5146,.T.);
#5544=ADVANCED_FACE('',(#882,#262),#484,.T.);
#5545=ADVANCED_FACE('',(#883,#263),#485,.T.);
#5546=ADVANCED_FACE('',(#884),#5147,.T.);
#5547=ADVANCED_FACE('',(#885),#5148,.T.);
#5548=ADVANCED_FACE('',(#886,#264),#486,.T.);
#5549=ADVANCED_FACE('',(#887),#5149,.T.);
#5550=ADVANCED_FACE('',(#888),#5150,.T.);
#5551=ADVANCED_FACE('',(#889,#265),#487,.T.);
#5552=ADVANCED_FACE('',(#890,#266),#488,.T.);
#5553=ADVANCED_FACE('',(#891),#5151,.F.);
#5554=ADVANCED_FACE('',(#892,#267),#489,.T.);
#5555=ADVANCED_FACE('',(#893),#5152,.T.);
#5556=ADVANCED_FACE('',(#894,#268),#490,.T.);
#5557=ADVANCED_FACE('',(#895,#269),#491,.T.);
#5558=ADVANCED_FACE('',(#896),#5153,.T.);
#5559=ADVANCED_FACE('',(#897),#5154,.T.);
#5560=ADVANCED_FACE('',(#898,#270),#492,.T.);
#5561=ADVANCED_FACE('',(#899),#5155,.T.);
#5562=ADVANCED_FACE('',(#900),#5156,.T.);
#5563=ADVANCED_FACE('',(#901,#271),#493,.T.);
#5564=ADVANCED_FACE('',(#902,#272),#494,.T.);
#5565=ADVANCED_FACE('',(#903),#5157,.F.);
#5566=ADVANCED_FACE('',(#904,#273),#495,.T.);
#5567=ADVANCED_FACE('',(#905),#5158,.T.);
#5568=ADVANCED_FACE('',(#906,#274),#496,.T.);
#5569=ADVANCED_FACE('',(#907,#275),#497,.T.);
#5570=ADVANCED_FACE('',(#908),#5159,.T.);
#5571=ADVANCED_FACE('',(#909),#5160,.T.);
#5572=ADVANCED_FACE('',(#910,#276),#498,.T.);
#5573=ADVANCED_FACE('',(#911),#5161,.T.);
#5574=ADVANCED_FACE('',(#912),#5162,.T.);
#5575=ADVANCED_FACE('',(#913,#277),#499,.T.);
#5576=ADVANCED_FACE('',(#914,#278),#500,.T.);
#5577=ADVANCED_FACE('',(#915),#5163,.F.);
#5578=ADVANCED_FACE('',(#916,#279),#501,.T.);
#5579=ADVANCED_FACE('',(#917),#5164,.T.);
#5580=ADVANCED_FACE('',(#918,#280),#502,.T.);
#5581=ADVANCED_FACE('',(#919,#281),#503,.T.);
#5582=ADVANCED_FACE('',(#920),#5165,.T.);
#5583=ADVANCED_FACE('',(#921),#5166,.T.);
#5584=ADVANCED_FACE('',(#922,#282),#504,.T.);
#5585=ADVANCED_FACE('',(#923),#5167,.T.);
#5586=ADVANCED_FACE('',(#924),#5168,.T.);
#5587=ADVANCED_FACE('',(#925,#283),#505,.T.);
#5588=ADVANCED_FACE('',(#926,#284),#506,.T.);
#5589=ADVANCED_FACE('',(#927),#5169,.F.);
#5590=ADVANCED_FACE('',(#928,#285),#507,.T.);
#5591=ADVANCED_FACE('',(#929),#5170,.T.);
#5592=ADVANCED_FACE('',(#930,#286),#508,.T.);
#5593=ADVANCED_FACE('',(#931,#287),#509,.T.);
#5594=ADVANCED_FACE('',(#932),#5171,.T.);
#5595=ADVANCED_FACE('',(#933),#5172,.T.);
#5596=ADVANCED_FACE('',(#934,#288),#510,.T.);
#5597=ADVANCED_FACE('',(#935),#5173,.T.);
#5598=ADVANCED_FACE('',(#936),#5174,.T.);
#5599=ADVANCED_FACE('',(#937,#289),#511,.T.);
#5600=ADVANCED_FACE('',(#938,#290),#512,.T.);
#5601=ADVANCED_FACE('',(#939),#5175,.F.);
#5602=ADVANCED_FACE('',(#940,#291),#513,.T.);
#5603=ADVANCED_FACE('',(#941),#5176,.T.);
#5604=ADVANCED_FACE('',(#942,#292),#514,.T.);
#5605=ADVANCED_FACE('',(#943,#293),#515,.T.);
#5606=ADVANCED_FACE('',(#944),#5177,.T.);
#5607=ADVANCED_FACE('',(#945),#5178,.T.);
#5608=ADVANCED_FACE('',(#946,#294),#516,.T.);
#5609=ADVANCED_FACE('',(#947),#5179,.T.);
#5610=ADVANCED_FACE('',(#948),#5180,.T.);
#5611=ADVANCED_FACE('',(#949,#295),#517,.T.);
#5612=ADVANCED_FACE('',(#950,#296),#518,.T.);
#5613=ADVANCED_FACE('',(#951),#5181,.F.);
#5614=ADVANCED_FACE('',(#952,#297),#519,.T.);
#5615=ADVANCED_FACE('',(#953),#5182,.T.);
#5616=ADVANCED_FACE('',(#954,#298),#520,.T.);
#5617=ADVANCED_FACE('',(#955,#299),#521,.T.);
#5618=ADVANCED_FACE('',(#956),#5183,.T.);
#5619=ADVANCED_FACE('',(#957),#5184,.T.);
#5620=ADVANCED_FACE('',(#958,#300),#522,.T.);
#5621=ADVANCED_FACE('',(#959),#5185,.T.);
#5622=ADVANCED_FACE('',(#960),#5186,.T.);
#5623=ADVANCED_FACE('',(#961,#301),#523,.T.);
#5624=ADVANCED_FACE('',(#962,#302),#524,.T.);
#5625=ADVANCED_FACE('',(#963),#5187,.F.);
#5626=ADVANCED_FACE('',(#964,#303),#525,.T.);
#5627=ADVANCED_FACE('',(#965),#5188,.T.);
#5628=ADVANCED_FACE('',(#966,#304),#526,.T.);
#5629=ADVANCED_FACE('',(#967,#305),#527,.T.);
#5630=ADVANCED_FACE('',(#968),#5189,.T.);
#5631=ADVANCED_FACE('',(#969),#5190,.T.);
#5632=ADVANCED_FACE('',(#970,#306),#528,.T.);
#5633=ADVANCED_FACE('',(#971),#5191,.T.);
#5634=ADVANCED_FACE('',(#972),#5192,.T.);
#5635=ADVANCED_FACE('',(#973,#307),#529,.T.);
#5636=ADVANCED_FACE('',(#974,#308),#530,.T.);
#5637=CLOSED_SHELL('',(#5193,#5194,#5195,#5196,#5197,#5198,#5199,#5200,
#5201,#5202,#5203,#5204));
#5638=CLOSED_SHELL('',(#5205,#5206,#5207,#5208,#5209,#5210,#5211,#5212,
#5213,#5214,#5215,#5216));
#5639=CLOSED_SHELL('',(#5217,#5218,#5219,#5220,#5221,#5222,#5223,#5224,
#5225,#5226,#5227,#5228));
#5640=CLOSED_SHELL('',(#5229,#5230,#5231,#5232,#5233,#5234,#5235,#5236,
#5237,#5238,#5239,#5240));
#5641=CLOSED_SHELL('',(#5241,#5242,#5243,#5244,#5245,#5246,#5247,#5248,
#5249,#5250,#5251,#5252));
#5642=CLOSED_SHELL('',(#5253,#5254,#5255,#5256,#5257,#5258,#5259,#5260,
#5261,#5262,#5263,#5264));
#5643=CLOSED_SHELL('',(#5265,#5266,#5267,#5268,#5269,#5270,#5271,#5272,
#5273,#5274,#5275,#5276));
#5644=CLOSED_SHELL('',(#5277,#5278,#5279,#5280,#5281,#5282,#5283,#5284,
#5285,#5286,#5287,#5288));
#5645=CLOSED_SHELL('',(#5289,#5290,#5291,#5292,#5293,#5294,#5295,#5296,
#5297,#5298,#5299,#5300));
#5646=CLOSED_SHELL('',(#5301,#5302,#5303,#5304,#5305,#5306,#5307,#5308,
#5309,#5310,#5311,#5312));
#5647=CLOSED_SHELL('',(#5313,#5314,#5315,#5316,#5317,#5318,#5319,#5320,
#5321,#5322,#5323,#5324));
#5648=CLOSED_SHELL('',(#5325,#5326,#5327,#5328,#5329,#5330,#5331,#5332,
#5333,#5334,#5335,#5336));
#5649=CLOSED_SHELL('',(#5337,#5338,#5339,#5340,#5341,#5342,#5343,#5344,
#5345,#5346,#5347,#5348));
#5650=CLOSED_SHELL('',(#5349,#5350,#5351,#5352,#5353,#5354,#5355,#5356,
#5357,#5358,#5359,#5360));
#5651=CLOSED_SHELL('',(#5361,#5362,#5363,#5364,#5365,#5366,#5367,#5368,
#5369,#5370,#5371,#5372));
#5652=CLOSED_SHELL('',(#5373,#5374,#5375,#5376,#5377,#5378,#5379,#5380,
#5381,#5382,#5383,#5384));
#5653=CLOSED_SHELL('',(#5385,#5386,#5387,#5388,#5389,#5390,#5391,#5392,
#5393,#5394,#5395,#5396));
#5654=CLOSED_SHELL('',(#5397,#5398,#5399,#5400,#5401,#5402,#5403,#5404,
#5405,#5406,#5407,#5408));
#5655=CLOSED_SHELL('',(#5409,#5410,#5411,#5412,#5413,#5414,#5415,#5416,
#5417,#5418,#5419,#5420));
#5656=CLOSED_SHELL('',(#5421,#5422,#5423,#5424,#5425,#5426,#5427,#5428,
#5429,#5430,#5431,#5432));
#5657=CLOSED_SHELL('',(#5433,#5434,#5435,#5436,#5437,#5438,#5439,#5440,
#5441,#5442,#5443,#5444));
#5658=CLOSED_SHELL('',(#5445,#5446,#5447,#5448,#5449,#5450,#5451,#5452,
#5453,#5454,#5455,#5456));
#5659=CLOSED_SHELL('',(#5457,#5458,#5459,#5460,#5461,#5462,#5463,#5464,
#5465,#5466,#5467,#5468));
#5660=CLOSED_SHELL('',(#5469,#5470,#5471,#5472,#5473,#5474,#5475,#5476,
#5477,#5478,#5479,#5480));
#5661=CLOSED_SHELL('',(#5481,#5482,#5483,#5484,#5485,#5486,#5487,#5488,
#5489,#5490,#5491,#5492));
#5662=CLOSED_SHELL('',(#5493,#5494,#5495,#5496,#5497,#5498,#5499,#5500,
#5501,#5502,#5503,#5504));
#5663=CLOSED_SHELL('',(#5505,#5506,#5507,#5508,#5509,#5510,#5511,#5512,
#5513,#5514,#5515,#5516));
#5664=CLOSED_SHELL('',(#5517,#5518,#5519,#5520,#5521,#5522,#5523,#5524,
#5525,#5526,#5527,#5528));
#5665=CLOSED_SHELL('',(#5529,#5530,#5531,#5532,#5533,#5534,#5535,#5536,
#5537,#5538,#5539,#5540));
#5666=CLOSED_SHELL('',(#5541,#5542,#5543,#5544,#5545,#5546,#5547,#5548,
#5549,#5550,#5551,#5552));
#5667=CLOSED_SHELL('',(#5553,#5554,#5555,#5556,#5557,#5558,#5559,#5560,
#5561,#5562,#5563,#5564));
#5668=CLOSED_SHELL('',(#5565,#5566,#5567,#5568,#5569,#5570,#5571,#5572,
#5573,#5574,#5575,#5576));
#5669=CLOSED_SHELL('',(#5577,#5578,#5579,#5580,#5581,#5582,#5583,#5584,
#5585,#5586,#5587,#5588));
#5670=CLOSED_SHELL('',(#5589,#5590,#5591,#5592,#5593,#5594,#5595,#5596,
#5597,#5598,#5599,#5600));
#5671=CLOSED_SHELL('',(#5601,#5602,#5603,#5604,#5605,#5606,#5607,#5608,
#5609,#5610,#5611,#5612));
#5672=CLOSED_SHELL('',(#5613,#5614,#5615,#5616,#5617,#5618,#5619,#5620,
#5621,#5622,#5623,#5624));
#5673=CLOSED_SHELL('',(#5625,#5626,#5627,#5628,#5629,#5630,#5631,#5632,
#5633,#5634,#5635,#5636));
#5674=DERIVED_UNIT_ELEMENT(#5676,1.);
#5675=DERIVED_UNIT_ELEMENT(#10135,-3.);
#5676=(
MASS_UNIT()
NAMED_UNIT(*)
SI_UNIT(.KILO.,.GRAM.)
);
#5677=DERIVED_UNIT((#5674,#5675));
#5678=MEASURE_REPRESENTATION_ITEM('density measure',
POSITIVE_RATIO_MEASURE(7850.),#5677);
#5679=PROPERTY_DEFINITION_REPRESENTATION(#5684,#5681);
#5680=PROPERTY_DEFINITION_REPRESENTATION(#5685,#5682);
#5681=REPRESENTATION('material name',(#5683),#10132);
#5682=REPRESENTATION('density',(#5678),#10132);
#5683=DESCRIPTIVE_REPRESENTATION_ITEM('Steel','Steel');
#5684=PROPERTY_DEFINITION('material property','material name',#10142);
#5685=PROPERTY_DEFINITION('material property','density of part',#10142);
#5686=AXIS2_PLACEMENT_3D('',#8575,#6575,#6576);
#5687=AXIS2_PLACEMENT_3D('',#8576,#6577,#6578);
#5688=AXIS2_PLACEMENT_3D('',#8578,#6579,#6580);
#5689=AXIS2_PLACEMENT_3D('',#8581,#6582,#6583);
#5690=AXIS2_PLACEMENT_3D('',#8582,#6584,#6585);
#5691=AXIS2_PLACEMENT_3D('',#8584,#6586,#6587);
#5692=AXIS2_PLACEMENT_3D('',#8586,#6588,#6589);
#5693=AXIS2_PLACEMENT_3D('',#8587,#6590,#6591);
#5694=AXIS2_PLACEMENT_3D('',#8589,#6592,#6593);
#5695=AXIS2_PLACEMENT_3D('',#8591,#6595,#6596);
#5696=AXIS2_PLACEMENT_3D('',#8593,#6597,#6598);
#5697=AXIS2_PLACEMENT_3D('',#8595,#6599,#6600);
#5698=AXIS2_PLACEMENT_3D('',#8596,#6601,#6602);
#5699=AXIS2_PLACEMENT_3D('',#8598,#6603,#6604);
#5700=AXIS2_PLACEMENT_3D('',#8600,#6605,#6606);
#5701=AXIS2_PLACEMENT_3D('',#8601,#6607,#6608);
#5702=AXIS2_PLACEMENT_3D('',#8603,#6610,#6611);
#5703=AXIS2_PLACEMENT_3D('',#8605,#6613,#6614);
#5704=AXIS2_PLACEMENT_3D('',#8607,#6615,#6616);
#5705=AXIS2_PLACEMENT_3D('',#8609,#6617,#6618);
#5706=AXIS2_PLACEMENT_3D('',#8610,#6619,#6620);
#5707=AXIS2_PLACEMENT_3D('',#8613,#6622,#6623);
#5708=AXIS2_PLACEMENT_3D('',#8614,#6624,#6625);
#5709=AXIS2_PLACEMENT_3D('',#8616,#6627,#6628);
#5710=AXIS2_PLACEMENT_3D('',#8617,#6629,#6630);
#5711=AXIS2_PLACEMENT_3D('',#8618,#6631,#6632);
#5712=AXIS2_PLACEMENT_3D('',#8620,#6633,#6634);
#5713=AXIS2_PLACEMENT_3D('',#8623,#6636,#6637);
#5714=AXIS2_PLACEMENT_3D('',#8624,#6638,#6639);
#5715=AXIS2_PLACEMENT_3D('',#8626,#6640,#6641);
#5716=AXIS2_PLACEMENT_3D('',#8628,#6642,#6643);
#5717=AXIS2_PLACEMENT_3D('',#8629,#6644,#6645);
#5718=AXIS2_PLACEMENT_3D('',#8631,#6646,#6647);
#5719=AXIS2_PLACEMENT_3D('',#8633,#6649,#6650);
#5720=AXIS2_PLACEMENT_3D('',#8635,#6651,#6652);
#5721=AXIS2_PLACEMENT_3D('',#8637,#6653,#6654);
#5722=AXIS2_PLACEMENT_3D('',#8638,#6655,#6656);
#5723=AXIS2_PLACEMENT_3D('',#8640,#6657,#6658);
#5724=AXIS2_PLACEMENT_3D('',#8642,#6659,#6660);
#5725=AXIS2_PLACEMENT_3D('',#8643,#6661,#6662);
#5726=AXIS2_PLACEMENT_3D('',#8645,#6664,#6665);
#5727=AXIS2_PLACEMENT_3D('',#8647,#6667,#6668);
#5728=AXIS2_PLACEMENT_3D('',#8649,#6669,#6670);
#5729=AXIS2_PLACEMENT_3D('',#8651,#6671,#6672);
#5730=AXIS2_PLACEMENT_3D('',#8652,#6673,#6674);
#5731=AXIS2_PLACEMENT_3D('',#8655,#6676,#6677);
#5732=AXIS2_PLACEMENT_3D('',#8656,#6678,#6679);
#5733=AXIS2_PLACEMENT_3D('',#8658,#6681,#6682);
#5734=AXIS2_PLACEMENT_3D('',#8659,#6683,#6684);
#5735=AXIS2_PLACEMENT_3D('',#8660,#6685,#6686);
#5736=AXIS2_PLACEMENT_3D('',#8662,#6687,#6688);
#5737=AXIS2_PLACEMENT_3D('',#8665,#6690,#6691);
#5738=AXIS2_PLACEMENT_3D('',#8666,#6692,#6693);
#5739=AXIS2_PLACEMENT_3D('',#8668,#6694,#6695);
#5740=AXIS2_PLACEMENT_3D('',#8670,#6696,#6697);
#5741=AXIS2_PLACEMENT_3D('',#8671,#6698,#6699);
#5742=AXIS2_PLACEMENT_3D('',#8673,#6700,#6701);
#5743=AXIS2_PLACEMENT_3D('',#8675,#6703,#6704);
#5744=AXIS2_PLACEMENT_3D('',#8677,#6705,#6706);
#5745=AXIS2_PLACEMENT_3D('',#8679,#6707,#6708);
#5746=AXIS2_PLACEMENT_3D('',#8680,#6709,#6710);
#5747=AXIS2_PLACEMENT_3D('',#8682,#6711,#6712);
#5748=AXIS2_PLACEMENT_3D('',#8684,#6713,#6714);
#5749=AXIS2_PLACEMENT_3D('',#8685,#6715,#6716);
#5750=AXIS2_PLACEMENT_3D('',#8687,#6718,#6719);
#5751=AXIS2_PLACEMENT_3D('',#8689,#6721,#6722);
#5752=AXIS2_PLACEMENT_3D('',#8691,#6723,#6724);
#5753=AXIS2_PLACEMENT_3D('',#8693,#6725,#6726);
#5754=AXIS2_PLACEMENT_3D('',#8694,#6727,#6728);
#5755=AXIS2_PLACEMENT_3D('',#8697,#6730,#6731);
#5756=AXIS2_PLACEMENT_3D('',#8698,#6732,#6733);
#5757=AXIS2_PLACEMENT_3D('',#8700,#6735,#6736);
#5758=AXIS2_PLACEMENT_3D('',#8701,#6737,#6738);
#5759=AXIS2_PLACEMENT_3D('',#8702,#6739,#6740);
#5760=AXIS2_PLACEMENT_3D('',#8704,#6741,#6742);
#5761=AXIS2_PLACEMENT_3D('',#8707,#6744,#6745);
#5762=AXIS2_PLACEMENT_3D('',#8708,#6746,#6747);
#5763=AXIS2_PLACEMENT_3D('',#8710,#6748,#6749);
#5764=AXIS2_PLACEMENT_3D('',#8712,#6750,#6751);
#5765=AXIS2_PLACEMENT_3D('',#8713,#6752,#6753);
#5766=AXIS2_PLACEMENT_3D('',#8715,#6754,#6755);
#5767=AXIS2_PLACEMENT_3D('',#8717,#6757,#6758);
#5768=AXIS2_PLACEMENT_3D('',#8719,#6759,#6760);
#5769=AXIS2_PLACEMENT_3D('',#8721,#6761,#6762);
#5770=AXIS2_PLACEMENT_3D('',#8722,#6763,#6764);
#5771=AXIS2_PLACEMENT_3D('',#8724,#6765,#6766);
#5772=AXIS2_PLACEMENT_3D('',#8726,#6767,#6768);
#5773=AXIS2_PLACEMENT_3D('',#8727,#6769,#6770);
#5774=AXIS2_PLACEMENT_3D('',#8729,#6772,#6773);
#5775=AXIS2_PLACEMENT_3D('',#8731,#6775,#6776);
#5776=AXIS2_PLACEMENT_3D('',#8733,#6777,#6778);
#5777=AXIS2_PLACEMENT_3D('',#8735,#6779,#6780);
#5778=AXIS2_PLACEMENT_3D('',#8736,#6781,#6782);
#5779=AXIS2_PLACEMENT_3D('',#8739,#6784,#6785);
#5780=AXIS2_PLACEMENT_3D('',#8740,#6786,#6787);
#5781=AXIS2_PLACEMENT_3D('',#8742,#6789,#6790);
#5782=AXIS2_PLACEMENT_3D('',#8743,#6791,#6792);
#5783=AXIS2_PLACEMENT_3D('',#8744,#6793,#6794);
#5784=AXIS2_PLACEMENT_3D('',#8746,#6795,#6796);
#5785=AXIS2_PLACEMENT_3D('',#8749,#6798,#6799);
#5786=AXIS2_PLACEMENT_3D('',#8750,#6800,#6801);
#5787=AXIS2_PLACEMENT_3D('',#8752,#6802,#6803);
#5788=AXIS2_PLACEMENT_3D('',#8754,#6804,#6805);
#5789=AXIS2_PLACEMENT_3D('',#8755,#6806,#6807);
#5790=AXIS2_PLACEMENT_3D('',#8757,#6808,#6809);
#5791=AXIS2_PLACEMENT_3D('',#8759,#6811,#6812);
#5792=AXIS2_PLACEMENT_3D('',#8761,#6813,#6814);
#5793=AXIS2_PLACEMENT_3D('',#8763,#6815,#6816);
#5794=AXIS2_PLACEMENT_3D('',#8764,#6817,#6818);
#5795=AXIS2_PLACEMENT_3D('',#8766,#6819,#6820);
#5796=AXIS2_PLACEMENT_3D('',#8768,#6821,#6822);
#5797=AXIS2_PLACEMENT_3D('',#8769,#6823,#6824);
#5798=AXIS2_PLACEMENT_3D('',#8771,#6826,#6827);
#5799=AXIS2_PLACEMENT_3D('',#8773,#6829,#6830);
#5800=AXIS2_PLACEMENT_3D('',#8775,#6831,#6832);
#5801=AXIS2_PLACEMENT_3D('',#8777,#6833,#6834);
#5802=AXIS2_PLACEMENT_3D('',#8778,#6835,#6836);
#5803=AXIS2_PLACEMENT_3D('',#8781,#6838,#6839);
#5804=AXIS2_PLACEMENT_3D('',#8782,#6840,#6841);
#5805=AXIS2_PLACEMENT_3D('',#8784,#6843,#6844);
#5806=AXIS2_PLACEMENT_3D('',#8785,#6845,#6846);
#5807=AXIS2_PLACEMENT_3D('',#8786,#6847,#6848);
#5808=AXIS2_PLACEMENT_3D('',#8788,#6849,#6850);
#5809=AXIS2_PLACEMENT_3D('',#8791,#6852,#6853);
#5810=AXIS2_PLACEMENT_3D('',#8792,#6854,#6855);
#5811=AXIS2_PLACEMENT_3D('',#8794,#6856,#6857);
#5812=AXIS2_PLACEMENT_3D('',#8796,#6858,#6859);
#5813=AXIS2_PLACEMENT_3D('',#8797,#6860,#6861);
#5814=AXIS2_PLACEMENT_3D('',#8799,#6862,#6863);
#5815=AXIS2_PLACEMENT_3D('',#8801,#6865,#6866);
#5816=AXIS2_PLACEMENT_3D('',#8803,#6867,#6868);
#5817=AXIS2_PLACEMENT_3D('',#8805,#6869,#6870);
#5818=AXIS2_PLACEMENT_3D('',#8806,#6871,#6872);
#5819=AXIS2_PLACEMENT_3D('',#8808,#6873,#6874);
#5820=AXIS2_PLACEMENT_3D('',#8810,#6875,#6876);
#5821=AXIS2_PLACEMENT_3D('',#8811,#6877,#6878);
#5822=AXIS2_PLACEMENT_3D('',#8813,#6880,#6881);
#5823=AXIS2_PLACEMENT_3D('',#8815,#6883,#6884);
#5824=AXIS2_PLACEMENT_3D('',#8817,#6885,#6886);
#5825=AXIS2_PLACEMENT_3D('',#8819,#6887,#6888);
#5826=AXIS2_PLACEMENT_3D('',#8820,#6889,#6890);
#5827=AXIS2_PLACEMENT_3D('',#8823,#6892,#6893);
#5828=AXIS2_PLACEMENT_3D('',#8824,#6894,#6895);
#5829=AXIS2_PLACEMENT_3D('',#8826,#6897,#6898);
#5830=AXIS2_PLACEMENT_3D('',#8827,#6899,#6900);
#5831=AXIS2_PLACEMENT_3D('',#8828,#6901,#6902);
#5832=AXIS2_PLACEMENT_3D('',#8830,#6903,#6904);
#5833=AXIS2_PLACEMENT_3D('',#8833,#6906,#6907);
#5834=AXIS2_PLACEMENT_3D('',#8834,#6908,#6909);
#5835=AXIS2_PLACEMENT_3D('',#8836,#6910,#6911);
#5836=AXIS2_PLACEMENT_3D('',#8838,#6912,#6913);
#5837=AXIS2_PLACEMENT_3D('',#8839,#6914,#6915);
#5838=AXIS2_PLACEMENT_3D('',#8841,#6916,#6917);
#5839=AXIS2_PLACEMENT_3D('',#8843,#6919,#6920);
#5840=AXIS2_PLACEMENT_3D('',#8845,#6921,#6922);
#5841=AXIS2_PLACEMENT_3D('',#8847,#6923,#6924);
#5842=AXIS2_PLACEMENT_3D('',#8848,#6925,#6926);
#5843=AXIS2_PLACEMENT_3D('',#8850,#6927,#6928);
#5844=AXIS2_PLACEMENT_3D('',#8852,#6929,#6930);
#5845=AXIS2_PLACEMENT_3D('',#8853,#6931,#6932);
#5846=AXIS2_PLACEMENT_3D('',#8855,#6934,#6935);
#5847=AXIS2_PLACEMENT_3D('',#8857,#6937,#6938);
#5848=AXIS2_PLACEMENT_3D('',#8859,#6939,#6940);
#5849=AXIS2_PLACEMENT_3D('',#8861,#6941,#6942);
#5850=AXIS2_PLACEMENT_3D('',#8862,#6943,#6944);
#5851=AXIS2_PLACEMENT_3D('',#8865,#6946,#6947);
#5852=AXIS2_PLACEMENT_3D('',#8866,#6948,#6949);
#5853=AXIS2_PLACEMENT_3D('',#8868,#6951,#6952);
#5854=AXIS2_PLACEMENT_3D('',#8869,#6953,#6954);
#5855=AXIS2_PLACEMENT_3D('',#8870,#6955,#6956);
#5856=AXIS2_PLACEMENT_3D('',#8872,#6957,#6958);
#5857=AXIS2_PLACEMENT_3D('',#8875,#6960,#6961);
#5858=AXIS2_PLACEMENT_3D('',#8876,#6962,#6963);
#5859=AXIS2_PLACEMENT_3D('',#8878,#6964,#6965);
#5860=AXIS2_PLACEMENT_3D('',#8880,#6966,#6967);
#5861=AXIS2_PLACEMENT_3D('',#8881,#6968,#6969);
#5862=AXIS2_PLACEMENT_3D('',#8883,#6970,#6971);
#5863=AXIS2_PLACEMENT_3D('',#8885,#6973,#6974);
#5864=AXIS2_PLACEMENT_3D('',#8887,#6975,#6976);
#5865=AXIS2_PLACEMENT_3D('',#8889,#6977,#6978);
#5866=AXIS2_PLACEMENT_3D('',#8890,#6979,#6980);
#5867=AXIS2_PLACEMENT_3D('',#8892,#6981,#6982);
#5868=AXIS2_PLACEMENT_3D('',#8894,#6983,#6984);
#5869=AXIS2_PLACEMENT_3D('',#8895,#6985,#6986);
#5870=AXIS2_PLACEMENT_3D('',#8897,#6988,#6989);
#5871=AXIS2_PLACEMENT_3D('',#8899,#6991,#6992);
#5872=AXIS2_PLACEMENT_3D('',#8901,#6993,#6994);
#5873=AXIS2_PLACEMENT_3D('',#8903,#6995,#6996);
#5874=AXIS2_PLACEMENT_3D('',#8904,#6997,#6998);
#5875=AXIS2_PLACEMENT_3D('',#8907,#7000,#7001);
#5876=AXIS2_PLACEMENT_3D('',#8908,#7002,#7003);
#5877=AXIS2_PLACEMENT_3D('',#8910,#7005,#7006);
#5878=AXIS2_PLACEMENT_3D('',#8911,#7007,#7008);
#5879=AXIS2_PLACEMENT_3D('',#8912,#7009,#7010);
#5880=AXIS2_PLACEMENT_3D('',#8914,#7011,#7012);
#5881=AXIS2_PLACEMENT_3D('',#8917,#7014,#7015);
#5882=AXIS2_PLACEMENT_3D('',#8918,#7016,#7017);
#5883=AXIS2_PLACEMENT_3D('',#8920,#7018,#7019);
#5884=AXIS2_PLACEMENT_3D('',#8922,#7020,#7021);
#5885=AXIS2_PLACEMENT_3D('',#8923,#7022,#7023);
#5886=AXIS2_PLACEMENT_3D('',#8925,#7024,#7025);
#5887=AXIS2_PLACEMENT_3D('',#8927,#7027,#7028);
#5888=AXIS2_PLACEMENT_3D('',#8929,#7029,#7030);
#5889=AXIS2_PLACEMENT_3D('',#8931,#7031,#7032);
#5890=AXIS2_PLACEMENT_3D('',#8932,#7033,#7034);
#5891=AXIS2_PLACEMENT_3D('',#8934,#7035,#7036);
#5892=AXIS2_PLACEMENT_3D('',#8936,#7037,#7038);
#5893=AXIS2_PLACEMENT_3D('',#8937,#7039,#7040);
#5894=AXIS2_PLACEMENT_3D('',#8939,#7042,#7043);
#5895=AXIS2_PLACEMENT_3D('',#8941,#7045,#7046);
#5896=AXIS2_PLACEMENT_3D('',#8943,#7047,#7048);
#5897=AXIS2_PLACEMENT_3D('',#8945,#7049,#7050);
#5898=AXIS2_PLACEMENT_3D('',#8946,#7051,#7052);
#5899=AXIS2_PLACEMENT_3D('',#8949,#7054,#7055);
#5900=AXIS2_PLACEMENT_3D('',#8950,#7056,#7057);
#5901=AXIS2_PLACEMENT_3D('',#8952,#7059,#7060);
#5902=AXIS2_PLACEMENT_3D('',#8953,#7061,#7062);
#5903=AXIS2_PLACEMENT_3D('',#8954,#7063,#7064);
#5904=AXIS2_PLACEMENT_3D('',#8956,#7065,#7066);
#5905=AXIS2_PLACEMENT_3D('',#8959,#7068,#7069);
#5906=AXIS2_PLACEMENT_3D('',#8960,#7070,#7071);
#5907=AXIS2_PLACEMENT_3D('',#8962,#7072,#7073);
#5908=AXIS2_PLACEMENT_3D('',#8964,#7074,#7075);
#5909=AXIS2_PLACEMENT_3D('',#8965,#7076,#7077);
#5910=AXIS2_PLACEMENT_3D('',#8967,#7078,#7079);
#5911=AXIS2_PLACEMENT_3D('',#8969,#7081,#7082);
#5912=AXIS2_PLACEMENT_3D('',#8971,#7083,#7084);
#5913=AXIS2_PLACEMENT_3D('',#8973,#7085,#7086);
#5914=AXIS2_PLACEMENT_3D('',#8974,#7087,#7088);
#5915=AXIS2_PLACEMENT_3D('',#8976,#7089,#7090);
#5916=AXIS2_PLACEMENT_3D('',#8978,#7091,#7092);
#5917=AXIS2_PLACEMENT_3D('',#8979,#7093,#7094);
#5918=AXIS2_PLACEMENT_3D('',#8981,#7096,#7097);
#5919=AXIS2_PLACEMENT_3D('',#8983,#7099,#7100);
#5920=AXIS2_PLACEMENT_3D('',#8985,#7101,#7102);
#5921=AXIS2_PLACEMENT_3D('',#8987,#7103,#7104);
#5922=AXIS2_PLACEMENT_3D('',#8988,#7105,#7106);
#5923=AXIS2_PLACEMENT_3D('',#8991,#7108,#7109);
#5924=AXIS2_PLACEMENT_3D('',#8992,#7110,#7111);
#5925=AXIS2_PLACEMENT_3D('',#8994,#7113,#7114);
#5926=AXIS2_PLACEMENT_3D('',#8995,#7115,#7116);
#5927=AXIS2_PLACEMENT_3D('',#8996,#7117,#7118);
#5928=AXIS2_PLACEMENT_3D('',#8998,#7119,#7120);
#5929=AXIS2_PLACEMENT_3D('',#9001,#7122,#7123);
#5930=AXIS2_PLACEMENT_3D('',#9002,#7124,#7125);
#5931=AXIS2_PLACEMENT_3D('',#9004,#7126,#7127);
#5932=AXIS2_PLACEMENT_3D('',#9006,#7128,#7129);
#5933=AXIS2_PLACEMENT_3D('',#9007,#7130,#7131);
#5934=AXIS2_PLACEMENT_3D('',#9009,#7132,#7133);
#5935=AXIS2_PLACEMENT_3D('',#9011,#7135,#7136);
#5936=AXIS2_PLACEMENT_3D('',#9013,#7137,#7138);
#5937=AXIS2_PLACEMENT_3D('',#9015,#7139,#7140);
#5938=AXIS2_PLACEMENT_3D('',#9016,#7141,#7142);
#5939=AXIS2_PLACEMENT_3D('',#9018,#7143,#7144);
#5940=AXIS2_PLACEMENT_3D('',#9020,#7145,#7146);
#5941=AXIS2_PLACEMENT_3D('',#9021,#7147,#7148);
#5942=AXIS2_PLACEMENT_3D('',#9023,#7150,#7151);
#5943=AXIS2_PLACEMENT_3D('',#9025,#7153,#7154);
#5944=AXIS2_PLACEMENT_3D('',#9027,#7155,#7156);
#5945=AXIS2_PLACEMENT_3D('',#9029,#7157,#7158);
#5946=AXIS2_PLACEMENT_3D('',#9030,#7159,#7160);
#5947=AXIS2_PLACEMENT_3D('',#9033,#7162,#7163);
#5948=AXIS2_PLACEMENT_3D('',#9034,#7164,#7165);
#5949=AXIS2_PLACEMENT_3D('',#9036,#7167,#7168);
#5950=AXIS2_PLACEMENT_3D('',#9037,#7169,#7170);
#5951=AXIS2_PLACEMENT_3D('',#9038,#7171,#7172);
#5952=AXIS2_PLACEMENT_3D('',#9040,#7173,#7174);
#5953=AXIS2_PLACEMENT_3D('',#9043,#7176,#7177);
#5954=AXIS2_PLACEMENT_3D('',#9044,#7178,#7179);
#5955=AXIS2_PLACEMENT_3D('',#9046,#7180,#7181);
#5956=AXIS2_PLACEMENT_3D('',#9048,#7182,#7183);
#5957=AXIS2_PLACEMENT_3D('',#9049,#7184,#7185);
#5958=AXIS2_PLACEMENT_3D('',#9051,#7186,#7187);
#5959=AXIS2_PLACEMENT_3D('',#9053,#7189,#7190);
#5960=AXIS2_PLACEMENT_3D('',#9055,#7191,#7192);
#5961=AXIS2_PLACEMENT_3D('',#9057,#7193,#7194);
#5962=AXIS2_PLACEMENT_3D('',#9058,#7195,#7196);
#5963=AXIS2_PLACEMENT_3D('',#9060,#7197,#7198);
#5964=AXIS2_PLACEMENT_3D('',#9062,#7199,#7200);
#5965=AXIS2_PLACEMENT_3D('',#9063,#7201,#7202);
#5966=AXIS2_PLACEMENT_3D('',#9065,#7204,#7205);
#5967=AXIS2_PLACEMENT_3D('',#9067,#7207,#7208);
#5968=AXIS2_PLACEMENT_3D('',#9069,#7209,#7210);
#5969=AXIS2_PLACEMENT_3D('',#9071,#7211,#7212);
#5970=AXIS2_PLACEMENT_3D('',#9072,#7213,#7214);
#5971=AXIS2_PLACEMENT_3D('',#9075,#7216,#7217);
#5972=AXIS2_PLACEMENT_3D('',#9076,#7218,#7219);
#5973=AXIS2_PLACEMENT_3D('',#9078,#7221,#7222);
#5974=AXIS2_PLACEMENT_3D('',#9079,#7223,#7224);
#5975=AXIS2_PLACEMENT_3D('',#9080,#7225,#7226);
#5976=AXIS2_PLACEMENT_3D('',#9082,#7227,#7228);
#5977=AXIS2_PLACEMENT_3D('',#9085,#7230,#7231);
#5978=AXIS2_PLACEMENT_3D('',#9086,#7232,#7233);
#5979=AXIS2_PLACEMENT_3D('',#9088,#7234,#7235);
#5980=AXIS2_PLACEMENT_3D('',#9090,#7236,#7237);
#5981=AXIS2_PLACEMENT_3D('',#9091,#7238,#7239);
#5982=AXIS2_PLACEMENT_3D('',#9093,#7240,#7241);
#5983=AXIS2_PLACEMENT_3D('',#9095,#7243,#7244);
#5984=AXIS2_PLACEMENT_3D('',#9097,#7245,#7246);
#5985=AXIS2_PLACEMENT_3D('',#9099,#7247,#7248);
#5986=AXIS2_PLACEMENT_3D('',#9100,#7249,#7250);
#5987=AXIS2_PLACEMENT_3D('',#9102,#7251,#7252);
#5988=AXIS2_PLACEMENT_3D('',#9104,#7253,#7254);
#5989=AXIS2_PLACEMENT_3D('',#9105,#7255,#7256);
#5990=AXIS2_PLACEMENT_3D('',#9107,#7258,#7259);
#5991=AXIS2_PLACEMENT_3D('',#9109,#7261,#7262);
#5992=AXIS2_PLACEMENT_3D('',#9111,#7263,#7264);
#5993=AXIS2_PLACEMENT_3D('',#9113,#7265,#7266);
#5994=AXIS2_PLACEMENT_3D('',#9114,#7267,#7268);
#5995=AXIS2_PLACEMENT_3D('',#9117,#7270,#7271);
#5996=AXIS2_PLACEMENT_3D('',#9118,#7272,#7273);
#5997=AXIS2_PLACEMENT_3D('',#9120,#7275,#7276);
#5998=AXIS2_PLACEMENT_3D('',#9121,#7277,#7278);
#5999=AXIS2_PLACEMENT_3D('',#9122,#7279,#7280);
#6000=AXIS2_PLACEMENT_3D('',#9124,#7281,#7282);
#6001=AXIS2_PLACEMENT_3D('',#9127,#7284,#7285);
#6002=AXIS2_PLACEMENT_3D('',#9128,#7286,#7287);
#6003=AXIS2_PLACEMENT_3D('',#9130,#7288,#7289);
#6004=AXIS2_PLACEMENT_3D('',#9132,#7290,#7291);
#6005=AXIS2_PLACEMENT_3D('',#9133,#7292,#7293);
#6006=AXIS2_PLACEMENT_3D('',#9135,#7294,#7295);
#6007=AXIS2_PLACEMENT_3D('',#9137,#7297,#7298);
#6008=AXIS2_PLACEMENT_3D('',#9139,#7299,#7300);
#6009=AXIS2_PLACEMENT_3D('',#9141,#7301,#7302);
#6010=AXIS2_PLACEMENT_3D('',#9142,#7303,#7304);
#6011=AXIS2_PLACEMENT_3D('',#9144,#7305,#7306);
#6012=AXIS2_PLACEMENT_3D('',#9146,#7307,#7308);
#6013=AXIS2_PLACEMENT_3D('',#9147,#7309,#7310);
#6014=AXIS2_PLACEMENT_3D('',#9149,#7312,#7313);
#6015=AXIS2_PLACEMENT_3D('',#9151,#7315,#7316);
#6016=AXIS2_PLACEMENT_3D('',#9153,#7317,#7318);
#6017=AXIS2_PLACEMENT_3D('',#9155,#7319,#7320);
#6018=AXIS2_PLACEMENT_3D('',#9156,#7321,#7322);
#6019=AXIS2_PLACEMENT_3D('',#9159,#7324,#7325);
#6020=AXIS2_PLACEMENT_3D('',#9160,#7326,#7327);
#6021=AXIS2_PLACEMENT_3D('',#9162,#7329,#7330);
#6022=AXIS2_PLACEMENT_3D('',#9163,#7331,#7332);
#6023=AXIS2_PLACEMENT_3D('',#9164,#7333,#7334);
#6024=AXIS2_PLACEMENT_3D('',#9166,#7335,#7336);
#6025=AXIS2_PLACEMENT_3D('',#9169,#7338,#7339);
#6026=AXIS2_PLACEMENT_3D('',#9170,#7340,#7341);
#6027=AXIS2_PLACEMENT_3D('',#9172,#7342,#7343);
#6028=AXIS2_PLACEMENT_3D('',#9174,#7344,#7345);
#6029=AXIS2_PLACEMENT_3D('',#9175,#7346,#7347);
#6030=AXIS2_PLACEMENT_3D('',#9177,#7348,#7349);
#6031=AXIS2_PLACEMENT_3D('',#9179,#7351,#7352);
#6032=AXIS2_PLACEMENT_3D('',#9181,#7353,#7354);
#6033=AXIS2_PLACEMENT_3D('',#9183,#7355,#7356);
#6034=AXIS2_PLACEMENT_3D('',#9184,#7357,#7358);
#6035=AXIS2_PLACEMENT_3D('',#9186,#7359,#7360);
#6036=AXIS2_PLACEMENT_3D('',#9188,#7361,#7362);
#6037=AXIS2_PLACEMENT_3D('',#9189,#7363,#7364);
#6038=AXIS2_PLACEMENT_3D('',#9191,#7366,#7367);
#6039=AXIS2_PLACEMENT_3D('',#9193,#7369,#7370);
#6040=AXIS2_PLACEMENT_3D('',#9195,#7371,#7372);
#6041=AXIS2_PLACEMENT_3D('',#9197,#7373,#7374);
#6042=AXIS2_PLACEMENT_3D('',#9198,#7375,#7376);
#6043=AXIS2_PLACEMENT_3D('',#9201,#7378,#7379);
#6044=AXIS2_PLACEMENT_3D('',#9202,#7380,#7381);
#6045=AXIS2_PLACEMENT_3D('',#9204,#7383,#7384);
#6046=AXIS2_PLACEMENT_3D('',#9205,#7385,#7386);
#6047=AXIS2_PLACEMENT_3D('',#9206,#7387,#7388);
#6048=AXIS2_PLACEMENT_3D('',#9208,#7389,#7390);
#6049=AXIS2_PLACEMENT_3D('',#9211,#7392,#7393);
#6050=AXIS2_PLACEMENT_3D('',#9212,#7394,#7395);
#6051=AXIS2_PLACEMENT_3D('',#9214,#7396,#7397);
#6052=AXIS2_PLACEMENT_3D('',#9216,#7398,#7399);
#6053=AXIS2_PLACEMENT_3D('',#9217,#7400,#7401);
#6054=AXIS2_PLACEMENT_3D('',#9219,#7402,#7403);
#6055=AXIS2_PLACEMENT_3D('',#9221,#7405,#7406);
#6056=AXIS2_PLACEMENT_3D('',#9223,#7407,#7408);
#6057=AXIS2_PLACEMENT_3D('',#9225,#7409,#7410);
#6058=AXIS2_PLACEMENT_3D('',#9226,#7411,#7412);
#6059=AXIS2_PLACEMENT_3D('',#9228,#7413,#7414);
#6060=AXIS2_PLACEMENT_3D('',#9230,#7415,#7416);
#6061=AXIS2_PLACEMENT_3D('',#9231,#7417,#7418);
#6062=AXIS2_PLACEMENT_3D('',#9233,#7420,#7421);
#6063=AXIS2_PLACEMENT_3D('',#9235,#7423,#7424);
#6064=AXIS2_PLACEMENT_3D('',#9237,#7425,#7426);
#6065=AXIS2_PLACEMENT_3D('',#9239,#7427,#7428);
#6066=AXIS2_PLACEMENT_3D('',#9240,#7429,#7430);
#6067=AXIS2_PLACEMENT_3D('',#9243,#7432,#7433);
#6068=AXIS2_PLACEMENT_3D('',#9244,#7434,#7435);
#6069=AXIS2_PLACEMENT_3D('',#9246,#7437,#7438);
#6070=AXIS2_PLACEMENT_3D('',#9247,#7439,#7440);
#6071=AXIS2_PLACEMENT_3D('',#9248,#7441,#7442);
#6072=AXIS2_PLACEMENT_3D('',#9250,#7443,#7444);
#6073=AXIS2_PLACEMENT_3D('',#9253,#7446,#7447);
#6074=AXIS2_PLACEMENT_3D('',#9254,#7448,#7449);
#6075=AXIS2_PLACEMENT_3D('',#9256,#7450,#7451);
#6076=AXIS2_PLACEMENT_3D('',#9258,#7452,#7453);
#6077=AXIS2_PLACEMENT_3D('',#9259,#7454,#7455);
#6078=AXIS2_PLACEMENT_3D('',#9261,#7456,#7457);
#6079=AXIS2_PLACEMENT_3D('',#9263,#7459,#7460);
#6080=AXIS2_PLACEMENT_3D('',#9265,#7461,#7462);
#6081=AXIS2_PLACEMENT_3D('',#9267,#7463,#7464);
#6082=AXIS2_PLACEMENT_3D('',#9268,#7465,#7466);
#6083=AXIS2_PLACEMENT_3D('',#9270,#7467,#7468);
#6084=AXIS2_PLACEMENT_3D('',#9272,#7469,#7470);
#6085=AXIS2_PLACEMENT_3D('',#9273,#7471,#7472);
#6086=AXIS2_PLACEMENT_3D('',#9275,#7474,#7475);
#6087=AXIS2_PLACEMENT_3D('',#9277,#7477,#7478);
#6088=AXIS2_PLACEMENT_3D('',#9279,#7479,#7480);
#6089=AXIS2_PLACEMENT_3D('',#9281,#7481,#7482);
#6090=AXIS2_PLACEMENT_3D('',#9282,#7483,#7484);
#6091=AXIS2_PLACEMENT_3D('',#9285,#7486,#7487);
#6092=AXIS2_PLACEMENT_3D('',#9286,#7488,#7489);
#6093=AXIS2_PLACEMENT_3D('',#9288,#7491,#7492);
#6094=AXIS2_PLACEMENT_3D('',#9289,#7493,#7494);
#6095=AXIS2_PLACEMENT_3D('',#9290,#7495,#7496);
#6096=AXIS2_PLACEMENT_3D('',#9292,#7497,#7498);
#6097=AXIS2_PLACEMENT_3D('',#9295,#7500,#7501);
#6098=AXIS2_PLACEMENT_3D('',#9296,#7502,#7503);
#6099=AXIS2_PLACEMENT_3D('',#9298,#7504,#7505);
#6100=AXIS2_PLACEMENT_3D('',#9300,#7506,#7507);
#6101=AXIS2_PLACEMENT_3D('',#9301,#7508,#7509);
#6102=AXIS2_PLACEMENT_3D('',#9303,#7510,#7511);
#6103=AXIS2_PLACEMENT_3D('',#9305,#7513,#7514);
#6104=AXIS2_PLACEMENT_3D('',#9307,#7515,#7516);
#6105=AXIS2_PLACEMENT_3D('',#9309,#7517,#7518);
#6106=AXIS2_PLACEMENT_3D('',#9310,#7519,#7520);
#6107=AXIS2_PLACEMENT_3D('',#9312,#7521,#7522);
#6108=AXIS2_PLACEMENT_3D('',#9314,#7523,#7524);
#6109=AXIS2_PLACEMENT_3D('',#9315,#7525,#7526);
#6110=AXIS2_PLACEMENT_3D('',#9317,#7528,#7529);
#6111=AXIS2_PLACEMENT_3D('',#9319,#7531,#7532);
#6112=AXIS2_PLACEMENT_3D('',#9321,#7533,#7534);
#6113=AXIS2_PLACEMENT_3D('',#9323,#7535,#7536);
#6114=AXIS2_PLACEMENT_3D('',#9324,#7537,#7538);
#6115=AXIS2_PLACEMENT_3D('',#9327,#7540,#7541);
#6116=AXIS2_PLACEMENT_3D('',#9328,#7542,#7543);
#6117=AXIS2_PLACEMENT_3D('',#9330,#7545,#7546);
#6118=AXIS2_PLACEMENT_3D('',#9331,#7547,#7548);
#6119=AXIS2_PLACEMENT_3D('',#9332,#7549,#7550);
#6120=AXIS2_PLACEMENT_3D('',#9334,#7551,#7552);
#6121=AXIS2_PLACEMENT_3D('',#9337,#7554,#7555);
#6122=AXIS2_PLACEMENT_3D('',#9338,#7556,#7557);
#6123=AXIS2_PLACEMENT_3D('',#9340,#7558,#7559);
#6124=AXIS2_PLACEMENT_3D('',#9342,#7560,#7561);
#6125=AXIS2_PLACEMENT_3D('',#9343,#7562,#7563);
#6126=AXIS2_PLACEMENT_3D('',#9345,#7564,#7565);
#6127=AXIS2_PLACEMENT_3D('',#9347,#7567,#7568);
#6128=AXIS2_PLACEMENT_3D('',#9349,#7569,#7570);
#6129=AXIS2_PLACEMENT_3D('',#9351,#7571,#7572);
#6130=AXIS2_PLACEMENT_3D('',#9352,#7573,#7574);
#6131=AXIS2_PLACEMENT_3D('',#9354,#7575,#7576);
#6132=AXIS2_PLACEMENT_3D('',#9356,#7577,#7578);
#6133=AXIS2_PLACEMENT_3D('',#9357,#7579,#7580);
#6134=AXIS2_PLACEMENT_3D('',#9359,#7582,#7583);
#6135=AXIS2_PLACEMENT_3D('',#9361,#7585,#7586);
#6136=AXIS2_PLACEMENT_3D('',#9363,#7587,#7588);
#6137=AXIS2_PLACEMENT_3D('',#9365,#7589,#7590);
#6138=AXIS2_PLACEMENT_3D('',#9366,#7591,#7592);
#6139=AXIS2_PLACEMENT_3D('',#9369,#7594,#7595);
#6140=AXIS2_PLACEMENT_3D('',#9370,#7596,#7597);
#6141=AXIS2_PLACEMENT_3D('',#9372,#7599,#7600);
#6142=AXIS2_PLACEMENT_3D('',#9373,#7601,#7602);
#6143=AXIS2_PLACEMENT_3D('',#9374,#7603,#7604);
#6144=AXIS2_PLACEMENT_3D('',#9376,#7605,#7606);
#6145=AXIS2_PLACEMENT_3D('',#9379,#7608,#7609);
#6146=AXIS2_PLACEMENT_3D('',#9380,#7610,#7611);
#6147=AXIS2_PLACEMENT_3D('',#9382,#7612,#7613);
#6148=AXIS2_PLACEMENT_3D('',#9384,#7614,#7615);
#6149=AXIS2_PLACEMENT_3D('',#9385,#7616,#7617);
#6150=AXIS2_PLACEMENT_3D('',#9387,#7618,#7619);
#6151=AXIS2_PLACEMENT_3D('',#9389,#7621,#7622);
#6152=AXIS2_PLACEMENT_3D('',#9391,#7623,#7624);
#6153=AXIS2_PLACEMENT_3D('',#9393,#7625,#7626);
#6154=AXIS2_PLACEMENT_3D('',#9394,#7627,#7628);
#6155=AXIS2_PLACEMENT_3D('',#9396,#7629,#7630);
#6156=AXIS2_PLACEMENT_3D('',#9398,#7631,#7632);
#6157=AXIS2_PLACEMENT_3D('',#9399,#7633,#7634);
#6158=AXIS2_PLACEMENT_3D('',#9401,#7636,#7637);
#6159=AXIS2_PLACEMENT_3D('',#9403,#7639,#7640);
#6160=AXIS2_PLACEMENT_3D('',#9405,#7641,#7642);
#6161=AXIS2_PLACEMENT_3D('',#9407,#7643,#7644);
#6162=AXIS2_PLACEMENT_3D('',#9408,#7645,#7646);
#6163=AXIS2_PLACEMENT_3D('',#9411,#7648,#7649);
#6164=AXIS2_PLACEMENT_3D('',#9412,#7650,#7651);
#6165=AXIS2_PLACEMENT_3D('',#9414,#7653,#7654);
#6166=AXIS2_PLACEMENT_3D('',#9415,#7655,#7656);
#6167=AXIS2_PLACEMENT_3D('',#9416,#7657,#7658);
#6168=AXIS2_PLACEMENT_3D('',#9418,#7659,#7660);
#6169=AXIS2_PLACEMENT_3D('',#9421,#7662,#7663);
#6170=AXIS2_PLACEMENT_3D('',#9422,#7664,#7665);
#6171=AXIS2_PLACEMENT_3D('',#9424,#7666,#7667);
#6172=AXIS2_PLACEMENT_3D('',#9426,#7668,#7669);
#6173=AXIS2_PLACEMENT_3D('',#9427,#7670,#7671);
#6174=AXIS2_PLACEMENT_3D('',#9429,#7672,#7673);
#6175=AXIS2_PLACEMENT_3D('',#9431,#7675,#7676);
#6176=AXIS2_PLACEMENT_3D('',#9433,#7677,#7678);
#6177=AXIS2_PLACEMENT_3D('',#9435,#7679,#7680);
#6178=AXIS2_PLACEMENT_3D('',#9436,#7681,#7682);
#6179=AXIS2_PLACEMENT_3D('',#9438,#7683,#7684);
#6180=AXIS2_PLACEMENT_3D('',#9440,#7685,#7686);
#6181=AXIS2_PLACEMENT_3D('',#9441,#7687,#7688);
#6182=AXIS2_PLACEMENT_3D('',#9443,#7690,#7691);
#6183=AXIS2_PLACEMENT_3D('',#9445,#7693,#7694);
#6184=AXIS2_PLACEMENT_3D('',#9447,#7695,#7696);
#6185=AXIS2_PLACEMENT_3D('',#9449,#7697,#7698);
#6186=AXIS2_PLACEMENT_3D('',#9450,#7699,#7700);
#6187=AXIS2_PLACEMENT_3D('',#9453,#7702,#7703);
#6188=AXIS2_PLACEMENT_3D('',#9454,#7704,#7705);
#6189=AXIS2_PLACEMENT_3D('',#9456,#7707,#7708);
#6190=AXIS2_PLACEMENT_3D('',#9457,#7709,#7710);
#6191=AXIS2_PLACEMENT_3D('',#9458,#7711,#7712);
#6192=AXIS2_PLACEMENT_3D('',#9460,#7713,#7714);
#6193=AXIS2_PLACEMENT_3D('',#9463,#7716,#7717);
#6194=AXIS2_PLACEMENT_3D('',#9464,#7718,#7719);
#6195=AXIS2_PLACEMENT_3D('',#9466,#7720,#7721);
#6196=AXIS2_PLACEMENT_3D('',#9468,#7722,#7723);
#6197=AXIS2_PLACEMENT_3D('',#9469,#7724,#7725);
#6198=AXIS2_PLACEMENT_3D('',#9471,#7726,#7727);
#6199=AXIS2_PLACEMENT_3D('',#9473,#7729,#7730);
#6200=AXIS2_PLACEMENT_3D('',#9475,#7731,#7732);
#6201=AXIS2_PLACEMENT_3D('',#9477,#7733,#7734);
#6202=AXIS2_PLACEMENT_3D('',#9478,#7735,#7736);
#6203=AXIS2_PLACEMENT_3D('',#9480,#7737,#7738);
#6204=AXIS2_PLACEMENT_3D('',#9482,#7739,#7740);
#6205=AXIS2_PLACEMENT_3D('',#9483,#7741,#7742);
#6206=AXIS2_PLACEMENT_3D('',#9485,#7744,#7745);
#6207=AXIS2_PLACEMENT_3D('',#9487,#7747,#7748);
#6208=AXIS2_PLACEMENT_3D('',#9489,#7749,#7750);
#6209=AXIS2_PLACEMENT_3D('',#9491,#7751,#7752);
#6210=AXIS2_PLACEMENT_3D('',#9492,#7753,#7754);
#6211=AXIS2_PLACEMENT_3D('',#9495,#7756,#7757);
#6212=AXIS2_PLACEMENT_3D('',#9496,#7758,#7759);
#6213=AXIS2_PLACEMENT_3D('',#9498,#7761,#7762);
#6214=AXIS2_PLACEMENT_3D('',#9499,#7763,#7764);
#6215=AXIS2_PLACEMENT_3D('',#9500,#7765,#7766);
#6216=AXIS2_PLACEMENT_3D('',#9502,#7767,#7768);
#6217=AXIS2_PLACEMENT_3D('',#9505,#7770,#7771);
#6218=AXIS2_PLACEMENT_3D('',#9506,#7772,#7773);
#6219=AXIS2_PLACEMENT_3D('',#9508,#7774,#7775);
#6220=AXIS2_PLACEMENT_3D('',#9510,#7776,#7777);
#6221=AXIS2_PLACEMENT_3D('',#9511,#7778,#7779);
#6222=AXIS2_PLACEMENT_3D('',#9513,#7780,#7781);
#6223=AXIS2_PLACEMENT_3D('',#9515,#7783,#7784);
#6224=AXIS2_PLACEMENT_3D('',#9517,#7785,#7786);
#6225=AXIS2_PLACEMENT_3D('',#9519,#7787,#7788);
#6226=AXIS2_PLACEMENT_3D('',#9520,#7789,#7790);
#6227=AXIS2_PLACEMENT_3D('',#9522,#7791,#7792);
#6228=AXIS2_PLACEMENT_3D('',#9524,#7793,#7794);
#6229=AXIS2_PLACEMENT_3D('',#9525,#7795,#7796);
#6230=AXIS2_PLACEMENT_3D('',#9527,#7798,#7799);
#6231=AXIS2_PLACEMENT_3D('',#9529,#7801,#7802);
#6232=AXIS2_PLACEMENT_3D('',#9531,#7803,#7804);
#6233=AXIS2_PLACEMENT_3D('',#9533,#7805,#7806);
#6234=AXIS2_PLACEMENT_3D('',#9534,#7807,#7808);
#6235=AXIS2_PLACEMENT_3D('',#9537,#7810,#7811);
#6236=AXIS2_PLACEMENT_3D('',#9538,#7812,#7813);
#6237=AXIS2_PLACEMENT_3D('',#9540,#7815,#7816);
#6238=AXIS2_PLACEMENT_3D('',#9541,#7817,#7818);
#6239=AXIS2_PLACEMENT_3D('',#9542,#7819,#7820);
#6240=AXIS2_PLACEMENT_3D('',#9544,#7821,#7822);
#6241=AXIS2_PLACEMENT_3D('',#9547,#7824,#7825);
#6242=AXIS2_PLACEMENT_3D('',#9548,#7826,#7827);
#6243=AXIS2_PLACEMENT_3D('',#9550,#7828,#7829);
#6244=AXIS2_PLACEMENT_3D('',#9552,#7830,#7831);
#6245=AXIS2_PLACEMENT_3D('',#9553,#7832,#7833);
#6246=AXIS2_PLACEMENT_3D('',#9555,#7834,#7835);
#6247=AXIS2_PLACEMENT_3D('',#9557,#7837,#7838);
#6248=AXIS2_PLACEMENT_3D('',#9559,#7839,#7840);
#6249=AXIS2_PLACEMENT_3D('',#9561,#7841,#7842);
#6250=AXIS2_PLACEMENT_3D('',#9562,#7843,#7844);
#6251=AXIS2_PLACEMENT_3D('',#9564,#7845,#7846);
#6252=AXIS2_PLACEMENT_3D('',#9566,#7847,#7848);
#6253=AXIS2_PLACEMENT_3D('',#9567,#7849,#7850);
#6254=AXIS2_PLACEMENT_3D('',#9569,#7852,#7853);
#6255=AXIS2_PLACEMENT_3D('',#9571,#7855,#7856);
#6256=AXIS2_PLACEMENT_3D('',#9573,#7857,#7858);
#6257=AXIS2_PLACEMENT_3D('',#9575,#7859,#7860);
#6258=AXIS2_PLACEMENT_3D('',#9576,#7861,#7862);
#6259=AXIS2_PLACEMENT_3D('',#9579,#7864,#7865);
#6260=AXIS2_PLACEMENT_3D('',#9580,#7866,#7867);
#6261=AXIS2_PLACEMENT_3D('',#9582,#7869,#7870);
#6262=AXIS2_PLACEMENT_3D('',#9583,#7871,#7872);
#6263=AXIS2_PLACEMENT_3D('',#9584,#7873,#7874);
#6264=AXIS2_PLACEMENT_3D('',#9586,#7875,#7876);
#6265=AXIS2_PLACEMENT_3D('',#9589,#7878,#7879);
#6266=AXIS2_PLACEMENT_3D('',#9590,#7880,#7881);
#6267=AXIS2_PLACEMENT_3D('',#9592,#7882,#7883);
#6268=AXIS2_PLACEMENT_3D('',#9594,#7884,#7885);
#6269=AXIS2_PLACEMENT_3D('',#9595,#7886,#7887);
#6270=AXIS2_PLACEMENT_3D('',#9597,#7888,#7889);
#6271=AXIS2_PLACEMENT_3D('',#9599,#7891,#7892);
#6272=AXIS2_PLACEMENT_3D('',#9601,#7893,#7894);
#6273=AXIS2_PLACEMENT_3D('',#9603,#7895,#7896);
#6274=AXIS2_PLACEMENT_3D('',#9604,#7897,#7898);
#6275=AXIS2_PLACEMENT_3D('',#9606,#7899,#7900);
#6276=AXIS2_PLACEMENT_3D('',#9608,#7901,#7902);
#6277=AXIS2_PLACEMENT_3D('',#9609,#7903,#7904);
#6278=AXIS2_PLACEMENT_3D('',#9611,#7906,#7907);
#6279=AXIS2_PLACEMENT_3D('',#9613,#7909,#7910);
#6280=AXIS2_PLACEMENT_3D('',#9615,#7911,#7912);
#6281=AXIS2_PLACEMENT_3D('',#9617,#7913,#7914);
#6282=AXIS2_PLACEMENT_3D('',#9618,#7915,#7916);
#6283=AXIS2_PLACEMENT_3D('',#9621,#7918,#7919);
#6284=AXIS2_PLACEMENT_3D('',#9622,#7920,#7921);
#6285=AXIS2_PLACEMENT_3D('',#9624,#7923,#7924);
#6286=AXIS2_PLACEMENT_3D('',#9625,#7925,#7926);
#6287=AXIS2_PLACEMENT_3D('',#9626,#7927,#7928);
#6288=AXIS2_PLACEMENT_3D('',#9628,#7929,#7930);
#6289=AXIS2_PLACEMENT_3D('',#9631,#7932,#7933);
#6290=AXIS2_PLACEMENT_3D('',#9632,#7934,#7935);
#6291=AXIS2_PLACEMENT_3D('',#9634,#7936,#7937);
#6292=AXIS2_PLACEMENT_3D('',#9636,#7938,#7939);
#6293=AXIS2_PLACEMENT_3D('',#9637,#7940,#7941);
#6294=AXIS2_PLACEMENT_3D('',#9639,#7942,#7943);
#6295=AXIS2_PLACEMENT_3D('',#9641,#7945,#7946);
#6296=AXIS2_PLACEMENT_3D('',#9643,#7947,#7948);
#6297=AXIS2_PLACEMENT_3D('',#9645,#7949,#7950);
#6298=AXIS2_PLACEMENT_3D('',#9646,#7951,#7952);
#6299=AXIS2_PLACEMENT_3D('',#9648,#7953,#7954);
#6300=AXIS2_PLACEMENT_3D('',#9650,#7955,#7956);
#6301=AXIS2_PLACEMENT_3D('',#9651,#7957,#7958);
#6302=AXIS2_PLACEMENT_3D('',#9653,#7960,#7961);
#6303=AXIS2_PLACEMENT_3D('',#9655,#7963,#7964);
#6304=AXIS2_PLACEMENT_3D('',#9657,#7965,#7966);
#6305=AXIS2_PLACEMENT_3D('',#9659,#7967,#7968);
#6306=AXIS2_PLACEMENT_3D('',#9660,#7969,#7970);
#6307=AXIS2_PLACEMENT_3D('',#9663,#7972,#7973);
#6308=AXIS2_PLACEMENT_3D('',#9664,#7974,#7975);
#6309=AXIS2_PLACEMENT_3D('',#9666,#7977,#7978);
#6310=AXIS2_PLACEMENT_3D('',#9667,#7979,#7980);
#6311=AXIS2_PLACEMENT_3D('',#9668,#7981,#7982);
#6312=AXIS2_PLACEMENT_3D('',#9670,#7983,#7984);
#6313=AXIS2_PLACEMENT_3D('',#9673,#7986,#7987);
#6314=AXIS2_PLACEMENT_3D('',#9674,#7988,#7989);
#6315=AXIS2_PLACEMENT_3D('',#9676,#7990,#7991);
#6316=AXIS2_PLACEMENT_3D('',#9678,#7992,#7993);
#6317=AXIS2_PLACEMENT_3D('',#9679,#7994,#7995);
#6318=AXIS2_PLACEMENT_3D('',#9681,#7996,#7997);
#6319=AXIS2_PLACEMENT_3D('',#9683,#7999,#8000);
#6320=AXIS2_PLACEMENT_3D('',#9685,#8001,#8002);
#6321=AXIS2_PLACEMENT_3D('',#9687,#8003,#8004);
#6322=AXIS2_PLACEMENT_3D('',#9688,#8005,#8006);
#6323=AXIS2_PLACEMENT_3D('',#9690,#8007,#8008);
#6324=AXIS2_PLACEMENT_3D('',#9692,#8009,#8010);
#6325=AXIS2_PLACEMENT_3D('',#9693,#8011,#8012);
#6326=AXIS2_PLACEMENT_3D('',#9695,#8014,#8015);
#6327=AXIS2_PLACEMENT_3D('',#9697,#8017,#8018);
#6328=AXIS2_PLACEMENT_3D('',#9699,#8019,#8020);
#6329=AXIS2_PLACEMENT_3D('',#9701,#8021,#8022);
#6330=AXIS2_PLACEMENT_3D('',#9702,#8023,#8024);
#6331=AXIS2_PLACEMENT_3D('',#9705,#8026,#8027);
#6332=AXIS2_PLACEMENT_3D('',#9706,#8028,#8029);
#6333=AXIS2_PLACEMENT_3D('',#9708,#8031,#8032);
#6334=AXIS2_PLACEMENT_3D('',#9709,#8033,#8034);
#6335=AXIS2_PLACEMENT_3D('',#9710,#8035,#8036);
#6336=AXIS2_PLACEMENT_3D('',#9712,#8037,#8038);
#6337=AXIS2_PLACEMENT_3D('',#9715,#8040,#8041);
#6338=AXIS2_PLACEMENT_3D('',#9716,#8042,#8043);
#6339=AXIS2_PLACEMENT_3D('',#9718,#8044,#8045);
#6340=AXIS2_PLACEMENT_3D('',#9720,#8046,#8047);
#6341=AXIS2_PLACEMENT_3D('',#9721,#8048,#8049);
#6342=AXIS2_PLACEMENT_3D('',#9723,#8050,#8051);
#6343=AXIS2_PLACEMENT_3D('',#9725,#8053,#8054);
#6344=AXIS2_PLACEMENT_3D('',#9727,#8055,#8056);
#6345=AXIS2_PLACEMENT_3D('',#9729,#8057,#8058);
#6346=AXIS2_PLACEMENT_3D('',#9730,#8059,#8060);
#6347=AXIS2_PLACEMENT_3D('',#9732,#8061,#8062);
#6348=AXIS2_PLACEMENT_3D('',#9734,#8063,#8064);
#6349=AXIS2_PLACEMENT_3D('',#9735,#8065,#8066);
#6350=AXIS2_PLACEMENT_3D('',#9737,#8068,#8069);
#6351=AXIS2_PLACEMENT_3D('',#9739,#8071,#8072);
#6352=AXIS2_PLACEMENT_3D('',#9741,#8073,#8074);
#6353=AXIS2_PLACEMENT_3D('',#9743,#8075,#8076);
#6354=AXIS2_PLACEMENT_3D('',#9744,#8077,#8078);
#6355=AXIS2_PLACEMENT_3D('',#9747,#8080,#8081);
#6356=AXIS2_PLACEMENT_3D('',#9748,#8082,#8083);
#6357=AXIS2_PLACEMENT_3D('',#9750,#8085,#8086);
#6358=AXIS2_PLACEMENT_3D('',#9751,#8087,#8088);
#6359=AXIS2_PLACEMENT_3D('',#9752,#8089,#8090);
#6360=AXIS2_PLACEMENT_3D('',#9754,#8091,#8092);
#6361=AXIS2_PLACEMENT_3D('',#9757,#8094,#8095);
#6362=AXIS2_PLACEMENT_3D('',#9758,#8096,#8097);
#6363=AXIS2_PLACEMENT_3D('',#9760,#8098,#8099);
#6364=AXIS2_PLACEMENT_3D('',#9762,#8100,#8101);
#6365=AXIS2_PLACEMENT_3D('',#9763,#8102,#8103);
#6366=AXIS2_PLACEMENT_3D('',#9765,#8104,#8105);
#6367=AXIS2_PLACEMENT_3D('',#9767,#8107,#8108);
#6368=AXIS2_PLACEMENT_3D('',#9769,#8109,#8110);
#6369=AXIS2_PLACEMENT_3D('',#9771,#8111,#8112);
#6370=AXIS2_PLACEMENT_3D('',#9772,#8113,#8114);
#6371=AXIS2_PLACEMENT_3D('',#9774,#8115,#8116);
#6372=AXIS2_PLACEMENT_3D('',#9776,#8117,#8118);
#6373=AXIS2_PLACEMENT_3D('',#9777,#8119,#8120);
#6374=AXIS2_PLACEMENT_3D('',#9779,#8122,#8123);
#6375=AXIS2_PLACEMENT_3D('',#9781,#8125,#8126);
#6376=AXIS2_PLACEMENT_3D('',#9783,#8127,#8128);
#6377=AXIS2_PLACEMENT_3D('',#9785,#8129,#8130);
#6378=AXIS2_PLACEMENT_3D('',#9786,#8131,#8132);
#6379=AXIS2_PLACEMENT_3D('',#9789,#8134,#8135);
#6380=AXIS2_PLACEMENT_3D('',#9790,#8136,#8137);
#6381=AXIS2_PLACEMENT_3D('',#9792,#8139,#8140);
#6382=AXIS2_PLACEMENT_3D('',#9793,#8141,#8142);
#6383=AXIS2_PLACEMENT_3D('',#9794,#8143,#8144);
#6384=AXIS2_PLACEMENT_3D('',#9796,#8145,#8146);
#6385=AXIS2_PLACEMENT_3D('',#9799,#8148,#8149);
#6386=AXIS2_PLACEMENT_3D('',#9800,#8150,#8151);
#6387=AXIS2_PLACEMENT_3D('',#9802,#8152,#8153);
#6388=AXIS2_PLACEMENT_3D('',#9804,#8154,#8155);
#6389=AXIS2_PLACEMENT_3D('',#9805,#8156,#8157);
#6390=AXIS2_PLACEMENT_3D('',#9807,#8158,#8159);
#6391=AXIS2_PLACEMENT_3D('',#9809,#8161,#8162);
#6392=AXIS2_PLACEMENT_3D('',#9811,#8163,#8164);
#6393=AXIS2_PLACEMENT_3D('',#9813,#8165,#8166);
#6394=AXIS2_PLACEMENT_3D('',#9814,#8167,#8168);
#6395=AXIS2_PLACEMENT_3D('',#9816,#8169,#8170);
#6396=AXIS2_PLACEMENT_3D('',#9818,#8171,#8172);
#6397=AXIS2_PLACEMENT_3D('',#9819,#8173,#8174);
#6398=AXIS2_PLACEMENT_3D('',#9821,#8176,#8177);
#6399=AXIS2_PLACEMENT_3D('',#9823,#8179,#8180);
#6400=AXIS2_PLACEMENT_3D('',#9825,#8181,#8182);
#6401=AXIS2_PLACEMENT_3D('',#9827,#8183,#8184);
#6402=AXIS2_PLACEMENT_3D('',#9828,#8185,#8186);
#6403=AXIS2_PLACEMENT_3D('',#9831,#8188,#8189);
#6404=AXIS2_PLACEMENT_3D('',#9832,#8190,#8191);
#6405=AXIS2_PLACEMENT_3D('',#9834,#8193,#8194);
#6406=AXIS2_PLACEMENT_3D('',#9835,#8195,#8196);
#6407=AXIS2_PLACEMENT_3D('',#9836,#8197,#8198);
#6408=AXIS2_PLACEMENT_3D('',#9838,#8199,#8200);
#6409=AXIS2_PLACEMENT_3D('',#9841,#8202,#8203);
#6410=AXIS2_PLACEMENT_3D('',#9842,#8204,#8205);
#6411=AXIS2_PLACEMENT_3D('',#9844,#8206,#8207);
#6412=AXIS2_PLACEMENT_3D('',#9846,#8208,#8209);
#6413=AXIS2_PLACEMENT_3D('',#9847,#8210,#8211);
#6414=AXIS2_PLACEMENT_3D('',#9849,#8212,#8213);
#6415=AXIS2_PLACEMENT_3D('',#9851,#8215,#8216);
#6416=AXIS2_PLACEMENT_3D('',#9853,#8217,#8218);
#6417=AXIS2_PLACEMENT_3D('',#9855,#8219,#8220);
#6418=AXIS2_PLACEMENT_3D('',#9856,#8221,#8222);
#6419=AXIS2_PLACEMENT_3D('',#9858,#8223,#8224);
#6420=AXIS2_PLACEMENT_3D('',#9860,#8225,#8226);
#6421=AXIS2_PLACEMENT_3D('',#9861,#8227,#8228);
#6422=AXIS2_PLACEMENT_3D('',#9863,#8230,#8231);
#6423=AXIS2_PLACEMENT_3D('',#9865,#8233,#8234);
#6424=AXIS2_PLACEMENT_3D('',#9867,#8235,#8236);
#6425=AXIS2_PLACEMENT_3D('',#9869,#8237,#8238);
#6426=AXIS2_PLACEMENT_3D('',#9870,#8239,#8240);
#6427=AXIS2_PLACEMENT_3D('',#9873,#8242,#8243);
#6428=AXIS2_PLACEMENT_3D('',#9874,#8244,#8245);
#6429=AXIS2_PLACEMENT_3D('',#9876,#8247,#8248);
#6430=AXIS2_PLACEMENT_3D('',#9877,#8249,#8250);
#6431=AXIS2_PLACEMENT_3D('',#9878,#8251,#8252);
#6432=AXIS2_PLACEMENT_3D('',#9880,#8253,#8254);
#6433=AXIS2_PLACEMENT_3D('',#9883,#8256,#8257);
#6434=AXIS2_PLACEMENT_3D('',#9884,#8258,#8259);
#6435=AXIS2_PLACEMENT_3D('',#9886,#8260,#8261);
#6436=AXIS2_PLACEMENT_3D('',#9888,#8262,#8263);
#6437=AXIS2_PLACEMENT_3D('',#9889,#8264,#8265);
#6438=AXIS2_PLACEMENT_3D('',#9891,#8266,#8267);
#6439=AXIS2_PLACEMENT_3D('',#9893,#8269,#8270);
#6440=AXIS2_PLACEMENT_3D('',#9895,#8271,#8272);
#6441=AXIS2_PLACEMENT_3D('',#9897,#8273,#8274);
#6442=AXIS2_PLACEMENT_3D('',#9898,#8275,#8276);
#6443=AXIS2_PLACEMENT_3D('',#9900,#8277,#8278);
#6444=AXIS2_PLACEMENT_3D('',#9902,#8279,#8280);
#6445=AXIS2_PLACEMENT_3D('',#9903,#8281,#8282);
#6446=AXIS2_PLACEMENT_3D('',#9905,#8284,#8285);
#6447=AXIS2_PLACEMENT_3D('',#9907,#8287,#8288);
#6448=AXIS2_PLACEMENT_3D('',#9909,#8289,#8290);
#6449=AXIS2_PLACEMENT_3D('',#9911,#8291,#8292);
#6450=AXIS2_PLACEMENT_3D('',#9912,#8293,#8294);
#6451=AXIS2_PLACEMENT_3D('',#9915,#8296,#8297);
#6452=AXIS2_PLACEMENT_3D('',#9916,#8298,#8299);
#6453=AXIS2_PLACEMENT_3D('',#9918,#8301,#8302);
#6454=AXIS2_PLACEMENT_3D('',#9919,#8303,#8304);
#6455=AXIS2_PLACEMENT_3D('',#9920,#8305,#8306);
#6456=AXIS2_PLACEMENT_3D('',#9922,#8307,#8308);
#6457=AXIS2_PLACEMENT_3D('',#9925,#8310,#8311);
#6458=AXIS2_PLACEMENT_3D('',#9926,#8312,#8313);
#6459=AXIS2_PLACEMENT_3D('',#9928,#8314,#8315);
#6460=AXIS2_PLACEMENT_3D('',#9930,#8316,#8317);
#6461=AXIS2_PLACEMENT_3D('',#9931,#8318,#8319);
#6462=AXIS2_PLACEMENT_3D('',#9933,#8320,#8321);
#6463=AXIS2_PLACEMENT_3D('',#9935,#8323,#8324);
#6464=AXIS2_PLACEMENT_3D('',#9937,#8325,#8326);
#6465=AXIS2_PLACEMENT_3D('',#9939,#8327,#8328);
#6466=AXIS2_PLACEMENT_3D('',#9940,#8329,#8330);
#6467=AXIS2_PLACEMENT_3D('',#9942,#8331,#8332);
#6468=AXIS2_PLACEMENT_3D('',#9944,#8333,#8334);
#6469=AXIS2_PLACEMENT_3D('',#9945,#8335,#8336);
#6470=AXIS2_PLACEMENT_3D('',#9947,#8338,#8339);
#6471=AXIS2_PLACEMENT_3D('',#9949,#8341,#8342);
#6472=AXIS2_PLACEMENT_3D('',#9951,#8343,#8344);
#6473=AXIS2_PLACEMENT_3D('',#9953,#8345,#8346);
#6474=AXIS2_PLACEMENT_3D('',#9954,#8347,#8348);
#6475=AXIS2_PLACEMENT_3D('',#9957,#8350,#8351);
#6476=AXIS2_PLACEMENT_3D('',#9958,#8352,#8353);
#6477=AXIS2_PLACEMENT_3D('',#9960,#8355,#8356);
#6478=AXIS2_PLACEMENT_3D('',#9961,#8357,#8358);
#6479=AXIS2_PLACEMENT_3D('',#9962,#8359,#8360);
#6480=AXIS2_PLACEMENT_3D('',#9964,#8361,#8362);
#6481=AXIS2_PLACEMENT_3D('',#9967,#8364,#8365);
#6482=AXIS2_PLACEMENT_3D('',#9968,#8366,#8367);
#6483=AXIS2_PLACEMENT_3D('',#9970,#8368,#8369);
#6484=AXIS2_PLACEMENT_3D('',#9972,#8370,#8371);
#6485=AXIS2_PLACEMENT_3D('',#9973,#8372,#8373);
#6486=AXIS2_PLACEMENT_3D('',#9975,#8374,#8375);
#6487=AXIS2_PLACEMENT_3D('',#9977,#8377,#8378);
#6488=AXIS2_PLACEMENT_3D('',#9979,#8379,#8380);
#6489=AXIS2_PLACEMENT_3D('',#9981,#8381,#8382);
#6490=AXIS2_PLACEMENT_3D('',#9982,#8383,#8384);
#6491=AXIS2_PLACEMENT_3D('',#9984,#8385,#8386);
#6492=AXIS2_PLACEMENT_3D('',#9986,#8387,#8388);
#6493=AXIS2_PLACEMENT_3D('',#9987,#8389,#8390);
#6494=AXIS2_PLACEMENT_3D('',#9989,#8392,#8393);
#6495=AXIS2_PLACEMENT_3D('',#9991,#8395,#8396);
#6496=AXIS2_PLACEMENT_3D('',#9993,#8397,#8398);
#6497=AXIS2_PLACEMENT_3D('',#9995,#8399,#8400);
#6498=AXIS2_PLACEMENT_3D('',#9996,#8401,#8402);
#6499=AXIS2_PLACEMENT_3D('',#9999,#8404,#8405);
#6500=AXIS2_PLACEMENT_3D('',#10000,#8406,#8407);
#6501=AXIS2_PLACEMENT_3D('',#10002,#8409,#8410);
#6502=AXIS2_PLACEMENT_3D('',#10003,#8411,#8412);
#6503=AXIS2_PLACEMENT_3D('',#10004,#8413,#8414);
#6504=AXIS2_PLACEMENT_3D('',#10006,#8415,#8416);
#6505=AXIS2_PLACEMENT_3D('',#10009,#8418,#8419);
#6506=AXIS2_PLACEMENT_3D('',#10010,#8420,#8421);
#6507=AXIS2_PLACEMENT_3D('',#10012,#8422,#8423);
#6508=AXIS2_PLACEMENT_3D('',#10014,#8424,#8425);
#6509=AXIS2_PLACEMENT_3D('',#10015,#8426,#8427);
#6510=AXIS2_PLACEMENT_3D('',#10017,#8428,#8429);
#6511=AXIS2_PLACEMENT_3D('',#10019,#8431,#8432);
#6512=AXIS2_PLACEMENT_3D('',#10021,#8433,#8434);
#6513=AXIS2_PLACEMENT_3D('',#10023,#8435,#8436);
#6514=AXIS2_PLACEMENT_3D('',#10024,#8437,#8438);
#6515=AXIS2_PLACEMENT_3D('',#10026,#8439,#8440);
#6516=AXIS2_PLACEMENT_3D('',#10028,#8441,#8442);
#6517=AXIS2_PLACEMENT_3D('',#10029,#8443,#8444);
#6518=AXIS2_PLACEMENT_3D('',#10031,#8446,#8447);
#6519=AXIS2_PLACEMENT_3D('',#10033,#8449,#8450);
#6520=AXIS2_PLACEMENT_3D('',#10035,#8451,#8452);
#6521=AXIS2_PLACEMENT_3D('',#10037,#8453,#8454);
#6522=AXIS2_PLACEMENT_3D('',#10038,#8455,#8456);
#6523=AXIS2_PLACEMENT_3D('',#10041,#8458,#8459);
#6524=AXIS2_PLACEMENT_3D('',#10042,#8460,#8461);
#6525=AXIS2_PLACEMENT_3D('',#10044,#8463,#8464);
#6526=AXIS2_PLACEMENT_3D('',#10045,#8465,#8466);
#6527=AXIS2_PLACEMENT_3D('',#10046,#8467,#8468);
#6528=AXIS2_PLACEMENT_3D('',#10048,#8469,#8470);
#6529=AXIS2_PLACEMENT_3D('',#10051,#8472,#8473);
#6530=AXIS2_PLACEMENT_3D('',#10052,#8474,#8475);
#6531=AXIS2_PLACEMENT_3D('',#10054,#8476,#8477);
#6532=AXIS2_PLACEMENT_3D('',#10056,#8478,#8479);
#6533=AXIS2_PLACEMENT_3D('',#10057,#8480,#8481);
#6534=AXIS2_PLACEMENT_3D('',#10059,#8482,#8483);
#6535=AXIS2_PLACEMENT_3D('',#10061,#8485,#8486);
#6536=AXIS2_PLACEMENT_3D('',#10063,#8487,#8488);
#6537=AXIS2_PLACEMENT_3D('',#10065,#8489,#8490);
#6538=AXIS2_PLACEMENT_3D('',#10066,#8491,#8492);
#6539=AXIS2_PLACEMENT_3D('',#10068,#8493,#8494);
#6540=AXIS2_PLACEMENT_3D('',#10070,#8495,#8496);
#6541=AXIS2_PLACEMENT_3D('',#10071,#8497,#8498);
#6542=AXIS2_PLACEMENT_3D('',#10073,#8500,#8501);
#6543=AXIS2_PLACEMENT_3D('',#10075,#8503,#8504);
#6544=AXIS2_PLACEMENT_3D('',#10077,#8505,#8506);
#6545=AXIS2_PLACEMENT_3D('',#10079,#8507,#8508);
#6546=AXIS2_PLACEMENT_3D('',#10080,#8509,#8510);
#6547=AXIS2_PLACEMENT_3D('',#10083,#8512,#8513);
#6548=AXIS2_PLACEMENT_3D('',#10084,#8514,#8515);
#6549=AXIS2_PLACEMENT_3D('',#10086,#8517,#8518);
#6550=AXIS2_PLACEMENT_3D('',#10087,#8519,#8520);
#6551=AXIS2_PLACEMENT_3D('',#10088,#8521,#8522);
#6552=AXIS2_PLACEMENT_3D('',#10090,#8523,#8524);
#6553=AXIS2_PLACEMENT_3D('',#10093,#8526,#8527);
#6554=AXIS2_PLACEMENT_3D('',#10094,#8528,#8529);
#6555=AXIS2_PLACEMENT_3D('',#10096,#8530,#8531);
#6556=AXIS2_PLACEMENT_3D('',#10098,#8532,#8533);
#6557=AXIS2_PLACEMENT_3D('',#10099,#8534,#8535);
#6558=AXIS2_PLACEMENT_3D('',#10101,#8536,#8537);
#6559=AXIS2_PLACEMENT_3D('',#10103,#8539,#8540);
#6560=AXIS2_PLACEMENT_3D('',#10105,#8541,#8542);
#6561=AXIS2_PLACEMENT_3D('',#10107,#8543,#8544);
#6562=AXIS2_PLACEMENT_3D('',#10108,#8545,#8546);
#6563=AXIS2_PLACEMENT_3D('',#10110,#8547,#8548);
#6564=AXIS2_PLACEMENT_3D('',#10112,#8549,#8550);
#6565=AXIS2_PLACEMENT_3D('',#10113,#8551,#8552);
#6566=AXIS2_PLACEMENT_3D('',#10115,#8554,#8555);
#6567=AXIS2_PLACEMENT_3D('',#10117,#8557,#8558);
#6568=AXIS2_PLACEMENT_3D('',#10119,#8559,#8560);
#6569=AXIS2_PLACEMENT_3D('',#10121,#8561,#8562);
#6570=AXIS2_PLACEMENT_3D('',#10122,#8563,#8564);
#6571=AXIS2_PLACEMENT_3D('',#10125,#8566,#8567);
#6572=AXIS2_PLACEMENT_3D('',#10126,#8568,#8569);
#6573=AXIS2_PLACEMENT_3D('',#10128,#8571,#8572);
#6574=AXIS2_PLACEMENT_3D('',#10129,#8573,#8574);
#6575=DIRECTION('axis',(0.,0.,1.));
#6576=DIRECTION('refdir',(1.,0.,0.));
#6577=DIRECTION('center_axis',(-4.02158220028796E-16,0.999999999999976,
-2.17856705869712E-7));
#6578=DIRECTION('ref_axis',(1.,4.02158212363673E-16,-3.51842845256725E-17));
#6579=DIRECTION('center_axis',(-4.02158220028796E-16,0.999999999999976,
-2.17856705397868E-7));
#6580=DIRECTION('ref_axis',(1.,4.02158212363673E-16,-3.51842845256725E-17));
#6581=DIRECTION('',(-4.02158220028796E-16,0.999999999999976,-2.17856705869712E-7));
#6582=DIRECTION('center_axis',(4.02158220028796E-16,-0.999999999999976,
2.17856705397868E-7));
#6583=DIRECTION('ref_axis',(1.,4.02158212363673E-16,-3.51842845256725E-17));
#6584=DIRECTION('center_axis',(4.02158220028796E-16,-0.999999999999976,
2.17856711726139E-7));
#6585=DIRECTION('ref_axis',(-1.,-4.02158212363673E-16,3.51842845256725E-17));
#6586=DIRECTION('center_axis',(4.02158220028796E-16,-0.999999999999976,
2.17856711726139E-7));
#6587=DIRECTION('ref_axis',(1.,4.02158212363673E-16,-3.51842845256725E-17));
#6588=DIRECTION('center_axis',(4.02158220028796E-16,-0.999999999999976,
2.17856711726139E-7));
#6589=DIRECTION('ref_axis',(1.,4.02158212363673E-16,-3.51842845256725E-17));
#6590=DIRECTION('center_axis',(-4.02158220028796E-16,0.999999999999976,
-2.17856711726139E-7));
#6591=DIRECTION('ref_axis',(1.,4.02158212363673E-16,-3.51842845256725E-17));
#6592=DIRECTION('center_axis',(-4.02158220028796E-16,0.999999999999976,
-2.17856711726139E-7));
#6593=DIRECTION('ref_axis',(1.,4.02158212363673E-16,-3.51842845256725E-17));
#6594=DIRECTION('',(4.02158220028796E-16,-0.999999999999976,2.17856711726139E-7));
#6595=DIRECTION('center_axis',(4.02158220028795E-16,-0.999999999999976,
2.17856676781869E-7));
#6596=DIRECTION('ref_axis',(-1.,-4.02158212363673E-16,3.51842845256725E-17));
#6597=DIRECTION('center_axis',(4.02158220028795E-16,-0.999999999999976,
2.17856676781869E-7));
#6598=DIRECTION('ref_axis',(1.,4.02158212363673E-16,-3.51842845256725E-17));
#6599=DIRECTION('center_axis',(4.02158220028795E-16,-0.999999999999976,
2.17856676781869E-7));
#6600=DIRECTION('ref_axis',(1.,4.02158212363673E-16,-3.51842845256725E-17));
#6601=DIRECTION('center_axis',(-4.02158220028795E-16,0.999999999999976,
-2.17856676781869E-7));
#6602=DIRECTION('ref_axis',(1.,4.02158212363673E-16,-3.51842845256725E-17));
#6603=DIRECTION('center_axis',(-4.02158220028795E-16,0.999999999999976,
-2.17856676781869E-7));
#6604=DIRECTION('ref_axis',(1.,4.02158212363673E-16,-3.51842845256725E-17));
#6605=DIRECTION('center_axis',(-4.02158220028795E-16,0.999999999999976,
-2.17856676781869E-7));
#6606=DIRECTION('ref_axis',(1.,4.02158212363673E-16,-3.51842845256725E-17));
#6607=DIRECTION('center_axis',(-4.02158220028795E-16,0.999999999999976,
-2.17856676781869E-7));
#6608=DIRECTION('ref_axis',(1.,4.02158212363673E-16,-3.51842845256725E-17));
#6609=DIRECTION('',(4.02158220028795E-16,-0.999999999999976,2.17856676781869E-7));
#6610=DIRECTION('center_axis',(-4.02158220028796E-16,0.999999999999976,
-2.17856705397868E-7));
#6611=DIRECTION('ref_axis',(1.,4.02158212363673E-16,-3.51842845256725E-17));
#6612=DIRECTION('',(4.02158220028796E-16,-0.999999999999976,2.17856705397867E-7));
#6613=DIRECTION('center_axis',(-4.02158220028796E-16,0.999999999999976,
-2.17856711726139E-7));
#6614=DIRECTION('ref_axis',(1.,4.02158212363673E-16,-3.51842845256725E-17));
#6615=DIRECTION('center_axis',(-4.02158220028796E-16,0.999999999999976,
-2.17856711726139E-7));
#6616=DIRECTION('ref_axis',(1.,4.02158212363673E-16,-3.51842845256725E-17));
#6617=DIRECTION('center_axis',(-4.02158220028796E-16,0.999999999999976,
-2.17856711726139E-7));
#6618=DIRECTION('ref_axis',(1.,4.02158212363673E-16,-3.51842845256725E-17));
#6619=DIRECTION('center_axis',(-4.02158220028796E-16,0.999999999999976,
-2.17856711726139E-7));
#6620=DIRECTION('ref_axis',(1.,4.02158212363673E-16,-3.51842845256725E-17));
#6621=DIRECTION('',(4.02158220028796E-16,-0.999999999999976,2.17856711726139E-7));
#6622=DIRECTION('center_axis',(4.02158220028796E-16,-0.999999999999976,
2.17856711726139E-7));
#6623=DIRECTION('ref_axis',(1.,4.02158212363673E-16,-3.51842845256725E-17));
#6624=DIRECTION('center_axis',(-4.02158220028796E-16,0.999999999999976,
-2.17856705397868E-7));
#6625=DIRECTION('ref_axis',(1.,4.02158212363673E-16,-3.51842845256725E-17));
#6626=DIRECTION('',(4.02158220028796E-16,-0.999999999999976,2.17856705397867E-7));
#6627=DIRECTION('center_axis',(4.02158220028796E-16,-0.999999999999976,
2.17856705397868E-7));
#6628=DIRECTION('ref_axis',(-1.,-4.02158212363673E-16,3.51842845256725E-17));
#6629=DIRECTION('center_axis',(-4.02158220028796E-16,0.999999999999976,
-2.17856705397868E-7));
#6630=DIRECTION('ref_axis',(1.,4.02158212363673E-16,-3.51842845256725E-17));
#6631=DIRECTION('center_axis',(-4.02158220028796E-16,0.999999999999976,
-2.17856705869712E-7));
#6632=DIRECTION('ref_axis',(1.,4.02158212363673E-16,-3.51842845256725E-17));
#6633=DIRECTION('center_axis',(-4.02158220028796E-16,0.999999999999976,
-2.17856705397868E-7));
#6634=DIRECTION('ref_axis',(1.,4.02158212363673E-16,-3.51842845256725E-17));
#6635=DIRECTION('',(-4.02158220028796E-16,0.999999999999976,-2.17856705869712E-7));
#6636=DIRECTION('center_axis',(4.02158220028796E-16,-0.999999999999976,
2.17856705397868E-7));
#6637=DIRECTION('ref_axis',(1.,4.02158212363673E-16,-3.51842845256725E-17));
#6638=DIRECTION('center_axis',(4.02158220028796E-16,-0.999999999999976,
2.17856711726139E-7));
#6639=DIRECTION('ref_axis',(-1.,-4.02158212363673E-16,3.51842845256725E-17));
#6640=DIRECTION('center_axis',(4.02158220028796E-16,-0.999999999999976,
2.17856711726139E-7));
#6641=DIRECTION('ref_axis',(1.,4.02158212363673E-16,-3.51842845256725E-17));
#6642=DIRECTION('center_axis',(4.02158220028796E-16,-0.999999999999976,
2.17856711726139E-7));
#6643=DIRECTION('ref_axis',(1.,4.02158212363673E-16,-3.51842845256725E-17));
#6644=DIRECTION('center_axis',(-4.02158220028796E-16,0.999999999999976,
-2.17856711726139E-7));
#6645=DIRECTION('ref_axis',(1.,4.02158212363673E-16,-3.51842845256725E-17));
#6646=DIRECTION('center_axis',(-4.02158220028796E-16,0.999999999999976,
-2.17856711726139E-7));
#6647=DIRECTION('ref_axis',(1.,4.02158212363673E-16,-3.51842845256725E-17));
#6648=DIRECTION('',(4.02158220028796E-16,-0.999999999999976,2.17856711726139E-7));
#6649=DIRECTION('center_axis',(4.02158220028795E-16,-0.999999999999976,
2.17856676781869E-7));
#6650=DIRECTION('ref_axis',(-1.,-4.02158212363673E-16,3.51842845256725E-17));
#6651=DIRECTION('center_axis',(4.02158220028795E-16,-0.999999999999976,
2.17856676781869E-7));
#6652=DIRECTION('ref_axis',(1.,4.02158212363673E-16,-3.51842845256725E-17));
#6653=DIRECTION('center_axis',(4.02158220028795E-16,-0.999999999999976,
2.17856676781869E-7));
#6654=DIRECTION('ref_axis',(1.,4.02158212363673E-16,-3.51842845256725E-17));
#6655=DIRECTION('center_axis',(-4.02158220028795E-16,0.999999999999976,
-2.17856676781869E-7));
#6656=DIRECTION('ref_axis',(1.,4.02158212363673E-16,-3.51842845256725E-17));
#6657=DIRECTION('center_axis',(-4.02158220028795E-16,0.999999999999976,
-2.17856676781869E-7));
#6658=DIRECTION('ref_axis',(1.,4.02158212363673E-16,-3.51842845256725E-17));
#6659=DIRECTION('center_axis',(-4.02158220028795E-16,0.999999999999976,
-2.17856676781869E-7));
#6660=DIRECTION('ref_axis',(1.,4.02158212363673E-16,-3.51842845256725E-17));
#6661=DIRECTION('center_axis',(-4.02158220028795E-16,0.999999999999976,
-2.17856676781869E-7));
#6662=DIRECTION('ref_axis',(1.,4.02158212363673E-16,-3.51842845256725E-17));
#6663=DIRECTION('',(4.02158220028795E-16,-0.999999999999976,2.17856676781869E-7));
#6664=DIRECTION('center_axis',(-4.02158220028796E-16,0.999999999999976,
-2.17856705397868E-7));
#6665=DIRECTION('ref_axis',(1.,4.02158212363673E-16,-3.51842845256725E-17));
#6666=DIRECTION('',(4.02158220028796E-16,-0.999999999999976,2.17856705397867E-7));
#6667=DIRECTION('center_axis',(-4.02158220028796E-16,0.999999999999976,
-2.17856711726139E-7));
#6668=DIRECTION('ref_axis',(1.,4.02158212363673E-16,-3.51842845256725E-17));
#6669=DIRECTION('center_axis',(-4.02158220028796E-16,0.999999999999976,
-2.17856711726139E-7));
#6670=DIRECTION('ref_axis',(1.,4.02158212363673E-16,-3.51842845256725E-17));
#6671=DIRECTION('center_axis',(-4.02158220028796E-16,0.999999999999976,
-2.17856711726139E-7));
#6672=DIRECTION('ref_axis',(1.,4.02158212363673E-16,-3.51842845256725E-17));
#6673=DIRECTION('center_axis',(-4.02158220028796E-16,0.999999999999976,
-2.17856711726139E-7));
#6674=DIRECTION('ref_axis',(1.,4.02158212363673E-16,-3.51842845256725E-17));
#6675=DIRECTION('',(4.02158220028796E-16,-0.999999999999976,2.17856711726139E-7));
#6676=DIRECTION('center_axis',(4.02158220028796E-16,-0.999999999999976,
2.17856711726139E-7));
#6677=DIRECTION('ref_axis',(1.,4.02158212363673E-16,-3.51842845256725E-17));
#6678=DIRECTION('center_axis',(-4.02158220028796E-16,0.999999999999976,
-2.17856705397868E-7));
#6679=DIRECTION('ref_axis',(1.,4.02158212363673E-16,-3.51842845256725E-17));
#6680=DIRECTION('',(4.02158220028796E-16,-0.999999999999976,2.17856705397867E-7));
#6681=DIRECTION('center_axis',(4.02158220028796E-16,-0.999999999999976,
2.17856705397868E-7));
#6682=DIRECTION('ref_axis',(-1.,-4.02158212363673E-16,3.51842845256725E-17));
#6683=DIRECTION('center_axis',(-4.02158220028796E-16,0.999999999999976,
-2.17856705397868E-7));
#6684=DIRECTION('ref_axis',(1.,4.02158212363673E-16,-3.51842845256725E-17));
#6685=DIRECTION('center_axis',(1.,4.02158212363673E-16,-3.51842845256725E-17));
#6686=DIRECTION('ref_axis',(-4.02158212363673E-16,0.984807753012208,-0.17364817766693));
#6687=DIRECTION('center_axis',(1.,4.02158212363673E-16,-3.51842845256725E-17));
#6688=DIRECTION('ref_axis',(-4.02158212363673E-16,0.984807753012208,-0.17364817766693));
#6689=DIRECTION('',(1.,4.02158212363673E-16,-3.51842845256725E-17));
#6690=DIRECTION('center_axis',(-1.,-4.02158212363673E-16,3.51842845256725E-17));
#6691=DIRECTION('ref_axis',(-4.02158212363673E-16,0.984807753012208,-0.17364817766693));
#6692=DIRECTION('center_axis',(-1.,-4.02158212363673E-16,3.51842845256725E-17));
#6693=DIRECTION('ref_axis',(4.02158212363673E-16,-0.984807753012208,0.17364817766693));
#6694=DIRECTION('center_axis',(-1.,-4.02158212363673E-16,3.51842845256725E-17));
#6695=DIRECTION('ref_axis',(-4.02158212363673E-16,0.984807753012208,-0.17364817766693));
#6696=DIRECTION('center_axis',(-1.,-4.02158212363673E-16,3.51842845256725E-17));
#6697=DIRECTION('ref_axis',(-4.02158212363673E-16,0.984807753012208,-0.17364817766693));
#6698=DIRECTION('center_axis',(1.,4.02158212363673E-16,-3.51842845256725E-17));
#6699=DIRECTION('ref_axis',(-4.02158212363673E-16,0.984807753012208,-0.17364817766693));
#6700=DIRECTION('center_axis',(1.,4.02158212363673E-16,-3.51842845256725E-17));
#6701=DIRECTION('ref_axis',(-4.02158212363673E-16,0.984807753012208,-0.17364817766693));
#6702=DIRECTION('',(-1.,-4.02158212363673E-16,3.51842845256725E-17));
#6703=DIRECTION('center_axis',(-1.,-4.02158212363673E-16,3.51842845256725E-17));
#6704=DIRECTION('ref_axis',(4.02158212363673E-16,-0.984807753012208,0.17364817766693));
#6705=DIRECTION('center_axis',(-1.,-4.02158212363673E-16,3.51842845256725E-17));
#6706=DIRECTION('ref_axis',(-4.02158212363673E-16,0.984807753012208,-0.17364817766693));
#6707=DIRECTION('center_axis',(-1.,-4.02158212363673E-16,3.51842845256725E-17));
#6708=DIRECTION('ref_axis',(-4.02158212363673E-16,0.984807753012208,-0.17364817766693));
#6709=DIRECTION('center_axis',(1.,4.02158212363673E-16,-3.51842845256725E-17));
#6710=DIRECTION('ref_axis',(-4.02158212363673E-16,0.984807753012208,-0.17364817766693));
#6711=DIRECTION('center_axis',(1.,4.02158212363673E-16,-3.51842845256725E-17));
#6712=DIRECTION('ref_axis',(-4.02158212363673E-16,0.984807753012208,-0.17364817766693));
#6713=DIRECTION('center_axis',(1.,4.02158212363673E-16,-3.51842845256725E-17));
#6714=DIRECTION('ref_axis',(-4.02158212363673E-16,0.984807753012208,-0.17364817766693));
#6715=DIRECTION('center_axis',(1.,4.02158212363673E-16,-3.51842845256725E-17));
#6716=DIRECTION('ref_axis',(-4.02158212363673E-16,0.984807753012208,-0.17364817766693));
#6717=DIRECTION('',(-1.,-4.02158212363673E-16,3.51842845256725E-17));
#6718=DIRECTION('center_axis',(1.,4.02158212363673E-16,-3.51842845256725E-17));
#6719=DIRECTION('ref_axis',(-4.02158212363673E-16,0.984807753012208,-0.17364817766693));
#6720=DIRECTION('',(-1.,-4.02158212363673E-16,3.51842845256725E-17));
#6721=DIRECTION('center_axis',(1.,4.02158212363673E-16,-3.51842845256725E-17));
#6722=DIRECTION('ref_axis',(-4.02158212363673E-16,0.984807753012208,-0.17364817766693));
#6723=DIRECTION('center_axis',(1.,4.02158212363673E-16,-3.51842845256725E-17));
#6724=DIRECTION('ref_axis',(-4.02158212363673E-16,0.984807753012208,-0.17364817766693));
#6725=DIRECTION('center_axis',(1.,4.02158212363673E-16,-3.51842845256725E-17));
#6726=DIRECTION('ref_axis',(-4.02158212363673E-16,0.984807753012208,-0.17364817766693));
#6727=DIRECTION('center_axis',(1.,4.02158212363673E-16,-3.51842845256725E-17));
#6728=DIRECTION('ref_axis',(-4.02158212363673E-16,0.984807753012208,-0.17364817766693));
#6729=DIRECTION('',(-1.,-4.02158212363673E-16,3.51842845256725E-17));
#6730=DIRECTION('center_axis',(-1.,-4.02158212363673E-16,3.51842845256725E-17));
#6731=DIRECTION('ref_axis',(-4.02158212363673E-16,0.984807753012208,-0.17364817766693));
#6732=DIRECTION('center_axis',(1.,4.02158212363673E-16,-3.51842845256725E-17));
#6733=DIRECTION('ref_axis',(-4.02158212363673E-16,0.984807753012208,-0.17364817766693));
#6734=DIRECTION('',(-1.,-4.02158212363673E-16,3.51842845256725E-17));
#6735=DIRECTION('center_axis',(-1.,-4.02158212363673E-16,3.51842845256725E-17));
#6736=DIRECTION('ref_axis',(4.02158212363673E-16,-0.984807753012208,0.17364817766693));
#6737=DIRECTION('center_axis',(1.,4.02158212363673E-16,-3.51842845256725E-17));
#6738=DIRECTION('ref_axis',(-4.02158212363673E-16,0.984807753012208,-0.17364817766693));
#6739=DIRECTION('center_axis',(1.,4.02158212363673E-16,-3.51842845256725E-17));
#6740=DIRECTION('ref_axis',(-4.02158212363673E-16,0.984807753012208,-0.17364817766693));
#6741=DIRECTION('center_axis',(1.,4.02158212363673E-16,-3.51842845256725E-17));
#6742=DIRECTION('ref_axis',(-4.02158212363673E-16,0.984807753012208,-0.17364817766693));
#6743=DIRECTION('',(1.,4.02158212363673E-16,-3.51842845256725E-17));
#6744=DIRECTION('center_axis',(-1.,-4.02158212363673E-16,3.51842845256725E-17));
#6745=DIRECTION('ref_axis',(-4.02158212363673E-16,0.984807753012208,-0.17364817766693));
#6746=DIRECTION('center_axis',(-1.,-4.02158212363673E-16,3.51842845256725E-17));
#6747=DIRECTION('ref_axis',(4.02158212363673E-16,-0.984807753012208,0.17364817766693));
#6748=DIRECTION('center_axis',(-1.,-4.02158212363673E-16,3.51842845256725E-17));
#6749=DIRECTION('ref_axis',(-4.02158212363673E-16,0.984807753012208,-0.17364817766693));
#6750=DIRECTION('center_axis',(-1.,-4.02158212363673E-16,3.51842845256725E-17));
#6751=DIRECTION('ref_axis',(-4.02158212363673E-16,0.984807753012208,-0.17364817766693));
#6752=DIRECTION('center_axis',(1.,4.02158212363673E-16,-3.51842845256725E-17));
#6753=DIRECTION('ref_axis',(-4.02158212363673E-16,0.984807753012208,-0.17364817766693));
#6754=DIRECTION('center_axis',(1.,4.02158212363673E-16,-3.51842845256725E-17));
#6755=DIRECTION('ref_axis',(-4.02158212363673E-16,0.984807753012208,-0.17364817766693));
#6756=DIRECTION('',(-1.,-4.02158212363673E-16,3.51842845256725E-17));
#6757=DIRECTION('center_axis',(-1.,-4.02158212363673E-16,3.51842845256725E-17));
#6758=DIRECTION('ref_axis',(4.02158212363673E-16,-0.984807753012208,0.17364817766693));
#6759=DIRECTION('center_axis',(-1.,-4.02158212363673E-16,3.51842845256725E-17));
#6760=DIRECTION('ref_axis',(-4.02158212363673E-16,0.984807753012208,-0.17364817766693));
#6761=DIRECTION('center_axis',(-1.,-4.02158212363673E-16,3.51842845256725E-17));
#6762=DIRECTION('ref_axis',(-4.02158212363673E-16,0.984807753012208,-0.17364817766693));
#6763=DIRECTION('center_axis',(1.,4.02158212363673E-16,-3.51842845256725E-17));
#6764=DIRECTION('ref_axis',(-4.02158212363673E-16,0.984807753012208,-0.17364817766693));
#6765=DIRECTION('center_axis',(1.,4.02158212363673E-16,-3.51842845256725E-17));
#6766=DIRECTION('ref_axis',(-4.02158212363673E-16,0.984807753012208,-0.17364817766693));
#6767=DIRECTION('center_axis',(1.,4.02158212363673E-16,-3.51842845256725E-17));
#6768=DIRECTION('ref_axis',(-4.02158212363673E-16,0.984807753012208,-0.17364817766693));
#6769=DIRECTION('center_axis',(1.,4.02158212363673E-16,-3.51842845256725E-17));
#6770=DIRECTION('ref_axis',(-4.02158212363673E-16,0.984807753012208,-0.17364817766693));
#6771=DIRECTION('',(-1.,-4.02158212363673E-16,3.51842845256725E-17));
#6772=DIRECTION('center_axis',(1.,4.02158212363673E-16,-3.51842845256725E-17));
#6773=DIRECTION('ref_axis',(-4.02158212363673E-16,0.984807753012208,-0.17364817766693));
#6774=DIRECTION('',(-1.,-4.02158212363673E-16,3.51842845256725E-17));
#6775=DIRECTION('center_axis',(1.,4.02158212363673E-16,-3.51842845256725E-17));
#6776=DIRECTION('ref_axis',(-4.02158212363673E-16,0.984807753012208,-0.17364817766693));
#6777=DIRECTION('center_axis',(1.,4.02158212363673E-16,-3.51842845256725E-17));
#6778=DIRECTION('ref_axis',(-4.02158212363673E-16,0.984807753012208,-0.17364817766693));
#6779=DIRECTION('center_axis',(1.,4.02158212363673E-16,-3.51842845256725E-17));
#6780=DIRECTION('ref_axis',(-4.02158212363673E-16,0.984807753012208,-0.17364817766693));
#6781=DIRECTION('center_axis',(1.,4.02158212363673E-16,-3.51842845256725E-17));
#6782=DIRECTION('ref_axis',(-4.02158212363673E-16,0.984807753012208,-0.17364817766693));
#6783=DIRECTION('',(-1.,-4.02158212363673E-16,3.51842845256725E-17));
#6784=DIRECTION('center_axis',(-1.,-4.02158212363673E-16,3.51842845256725E-17));
#6785=DIRECTION('ref_axis',(-4.02158212363673E-16,0.984807753012208,-0.17364817766693));
#6786=DIRECTION('center_axis',(1.,4.02158212363673E-16,-3.51842845256725E-17));
#6787=DIRECTION('ref_axis',(-4.02158212363673E-16,0.984807753012208,-0.17364817766693));
#6788=DIRECTION('',(-1.,-4.02158212363673E-16,3.51842845256725E-17));
#6789=DIRECTION('center_axis',(-1.,-4.02158212363673E-16,3.51842845256725E-17));
#6790=DIRECTION('ref_axis',(4.02158212363673E-16,-0.984807753012208,0.17364817766693));
#6791=DIRECTION('center_axis',(1.,4.02158212363673E-16,-3.51842845256725E-17));
#6792=DIRECTION('ref_axis',(-4.02158212363673E-16,0.984807753012208,-0.17364817766693));
#6793=DIRECTION('center_axis',(1.,4.02158212363673E-16,-3.51842845256725E-17));
#6794=DIRECTION('ref_axis',(-4.02158212363673E-16,0.984807753012208,-0.17364817766693));
#6795=DIRECTION('center_axis',(1.,4.02158212363673E-16,-3.51842845256725E-17));
#6796=DIRECTION('ref_axis',(-4.02158212363673E-16,0.984807753012208,-0.17364817766693));
#6797=DIRECTION('',(1.,4.02158212363673E-16,-3.51842845256725E-17));
#6798=DIRECTION('center_axis',(-1.,-4.02158212363673E-16,3.51842845256725E-17));
#6799=DIRECTION('ref_axis',(-4.02158212363673E-16,0.984807753012208,-0.17364817766693));
#6800=DIRECTION('center_axis',(-1.,-4.02158212363673E-16,3.51842845256725E-17));
#6801=DIRECTION('ref_axis',(4.02158212363673E-16,-0.984807753012208,0.17364817766693));
#6802=DIRECTION('center_axis',(-1.,-4.02158212363673E-16,3.51842845256725E-17));
#6803=DIRECTION('ref_axis',(-4.02158212363673E-16,0.984807753012208,-0.17364817766693));
#6804=DIRECTION('center_axis',(-1.,-4.02158212363673E-16,3.51842845256725E-17));
#6805=DIRECTION('ref_axis',(-4.02158212363673E-16,0.984807753012208,-0.17364817766693));
#6806=DIRECTION('center_axis',(1.,4.02158212363673E-16,-3.51842845256725E-17));
#6807=DIRECTION('ref_axis',(-4.02158212363673E-16,0.984807753012208,-0.17364817766693));
#6808=DIRECTION('center_axis',(1.,4.02158212363673E-16,-3.51842845256725E-17));
#6809=DIRECTION('ref_axis',(-4.02158212363673E-16,0.984807753012208,-0.17364817766693));
#6810=DIRECTION('',(-1.,-4.02158212363673E-16,3.51842845256725E-17));
#6811=DIRECTION('center_axis',(-1.,-4.02158212363673E-16,3.51842845256725E-17));
#6812=DIRECTION('ref_axis',(4.02158212363673E-16,-0.984807753012208,0.17364817766693));
#6813=DIRECTION('center_axis',(-1.,-4.02158212363673E-16,3.51842845256725E-17));
#6814=DIRECTION('ref_axis',(-4.02158212363673E-16,0.984807753012208,-0.17364817766693));
#6815=DIRECTION('center_axis',(-1.,-4.02158212363673E-16,3.51842845256725E-17));
#6816=DIRECTION('ref_axis',(-4.02158212363673E-16,0.984807753012208,-0.17364817766693));
#6817=DIRECTION('center_axis',(1.,4.02158212363673E-16,-3.51842845256725E-17));
#6818=DIRECTION('ref_axis',(-4.02158212363673E-16,0.984807753012208,-0.17364817766693));
#6819=DIRECTION('center_axis',(1.,4.02158212363673E-16,-3.51842845256725E-17));
#6820=DIRECTION('ref_axis',(-4.02158212363673E-16,0.984807753012208,-0.17364817766693));
#6821=DIRECTION('center_axis',(1.,4.02158212363673E-16,-3.51842845256725E-17));
#6822=DIRECTION('ref_axis',(-4.02158212363673E-16,0.984807753012208,-0.17364817766693));
#6823=DIRECTION('center_axis',(1.,4.02158212363673E-16,-3.51842845256725E-17));
#6824=DIRECTION('ref_axis',(-4.02158212363673E-16,0.984807753012208,-0.17364817766693));
#6825=DIRECTION('',(-1.,-4.02158212363673E-16,3.51842845256725E-17));
#6826=DIRECTION('center_axis',(1.,4.02158212363673E-16,-3.51842845256725E-17));
#6827=DIRECTION('ref_axis',(-4.02158212363673E-16,0.984807753012208,-0.17364817766693));
#6828=DIRECTION('',(-1.,-4.02158212363673E-16,3.51842845256725E-17));
#6829=DIRECTION('center_axis',(1.,4.02158212363673E-16,-3.51842845256725E-17));
#6830=DIRECTION('ref_axis',(-4.02158212363673E-16,0.984807753012208,-0.17364817766693));
#6831=DIRECTION('center_axis',(1.,4.02158212363673E-16,-3.51842845256725E-17));
#6832=DIRECTION('ref_axis',(-4.02158212363673E-16,0.984807753012208,-0.17364817766693));
#6833=DIRECTION('center_axis',(1.,4.02158212363673E-16,-3.51842845256725E-17));
#6834=DIRECTION('ref_axis',(-4.02158212363673E-16,0.984807753012208,-0.17364817766693));
#6835=DIRECTION('center_axis',(1.,4.02158212363673E-16,-3.51842845256725E-17));
#6836=DIRECTION('ref_axis',(-4.02158212363673E-16,0.984807753012208,-0.17364817766693));
#6837=DIRECTION('',(-1.,-4.02158212363673E-16,3.51842845256725E-17));
#6838=DIRECTION('center_axis',(-1.,-4.02158212363673E-16,3.51842845256725E-17));
#6839=DIRECTION('ref_axis',(-4.02158212363673E-16,0.984807753012208,-0.17364817766693));
#6840=DIRECTION('center_axis',(1.,4.02158212363673E-16,-3.51842845256725E-17));
#6841=DIRECTION('ref_axis',(-4.02158212363673E-16,0.984807753012208,-0.17364817766693));
#6842=DIRECTION('',(-1.,-4.02158212363673E-16,3.51842845256725E-17));
#6843=DIRECTION('center_axis',(-1.,-4.02158212363673E-16,3.51842845256725E-17));
#6844=DIRECTION('ref_axis',(4.02158212363673E-16,-0.984807753012208,0.17364817766693));
#6845=DIRECTION('center_axis',(1.,4.02158212363673E-16,-3.51842845256725E-17));
#6846=DIRECTION('ref_axis',(-4.02158212363673E-16,0.984807753012208,-0.17364817766693));
#6847=DIRECTION('center_axis',(1.,4.02158212363673E-16,-3.51842845256725E-17));
#6848=DIRECTION('ref_axis',(-4.02158212363673E-16,0.984807753012208,-0.17364817766693));
#6849=DIRECTION('center_axis',(1.,4.02158212363673E-16,-3.51842845256725E-17));
#6850=DIRECTION('ref_axis',(-4.02158212363673E-16,0.984807753012208,-0.17364817766693));
#6851=DIRECTION('',(1.,4.02158212363673E-16,-3.51842845256725E-17));
#6852=DIRECTION('center_axis',(-1.,-4.02158212363673E-16,3.51842845256725E-17));
#6853=DIRECTION('ref_axis',(-4.02158212363673E-16,0.984807753012208,-0.17364817766693));
#6854=DIRECTION('center_axis',(-1.,-4.02158212363673E-16,3.51842845256725E-17));
#6855=DIRECTION('ref_axis',(4.02158212363673E-16,-0.984807753012208,0.17364817766693));
#6856=DIRECTION('center_axis',(-1.,-4.02158212363673E-16,3.51842845256725E-17));
#6857=DIRECTION('ref_axis',(-4.02158212363673E-16,0.984807753012208,-0.17364817766693));
#6858=DIRECTION('center_axis',(-1.,-4.02158212363673E-16,3.51842845256725E-17));
#6859=DIRECTION('ref_axis',(-4.02158212363673E-16,0.984807753012208,-0.17364817766693));
#6860=DIRECTION('center_axis',(1.,4.02158212363673E-16,-3.51842845256725E-17));
#6861=DIRECTION('ref_axis',(-4.02158212363673E-16,0.984807753012208,-0.17364817766693));
#6862=DIRECTION('center_axis',(1.,4.02158212363673E-16,-3.51842845256725E-17));
#6863=DIRECTION('ref_axis',(-4.02158212363673E-16,0.984807753012208,-0.17364817766693));
#6864=DIRECTION('',(-1.,-4.02158212363673E-16,3.51842845256725E-17));
#6865=DIRECTION('center_axis',(-1.,-4.02158212363673E-16,3.51842845256725E-17));
#6866=DIRECTION('ref_axis',(4.02158212363673E-16,-0.984807753012208,0.17364817766693));
#6867=DIRECTION('center_axis',(-1.,-4.02158212363673E-16,3.51842845256725E-17));
#6868=DIRECTION('ref_axis',(-4.02158212363673E-16,0.984807753012208,-0.17364817766693));
#6869=DIRECTION('center_axis',(-1.,-4.02158212363673E-16,3.51842845256725E-17));
#6870=DIRECTION('ref_axis',(-4.02158212363673E-16,0.984807753012208,-0.17364817766693));
#6871=DIRECTION('center_axis',(1.,4.02158212363673E-16,-3.51842845256725E-17));
#6872=DIRECTION('ref_axis',(-4.02158212363673E-16,0.984807753012208,-0.17364817766693));
#6873=DIRECTION('center_axis',(1.,4.02158212363673E-16,-3.51842845256725E-17));
#6874=DIRECTION('ref_axis',(-4.02158212363673E-16,0.984807753012208,-0.17364817766693));
#6875=DIRECTION('center_axis',(1.,4.02158212363673E-16,-3.51842845256725E-17));
#6876=DIRECTION('ref_axis',(-4.02158212363673E-16,0.984807753012208,-0.17364817766693));
#6877=DIRECTION('center_axis',(1.,4.02158212363673E-16,-3.51842845256725E-17));
#6878=DIRECTION('ref_axis',(-4.02158212363673E-16,0.984807753012208,-0.17364817766693));
#6879=DIRECTION('',(-1.,-4.02158212363673E-16,3.51842845256725E-17));
#6880=DIRECTION('center_axis',(1.,4.02158212363673E-16,-3.51842845256725E-17));
#6881=DIRECTION('ref_axis',(-4.02158212363673E-16,0.984807753012208,-0.17364817766693));
#6882=DIRECTION('',(-1.,-4.02158212363673E-16,3.51842845256725E-17));
#6883=DIRECTION('center_axis',(1.,4.02158212363673E-16,-3.51842845256725E-17));
#6884=DIRECTION('ref_axis',(-4.02158212363673E-16,0.984807753012208,-0.17364817766693));
#6885=DIRECTION('center_axis',(1.,4.02158212363673E-16,-3.51842845256725E-17));
#6886=DIRECTION('ref_axis',(-4.02158212363673E-16,0.984807753012208,-0.17364817766693));
#6887=DIRECTION('center_axis',(1.,4.02158212363673E-16,-3.51842845256725E-17));
#6888=DIRECTION('ref_axis',(-4.02158212363673E-16,0.984807753012208,-0.17364817766693));
#6889=DIRECTION('center_axis',(1.,4.02158212363673E-16,-3.51842845256725E-17));
#6890=DIRECTION('ref_axis',(-4.02158212363673E-16,0.984807753012208,-0.17364817766693));
#6891=DIRECTION('',(-1.,-4.02158212363673E-16,3.51842845256725E-17));
#6892=DIRECTION('center_axis',(-1.,-4.02158212363673E-16,3.51842845256725E-17));
#6893=DIRECTION('ref_axis',(-4.02158212363673E-16,0.984807753012208,-0.17364817766693));
#6894=DIRECTION('center_axis',(1.,4.02158212363673E-16,-3.51842845256725E-17));
#6895=DIRECTION('ref_axis',(-4.02158212363673E-16,0.984807753012208,-0.17364817766693));
#6896=DIRECTION('',(-1.,-4.02158212363673E-16,3.51842845256725E-17));
#6897=DIRECTION('center_axis',(-1.,-4.02158212363673E-16,3.51842845256725E-17));
#6898=DIRECTION('ref_axis',(4.02158212363673E-16,-0.984807753012208,0.17364817766693));
#6899=DIRECTION('center_axis',(1.,4.02158212363673E-16,-3.51842845256725E-17));
#6900=DIRECTION('ref_axis',(-4.02158212363673E-16,0.984807753012208,-0.17364817766693));
#6901=DIRECTION('center_axis',(-4.02158212363673E-16,0.984807753012208,
-0.17364817766693));
#6902=DIRECTION('ref_axis',(1.,4.02158212363673E-16,-3.51842845256725E-17));
#6903=DIRECTION('center_axis',(-4.02158212363673E-16,0.984807753012208,
-0.17364817766693));
#6904=DIRECTION('ref_axis',(1.,4.02158212363673E-16,-3.51842845256725E-17));
#6905=DIRECTION('',(-4.02158212363673E-16,0.984807753012208,-0.17364817766693));
#6906=DIRECTION('center_axis',(4.02158212363673E-16,-0.984807753012208,
0.17364817766693));
#6907=DIRECTION('ref_axis',(1.,4.02158212363673E-16,-3.51842845256725E-17));
#6908=DIRECTION('center_axis',(4.02158212363673E-16,-0.984807753012208,
0.17364817766693));
#6909=DIRECTION('ref_axis',(-1.,-4.02158212363673E-16,3.51842845256725E-17));
#6910=DIRECTION('center_axis',(4.02158212363673E-16,-0.984807753012208,
0.17364817766693));
#6911=DIRECTION('ref_axis',(1.,4.02158212363673E-16,-3.51842845256725E-17));
#6912=DIRECTION('center_axis',(4.02158212363673E-16,-0.984807753012208,
0.17364817766693));
#6913=DIRECTION('ref_axis',(1.,4.02158212363673E-16,-3.51842845256725E-17));
#6914=DIRECTION('center_axis',(-4.02158212363673E-16,0.984807753012208,
-0.17364817766693));
#6915=DIRECTION('ref_axis',(1.,4.02158212363673E-16,-3.51842845256725E-17));
#6916=DIRECTION('center_axis',(-4.02158212363673E-16,0.984807753012208,
-0.17364817766693));
#6917=DIRECTION('ref_axis',(1.,4.02158212363673E-16,-3.51842845256725E-17));
#6918=DIRECTION('',(4.02158212363673E-16,-0.984807753012208,0.17364817766693));
#6919=DIRECTION('center_axis',(4.02158212363673E-16,-0.984807753012208,
0.17364817766693));
#6920=DIRECTION('ref_axis',(-1.,-4.02158212363673E-16,3.51842845256725E-17));
#6921=DIRECTION('center_axis',(4.02158212363673E-16,-0.984807753012208,
0.17364817766693));
#6922=DIRECTION('ref_axis',(1.,4.02158212363673E-16,-3.51842845256725E-17));
#6923=DIRECTION('center_axis',(4.02158212363673E-16,-0.984807753012208,
0.17364817766693));
#6924=DIRECTION('ref_axis',(1.,4.02158212363673E-16,-3.51842845256725E-17));
#6925=DIRECTION('center_axis',(-4.02158212363673E-16,0.984807753012208,
-0.17364817766693));
#6926=DIRECTION('ref_axis',(1.,4.02158212363673E-16,-3.51842845256725E-17));
#6927=DIRECTION('center_axis',(-4.02158212363673E-16,0.984807753012208,
-0.17364817766693));
#6928=DIRECTION('ref_axis',(1.,4.02158212363673E-16,-3.51842845256725E-17));
#6929=DIRECTION('center_axis',(-4.02158212363673E-16,0.984807753012208,
-0.17364817766693));
#6930=DIRECTION('ref_axis',(1.,4.02158212363673E-16,-3.51842845256725E-17));
#6931=DIRECTION('center_axis',(-4.02158212363673E-16,0.984807753012208,
-0.17364817766693));
#6932=DIRECTION('ref_axis',(1.,4.02158212363673E-16,-3.51842845256725E-17));
#6933=DIRECTION('',(4.02158212363673E-16,-0.984807753012208,0.17364817766693));
#6934=DIRECTION('center_axis',(-4.02158212363673E-16,0.984807753012208,
-0.17364817766693));
#6935=DIRECTION('ref_axis',(1.,4.02158212363673E-16,-3.51842845256725E-17));
#6936=DIRECTION('',(4.02158212363673E-16,-0.984807753012208,0.17364817766693));
#6937=DIRECTION('center_axis',(-4.02158212363673E-16,0.984807753012208,
-0.17364817766693));
#6938=DIRECTION('ref_axis',(1.,4.02158212363673E-16,-3.51842845256725E-17));
#6939=DIRECTION('center_axis',(-4.02158212363673E-16,0.984807753012208,
-0.17364817766693));
#6940=DIRECTION('ref_axis',(1.,4.02158212363673E-16,-3.51842845256725E-17));
#6941=DIRECTION('center_axis',(-4.02158212363673E-16,0.984807753012208,
-0.17364817766693));
#6942=DIRECTION('ref_axis',(1.,4.02158212363673E-16,-3.51842845256725E-17));
#6943=DIRECTION('center_axis',(-4.02158212363673E-16,0.984807753012208,
-0.17364817766693));
#6944=DIRECTION('ref_axis',(1.,4.02158212363673E-16,-3.51842845256725E-17));
#6945=DIRECTION('',(4.02158212363673E-16,-0.984807753012208,0.17364817766693));
#6946=DIRECTION('center_axis',(4.02158212363673E-16,-0.984807753012208,
0.17364817766693));
#6947=DIRECTION('ref_axis',(1.,4.02158212363673E-16,-3.51842845256725E-17));
#6948=DIRECTION('center_axis',(-4.02158212363673E-16,0.984807753012208,
-0.17364817766693));
#6949=DIRECTION('ref_axis',(1.,4.02158212363673E-16,-3.51842845256725E-17));
#6950=DIRECTION('',(4.02158212363673E-16,-0.984807753012208,0.17364817766693));
#6951=DIRECTION('center_axis',(4.02158212363673E-16,-0.984807753012208,
0.17364817766693));
#6952=DIRECTION('ref_axis',(-1.,-4.02158212363673E-16,3.51842845256725E-17));
#6953=DIRECTION('center_axis',(-4.02158212363673E-16,0.984807753012208,
-0.17364817766693));
#6954=DIRECTION('ref_axis',(1.,4.02158212363673E-16,-3.51842845256725E-17));
#6955=DIRECTION('center_axis',(-4.02158212363673E-16,0.984807753012208,
-0.17364817766693));
#6956=DIRECTION('ref_axis',(1.,4.02158212363673E-16,-3.51842845256725E-17));
#6957=DIRECTION('center_axis',(-4.02158212363673E-16,0.984807753012208,
-0.17364817766693));
#6958=DIRECTION('ref_axis',(1.,4.02158212363673E-16,-3.51842845256725E-17));
#6959=DIRECTION('',(-4.02158212363673E-16,0.984807753012208,-0.17364817766693));
#6960=DIRECTION('center_axis',(4.02158212363673E-16,-0.984807753012208,
0.17364817766693));
#6961=DIRECTION('ref_axis',(1.,4.02158212363673E-16,-3.51842845256725E-17));
#6962=DIRECTION('center_axis',(4.02158212363673E-16,-0.984807753012208,
0.17364817766693));
#6963=DIRECTION('ref_axis',(-1.,-4.02158212363673E-16,3.51842845256725E-17));
#6964=DIRECTION('center_axis',(4.02158212363673E-16,-0.984807753012208,
0.17364817766693));
#6965=DIRECTION('ref_axis',(1.,4.02158212363673E-16,-3.51842845256725E-17));
#6966=DIRECTION('center_axis',(4.02158212363673E-16,-0.984807753012208,
0.17364817766693));
#6967=DIRECTION('ref_axis',(1.,4.02158212363673E-16,-3.51842845256725E-17));
#6968=DIRECTION('center_axis',(-4.02158212363673E-16,0.984807753012208,
-0.17364817766693));
#6969=DIRECTION('ref_axis',(1.,4.02158212363673E-16,-3.51842845256725E-17));
#6970=DIRECTION('center_axis',(-4.02158212363673E-16,0.984807753012208,
-0.17364817766693));
#6971=DIRECTION('ref_axis',(1.,4.02158212363673E-16,-3.51842845256725E-17));
#6972=DIRECTION('',(4.02158212363673E-16,-0.984807753012208,0.17364817766693));
#6973=DIRECTION('center_axis',(4.02158212363673E-16,-0.984807753012208,
0.17364817766693));
#6974=DIRECTION('ref_axis',(-1.,-4.02158212363673E-16,3.51842845256725E-17));
#6975=DIRECTION('center_axis',(4.02158212363673E-16,-0.984807753012208,
0.17364817766693));
#6976=DIRECTION('ref_axis',(1.,4.02158212363673E-16,-3.51842845256725E-17));
#6977=DIRECTION('center_axis',(4.02158212363673E-16,-0.984807753012208,
0.17364817766693));
#6978=DIRECTION('ref_axis',(1.,4.02158212363673E-16,-3.51842845256725E-17));
#6979=DIRECTION('center_axis',(-4.02158212363673E-16,0.984807753012208,
-0.17364817766693));
#6980=DIRECTION('ref_axis',(1.,4.02158212363673E-16,-3.51842845256725E-17));
#6981=DIRECTION('center_axis',(-4.02158212363673E-16,0.984807753012208,
-0.17364817766693));
#6982=DIRECTION('ref_axis',(1.,4.02158212363673E-16,-3.51842845256725E-17));
#6983=DIRECTION('center_axis',(-4.02158212363673E-16,0.984807753012208,
-0.17364817766693));
#6984=DIRECTION('ref_axis',(1.,4.02158212363673E-16,-3.51842845256725E-17));
#6985=DIRECTION('center_axis',(-4.02158212363673E-16,0.984807753012208,
-0.17364817766693));
#6986=DIRECTION('ref_axis',(1.,4.02158212363673E-16,-3.51842845256725E-17));
#6987=DIRECTION('',(4.02158212363673E-16,-0.984807753012208,0.17364817766693));
#6988=DIRECTION('center_axis',(-4.02158212363673E-16,0.984807753012208,
-0.17364817766693));
#6989=DIRECTION('ref_axis',(1.,4.02158212363673E-16,-3.51842845256725E-17));
#6990=DIRECTION('',(4.02158212363673E-16,-0.984807753012208,0.17364817766693));
#6991=DIRECTION('center_axis',(-4.02158212363673E-16,0.984807753012208,
-0.17364817766693));
#6992=DIRECTION('ref_axis',(1.,4.02158212363673E-16,-3.51842845256725E-17));
#6993=DIRECTION('center_axis',(-4.02158212363673E-16,0.984807753012208,
-0.17364817766693));
#6994=DIRECTION('ref_axis',(1.,4.02158212363673E-16,-3.51842845256725E-17));
#6995=DIRECTION('center_axis',(-4.02158212363673E-16,0.984807753012208,
-0.17364817766693));
#6996=DIRECTION('ref_axis',(1.,4.02158212363673E-16,-3.51842845256725E-17));
#6997=DIRECTION('center_axis',(-4.02158212363673E-16,0.984807753012208,
-0.17364817766693));
#6998=DIRECTION('ref_axis',(1.,4.02158212363673E-16,-3.51842845256725E-17));
#6999=DIRECTION('',(4.02158212363673E-16,-0.984807753012208,0.17364817766693));
#7000=DIRECTION('center_axis',(4.02158212363673E-16,-0.984807753012208,
0.17364817766693));
#7001=DIRECTION('ref_axis',(1.,4.02158212363673E-16,-3.51842845256725E-17));
#7002=DIRECTION('center_axis',(-4.02158212363673E-16,0.984807753012208,
-0.17364817766693));
#7003=DIRECTION('ref_axis',(1.,4.02158212363673E-16,-3.51842845256725E-17));
#7004=DIRECTION('',(4.02158212363673E-16,-0.984807753012208,0.17364817766693));
#7005=DIRECTION('center_axis',(4.02158212363673E-16,-0.984807753012208,
0.17364817766693));
#7006=DIRECTION('ref_axis',(-1.,-4.02158212363673E-16,3.51842845256725E-17));
#7007=DIRECTION('center_axis',(-4.02158212363673E-16,0.984807753012208,
-0.17364817766693));
#7008=DIRECTION('ref_axis',(1.,4.02158212363673E-16,-3.51842845256725E-17));
#7009=DIRECTION('center_axis',(-4.02158212363673E-16,0.984807753012208,
-0.17364817766693));
#7010=DIRECTION('ref_axis',(1.,4.02158212363673E-16,-3.51842845256725E-17));
#7011=DIRECTION('center_axis',(-4.02158212363673E-16,0.984807753012208,
-0.17364817766693));
#7012=DIRECTION('ref_axis',(1.,4.02158212363673E-16,-3.51842845256725E-17));
#7013=DIRECTION('',(-4.02158212363673E-16,0.984807753012208,-0.17364817766693));
#7014=DIRECTION('center_axis',(4.02158212363673E-16,-0.984807753012208,
0.17364817766693));
#7015=DIRECTION('ref_axis',(1.,4.02158212363673E-16,-3.51842845256725E-17));
#7016=DIRECTION('center_axis',(4.02158212363673E-16,-0.984807753012208,
0.17364817766693));
#7017=DIRECTION('ref_axis',(-1.,-4.02158212363673E-16,3.51842845256725E-17));
#7018=DIRECTION('center_axis',(4.02158212363673E-16,-0.984807753012208,
0.17364817766693));
#7019=DIRECTION('ref_axis',(1.,4.02158212363673E-16,-3.51842845256725E-17));
#7020=DIRECTION('center_axis',(4.02158212363673E-16,-0.984807753012208,
0.17364817766693));
#7021=DIRECTION('ref_axis',(1.,4.02158212363673E-16,-3.51842845256725E-17));
#7022=DIRECTION('center_axis',(-4.02158212363673E-16,0.984807753012208,
-0.17364817766693));
#7023=DIRECTION('ref_axis',(1.,4.02158212363673E-16,-3.51842845256725E-17));
#7024=DIRECTION('center_axis',(-4.02158212363673E-16,0.984807753012208,
-0.17364817766693));
#7025=DIRECTION('ref_axis',(1.,4.02158212363673E-16,-3.51842845256725E-17));
#7026=DIRECTION('',(4.02158212363673E-16,-0.984807753012208,0.17364817766693));
#7027=DIRECTION('center_axis',(4.02158212363673E-16,-0.984807753012208,
0.17364817766693));
#7028=DIRECTION('ref_axis',(-1.,-4.02158212363673E-16,3.51842845256725E-17));
#7029=DIRECTION('center_axis',(4.02158212363673E-16,-0.984807753012208,
0.17364817766693));
#7030=DIRECTION('ref_axis',(1.,4.02158212363673E-16,-3.51842845256725E-17));
#7031=DIRECTION('center_axis',(4.02158212363673E-16,-0.984807753012208,
0.17364817766693));
#7032=DIRECTION('ref_axis',(1.,4.02158212363673E-16,-3.51842845256725E-17));
#7033=DIRECTION('center_axis',(-4.02158212363673E-16,0.984807753012208,
-0.17364817766693));
#7034=DIRECTION('ref_axis',(1.,4.02158212363673E-16,-3.51842845256725E-17));
#7035=DIRECTION('center_axis',(-4.02158212363673E-16,0.984807753012208,
-0.17364817766693));
#7036=DIRECTION('ref_axis',(1.,4.02158212363673E-16,-3.51842845256725E-17));
#7037=DIRECTION('center_axis',(-4.02158212363673E-16,0.984807753012208,
-0.17364817766693));
#7038=DIRECTION('ref_axis',(1.,4.02158212363673E-16,-3.51842845256725E-17));
#7039=DIRECTION('center_axis',(-4.02158212363673E-16,0.984807753012208,
-0.17364817766693));
#7040=DIRECTION('ref_axis',(1.,4.02158212363673E-16,-3.51842845256725E-17));
#7041=DIRECTION('',(4.02158212363673E-16,-0.984807753012208,0.17364817766693));
#7042=DIRECTION('center_axis',(-4.02158212363673E-16,0.984807753012208,
-0.17364817766693));
#7043=DIRECTION('ref_axis',(1.,4.02158212363673E-16,-3.51842845256725E-17));
#7044=DIRECTION('',(4.02158212363673E-16,-0.984807753012208,0.17364817766693));
#7045=DIRECTION('center_axis',(-4.02158212363673E-16,0.984807753012208,
-0.17364817766693));
#7046=DIRECTION('ref_axis',(1.,4.02158212363673E-16,-3.51842845256725E-17));
#7047=DIRECTION('center_axis',(-4.02158212363673E-16,0.984807753012208,
-0.17364817766693));
#7048=DIRECTION('ref_axis',(1.,4.02158212363673E-16,-3.51842845256725E-17));
#7049=DIRECTION('center_axis',(-4.02158212363673E-16,0.984807753012208,
-0.17364817766693));
#7050=DIRECTION('ref_axis',(1.,4.02158212363673E-16,-3.51842845256725E-17));
#7051=DIRECTION('center_axis',(-4.02158212363673E-16,0.984807753012208,
-0.17364817766693));
#7052=DIRECTION('ref_axis',(1.,4.02158212363673E-16,-3.51842845256725E-17));
#7053=DIRECTION('',(4.02158212363673E-16,-0.984807753012208,0.17364817766693));
#7054=DIRECTION('center_axis',(4.02158212363673E-16,-0.984807753012208,
0.17364817766693));
#7055=DIRECTION('ref_axis',(1.,4.02158212363673E-16,-3.51842845256725E-17));
#7056=DIRECTION('center_axis',(-4.02158212363673E-16,0.984807753012208,
-0.17364817766693));
#7057=DIRECTION('ref_axis',(1.,4.02158212363673E-16,-3.51842845256725E-17));
#7058=DIRECTION('',(4.02158212363673E-16,-0.984807753012208,0.17364817766693));
#7059=DIRECTION('center_axis',(4.02158212363673E-16,-0.984807753012208,
0.17364817766693));
#7060=DIRECTION('ref_axis',(-1.,-4.02158212363673E-16,3.51842845256725E-17));
#7061=DIRECTION('center_axis',(-4.02158212363673E-16,0.984807753012208,
-0.17364817766693));
#7062=DIRECTION('ref_axis',(1.,4.02158212363673E-16,-3.51842845256725E-17));
#7063=DIRECTION('center_axis',(-4.02158212363673E-16,0.984807753012208,
-0.17364817766693));
#7064=DIRECTION('ref_axis',(1.,4.02158212363673E-16,-3.51842845256725E-17));
#7065=DIRECTION('center_axis',(-4.02158212363673E-16,0.984807753012208,
-0.17364817766693));
#7066=DIRECTION('ref_axis',(1.,4.02158212363673E-16,-3.51842845256725E-17));
#7067=DIRECTION('',(-4.02158212363673E-16,0.984807753012208,-0.17364817766693));
#7068=DIRECTION('center_axis',(4.02158212363673E-16,-0.984807753012208,
0.17364817766693));
#7069=DIRECTION('ref_axis',(1.,4.02158212363673E-16,-3.51842845256725E-17));
#7070=DIRECTION('center_axis',(4.02158212363673E-16,-0.984807753012208,
0.17364817766693));
#7071=DIRECTION('ref_axis',(-1.,-4.02158212363673E-16,3.51842845256725E-17));
#7072=DIRECTION('center_axis',(4.02158212363673E-16,-0.984807753012208,
0.17364817766693));
#7073=DIRECTION('ref_axis',(1.,4.02158212363673E-16,-3.51842845256725E-17));
#7074=DIRECTION('center_axis',(4.02158212363673E-16,-0.984807753012208,
0.17364817766693));
#7075=DIRECTION('ref_axis',(1.,4.02158212363673E-16,-3.51842845256725E-17));
#7076=DIRECTION('center_axis',(-4.02158212363673E-16,0.984807753012208,
-0.17364817766693));
#7077=DIRECTION('ref_axis',(1.,4.02158212363673E-16,-3.51842845256725E-17));
#7078=DIRECTION('center_axis',(-4.02158212363673E-16,0.984807753012208,
-0.17364817766693));
#7079=DIRECTION('ref_axis',(1.,4.02158212363673E-16,-3.51842845256725E-17));
#7080=DIRECTION('',(4.02158212363673E-16,-0.984807753012208,0.17364817766693));
#7081=DIRECTION('center_axis',(4.02158212363673E-16,-0.984807753012208,
0.17364817766693));
#7082=DIRECTION('ref_axis',(-1.,-4.02158212363673E-16,3.51842845256725E-17));
#7083=DIRECTION('center_axis',(4.02158212363673E-16,-0.984807753012208,
0.17364817766693));
#7084=DIRECTION('ref_axis',(1.,4.02158212363673E-16,-3.51842845256725E-17));
#7085=DIRECTION('center_axis',(4.02158212363673E-16,-0.984807753012208,
0.17364817766693));
#7086=DIRECTION('ref_axis',(1.,4.02158212363673E-16,-3.51842845256725E-17));
#7087=DIRECTION('center_axis',(-4.02158212363673E-16,0.984807753012208,
-0.17364817766693));
#7088=DIRECTION('ref_axis',(1.,4.02158212363673E-16,-3.51842845256725E-17));
#7089=DIRECTION('center_axis',(-4.02158212363673E-16,0.984807753012208,
-0.17364817766693));
#7090=DIRECTION('ref_axis',(1.,4.02158212363673E-16,-3.51842845256725E-17));
#7091=DIRECTION('center_axis',(-4.02158212363673E-16,0.984807753012208,
-0.17364817766693));
#7092=DIRECTION('ref_axis',(1.,4.02158212363673E-16,-3.51842845256725E-17));
#7093=DIRECTION('center_axis',(-4.02158212363673E-16,0.984807753012208,
-0.17364817766693));
#7094=DIRECTION('ref_axis',(1.,4.02158212363673E-16,-3.51842845256725E-17));
#7095=DIRECTION('',(4.02158212363673E-16,-0.984807753012208,0.17364817766693));
#7096=DIRECTION('center_axis',(-4.02158212363673E-16,0.984807753012208,
-0.17364817766693));
#7097=DIRECTION('ref_axis',(1.,4.02158212363673E-16,-3.51842845256725E-17));
#7098=DIRECTION('',(4.02158212363673E-16,-0.984807753012208,0.17364817766693));
#7099=DIRECTION('center_axis',(-4.02158212363673E-16,0.984807753012208,
-0.17364817766693));
#7100=DIRECTION('ref_axis',(1.,4.02158212363673E-16,-3.51842845256725E-17));
#7101=DIRECTION('center_axis',(-4.02158212363673E-16,0.984807753012208,
-0.17364817766693));
#7102=DIRECTION('ref_axis',(1.,4.02158212363673E-16,-3.51842845256725E-17));
#7103=DIRECTION('center_axis',(-4.02158212363673E-16,0.984807753012208,
-0.17364817766693));
#7104=DIRECTION('ref_axis',(1.,4.02158212363673E-16,-3.51842845256725E-17));
#7105=DIRECTION('center_axis',(-4.02158212363673E-16,0.984807753012208,
-0.17364817766693));
#7106=DIRECTION('ref_axis',(1.,4.02158212363673E-16,-3.51842845256725E-17));
#7107=DIRECTION('',(4.02158212363673E-16,-0.984807753012208,0.17364817766693));
#7108=DIRECTION('center_axis',(4.02158212363673E-16,-0.984807753012208,
0.17364817766693));
#7109=DIRECTION('ref_axis',(1.,4.02158212363673E-16,-3.51842845256725E-17));
#7110=DIRECTION('center_axis',(-4.02158212363673E-16,0.984807753012208,
-0.17364817766693));
#7111=DIRECTION('ref_axis',(1.,4.02158212363673E-16,-3.51842845256725E-17));
#7112=DIRECTION('',(4.02158212363673E-16,-0.984807753012208,0.17364817766693));
#7113=DIRECTION('center_axis',(4.02158212363673E-16,-0.984807753012208,
0.17364817766693));
#7114=DIRECTION('ref_axis',(-1.,-4.02158212363673E-16,3.51842845256725E-17));
#7115=DIRECTION('center_axis',(-4.02158212363673E-16,0.984807753012208,
-0.17364817766693));
#7116=DIRECTION('ref_axis',(1.,4.02158212363673E-16,-3.51842845256725E-17));
#7117=DIRECTION('center_axis',(-4.01482920479296E-16,0.999847698958491,
0.0174521886137598));
#7118=DIRECTION('ref_axis',(1.,4.02158212363673E-16,-3.51842845256725E-17));
#7119=DIRECTION('center_axis',(-4.01482920479296E-16,0.999847698958491,
0.0174521886137608));
#7120=DIRECTION('ref_axis',(1.,4.02158212363673E-16,-3.51842845256725E-17));
#7121=DIRECTION('',(-4.01482920479296E-16,0.999847698958491,0.0174521886137598));
#7122=DIRECTION('center_axis',(4.01482920479296E-16,-0.999847698958491,
-0.0174521886137608));
#7123=DIRECTION('ref_axis',(1.,4.02158212363673E-16,-3.51842845256725E-17));
#7124=DIRECTION('center_axis',(4.01482920479295E-16,-0.999847698958491,
-0.0174521886137871));
#7125=DIRECTION('ref_axis',(-1.,-4.02158212363673E-16,3.51842845256725E-17));
#7126=DIRECTION('center_axis',(4.01482920479295E-16,-0.999847698958491,
-0.0174521886137871));
#7127=DIRECTION('ref_axis',(1.,4.02158212363673E-16,-3.51842845256725E-17));
#7128=DIRECTION('center_axis',(4.01482920479295E-16,-0.999847698958491,
-0.0174521886137871));
#7129=DIRECTION('ref_axis',(1.,4.02158212363673E-16,-3.51842845256725E-17));
#7130=DIRECTION('center_axis',(-4.01482920479295E-16,0.999847698958491,
0.0174521886137871));
#7131=DIRECTION('ref_axis',(1.,4.02158212363673E-16,-3.51842845256725E-17));
#7132=DIRECTION('center_axis',(-4.01482920479295E-16,0.999847698958491,
0.0174521886137871));
#7133=DIRECTION('ref_axis',(1.,4.02158212363673E-16,-3.51842845256725E-17));
#7134=DIRECTION('',(4.01482920479295E-16,-0.999847698958491,-0.0174521886137871));
#7135=DIRECTION('center_axis',(4.01482920479297E-16,-0.999847698958492,
-0.0174521886137434));
#7136=DIRECTION('ref_axis',(-1.,-4.02158212363673E-16,3.51842845256725E-17));
#7137=DIRECTION('center_axis',(4.01482920479297E-16,-0.999847698958492,
-0.0174521886137434));
#7138=DIRECTION('ref_axis',(1.,4.02158212363673E-16,-3.51842845256725E-17));
#7139=DIRECTION('center_axis',(4.01482920479297E-16,-0.999847698958492,
-0.0174521886137434));
#7140=DIRECTION('ref_axis',(1.,4.02158212363673E-16,-3.51842845256725E-17));
#7141=DIRECTION('center_axis',(-4.01482920479297E-16,0.999847698958492,
0.0174521886137434));
#7142=DIRECTION('ref_axis',(1.,4.02158212363673E-16,-3.51842845256725E-17));
#7143=DIRECTION('center_axis',(-4.01482920479297E-16,0.999847698958492,
0.0174521886137434));
#7144=DIRECTION('ref_axis',(1.,4.02158212363673E-16,-3.51842845256725E-17));
#7145=DIRECTION('center_axis',(-4.01482920479297E-16,0.999847698958492,
0.0174521886137434));
#7146=DIRECTION('ref_axis',(1.,4.02158212363673E-16,-3.51842845256725E-17));
#7147=DIRECTION('center_axis',(-4.01482920479297E-16,0.999847698958492,
0.0174521886137434));
#7148=DIRECTION('ref_axis',(1.,4.02158212363673E-16,-3.51842845256725E-17));
#7149=DIRECTION('',(4.01482920479297E-16,-0.999847698958492,-0.0174521886137434));
#7150=DIRECTION('center_axis',(-4.01482920479296E-16,0.999847698958491,
0.0174521886137608));
#7151=DIRECTION('ref_axis',(1.,4.02158212363673E-16,-3.51842845256725E-17));
#7152=DIRECTION('',(4.01482920479296E-16,-0.999847698958491,-0.0174521886137608));
#7153=DIRECTION('center_axis',(-4.01482920479297E-16,0.999847698958492,
0.0174521886137434));
#7154=DIRECTION('ref_axis',(1.,4.02158212363673E-16,-3.51842845256725E-17));
#7155=DIRECTION('center_axis',(-4.01482920479297E-16,0.999847698958492,
0.0174521886137434));
#7156=DIRECTION('ref_axis',(1.,4.02158212363673E-16,-3.51842845256725E-17));
#7157=DIRECTION('center_axis',(-4.01482920479297E-16,0.999847698958492,
0.0174521886137434));
#7158=DIRECTION('ref_axis',(1.,4.02158212363673E-16,-3.51842845256725E-17));
#7159=DIRECTION('center_axis',(-4.01482920479297E-16,0.999847698958492,
0.0174521886137434));
#7160=DIRECTION('ref_axis',(1.,4.02158212363673E-16,-3.51842845256725E-17));
#7161=DIRECTION('',(4.01482920479297E-16,-0.999847698958492,-0.0174521886137434));
#7162=DIRECTION('center_axis',(4.01482920479297E-16,-0.999847698958492,
-0.0174521886137434));
#7163=DIRECTION('ref_axis',(1.,4.02158212363673E-16,-3.51842845256725E-17));
#7164=DIRECTION('center_axis',(-4.01482920479296E-16,0.999847698958491,
0.0174521886137608));
#7165=DIRECTION('ref_axis',(1.,4.02158212363673E-16,-3.51842845256725E-17));
#7166=DIRECTION('',(4.01482920479296E-16,-0.999847698958491,-0.0174521886137608));
#7167=DIRECTION('center_axis',(4.01482920479296E-16,-0.999847698958491,
-0.0174521886137608));
#7168=DIRECTION('ref_axis',(-1.,-4.02158212363673E-16,3.51842845256725E-17));
#7169=DIRECTION('center_axis',(-4.01482920479296E-16,0.999847698958491,
0.0174521886137608));
#7170=DIRECTION('ref_axis',(1.,4.02158212363673E-16,-3.51842845256725E-17));
#7171=DIRECTION('center_axis',(-4.01482920479296E-16,0.999847698958491,
0.0174521886137598));
#7172=DIRECTION('ref_axis',(1.,4.02158212363673E-16,-3.51842845256725E-17));
#7173=DIRECTION('center_axis',(-4.01482920479296E-16,0.999847698958491,
0.0174521886137608));
#7174=DIRECTION('ref_axis',(1.,4.02158212363673E-16,-3.51842845256725E-17));
#7175=DIRECTION('',(-4.01482920479296E-16,0.999847698958491,0.0174521886137598));
#7176=DIRECTION('center_axis',(4.01482920479296E-16,-0.999847698958491,
-0.0174521886137608));
#7177=DIRECTION('ref_axis',(1.,4.02158212363673E-16,-3.51842845256725E-17));
#7178=DIRECTION('center_axis',(4.01482920479295E-16,-0.999847698958491,
-0.0174521886137871));
#7179=DIRECTION('ref_axis',(-1.,-4.02158212363673E-16,3.51842845256725E-17));
#7180=DIRECTION('center_axis',(4.01482920479295E-16,-0.999847698958491,
-0.0174521886137871));
#7181=DIRECTION('ref_axis',(1.,4.02158212363673E-16,-3.51842845256725E-17));
#7182=DIRECTION('center_axis',(4.01482920479295E-16,-0.999847698958491,
-0.0174521886137871));
#7183=DIRECTION('ref_axis',(1.,4.02158212363673E-16,-3.51842845256725E-17));
#7184=DIRECTION('center_axis',(-4.01482920479295E-16,0.999847698958491,
0.0174521886137871));
#7185=DIRECTION('ref_axis',(1.,4.02158212363673E-16,-3.51842845256725E-17));
#7186=DIRECTION('center_axis',(-4.01482920479295E-16,0.999847698958491,
0.0174521886137871));
#7187=DIRECTION('ref_axis',(1.,4.02158212363673E-16,-3.51842845256725E-17));
#7188=DIRECTION('',(4.01482920479295E-16,-0.999847698958491,-0.0174521886137871));
#7189=DIRECTION('center_axis',(4.01482920479297E-16,-0.999847698958492,
-0.0174521886137434));
#7190=DIRECTION('ref_axis',(-1.,-4.02158212363673E-16,3.51842845256725E-17));
#7191=DIRECTION('center_axis',(4.01482920479297E-16,-0.999847698958492,
-0.0174521886137434));
#7192=DIRECTION('ref_axis',(1.,4.02158212363673E-16,-3.51842845256725E-17));
#7193=DIRECTION('center_axis',(4.01482920479297E-16,-0.999847698958492,
-0.0174521886137434));
#7194=DIRECTION('ref_axis',(1.,4.02158212363673E-16,-3.51842845256725E-17));
#7195=DIRECTION('center_axis',(-4.01482920479297E-16,0.999847698958492,
0.0174521886137434));
#7196=DIRECTION('ref_axis',(1.,4.02158212363673E-16,-3.51842845256725E-17));
#7197=DIRECTION('center_axis',(-4.01482920479297E-16,0.999847698958492,
0.0174521886137434));
#7198=DIRECTION('ref_axis',(1.,4.02158212363673E-16,-3.51842845256725E-17));
#7199=DIRECTION('center_axis',(-4.01482920479297E-16,0.999847698958492,
0.0174521886137434));
#7200=DIRECTION('ref_axis',(1.,4.02158212363673E-16,-3.51842845256725E-17));
#7201=DIRECTION('center_axis',(-4.01482920479297E-16,0.999847698958492,
0.0174521886137434));
#7202=DIRECTION('ref_axis',(1.,4.02158212363673E-16,-3.51842845256725E-17));
#7203=DIRECTION('',(4.01482920479297E-16,-0.999847698958492,-0.0174521886137434));
#7204=DIRECTION('center_axis',(-4.01482920479296E-16,0.999847698958491,
0.0174521886137608));
#7205=DIRECTION('ref_axis',(1.,4.02158212363673E-16,-3.51842845256725E-17));
#7206=DIRECTION('',(4.01482920479296E-16,-0.999847698958491,-0.0174521886137608));
#7207=DIRECTION('center_axis',(-4.01482920479297E-16,0.999847698958492,
0.0174521886137434));
#7208=DIRECTION('ref_axis',(1.,4.02158212363673E-16,-3.51842845256725E-17));
#7209=DIRECTION('center_axis',(-4.01482920479297E-16,0.999847698958492,
0.0174521886137434));
#7210=DIRECTION('ref_axis',(1.,4.02158212363673E-16,-3.51842845256725E-17));
#7211=DIRECTION('center_axis',(-4.01482920479297E-16,0.999847698958492,
0.0174521886137434));
#7212=DIRECTION('ref_axis',(1.,4.02158212363673E-16,-3.51842845256725E-17));
#7213=DIRECTION('center_axis',(-4.01482920479297E-16,0.999847698958492,
0.0174521886137434));
#7214=DIRECTION('ref_axis',(1.,4.02158212363673E-16,-3.51842845256725E-17));
#7215=DIRECTION('',(4.01482920479297E-16,-0.999847698958492,-0.0174521886137434));
#7216=DIRECTION('center_axis',(4.01482920479297E-16,-0.999847698958492,
-0.0174521886137434));
#7217=DIRECTION('ref_axis',(1.,4.02158212363673E-16,-3.51842845256725E-17));
#7218=DIRECTION('center_axis',(-4.01482920479296E-16,0.999847698958491,
0.0174521886137608));
#7219=DIRECTION('ref_axis',(1.,4.02158212363673E-16,-3.51842845256725E-17));
#7220=DIRECTION('',(4.01482920479296E-16,-0.999847698958491,-0.0174521886137608));
#7221=DIRECTION('center_axis',(4.01482920479296E-16,-0.999847698958491,
-0.0174521886137608));
#7222=DIRECTION('ref_axis',(-1.,-4.02158212363673E-16,3.51842845256725E-17));
#7223=DIRECTION('center_axis',(-4.01482920479296E-16,0.999847698958491,
0.0174521886137608));
#7224=DIRECTION('ref_axis',(1.,4.02158212363673E-16,-3.51842845256725E-17));
#7225=DIRECTION('center_axis',(-4.01482920479296E-16,0.999847698958491,
0.0174521886137598));
#7226=DIRECTION('ref_axis',(1.,4.02158212363673E-16,-3.51842845256725E-17));
#7227=DIRECTION('center_axis',(-4.01482920479296E-16,0.999847698958491,
0.0174521886137608));
#7228=DIRECTION('ref_axis',(1.,4.02158212363673E-16,-3.51842845256725E-17));
#7229=DIRECTION('',(-4.01482920479296E-16,0.999847698958491,0.0174521886137598));
#7230=DIRECTION('center_axis',(4.01482920479296E-16,-0.999847698958491,
-0.0174521886137608));
#7231=DIRECTION('ref_axis',(1.,4.02158212363673E-16,-3.51842845256725E-17));
#7232=DIRECTION('center_axis',(4.01482920479295E-16,-0.999847698958491,
-0.0174521886137869));
#7233=DIRECTION('ref_axis',(-1.,-4.02158212363673E-16,3.51842845256725E-17));
#7234=DIRECTION('center_axis',(4.01482920479295E-16,-0.999847698958491,
-0.0174521886137869));
#7235=DIRECTION('ref_axis',(1.,4.02158212363673E-16,-3.51842845256725E-17));
#7236=DIRECTION('center_axis',(4.01482920479295E-16,-0.999847698958491,
-0.0174521886137869));
#7237=DIRECTION('ref_axis',(1.,4.02158212363673E-16,-3.51842845256725E-17));
#7238=DIRECTION('center_axis',(-4.01482920479295E-16,0.999847698958491,
0.0174521886137869));
#7239=DIRECTION('ref_axis',(1.,4.02158212363673E-16,-3.51842845256725E-17));
#7240=DIRECTION('center_axis',(-4.01482920479295E-16,0.999847698958491,
0.0174521886137869));
#7241=DIRECTION('ref_axis',(1.,4.02158212363673E-16,-3.51842845256725E-17));
#7242=DIRECTION('',(4.01482920479295E-16,-0.999847698958491,-0.0174521886137869));
#7243=DIRECTION('center_axis',(4.01482920479297E-16,-0.999847698958492,
-0.0174521886137433));
#7244=DIRECTION('ref_axis',(-1.,-4.02158212363673E-16,3.51842845256725E-17));
#7245=DIRECTION('center_axis',(4.01482920479297E-16,-0.999847698958492,
-0.0174521886137433));
#7246=DIRECTION('ref_axis',(1.,4.02158212363673E-16,-3.51842845256725E-17));
#7247=DIRECTION('center_axis',(4.01482920479297E-16,-0.999847698958492,
-0.0174521886137433));
#7248=DIRECTION('ref_axis',(1.,4.02158212363673E-16,-3.51842845256725E-17));
#7249=DIRECTION('center_axis',(-4.01482920479297E-16,0.999847698958492,
0.0174521886137433));
#7250=DIRECTION('ref_axis',(1.,4.02158212363673E-16,-3.51842845256725E-17));
#7251=DIRECTION('center_axis',(-4.01482920479297E-16,0.999847698958492,
0.0174521886137433));
#7252=DIRECTION('ref_axis',(1.,4.02158212363673E-16,-3.51842845256725E-17));
#7253=DIRECTION('center_axis',(-4.01482920479297E-16,0.999847698958492,
0.0174521886137433));
#7254=DIRECTION('ref_axis',(1.,4.02158212363673E-16,-3.51842845256725E-17));
#7255=DIRECTION('center_axis',(-4.01482920479297E-16,0.999847698958492,
0.0174521886137433));
#7256=DIRECTION('ref_axis',(1.,4.02158212363673E-16,-3.51842845256725E-17));
#7257=DIRECTION('',(4.01482920479297E-16,-0.999847698958492,-0.0174521886137433));
#7258=DIRECTION('center_axis',(-4.01482920479296E-16,0.999847698958491,
0.0174521886137608));
#7259=DIRECTION('ref_axis',(1.,4.02158212363673E-16,-3.51842845256725E-17));
#7260=DIRECTION('',(4.01482920479296E-16,-0.999847698958491,-0.0174521886137608));
#7261=DIRECTION('center_axis',(-4.01482920479297E-16,0.999847698958492,
0.0174521886137433));
#7262=DIRECTION('ref_axis',(1.,4.02158212363673E-16,-3.51842845256725E-17));
#7263=DIRECTION('center_axis',(-4.01482920479297E-16,0.999847698958492,
0.0174521886137433));
#7264=DIRECTION('ref_axis',(1.,4.02158212363673E-16,-3.51842845256725E-17));
#7265=DIRECTION('center_axis',(-4.01482920479297E-16,0.999847698958492,
0.0174521886137433));
#7266=DIRECTION('ref_axis',(1.,4.02158212363673E-16,-3.51842845256725E-17));
#7267=DIRECTION('center_axis',(-4.01482920479297E-16,0.999847698958492,
0.0174521886137433));
#7268=DIRECTION('ref_axis',(1.,4.02158212363673E-16,-3.51842845256725E-17));
#7269=DIRECTION('',(4.01482920479297E-16,-0.999847698958492,-0.0174521886137433));
#7270=DIRECTION('center_axis',(4.01482920479297E-16,-0.999847698958492,
-0.0174521886137433));
#7271=DIRECTION('ref_axis',(1.,4.02158212363673E-16,-3.51842845256725E-17));
#7272=DIRECTION('center_axis',(-4.01482920479296E-16,0.999847698958491,
0.0174521886137608));
#7273=DIRECTION('ref_axis',(1.,4.02158212363673E-16,-3.51842845256725E-17));
#7274=DIRECTION('',(4.01482920479296E-16,-0.999847698958491,-0.0174521886137608));
#7275=DIRECTION('center_axis',(4.01482920479296E-16,-0.999847698958491,
-0.0174521886137608));
#7276=DIRECTION('ref_axis',(-1.,-4.02158212363673E-16,3.51842845256725E-17));
#7277=DIRECTION('center_axis',(-4.01482920479296E-16,0.999847698958491,
0.0174521886137608));
#7278=DIRECTION('ref_axis',(1.,4.02158212363673E-16,-3.51842845256725E-17));
#7279=DIRECTION('center_axis',(-4.01482920479296E-16,0.999847698958491,
0.0174521886137598));
#7280=DIRECTION('ref_axis',(1.,4.02158212363673E-16,-3.51842845256725E-17));
#7281=DIRECTION('center_axis',(-4.01482920479296E-16,0.999847698958491,
0.0174521886137608));
#7282=DIRECTION('ref_axis',(1.,4.02158212363673E-16,-3.51842845256725E-17));
#7283=DIRECTION('',(-4.01482920479296E-16,0.999847698958491,0.0174521886137598));
#7284=DIRECTION('center_axis',(4.01482920479296E-16,-0.999847698958491,
-0.0174521886137608));
#7285=DIRECTION('ref_axis',(1.,4.02158212363673E-16,-3.51842845256725E-17));
#7286=DIRECTION('center_axis',(4.01482920479295E-16,-0.999847698958491,
-0.0174521886137869));
#7287=DIRECTION('ref_axis',(-1.,-4.02158212363673E-16,3.51842845256725E-17));
#7288=DIRECTION('center_axis',(4.01482920479295E-16,-0.999847698958491,
-0.0174521886137869));
#7289=DIRECTION('ref_axis',(1.,4.02158212363673E-16,-3.51842845256725E-17));
#7290=DIRECTION('center_axis',(4.01482920479295E-16,-0.999847698958491,
-0.0174521886137869));
#7291=DIRECTION('ref_axis',(1.,4.02158212363673E-16,-3.51842845256725E-17));
#7292=DIRECTION('center_axis',(-4.01482920479295E-16,0.999847698958491,
0.0174521886137869));
#7293=DIRECTION('ref_axis',(1.,4.02158212363673E-16,-3.51842845256725E-17));
#7294=DIRECTION('center_axis',(-4.01482920479295E-16,0.999847698958491,
0.0174521886137869));
#7295=DIRECTION('ref_axis',(1.,4.02158212363673E-16,-3.51842845256725E-17));
#7296=DIRECTION('',(4.01482920479295E-16,-0.999847698958491,-0.0174521886137869));
#7297=DIRECTION('center_axis',(4.01482920479297E-16,-0.999847698958492,
-0.0174521886137433));
#7298=DIRECTION('ref_axis',(-1.,-4.02158212363673E-16,3.51842845256725E-17));
#7299=DIRECTION('center_axis',(4.01482920479297E-16,-0.999847698958492,
-0.0174521886137433));
#7300=DIRECTION('ref_axis',(1.,4.02158212363673E-16,-3.51842845256725E-17));
#7301=DIRECTION('center_axis',(4.01482920479297E-16,-0.999847698958492,
-0.0174521886137433));
#7302=DIRECTION('ref_axis',(1.,4.02158212363673E-16,-3.51842845256725E-17));
#7303=DIRECTION('center_axis',(-4.01482920479297E-16,0.999847698958492,
0.0174521886137433));
#7304=DIRECTION('ref_axis',(1.,4.02158212363673E-16,-3.51842845256725E-17));
#7305=DIRECTION('center_axis',(-4.01482920479297E-16,0.999847698958492,
0.0174521886137433));
#7306=DIRECTION('ref_axis',(1.,4.02158212363673E-16,-3.51842845256725E-17));
#7307=DIRECTION('center_axis',(-4.01482920479297E-16,0.999847698958492,
0.0174521886137433));
#7308=DIRECTION('ref_axis',(1.,4.02158212363673E-16,-3.51842845256725E-17));
#7309=DIRECTION('center_axis',(-4.01482920479297E-16,0.999847698958492,
0.0174521886137433));
#7310=DIRECTION('ref_axis',(1.,4.02158212363673E-16,-3.51842845256725E-17));
#7311=DIRECTION('',(4.01482920479297E-16,-0.999847698958492,-0.0174521886137433));
#7312=DIRECTION('center_axis',(-4.01482920479296E-16,0.999847698958491,
0.0174521886137608));
#7313=DIRECTION('ref_axis',(1.,4.02158212363673E-16,-3.51842845256725E-17));
#7314=DIRECTION('',(4.01482920479296E-16,-0.999847698958491,-0.0174521886137608));
#7315=DIRECTION('center_axis',(-4.01482920479297E-16,0.999847698958492,
0.0174521886137433));
#7316=DIRECTION('ref_axis',(1.,4.02158212363673E-16,-3.51842845256725E-17));
#7317=DIRECTION('center_axis',(-4.01482920479297E-16,0.999847698958492,
0.0174521886137433));
#7318=DIRECTION('ref_axis',(1.,4.02158212363673E-16,-3.51842845256725E-17));
#7319=DIRECTION('center_axis',(-4.01482920479297E-16,0.999847698958492,
0.0174521886137433));
#7320=DIRECTION('ref_axis',(1.,4.02158212363673E-16,-3.51842845256725E-17));
#7321=DIRECTION('center_axis',(-4.01482920479297E-16,0.999847698958492,
0.0174521886137433));
#7322=DIRECTION('ref_axis',(1.,4.02158212363673E-16,-3.51842845256725E-17));
#7323=DIRECTION('',(4.01482920479297E-16,-0.999847698958492,-0.0174521886137433));
#7324=DIRECTION('center_axis',(4.01482920479297E-16,-0.999847698958492,
-0.0174521886137433));
#7325=DIRECTION('ref_axis',(1.,4.02158212363673E-16,-3.51842845256725E-17));
#7326=DIRECTION('center_axis',(-4.01482920479296E-16,0.999847698958491,
0.0174521886137608));
#7327=DIRECTION('ref_axis',(1.,4.02158212363673E-16,-3.51842845256725E-17));
#7328=DIRECTION('',(4.01482920479296E-16,-0.999847698958491,-0.0174521886137608));
#7329=DIRECTION('center_axis',(4.01482920479296E-16,-0.999847698958491,
-0.0174521886137608));
#7330=DIRECTION('ref_axis',(-1.,-4.02158212363673E-16,3.51842845256725E-17));
#7331=DIRECTION('center_axis',(-4.01482920479296E-16,0.999847698958491,
0.0174521886137608));
#7332=DIRECTION('ref_axis',(1.,4.02158212363673E-16,-3.51842845256725E-17));
#7333=DIRECTION('center_axis',(-4.02158212363673E-16,0.984807753012208,
-0.17364817766693));
#7334=DIRECTION('ref_axis',(1.,4.02158212363673E-16,-3.51842845256725E-17));
#7335=DIRECTION('center_axis',(-4.02158212363673E-16,0.984807753012208,
-0.17364817766693));
#7336=DIRECTION('ref_axis',(1.,4.02158212363673E-16,-3.51842845256725E-17));
#7337=DIRECTION('',(-4.02158212363673E-16,0.984807753012208,-0.17364817766693));
#7338=DIRECTION('center_axis',(4.02158212363673E-16,-0.984807753012208,
0.17364817766693));
#7339=DIRECTION('ref_axis',(1.,4.02158212363673E-16,-3.51842845256725E-17));
#7340=DIRECTION('center_axis',(4.02158212363673E-16,-0.984807753012208,
0.17364817766693));
#7341=DIRECTION('ref_axis',(-1.,-4.02158212363673E-16,3.51842845256725E-17));
#7342=DIRECTION('center_axis',(4.02158212363673E-16,-0.984807753012208,
0.17364817766693));
#7343=DIRECTION('ref_axis',(1.,4.02158212363673E-16,-3.51842845256725E-17));
#7344=DIRECTION('center_axis',(4.02158212363673E-16,-0.984807753012208,
0.17364817766693));
#7345=DIRECTION('ref_axis',(1.,4.02158212363673E-16,-3.51842845256725E-17));
#7346=DIRECTION('center_axis',(-4.02158212363673E-16,0.984807753012208,
-0.17364817766693));
#7347=DIRECTION('ref_axis',(1.,4.02158212363673E-16,-3.51842845256725E-17));
#7348=DIRECTION('center_axis',(-4.02158212363673E-16,0.984807753012208,
-0.17364817766693));
#7349=DIRECTION('ref_axis',(1.,4.02158212363673E-16,-3.51842845256725E-17));
#7350=DIRECTION('',(4.02158212363673E-16,-0.984807753012208,0.17364817766693));
#7351=DIRECTION('center_axis',(4.02158212363673E-16,-0.984807753012208,
0.17364817766693));
#7352=DIRECTION('ref_axis',(-1.,-4.02158212363673E-16,3.51842845256725E-17));
#7353=DIRECTION('center_axis',(4.02158212363673E-16,-0.984807753012208,
0.17364817766693));
#7354=DIRECTION('ref_axis',(1.,4.02158212363673E-16,-3.51842845256725E-17));
#7355=DIRECTION('center_axis',(4.02158212363673E-16,-0.984807753012208,
0.17364817766693));
#7356=DIRECTION('ref_axis',(1.,4.02158212363673E-16,-3.51842845256725E-17));
#7357=DIRECTION('center_axis',(-4.02158212363673E-16,0.984807753012208,
-0.17364817766693));
#7358=DIRECTION('ref_axis',(1.,4.02158212363673E-16,-3.51842845256725E-17));
#7359=DIRECTION('center_axis',(-4.02158212363673E-16,0.984807753012208,
-0.17364817766693));
#7360=DIRECTION('ref_axis',(1.,4.02158212363673E-16,-3.51842845256725E-17));
#7361=DIRECTION('center_axis',(-4.02158212363673E-16,0.984807753012208,
-0.17364817766693));
#7362=DIRECTION('ref_axis',(1.,4.02158212363673E-16,-3.51842845256725E-17));
#7363=DIRECTION('center_axis',(-4.02158212363673E-16,0.984807753012208,
-0.17364817766693));
#7364=DIRECTION('ref_axis',(1.,4.02158212363673E-16,-3.51842845256725E-17));
#7365=DIRECTION('',(4.02158212363673E-16,-0.984807753012208,0.17364817766693));
#7366=DIRECTION('center_axis',(-4.02158212363673E-16,0.984807753012208,
-0.17364817766693));
#7367=DIRECTION('ref_axis',(1.,4.02158212363673E-16,-3.51842845256725E-17));
#7368=DIRECTION('',(4.02158212363673E-16,-0.984807753012208,0.17364817766693));
#7369=DIRECTION('center_axis',(-4.02158212363673E-16,0.984807753012208,
-0.17364817766693));
#7370=DIRECTION('ref_axis',(1.,4.02158212363673E-16,-3.51842845256725E-17));
#7371=DIRECTION('center_axis',(-4.02158212363673E-16,0.984807753012208,
-0.17364817766693));
#7372=DIRECTION('ref_axis',(1.,4.02158212363673E-16,-3.51842845256725E-17));
#7373=DIRECTION('center_axis',(-4.02158212363673E-16,0.984807753012208,
-0.17364817766693));
#7374=DIRECTION('ref_axis',(1.,4.02158212363673E-16,-3.51842845256725E-17));
#7375=DIRECTION('center_axis',(-4.02158212363673E-16,0.984807753012208,
-0.17364817766693));
#7376=DIRECTION('ref_axis',(1.,4.02158212363673E-16,-3.51842845256725E-17));
#7377=DIRECTION('',(4.02158212363673E-16,-0.984807753012208,0.17364817766693));
#7378=DIRECTION('center_axis',(4.02158212363673E-16,-0.984807753012208,
0.17364817766693));
#7379=DIRECTION('ref_axis',(1.,4.02158212363673E-16,-3.51842845256725E-17));
#7380=DIRECTION('center_axis',(-4.02158212363673E-16,0.984807753012208,
-0.17364817766693));
#7381=DIRECTION('ref_axis',(1.,4.02158212363673E-16,-3.51842845256725E-17));
#7382=DIRECTION('',(4.02158212363673E-16,-0.984807753012208,0.17364817766693));
#7383=DIRECTION('center_axis',(4.02158212363673E-16,-0.984807753012208,
0.17364817766693));
#7384=DIRECTION('ref_axis',(-1.,-4.02158212363673E-16,3.51842845256725E-17));
#7385=DIRECTION('center_axis',(-4.02158212363673E-16,0.984807753012208,
-0.17364817766693));
#7386=DIRECTION('ref_axis',(1.,4.02158212363673E-16,-3.51842845256725E-17));
#7387=DIRECTION('center_axis',(0.,0.984807753012208,-0.173648177666931));
#7388=DIRECTION('ref_axis',(1.,0.,0.));
#7389=DIRECTION('center_axis',(-4.02158212363673E-16,0.984807753012208,
-0.17364817766693));
#7390=DIRECTION('ref_axis',(1.,0.,0.));
#7391=DIRECTION('',(0.,0.984807753012208,-0.173648177666931));
#7392=DIRECTION('center_axis',(4.02158212363673E-16,-0.984807753012208,
0.17364817766693));
#7393=DIRECTION('ref_axis',(1.,0.,0.));
#7394=DIRECTION('center_axis',(4.02158212363673E-16,-0.984807753012208,
0.17364817766693));
#7395=DIRECTION('ref_axis',(-1.,-4.02158212363673E-16,3.51842845256725E-17));
#7396=DIRECTION('center_axis',(4.02158212363673E-16,-0.984807753012208,
0.17364817766693));
#7397=DIRECTION('ref_axis',(1.,4.02158212363673E-16,-3.51842845256725E-17));
#7398=DIRECTION('center_axis',(4.02158212363673E-16,-0.984807753012208,
0.17364817766693));
#7399=DIRECTION('ref_axis',(1.,4.02158212363673E-16,-3.51842845256725E-17));
#7400=DIRECTION('center_axis',(-4.02158212363673E-16,0.984807753012208,
-0.17364817766693));
#7401=DIRECTION('ref_axis',(1.,4.02158212363673E-16,-3.51842845256725E-17));
#7402=DIRECTION('center_axis',(-4.02158212363673E-16,0.984807753012208,
-0.17364817766693));
#7403=DIRECTION('ref_axis',(1.,4.02158212363673E-16,-3.51842845256725E-17));
#7404=DIRECTION('',(4.02158212363673E-16,-0.984807753012208,0.17364817766693));
#7405=DIRECTION('center_axis',(4.02158212363673E-16,-0.984807753012208,
0.17364817766693));
#7406=DIRECTION('ref_axis',(-1.,-4.02158212363673E-16,3.51842845256725E-17));
#7407=DIRECTION('center_axis',(4.02158212363673E-16,-0.984807753012208,
0.17364817766693));
#7408=DIRECTION('ref_axis',(1.,4.02158212363673E-16,-3.51842845256725E-17));
#7409=DIRECTION('center_axis',(4.02158212363673E-16,-0.984807753012208,
0.17364817766693));
#7410=DIRECTION('ref_axis',(1.,4.02158212363673E-16,-3.51842845256725E-17));
#7411=DIRECTION('center_axis',(-4.02158212363673E-16,0.984807753012208,
-0.17364817766693));
#7412=DIRECTION('ref_axis',(1.,4.02158212363673E-16,-3.51842845256725E-17));
#7413=DIRECTION('center_axis',(-4.02158212363673E-16,0.984807753012208,
-0.17364817766693));
#7414=DIRECTION('ref_axis',(1.,4.02158212363673E-16,-3.51842845256725E-17));
#7415=DIRECTION('center_axis',(-4.02158212363673E-16,0.984807753012208,
-0.17364817766693));
#7416=DIRECTION('ref_axis',(1.,4.02158212363673E-16,-3.51842845256725E-17));
#7417=DIRECTION('center_axis',(-4.02158212363673E-16,0.984807753012208,
-0.17364817766693));
#7418=DIRECTION('ref_axis',(1.,4.02158212363673E-16,-3.51842845256725E-17));
#7419=DIRECTION('',(4.02158212363673E-16,-0.984807753012208,0.17364817766693));
#7420=DIRECTION('center_axis',(-4.02158212363673E-16,0.984807753012208,
-0.17364817766693));
#7421=DIRECTION('ref_axis',(1.,4.02158212363673E-16,-3.51842845256725E-17));
#7422=DIRECTION('',(4.02158212363673E-16,-0.984807753012208,0.17364817766693));
#7423=DIRECTION('center_axis',(-4.02158212363673E-16,0.984807753012208,
-0.17364817766693));
#7424=DIRECTION('ref_axis',(1.,4.02158212363673E-16,-3.51842845256725E-17));
#7425=DIRECTION('center_axis',(-4.02158212363673E-16,0.984807753012208,
-0.17364817766693));
#7426=DIRECTION('ref_axis',(1.,4.02158212363673E-16,-3.51842845256725E-17));
#7427=DIRECTION('center_axis',(-4.02158212363673E-16,0.984807753012208,
-0.17364817766693));
#7428=DIRECTION('ref_axis',(1.,4.02158212363673E-16,-3.51842845256725E-17));
#7429=DIRECTION('center_axis',(-4.02158212363673E-16,0.984807753012208,
-0.17364817766693));
#7430=DIRECTION('ref_axis',(1.,4.02158212363673E-16,-3.51842845256725E-17));
#7431=DIRECTION('',(4.02158212363673E-16,-0.984807753012208,0.17364817766693));
#7432=DIRECTION('center_axis',(4.02158212363673E-16,-0.984807753012208,
0.17364817766693));
#7433=DIRECTION('ref_axis',(1.,4.02158212363673E-16,-3.51842845256725E-17));
#7434=DIRECTION('center_axis',(-4.02158212363673E-16,0.984807753012208,
-0.17364817766693));
#7435=DIRECTION('ref_axis',(1.,4.02158212363673E-16,-3.51842845256725E-17));
#7436=DIRECTION('',(4.02158212363673E-16,-0.984807753012208,0.17364817766693));
#7437=DIRECTION('center_axis',(4.02158212363673E-16,-0.984807753012208,
0.17364817766693));
#7438=DIRECTION('ref_axis',(-1.,-4.02158212363673E-16,3.51842845256725E-17));
#7439=DIRECTION('center_axis',(-4.02158212363673E-16,0.984807753012208,
-0.17364817766693));
#7440=DIRECTION('ref_axis',(1.,4.02158212363673E-16,-3.51842845256725E-17));
#7441=DIRECTION('center_axis',(0.,0.984807753012208,-0.173648177666931));
#7442=DIRECTION('ref_axis',(1.,0.,0.));
#7443=DIRECTION('center_axis',(-4.02158212363673E-16,0.984807753012208,
-0.17364817766693));
#7444=DIRECTION('ref_axis',(1.,0.,0.));
#7445=DIRECTION('',(0.,0.984807753012208,-0.173648177666931));
#7446=DIRECTION('center_axis',(4.02158212363673E-16,-0.984807753012208,
0.17364817766693));
#7447=DIRECTION('ref_axis',(1.,0.,0.));
#7448=DIRECTION('center_axis',(4.02158212363673E-16,-0.984807753012208,
0.17364817766693));
#7449=DIRECTION('ref_axis',(-1.,-4.02158212363673E-16,3.51842845256725E-17));
#7450=DIRECTION('center_axis',(4.02158212363673E-16,-0.984807753012208,
0.17364817766693));
#7451=DIRECTION('ref_axis',(1.,4.02158212363673E-16,-3.51842845256725E-17));
#7452=DIRECTION('center_axis',(4.02158212363673E-16,-0.984807753012208,
0.17364817766693));
#7453=DIRECTION('ref_axis',(1.,4.02158212363673E-16,-3.51842845256725E-17));
#7454=DIRECTION('center_axis',(-4.02158212363673E-16,0.984807753012208,
-0.17364817766693));
#7455=DIRECTION('ref_axis',(1.,4.02158212363673E-16,-3.51842845256725E-17));
#7456=DIRECTION('center_axis',(-4.02158212363673E-16,0.984807753012208,
-0.17364817766693));
#7457=DIRECTION('ref_axis',(1.,4.02158212363673E-16,-3.51842845256725E-17));
#7458=DIRECTION('',(4.02158212363673E-16,-0.984807753012208,0.17364817766693));
#7459=DIRECTION('center_axis',(4.02158212363673E-16,-0.984807753012208,
0.17364817766693));
#7460=DIRECTION('ref_axis',(-1.,-4.02158212363673E-16,3.51842845256725E-17));
#7461=DIRECTION('center_axis',(4.02158212363673E-16,-0.984807753012208,
0.17364817766693));
#7462=DIRECTION('ref_axis',(1.,4.02158212363673E-16,-3.51842845256725E-17));
#7463=DIRECTION('center_axis',(4.02158212363673E-16,-0.984807753012208,
0.17364817766693));
#7464=DIRECTION('ref_axis',(1.,4.02158212363673E-16,-3.51842845256725E-17));
#7465=DIRECTION('center_axis',(-4.02158212363673E-16,0.984807753012208,
-0.17364817766693));
#7466=DIRECTION('ref_axis',(1.,4.02158212363673E-16,-3.51842845256725E-17));
#7467=DIRECTION('center_axis',(-4.02158212363673E-16,0.984807753012208,
-0.17364817766693));
#7468=DIRECTION('ref_axis',(1.,4.02158212363673E-16,-3.51842845256725E-17));
#7469=DIRECTION('center_axis',(-4.02158212363673E-16,0.984807753012208,
-0.17364817766693));
#7470=DIRECTION('ref_axis',(1.,4.02158212363673E-16,-3.51842845256725E-17));
#7471=DIRECTION('center_axis',(-4.02158212363673E-16,0.984807753012208,
-0.17364817766693));
#7472=DIRECTION('ref_axis',(1.,4.02158212363673E-16,-3.51842845256725E-17));
#7473=DIRECTION('',(4.02158212363673E-16,-0.984807753012208,0.17364817766693));
#7474=DIRECTION('center_axis',(-4.02158212363673E-16,0.984807753012208,
-0.17364817766693));
#7475=DIRECTION('ref_axis',(1.,4.02158212363673E-16,-3.51842845256725E-17));
#7476=DIRECTION('',(4.02158212363673E-16,-0.984807753012208,0.17364817766693));
#7477=DIRECTION('center_axis',(-4.02158212363673E-16,0.984807753012208,
-0.17364817766693));
#7478=DIRECTION('ref_axis',(1.,4.02158212363673E-16,-3.51842845256725E-17));
#7479=DIRECTION('center_axis',(-4.02158212363673E-16,0.984807753012208,
-0.17364817766693));
#7480=DIRECTION('ref_axis',(1.,4.02158212363673E-16,-3.51842845256725E-17));
#7481=DIRECTION('center_axis',(-4.02158212363673E-16,0.984807753012208,
-0.17364817766693));
#7482=DIRECTION('ref_axis',(1.,4.02158212363673E-16,-3.51842845256725E-17));
#7483=DIRECTION('center_axis',(-4.02158212363673E-16,0.984807753012208,
-0.17364817766693));
#7484=DIRECTION('ref_axis',(1.,4.02158212363673E-16,-3.51842845256725E-17));
#7485=DIRECTION('',(4.02158212363673E-16,-0.984807753012208,0.17364817766693));
#7486=DIRECTION('center_axis',(4.02158212363673E-16,-0.984807753012208,
0.17364817766693));
#7487=DIRECTION('ref_axis',(1.,4.02158212363673E-16,-3.51842845256725E-17));
#7488=DIRECTION('center_axis',(-4.02158212363673E-16,0.984807753012208,
-0.17364817766693));
#7489=DIRECTION('ref_axis',(1.,4.02158212363673E-16,-3.51842845256725E-17));
#7490=DIRECTION('',(4.02158212363673E-16,-0.984807753012208,0.17364817766693));
#7491=DIRECTION('center_axis',(4.02158212363673E-16,-0.984807753012208,
0.17364817766693));
#7492=DIRECTION('ref_axis',(-1.,-4.02158212363673E-16,3.51842845256725E-17));
#7493=DIRECTION('center_axis',(-4.02158212363673E-16,0.984807753012208,
-0.17364817766693));
#7494=DIRECTION('ref_axis',(1.,4.02158212363673E-16,-3.51842845256725E-17));
#7495=DIRECTION('center_axis',(0.,0.984807753012208,-0.173648177666931));
#7496=DIRECTION('ref_axis',(1.,0.,0.));
#7497=DIRECTION('center_axis',(-4.02158212363673E-16,0.984807753012208,
-0.17364817766693));
#7498=DIRECTION('ref_axis',(1.,0.,0.));
#7499=DIRECTION('',(0.,0.984807753012208,-0.173648177666931));
#7500=DIRECTION('center_axis',(4.02158212363673E-16,-0.984807753012208,
0.17364817766693));
#7501=DIRECTION('ref_axis',(1.,0.,0.));
#7502=DIRECTION('center_axis',(4.02158212363673E-16,-0.984807753012208,
0.17364817766693));
#7503=DIRECTION('ref_axis',(-1.,-4.02158212363673E-16,3.51842845256725E-17));
#7504=DIRECTION('center_axis',(4.02158212363673E-16,-0.984807753012208,
0.17364817766693));
#7505=DIRECTION('ref_axis',(1.,4.02158212363673E-16,-3.51842845256725E-17));
#7506=DIRECTION('center_axis',(4.02158212363673E-16,-0.984807753012208,
0.17364817766693));
#7507=DIRECTION('ref_axis',(1.,4.02158212363673E-16,-3.51842845256725E-17));
#7508=DIRECTION('center_axis',(-4.02158212363673E-16,0.984807753012208,
-0.17364817766693));
#7509=DIRECTION('ref_axis',(1.,4.02158212363673E-16,-3.51842845256725E-17));
#7510=DIRECTION('center_axis',(-4.02158212363673E-16,0.984807753012208,
-0.17364817766693));
#7511=DIRECTION('ref_axis',(1.,4.02158212363673E-16,-3.51842845256725E-17));
#7512=DIRECTION('',(4.02158212363673E-16,-0.984807753012208,0.17364817766693));
#7513=DIRECTION('center_axis',(4.02158212363673E-16,-0.984807753012208,
0.17364817766693));
#7514=DIRECTION('ref_axis',(-1.,-4.02158212363673E-16,3.51842845256725E-17));
#7515=DIRECTION('center_axis',(4.02158212363673E-16,-0.984807753012208,
0.17364817766693));
#7516=DIRECTION('ref_axis',(1.,4.02158212363673E-16,-3.51842845256725E-17));
#7517=DIRECTION('center_axis',(4.02158212363673E-16,-0.984807753012208,
0.17364817766693));
#7518=DIRECTION('ref_axis',(1.,4.02158212363673E-16,-3.51842845256725E-17));
#7519=DIRECTION('center_axis',(-4.02158212363673E-16,0.984807753012208,
-0.17364817766693));
#7520=DIRECTION('ref_axis',(1.,4.02158212363673E-16,-3.51842845256725E-17));
#7521=DIRECTION('center_axis',(-4.02158212363673E-16,0.984807753012208,
-0.17364817766693));
#7522=DIRECTION('ref_axis',(1.,4.02158212363673E-16,-3.51842845256725E-17));
#7523=DIRECTION('center_axis',(-4.02158212363673E-16,0.984807753012208,
-0.17364817766693));
#7524=DIRECTION('ref_axis',(1.,4.02158212363673E-16,-3.51842845256725E-17));
#7525=DIRECTION('center_axis',(-4.02158212363673E-16,0.984807753012208,
-0.17364817766693));
#7526=DIRECTION('ref_axis',(1.,4.02158212363673E-16,-3.51842845256725E-17));
#7527=DIRECTION('',(4.02158212363673E-16,-0.984807753012208,0.17364817766693));
#7528=DIRECTION('center_axis',(-4.02158212363673E-16,0.984807753012208,
-0.17364817766693));
#7529=DIRECTION('ref_axis',(1.,4.02158212363673E-16,-3.51842845256725E-17));
#7530=DIRECTION('',(4.02158212363673E-16,-0.984807753012208,0.17364817766693));
#7531=DIRECTION('center_axis',(-4.02158212363673E-16,0.984807753012208,
-0.17364817766693));
#7532=DIRECTION('ref_axis',(1.,4.02158212363673E-16,-3.51842845256725E-17));
#7533=DIRECTION('center_axis',(-4.02158212363673E-16,0.984807753012208,
-0.17364817766693));
#7534=DIRECTION('ref_axis',(1.,4.02158212363673E-16,-3.51842845256725E-17));
#7535=DIRECTION('center_axis',(-4.02158212363673E-16,0.984807753012208,
-0.17364817766693));
#7536=DIRECTION('ref_axis',(1.,4.02158212363673E-16,-3.51842845256725E-17));
#7537=DIRECTION('center_axis',(-4.02158212363673E-16,0.984807753012208,
-0.17364817766693));
#7538=DIRECTION('ref_axis',(1.,4.02158212363673E-16,-3.51842845256725E-17));
#7539=DIRECTION('',(4.02158212363673E-16,-0.984807753012208,0.17364817766693));
#7540=DIRECTION('center_axis',(4.02158212363673E-16,-0.984807753012208,
0.17364817766693));
#7541=DIRECTION('ref_axis',(1.,4.02158212363673E-16,-3.51842845256725E-17));
#7542=DIRECTION('center_axis',(-4.02158212363673E-16,0.984807753012208,
-0.17364817766693));
#7543=DIRECTION('ref_axis',(1.,4.02158212363673E-16,-3.51842845256725E-17));
#7544=DIRECTION('',(4.02158212363673E-16,-0.984807753012208,0.17364817766693));
#7545=DIRECTION('center_axis',(4.02158212363673E-16,-0.984807753012208,
0.17364817766693));
#7546=DIRECTION('ref_axis',(-1.,-4.02158212363673E-16,3.51842845256725E-17));
#7547=DIRECTION('center_axis',(-4.02158212363673E-16,0.984807753012208,
-0.17364817766693));
#7548=DIRECTION('ref_axis',(1.,4.02158212363673E-16,-3.51842845256725E-17));
#7549=DIRECTION('center_axis',(0.,0.984807753012208,-0.17364817766693));
#7550=DIRECTION('ref_axis',(1.,0.,0.));
#7551=DIRECTION('center_axis',(-4.02158212363673E-16,0.984807753012208,
-0.17364817766693));
#7552=DIRECTION('ref_axis',(1.,0.,0.));
#7553=DIRECTION('',(0.,0.984807753012208,-0.17364817766693));
#7554=DIRECTION('center_axis',(4.02158212363673E-16,-0.984807753012208,
0.17364817766693));
#7555=DIRECTION('ref_axis',(1.,0.,0.));
#7556=DIRECTION('center_axis',(4.02158212363673E-16,-0.984807753012208,
0.17364817766693));
#7557=DIRECTION('ref_axis',(-1.,-4.02158212363673E-16,3.51842845256725E-17));
#7558=DIRECTION('center_axis',(4.02158212363673E-16,-0.984807753012208,
0.17364817766693));
#7559=DIRECTION('ref_axis',(1.,4.02158212363673E-16,-3.51842845256725E-17));
#7560=DIRECTION('center_axis',(4.02158212363673E-16,-0.984807753012208,
0.17364817766693));
#7561=DIRECTION('ref_axis',(1.,4.02158212363673E-16,-3.51842845256725E-17));
#7562=DIRECTION('center_axis',(-4.02158212363673E-16,0.984807753012208,
-0.17364817766693));
#7563=DIRECTION('ref_axis',(1.,4.02158212363673E-16,-3.51842845256725E-17));
#7564=DIRECTION('center_axis',(-4.02158212363673E-16,0.984807753012208,
-0.17364817766693));
#7565=DIRECTION('ref_axis',(1.,4.02158212363673E-16,-3.51842845256725E-17));
#7566=DIRECTION('',(4.02158212363673E-16,-0.984807753012208,0.17364817766693));
#7567=DIRECTION('center_axis',(4.02158212363673E-16,-0.984807753012208,
0.17364817766693));
#7568=DIRECTION('ref_axis',(-1.,-4.02158212363673E-16,3.51842845256725E-17));
#7569=DIRECTION('center_axis',(4.02158212363673E-16,-0.984807753012208,
0.17364817766693));
#7570=DIRECTION('ref_axis',(1.,4.02158212363673E-16,-3.51842845256725E-17));
#7571=DIRECTION('center_axis',(4.02158212363673E-16,-0.984807753012208,
0.17364817766693));
#7572=DIRECTION('ref_axis',(1.,4.02158212363673E-16,-3.51842845256725E-17));
#7573=DIRECTION('center_axis',(-4.02158212363673E-16,0.984807753012208,
-0.17364817766693));
#7574=DIRECTION('ref_axis',(1.,4.02158212363673E-16,-3.51842845256725E-17));
#7575=DIRECTION('center_axis',(-4.02158212363673E-16,0.984807753012208,
-0.17364817766693));
#7576=DIRECTION('ref_axis',(1.,4.02158212363673E-16,-3.51842845256725E-17));
#7577=DIRECTION('center_axis',(-4.02158212363673E-16,0.984807753012208,
-0.17364817766693));
#7578=DIRECTION('ref_axis',(1.,4.02158212363673E-16,-3.51842845256725E-17));
#7579=DIRECTION('center_axis',(-4.02158212363673E-16,0.984807753012208,
-0.17364817766693));
#7580=DIRECTION('ref_axis',(1.,4.02158212363673E-16,-3.51842845256725E-17));
#7581=DIRECTION('',(4.02158212363673E-16,-0.984807753012208,0.17364817766693));
#7582=DIRECTION('center_axis',(-4.02158212363673E-16,0.984807753012208,
-0.17364817766693));
#7583=DIRECTION('ref_axis',(1.,4.02158212363673E-16,-3.51842845256725E-17));
#7584=DIRECTION('',(4.02158212363673E-16,-0.984807753012208,0.17364817766693));
#7585=DIRECTION('center_axis',(-4.02158212363673E-16,0.984807753012208,
-0.17364817766693));
#7586=DIRECTION('ref_axis',(1.,4.02158212363673E-16,-3.51842845256725E-17));
#7587=DIRECTION('center_axis',(-4.02158212363673E-16,0.984807753012208,
-0.17364817766693));
#7588=DIRECTION('ref_axis',(1.,4.02158212363673E-16,-3.51842845256725E-17));
#7589=DIRECTION('center_axis',(-4.02158212363673E-16,0.984807753012208,
-0.17364817766693));
#7590=DIRECTION('ref_axis',(1.,4.02158212363673E-16,-3.51842845256725E-17));
#7591=DIRECTION('center_axis',(-4.02158212363673E-16,0.984807753012208,
-0.17364817766693));
#7592=DIRECTION('ref_axis',(1.,4.02158212363673E-16,-3.51842845256725E-17));
#7593=DIRECTION('',(4.02158212363673E-16,-0.984807753012208,0.17364817766693));
#7594=DIRECTION('center_axis',(4.02158212363673E-16,-0.984807753012208,
0.17364817766693));
#7595=DIRECTION('ref_axis',(1.,4.02158212363673E-16,-3.51842845256725E-17));
#7596=DIRECTION('center_axis',(-4.02158212363673E-16,0.984807753012208,
-0.17364817766693));
#7597=DIRECTION('ref_axis',(1.,4.02158212363673E-16,-3.51842845256725E-17));
#7598=DIRECTION('',(4.02158212363673E-16,-0.984807753012208,0.17364817766693));
#7599=DIRECTION('center_axis',(4.02158212363673E-16,-0.984807753012208,
0.17364817766693));
#7600=DIRECTION('ref_axis',(-1.,-4.02158212363673E-16,3.51842845256725E-17));
#7601=DIRECTION('center_axis',(-4.02158212363673E-16,0.984807753012208,
-0.17364817766693));
#7602=DIRECTION('ref_axis',(1.,4.02158212363673E-16,-3.51842845256725E-17));
#7603=DIRECTION('center_axis',(0.,0.984807753012208,-0.17364817766693));
#7604=DIRECTION('ref_axis',(1.,0.,0.));
#7605=DIRECTION('center_axis',(-4.02158212363673E-16,0.984807753012208,
-0.17364817766693));
#7606=DIRECTION('ref_axis',(1.,0.,0.));
#7607=DIRECTION('',(0.,0.984807753012208,-0.17364817766693));
#7608=DIRECTION('center_axis',(4.02158212363673E-16,-0.984807753012208,
0.17364817766693));
#7609=DIRECTION('ref_axis',(1.,0.,0.));
#7610=DIRECTION('center_axis',(4.02158212363673E-16,-0.984807753012208,
0.17364817766693));
#7611=DIRECTION('ref_axis',(-1.,-4.02158212363673E-16,3.51842845256725E-17));
#7612=DIRECTION('center_axis',(4.02158212363673E-16,-0.984807753012208,
0.17364817766693));
#7613=DIRECTION('ref_axis',(1.,4.02158212363673E-16,-3.51842845256725E-17));
#7614=DIRECTION('center_axis',(4.02158212363673E-16,-0.984807753012208,
0.17364817766693));
#7615=DIRECTION('ref_axis',(1.,4.02158212363673E-16,-3.51842845256725E-17));
#7616=DIRECTION('center_axis',(-4.02158212363673E-16,0.984807753012208,
-0.17364817766693));
#7617=DIRECTION('ref_axis',(1.,4.02158212363673E-16,-3.51842845256725E-17));
#7618=DIRECTION('center_axis',(-4.02158212363673E-16,0.984807753012208,
-0.17364817766693));
#7619=DIRECTION('ref_axis',(1.,4.02158212363673E-16,-3.51842845256725E-17));
#7620=DIRECTION('',(4.02158212363673E-16,-0.984807753012208,0.17364817766693));
#7621=DIRECTION('center_axis',(4.02158212363673E-16,-0.984807753012208,
0.17364817766693));
#7622=DIRECTION('ref_axis',(-1.,-4.02158212363673E-16,3.51842845256725E-17));
#7623=DIRECTION('center_axis',(4.02158212363673E-16,-0.984807753012208,
0.17364817766693));
#7624=DIRECTION('ref_axis',(1.,4.02158212363673E-16,-3.51842845256725E-17));
#7625=DIRECTION('center_axis',(4.02158212363673E-16,-0.984807753012208,
0.17364817766693));
#7626=DIRECTION('ref_axis',(1.,4.02158212363673E-16,-3.51842845256725E-17));
#7627=DIRECTION('center_axis',(-4.02158212363673E-16,0.984807753012208,
-0.17364817766693));
#7628=DIRECTION('ref_axis',(1.,4.02158212363673E-16,-3.51842845256725E-17));
#7629=DIRECTION('center_axis',(-4.02158212363673E-16,0.984807753012208,
-0.17364817766693));
#7630=DIRECTION('ref_axis',(1.,4.02158212363673E-16,-3.51842845256725E-17));
#7631=DIRECTION('center_axis',(-4.02158212363673E-16,0.984807753012208,
-0.17364817766693));
#7632=DIRECTION('ref_axis',(1.,4.02158212363673E-16,-3.51842845256725E-17));
#7633=DIRECTION('center_axis',(-4.02158212363673E-16,0.984807753012208,
-0.17364817766693));
#7634=DIRECTION('ref_axis',(1.,4.02158212363673E-16,-3.51842845256725E-17));
#7635=DIRECTION('',(4.02158212363673E-16,-0.984807753012208,0.17364817766693));
#7636=DIRECTION('center_axis',(-4.02158212363673E-16,0.984807753012208,
-0.17364817766693));
#7637=DIRECTION('ref_axis',(1.,4.02158212363673E-16,-3.51842845256725E-17));
#7638=DIRECTION('',(4.02158212363673E-16,-0.984807753012208,0.17364817766693));
#7639=DIRECTION('center_axis',(-4.02158212363673E-16,0.984807753012208,
-0.17364817766693));
#7640=DIRECTION('ref_axis',(1.,4.02158212363673E-16,-3.51842845256725E-17));
#7641=DIRECTION('center_axis',(-4.02158212363673E-16,0.984807753012208,
-0.17364817766693));
#7642=DIRECTION('ref_axis',(1.,4.02158212363673E-16,-3.51842845256725E-17));
#7643=DIRECTION('center_axis',(-4.02158212363673E-16,0.984807753012208,
-0.17364817766693));
#7644=DIRECTION('ref_axis',(1.,4.02158212363673E-16,-3.51842845256725E-17));
#7645=DIRECTION('center_axis',(-4.02158212363673E-16,0.984807753012208,
-0.17364817766693));
#7646=DIRECTION('ref_axis',(1.,4.02158212363673E-16,-3.51842845256725E-17));
#7647=DIRECTION('',(4.02158212363673E-16,-0.984807753012208,0.17364817766693));
#7648=DIRECTION('center_axis',(4.02158212363673E-16,-0.984807753012208,
0.17364817766693));
#7649=DIRECTION('ref_axis',(1.,4.02158212363673E-16,-3.51842845256725E-17));
#7650=DIRECTION('center_axis',(-4.02158212363673E-16,0.984807753012208,
-0.17364817766693));
#7651=DIRECTION('ref_axis',(1.,4.02158212363673E-16,-3.51842845256725E-17));
#7652=DIRECTION('',(4.02158212363673E-16,-0.984807753012208,0.17364817766693));
#7653=DIRECTION('center_axis',(4.02158212363673E-16,-0.984807753012208,
0.17364817766693));
#7654=DIRECTION('ref_axis',(-1.,-4.02158212363673E-16,3.51842845256725E-17));
#7655=DIRECTION('center_axis',(-4.02158212363673E-16,0.984807753012208,
-0.17364817766693));
#7656=DIRECTION('ref_axis',(1.,4.02158212363673E-16,-3.51842845256725E-17));
#7657=DIRECTION('center_axis',(0.,0.984807753012208,-0.17364817766693));
#7658=DIRECTION('ref_axis',(1.,0.,0.));
#7659=DIRECTION('center_axis',(-4.02158212363673E-16,0.984807753012208,
-0.17364817766693));
#7660=DIRECTION('ref_axis',(1.,0.,0.));
#7661=DIRECTION('',(0.,0.984807753012208,-0.17364817766693));
#7662=DIRECTION('center_axis',(4.02158212363673E-16,-0.984807753012208,
0.17364817766693));
#7663=DIRECTION('ref_axis',(1.,0.,0.));
#7664=DIRECTION('center_axis',(4.02158212363673E-16,-0.984807753012208,
0.17364817766693));
#7665=DIRECTION('ref_axis',(-1.,-4.02158212363673E-16,3.51842845256725E-17));
#7666=DIRECTION('center_axis',(4.02158212363673E-16,-0.984807753012208,
0.17364817766693));
#7667=DIRECTION('ref_axis',(1.,4.02158212363673E-16,-3.51842845256725E-17));
#7668=DIRECTION('center_axis',(4.02158212363673E-16,-0.984807753012208,
0.17364817766693));
#7669=DIRECTION('ref_axis',(1.,4.02158212363673E-16,-3.51842845256725E-17));
#7670=DIRECTION('center_axis',(-4.02158212363673E-16,0.984807753012208,
-0.17364817766693));
#7671=DIRECTION('ref_axis',(1.,4.02158212363673E-16,-3.51842845256725E-17));
#7672=DIRECTION('center_axis',(-4.02158212363673E-16,0.984807753012208,
-0.17364817766693));
#7673=DIRECTION('ref_axis',(1.,4.02158212363673E-16,-3.51842845256725E-17));
#7674=DIRECTION('',(4.02158212363673E-16,-0.984807753012208,0.17364817766693));
#7675=DIRECTION('center_axis',(4.02158212363673E-16,-0.984807753012208,
0.17364817766693));
#7676=DIRECTION('ref_axis',(-1.,-4.02158212363673E-16,3.51842845256725E-17));
#7677=DIRECTION('center_axis',(4.02158212363673E-16,-0.984807753012208,
0.17364817766693));
#7678=DIRECTION('ref_axis',(1.,4.02158212363673E-16,-3.51842845256725E-17));
#7679=DIRECTION('center_axis',(4.02158212363673E-16,-0.984807753012208,
0.17364817766693));
#7680=DIRECTION('ref_axis',(1.,4.02158212363673E-16,-3.51842845256725E-17));
#7681=DIRECTION('center_axis',(-4.02158212363673E-16,0.984807753012208,
-0.17364817766693));
#7682=DIRECTION('ref_axis',(1.,4.02158212363673E-16,-3.51842845256725E-17));
#7683=DIRECTION('center_axis',(-4.02158212363673E-16,0.984807753012208,
-0.17364817766693));
#7684=DIRECTION('ref_axis',(1.,4.02158212363673E-16,-3.51842845256725E-17));
#7685=DIRECTION('center_axis',(-4.02158212363673E-16,0.984807753012208,
-0.17364817766693));
#7686=DIRECTION('ref_axis',(1.,4.02158212363673E-16,-3.51842845256725E-17));
#7687=DIRECTION('center_axis',(-4.02158212363673E-16,0.984807753012208,
-0.17364817766693));
#7688=DIRECTION('ref_axis',(1.,4.02158212363673E-16,-3.51842845256725E-17));
#7689=DIRECTION('',(4.02158212363673E-16,-0.984807753012208,0.17364817766693));
#7690=DIRECTION('center_axis',(-4.02158212363673E-16,0.984807753012208,
-0.17364817766693));
#7691=DIRECTION('ref_axis',(1.,4.02158212363673E-16,-3.51842845256725E-17));
#7692=DIRECTION('',(4.02158212363673E-16,-0.984807753012208,0.17364817766693));
#7693=DIRECTION('center_axis',(-4.02158212363673E-16,0.984807753012208,
-0.17364817766693));
#7694=DIRECTION('ref_axis',(1.,4.02158212363673E-16,-3.51842845256725E-17));
#7695=DIRECTION('center_axis',(-4.02158212363673E-16,0.984807753012208,
-0.17364817766693));
#7696=DIRECTION('ref_axis',(1.,4.02158212363673E-16,-3.51842845256725E-17));
#7697=DIRECTION('center_axis',(-4.02158212363673E-16,0.984807753012208,
-0.17364817766693));
#7698=DIRECTION('ref_axis',(1.,4.02158212363673E-16,-3.51842845256725E-17));
#7699=DIRECTION('center_axis',(-4.02158212363673E-16,0.984807753012208,
-0.17364817766693));
#7700=DIRECTION('ref_axis',(1.,4.02158212363673E-16,-3.51842845256725E-17));
#7701=DIRECTION('',(4.02158212363673E-16,-0.984807753012208,0.17364817766693));
#7702=DIRECTION('center_axis',(4.02158212363673E-16,-0.984807753012208,
0.17364817766693));
#7703=DIRECTION('ref_axis',(1.,4.02158212363673E-16,-3.51842845256725E-17));
#7704=DIRECTION('center_axis',(-4.02158212363673E-16,0.984807753012208,
-0.17364817766693));
#7705=DIRECTION('ref_axis',(1.,4.02158212363673E-16,-3.51842845256725E-17));
#7706=DIRECTION('',(4.02158212363673E-16,-0.984807753012208,0.17364817766693));
#7707=DIRECTION('center_axis',(4.02158212363673E-16,-0.984807753012208,
0.17364817766693));
#7708=DIRECTION('ref_axis',(-1.,-4.02158212363673E-16,3.51842845256725E-17));
#7709=DIRECTION('center_axis',(-4.02158212363673E-16,0.984807753012208,
-0.17364817766693));
#7710=DIRECTION('ref_axis',(1.,4.02158212363673E-16,-3.51842845256725E-17));
#7711=DIRECTION('center_axis',(0.,-0.984807753012208,0.173648177666929));
#7712=DIRECTION('ref_axis',(1.,0.,0.));
#7713=DIRECTION('center_axis',(4.02158212363673E-16,-0.984807753012208,
0.17364817766693));
#7714=DIRECTION('ref_axis',(1.,0.,0.));
#7715=DIRECTION('',(0.,-0.984807753012208,0.173648177666929));
#7716=DIRECTION('center_axis',(-4.02158212363673E-16,0.984807753012208,
-0.17364817766693));
#7717=DIRECTION('ref_axis',(1.,0.,0.));
#7718=DIRECTION('center_axis',(-4.02158212363673E-16,0.984807753012208,
-0.17364817766693));
#7719=DIRECTION('ref_axis',(-1.,-4.02158212363673E-16,3.51842845256725E-17));
#7720=DIRECTION('center_axis',(-4.02158212363673E-16,0.984807753012208,
-0.17364817766693));
#7721=DIRECTION('ref_axis',(1.,4.02158212363673E-16,-3.51842845256725E-17));
#7722=DIRECTION('center_axis',(-4.02158212363673E-16,0.984807753012208,
-0.17364817766693));
#7723=DIRECTION('ref_axis',(1.,4.02158212363673E-16,-3.51842845256725E-17));
#7724=DIRECTION('center_axis',(4.02158212363673E-16,-0.984807753012208,
0.17364817766693));
#7725=DIRECTION('ref_axis',(1.,4.02158212363673E-16,-3.51842845256725E-17));
#7726=DIRECTION('center_axis',(4.02158212363673E-16,-0.984807753012208,
0.17364817766693));
#7727=DIRECTION('ref_axis',(1.,4.02158212363673E-16,-3.51842845256725E-17));
#7728=DIRECTION('',(-4.02158212363673E-16,0.984807753012208,-0.17364817766693));
#7729=DIRECTION('center_axis',(-4.02158212363673E-16,0.984807753012208,
-0.17364817766693));
#7730=DIRECTION('ref_axis',(-1.,-4.02158212363673E-16,3.51842845256725E-17));
#7731=DIRECTION('center_axis',(-4.02158212363673E-16,0.984807753012208,
-0.17364817766693));
#7732=DIRECTION('ref_axis',(1.,4.02158212363673E-16,-3.51842845256725E-17));
#7733=DIRECTION('center_axis',(-4.02158212363673E-16,0.984807753012208,
-0.17364817766693));
#7734=DIRECTION('ref_axis',(1.,4.02158212363673E-16,-3.51842845256725E-17));
#7735=DIRECTION('center_axis',(4.02158212363673E-16,-0.984807753012208,
0.17364817766693));
#7736=DIRECTION('ref_axis',(1.,4.02158212363673E-16,-3.51842845256725E-17));
#7737=DIRECTION('center_axis',(4.02158212363673E-16,-0.984807753012208,
0.17364817766693));
#7738=DIRECTION('ref_axis',(1.,4.02158212363673E-16,-3.51842845256725E-17));
#7739=DIRECTION('center_axis',(4.02158212363673E-16,-0.984807753012208,
0.17364817766693));
#7740=DIRECTION('ref_axis',(1.,4.02158212363673E-16,-3.51842845256725E-17));
#7741=DIRECTION('center_axis',(4.02158212363673E-16,-0.984807753012208,
0.17364817766693));
#7742=DIRECTION('ref_axis',(1.,4.02158212363673E-16,-3.51842845256725E-17));
#7743=DIRECTION('',(-4.02158212363673E-16,0.984807753012208,-0.17364817766693));
#7744=DIRECTION('center_axis',(4.02158212363673E-16,-0.984807753012208,
0.17364817766693));
#7745=DIRECTION('ref_axis',(1.,4.02158212363673E-16,-3.51842845256725E-17));
#7746=DIRECTION('',(-4.02158212363673E-16,0.984807753012208,-0.17364817766693));
#7747=DIRECTION('center_axis',(4.02158212363673E-16,-0.984807753012208,
0.17364817766693));
#7748=DIRECTION('ref_axis',(1.,4.02158212363673E-16,-3.51842845256725E-17));
#7749=DIRECTION('center_axis',(4.02158212363673E-16,-0.984807753012208,
0.17364817766693));
#7750=DIRECTION('ref_axis',(1.,4.02158212363673E-16,-3.51842845256725E-17));
#7751=DIRECTION('center_axis',(4.02158212363673E-16,-0.984807753012208,
0.17364817766693));
#7752=DIRECTION('ref_axis',(1.,4.02158212363673E-16,-3.51842845256725E-17));
#7753=DIRECTION('center_axis',(4.02158212363673E-16,-0.984807753012208,
0.17364817766693));
#7754=DIRECTION('ref_axis',(1.,4.02158212363673E-16,-3.51842845256725E-17));
#7755=DIRECTION('',(-4.02158212363673E-16,0.984807753012208,-0.17364817766693));
#7756=DIRECTION('center_axis',(-4.02158212363673E-16,0.984807753012208,
-0.17364817766693));
#7757=DIRECTION('ref_axis',(1.,4.02158212363673E-16,-3.51842845256725E-17));
#7758=DIRECTION('center_axis',(4.02158212363673E-16,-0.984807753012208,
0.17364817766693));
#7759=DIRECTION('ref_axis',(1.,4.02158212363673E-16,-3.51842845256725E-17));
#7760=DIRECTION('',(-4.02158212363673E-16,0.984807753012208,-0.17364817766693));
#7761=DIRECTION('center_axis',(-4.02158212363673E-16,0.984807753012208,
-0.17364817766693));
#7762=DIRECTION('ref_axis',(-1.,-4.02158212363673E-16,3.51842845256725E-17));
#7763=DIRECTION('center_axis',(4.02158212363673E-16,-0.984807753012208,
0.17364817766693));
#7764=DIRECTION('ref_axis',(1.,4.02158212363673E-16,-3.51842845256725E-17));
#7765=DIRECTION('center_axis',(0.,-0.984807753012208,0.17364817766693));
#7766=DIRECTION('ref_axis',(1.,0.,0.));
#7767=DIRECTION('center_axis',(4.02158212363673E-16,-0.984807753012208,
0.17364817766693));
#7768=DIRECTION('ref_axis',(1.,0.,0.));
#7769=DIRECTION('',(0.,-0.984807753012208,0.17364817766693));
#7770=DIRECTION('center_axis',(-4.02158212363673E-16,0.984807753012208,
-0.17364817766693));
#7771=DIRECTION('ref_axis',(1.,0.,0.));
#7772=DIRECTION('center_axis',(-4.02158212363673E-16,0.984807753012208,
-0.17364817766693));
#7773=DIRECTION('ref_axis',(-1.,-4.02158212363673E-16,3.51842845256725E-17));
#7774=DIRECTION('center_axis',(-4.02158212363673E-16,0.984807753012208,
-0.17364817766693));
#7775=DIRECTION('ref_axis',(1.,4.02158212363673E-16,-3.51842845256725E-17));
#7776=DIRECTION('center_axis',(-4.02158212363673E-16,0.984807753012208,
-0.17364817766693));
#7777=DIRECTION('ref_axis',(1.,4.02158212363673E-16,-3.51842845256725E-17));
#7778=DIRECTION('center_axis',(4.02158212363673E-16,-0.984807753012208,
0.17364817766693));
#7779=DIRECTION('ref_axis',(1.,4.02158212363673E-16,-3.51842845256725E-17));
#7780=DIRECTION('center_axis',(4.02158212363673E-16,-0.984807753012208,
0.17364817766693));
#7781=DIRECTION('ref_axis',(1.,4.02158212363673E-16,-3.51842845256725E-17));
#7782=DIRECTION('',(-4.02158212363673E-16,0.984807753012208,-0.17364817766693));
#7783=DIRECTION('center_axis',(-4.02158212363673E-16,0.984807753012208,
-0.17364817766693));
#7784=DIRECTION('ref_axis',(-1.,-4.02158212363673E-16,3.51842845256725E-17));
#7785=DIRECTION('center_axis',(-4.02158212363673E-16,0.984807753012208,
-0.17364817766693));
#7786=DIRECTION('ref_axis',(1.,4.02158212363673E-16,-3.51842845256725E-17));
#7787=DIRECTION('center_axis',(-4.02158212363673E-16,0.984807753012208,
-0.17364817766693));
#7788=DIRECTION('ref_axis',(1.,4.02158212363673E-16,-3.51842845256725E-17));
#7789=DIRECTION('center_axis',(4.02158212363673E-16,-0.984807753012208,
0.17364817766693));
#7790=DIRECTION('ref_axis',(1.,4.02158212363673E-16,-3.51842845256725E-17));
#7791=DIRECTION('center_axis',(4.02158212363673E-16,-0.984807753012208,
0.17364817766693));
#7792=DIRECTION('ref_axis',(1.,4.02158212363673E-16,-3.51842845256725E-17));
#7793=DIRECTION('center_axis',(4.02158212363673E-16,-0.984807753012208,
0.17364817766693));
#7794=DIRECTION('ref_axis',(1.,4.02158212363673E-16,-3.51842845256725E-17));
#7795=DIRECTION('center_axis',(4.02158212363673E-16,-0.984807753012208,
0.17364817766693));
#7796=DIRECTION('ref_axis',(1.,4.02158212363673E-16,-3.51842845256725E-17));
#7797=DIRECTION('',(-4.02158212363673E-16,0.984807753012208,-0.17364817766693));
#7798=DIRECTION('center_axis',(4.02158212363673E-16,-0.984807753012208,
0.17364817766693));
#7799=DIRECTION('ref_axis',(1.,4.02158212363673E-16,-3.51842845256725E-17));
#7800=DIRECTION('',(-4.02158212363673E-16,0.984807753012208,-0.17364817766693));
#7801=DIRECTION('center_axis',(4.02158212363673E-16,-0.984807753012208,
0.17364817766693));
#7802=DIRECTION('ref_axis',(1.,4.02158212363673E-16,-3.51842845256725E-17));
#7803=DIRECTION('center_axis',(4.02158212363673E-16,-0.984807753012208,
0.17364817766693));
#7804=DIRECTION('ref_axis',(1.,4.02158212363673E-16,-3.51842845256725E-17));
#7805=DIRECTION('center_axis',(4.02158212363673E-16,-0.984807753012208,
0.17364817766693));
#7806=DIRECTION('ref_axis',(1.,4.02158212363673E-16,-3.51842845256725E-17));
#7807=DIRECTION('center_axis',(4.02158212363673E-16,-0.984807753012208,
0.17364817766693));
#7808=DIRECTION('ref_axis',(1.,4.02158212363673E-16,-3.51842845256725E-17));
#7809=DIRECTION('',(-4.02158212363673E-16,0.984807753012208,-0.17364817766693));
#7810=DIRECTION('center_axis',(-4.02158212363673E-16,0.984807753012208,
-0.17364817766693));
#7811=DIRECTION('ref_axis',(1.,4.02158212363673E-16,-3.51842845256725E-17));
#7812=DIRECTION('center_axis',(4.02158212363673E-16,-0.984807753012208,
0.17364817766693));
#7813=DIRECTION('ref_axis',(1.,4.02158212363673E-16,-3.51842845256725E-17));
#7814=DIRECTION('',(-4.02158212363673E-16,0.984807753012208,-0.17364817766693));
#7815=DIRECTION('center_axis',(-4.02158212363673E-16,0.984807753012208,
-0.17364817766693));
#7816=DIRECTION('ref_axis',(-1.,-4.02158212363673E-16,3.51842845256725E-17));
#7817=DIRECTION('center_axis',(4.02158212363673E-16,-0.984807753012208,
0.17364817766693));
#7818=DIRECTION('ref_axis',(1.,4.02158212363673E-16,-3.51842845256725E-17));
#7819=DIRECTION('center_axis',(0.,-0.984807753012208,0.173648177666929));
#7820=DIRECTION('ref_axis',(1.,0.,0.));
#7821=DIRECTION('center_axis',(4.02158212363673E-16,-0.984807753012208,
0.17364817766693));
#7822=DIRECTION('ref_axis',(1.,0.,0.));
#7823=DIRECTION('',(0.,-0.984807753012208,0.173648177666929));
#7824=DIRECTION('center_axis',(-4.02158212363673E-16,0.984807753012208,
-0.17364817766693));
#7825=DIRECTION('ref_axis',(1.,0.,0.));
#7826=DIRECTION('center_axis',(-4.02158212363673E-16,0.984807753012208,
-0.17364817766693));
#7827=DIRECTION('ref_axis',(-1.,-4.02158212363673E-16,3.51842845256725E-17));
#7828=DIRECTION('center_axis',(-4.02158212363673E-16,0.984807753012208,
-0.17364817766693));
#7829=DIRECTION('ref_axis',(1.,4.02158212363673E-16,-3.51842845256725E-17));
#7830=DIRECTION('center_axis',(-4.02158212363673E-16,0.984807753012208,
-0.17364817766693));
#7831=DIRECTION('ref_axis',(1.,4.02158212363673E-16,-3.51842845256725E-17));
#7832=DIRECTION('center_axis',(4.02158212363673E-16,-0.984807753012208,
0.17364817766693));
#7833=DIRECTION('ref_axis',(1.,4.02158212363673E-16,-3.51842845256725E-17));
#7834=DIRECTION('center_axis',(4.02158212363673E-16,-0.984807753012208,
0.17364817766693));
#7835=DIRECTION('ref_axis',(1.,4.02158212363673E-16,-3.51842845256725E-17));
#7836=DIRECTION('',(-4.02158212363673E-16,0.984807753012208,-0.17364817766693));
#7837=DIRECTION('center_axis',(-4.02158212363673E-16,0.984807753012208,
-0.17364817766693));
#7838=DIRECTION('ref_axis',(-1.,-4.02158212363673E-16,3.51842845256725E-17));
#7839=DIRECTION('center_axis',(-4.02158212363673E-16,0.984807753012208,
-0.17364817766693));
#7840=DIRECTION('ref_axis',(1.,4.02158212363673E-16,-3.51842845256725E-17));
#7841=DIRECTION('center_axis',(-4.02158212363673E-16,0.984807753012208,
-0.17364817766693));
#7842=DIRECTION('ref_axis',(1.,4.02158212363673E-16,-3.51842845256725E-17));
#7843=DIRECTION('center_axis',(4.02158212363673E-16,-0.984807753012208,
0.17364817766693));
#7844=DIRECTION('ref_axis',(1.,4.02158212363673E-16,-3.51842845256725E-17));
#7845=DIRECTION('center_axis',(4.02158212363673E-16,-0.984807753012208,
0.17364817766693));
#7846=DIRECTION('ref_axis',(1.,4.02158212363673E-16,-3.51842845256725E-17));
#7847=DIRECTION('center_axis',(4.02158212363673E-16,-0.984807753012208,
0.17364817766693));
#7848=DIRECTION('ref_axis',(1.,4.02158212363673E-16,-3.51842845256725E-17));
#7849=DIRECTION('center_axis',(4.02158212363673E-16,-0.984807753012208,
0.17364817766693));
#7850=DIRECTION('ref_axis',(1.,4.02158212363673E-16,-3.51842845256725E-17));
#7851=DIRECTION('',(-4.02158212363673E-16,0.984807753012208,-0.17364817766693));
#7852=DIRECTION('center_axis',(4.02158212363673E-16,-0.984807753012208,
0.17364817766693));
#7853=DIRECTION('ref_axis',(1.,4.02158212363673E-16,-3.51842845256725E-17));
#7854=DIRECTION('',(-4.02158212363673E-16,0.984807753012208,-0.17364817766693));
#7855=DIRECTION('center_axis',(4.02158212363673E-16,-0.984807753012208,
0.17364817766693));
#7856=DIRECTION('ref_axis',(1.,4.02158212363673E-16,-3.51842845256725E-17));
#7857=DIRECTION('center_axis',(4.02158212363673E-16,-0.984807753012208,
0.17364817766693));
#7858=DIRECTION('ref_axis',(1.,4.02158212363673E-16,-3.51842845256725E-17));
#7859=DIRECTION('center_axis',(4.02158212363673E-16,-0.984807753012208,
0.17364817766693));
#7860=DIRECTION('ref_axis',(1.,4.02158212363673E-16,-3.51842845256725E-17));
#7861=DIRECTION('center_axis',(4.02158212363673E-16,-0.984807753012208,
0.17364817766693));
#7862=DIRECTION('ref_axis',(1.,4.02158212363673E-16,-3.51842845256725E-17));
#7863=DIRECTION('',(-4.02158212363673E-16,0.984807753012208,-0.17364817766693));
#7864=DIRECTION('center_axis',(-4.02158212363673E-16,0.984807753012208,
-0.17364817766693));
#7865=DIRECTION('ref_axis',(1.,4.02158212363673E-16,-3.51842845256725E-17));
#7866=DIRECTION('center_axis',(4.02158212363673E-16,-0.984807753012208,
0.17364817766693));
#7867=DIRECTION('ref_axis',(1.,4.02158212363673E-16,-3.51842845256725E-17));
#7868=DIRECTION('',(-4.02158212363673E-16,0.984807753012208,-0.17364817766693));
#7869=DIRECTION('center_axis',(-4.02158212363673E-16,0.984807753012208,
-0.17364817766693));
#7870=DIRECTION('ref_axis',(-1.,-4.02158212363673E-16,3.51842845256725E-17));
#7871=DIRECTION('center_axis',(4.02158212363673E-16,-0.984807753012208,
0.17364817766693));
#7872=DIRECTION('ref_axis',(1.,4.02158212363673E-16,-3.51842845256725E-17));
#7873=DIRECTION('center_axis',(0.,-0.984807753012208,0.17364817766693));
#7874=DIRECTION('ref_axis',(1.,0.,0.));
#7875=DIRECTION('center_axis',(4.02158212363673E-16,-0.984807753012208,
0.17364817766693));
#7876=DIRECTION('ref_axis',(1.,0.,0.));
#7877=DIRECTION('',(0.,-0.984807753012208,0.17364817766693));
#7878=DIRECTION('center_axis',(-4.02158212363673E-16,0.984807753012208,
-0.17364817766693));
#7879=DIRECTION('ref_axis',(1.,0.,0.));
#7880=DIRECTION('center_axis',(-4.02158212363673E-16,0.984807753012208,
-0.17364817766693));
#7881=DIRECTION('ref_axis',(-1.,-4.02158212363673E-16,3.51842845256725E-17));
#7882=DIRECTION('center_axis',(-4.02158212363673E-16,0.984807753012208,
-0.17364817766693));
#7883=DIRECTION('ref_axis',(1.,4.02158212363673E-16,-3.51842845256725E-17));
#7884=DIRECTION('center_axis',(-4.02158212363673E-16,0.984807753012208,
-0.17364817766693));
#7885=DIRECTION('ref_axis',(1.,4.02158212363673E-16,-3.51842845256725E-17));
#7886=DIRECTION('center_axis',(4.02158212363673E-16,-0.984807753012208,
0.17364817766693));
#7887=DIRECTION('ref_axis',(1.,4.02158212363673E-16,-3.51842845256725E-17));
#7888=DIRECTION('center_axis',(4.02158212363673E-16,-0.984807753012208,
0.17364817766693));
#7889=DIRECTION('ref_axis',(1.,4.02158212363673E-16,-3.51842845256725E-17));
#7890=DIRECTION('',(-4.02158212363673E-16,0.984807753012208,-0.17364817766693));
#7891=DIRECTION('center_axis',(-4.02158212363673E-16,0.984807753012208,
-0.17364817766693));
#7892=DIRECTION('ref_axis',(-1.,-4.02158212363673E-16,3.51842845256725E-17));
#7893=DIRECTION('center_axis',(-4.02158212363673E-16,0.984807753012208,
-0.17364817766693));
#7894=DIRECTION('ref_axis',(1.,4.02158212363673E-16,-3.51842845256725E-17));
#7895=DIRECTION('center_axis',(-4.02158212363673E-16,0.984807753012208,
-0.17364817766693));
#7896=DIRECTION('ref_axis',(1.,4.02158212363673E-16,-3.51842845256725E-17));
#7897=DIRECTION('center_axis',(4.02158212363673E-16,-0.984807753012208,
0.17364817766693));
#7898=DIRECTION('ref_axis',(1.,4.02158212363673E-16,-3.51842845256725E-17));
#7899=DIRECTION('center_axis',(4.02158212363673E-16,-0.984807753012208,
0.17364817766693));
#7900=DIRECTION('ref_axis',(1.,4.02158212363673E-16,-3.51842845256725E-17));
#7901=DIRECTION('center_axis',(4.02158212363673E-16,-0.984807753012208,
0.17364817766693));
#7902=DIRECTION('ref_axis',(1.,4.02158212363673E-16,-3.51842845256725E-17));
#7903=DIRECTION('center_axis',(4.02158212363673E-16,-0.984807753012208,
0.17364817766693));
#7904=DIRECTION('ref_axis',(1.,4.02158212363673E-16,-3.51842845256725E-17));
#7905=DIRECTION('',(-4.02158212363673E-16,0.984807753012208,-0.17364817766693));
#7906=DIRECTION('center_axis',(4.02158212363673E-16,-0.984807753012208,
0.17364817766693));
#7907=DIRECTION('ref_axis',(1.,4.02158212363673E-16,-3.51842845256725E-17));
#7908=DIRECTION('',(-4.02158212363673E-16,0.984807753012208,-0.17364817766693));
#7909=DIRECTION('center_axis',(4.02158212363673E-16,-0.984807753012208,
0.17364817766693));
#7910=DIRECTION('ref_axis',(1.,4.02158212363673E-16,-3.51842845256725E-17));
#7911=DIRECTION('center_axis',(4.02158212363673E-16,-0.984807753012208,
0.17364817766693));
#7912=DIRECTION('ref_axis',(1.,4.02158212363673E-16,-3.51842845256725E-17));
#7913=DIRECTION('center_axis',(4.02158212363673E-16,-0.984807753012208,
0.17364817766693));
#7914=DIRECTION('ref_axis',(1.,4.02158212363673E-16,-3.51842845256725E-17));
#7915=DIRECTION('center_axis',(4.02158212363673E-16,-0.984807753012208,
0.17364817766693));
#7916=DIRECTION('ref_axis',(1.,4.02158212363673E-16,-3.51842845256725E-17));
#7917=DIRECTION('',(-4.02158212363673E-16,0.984807753012208,-0.17364817766693));
#7918=DIRECTION('center_axis',(-4.02158212363673E-16,0.984807753012208,
-0.17364817766693));
#7919=DIRECTION('ref_axis',(1.,4.02158212363673E-16,-3.51842845256725E-17));
#7920=DIRECTION('center_axis',(4.02158212363673E-16,-0.984807753012208,
0.17364817766693));
#7921=DIRECTION('ref_axis',(1.,4.02158212363673E-16,-3.51842845256725E-17));
#7922=DIRECTION('',(-4.02158212363673E-16,0.984807753012208,-0.17364817766693));
#7923=DIRECTION('center_axis',(-4.02158212363673E-16,0.984807753012208,
-0.17364817766693));
#7924=DIRECTION('ref_axis',(-1.,-4.02158212363673E-16,3.51842845256725E-17));
#7925=DIRECTION('center_axis',(4.02158212363673E-16,-0.984807753012208,
0.17364817766693));
#7926=DIRECTION('ref_axis',(1.,4.02158212363673E-16,-3.51842845256725E-17));
#7927=DIRECTION('center_axis',(0.,0.984807753012208,-0.17364817766693));
#7928=DIRECTION('ref_axis',(1.,0.,0.));
#7929=DIRECTION('center_axis',(0.,0.984807753012208,-0.17364817766693));
#7930=DIRECTION('ref_axis',(1.,0.,0.));
#7931=DIRECTION('',(0.,0.984807753012208,-0.17364817766693));
#7932=DIRECTION('center_axis',(0.,-0.984807753012208,0.17364817766693));
#7933=DIRECTION('ref_axis',(1.,0.,0.));
#7934=DIRECTION('center_axis',(4.02158212363673E-16,-0.984807753012208,
0.17364817766693));
#7935=DIRECTION('ref_axis',(-1.,-4.02158212363673E-16,3.51842845256725E-17));
#7936=DIRECTION('center_axis',(4.02158212363673E-16,-0.984807753012208,
0.17364817766693));
#7937=DIRECTION('ref_axis',(1.,4.02158212363673E-16,-3.51842845256725E-17));
#7938=DIRECTION('center_axis',(4.02158212363673E-16,-0.984807753012208,
0.17364817766693));
#7939=DIRECTION('ref_axis',(1.,4.02158212363673E-16,-3.51842845256725E-17));
#7940=DIRECTION('center_axis',(-4.02158212363673E-16,0.984807753012208,
-0.17364817766693));
#7941=DIRECTION('ref_axis',(1.,4.02158212363673E-16,-3.51842845256725E-17));
#7942=DIRECTION('center_axis',(-4.02158212363673E-16,0.984807753012208,
-0.17364817766693));
#7943=DIRECTION('ref_axis',(1.,4.02158212363673E-16,-3.51842845256725E-17));
#7944=DIRECTION('',(4.02158212363673E-16,-0.984807753012208,0.17364817766693));
#7945=DIRECTION('center_axis',(4.02158212363673E-16,-0.984807753012208,
0.17364817766693));
#7946=DIRECTION('ref_axis',(-1.,-4.02158212363673E-16,3.51842845256725E-17));
#7947=DIRECTION('center_axis',(4.02158212363673E-16,-0.984807753012208,
0.17364817766693));
#7948=DIRECTION('ref_axis',(1.,4.02158212363673E-16,-3.51842845256725E-17));
#7949=DIRECTION('center_axis',(4.02158212363673E-16,-0.984807753012208,
0.17364817766693));
#7950=DIRECTION('ref_axis',(1.,4.02158212363673E-16,-3.51842845256725E-17));
#7951=DIRECTION('center_axis',(-4.02158212363673E-16,0.984807753012208,
-0.17364817766693));
#7952=DIRECTION('ref_axis',(1.,4.02158212363673E-16,-3.51842845256725E-17));
#7953=DIRECTION('center_axis',(-4.02158212363673E-16,0.984807753012208,
-0.17364817766693));
#7954=DIRECTION('ref_axis',(1.,4.02158212363673E-16,-3.51842845256725E-17));
#7955=DIRECTION('center_axis',(-4.02158212363673E-16,0.984807753012208,
-0.17364817766693));
#7956=DIRECTION('ref_axis',(1.,4.02158212363673E-16,-3.51842845256725E-17));
#7957=DIRECTION('center_axis',(-4.02158212363673E-16,0.984807753012208,
-0.17364817766693));
#7958=DIRECTION('ref_axis',(1.,4.02158212363673E-16,-3.51842845256725E-17));
#7959=DIRECTION('',(4.02158212363673E-16,-0.984807753012208,0.17364817766693));
#7960=DIRECTION('center_axis',(-4.02158212363673E-16,0.984807753012208,
-0.17364817766693));
#7961=DIRECTION('ref_axis',(1.,4.02158212363673E-16,-3.51842845256725E-17));
#7962=DIRECTION('',(4.02158212363673E-16,-0.984807753012208,0.17364817766693));
#7963=DIRECTION('center_axis',(-4.02158212363673E-16,0.984807753012208,
-0.17364817766693));
#7964=DIRECTION('ref_axis',(1.,4.02158212363673E-16,-3.51842845256725E-17));
#7965=DIRECTION('center_axis',(-4.02158212363673E-16,0.984807753012208,
-0.17364817766693));
#7966=DIRECTION('ref_axis',(1.,4.02158212363673E-16,-3.51842845256725E-17));
#7967=DIRECTION('center_axis',(-4.02158212363673E-16,0.984807753012208,
-0.17364817766693));
#7968=DIRECTION('ref_axis',(1.,4.02158212363673E-16,-3.51842845256725E-17));
#7969=DIRECTION('center_axis',(-4.02158212363673E-16,0.984807753012208,
-0.17364817766693));
#7970=DIRECTION('ref_axis',(1.,4.02158212363673E-16,-3.51842845256725E-17));
#7971=DIRECTION('',(4.02158212363673E-16,-0.984807753012208,0.17364817766693));
#7972=DIRECTION('center_axis',(4.02158212363673E-16,-0.984807753012208,
0.17364817766693));
#7973=DIRECTION('ref_axis',(1.,4.02158212363673E-16,-3.51842845256725E-17));
#7974=DIRECTION('center_axis',(-4.02158212363673E-16,0.984807753012208,
-0.17364817766693));
#7975=DIRECTION('ref_axis',(1.,4.02158212363673E-16,-3.51842845256725E-17));
#7976=DIRECTION('',(4.02158212363673E-16,-0.984807753012208,0.17364817766693));
#7977=DIRECTION('center_axis',(4.02158212363673E-16,-0.984807753012208,
0.17364817766693));
#7978=DIRECTION('ref_axis',(-1.,-4.02158212363673E-16,3.51842845256725E-17));
#7979=DIRECTION('center_axis',(-4.02158212363673E-16,0.984807753012208,
-0.17364817766693));
#7980=DIRECTION('ref_axis',(1.,4.02158212363673E-16,-3.51842845256725E-17));
#7981=DIRECTION('center_axis',(0.,0.984807753012208,-0.17364817766693));
#7982=DIRECTION('ref_axis',(1.,0.,0.));
#7983=DIRECTION('center_axis',(0.,0.984807753012208,-0.17364817766693));
#7984=DIRECTION('ref_axis',(1.,0.,0.));
#7985=DIRECTION('',(0.,0.984807753012208,-0.17364817766693));
#7986=DIRECTION('center_axis',(0.,-0.984807753012208,0.17364817766693));
#7987=DIRECTION('ref_axis',(1.,0.,0.));
#7988=DIRECTION('center_axis',(4.02158212363673E-16,-0.984807753012208,
0.17364817766693));
#7989=DIRECTION('ref_axis',(-1.,-4.02158212363673E-16,3.51842845256725E-17));
#7990=DIRECTION('center_axis',(4.02158212363673E-16,-0.984807753012208,
0.17364817766693));
#7991=DIRECTION('ref_axis',(1.,4.02158212363673E-16,-3.51842845256725E-17));
#7992=DIRECTION('center_axis',(4.02158212363673E-16,-0.984807753012208,
0.17364817766693));
#7993=DIRECTION('ref_axis',(1.,4.02158212363673E-16,-3.51842845256725E-17));
#7994=DIRECTION('center_axis',(-4.02158212363673E-16,0.984807753012208,
-0.17364817766693));
#7995=DIRECTION('ref_axis',(1.,4.02158212363673E-16,-3.51842845256725E-17));
#7996=DIRECTION('center_axis',(-4.02158212363673E-16,0.984807753012208,
-0.17364817766693));
#7997=DIRECTION('ref_axis',(1.,4.02158212363673E-16,-3.51842845256725E-17));
#7998=DIRECTION('',(4.02158212363673E-16,-0.984807753012208,0.17364817766693));
#7999=DIRECTION('center_axis',(4.02158212363673E-16,-0.984807753012208,
0.17364817766693));
#8000=DIRECTION('ref_axis',(-1.,-4.02158212363673E-16,3.51842845256725E-17));
#8001=DIRECTION('center_axis',(4.02158212363673E-16,-0.984807753012208,
0.17364817766693));
#8002=DIRECTION('ref_axis',(1.,4.02158212363673E-16,-3.51842845256725E-17));
#8003=DIRECTION('center_axis',(4.02158212363673E-16,-0.984807753012208,
0.17364817766693));
#8004=DIRECTION('ref_axis',(1.,4.02158212363673E-16,-3.51842845256725E-17));
#8005=DIRECTION('center_axis',(-4.02158212363673E-16,0.984807753012208,
-0.17364817766693));
#8006=DIRECTION('ref_axis',(1.,4.02158212363673E-16,-3.51842845256725E-17));
#8007=DIRECTION('center_axis',(-4.02158212363673E-16,0.984807753012208,
-0.17364817766693));
#8008=DIRECTION('ref_axis',(1.,4.02158212363673E-16,-3.51842845256725E-17));
#8009=DIRECTION('center_axis',(-4.02158212363673E-16,0.984807753012208,
-0.17364817766693));
#8010=DIRECTION('ref_axis',(1.,4.02158212363673E-16,-3.51842845256725E-17));
#8011=DIRECTION('center_axis',(-4.02158212363673E-16,0.984807753012208,
-0.17364817766693));
#8012=DIRECTION('ref_axis',(1.,4.02158212363673E-16,-3.51842845256725E-17));
#8013=DIRECTION('',(4.02158212363673E-16,-0.984807753012208,0.17364817766693));
#8014=DIRECTION('center_axis',(-4.02158212363673E-16,0.984807753012208,
-0.17364817766693));
#8015=DIRECTION('ref_axis',(1.,4.02158212363673E-16,-3.51842845256725E-17));
#8016=DIRECTION('',(4.02158212363673E-16,-0.984807753012208,0.17364817766693));
#8017=DIRECTION('center_axis',(-4.02158212363673E-16,0.984807753012208,
-0.17364817766693));
#8018=DIRECTION('ref_axis',(1.,4.02158212363673E-16,-3.51842845256725E-17));
#8019=DIRECTION('center_axis',(-4.02158212363673E-16,0.984807753012208,
-0.17364817766693));
#8020=DIRECTION('ref_axis',(1.,4.02158212363673E-16,-3.51842845256725E-17));
#8021=DIRECTION('center_axis',(-4.02158212363673E-16,0.984807753012208,
-0.17364817766693));
#8022=DIRECTION('ref_axis',(1.,4.02158212363673E-16,-3.51842845256725E-17));
#8023=DIRECTION('center_axis',(-4.02158212363673E-16,0.984807753012208,
-0.17364817766693));
#8024=DIRECTION('ref_axis',(1.,4.02158212363673E-16,-3.51842845256725E-17));
#8025=DIRECTION('',(4.02158212363673E-16,-0.984807753012208,0.17364817766693));
#8026=DIRECTION('center_axis',(4.02158212363673E-16,-0.984807753012208,
0.17364817766693));
#8027=DIRECTION('ref_axis',(1.,4.02158212363673E-16,-3.51842845256725E-17));
#8028=DIRECTION('center_axis',(-4.02158212363673E-16,0.984807753012208,
-0.17364817766693));
#8029=DIRECTION('ref_axis',(1.,4.02158212363673E-16,-3.51842845256725E-17));
#8030=DIRECTION('',(4.02158212363673E-16,-0.984807753012208,0.17364817766693));
#8031=DIRECTION('center_axis',(4.02158212363673E-16,-0.984807753012208,
0.17364817766693));
#8032=DIRECTION('ref_axis',(-1.,-4.02158212363673E-16,3.51842845256725E-17));
#8033=DIRECTION('center_axis',(-4.02158212363673E-16,0.984807753012208,
-0.17364817766693));
#8034=DIRECTION('ref_axis',(1.,4.02158212363673E-16,-3.51842845256725E-17));
#8035=DIRECTION('center_axis',(0.,0.984807753012208,-0.173648177666932));
#8036=DIRECTION('ref_axis',(1.,0.,0.));
#8037=DIRECTION('center_axis',(0.,0.984807753012208,-0.173648177666932));
#8038=DIRECTION('ref_axis',(1.,0.,0.));
#8039=DIRECTION('',(0.,0.984807753012208,-0.173648177666932));
#8040=DIRECTION('center_axis',(0.,-0.984807753012208,0.173648177666932));
#8041=DIRECTION('ref_axis',(1.,0.,0.));
#8042=DIRECTION('center_axis',(4.02158212363673E-16,-0.984807753012208,
0.17364817766693));
#8043=DIRECTION('ref_axis',(-1.,-4.02158212363673E-16,3.51842845256725E-17));
#8044=DIRECTION('center_axis',(4.02158212363673E-16,-0.984807753012208,
0.17364817766693));
#8045=DIRECTION('ref_axis',(1.,4.02158212363673E-16,-3.51842845256725E-17));
#8046=DIRECTION('center_axis',(4.02158212363673E-16,-0.984807753012208,
0.17364817766693));
#8047=DIRECTION('ref_axis',(1.,4.02158212363673E-16,-3.51842845256725E-17));
#8048=DIRECTION('center_axis',(-4.02158212363673E-16,0.984807753012208,
-0.17364817766693));
#8049=DIRECTION('ref_axis',(1.,4.02158212363673E-16,-3.51842845256725E-17));
#8050=DIRECTION('center_axis',(-4.02158212363673E-16,0.984807753012208,
-0.17364817766693));
#8051=DIRECTION('ref_axis',(1.,4.02158212363673E-16,-3.51842845256725E-17));
#8052=DIRECTION('',(4.02158212363673E-16,-0.984807753012208,0.17364817766693));
#8053=DIRECTION('center_axis',(4.02158212363673E-16,-0.984807753012208,
0.17364817766693));
#8054=DIRECTION('ref_axis',(-1.,-4.02158212363673E-16,3.51842845256725E-17));
#8055=DIRECTION('center_axis',(4.02158212363673E-16,-0.984807753012208,
0.17364817766693));
#8056=DIRECTION('ref_axis',(1.,4.02158212363673E-16,-3.51842845256725E-17));
#8057=DIRECTION('center_axis',(4.02158212363673E-16,-0.984807753012208,
0.17364817766693));
#8058=DIRECTION('ref_axis',(1.,4.02158212363673E-16,-3.51842845256725E-17));
#8059=DIRECTION('center_axis',(-4.02158212363673E-16,0.984807753012208,
-0.17364817766693));
#8060=DIRECTION('ref_axis',(1.,4.02158212363673E-16,-3.51842845256725E-17));
#8061=DIRECTION('center_axis',(-4.02158212363673E-16,0.984807753012208,
-0.17364817766693));
#8062=DIRECTION('ref_axis',(1.,4.02158212363673E-16,-3.51842845256725E-17));
#8063=DIRECTION('center_axis',(-4.02158212363673E-16,0.984807753012208,
-0.17364817766693));
#8064=DIRECTION('ref_axis',(1.,4.02158212363673E-16,-3.51842845256725E-17));
#8065=DIRECTION('center_axis',(-4.02158212363673E-16,0.984807753012208,
-0.17364817766693));
#8066=DIRECTION('ref_axis',(1.,4.02158212363673E-16,-3.51842845256725E-17));
#8067=DIRECTION('',(4.02158212363673E-16,-0.984807753012208,0.17364817766693));
#8068=DIRECTION('center_axis',(-4.02158212363673E-16,0.984807753012208,
-0.17364817766693));
#8069=DIRECTION('ref_axis',(1.,4.02158212363673E-16,-3.51842845256725E-17));
#8070=DIRECTION('',(4.02158212363673E-16,-0.984807753012208,0.17364817766693));
#8071=DIRECTION('center_axis',(-4.02158212363673E-16,0.984807753012208,
-0.17364817766693));
#8072=DIRECTION('ref_axis',(1.,4.02158212363673E-16,-3.51842845256725E-17));
#8073=DIRECTION('center_axis',(-4.02158212363673E-16,0.984807753012208,
-0.17364817766693));
#8074=DIRECTION('ref_axis',(1.,4.02158212363673E-16,-3.51842845256725E-17));
#8075=DIRECTION('center_axis',(-4.02158212363673E-16,0.984807753012208,
-0.17364817766693));
#8076=DIRECTION('ref_axis',(1.,4.02158212363673E-16,-3.51842845256725E-17));
#8077=DIRECTION('center_axis',(-4.02158212363673E-16,0.984807753012208,
-0.17364817766693));
#8078=DIRECTION('ref_axis',(1.,4.02158212363673E-16,-3.51842845256725E-17));
#8079=DIRECTION('',(4.02158212363673E-16,-0.984807753012208,0.17364817766693));
#8080=DIRECTION('center_axis',(4.02158212363673E-16,-0.984807753012208,
0.17364817766693));
#8081=DIRECTION('ref_axis',(1.,4.02158212363673E-16,-3.51842845256725E-17));
#8082=DIRECTION('center_axis',(-4.02158212363673E-16,0.984807753012208,
-0.17364817766693));
#8083=DIRECTION('ref_axis',(1.,4.02158212363673E-16,-3.51842845256725E-17));
#8084=DIRECTION('',(4.02158212363673E-16,-0.984807753012208,0.17364817766693));
#8085=DIRECTION('center_axis',(4.02158212363673E-16,-0.984807753012208,
0.17364817766693));
#8086=DIRECTION('ref_axis',(-1.,-4.02158212363673E-16,3.51842845256725E-17));
#8087=DIRECTION('center_axis',(-4.02158212363673E-16,0.984807753012208,
-0.17364817766693));
#8088=DIRECTION('ref_axis',(1.,4.02158212363673E-16,-3.51842845256725E-17));
#8089=DIRECTION('center_axis',(0.,0.984807753012208,-0.173648177666931));
#8090=DIRECTION('ref_axis',(1.,0.,0.));
#8091=DIRECTION('center_axis',(0.,0.984807753012208,-0.173648177666931));
#8092=DIRECTION('ref_axis',(1.,0.,0.));
#8093=DIRECTION('',(0.,0.984807753012208,-0.173648177666931));
#8094=DIRECTION('center_axis',(0.,-0.984807753012208,0.173648177666931));
#8095=DIRECTION('ref_axis',(1.,0.,0.));
#8096=DIRECTION('center_axis',(4.02158212363673E-16,-0.984807753012208,
0.17364817766693));
#8097=DIRECTION('ref_axis',(-1.,-4.02158212363673E-16,3.51842845256725E-17));
#8098=DIRECTION('center_axis',(4.02158212363673E-16,-0.984807753012208,
0.17364817766693));
#8099=DIRECTION('ref_axis',(1.,4.02158212363673E-16,-3.51842845256725E-17));
#8100=DIRECTION('center_axis',(4.02158212363673E-16,-0.984807753012208,
0.17364817766693));
#8101=DIRECTION('ref_axis',(1.,4.02158212363673E-16,-3.51842845256725E-17));
#8102=DIRECTION('center_axis',(-4.02158212363673E-16,0.984807753012208,
-0.17364817766693));
#8103=DIRECTION('ref_axis',(1.,4.02158212363673E-16,-3.51842845256725E-17));
#8104=DIRECTION('center_axis',(-4.02158212363673E-16,0.984807753012208,
-0.17364817766693));
#8105=DIRECTION('ref_axis',(1.,4.02158212363673E-16,-3.51842845256725E-17));
#8106=DIRECTION('',(4.02158212363673E-16,-0.984807753012208,0.17364817766693));
#8107=DIRECTION('center_axis',(4.02158212363673E-16,-0.984807753012208,
0.17364817766693));
#8108=DIRECTION('ref_axis',(-1.,-4.02158212363673E-16,3.51842845256725E-17));
#8109=DIRECTION('center_axis',(4.02158212363673E-16,-0.984807753012208,
0.17364817766693));
#8110=DIRECTION('ref_axis',(1.,4.02158212363673E-16,-3.51842845256725E-17));
#8111=DIRECTION('center_axis',(4.02158212363673E-16,-0.984807753012208,
0.17364817766693));
#8112=DIRECTION('ref_axis',(1.,4.02158212363673E-16,-3.51842845256725E-17));
#8113=DIRECTION('center_axis',(-4.02158212363673E-16,0.984807753012208,
-0.17364817766693));
#8114=DIRECTION('ref_axis',(1.,4.02158212363673E-16,-3.51842845256725E-17));
#8115=DIRECTION('center_axis',(-4.02158212363673E-16,0.984807753012208,
-0.17364817766693));
#8116=DIRECTION('ref_axis',(1.,4.02158212363673E-16,-3.51842845256725E-17));
#8117=DIRECTION('center_axis',(-4.02158212363673E-16,0.984807753012208,
-0.17364817766693));
#8118=DIRECTION('ref_axis',(1.,4.02158212363673E-16,-3.51842845256725E-17));
#8119=DIRECTION('center_axis',(-4.02158212363673E-16,0.984807753012208,
-0.17364817766693));
#8120=DIRECTION('ref_axis',(1.,4.02158212363673E-16,-3.51842845256725E-17));
#8121=DIRECTION('',(4.02158212363673E-16,-0.984807753012208,0.17364817766693));
#8122=DIRECTION('center_axis',(-4.02158212363673E-16,0.984807753012208,
-0.17364817766693));
#8123=DIRECTION('ref_axis',(1.,4.02158212363673E-16,-3.51842845256725E-17));
#8124=DIRECTION('',(4.02158212363673E-16,-0.984807753012208,0.17364817766693));
#8125=DIRECTION('center_axis',(-4.02158212363673E-16,0.984807753012208,
-0.17364817766693));
#8126=DIRECTION('ref_axis',(1.,4.02158212363673E-16,-3.51842845256725E-17));
#8127=DIRECTION('center_axis',(-4.02158212363673E-16,0.984807753012208,
-0.17364817766693));
#8128=DIRECTION('ref_axis',(1.,4.02158212363673E-16,-3.51842845256725E-17));
#8129=DIRECTION('center_axis',(-4.02158212363673E-16,0.984807753012208,
-0.17364817766693));
#8130=DIRECTION('ref_axis',(1.,4.02158212363673E-16,-3.51842845256725E-17));
#8131=DIRECTION('center_axis',(-4.02158212363673E-16,0.984807753012208,
-0.17364817766693));
#8132=DIRECTION('ref_axis',(1.,4.02158212363673E-16,-3.51842845256725E-17));
#8133=DIRECTION('',(4.02158212363673E-16,-0.984807753012208,0.17364817766693));
#8134=DIRECTION('center_axis',(4.02158212363673E-16,-0.984807753012208,
0.17364817766693));
#8135=DIRECTION('ref_axis',(1.,4.02158212363673E-16,-3.51842845256725E-17));
#8136=DIRECTION('center_axis',(-4.02158212363673E-16,0.984807753012208,
-0.17364817766693));
#8137=DIRECTION('ref_axis',(1.,4.02158212363673E-16,-3.51842845256725E-17));
#8138=DIRECTION('',(4.02158212363673E-16,-0.984807753012208,0.17364817766693));
#8139=DIRECTION('center_axis',(4.02158212363673E-16,-0.984807753012208,
0.17364817766693));
#8140=DIRECTION('ref_axis',(-1.,-4.02158212363673E-16,3.51842845256725E-17));
#8141=DIRECTION('center_axis',(-4.02158212363673E-16,0.984807753012208,
-0.17364817766693));
#8142=DIRECTION('ref_axis',(1.,4.02158212363673E-16,-3.51842845256725E-17));
#8143=DIRECTION('center_axis',(0.,0.984807753012208,-0.173648177666931));
#8144=DIRECTION('ref_axis',(1.,0.,0.));
#8145=DIRECTION('center_axis',(-4.02158212363673E-16,0.984807753012208,
-0.17364817766693));
#8146=DIRECTION('ref_axis',(1.,0.,0.));
#8147=DIRECTION('',(0.,0.984807753012208,-0.173648177666931));
#8148=DIRECTION('center_axis',(4.02158212363673E-16,-0.984807753012208,
0.17364817766693));
#8149=DIRECTION('ref_axis',(1.,0.,0.));
#8150=DIRECTION('center_axis',(4.02158212363673E-16,-0.984807753012208,
0.17364817766693));
#8151=DIRECTION('ref_axis',(-1.,-4.02158212363673E-16,3.51842845256725E-17));
#8152=DIRECTION('center_axis',(4.02158212363673E-16,-0.984807753012208,
0.17364817766693));
#8153=DIRECTION('ref_axis',(1.,4.02158212363673E-16,-3.51842845256725E-17));
#8154=DIRECTION('center_axis',(4.02158212363673E-16,-0.984807753012208,
0.17364817766693));
#8155=DIRECTION('ref_axis',(1.,4.02158212363673E-16,-3.51842845256725E-17));
#8156=DIRECTION('center_axis',(-4.02158212363673E-16,0.984807753012208,
-0.17364817766693));
#8157=DIRECTION('ref_axis',(1.,4.02158212363673E-16,-3.51842845256725E-17));
#8158=DIRECTION('center_axis',(-4.02158212363673E-16,0.984807753012208,
-0.17364817766693));
#8159=DIRECTION('ref_axis',(1.,4.02158212363673E-16,-3.51842845256725E-17));
#8160=DIRECTION('',(4.02158212363673E-16,-0.984807753012208,0.17364817766693));
#8161=DIRECTION('center_axis',(4.02158212363673E-16,-0.984807753012208,
0.17364817766693));
#8162=DIRECTION('ref_axis',(-1.,-4.02158212363673E-16,3.51842845256725E-17));
#8163=DIRECTION('center_axis',(4.02158212363673E-16,-0.984807753012208,
0.17364817766693));
#8164=DIRECTION('ref_axis',(1.,4.02158212363673E-16,-3.51842845256725E-17));
#8165=DIRECTION('center_axis',(4.02158212363673E-16,-0.984807753012208,
0.17364817766693));
#8166=DIRECTION('ref_axis',(1.,4.02158212363673E-16,-3.51842845256725E-17));
#8167=DIRECTION('center_axis',(-4.02158212363673E-16,0.984807753012208,
-0.17364817766693));
#8168=DIRECTION('ref_axis',(1.,4.02158212363673E-16,-3.51842845256725E-17));
#8169=DIRECTION('center_axis',(-4.02158212363673E-16,0.984807753012208,
-0.17364817766693));
#8170=DIRECTION('ref_axis',(1.,4.02158212363673E-16,-3.51842845256725E-17));
#8171=DIRECTION('center_axis',(-4.02158212363673E-16,0.984807753012208,
-0.17364817766693));
#8172=DIRECTION('ref_axis',(1.,4.02158212363673E-16,-3.51842845256725E-17));
#8173=DIRECTION('center_axis',(-4.02158212363673E-16,0.984807753012208,
-0.17364817766693));
#8174=DIRECTION('ref_axis',(1.,4.02158212363673E-16,-3.51842845256725E-17));
#8175=DIRECTION('',(4.02158212363673E-16,-0.984807753012208,0.17364817766693));
#8176=DIRECTION('center_axis',(-4.02158212363673E-16,0.984807753012208,
-0.17364817766693));
#8177=DIRECTION('ref_axis',(1.,4.02158212363673E-16,-3.51842845256725E-17));
#8178=DIRECTION('',(4.02158212363673E-16,-0.984807753012208,0.17364817766693));
#8179=DIRECTION('center_axis',(-4.02158212363673E-16,0.984807753012208,
-0.17364817766693));
#8180=DIRECTION('ref_axis',(1.,4.02158212363673E-16,-3.51842845256725E-17));
#8181=DIRECTION('center_axis',(-4.02158212363673E-16,0.984807753012208,
-0.17364817766693));
#8182=DIRECTION('ref_axis',(1.,4.02158212363673E-16,-3.51842845256725E-17));
#8183=DIRECTION('center_axis',(-4.02158212363673E-16,0.984807753012208,
-0.17364817766693));
#8184=DIRECTION('ref_axis',(1.,4.02158212363673E-16,-3.51842845256725E-17));
#8185=DIRECTION('center_axis',(-4.02158212363673E-16,0.984807753012208,
-0.17364817766693));
#8186=DIRECTION('ref_axis',(1.,4.02158212363673E-16,-3.51842845256725E-17));
#8187=DIRECTION('',(4.02158212363673E-16,-0.984807753012208,0.17364817766693));
#8188=DIRECTION('center_axis',(4.02158212363673E-16,-0.984807753012208,
0.17364817766693));
#8189=DIRECTION('ref_axis',(1.,4.02158212363673E-16,-3.51842845256725E-17));
#8190=DIRECTION('center_axis',(-4.02158212363673E-16,0.984807753012208,
-0.17364817766693));
#8191=DIRECTION('ref_axis',(1.,4.02158212363673E-16,-3.51842845256725E-17));
#8192=DIRECTION('',(4.02158212363673E-16,-0.984807753012208,0.17364817766693));
#8193=DIRECTION('center_axis',(4.02158212363673E-16,-0.984807753012208,
0.17364817766693));
#8194=DIRECTION('ref_axis',(-1.,-4.02158212363673E-16,3.51842845256725E-17));
#8195=DIRECTION('center_axis',(-4.02158212363673E-16,0.984807753012208,
-0.17364817766693));
#8196=DIRECTION('ref_axis',(1.,4.02158212363673E-16,-3.51842845256725E-17));
#8197=DIRECTION('center_axis',(0.,0.984807753012208,-0.17364817766693));
#8198=DIRECTION('ref_axis',(1.,0.,0.));
#8199=DIRECTION('center_axis',(-4.02158212363673E-16,0.984807753012208,
-0.17364817766693));
#8200=DIRECTION('ref_axis',(1.,0.,0.));
#8201=DIRECTION('',(0.,0.984807753012208,-0.17364817766693));
#8202=DIRECTION('center_axis',(4.02158212363673E-16,-0.984807753012208,
0.17364817766693));
#8203=DIRECTION('ref_axis',(1.,0.,0.));
#8204=DIRECTION('center_axis',(4.02158212363673E-16,-0.984807753012208,
0.17364817766693));
#8205=DIRECTION('ref_axis',(-1.,-4.02158212363673E-16,3.51842845256725E-17));
#8206=DIRECTION('center_axis',(4.02158212363673E-16,-0.984807753012208,
0.17364817766693));
#8207=DIRECTION('ref_axis',(1.,4.02158212363673E-16,-3.51842845256725E-17));
#8208=DIRECTION('center_axis',(4.02158212363673E-16,-0.984807753012208,
0.17364817766693));
#8209=DIRECTION('ref_axis',(1.,4.02158212363673E-16,-3.51842845256725E-17));
#8210=DIRECTION('center_axis',(-4.02158212363673E-16,0.984807753012208,
-0.17364817766693));
#8211=DIRECTION('ref_axis',(1.,4.02158212363673E-16,-3.51842845256725E-17));
#8212=DIRECTION('center_axis',(-4.02158212363673E-16,0.984807753012208,
-0.17364817766693));
#8213=DIRECTION('ref_axis',(1.,4.02158212363673E-16,-3.51842845256725E-17));
#8214=DIRECTION('',(4.02158212363673E-16,-0.984807753012208,0.17364817766693));
#8215=DIRECTION('center_axis',(4.02158212363673E-16,-0.984807753012208,
0.17364817766693));
#8216=DIRECTION('ref_axis',(-1.,-4.02158212363673E-16,3.51842845256725E-17));
#8217=DIRECTION('center_axis',(4.02158212363673E-16,-0.984807753012208,
0.17364817766693));
#8218=DIRECTION('ref_axis',(1.,4.02158212363673E-16,-3.51842845256725E-17));
#8219=DIRECTION('center_axis',(4.02158212363673E-16,-0.984807753012208,
0.17364817766693));
#8220=DIRECTION('ref_axis',(1.,4.02158212363673E-16,-3.51842845256725E-17));
#8221=DIRECTION('center_axis',(-4.02158212363673E-16,0.984807753012208,
-0.17364817766693));
#8222=DIRECTION('ref_axis',(1.,4.02158212363673E-16,-3.51842845256725E-17));
#8223=DIRECTION('center_axis',(-4.02158212363673E-16,0.984807753012208,
-0.17364817766693));
#8224=DIRECTION('ref_axis',(1.,4.02158212363673E-16,-3.51842845256725E-17));
#8225=DIRECTION('center_axis',(-4.02158212363673E-16,0.984807753012208,
-0.17364817766693));
#8226=DIRECTION('ref_axis',(1.,4.02158212363673E-16,-3.51842845256725E-17));
#8227=DIRECTION('center_axis',(-4.02158212363673E-16,0.984807753012208,
-0.17364817766693));
#8228=DIRECTION('ref_axis',(1.,4.02158212363673E-16,-3.51842845256725E-17));
#8229=DIRECTION('',(4.02158212363673E-16,-0.984807753012208,0.17364817766693));
#8230=DIRECTION('center_axis',(-4.02158212363673E-16,0.984807753012208,
-0.17364817766693));
#8231=DIRECTION('ref_axis',(1.,4.02158212363673E-16,-3.51842845256725E-17));
#8232=DIRECTION('',(4.02158212363673E-16,-0.984807753012208,0.17364817766693));
#8233=DIRECTION('center_axis',(-4.02158212363673E-16,0.984807753012208,
-0.17364817766693));
#8234=DIRECTION('ref_axis',(1.,4.02158212363673E-16,-3.51842845256725E-17));
#8235=DIRECTION('center_axis',(-4.02158212363673E-16,0.984807753012208,
-0.17364817766693));
#8236=DIRECTION('ref_axis',(1.,4.02158212363673E-16,-3.51842845256725E-17));
#8237=DIRECTION('center_axis',(-4.02158212363673E-16,0.984807753012208,
-0.17364817766693));
#8238=DIRECTION('ref_axis',(1.,4.02158212363673E-16,-3.51842845256725E-17));
#8239=DIRECTION('center_axis',(-4.02158212363673E-16,0.984807753012208,
-0.17364817766693));
#8240=DIRECTION('ref_axis',(1.,4.02158212363673E-16,-3.51842845256725E-17));
#8241=DIRECTION('',(4.02158212363673E-16,-0.984807753012208,0.17364817766693));
#8242=DIRECTION('center_axis',(4.02158212363673E-16,-0.984807753012208,
0.17364817766693));
#8243=DIRECTION('ref_axis',(1.,4.02158212363673E-16,-3.51842845256725E-17));
#8244=DIRECTION('center_axis',(-4.02158212363673E-16,0.984807753012208,
-0.17364817766693));
#8245=DIRECTION('ref_axis',(1.,4.02158212363673E-16,-3.51842845256725E-17));
#8246=DIRECTION('',(4.02158212363673E-16,-0.984807753012208,0.17364817766693));
#8247=DIRECTION('center_axis',(4.02158212363673E-16,-0.984807753012208,
0.17364817766693));
#8248=DIRECTION('ref_axis',(-1.,-4.02158212363673E-16,3.51842845256725E-17));
#8249=DIRECTION('center_axis',(-4.02158212363673E-16,0.984807753012208,
-0.17364817766693));
#8250=DIRECTION('ref_axis',(1.,4.02158212363673E-16,-3.51842845256725E-17));
#8251=DIRECTION('center_axis',(0.,0.984807753012208,-0.173648177666931));
#8252=DIRECTION('ref_axis',(1.,0.,0.));
#8253=DIRECTION('center_axis',(-4.02158212363673E-16,0.984807753012208,
-0.17364817766693));
#8254=DIRECTION('ref_axis',(1.,0.,0.));
#8255=DIRECTION('',(0.,0.984807753012208,-0.173648177666931));
#8256=DIRECTION('center_axis',(4.02158212363673E-16,-0.984807753012208,
0.17364817766693));
#8257=DIRECTION('ref_axis',(1.,0.,0.));
#8258=DIRECTION('center_axis',(4.02158212363673E-16,-0.984807753012208,
0.17364817766693));
#8259=DIRECTION('ref_axis',(-1.,-4.02158212363673E-16,3.51842845256725E-17));
#8260=DIRECTION('center_axis',(4.02158212363673E-16,-0.984807753012208,
0.17364817766693));
#8261=DIRECTION('ref_axis',(1.,4.02158212363673E-16,-3.51842845256725E-17));
#8262=DIRECTION('center_axis',(4.02158212363673E-16,-0.984807753012208,
0.17364817766693));
#8263=DIRECTION('ref_axis',(1.,4.02158212363673E-16,-3.51842845256725E-17));
#8264=DIRECTION('center_axis',(-4.02158212363673E-16,0.984807753012208,
-0.17364817766693));
#8265=DIRECTION('ref_axis',(1.,4.02158212363673E-16,-3.51842845256725E-17));
#8266=DIRECTION('center_axis',(-4.02158212363673E-16,0.984807753012208,
-0.17364817766693));
#8267=DIRECTION('ref_axis',(1.,4.02158212363673E-16,-3.51842845256725E-17));
#8268=DIRECTION('',(4.02158212363673E-16,-0.984807753012208,0.17364817766693));
#8269=DIRECTION('center_axis',(4.02158212363673E-16,-0.984807753012208,
0.17364817766693));
#8270=DIRECTION('ref_axis',(-1.,-4.02158212363673E-16,3.51842845256725E-17));
#8271=DIRECTION('center_axis',(4.02158212363673E-16,-0.984807753012208,
0.17364817766693));
#8272=DIRECTION('ref_axis',(1.,4.02158212363673E-16,-3.51842845256725E-17));
#8273=DIRECTION('center_axis',(4.02158212363673E-16,-0.984807753012208,
0.17364817766693));
#8274=DIRECTION('ref_axis',(1.,4.02158212363673E-16,-3.51842845256725E-17));
#8275=DIRECTION('center_axis',(-4.02158212363673E-16,0.984807753012208,
-0.17364817766693));
#8276=DIRECTION('ref_axis',(1.,4.02158212363673E-16,-3.51842845256725E-17));
#8277=DIRECTION('center_axis',(-4.02158212363673E-16,0.984807753012208,
-0.17364817766693));
#8278=DIRECTION('ref_axis',(1.,4.02158212363673E-16,-3.51842845256725E-17));
#8279=DIRECTION('center_axis',(-4.02158212363673E-16,0.984807753012208,
-0.17364817766693));
#8280=DIRECTION('ref_axis',(1.,4.02158212363673E-16,-3.51842845256725E-17));
#8281=DIRECTION('center_axis',(-4.02158212363673E-16,0.984807753012208,
-0.17364817766693));
#8282=DIRECTION('ref_axis',(1.,4.02158212363673E-16,-3.51842845256725E-17));
#8283=DIRECTION('',(4.02158212363673E-16,-0.984807753012208,0.17364817766693));
#8284=DIRECTION('center_axis',(-4.02158212363673E-16,0.984807753012208,
-0.17364817766693));
#8285=DIRECTION('ref_axis',(1.,4.02158212363673E-16,-3.51842845256725E-17));
#8286=DIRECTION('',(4.02158212363673E-16,-0.984807753012208,0.17364817766693));
#8287=DIRECTION('center_axis',(-4.02158212363673E-16,0.984807753012208,
-0.17364817766693));
#8288=DIRECTION('ref_axis',(1.,4.02158212363673E-16,-3.51842845256725E-17));
#8289=DIRECTION('center_axis',(-4.02158212363673E-16,0.984807753012208,
-0.17364817766693));
#8290=DIRECTION('ref_axis',(1.,4.02158212363673E-16,-3.51842845256725E-17));
#8291=DIRECTION('center_axis',(-4.02158212363673E-16,0.984807753012208,
-0.17364817766693));
#8292=DIRECTION('ref_axis',(1.,4.02158212363673E-16,-3.51842845256725E-17));
#8293=DIRECTION('center_axis',(-4.02158212363673E-16,0.984807753012208,
-0.17364817766693));
#8294=DIRECTION('ref_axis',(1.,4.02158212363673E-16,-3.51842845256725E-17));
#8295=DIRECTION('',(4.02158212363673E-16,-0.984807753012208,0.17364817766693));
#8296=DIRECTION('center_axis',(4.02158212363673E-16,-0.984807753012208,
0.17364817766693));
#8297=DIRECTION('ref_axis',(1.,4.02158212363673E-16,-3.51842845256725E-17));
#8298=DIRECTION('center_axis',(-4.02158212363673E-16,0.984807753012208,
-0.17364817766693));
#8299=DIRECTION('ref_axis',(1.,4.02158212363673E-16,-3.51842845256725E-17));
#8300=DIRECTION('',(4.02158212363673E-16,-0.984807753012208,0.17364817766693));
#8301=DIRECTION('center_axis',(4.02158212363673E-16,-0.984807753012208,
0.17364817766693));
#8302=DIRECTION('ref_axis',(-1.,-4.02158212363673E-16,3.51842845256725E-17));
#8303=DIRECTION('center_axis',(-4.02158212363673E-16,0.984807753012208,
-0.17364817766693));
#8304=DIRECTION('ref_axis',(1.,4.02158212363673E-16,-3.51842845256725E-17));
#8305=DIRECTION('center_axis',(0.,0.984807753012208,-0.17364817766693));
#8306=DIRECTION('ref_axis',(1.,0.,0.));
#8307=DIRECTION('center_axis',(-4.02158212363673E-16,0.984807753012208,
-0.17364817766693));
#8308=DIRECTION('ref_axis',(1.,0.,0.));
#8309=DIRECTION('',(0.,0.984807753012208,-0.17364817766693));
#8310=DIRECTION('center_axis',(4.02158212363673E-16,-0.984807753012208,
0.17364817766693));
#8311=DIRECTION('ref_axis',(1.,0.,0.));
#8312=DIRECTION('center_axis',(4.02158212363673E-16,-0.984807753012208,
0.17364817766693));
#8313=DIRECTION('ref_axis',(-1.,-4.02158212363673E-16,3.51842845256725E-17));
#8314=DIRECTION('center_axis',(4.02158212363673E-16,-0.984807753012208,
0.17364817766693));
#8315=DIRECTION('ref_axis',(1.,4.02158212363673E-16,-3.51842845256725E-17));
#8316=DIRECTION('center_axis',(4.02158212363673E-16,-0.984807753012208,
0.17364817766693));
#8317=DIRECTION('ref_axis',(1.,4.02158212363673E-16,-3.51842845256725E-17));
#8318=DIRECTION('center_axis',(-4.02158212363673E-16,0.984807753012208,
-0.17364817766693));
#8319=DIRECTION('ref_axis',(1.,4.02158212363673E-16,-3.51842845256725E-17));
#8320=DIRECTION('center_axis',(-4.02158212363673E-16,0.984807753012208,
-0.17364817766693));
#8321=DIRECTION('ref_axis',(1.,4.02158212363673E-16,-3.51842845256725E-17));
#8322=DIRECTION('',(4.02158212363673E-16,-0.984807753012208,0.17364817766693));
#8323=DIRECTION('center_axis',(4.02158212363673E-16,-0.984807753012208,
0.17364817766693));
#8324=DIRECTION('ref_axis',(-1.,-4.02158212363673E-16,3.51842845256725E-17));
#8325=DIRECTION('center_axis',(4.02158212363673E-16,-0.984807753012208,
0.17364817766693));
#8326=DIRECTION('ref_axis',(1.,4.02158212363673E-16,-3.51842845256725E-17));
#8327=DIRECTION('center_axis',(4.02158212363673E-16,-0.984807753012208,
0.17364817766693));
#8328=DIRECTION('ref_axis',(1.,4.02158212363673E-16,-3.51842845256725E-17));
#8329=DIRECTION('center_axis',(-4.02158212363673E-16,0.984807753012208,
-0.17364817766693));
#8330=DIRECTION('ref_axis',(1.,4.02158212363673E-16,-3.51842845256725E-17));
#8331=DIRECTION('center_axis',(-4.02158212363673E-16,0.984807753012208,
-0.17364817766693));
#8332=DIRECTION('ref_axis',(1.,4.02158212363673E-16,-3.51842845256725E-17));
#8333=DIRECTION('center_axis',(-4.02158212363673E-16,0.984807753012208,
-0.17364817766693));
#8334=DIRECTION('ref_axis',(1.,4.02158212363673E-16,-3.51842845256725E-17));
#8335=DIRECTION('center_axis',(-4.02158212363673E-16,0.984807753012208,
-0.17364817766693));
#8336=DIRECTION('ref_axis',(1.,4.02158212363673E-16,-3.51842845256725E-17));
#8337=DIRECTION('',(4.02158212363673E-16,-0.984807753012208,0.17364817766693));
#8338=DIRECTION('center_axis',(-4.02158212363673E-16,0.984807753012208,
-0.17364817766693));
#8339=DIRECTION('ref_axis',(1.,4.02158212363673E-16,-3.51842845256725E-17));
#8340=DIRECTION('',(4.02158212363673E-16,-0.984807753012208,0.17364817766693));
#8341=DIRECTION('center_axis',(-4.02158212363673E-16,0.984807753012208,
-0.17364817766693));
#8342=DIRECTION('ref_axis',(1.,4.02158212363673E-16,-3.51842845256725E-17));
#8343=DIRECTION('center_axis',(-4.02158212363673E-16,0.984807753012208,
-0.17364817766693));
#8344=DIRECTION('ref_axis',(1.,4.02158212363673E-16,-3.51842845256725E-17));
#8345=DIRECTION('center_axis',(-4.02158212363673E-16,0.984807753012208,
-0.17364817766693));
#8346=DIRECTION('ref_axis',(1.,4.02158212363673E-16,-3.51842845256725E-17));
#8347=DIRECTION('center_axis',(-4.02158212363673E-16,0.984807753012208,
-0.17364817766693));
#8348=DIRECTION('ref_axis',(1.,4.02158212363673E-16,-3.51842845256725E-17));
#8349=DIRECTION('',(4.02158212363673E-16,-0.984807753012208,0.17364817766693));
#8350=DIRECTION('center_axis',(4.02158212363673E-16,-0.984807753012208,
0.17364817766693));
#8351=DIRECTION('ref_axis',(1.,4.02158212363673E-16,-3.51842845256725E-17));
#8352=DIRECTION('center_axis',(-4.02158212363673E-16,0.984807753012208,
-0.17364817766693));
#8353=DIRECTION('ref_axis',(1.,4.02158212363673E-16,-3.51842845256725E-17));
#8354=DIRECTION('',(4.02158212363673E-16,-0.984807753012208,0.17364817766693));
#8355=DIRECTION('center_axis',(4.02158212363673E-16,-0.984807753012208,
0.17364817766693));
#8356=DIRECTION('ref_axis',(-1.,-4.02158212363673E-16,3.51842845256725E-17));
#8357=DIRECTION('center_axis',(-4.02158212363673E-16,0.984807753012208,
-0.17364817766693));
#8358=DIRECTION('ref_axis',(1.,4.02158212363673E-16,-3.51842845256725E-17));
#8359=DIRECTION('center_axis',(-4.02158212363673E-16,0.984807753012208,
-0.17364817766693));
#8360=DIRECTION('ref_axis',(1.,4.02158212363673E-16,-3.51842845256725E-17));
#8361=DIRECTION('center_axis',(-4.02158212363673E-16,0.984807753012208,
-0.17364817766693));
#8362=DIRECTION('ref_axis',(1.,4.02158212363673E-16,-3.51842845256725E-17));
#8363=DIRECTION('',(-4.02158212363673E-16,0.984807753012208,-0.17364817766693));
#8364=DIRECTION('center_axis',(4.02158212363673E-16,-0.984807753012208,
0.17364817766693));
#8365=DIRECTION('ref_axis',(1.,4.02158212363673E-16,-3.51842845256725E-17));
#8366=DIRECTION('center_axis',(4.02158212363673E-16,-0.984807753012208,
0.17364817766693));
#8367=DIRECTION('ref_axis',(-1.,-4.02158212363673E-16,3.51842845256725E-17));
#8368=DIRECTION('center_axis',(4.02158212363673E-16,-0.984807753012208,
0.17364817766693));
#8369=DIRECTION('ref_axis',(1.,4.02158212363673E-16,-3.51842845256725E-17));
#8370=DIRECTION('center_axis',(4.02158212363673E-16,-0.984807753012208,
0.17364817766693));
#8371=DIRECTION('ref_axis',(1.,4.02158212363673E-16,-3.51842845256725E-17));
#8372=DIRECTION('center_axis',(-4.02158212363673E-16,0.984807753012208,
-0.17364817766693));
#8373=DIRECTION('ref_axis',(1.,4.02158212363673E-16,-3.51842845256725E-17));
#8374=DIRECTION('center_axis',(-4.02158212363673E-16,0.984807753012208,
-0.17364817766693));
#8375=DIRECTION('ref_axis',(1.,4.02158212363673E-16,-3.51842845256725E-17));
#8376=DIRECTION('',(4.02158212363673E-16,-0.984807753012208,0.17364817766693));
#8377=DIRECTION('center_axis',(4.02158212363673E-16,-0.984807753012208,
0.17364817766693));
#8378=DIRECTION('ref_axis',(-1.,-4.02158212363673E-16,3.51842845256725E-17));
#8379=DIRECTION('center_axis',(4.02158212363673E-16,-0.984807753012208,
0.17364817766693));
#8380=DIRECTION('ref_axis',(1.,4.02158212363673E-16,-3.51842845256725E-17));
#8381=DIRECTION('center_axis',(4.02158212363673E-16,-0.984807753012208,
0.17364817766693));
#8382=DIRECTION('ref_axis',(1.,4.02158212363673E-16,-3.51842845256725E-17));
#8383=DIRECTION('center_axis',(-4.02158212363673E-16,0.984807753012208,
-0.17364817766693));
#8384=DIRECTION('ref_axis',(1.,4.02158212363673E-16,-3.51842845256725E-17));
#8385=DIRECTION('center_axis',(-4.02158212363673E-16,0.984807753012208,
-0.17364817766693));
#8386=DIRECTION('ref_axis',(1.,4.02158212363673E-16,-3.51842845256725E-17));
#8387=DIRECTION('center_axis',(-4.02158212363673E-16,0.984807753012208,
-0.17364817766693));
#8388=DIRECTION('ref_axis',(1.,4.02158212363673E-16,-3.51842845256725E-17));
#8389=DIRECTION('center_axis',(-4.02158212363673E-16,0.984807753012208,
-0.17364817766693));
#8390=DIRECTION('ref_axis',(1.,4.02158212363673E-16,-3.51842845256725E-17));
#8391=DIRECTION('',(4.02158212363673E-16,-0.984807753012208,0.17364817766693));
#8392=DIRECTION('center_axis',(-4.02158212363673E-16,0.984807753012208,
-0.17364817766693));
#8393=DIRECTION('ref_axis',(1.,4.02158212363673E-16,-3.51842845256725E-17));
#8394=DIRECTION('',(4.02158212363673E-16,-0.984807753012208,0.17364817766693));
#8395=DIRECTION('center_axis',(-4.02158212363673E-16,0.984807753012208,
-0.17364817766693));
#8396=DIRECTION('ref_axis',(1.,4.02158212363673E-16,-3.51842845256725E-17));
#8397=DIRECTION('center_axis',(-4.02158212363673E-16,0.984807753012208,
-0.17364817766693));
#8398=DIRECTION('ref_axis',(1.,4.02158212363673E-16,-3.51842845256725E-17));
#8399=DIRECTION('center_axis',(-4.02158212363673E-16,0.984807753012208,
-0.17364817766693));
#8400=DIRECTION('ref_axis',(1.,4.02158212363673E-16,-3.51842845256725E-17));
#8401=DIRECTION('center_axis',(-4.02158212363673E-16,0.984807753012208,
-0.17364817766693));
#8402=DIRECTION('ref_axis',(1.,4.02158212363673E-16,-3.51842845256725E-17));
#8403=DIRECTION('',(4.02158212363673E-16,-0.984807753012208,0.17364817766693));
#8404=DIRECTION('center_axis',(4.02158212363673E-16,-0.984807753012208,
0.17364817766693));
#8405=DIRECTION('ref_axis',(1.,4.02158212363673E-16,-3.51842845256725E-17));
#8406=DIRECTION('center_axis',(-4.02158212363673E-16,0.984807753012208,
-0.17364817766693));
#8407=DIRECTION('ref_axis',(1.,4.02158212363673E-16,-3.51842845256725E-17));
#8408=DIRECTION('',(4.02158212363673E-16,-0.984807753012208,0.17364817766693));
#8409=DIRECTION('center_axis',(4.02158212363673E-16,-0.984807753012208,
0.17364817766693));
#8410=DIRECTION('ref_axis',(-1.,-4.02158212363673E-16,3.51842845256725E-17));
#8411=DIRECTION('center_axis',(-4.02158212363673E-16,0.984807753012208,
-0.17364817766693));
#8412=DIRECTION('ref_axis',(1.,4.02158212363673E-16,-3.51842845256725E-17));
#8413=DIRECTION('center_axis',(-4.02158212363673E-16,0.984807753012208,
-0.17364817766693));
#8414=DIRECTION('ref_axis',(1.,4.02158212363673E-16,-3.51842845256725E-17));
#8415=DIRECTION('center_axis',(-4.02158212363673E-16,0.984807753012208,
-0.17364817766693));
#8416=DIRECTION('ref_axis',(1.,4.02158212363673E-16,-3.51842845256725E-17));
#8417=DIRECTION('',(-4.02158212363673E-16,0.984807753012208,-0.17364817766693));
#8418=DIRECTION('center_axis',(4.02158212363673E-16,-0.984807753012208,
0.17364817766693));
#8419=DIRECTION('ref_axis',(1.,4.02158212363673E-16,-3.51842845256725E-17));
#8420=DIRECTION('center_axis',(4.02158212363673E-16,-0.984807753012208,
0.17364817766693));
#8421=DIRECTION('ref_axis',(-1.,-4.02158212363673E-16,3.51842845256725E-17));
#8422=DIRECTION('center_axis',(4.02158212363673E-16,-0.984807753012208,
0.17364817766693));
#8423=DIRECTION('ref_axis',(1.,4.02158212363673E-16,-3.51842845256725E-17));
#8424=DIRECTION('center_axis',(4.02158212363673E-16,-0.984807753012208,
0.17364817766693));
#8425=DIRECTION('ref_axis',(1.,4.02158212363673E-16,-3.51842845256725E-17));
#8426=DIRECTION('center_axis',(-4.02158212363673E-16,0.984807753012208,
-0.17364817766693));
#8427=DIRECTION('ref_axis',(1.,4.02158212363673E-16,-3.51842845256725E-17));
#8428=DIRECTION('center_axis',(-4.02158212363673E-16,0.984807753012208,
-0.17364817766693));
#8429=DIRECTION('ref_axis',(1.,4.02158212363673E-16,-3.51842845256725E-17));
#8430=DIRECTION('',(4.02158212363673E-16,-0.984807753012208,0.17364817766693));
#8431=DIRECTION('center_axis',(4.02158212363673E-16,-0.984807753012208,
0.17364817766693));
#8432=DIRECTION('ref_axis',(-1.,-4.02158212363673E-16,3.51842845256725E-17));
#8433=DIRECTION('center_axis',(4.02158212363673E-16,-0.984807753012208,
0.17364817766693));
#8434=DIRECTION('ref_axis',(1.,4.02158212363673E-16,-3.51842845256725E-17));
#8435=DIRECTION('center_axis',(4.02158212363673E-16,-0.984807753012208,
0.17364817766693));
#8436=DIRECTION('ref_axis',(1.,4.02158212363673E-16,-3.51842845256725E-17));
#8437=DIRECTION('center_axis',(-4.02158212363673E-16,0.984807753012208,
-0.17364817766693));
#8438=DIRECTION('ref_axis',(1.,4.02158212363673E-16,-3.51842845256725E-17));
#8439=DIRECTION('center_axis',(-4.02158212363673E-16,0.984807753012208,
-0.17364817766693));
#8440=DIRECTION('ref_axis',(1.,4.02158212363673E-16,-3.51842845256725E-17));
#8441=DIRECTION('center_axis',(-4.02158212363673E-16,0.984807753012208,
-0.17364817766693));
#8442=DIRECTION('ref_axis',(1.,4.02158212363673E-16,-3.51842845256725E-17));
#8443=DIRECTION('center_axis',(-4.02158212363673E-16,0.984807753012208,
-0.17364817766693));
#8444=DIRECTION('ref_axis',(1.,4.02158212363673E-16,-3.51842845256725E-17));
#8445=DIRECTION('',(4.02158212363673E-16,-0.984807753012208,0.17364817766693));
#8446=DIRECTION('center_axis',(-4.02158212363673E-16,0.984807753012208,
-0.17364817766693));
#8447=DIRECTION('ref_axis',(1.,4.02158212363673E-16,-3.51842845256725E-17));
#8448=DIRECTION('',(4.02158212363673E-16,-0.984807753012208,0.17364817766693));
#8449=DIRECTION('center_axis',(-4.02158212363673E-16,0.984807753012208,
-0.17364817766693));
#8450=DIRECTION('ref_axis',(1.,4.02158212363673E-16,-3.51842845256725E-17));
#8451=DIRECTION('center_axis',(-4.02158212363673E-16,0.984807753012208,
-0.17364817766693));
#8452=DIRECTION('ref_axis',(1.,4.02158212363673E-16,-3.51842845256725E-17));
#8453=DIRECTION('center_axis',(-4.02158212363673E-16,0.984807753012208,
-0.17364817766693));
#8454=DIRECTION('ref_axis',(1.,4.02158212363673E-16,-3.51842845256725E-17));
#8455=DIRECTION('center_axis',(-4.02158212363673E-16,0.984807753012208,
-0.17364817766693));
#8456=DIRECTION('ref_axis',(1.,4.02158212363673E-16,-3.51842845256725E-17));
#8457=DIRECTION('',(4.02158212363673E-16,-0.984807753012208,0.17364817766693));
#8458=DIRECTION('center_axis',(4.02158212363673E-16,-0.984807753012208,
0.17364817766693));
#8459=DIRECTION('ref_axis',(1.,4.02158212363673E-16,-3.51842845256725E-17));
#8460=DIRECTION('center_axis',(-4.02158212363673E-16,0.984807753012208,
-0.17364817766693));
#8461=DIRECTION('ref_axis',(1.,4.02158212363673E-16,-3.51842845256725E-17));
#8462=DIRECTION('',(4.02158212363673E-16,-0.984807753012208,0.17364817766693));
#8463=DIRECTION('center_axis',(4.02158212363673E-16,-0.984807753012208,
0.17364817766693));
#8464=DIRECTION('ref_axis',(-1.,-4.02158212363673E-16,3.51842845256725E-17));
#8465=DIRECTION('center_axis',(-4.02158212363673E-16,0.984807753012208,
-0.17364817766693));
#8466=DIRECTION('ref_axis',(1.,4.02158212363673E-16,-3.51842845256725E-17));
#8467=DIRECTION('center_axis',(-4.02158212363673E-16,0.984807753012208,
-0.17364817766693));
#8468=DIRECTION('ref_axis',(1.,4.02158212363673E-16,-3.51842845256725E-17));
#8469=DIRECTION('center_axis',(-4.02158212363673E-16,0.984807753012208,
-0.17364817766693));
#8470=DIRECTION('ref_axis',(1.,4.02158212363673E-16,-3.51842845256725E-17));
#8471=DIRECTION('',(-4.02158212363673E-16,0.984807753012208,-0.17364817766693));
#8472=DIRECTION('center_axis',(4.02158212363673E-16,-0.984807753012208,
0.17364817766693));
#8473=DIRECTION('ref_axis',(1.,4.02158212363673E-16,-3.51842845256725E-17));
#8474=DIRECTION('center_axis',(4.02158212363673E-16,-0.984807753012208,
0.17364817766693));
#8475=DIRECTION('ref_axis',(-1.,-4.02158212363673E-16,3.51842845256725E-17));
#8476=DIRECTION('center_axis',(4.02158212363673E-16,-0.984807753012208,
0.17364817766693));
#8477=DIRECTION('ref_axis',(1.,4.02158212363673E-16,-3.51842845256725E-17));
#8478=DIRECTION('center_axis',(4.02158212363673E-16,-0.984807753012208,
0.17364817766693));
#8479=DIRECTION('ref_axis',(1.,4.02158212363673E-16,-3.51842845256725E-17));
#8480=DIRECTION('center_axis',(-4.02158212363673E-16,0.984807753012208,
-0.17364817766693));
#8481=DIRECTION('ref_axis',(1.,4.02158212363673E-16,-3.51842845256725E-17));
#8482=DIRECTION('center_axis',(-4.02158212363673E-16,0.984807753012208,
-0.17364817766693));
#8483=DIRECTION('ref_axis',(1.,4.02158212363673E-16,-3.51842845256725E-17));
#8484=DIRECTION('',(4.02158212363673E-16,-0.984807753012208,0.17364817766693));
#8485=DIRECTION('center_axis',(4.02158212363673E-16,-0.984807753012208,
0.17364817766693));
#8486=DIRECTION('ref_axis',(-1.,-4.02158212363673E-16,3.51842845256725E-17));
#8487=DIRECTION('center_axis',(4.02158212363673E-16,-0.984807753012208,
0.17364817766693));
#8488=DIRECTION('ref_axis',(1.,4.02158212363673E-16,-3.51842845256725E-17));
#8489=DIRECTION('center_axis',(4.02158212363673E-16,-0.984807753012208,
0.17364817766693));
#8490=DIRECTION('ref_axis',(1.,4.02158212363673E-16,-3.51842845256725E-17));
#8491=DIRECTION('center_axis',(-4.02158212363673E-16,0.984807753012208,
-0.17364817766693));
#8492=DIRECTION('ref_axis',(1.,4.02158212363673E-16,-3.51842845256725E-17));
#8493=DIRECTION('center_axis',(-4.02158212363673E-16,0.984807753012208,
-0.17364817766693));
#8494=DIRECTION('ref_axis',(1.,4.02158212363673E-16,-3.51842845256725E-17));
#8495=DIRECTION('center_axis',(-4.02158212363673E-16,0.984807753012208,
-0.17364817766693));
#8496=DIRECTION('ref_axis',(1.,4.02158212363673E-16,-3.51842845256725E-17));
#8497=DIRECTION('center_axis',(-4.02158212363673E-16,0.984807753012208,
-0.17364817766693));
#8498=DIRECTION('ref_axis',(1.,4.02158212363673E-16,-3.51842845256725E-17));
#8499=DIRECTION('',(4.02158212363673E-16,-0.984807753012208,0.17364817766693));
#8500=DIRECTION('center_axis',(-4.02158212363673E-16,0.984807753012208,
-0.17364817766693));
#8501=DIRECTION('ref_axis',(1.,4.02158212363673E-16,-3.51842845256725E-17));
#8502=DIRECTION('',(4.02158212363673E-16,-0.984807753012208,0.17364817766693));
#8503=DIRECTION('center_axis',(-4.02158212363673E-16,0.984807753012208,
-0.17364817766693));
#8504=DIRECTION('ref_axis',(1.,4.02158212363673E-16,-3.51842845256725E-17));
#8505=DIRECTION('center_axis',(-4.02158212363673E-16,0.984807753012208,
-0.17364817766693));
#8506=DIRECTION('ref_axis',(1.,4.02158212363673E-16,-3.51842845256725E-17));
#8507=DIRECTION('center_axis',(-4.02158212363673E-16,0.984807753012208,
-0.17364817766693));
#8508=DIRECTION('ref_axis',(1.,4.02158212363673E-16,-3.51842845256725E-17));
#8509=DIRECTION('center_axis',(-4.02158212363673E-16,0.984807753012208,
-0.17364817766693));
#8510=DIRECTION('ref_axis',(1.,4.02158212363673E-16,-3.51842845256725E-17));
#8511=DIRECTION('',(4.02158212363673E-16,-0.984807753012208,0.17364817766693));
#8512=DIRECTION('center_axis',(4.02158212363673E-16,-0.984807753012208,
0.17364817766693));
#8513=DIRECTION('ref_axis',(1.,4.02158212363673E-16,-3.51842845256725E-17));
#8514=DIRECTION('center_axis',(-4.02158212363673E-16,0.984807753012208,
-0.17364817766693));
#8515=DIRECTION('ref_axis',(1.,4.02158212363673E-16,-3.51842845256725E-17));
#8516=DIRECTION('',(4.02158212363673E-16,-0.984807753012208,0.17364817766693));
#8517=DIRECTION('center_axis',(4.02158212363673E-16,-0.984807753012208,
0.17364817766693));
#8518=DIRECTION('ref_axis',(-1.,-4.02158212363673E-16,3.51842845256725E-17));
#8519=DIRECTION('center_axis',(-4.02158212363673E-16,0.984807753012208,
-0.17364817766693));
#8520=DIRECTION('ref_axis',(1.,4.02158212363673E-16,-3.51842845256725E-17));
#8521=DIRECTION('center_axis',(-4.02158212363673E-16,0.984807753012208,
-0.17364817766693));
#8522=DIRECTION('ref_axis',(1.,4.02158212363673E-16,-3.51842845256725E-17));
#8523=DIRECTION('center_axis',(-4.02158212363673E-16,0.984807753012208,
-0.17364817766693));
#8524=DIRECTION('ref_axis',(1.,4.02158212363673E-16,-3.51842845256725E-17));
#8525=DIRECTION('',(-4.02158212363673E-16,0.984807753012208,-0.17364817766693));
#8526=DIRECTION('center_axis',(4.02158212363673E-16,-0.984807753012208,
0.17364817766693));
#8527=DIRECTION('ref_axis',(1.,4.02158212363673E-16,-3.51842845256725E-17));
#8528=DIRECTION('center_axis',(4.02158212363673E-16,-0.984807753012208,
0.17364817766693));
#8529=DIRECTION('ref_axis',(-1.,-4.02158212363673E-16,3.51842845256725E-17));
#8530=DIRECTION('center_axis',(4.02158212363673E-16,-0.984807753012208,
0.17364817766693));
#8531=DIRECTION('ref_axis',(1.,4.02158212363673E-16,-3.51842845256725E-17));
#8532=DIRECTION('center_axis',(4.02158212363673E-16,-0.984807753012208,
0.17364817766693));
#8533=DIRECTION('ref_axis',(1.,4.02158212363673E-16,-3.51842845256725E-17));
#8534=DIRECTION('center_axis',(-4.02158212363673E-16,0.984807753012208,
-0.17364817766693));
#8535=DIRECTION('ref_axis',(1.,4.02158212363673E-16,-3.51842845256725E-17));
#8536=DIRECTION('center_axis',(-4.02158212363673E-16,0.984807753012208,
-0.17364817766693));
#8537=DIRECTION('ref_axis',(1.,4.02158212363673E-16,-3.51842845256725E-17));
#8538=DIRECTION('',(4.02158212363673E-16,-0.984807753012208,0.17364817766693));
#8539=DIRECTION('center_axis',(4.02158212363673E-16,-0.984807753012208,
0.17364817766693));
#8540=DIRECTION('ref_axis',(-1.,-4.02158212363673E-16,3.51842845256725E-17));
#8541=DIRECTION('center_axis',(4.02158212363673E-16,-0.984807753012208,
0.17364817766693));
#8542=DIRECTION('ref_axis',(1.,4.02158212363673E-16,-3.51842845256725E-17));
#8543=DIRECTION('center_axis',(4.02158212363673E-16,-0.984807753012208,
0.17364817766693));
#8544=DIRECTION('ref_axis',(1.,4.02158212363673E-16,-3.51842845256725E-17));
#8545=DIRECTION('center_axis',(-4.02158212363673E-16,0.984807753012208,
-0.17364817766693));
#8546=DIRECTION('ref_axis',(1.,4.02158212363673E-16,-3.51842845256725E-17));
#8547=DIRECTION('center_axis',(-4.02158212363673E-16,0.984807753012208,
-0.17364817766693));
#8548=DIRECTION('ref_axis',(1.,4.02158212363673E-16,-3.51842845256725E-17));
#8549=DIRECTION('center_axis',(-4.02158212363673E-16,0.984807753012208,
-0.17364817766693));
#8550=DIRECTION('ref_axis',(1.,4.02158212363673E-16,-3.51842845256725E-17));
#8551=DIRECTION('center_axis',(-4.02158212363673E-16,0.984807753012208,
-0.17364817766693));
#8552=DIRECTION('ref_axis',(1.,4.02158212363673E-16,-3.51842845256725E-17));
#8553=DIRECTION('',(4.02158212363673E-16,-0.984807753012208,0.17364817766693));
#8554=DIRECTION('center_axis',(-4.02158212363673E-16,0.984807753012208,
-0.17364817766693));
#8555=DIRECTION('ref_axis',(1.,4.02158212363673E-16,-3.51842845256725E-17));
#8556=DIRECTION('',(4.02158212363673E-16,-0.984807753012208,0.17364817766693));
#8557=DIRECTION('center_axis',(-4.02158212363673E-16,0.984807753012208,
-0.17364817766693));
#8558=DIRECTION('ref_axis',(1.,4.02158212363673E-16,-3.51842845256725E-17));
#8559=DIRECTION('center_axis',(-4.02158212363673E-16,0.984807753012208,
-0.17364817766693));
#8560=DIRECTION('ref_axis',(1.,4.02158212363673E-16,-3.51842845256725E-17));
#8561=DIRECTION('center_axis',(-4.02158212363673E-16,0.984807753012208,
-0.17364817766693));
#8562=DIRECTION('ref_axis',(1.,4.02158212363673E-16,-3.51842845256725E-17));
#8563=DIRECTION('center_axis',(-4.02158212363673E-16,0.984807753012208,
-0.17364817766693));
#8564=DIRECTION('ref_axis',(1.,4.02158212363673E-16,-3.51842845256725E-17));
#8565=DIRECTION('',(4.02158212363673E-16,-0.984807753012208,0.17364817766693));
#8566=DIRECTION('center_axis',(4.02158212363673E-16,-0.984807753012208,
0.17364817766693));
#8567=DIRECTION('ref_axis',(1.,4.02158212363673E-16,-3.51842845256725E-17));
#8568=DIRECTION('center_axis',(-4.02158212363673E-16,0.984807753012208,
-0.17364817766693));
#8569=DIRECTION('ref_axis',(1.,4.02158212363673E-16,-3.51842845256725E-17));
#8570=DIRECTION('',(4.02158212363673E-16,-0.984807753012208,0.17364817766693));
#8571=DIRECTION('center_axis',(4.02158212363673E-16,-0.984807753012208,
0.17364817766693));
#8572=DIRECTION('ref_axis',(-1.,-4.02158212363673E-16,3.51842845256725E-17));
#8573=DIRECTION('center_axis',(-4.02158212363673E-16,0.984807753012208,
-0.17364817766693));
#8574=DIRECTION('ref_axis',(1.,4.02158212363673E-16,-3.51842845256725E-17));
#8575=CARTESIAN_POINT('',(0.,0.,0.));
#8576=CARTESIAN_POINT('Origin',(28.,173.266177140354,71.1047668142097));
#8577=CARTESIAN_POINT('',(26.46,170.396177140354,71.1047674394585));
#8578=CARTESIAN_POINT('Origin',(28.,170.396177140354,71.1047674394585));
#8579=CARTESIAN_POINT('',(26.46,176.136177140354,71.104766188961));
#8580=CARTESIAN_POINT('',(26.46,173.266177140354,71.1047668142097));
#8581=CARTESIAN_POINT('Origin',(28.,176.136177140354,71.104766188961));
#8582=CARTESIAN_POINT('Origin',(28.,175.136177140354,71.1047664068177));
#8583=CARTESIAN_POINT('',(25.725,175.136177140354,71.1047664068177));
#8584=CARTESIAN_POINT('Origin',(28.,175.136177140354,71.1047664068177));
#8585=CARTESIAN_POINT('',(26.07,175.136177140354,71.1047664068177));
#8586=CARTESIAN_POINT('Origin',(28.,175.136177140354,71.1047664068177));
#8587=CARTESIAN_POINT('Origin',(28.,175.636177140354,71.1047662978893));
#8588=CARTESIAN_POINT('',(25.725,176.136177140354,71.104766188961));
#8589=CARTESIAN_POINT('Origin',(28.,176.136177140354,71.104766188961));
#8590=CARTESIAN_POINT('',(25.725,175.636177140354,71.1047662978893));
#8591=CARTESIAN_POINT('Origin',(28.,172.646177140354,71.1047669492808));
#8592=CARTESIAN_POINT('',(25.725,172.646177140354,71.1047669492809));
#8593=CARTESIAN_POINT('Origin',(28.,172.646177140354,71.1047669492808));
#8594=CARTESIAN_POINT('',(26.07,172.646177140354,71.1047669492808));
#8595=CARTESIAN_POINT('Origin',(28.,172.646177140354,71.1047669492808));
#8596=CARTESIAN_POINT('Origin',(28.,173.646177140354,71.1047667314242));
#8597=CARTESIAN_POINT('',(25.725,173.646177140354,71.1047667314242));
#8598=CARTESIAN_POINT('Origin',(28.,173.646177140354,71.1047667314242));
#8599=CARTESIAN_POINT('',(26.07,173.646177140354,71.1047667314242));
#8600=CARTESIAN_POINT('Origin',(28.,173.646177140354,71.1047667314242));
#8601=CARTESIAN_POINT('Origin',(28.,173.146177140354,71.1047668403525));
#8602=CARTESIAN_POINT('',(25.725,173.146177140354,71.1047668403525));
#8603=CARTESIAN_POINT('Origin',(28.,173.266177140354,71.1047668142097));
#8604=CARTESIAN_POINT('',(26.07,173.266177140354,71.1047668142097));
#8605=CARTESIAN_POINT('Origin',(28.,171.396177140354,71.1047672216018));
#8606=CARTESIAN_POINT('',(25.725,171.396177140354,71.1047672216018));
#8607=CARTESIAN_POINT('Origin',(28.,171.396177140354,71.1047672216018));
#8608=CARTESIAN_POINT('',(26.07,171.396177140354,71.1047672216018));
#8609=CARTESIAN_POINT('Origin',(28.,171.396177140354,71.1047672216018));
#8610=CARTESIAN_POINT('Origin',(28.,170.896177140354,71.1047673305301));
#8611=CARTESIAN_POINT('',(25.725,170.396177140354,71.1047674394585));
#8612=CARTESIAN_POINT('',(25.725,170.896177140354,71.1047673305301));
#8613=CARTESIAN_POINT('Origin',(28.,170.396177140354,71.1047674394585));
#8614=CARTESIAN_POINT('Origin',(28.,173.266177140354,71.1047668142097));
#8615=CARTESIAN_POINT('',(26.07,173.266177140354,71.1047668142097));
#8616=CARTESIAN_POINT('Origin',(28.,170.396177140354,71.1047674394585));
#8617=CARTESIAN_POINT('Origin',(28.,176.136177140354,71.104766188961));
#8618=CARTESIAN_POINT('Origin',(66.1,173.266177140354,71.1047668142097));
#8619=CARTESIAN_POINT('',(64.56,170.396177140354,71.1047674394585));
#8620=CARTESIAN_POINT('Origin',(66.1,170.396177140354,71.1047674394585));
#8621=CARTESIAN_POINT('',(64.56,176.136177140354,71.104766188961));
#8622=CARTESIAN_POINT('',(64.56,173.266177140354,71.1047668142097));
#8623=CARTESIAN_POINT('Origin',(66.1,176.136177140354,71.104766188961));
#8624=CARTESIAN_POINT('Origin',(66.1,175.136177140354,71.1047664068177));
#8625=CARTESIAN_POINT('',(63.825,175.136177140354,71.1047664068177));
#8626=CARTESIAN_POINT('Origin',(66.1,175.136177140354,71.1047664068177));
#8627=CARTESIAN_POINT('',(64.17,175.136177140354,71.1047664068177));
#8628=CARTESIAN_POINT('Origin',(66.1,175.136177140354,71.1047664068177));
#8629=CARTESIAN_POINT('Origin',(66.1,175.636177140354,71.1047662978893));
#8630=CARTESIAN_POINT('',(63.825,176.136177140354,71.104766188961));
#8631=CARTESIAN_POINT('Origin',(66.1,176.136177140354,71.104766188961));
#8632=CARTESIAN_POINT('',(63.825,175.636177140354,71.1047662978893));
#8633=CARTESIAN_POINT('Origin',(66.1,172.646177140354,71.1047669492808));
#8634=CARTESIAN_POINT('',(63.825,172.646177140354,71.1047669492809));
#8635=CARTESIAN_POINT('Origin',(66.1,172.646177140354,71.1047669492808));
#8636=CARTESIAN_POINT('',(64.17,172.646177140354,71.1047669492808));
#8637=CARTESIAN_POINT('Origin',(66.1,172.646177140354,71.1047669492808));
#8638=CARTESIAN_POINT('Origin',(66.1,173.646177140354,71.1047667314242));
#8639=CARTESIAN_POINT('',(63.825,173.646177140354,71.1047667314242));
#8640=CARTESIAN_POINT('Origin',(66.1,173.646177140354,71.1047667314242));
#8641=CARTESIAN_POINT('',(64.17,173.646177140354,71.1047667314242));
#8642=CARTESIAN_POINT('Origin',(66.1,173.646177140354,71.1047667314242));
#8643=CARTESIAN_POINT('Origin',(66.1,173.146177140354,71.1047668403525));
#8644=CARTESIAN_POINT('',(63.825,173.146177140354,71.1047668403525));
#8645=CARTESIAN_POINT('Origin',(66.1,173.266177140354,71.1047668142097));
#8646=CARTESIAN_POINT('',(64.17,173.266177140354,71.1047668142097));
#8647=CARTESIAN_POINT('Origin',(66.1,171.396177140354,71.1047672216018));
#8648=CARTESIAN_POINT('',(63.825,171.396177140354,71.1047672216018));
#8649=CARTESIAN_POINT('Origin',(66.1,171.396177140354,71.1047672216018));
#8650=CARTESIAN_POINT('',(64.17,171.396177140354,71.1047672216018));
#8651=CARTESIAN_POINT('Origin',(66.1,171.396177140354,71.1047672216018));
#8652=CARTESIAN_POINT('Origin',(66.1,170.896177140354,71.1047673305301));
#8653=CARTESIAN_POINT('',(63.825,170.396177140354,71.1047674394585));
#8654=CARTESIAN_POINT('',(63.825,170.896177140354,71.1047673305301));
#8655=CARTESIAN_POINT('Origin',(66.1,170.396177140354,71.1047674394585));
#8656=CARTESIAN_POINT('Origin',(66.1,173.266177140354,71.1047668142097));
#8657=CARTESIAN_POINT('',(64.17,173.266177140354,71.1047668142097));
#8658=CARTESIAN_POINT('Origin',(66.1,170.396177140354,71.1047674394585));
#8659=CARTESIAN_POINT('Origin',(66.1,176.136177140354,71.104766188961));
#8660=CARTESIAN_POINT('Origin',(90.38,198.833823304713,4.39698083578875));
#8661=CARTESIAN_POINT('',(87.51,197.563421303327,4.62098698497908));
#8662=CARTESIAN_POINT('Origin',(87.51,198.833823304713,4.39698083578875));
#8663=CARTESIAN_POINT('',(93.25,197.563421303327,4.62098698497908));
#8664=CARTESIAN_POINT('',(90.38,197.563421303327,4.62098698497909));
#8665=CARTESIAN_POINT('Origin',(93.25,198.833823304713,4.39698083578875));
#8666=CARTESIAN_POINT('Origin',(92.25,198.833823304713,4.39698083578875));
#8667=CARTESIAN_POINT('',(92.25,196.59338566661,4.79203043998102));
#8668=CARTESIAN_POINT('Origin',(92.25,198.833823304713,4.39698083578875));
#8669=CARTESIAN_POINT('',(92.25,196.933144341399,4.73212181868593));
#8670=CARTESIAN_POINT('Origin',(92.25,198.833823304713,4.39698083578875));
#8671=CARTESIAN_POINT('Origin',(92.75,198.833823304713,4.39698083578875));
#8672=CARTESIAN_POINT('',(93.25,196.59338566661,4.79203043998102));
#8673=CARTESIAN_POINT('Origin',(93.25,198.833823304713,4.39698083578875));
#8674=CARTESIAN_POINT('',(92.75,196.59338566661,4.79203043998102));
#8675=CARTESIAN_POINT('Origin',(89.76,198.833823304713,4.39698083578875));
#8676=CARTESIAN_POINT('',(89.76,196.59338566661,4.79203043998102));
#8677=CARTESIAN_POINT('Origin',(89.76,198.833823304713,4.39698083578875));
#8678=CARTESIAN_POINT('',(89.76,196.933144341399,4.73212181868593));
#8679=CARTESIAN_POINT('Origin',(89.76,198.833823304713,4.39698083578875));
#8680=CARTESIAN_POINT('Origin',(90.76,198.833823304713,4.39698083578875));
#8681=CARTESIAN_POINT('',(90.76,196.59338566661,4.79203043998102));
#8682=CARTESIAN_POINT('Origin',(90.76,198.833823304713,4.39698083578875));
#8683=CARTESIAN_POINT('',(90.76,196.933144341399,4.73212181868593));
#8684=CARTESIAN_POINT('Origin',(90.76,198.833823304713,4.39698083578875));
#8685=CARTESIAN_POINT('Origin',(90.26,198.833823304713,4.39698083578875));
#8686=CARTESIAN_POINT('',(90.26,196.59338566661,4.79203043998102));
#8687=CARTESIAN_POINT('Origin',(90.38,198.833823304713,4.39698083578875));
#8688=CARTESIAN_POINT('',(90.38,196.933144341399,4.73212181868593));
#8689=CARTESIAN_POINT('Origin',(88.51,198.833823304713,4.39698083578875));
#8690=CARTESIAN_POINT('',(88.51,196.59338566661,4.79203043998102));
#8691=CARTESIAN_POINT('Origin',(88.51,198.833823304713,4.39698083578875));
#8692=CARTESIAN_POINT('',(88.51,196.933144341399,4.73212181868593));
#8693=CARTESIAN_POINT('Origin',(88.51,198.833823304713,4.39698083578875));
#8694=CARTESIAN_POINT('Origin',(88.01,198.833823304713,4.39698083578875));
#8695=CARTESIAN_POINT('',(87.51,196.59338566661,4.79203043998102));
#8696=CARTESIAN_POINT('',(88.01,196.59338566661,4.79203043998102));
#8697=CARTESIAN_POINT('Origin',(87.51,198.833823304713,4.39698083578875));
#8698=CARTESIAN_POINT('Origin',(90.38,198.833823304713,4.39698083578875));
#8699=CARTESIAN_POINT('',(90.38,196.933144341399,4.73212181868593));
#8700=CARTESIAN_POINT('Origin',(87.51,198.833823304713,4.39698083578875));
#8701=CARTESIAN_POINT('Origin',(93.25,198.833823304713,4.39698083578875));
#8702=CARTESIAN_POINT('Origin',(90.38,186.326764841458,6.60231269215878));
#8703=CARTESIAN_POINT('',(87.51,185.056362840072,6.8263188413491));
#8704=CARTESIAN_POINT('Origin',(87.51,186.326764841458,6.60231269215878));
#8705=CARTESIAN_POINT('',(93.25,185.056362840072,6.8263188413491));
#8706=CARTESIAN_POINT('',(90.38,185.056362840072,6.82631884134912));
#8707=CARTESIAN_POINT('Origin',(93.25,186.326764841458,6.60231269215878));
#8708=CARTESIAN_POINT('Origin',(92.25,186.326764841458,6.60231269215878));
#8709=CARTESIAN_POINT('',(92.25,184.086327203355,6.99736229635104));
#8710=CARTESIAN_POINT('Origin',(92.25,186.326764841458,6.60231269215878));
#8711=CARTESIAN_POINT('',(92.25,184.426085878144,6.93745367505596));
#8712=CARTESIAN_POINT('Origin',(92.25,186.326764841458,6.60231269215878));
#8713=CARTESIAN_POINT('Origin',(92.75,186.326764841458,6.60231269215878));
#8714=CARTESIAN_POINT('',(93.25,184.086327203355,6.99736229635104));
#8715=CARTESIAN_POINT('Origin',(93.25,186.326764841458,6.60231269215878));
#8716=CARTESIAN_POINT('',(92.75,184.086327203355,6.99736229635104));
#8717=CARTESIAN_POINT('Origin',(89.76,186.326764841458,6.60231269215878));
#8718=CARTESIAN_POINT('',(89.76,184.086327203355,6.99736229635104));
#8719=CARTESIAN_POINT('Origin',(89.76,186.326764841458,6.60231269215878));
#8720=CARTESIAN_POINT('',(89.76,184.426085878144,6.93745367505596));
#8721=CARTESIAN_POINT('Origin',(89.76,186.326764841458,6.60231269215878));
#8722=CARTESIAN_POINT('Origin',(90.76,186.326764841458,6.60231269215878));
#8723=CARTESIAN_POINT('',(90.76,184.086327203355,6.99736229635104));
#8724=CARTESIAN_POINT('Origin',(90.76,186.326764841458,6.60231269215878));
#8725=CARTESIAN_POINT('',(90.76,184.426085878144,6.93745367505596));
#8726=CARTESIAN_POINT('Origin',(90.76,186.326764841458,6.60231269215878));
#8727=CARTESIAN_POINT('Origin',(90.26,186.326764841458,6.60231269215878));
#8728=CARTESIAN_POINT('',(90.26,184.086327203355,6.99736229635104));
#8729=CARTESIAN_POINT('Origin',(90.38,186.326764841458,6.60231269215878));
#8730=CARTESIAN_POINT('',(90.38,184.426085878144,6.93745367505595));
#8731=CARTESIAN_POINT('Origin',(88.51,186.326764841458,6.60231269215878));
#8732=CARTESIAN_POINT('',(88.51,184.086327203355,6.99736229635104));
#8733=CARTESIAN_POINT('Origin',(88.51,186.326764841458,6.60231269215878));
#8734=CARTESIAN_POINT('',(88.51,184.426085878144,6.93745367505596));
#8735=CARTESIAN_POINT('Origin',(88.51,186.326764841458,6.60231269215878));
#8736=CARTESIAN_POINT('Origin',(88.01,186.326764841458,6.60231269215878));
#8737=CARTESIAN_POINT('',(87.51,184.086327203355,6.99736229635104));
#8738=CARTESIAN_POINT('',(88.01,184.086327203355,6.99736229635104));
#8739=CARTESIAN_POINT('Origin',(87.51,186.326764841458,6.60231269215878));
#8740=CARTESIAN_POINT('Origin',(90.38,186.326764841458,6.60231269215878));
#8741=CARTESIAN_POINT('',(90.38,184.426085878144,6.93745367505595));
#8742=CARTESIAN_POINT('Origin',(87.51,186.326764841458,6.60231269215878));
#8743=CARTESIAN_POINT('Origin',(93.25,186.326764841458,6.60231269215878));
#8744=CARTESIAN_POINT('Origin',(90.38,202.362354274905,24.4082743769968));
#8745=CARTESIAN_POINT('',(87.51,201.091952273519,24.6322805261871));
#8746=CARTESIAN_POINT('Origin',(87.51,202.362354274905,24.4082743769968));
#8747=CARTESIAN_POINT('',(93.25,201.091952273519,24.6322805261871));
#8748=CARTESIAN_POINT('',(90.38,201.091952273519,24.6322805261872));
#8749=CARTESIAN_POINT('Origin',(93.25,202.362354274905,24.4082743769968));
#8750=CARTESIAN_POINT('Origin',(92.25,202.362354274905,24.4082743769968));
#8751=CARTESIAN_POINT('',(92.25,200.121916636802,24.8033239811891));
#8752=CARTESIAN_POINT('Origin',(92.25,202.362354274905,24.4082743769968));
#8753=CARTESIAN_POINT('',(92.25,200.461675311591,24.743415359894));
#8754=CARTESIAN_POINT('Origin',(92.25,202.362354274905,24.4082743769968));
#8755=CARTESIAN_POINT('Origin',(92.75,202.362354274905,24.4082743769968));
#8756=CARTESIAN_POINT('',(93.25,200.121916636802,24.8033239811891));
#8757=CARTESIAN_POINT('Origin',(93.25,202.362354274905,24.4082743769968));
#8758=CARTESIAN_POINT('',(92.75,200.121916636802,24.8033239811891));
#8759=CARTESIAN_POINT('Origin',(89.76,202.362354274905,24.4082743769968));
#8760=CARTESIAN_POINT('',(89.76,200.121916636802,24.8033239811891));
#8761=CARTESIAN_POINT('Origin',(89.76,202.362354274905,24.4082743769968));
#8762=CARTESIAN_POINT('',(89.76,200.461675311591,24.743415359894));
#8763=CARTESIAN_POINT('Origin',(89.76,202.362354274905,24.4082743769968));
#8764=CARTESIAN_POINT('Origin',(90.76,202.362354274905,24.4082743769968));
#8765=CARTESIAN_POINT('',(90.76,200.121916636802,24.8033239811891));
#8766=CARTESIAN_POINT('Origin',(90.76,202.362354274905,24.4082743769968));
#8767=CARTESIAN_POINT('',(90.76,200.461675311591,24.743415359894));
#8768=CARTESIAN_POINT('Origin',(90.76,202.362354274905,24.4082743769968));
#8769=CARTESIAN_POINT('Origin',(90.26,202.362354274905,24.4082743769968));
#8770=CARTESIAN_POINT('',(90.26,200.121916636802,24.8033239811891));
#8771=CARTESIAN_POINT('Origin',(90.38,202.362354274905,24.4082743769968));
#8772=CARTESIAN_POINT('',(90.38,200.461675311591,24.743415359894));
#8773=CARTESIAN_POINT('Origin',(88.51,202.362354274905,24.4082743769968));
#8774=CARTESIAN_POINT('',(88.51,200.121916636802,24.8033239811891));
#8775=CARTESIAN_POINT('Origin',(88.51,202.362354274905,24.4082743769968));
#8776=CARTESIAN_POINT('',(88.51,200.461675311591,24.743415359894));
#8777=CARTESIAN_POINT('Origin',(88.51,202.362354274905,24.4082743769968));
#8778=CARTESIAN_POINT('Origin',(88.01,202.362354274905,24.4082743769968));
#8779=CARTESIAN_POINT('',(87.51,200.121916636802,24.8033239811891));
#8780=CARTESIAN_POINT('',(88.01,200.121916636802,24.8033239811891));
#8781=CARTESIAN_POINT('Origin',(87.51,202.362354274905,24.4082743769968));
#8782=CARTESIAN_POINT('Origin',(90.38,202.362354274905,24.4082743769968));
#8783=CARTESIAN_POINT('',(90.38,200.461675311591,24.743415359894));
#8784=CARTESIAN_POINT('Origin',(87.51,202.362354274905,24.4082743769968));
#8785=CARTESIAN_POINT('Origin',(93.25,202.362354274905,24.4082743769968));
#8786=CARTESIAN_POINT('Origin',(90.38,189.85529581165,26.6136062333668));
#8787=CARTESIAN_POINT('',(87.51,188.584893810264,26.8376123825572));
#8788=CARTESIAN_POINT('Origin',(87.51,189.85529581165,26.6136062333668));
#8789=CARTESIAN_POINT('',(93.25,188.584893810264,26.8376123825572));
#8790=CARTESIAN_POINT('',(90.38,188.584893810264,26.8376123825572));
#8791=CARTESIAN_POINT('Origin',(93.25,189.85529581165,26.6136062333668));
#8792=CARTESIAN_POINT('Origin',(92.25,189.85529581165,26.6136062333668));
#8793=CARTESIAN_POINT('',(92.25,187.614858173547,27.0086558375591));
#8794=CARTESIAN_POINT('Origin',(92.25,189.85529581165,26.6136062333668));
#8795=CARTESIAN_POINT('',(92.25,187.954616848336,26.948747216264));
#8796=CARTESIAN_POINT('Origin',(92.25,189.85529581165,26.6136062333668));
#8797=CARTESIAN_POINT('Origin',(92.75,189.85529581165,26.6136062333668));
#8798=CARTESIAN_POINT('',(93.25,187.614858173547,27.0086558375591));
#8799=CARTESIAN_POINT('Origin',(93.25,189.85529581165,26.6136062333668));
#8800=CARTESIAN_POINT('',(92.75,187.614858173547,27.0086558375591));
#8801=CARTESIAN_POINT('Origin',(89.76,189.85529581165,26.6136062333668));
#8802=CARTESIAN_POINT('',(89.76,187.614858173547,27.0086558375591));
#8803=CARTESIAN_POINT('Origin',(89.76,189.85529581165,26.6136062333668));
#8804=CARTESIAN_POINT('',(89.76,187.954616848336,26.948747216264));
#8805=CARTESIAN_POINT('Origin',(89.76,189.85529581165,26.6136062333668));
#8806=CARTESIAN_POINT('Origin',(90.76,189.85529581165,26.6136062333668));
#8807=CARTESIAN_POINT('',(90.76,187.614858173547,27.0086558375591));
#8808=CARTESIAN_POINT('Origin',(90.76,189.85529581165,26.6136062333668));
#8809=CARTESIAN_POINT('',(90.76,187.954616848336,26.948747216264));
#8810=CARTESIAN_POINT('Origin',(90.76,189.85529581165,26.6136062333668));
#8811=CARTESIAN_POINT('Origin',(90.26,189.85529581165,26.6136062333668));
#8812=CARTESIAN_POINT('',(90.26,187.614858173547,27.0086558375591));
#8813=CARTESIAN_POINT('Origin',(90.38,189.85529581165,26.6136062333668));
#8814=CARTESIAN_POINT('',(90.38,187.954616848336,26.948747216264));
#8815=CARTESIAN_POINT('Origin',(88.51,189.85529581165,26.6136062333668));
#8816=CARTESIAN_POINT('',(88.51,187.614858173547,27.0086558375591));
#8817=CARTESIAN_POINT('Origin',(88.51,189.85529581165,26.6136062333668));
#8818=CARTESIAN_POINT('',(88.51,187.954616848336,26.948747216264));
#8819=CARTESIAN_POINT('Origin',(88.51,189.85529581165,26.6136062333668));
#8820=CARTESIAN_POINT('Origin',(88.01,189.85529581165,26.6136062333668));
#8821=CARTESIAN_POINT('',(87.51,187.614858173547,27.0086558375591));
#8822=CARTESIAN_POINT('',(88.01,187.614858173547,27.0086558375591));
#8823=CARTESIAN_POINT('Origin',(87.51,189.85529581165,26.6136062333668));
#8824=CARTESIAN_POINT('Origin',(90.38,189.85529581165,26.6136062333668));
#8825=CARTESIAN_POINT('',(90.38,187.954616848336,26.948747216264));
#8826=CARTESIAN_POINT('Origin',(87.51,189.85529581165,26.6136062333668));
#8827=CARTESIAN_POINT('Origin',(93.25,189.85529581165,26.6136062333668));
#8828=CARTESIAN_POINT('Origin',(-13.84,136.465294496128,-137.965645981269));
#8829=CARTESIAN_POINT('',(-15.38,133.638896244983,-137.467275711365));
#8830=CARTESIAN_POINT('Origin',(-13.84,133.638896244983,-137.467275711365));
#8831=CARTESIAN_POINT('',(-15.38,139.291692747273,-138.464016251173));
#8832=CARTESIAN_POINT('',(-15.38,136.465294496128,-137.965645981269));
#8833=CARTESIAN_POINT('Origin',(-13.84,139.291692747273,-138.464016251173));
#8834=CARTESIAN_POINT('Origin',(-13.84,138.306884994261,-138.290368073506));
#8835=CARTESIAN_POINT('',(-16.115,138.306884994261,-138.290368073506));
#8836=CARTESIAN_POINT('Origin',(-13.84,138.306884994261,-138.290368073506));
#8837=CARTESIAN_POINT('',(-15.77,138.306884994261,-138.290368073506));
#8838=CARTESIAN_POINT('Origin',(-13.84,138.306884994261,-138.290368073506));
#8839=CARTESIAN_POINT('Origin',(-13.84,138.799288870767,-138.377192162339));
#8840=CARTESIAN_POINT('',(-16.115,139.291692747273,-138.464016251173));
#8841=CARTESIAN_POINT('Origin',(-13.84,139.291692747273,-138.464016251173));
#8842=CARTESIAN_POINT('',(-16.115,138.799288870767,-138.377192162339));
#8843=CARTESIAN_POINT('Origin',(-13.84,135.854713689261,-137.857984111115));
#8844=CARTESIAN_POINT('',(-16.115,135.854713689261,-137.857984111115));
#8845=CARTESIAN_POINT('Origin',(-13.84,135.854713689261,-137.857984111115));
#8846=CARTESIAN_POINT('',(-15.77,135.854713689261,-137.857984111115));
#8847=CARTESIAN_POINT('Origin',(-13.84,135.854713689261,-137.857984111115));
#8848=CARTESIAN_POINT('Origin',(-13.84,136.839521442273,-138.031632288782));
#8849=CARTESIAN_POINT('',(-16.115,136.839521442273,-138.031632288782));
#8850=CARTESIAN_POINT('Origin',(-13.84,136.839521442273,-138.031632288782));
#8851=CARTESIAN_POINT('',(-15.77,136.839521442273,-138.031632288782));
#8852=CARTESIAN_POINT('Origin',(-13.84,136.839521442273,-138.031632288782));
#8853=CARTESIAN_POINT('Origin',(-13.84,136.347117565767,-137.944808199949));
#8854=CARTESIAN_POINT('',(-16.115,136.347117565767,-137.944808199949));
#8855=CARTESIAN_POINT('Origin',(-13.84,136.465294496128,-137.965645981269));
#8856=CARTESIAN_POINT('',(-15.77,136.465294496128,-137.965645981269));
#8857=CARTESIAN_POINT('Origin',(-13.84,134.623703997995,-137.640923889032));
#8858=CARTESIAN_POINT('',(-16.115,134.623703997995,-137.640923889032));
#8859=CARTESIAN_POINT('Origin',(-13.84,134.623703997995,-137.640923889032));
#8860=CARTESIAN_POINT('',(-15.77,134.623703997995,-137.640923889032));
#8861=CARTESIAN_POINT('Origin',(-13.84,134.623703997995,-137.640923889032));
#8862=CARTESIAN_POINT('Origin',(-13.84,134.131300121489,-137.554099800198));
#8863=CARTESIAN_POINT('',(-16.115,133.638896244983,-137.467275711365));
#8864=CARTESIAN_POINT('',(-16.115,134.131300121489,-137.554099800198));
#8865=CARTESIAN_POINT('Origin',(-13.84,133.638896244983,-137.467275711365));
#8866=CARTESIAN_POINT('Origin',(-13.84,136.465294496128,-137.965645981269));
#8867=CARTESIAN_POINT('',(-15.77,136.465294496128,-137.965645981269));
#8868=CARTESIAN_POINT('Origin',(-13.84,133.638896244983,-137.467275711365));
#8869=CARTESIAN_POINT('Origin',(-13.84,139.291692747273,-138.464016251173));
#8870=CARTESIAN_POINT('Origin',(-13.84,148.099722399812,-71.9835265294508));
#8871=CARTESIAN_POINT('',(-15.38,145.273324148667,-71.4851562595467));
#8872=CARTESIAN_POINT('Origin',(-13.84,145.273324148667,-71.4851562595467));
#8873=CARTESIAN_POINT('',(-15.38,150.926120650957,-72.4818967993549));
#8874=CARTESIAN_POINT('',(-15.38,148.099722399812,-71.9835265294508));
#8875=CARTESIAN_POINT('Origin',(-13.84,150.926120650957,-72.4818967993549));
#8876=CARTESIAN_POINT('Origin',(-13.84,149.941312897945,-72.3082486216879));
#8877=CARTESIAN_POINT('',(-16.115,149.941312897945,-72.3082486216879));
#8878=CARTESIAN_POINT('Origin',(-13.84,149.941312897945,-72.3082486216879));
#8879=CARTESIAN_POINT('',(-15.77,149.941312897945,-72.3082486216879));
#8880=CARTESIAN_POINT('Origin',(-13.84,149.941312897945,-72.3082486216879));
#8881=CARTESIAN_POINT('Origin',(-13.84,150.433716774451,-72.3950727105214));
#8882=CARTESIAN_POINT('',(-16.115,150.926120650957,-72.4818967993549));
#8883=CARTESIAN_POINT('Origin',(-13.84,150.926120650957,-72.4818967993549));
#8884=CARTESIAN_POINT('',(-16.115,150.433716774451,-72.3950727105214));
#8885=CARTESIAN_POINT('Origin',(-13.84,147.489141592945,-71.8758646592973));
#8886=CARTESIAN_POINT('',(-16.115,147.489141592945,-71.8758646592973));
#8887=CARTESIAN_POINT('Origin',(-13.84,147.489141592945,-71.8758646592973));
#8888=CARTESIAN_POINT('',(-15.77,147.489141592945,-71.8758646592973));
#8889=CARTESIAN_POINT('Origin',(-13.84,147.489141592945,-71.8758646592973));
#8890=CARTESIAN_POINT('Origin',(-13.84,148.473949345957,-72.0495128369642));
#8891=CARTESIAN_POINT('',(-16.115,148.473949345957,-72.0495128369642));
#8892=CARTESIAN_POINT('Origin',(-13.84,148.473949345957,-72.0495128369642));
#8893=CARTESIAN_POINT('',(-15.77,148.473949345957,-72.0495128369642));
#8894=CARTESIAN_POINT('Origin',(-13.84,148.473949345957,-72.0495128369642));
#8895=CARTESIAN_POINT('Origin',(-13.84,147.981545469451,-71.9626887481307));
#8896=CARTESIAN_POINT('',(-16.115,147.981545469451,-71.9626887481307));
#8897=CARTESIAN_POINT('Origin',(-13.84,148.099722399812,-71.9835265294508));
#8898=CARTESIAN_POINT('',(-15.77,148.099722399812,-71.9835265294508));
#8899=CARTESIAN_POINT('Origin',(-13.84,146.25813190168,-71.6588044372136));
#8900=CARTESIAN_POINT('',(-16.115,146.25813190168,-71.6588044372136));
#8901=CARTESIAN_POINT('Origin',(-13.84,146.25813190168,-71.6588044372136));
#8902=CARTESIAN_POINT('',(-15.77,146.25813190168,-71.6588044372136));
#8903=CARTESIAN_POINT('Origin',(-13.84,146.25813190168,-71.6588044372136));
#8904=CARTESIAN_POINT('Origin',(-13.84,145.765728025174,-71.5719803483802));
#8905=CARTESIAN_POINT('',(-16.115,145.273324148667,-71.4851562595467));
#8906=CARTESIAN_POINT('',(-16.115,145.765728025174,-71.5719803483802));
#8907=CARTESIAN_POINT('Origin',(-13.84,145.273324148667,-71.4851562595467));
#8908=CARTESIAN_POINT('Origin',(-13.84,148.099722399812,-71.9835265294508));
#8909=CARTESIAN_POINT('',(-15.77,148.099722399812,-71.9835265294508));
#8910=CARTESIAN_POINT('Origin',(-13.84,145.273324148667,-71.4851562595467));
#8911=CARTESIAN_POINT('Origin',(-13.84,150.926120650957,-72.4818967993549));
#8912=CARTESIAN_POINT('Origin',(68.16,136.465294496128,-137.965645981269));
#8913=CARTESIAN_POINT('',(66.62,133.638896244983,-137.467275711365));
#8914=CARTESIAN_POINT('Origin',(68.16,133.638896244983,-137.467275711365));
#8915=CARTESIAN_POINT('',(66.62,139.291692747273,-138.464016251173));
#8916=CARTESIAN_POINT('',(66.62,136.465294496128,-137.965645981269));
#8917=CARTESIAN_POINT('Origin',(68.16,139.291692747273,-138.464016251173));
#8918=CARTESIAN_POINT('Origin',(68.16,138.306884994261,-138.290368073506));
#8919=CARTESIAN_POINT('',(65.885,138.306884994261,-138.290368073506));
#8920=CARTESIAN_POINT('Origin',(68.16,138.306884994261,-138.290368073506));
#8921=CARTESIAN_POINT('',(66.23,138.306884994261,-138.290368073506));
#8922=CARTESIAN_POINT('Origin',(68.16,138.306884994261,-138.290368073506));
#8923=CARTESIAN_POINT('Origin',(68.16,138.799288870767,-138.377192162339));
#8924=CARTESIAN_POINT('',(65.885,139.291692747273,-138.464016251173));
#8925=CARTESIAN_POINT('Origin',(68.16,139.291692747273,-138.464016251173));
#8926=CARTESIAN_POINT('',(65.885,138.799288870767,-138.377192162339));
#8927=CARTESIAN_POINT('Origin',(68.16,135.854713689261,-137.857984111115));
#8928=CARTESIAN_POINT('',(65.885,135.854713689261,-137.857984111115));
#8929=CARTESIAN_POINT('Origin',(68.16,135.854713689261,-137.857984111115));
#8930=CARTESIAN_POINT('',(66.23,135.854713689261,-137.857984111115));
#8931=CARTESIAN_POINT('Origin',(68.16,135.854713689261,-137.857984111115));
#8932=CARTESIAN_POINT('Origin',(68.16,136.839521442273,-138.031632288782));
#8933=CARTESIAN_POINT('',(65.885,136.839521442273,-138.031632288782));
#8934=CARTESIAN_POINT('Origin',(68.16,136.839521442273,-138.031632288782));
#8935=CARTESIAN_POINT('',(66.23,136.839521442273,-138.031632288782));
#8936=CARTESIAN_POINT('Origin',(68.16,136.839521442273,-138.031632288782));
#8937=CARTESIAN_POINT('Origin',(68.16,136.347117565767,-137.944808199949));
#8938=CARTESIAN_POINT('',(65.885,136.347117565767,-137.944808199949));
#8939=CARTESIAN_POINT('Origin',(68.16,136.465294496128,-137.965645981269));
#8940=CARTESIAN_POINT('',(66.23,136.465294496128,-137.965645981269));
#8941=CARTESIAN_POINT('Origin',(68.16,134.623703997995,-137.640923889032));
#8942=CARTESIAN_POINT('',(65.885,134.623703997995,-137.640923889032));
#8943=CARTESIAN_POINT('Origin',(68.16,134.623703997995,-137.640923889032));
#8944=CARTESIAN_POINT('',(66.23,134.623703997995,-137.640923889032));
#8945=CARTESIAN_POINT('Origin',(68.16,134.623703997995,-137.640923889032));
#8946=CARTESIAN_POINT('Origin',(68.16,134.131300121489,-137.554099800198));
#8947=CARTESIAN_POINT('',(65.885,133.638896244983,-137.467275711365));
#8948=CARTESIAN_POINT('',(65.885,134.131300121489,-137.554099800198));
#8949=CARTESIAN_POINT('Origin',(68.16,133.638896244983,-137.467275711365));
#8950=CARTESIAN_POINT('Origin',(68.16,136.465294496128,-137.965645981269));
#8951=CARTESIAN_POINT('',(66.23,136.465294496128,-137.965645981269));
#8952=CARTESIAN_POINT('Origin',(68.16,133.638896244983,-137.467275711365));
#8953=CARTESIAN_POINT('Origin',(68.16,139.291692747273,-138.464016251173));
#8954=CARTESIAN_POINT('Origin',(68.16,148.099722399812,-71.9835265294508));
#8955=CARTESIAN_POINT('',(66.62,145.273324148667,-71.4851562595467));
#8956=CARTESIAN_POINT('Origin',(68.16,145.273324148667,-71.4851562595467));
#8957=CARTESIAN_POINT('',(66.62,150.926120650958,-72.4818967993549));
#8958=CARTESIAN_POINT('',(66.62,148.099722399812,-71.9835265294508));
#8959=CARTESIAN_POINT('Origin',(68.16,150.926120650958,-72.4818967993549));
#8960=CARTESIAN_POINT('Origin',(68.16,149.941312897945,-72.3082486216879));
#8961=CARTESIAN_POINT('',(65.885,149.941312897945,-72.3082486216879));
#8962=CARTESIAN_POINT('Origin',(68.16,149.941312897945,-72.3082486216879));
#8963=CARTESIAN_POINT('',(66.23,149.941312897945,-72.3082486216879));
#8964=CARTESIAN_POINT('Origin',(68.16,149.941312897945,-72.3082486216879));
#8965=CARTESIAN_POINT('Origin',(68.16,150.433716774451,-72.3950727105214));
#8966=CARTESIAN_POINT('',(65.885,150.926120650958,-72.4818967993549));
#8967=CARTESIAN_POINT('Origin',(68.16,150.926120650958,-72.4818967993549));
#8968=CARTESIAN_POINT('',(65.885,150.433716774451,-72.3950727105214));
#8969=CARTESIAN_POINT('Origin',(68.16,147.489141592945,-71.8758646592973));
#8970=CARTESIAN_POINT('',(65.885,147.489141592945,-71.8758646592973));
#8971=CARTESIAN_POINT('Origin',(68.16,147.489141592945,-71.8758646592973));
#8972=CARTESIAN_POINT('',(66.23,147.489141592945,-71.8758646592973));
#8973=CARTESIAN_POINT('Origin',(68.16,147.489141592945,-71.8758646592973));
#8974=CARTESIAN_POINT('Origin',(68.16,148.473949345957,-72.0495128369642));
#8975=CARTESIAN_POINT('',(65.885,148.473949345957,-72.0495128369642));
#8976=CARTESIAN_POINT('Origin',(68.16,148.473949345957,-72.0495128369642));
#8977=CARTESIAN_POINT('',(66.23,148.473949345957,-72.0495128369642));
#8978=CARTESIAN_POINT('Origin',(68.16,148.473949345957,-72.0495128369642));
#8979=CARTESIAN_POINT('Origin',(68.16,147.981545469451,-71.9626887481307));
#8980=CARTESIAN_POINT('',(65.885,147.981545469451,-71.9626887481307));
#8981=CARTESIAN_POINT('Origin',(68.16,148.099722399812,-71.9835265294508));
#8982=CARTESIAN_POINT('',(66.23,148.099722399812,-71.9835265294508));
#8983=CARTESIAN_POINT('Origin',(68.16,146.25813190168,-71.6588044372136));
#8984=CARTESIAN_POINT('',(65.885,146.25813190168,-71.6588044372136));
#8985=CARTESIAN_POINT('Origin',(68.16,146.25813190168,-71.6588044372136));
#8986=CARTESIAN_POINT('',(66.23,146.25813190168,-71.6588044372136));
#8987=CARTESIAN_POINT('Origin',(68.16,146.25813190168,-71.6588044372136));
#8988=CARTESIAN_POINT('Origin',(68.16,145.765728025174,-71.5719803483802));
#8989=CARTESIAN_POINT('',(65.885,145.273324148667,-71.4851562595467));
#8990=CARTESIAN_POINT('',(65.885,145.765728025174,-71.5719803483802));
#8991=CARTESIAN_POINT('Origin',(68.16,145.273324148667,-71.4851562595467));
#8992=CARTESIAN_POINT('Origin',(68.16,148.099722399812,-71.9835265294508));
#8993=CARTESIAN_POINT('',(66.23,148.099722399812,-71.9835265294508));
#8994=CARTESIAN_POINT('Origin',(68.16,145.273324148667,-71.4851562595467));
#8995=CARTESIAN_POINT('Origin',(68.16,150.926120650958,-72.4818967993549));
#8996=CARTESIAN_POINT('Origin',(14.,179.918960583043,51.5592269155895));
#8997=CARTESIAN_POINT('',(12.96,177.919265185126,51.524322538362));
#8998=CARTESIAN_POINT('Origin',(14.,177.919265185126,51.524322538362));
#8999=CARTESIAN_POINT('',(12.96,181.91865598096,51.594131292817));
#9000=CARTESIAN_POINT('',(12.96,179.918960583043,51.5592269155895));
#9001=CARTESIAN_POINT('Origin',(14.,181.91865598096,51.594131292817));
#9002=CARTESIAN_POINT('Origin',(14.,181.118777821793,51.580169541926));
#9003=CARTESIAN_POINT('',(12.135,181.118777821793,51.580169541926));
#9004=CARTESIAN_POINT('Origin',(14.,181.118777821793,51.580169541926));
#9005=CARTESIAN_POINT('',(12.41,181.118777821793,51.580169541926));
#9006=CARTESIAN_POINT('Origin',(14.,181.118777821793,51.580169541926));
#9007=CARTESIAN_POINT('Origin',(14.,181.518716901377,51.5871504173715));
#9008=CARTESIAN_POINT('',(12.135,181.91865598096,51.594131292817));
#9009=CARTESIAN_POINT('Origin',(14.,181.91865598096,51.594131292817));
#9010=CARTESIAN_POINT('',(12.135,181.518716901377,51.5871504173715));
#9011=CARTESIAN_POINT('Origin',(14.,179.51902150346,51.552246040144));
#9012=CARTESIAN_POINT('',(12.135,179.51902150346,51.552246040144));
#9013=CARTESIAN_POINT('Origin',(14.,179.51902150346,51.552246040144));
#9014=CARTESIAN_POINT('',(12.41,179.51902150346,51.5522460401439));
#9015=CARTESIAN_POINT('Origin',(14.,179.51902150346,51.5522460401439));
#9016=CARTESIAN_POINT('Origin',(14.,180.318899662626,51.566207791035));
#9017=CARTESIAN_POINT('',(12.135,180.318899662626,51.566207791035));
#9018=CARTESIAN_POINT('Origin',(14.,180.318899662626,51.566207791035));
#9019=CARTESIAN_POINT('',(12.41,180.318899662626,51.566207791035));
#9020=CARTESIAN_POINT('Origin',(14.,180.318899662626,51.566207791035));
#9021=CARTESIAN_POINT('Origin',(14.,179.918960583043,51.5592269155895));
#9022=CARTESIAN_POINT('',(12.135,179.918960583043,51.5592269155895));
#9023=CARTESIAN_POINT('Origin',(14.,179.918960583043,51.5592269155895));
#9024=CARTESIAN_POINT('',(12.41,179.918960583043,51.5592269155895));
#9025=CARTESIAN_POINT('Origin',(14.,178.719143344293,51.5382842892529));
#9026=CARTESIAN_POINT('',(12.135,178.719143344293,51.538284289253));
#9027=CARTESIAN_POINT('Origin',(14.,178.719143344293,51.5382842892529));
#9028=CARTESIAN_POINT('',(12.41,178.719143344293,51.5382842892529));
#9029=CARTESIAN_POINT('Origin',(14.,178.719143344293,51.5382842892529));
#9030=CARTESIAN_POINT('Origin',(14.,178.31920426471,51.5313034138075));
#9031=CARTESIAN_POINT('',(12.135,177.919265185126,51.524322538362));
#9032=CARTESIAN_POINT('',(12.135,178.31920426471,51.5313034138075));
#9033=CARTESIAN_POINT('Origin',(14.,177.919265185126,51.524322538362));
#9034=CARTESIAN_POINT('Origin',(14.,179.918960583043,51.5592269155895));
#9035=CARTESIAN_POINT('',(12.41,179.918960583043,51.5592269155895));
#9036=CARTESIAN_POINT('Origin',(14.,177.919265185126,51.524322538362));
#9037=CARTESIAN_POINT('Origin',(14.,181.91865598096,51.594131292817));
#9038=CARTESIAN_POINT('Origin',(-14.,179.918960583043,51.5592269155895));
#9039=CARTESIAN_POINT('',(-15.04,177.919265185126,51.524322538362));
#9040=CARTESIAN_POINT('Origin',(-14.,177.919265185126,51.524322538362));
#9041=CARTESIAN_POINT('',(-15.04,181.91865598096,51.594131292817));
#9042=CARTESIAN_POINT('',(-15.04,179.918960583043,51.5592269155895));
#9043=CARTESIAN_POINT('Origin',(-14.,181.91865598096,51.594131292817));
#9044=CARTESIAN_POINT('Origin',(-14.,181.118777821793,51.580169541926));
#9045=CARTESIAN_POINT('',(-15.865,181.118777821793,51.580169541926));
#9046=CARTESIAN_POINT('Origin',(-14.,181.118777821793,51.580169541926));
#9047=CARTESIAN_POINT('',(-15.59,181.118777821793,51.580169541926));
#9048=CARTESIAN_POINT('Origin',(-14.,181.118777821793,51.580169541926));
#9049=CARTESIAN_POINT('Origin',(-14.,181.518716901377,51.5871504173715));
#9050=CARTESIAN_POINT('',(-15.865,181.91865598096,51.5941312928171));
#9051=CARTESIAN_POINT('Origin',(-14.,181.91865598096,51.594131292817));
#9052=CARTESIAN_POINT('',(-15.865,181.518716901377,51.5871504173715));
#9053=CARTESIAN_POINT('Origin',(-14.,179.51902150346,51.552246040144));
#9054=CARTESIAN_POINT('',(-15.865,179.51902150346,51.552246040144));
#9055=CARTESIAN_POINT('Origin',(-14.,179.51902150346,51.552246040144));
#9056=CARTESIAN_POINT('',(-15.59,179.51902150346,51.5522460401439));
#9057=CARTESIAN_POINT('Origin',(-14.,179.51902150346,51.5522460401439));
#9058=CARTESIAN_POINT('Origin',(-14.,180.318899662626,51.566207791035));
#9059=CARTESIAN_POINT('',(-15.865,180.318899662626,51.566207791035));
#9060=CARTESIAN_POINT('Origin',(-14.,180.318899662626,51.566207791035));
#9061=CARTESIAN_POINT('',(-15.59,180.318899662626,51.566207791035));
#9062=CARTESIAN_POINT('Origin',(-14.,180.318899662626,51.566207791035));
#9063=CARTESIAN_POINT('Origin',(-14.,179.918960583043,51.5592269155895));
#9064=CARTESIAN_POINT('',(-15.865,179.918960583043,51.5592269155895));
#9065=CARTESIAN_POINT('Origin',(-14.,179.918960583043,51.5592269155895));
#9066=CARTESIAN_POINT('',(-15.59,179.918960583043,51.5592269155895));
#9067=CARTESIAN_POINT('Origin',(-14.,178.719143344293,51.5382842892529));
#9068=CARTESIAN_POINT('',(-15.865,178.719143344293,51.538284289253));
#9069=CARTESIAN_POINT('Origin',(-14.,178.719143344293,51.5382842892529));
#9070=CARTESIAN_POINT('',(-15.59,178.719143344293,51.5382842892529));
#9071=CARTESIAN_POINT('Origin',(-14.,178.719143344293,51.5382842892529));
#9072=CARTESIAN_POINT('Origin',(-14.,178.319204264709,51.5313034138075));
#9073=CARTESIAN_POINT('',(-15.865,177.919265185126,51.524322538362));
#9074=CARTESIAN_POINT('',(-15.865,178.319204264709,51.5313034138075));
#9075=CARTESIAN_POINT('Origin',(-14.,177.919265185126,51.524322538362));
#9076=CARTESIAN_POINT('Origin',(-14.,179.918960583043,51.5592269155895));
#9077=CARTESIAN_POINT('',(-15.59,179.918960583043,51.5592269155895));
#9078=CARTESIAN_POINT('Origin',(-14.,177.919265185126,51.524322538362));
#9079=CARTESIAN_POINT('Origin',(-14.,181.91865598096,51.594131292817));
#9080=CARTESIAN_POINT('Origin',(-14.,179.430293683312,79.5549623889675));
#9081=CARTESIAN_POINT('',(-15.04,177.430598285395,79.52005801174));
#9082=CARTESIAN_POINT('Origin',(-14.,177.430598285395,79.52005801174));
#9083=CARTESIAN_POINT('',(-15.04,181.429989081229,79.5898667661951));
#9084=CARTESIAN_POINT('',(-15.04,179.430293683312,79.5549623889675));
#9085=CARTESIAN_POINT('Origin',(-14.,181.429989081229,79.5898667661951));
#9086=CARTESIAN_POINT('Origin',(-14.,180.630110922062,79.5759050153041));
#9087=CARTESIAN_POINT('',(-15.865,180.630110922062,79.5759050153041));
#9088=CARTESIAN_POINT('Origin',(-14.,180.630110922062,79.5759050153041));
#9089=CARTESIAN_POINT('',(-15.59,180.630110922062,79.5759050153041));
#9090=CARTESIAN_POINT('Origin',(-14.,180.630110922062,79.5759050153041));
#9091=CARTESIAN_POINT('Origin',(-14.,181.030050001646,79.5828858907496));
#9092=CARTESIAN_POINT('',(-15.865,181.429989081229,79.5898667661951));
#9093=CARTESIAN_POINT('Origin',(-14.,181.429989081229,79.5898667661951));
#9094=CARTESIAN_POINT('',(-15.865,181.030050001646,79.5828858907496));
#9095=CARTESIAN_POINT('Origin',(-14.,179.030354603729,79.547981513522));
#9096=CARTESIAN_POINT('',(-15.865,179.030354603729,79.547981513522));
#9097=CARTESIAN_POINT('Origin',(-14.,179.030354603729,79.547981513522));
#9098=CARTESIAN_POINT('',(-15.59,179.030354603729,79.5479815135221));
#9099=CARTESIAN_POINT('Origin',(-14.,179.030354603729,79.5479815135221));
#9100=CARTESIAN_POINT('Origin',(-14.,179.830232762896,79.5619432644131));
#9101=CARTESIAN_POINT('',(-15.865,179.830232762896,79.561943264413));
#9102=CARTESIAN_POINT('Origin',(-14.,179.830232762896,79.5619432644131));
#9103=CARTESIAN_POINT('',(-15.59,179.830232762896,79.5619432644131));
#9104=CARTESIAN_POINT('Origin',(-14.,179.830232762896,79.5619432644131));
#9105=CARTESIAN_POINT('Origin',(-14.,179.430293683312,79.5549623889675));
#9106=CARTESIAN_POINT('',(-15.865,179.430293683312,79.5549623889675));
#9107=CARTESIAN_POINT('Origin',(-14.,179.430293683312,79.5549623889675));
#9108=CARTESIAN_POINT('',(-15.59,179.430293683312,79.5549623889675));
#9109=CARTESIAN_POINT('Origin',(-14.,178.230476444562,79.5340197626311));
#9110=CARTESIAN_POINT('',(-15.865,178.230476444562,79.5340197626311));
#9111=CARTESIAN_POINT('Origin',(-14.,178.230476444562,79.5340197626311));
#9112=CARTESIAN_POINT('',(-15.59,178.230476444562,79.534019762631));
#9113=CARTESIAN_POINT('Origin',(-14.,178.230476444562,79.534019762631));
#9114=CARTESIAN_POINT('Origin',(-14.,177.830537364979,79.5270388871856));
#9115=CARTESIAN_POINT('',(-15.865,177.430598285395,79.5200580117401));
#9116=CARTESIAN_POINT('',(-15.865,177.830537364979,79.5270388871856));
#9117=CARTESIAN_POINT('Origin',(-14.,177.430598285395,79.52005801174));
#9118=CARTESIAN_POINT('Origin',(-14.,179.430293683312,79.5549623889675));
#9119=CARTESIAN_POINT('',(-15.59,179.430293683312,79.5549623889675));
#9120=CARTESIAN_POINT('Origin',(-14.,177.430598285395,79.52005801174));
#9121=CARTESIAN_POINT('Origin',(-14.,181.429989081229,79.5898667661951));
#9122=CARTESIAN_POINT('Origin',(14.,179.430293683312,79.5549623889675));
#9123=CARTESIAN_POINT('',(12.96,177.430598285395,79.52005801174));
#9124=CARTESIAN_POINT('Origin',(14.,177.430598285395,79.52005801174));
#9125=CARTESIAN_POINT('',(12.96,181.429989081229,79.5898667661951));
#9126=CARTESIAN_POINT('',(12.96,179.430293683312,79.5549623889675));
#9127=CARTESIAN_POINT('Origin',(14.,181.429989081229,79.5898667661951));
#9128=CARTESIAN_POINT('Origin',(14.,180.630110922062,79.5759050153041));
#9129=CARTESIAN_POINT('',(12.135,180.630110922062,79.5759050153041));
#9130=CARTESIAN_POINT('Origin',(14.,180.630110922062,79.5759050153041));
#9131=CARTESIAN_POINT('',(12.41,180.630110922062,79.5759050153041));
#9132=CARTESIAN_POINT('Origin',(14.,180.630110922062,79.5759050153041));
#9133=CARTESIAN_POINT('Origin',(14.,181.030050001646,79.5828858907496));
#9134=CARTESIAN_POINT('',(12.135,181.429989081229,79.5898667661951));
#9135=CARTESIAN_POINT('Origin',(14.,181.429989081229,79.5898667661951));
#9136=CARTESIAN_POINT('',(12.135,181.030050001646,79.5828858907496));
#9137=CARTESIAN_POINT('Origin',(14.,179.030354603729,79.547981513522));
#9138=CARTESIAN_POINT('',(12.135,179.030354603729,79.547981513522));
#9139=CARTESIAN_POINT('Origin',(14.,179.030354603729,79.547981513522));
#9140=CARTESIAN_POINT('',(12.41,179.030354603729,79.5479815135221));
#9141=CARTESIAN_POINT('Origin',(14.,179.030354603729,79.5479815135221));
#9142=CARTESIAN_POINT('Origin',(14.,179.830232762896,79.5619432644131));
#9143=CARTESIAN_POINT('',(12.135,179.830232762896,79.561943264413));
#9144=CARTESIAN_POINT('Origin',(14.,179.830232762896,79.5619432644131));
#9145=CARTESIAN_POINT('',(12.41,179.830232762896,79.5619432644131));
#9146=CARTESIAN_POINT('Origin',(14.,179.830232762896,79.5619432644131));
#9147=CARTESIAN_POINT('Origin',(14.,179.430293683312,79.5549623889675));
#9148=CARTESIAN_POINT('',(12.135,179.430293683312,79.5549623889675));
#9149=CARTESIAN_POINT('Origin',(14.,179.430293683312,79.5549623889675));
#9150=CARTESIAN_POINT('',(12.41,179.430293683312,79.5549623889675));
#9151=CARTESIAN_POINT('Origin',(14.,178.230476444562,79.5340197626311));
#9152=CARTESIAN_POINT('',(12.135,178.230476444562,79.5340197626311));
#9153=CARTESIAN_POINT('Origin',(14.,178.230476444562,79.5340197626311));
#9154=CARTESIAN_POINT('',(12.41,178.230476444562,79.534019762631));
#9155=CARTESIAN_POINT('Origin',(14.,178.230476444562,79.534019762631));
#9156=CARTESIAN_POINT('Origin',(14.,177.830537364979,79.5270388871856));
#9157=CARTESIAN_POINT('',(12.135,177.430598285395,79.5200580117401));
#9158=CARTESIAN_POINT('',(12.135,177.830537364979,79.5270388871856));
#9159=CARTESIAN_POINT('Origin',(14.,177.430598285395,79.52005801174));
#9160=CARTESIAN_POINT('Origin',(14.,179.430293683312,79.5549623889675));
#9161=CARTESIAN_POINT('',(12.41,179.430293683312,79.5549623889675));
#9162=CARTESIAN_POINT('Origin',(14.,177.430598285395,79.52005801174));
#9163=CARTESIAN_POINT('Origin',(14.,181.429989081229,79.5898667661951));
#9164=CARTESIAN_POINT('Origin',(20.4,178.563932792986,-135.955458539673));
#9165=CARTESIAN_POINT('',(18.86,175.737534541841,-135.457088269769));
#9166=CARTESIAN_POINT('Origin',(20.4,175.737534541841,-135.457088269769));
#9167=CARTESIAN_POINT('',(18.86,181.390331044131,-136.453828809577));
#9168=CARTESIAN_POINT('',(18.86,178.563932792986,-135.955458539673));
#9169=CARTESIAN_POINT('Origin',(20.4,181.390331044131,-136.453828809577));
#9170=CARTESIAN_POINT('Origin',(20.4,180.405523291119,-136.28018063191));
#9171=CARTESIAN_POINT('',(18.125,180.405523291119,-136.28018063191));
#9172=CARTESIAN_POINT('Origin',(20.4,180.405523291119,-136.28018063191));
#9173=CARTESIAN_POINT('',(18.47,180.405523291119,-136.28018063191));
#9174=CARTESIAN_POINT('Origin',(20.4,180.405523291119,-136.28018063191));
#9175=CARTESIAN_POINT('Origin',(20.4,180.897927167625,-136.367004720743));
#9176=CARTESIAN_POINT('',(18.125,181.390331044131,-136.453828809577));
#9177=CARTESIAN_POINT('Origin',(20.4,181.390331044131,-136.453828809577));
#9178=CARTESIAN_POINT('',(18.125,180.897927167625,-136.367004720743));
#9179=CARTESIAN_POINT('Origin',(20.4,177.953351986118,-135.847796669519));
#9180=CARTESIAN_POINT('',(18.125,177.953351986118,-135.847796669519));
#9181=CARTESIAN_POINT('Origin',(20.4,177.953351986118,-135.847796669519));
#9182=CARTESIAN_POINT('',(18.47,177.953351986118,-135.847796669519));
#9183=CARTESIAN_POINT('Origin',(20.4,177.953351986118,-135.847796669519));
#9184=CARTESIAN_POINT('Origin',(20.4,178.93815973913,-136.021444847186));
#9185=CARTESIAN_POINT('',(18.125,178.93815973913,-136.021444847186));
#9186=CARTESIAN_POINT('Origin',(20.4,178.93815973913,-136.021444847186));
#9187=CARTESIAN_POINT('',(18.47,178.93815973913,-136.021444847186));
#9188=CARTESIAN_POINT('Origin',(20.4,178.93815973913,-136.021444847186));
#9189=CARTESIAN_POINT('Origin',(20.4,178.445755862624,-135.934620758353));
#9190=CARTESIAN_POINT('',(18.125,178.445755862624,-135.934620758353));
#9191=CARTESIAN_POINT('Origin',(20.4,178.563932792986,-135.955458539673));
#9192=CARTESIAN_POINT('',(18.47,178.563932792986,-135.955458539673));
#9193=CARTESIAN_POINT('Origin',(20.4,176.722342294853,-135.630736447436));
#9194=CARTESIAN_POINT('',(18.125,176.722342294853,-135.630736447436));
#9195=CARTESIAN_POINT('Origin',(20.4,176.722342294853,-135.630736447436));
#9196=CARTESIAN_POINT('',(18.47,176.722342294853,-135.630736447436));
#9197=CARTESIAN_POINT('Origin',(20.4,176.722342294853,-135.630736447436));
#9198=CARTESIAN_POINT('Origin',(20.4,176.229938418347,-135.543912358602));
#9199=CARTESIAN_POINT('',(18.125,175.737534541841,-135.457088269769));
#9200=CARTESIAN_POINT('',(18.125,176.229938418347,-135.543912358602));
#9201=CARTESIAN_POINT('Origin',(20.4,175.737534541841,-135.457088269769));
#9202=CARTESIAN_POINT('Origin',(20.4,178.563932792986,-135.955458539673));
#9203=CARTESIAN_POINT('',(18.47,178.563932792986,-135.955458539673));
#9204=CARTESIAN_POINT('Origin',(20.4,175.737534541841,-135.457088269769));
#9205=CARTESIAN_POINT('Origin',(20.4,181.390331044131,-136.453828809577));
#9206=CARTESIAN_POINT('Origin',(47.91,146.414917044526,-136.765141443829));
#9207=CARTESIAN_POINT('',(46.37,143.588518793381,-136.266771173925));
#9208=CARTESIAN_POINT('Origin',(47.91,143.588518793381,-136.266771173925));
#9209=CARTESIAN_POINT('',(46.37,149.241315295671,-137.263511713733));
#9210=CARTESIAN_POINT('',(46.37,146.414917044526,-136.765141443829));
#9211=CARTESIAN_POINT('Origin',(47.91,149.241315295671,-137.263511713733));
#9212=CARTESIAN_POINT('Origin',(47.91,148.256507542659,-137.089863536066));
#9213=CARTESIAN_POINT('',(45.635,148.256507542659,-137.089863536066));
#9214=CARTESIAN_POINT('Origin',(47.91,148.256507542659,-137.089863536066));
#9215=CARTESIAN_POINT('',(45.98,148.256507542659,-137.089863536066));
#9216=CARTESIAN_POINT('Origin',(47.91,148.256507542659,-137.089863536066));
#9217=CARTESIAN_POINT('Origin',(47.91,148.748911419165,-137.1766876249));
#9218=CARTESIAN_POINT('',(45.635,149.241315295671,-137.263511713733));
#9219=CARTESIAN_POINT('Origin',(47.91,149.241315295671,-137.263511713733));
#9220=CARTESIAN_POINT('',(45.635,148.748911419165,-137.1766876249));
#9221=CARTESIAN_POINT('Origin',(47.91,145.804336237658,-136.657479573676));
#9222=CARTESIAN_POINT('',(45.635,145.804336237658,-136.657479573676));
#9223=CARTESIAN_POINT('Origin',(47.91,145.804336237658,-136.657479573676));
#9224=CARTESIAN_POINT('',(45.98,145.804336237658,-136.657479573676));
#9225=CARTESIAN_POINT('Origin',(47.91,145.804336237658,-136.657479573676));
#9226=CARTESIAN_POINT('Origin',(47.91,146.789143990671,-136.831127751342));
#9227=CARTESIAN_POINT('',(45.635,146.789143990671,-136.831127751342));
#9228=CARTESIAN_POINT('Origin',(47.91,146.789143990671,-136.831127751342));
#9229=CARTESIAN_POINT('',(45.98,146.789143990671,-136.831127751342));
#9230=CARTESIAN_POINT('Origin',(47.91,146.789143990671,-136.831127751342));
#9231=CARTESIAN_POINT('Origin',(47.91,146.296740114164,-136.744303662509));
#9232=CARTESIAN_POINT('',(45.635,146.296740114164,-136.744303662509));
#9233=CARTESIAN_POINT('Origin',(47.91,146.414917044526,-136.765141443829));
#9234=CARTESIAN_POINT('',(45.98,146.414917044526,-136.765141443829));
#9235=CARTESIAN_POINT('Origin',(47.91,144.573326546393,-136.440419351592));
#9236=CARTESIAN_POINT('',(45.635,144.573326546393,-136.440419351592));
#9237=CARTESIAN_POINT('Origin',(47.91,144.573326546393,-136.440419351592));
#9238=CARTESIAN_POINT('',(45.98,144.573326546393,-136.440419351592));
#9239=CARTESIAN_POINT('Origin',(47.91,144.573326546393,-136.440419351592));
#9240=CARTESIAN_POINT('Origin',(47.91,144.080922669887,-136.353595262758));
#9241=CARTESIAN_POINT('',(45.635,143.588518793381,-136.266771173925));
#9242=CARTESIAN_POINT('',(45.635,144.080922669887,-136.353595262758));
#9243=CARTESIAN_POINT('Origin',(47.91,143.588518793381,-136.266771173925));
#9244=CARTESIAN_POINT('Origin',(47.91,146.414917044526,-136.765141443829));
#9245=CARTESIAN_POINT('',(45.98,146.414917044526,-136.765141443829));
#9246=CARTESIAN_POINT('Origin',(47.91,143.588518793381,-136.266771173925));
#9247=CARTESIAN_POINT('Origin',(47.91,149.241315295671,-137.263511713733));
#9248=CARTESIAN_POINT('Origin',(79.89,151.726814799357,-106.639872279186));
#9249=CARTESIAN_POINT('',(78.35,148.900416548212,-106.141502009282));
#9250=CARTESIAN_POINT('Origin',(79.89,148.900416548212,-106.141502009282));
#9251=CARTESIAN_POINT('',(78.35,154.553213050502,-107.13824254909));
#9252=CARTESIAN_POINT('',(78.35,151.726814799357,-106.639872279186));
#9253=CARTESIAN_POINT('Origin',(79.89,154.553213050502,-107.13824254909));
#9254=CARTESIAN_POINT('Origin',(79.89,153.56840529749,-106.964594371423));
#9255=CARTESIAN_POINT('',(77.615,153.56840529749,-106.964594371423));
#9256=CARTESIAN_POINT('Origin',(79.89,153.56840529749,-106.964594371423));
#9257=CARTESIAN_POINT('',(77.96,153.56840529749,-106.964594371423));
#9258=CARTESIAN_POINT('Origin',(79.89,153.56840529749,-106.964594371423));
#9259=CARTESIAN_POINT('Origin',(79.89,154.060809173996,-107.051418460256));
#9260=CARTESIAN_POINT('',(77.615,154.553213050502,-107.13824254909));
#9261=CARTESIAN_POINT('Origin',(79.89,154.553213050502,-107.13824254909));
#9262=CARTESIAN_POINT('',(77.615,154.060809173996,-107.051418460256));
#9263=CARTESIAN_POINT('Origin',(79.89,151.11623399249,-106.532210409032));
#9264=CARTESIAN_POINT('',(77.615,151.11623399249,-106.532210409032));
#9265=CARTESIAN_POINT('Origin',(79.89,151.11623399249,-106.532210409032));
#9266=CARTESIAN_POINT('',(77.96,151.11623399249,-106.532210409032));
#9267=CARTESIAN_POINT('Origin',(79.89,151.11623399249,-106.532210409032));
#9268=CARTESIAN_POINT('Origin',(79.89,152.101041745502,-106.705858586699));
#9269=CARTESIAN_POINT('',(77.615,152.101041745502,-106.705858586699));
#9270=CARTESIAN_POINT('Origin',(79.89,152.101041745502,-106.705858586699));
#9271=CARTESIAN_POINT('',(77.96,152.101041745502,-106.705858586699));
#9272=CARTESIAN_POINT('Origin',(79.89,152.101041745502,-106.705858586699));
#9273=CARTESIAN_POINT('Origin',(79.89,151.608637868996,-106.619034497866));
#9274=CARTESIAN_POINT('',(77.615,151.608637868996,-106.619034497866));
#9275=CARTESIAN_POINT('Origin',(79.89,151.726814799357,-106.639872279186));
#9276=CARTESIAN_POINT('',(77.96,151.726814799357,-106.639872279186));
#9277=CARTESIAN_POINT('Origin',(79.89,149.885224301225,-106.315150186948));
#9278=CARTESIAN_POINT('',(77.615,149.885224301225,-106.315150186948));
#9279=CARTESIAN_POINT('Origin',(79.89,149.885224301225,-106.315150186948));
#9280=CARTESIAN_POINT('',(77.96,149.885224301225,-106.315150186948));
#9281=CARTESIAN_POINT('Origin',(79.89,149.885224301225,-106.315150186948));
#9282=CARTESIAN_POINT('Origin',(79.89,149.392820424718,-106.228326098115));
#9283=CARTESIAN_POINT('',(77.615,148.900416548212,-106.141502009281));
#9284=CARTESIAN_POINT('',(77.615,149.392820424718,-106.228326098115));
#9285=CARTESIAN_POINT('Origin',(79.89,148.900416548212,-106.141502009282));
#9286=CARTESIAN_POINT('Origin',(79.89,151.726814799357,-106.639872279186));
#9287=CARTESIAN_POINT('',(77.96,151.726814799357,-106.639872279186));
#9288=CARTESIAN_POINT('Origin',(79.89,148.900416548212,-106.141502009282));
#9289=CARTESIAN_POINT('Origin',(79.89,154.553213050502,-107.13824254909));
#9290=CARTESIAN_POINT('Origin',(-86.3,148.414346679311,-126.577566603096));
#9291=CARTESIAN_POINT('',(-87.84,145.587948428166,-126.079196333192));
#9292=CARTESIAN_POINT('Origin',(-86.3,145.587948428166,-126.079196333192));
#9293=CARTESIAN_POINT('',(-87.84,151.240744930456,-127.075936873));
#9294=CARTESIAN_POINT('',(-87.84,148.414346679311,-126.577566603096));
#9295=CARTESIAN_POINT('Origin',(-86.3,151.240744930456,-127.075936873));
#9296=CARTESIAN_POINT('Origin',(-86.3,150.255937177444,-126.902288695333));
#9297=CARTESIAN_POINT('',(-88.575,150.255937177444,-126.902288695333));
#9298=CARTESIAN_POINT('Origin',(-86.3,150.255937177444,-126.902288695333));
#9299=CARTESIAN_POINT('',(-88.23,150.255937177444,-126.902288695333));
#9300=CARTESIAN_POINT('Origin',(-86.3,150.255937177444,-126.902288695333));
#9301=CARTESIAN_POINT('Origin',(-86.3,150.74834105395,-126.989112784166));
#9302=CARTESIAN_POINT('',(-88.575,151.240744930456,-127.075936873));
#9303=CARTESIAN_POINT('Origin',(-86.3,151.240744930456,-127.075936873));
#9304=CARTESIAN_POINT('',(-88.575,150.74834105395,-126.989112784166));
#9305=CARTESIAN_POINT('Origin',(-86.3,147.803765872444,-126.469904732942));
#9306=CARTESIAN_POINT('',(-88.575,147.803765872444,-126.469904732942));
#9307=CARTESIAN_POINT('Origin',(-86.3,147.803765872444,-126.469904732942));
#9308=CARTESIAN_POINT('',(-88.23,147.803765872444,-126.469904732942));
#9309=CARTESIAN_POINT('Origin',(-86.3,147.803765872444,-126.469904732942));
#9310=CARTESIAN_POINT('Origin',(-86.3,148.788573625456,-126.643552910609));
#9311=CARTESIAN_POINT('',(-88.575,148.788573625456,-126.643552910609));
#9312=CARTESIAN_POINT('Origin',(-86.3,148.788573625456,-126.643552910609));
#9313=CARTESIAN_POINT('',(-88.23,148.788573625456,-126.643552910609));
#9314=CARTESIAN_POINT('Origin',(-86.3,148.788573625456,-126.643552910609));
#9315=CARTESIAN_POINT('Origin',(-86.3,148.29616974895,-126.556728821776));
#9316=CARTESIAN_POINT('',(-88.575,148.29616974895,-126.556728821776));
#9317=CARTESIAN_POINT('Origin',(-86.3,148.414346679311,-126.577566603096));
#9318=CARTESIAN_POINT('',(-88.23,148.414346679311,-126.577566603096));
#9319=CARTESIAN_POINT('Origin',(-86.3,146.572756181178,-126.252844510859));
#9320=CARTESIAN_POINT('',(-88.575,146.572756181178,-126.252844510859));
#9321=CARTESIAN_POINT('Origin',(-86.3,146.572756181178,-126.252844510859));
#9322=CARTESIAN_POINT('',(-88.23,146.572756181178,-126.252844510859));
#9323=CARTESIAN_POINT('Origin',(-86.3,146.572756181178,-126.252844510859));
#9324=CARTESIAN_POINT('Origin',(-86.3,146.080352304672,-126.166020422025));
#9325=CARTESIAN_POINT('',(-88.575,145.587948428166,-126.079196333192));
#9326=CARTESIAN_POINT('',(-88.575,146.080352304672,-126.166020422025));
#9327=CARTESIAN_POINT('Origin',(-86.3,145.587948428166,-126.079196333192));
#9328=CARTESIAN_POINT('Origin',(-86.3,148.414346679311,-126.577566603096));
#9329=CARTESIAN_POINT('',(-88.23,148.414346679311,-126.577566603096));
#9330=CARTESIAN_POINT('Origin',(-86.3,145.587948428166,-126.079196333192));
#9331=CARTESIAN_POINT('Origin',(-86.3,151.240744930456,-127.075936873));
#9332=CARTESIAN_POINT('Origin',(-86.3,156.921370903214,-78.3318347830276));
#9333=CARTESIAN_POINT('',(-87.84,154.094972652069,-77.8334645131235));
#9334=CARTESIAN_POINT('Origin',(-86.3,154.094972652069,-77.8334645131235));
#9335=CARTESIAN_POINT('',(-87.84,159.747769154359,-78.8302050529317));
#9336=CARTESIAN_POINT('',(-87.84,156.921370903214,-78.3318347830276));
#9337=CARTESIAN_POINT('Origin',(-86.3,159.747769154359,-78.8302050529317));
#9338=CARTESIAN_POINT('Origin',(-86.3,158.762961401347,-78.6565568752648));
#9339=CARTESIAN_POINT('',(-88.575,158.762961401347,-78.6565568752648));
#9340=CARTESIAN_POINT('Origin',(-86.3,158.762961401347,-78.6565568752648));
#9341=CARTESIAN_POINT('',(-88.23,158.762961401347,-78.6565568752648));
#9342=CARTESIAN_POINT('Origin',(-86.3,158.762961401347,-78.6565568752648));
#9343=CARTESIAN_POINT('Origin',(-86.3,159.255365277853,-78.7433809640983));
#9344=CARTESIAN_POINT('',(-88.575,159.747769154359,-78.8302050529317));
#9345=CARTESIAN_POINT('Origin',(-86.3,159.747769154359,-78.8302050529317));
#9346=CARTESIAN_POINT('',(-88.575,159.255365277853,-78.7433809640983));
#9347=CARTESIAN_POINT('Origin',(-86.3,156.310790096346,-78.2241729128741));
#9348=CARTESIAN_POINT('',(-88.575,156.310790096346,-78.2241729128741));
#9349=CARTESIAN_POINT('Origin',(-86.3,156.310790096346,-78.2241729128741));
#9350=CARTESIAN_POINT('',(-88.23,156.310790096346,-78.2241729128741));
#9351=CARTESIAN_POINT('Origin',(-86.3,156.310790096346,-78.2241729128741));
#9352=CARTESIAN_POINT('Origin',(-86.3,157.295597849359,-78.3978210905411));
#9353=CARTESIAN_POINT('',(-88.575,157.295597849359,-78.3978210905411));
#9354=CARTESIAN_POINT('Origin',(-86.3,157.295597849359,-78.3978210905411));
#9355=CARTESIAN_POINT('',(-88.23,157.295597849359,-78.3978210905411));
#9356=CARTESIAN_POINT('Origin',(-86.3,157.295597849359,-78.3978210905411));
#9357=CARTESIAN_POINT('Origin',(-86.3,156.803193972853,-78.3109970017076));
#9358=CARTESIAN_POINT('',(-88.575,156.803193972853,-78.3109970017076));
#9359=CARTESIAN_POINT('Origin',(-86.3,156.921370903214,-78.3318347830276));
#9360=CARTESIAN_POINT('',(-88.23,156.921370903214,-78.3318347830276));
#9361=CARTESIAN_POINT('Origin',(-86.3,155.079780405081,-78.0071126907905));
#9362=CARTESIAN_POINT('',(-88.575,155.079780405081,-78.0071126907905));
#9363=CARTESIAN_POINT('Origin',(-86.3,155.079780405081,-78.0071126907905));
#9364=CARTESIAN_POINT('',(-88.23,155.079780405081,-78.0071126907905));
#9365=CARTESIAN_POINT('Origin',(-86.3,155.079780405081,-78.0071126907905));
#9366=CARTESIAN_POINT('Origin',(-86.3,154.587376528575,-77.920288601957));
#9367=CARTESIAN_POINT('',(-88.575,154.094972652069,-77.8334645131235));
#9368=CARTESIAN_POINT('',(-88.575,154.587376528575,-77.920288601957));
#9369=CARTESIAN_POINT('Origin',(-86.3,154.094972652069,-77.8334645131235));
#9370=CARTESIAN_POINT('Origin',(-86.3,156.921370903214,-78.3318347830276));
#9371=CARTESIAN_POINT('',(-88.23,156.921370903214,-78.3318347830276));
#9372=CARTESIAN_POINT('Origin',(-86.3,154.094972652069,-77.8334645131235));
#9373=CARTESIAN_POINT('Origin',(-86.3,159.747769154359,-78.8302050529317));
#9374=CARTESIAN_POINT('Origin',(-37.78,148.414346679311,-126.577566603096));
#9375=CARTESIAN_POINT('',(-39.32,145.587948428166,-126.079196333192));
#9376=CARTESIAN_POINT('Origin',(-37.78,145.587948428166,-126.079196333192));
#9377=CARTESIAN_POINT('',(-39.32,151.240744930456,-127.075936873));
#9378=CARTESIAN_POINT('',(-39.32,148.414346679311,-126.577566603096));
#9379=CARTESIAN_POINT('Origin',(-37.78,151.240744930456,-127.075936873));
#9380=CARTESIAN_POINT('Origin',(-37.78,150.255937177444,-126.902288695333));
#9381=CARTESIAN_POINT('',(-40.055,150.255937177444,-126.902288695333));
#9382=CARTESIAN_POINT('Origin',(-37.78,150.255937177444,-126.902288695333));
#9383=CARTESIAN_POINT('',(-39.71,150.255937177444,-126.902288695333));
#9384=CARTESIAN_POINT('Origin',(-37.78,150.255937177444,-126.902288695333));
#9385=CARTESIAN_POINT('Origin',(-37.78,150.74834105395,-126.989112784166));
#9386=CARTESIAN_POINT('',(-40.055,151.240744930456,-127.075936873));
#9387=CARTESIAN_POINT('Origin',(-37.78,151.240744930456,-127.075936873));
#9388=CARTESIAN_POINT('',(-40.055,150.74834105395,-126.989112784166));
#9389=CARTESIAN_POINT('Origin',(-37.78,147.803765872444,-126.469904732942));
#9390=CARTESIAN_POINT('',(-40.055,147.803765872444,-126.469904732942));
#9391=CARTESIAN_POINT('Origin',(-37.78,147.803765872444,-126.469904732942));
#9392=CARTESIAN_POINT('',(-39.71,147.803765872444,-126.469904732942));
#9393=CARTESIAN_POINT('Origin',(-37.78,147.803765872444,-126.469904732942));
#9394=CARTESIAN_POINT('Origin',(-37.78,148.788573625456,-126.643552910609));
#9395=CARTESIAN_POINT('',(-40.055,148.788573625456,-126.643552910609));
#9396=CARTESIAN_POINT('Origin',(-37.78,148.788573625456,-126.643552910609));
#9397=CARTESIAN_POINT('',(-39.71,148.788573625456,-126.643552910609));
#9398=CARTESIAN_POINT('Origin',(-37.78,148.788573625456,-126.643552910609));
#9399=CARTESIAN_POINT('Origin',(-37.78,148.29616974895,-126.556728821776));
#9400=CARTESIAN_POINT('',(-40.055,148.29616974895,-126.556728821776));
#9401=CARTESIAN_POINT('Origin',(-37.78,148.414346679311,-126.577566603096));
#9402=CARTESIAN_POINT('',(-39.71,148.414346679311,-126.577566603096));
#9403=CARTESIAN_POINT('Origin',(-37.78,146.572756181178,-126.252844510859));
#9404=CARTESIAN_POINT('',(-40.055,146.572756181178,-126.252844510859));
#9405=CARTESIAN_POINT('Origin',(-37.78,146.572756181178,-126.252844510859));
#9406=CARTESIAN_POINT('',(-39.71,146.572756181178,-126.252844510859));
#9407=CARTESIAN_POINT('Origin',(-37.78,146.572756181178,-126.252844510859));
#9408=CARTESIAN_POINT('Origin',(-37.78,146.080352304672,-126.166020422025));
#9409=CARTESIAN_POINT('',(-40.055,145.587948428166,-126.079196333192));
#9410=CARTESIAN_POINT('',(-40.055,146.080352304672,-126.166020422025));
#9411=CARTESIAN_POINT('Origin',(-37.78,145.587948428166,-126.079196333192));
#9412=CARTESIAN_POINT('Origin',(-37.78,148.414346679311,-126.577566603096));
#9413=CARTESIAN_POINT('',(-39.71,148.414346679311,-126.577566603096));
#9414=CARTESIAN_POINT('Origin',(-37.78,145.587948428166,-126.079196333192));
#9415=CARTESIAN_POINT('Origin',(-37.78,151.240744930456,-127.075936873));
#9416=CARTESIAN_POINT('Origin',(-37.78,156.921370903214,-78.3318347830276));
#9417=CARTESIAN_POINT('',(-39.32,154.094972652069,-77.8334645131235));
#9418=CARTESIAN_POINT('Origin',(-37.78,154.094972652069,-77.8334645131235));
#9419=CARTESIAN_POINT('',(-39.32,159.747769154359,-78.8302050529317));
#9420=CARTESIAN_POINT('',(-39.32,156.921370903214,-78.3318347830276));
#9421=CARTESIAN_POINT('Origin',(-37.78,159.747769154359,-78.8302050529317));
#9422=CARTESIAN_POINT('Origin',(-37.78,158.762961401347,-78.6565568752648));
#9423=CARTESIAN_POINT('',(-40.055,158.762961401347,-78.6565568752648));
#9424=CARTESIAN_POINT('Origin',(-37.78,158.762961401347,-78.6565568752648));
#9425=CARTESIAN_POINT('',(-39.71,158.762961401347,-78.6565568752648));
#9426=CARTESIAN_POINT('Origin',(-37.78,158.762961401347,-78.6565568752648));
#9427=CARTESIAN_POINT('Origin',(-37.78,159.255365277853,-78.7433809640983));
#9428=CARTESIAN_POINT('',(-40.055,159.747769154359,-78.8302050529317));
#9429=CARTESIAN_POINT('Origin',(-37.78,159.747769154359,-78.8302050529317));
#9430=CARTESIAN_POINT('',(-40.055,159.255365277853,-78.7433809640983));
#9431=CARTESIAN_POINT('Origin',(-37.78,156.310790096346,-78.2241729128741));
#9432=CARTESIAN_POINT('',(-40.055,156.310790096346,-78.2241729128741));
#9433=CARTESIAN_POINT('Origin',(-37.78,156.310790096346,-78.2241729128741));
#9434=CARTESIAN_POINT('',(-39.71,156.310790096346,-78.2241729128741));
#9435=CARTESIAN_POINT('Origin',(-37.78,156.310790096346,-78.2241729128741));
#9436=CARTESIAN_POINT('Origin',(-37.78,157.295597849359,-78.3978210905411));
#9437=CARTESIAN_POINT('',(-40.055,157.295597849359,-78.3978210905411));
#9438=CARTESIAN_POINT('Origin',(-37.78,157.295597849359,-78.3978210905411));
#9439=CARTESIAN_POINT('',(-39.71,157.295597849359,-78.3978210905411));
#9440=CARTESIAN_POINT('Origin',(-37.78,157.295597849359,-78.3978210905411));
#9441=CARTESIAN_POINT('Origin',(-37.78,156.803193972853,-78.3109970017076));
#9442=CARTESIAN_POINT('',(-40.055,156.803193972853,-78.3109970017076));
#9443=CARTESIAN_POINT('Origin',(-37.78,156.921370903214,-78.3318347830276));
#9444=CARTESIAN_POINT('',(-39.71,156.921370903214,-78.3318347830276));
#9445=CARTESIAN_POINT('Origin',(-37.78,155.079780405081,-78.0071126907905));
#9446=CARTESIAN_POINT('',(-40.055,155.079780405081,-78.0071126907905));
#9447=CARTESIAN_POINT('Origin',(-37.78,155.079780405081,-78.0071126907905));
#9448=CARTESIAN_POINT('',(-39.71,155.079780405081,-78.0071126907905));
#9449=CARTESIAN_POINT('Origin',(-37.78,155.079780405081,-78.0071126907905));
#9450=CARTESIAN_POINT('Origin',(-37.78,154.587376528575,-77.920288601957));
#9451=CARTESIAN_POINT('',(-40.055,154.094972652069,-77.8334645131235));
#9452=CARTESIAN_POINT('',(-40.055,154.587376528575,-77.920288601957));
#9453=CARTESIAN_POINT('Origin',(-37.78,154.094972652069,-77.8334645131235));
#9454=CARTESIAN_POINT('Origin',(-37.78,156.921370903214,-78.3318347830276));
#9455=CARTESIAN_POINT('',(-39.71,156.921370903214,-78.3318347830276));
#9456=CARTESIAN_POINT('Origin',(-37.78,154.094972652069,-77.8334645131235));
#9457=CARTESIAN_POINT('Origin',(-37.78,159.747769154359,-78.8302050529317));
#9458=CARTESIAN_POINT('Origin',(-82.29,128.803796524566,-134.6549438153));
#9459=CARTESIAN_POINT('',(-83.83,131.630194775711,-135.153314085204));
#9460=CARTESIAN_POINT('Origin',(-82.29,131.630194775711,-135.153314085204));
#9461=CARTESIAN_POINT('',(-83.83,125.977398273421,-134.156573545396));
#9462=CARTESIAN_POINT('',(-83.83,128.803796524566,-134.6549438153));
#9463=CARTESIAN_POINT('Origin',(-82.29,125.977398273421,-134.156573545396));
#9464=CARTESIAN_POINT('Origin',(-82.29,126.962206026433,-134.330221723062));
#9465=CARTESIAN_POINT('',(-84.565,126.962206026433,-134.330221723062));
#9466=CARTESIAN_POINT('Origin',(-82.29,126.962206026433,-134.330221723062));
#9467=CARTESIAN_POINT('',(-84.22,126.962206026433,-134.330221723062));
#9468=CARTESIAN_POINT('Origin',(-82.29,126.962206026433,-134.330221723062));
#9469=CARTESIAN_POINT('Origin',(-82.29,126.469802149927,-134.243397634229));
#9470=CARTESIAN_POINT('',(-84.565,125.977398273421,-134.156573545396));
#9471=CARTESIAN_POINT('Origin',(-82.29,125.977398273421,-134.156573545396));
#9472=CARTESIAN_POINT('',(-84.565,126.469802149927,-134.243397634229));
#9473=CARTESIAN_POINT('Origin',(-82.29,129.414377331434,-134.762605685453));
#9474=CARTESIAN_POINT('',(-84.565,129.414377331434,-134.762605685453));
#9475=CARTESIAN_POINT('Origin',(-82.29,129.414377331434,-134.762605685453));
#9476=CARTESIAN_POINT('',(-84.22,129.414377331434,-134.762605685453));
#9477=CARTESIAN_POINT('Origin',(-82.29,129.414377331434,-134.762605685453));
#9478=CARTESIAN_POINT('Origin',(-82.29,128.429569578421,-134.588957507786));
#9479=CARTESIAN_POINT('',(-84.565,128.429569578421,-134.588957507786));
#9480=CARTESIAN_POINT('Origin',(-82.29,128.429569578421,-134.588957507786));
#9481=CARTESIAN_POINT('',(-84.22,128.429569578421,-134.588957507786));
#9482=CARTESIAN_POINT('Origin',(-82.29,128.429569578421,-134.588957507786));
#9483=CARTESIAN_POINT('Origin',(-82.29,128.921973454928,-134.67578159662));
#9484=CARTESIAN_POINT('',(-84.565,128.921973454928,-134.67578159662));
#9485=CARTESIAN_POINT('Origin',(-82.29,128.803796524566,-134.6549438153));
#9486=CARTESIAN_POINT('',(-84.22,128.803796524566,-134.6549438153));
#9487=CARTESIAN_POINT('Origin',(-82.29,130.645387022699,-134.979665907537));
#9488=CARTESIAN_POINT('',(-84.565,130.645387022699,-134.979665907537));
#9489=CARTESIAN_POINT('Origin',(-82.29,130.645387022699,-134.979665907537));
#9490=CARTESIAN_POINT('',(-84.22,130.645387022699,-134.979665907537));
#9491=CARTESIAN_POINT('Origin',(-82.29,130.645387022699,-134.979665907537));
#9492=CARTESIAN_POINT('Origin',(-82.29,131.137790899205,-135.06648999637));
#9493=CARTESIAN_POINT('',(-84.565,131.630194775711,-135.153314085204));
#9494=CARTESIAN_POINT('',(-84.565,131.137790899205,-135.06648999637));
#9495=CARTESIAN_POINT('Origin',(-82.29,131.630194775711,-135.153314085204));
#9496=CARTESIAN_POINT('Origin',(-82.29,128.803796524566,-134.6549438153));
#9497=CARTESIAN_POINT('',(-84.22,128.803796524566,-134.6549438153));
#9498=CARTESIAN_POINT('Origin',(-82.29,131.630194775711,-135.153314085204));
#9499=CARTESIAN_POINT('Origin',(-82.29,125.977398273421,-134.156573545396));
#9500=CARTESIAN_POINT('Origin',(-82.29,165.764811140972,74.9613864133488));
#9501=CARTESIAN_POINT('',(-83.83,168.591209392117,74.4630161434447));
#9502=CARTESIAN_POINT('Origin',(-82.29,168.591209392117,74.4630161434447));
#9503=CARTESIAN_POINT('',(-83.83,162.938412889827,75.4597566832529));
#9504=CARTESIAN_POINT('',(-83.83,165.764811140972,74.9613864133488));
#9505=CARTESIAN_POINT('Origin',(-82.29,162.938412889827,75.4597566832529));
#9506=CARTESIAN_POINT('Origin',(-82.29,163.923220642839,75.286108505586));
#9507=CARTESIAN_POINT('',(-84.565,163.923220642839,75.286108505586));
#9508=CARTESIAN_POINT('Origin',(-82.29,163.923220642839,75.286108505586));
#9509=CARTESIAN_POINT('',(-84.22,163.923220642839,75.286108505586));
#9510=CARTESIAN_POINT('Origin',(-82.29,163.923220642839,75.286108505586));
#9511=CARTESIAN_POINT('Origin',(-82.29,163.430816766333,75.3729325944195));
#9512=CARTESIAN_POINT('',(-84.565,162.938412889827,75.4597566832529));
#9513=CARTESIAN_POINT('Origin',(-82.29,162.938412889827,75.4597566832529));
#9514=CARTESIAN_POINT('',(-84.565,163.430816766333,75.3729325944195));
#9515=CARTESIAN_POINT('Origin',(-82.29,166.37539194784,74.8537245431953));
#9516=CARTESIAN_POINT('',(-84.565,166.37539194784,74.8537245431953));
#9517=CARTESIAN_POINT('Origin',(-82.29,166.37539194784,74.8537245431953));
#9518=CARTESIAN_POINT('',(-84.22,166.37539194784,74.8537245431953));
#9519=CARTESIAN_POINT('Origin',(-82.29,166.37539194784,74.8537245431953));
#9520=CARTESIAN_POINT('Origin',(-82.29,165.390584194828,75.0273727208623));
#9521=CARTESIAN_POINT('',(-84.565,165.390584194828,75.0273727208623));
#9522=CARTESIAN_POINT('Origin',(-82.29,165.390584194828,75.0273727208623));
#9523=CARTESIAN_POINT('',(-84.22,165.390584194828,75.0273727208623));
#9524=CARTESIAN_POINT('Origin',(-82.29,165.390584194828,75.0273727208623));
#9525=CARTESIAN_POINT('Origin',(-82.29,165.882988071334,74.9405486320288));
#9526=CARTESIAN_POINT('',(-84.565,165.882988071334,74.9405486320288));
#9527=CARTESIAN_POINT('Origin',(-82.29,165.764811140972,74.9613864133488));
#9528=CARTESIAN_POINT('',(-84.22,165.764811140972,74.9613864133488));
#9529=CARTESIAN_POINT('Origin',(-82.29,167.606401639105,74.6366643211117));
#9530=CARTESIAN_POINT('',(-84.565,167.606401639105,74.6366643211117));
#9531=CARTESIAN_POINT('Origin',(-82.29,167.606401639105,74.6366643211117));
#9532=CARTESIAN_POINT('',(-84.22,167.606401639105,74.6366643211117));
#9533=CARTESIAN_POINT('Origin',(-82.29,167.606401639105,74.6366643211117));
#9534=CARTESIAN_POINT('Origin',(-82.29,168.098805515611,74.5498402322782));
#9535=CARTESIAN_POINT('',(-84.565,168.591209392117,74.4630161434448));
#9536=CARTESIAN_POINT('',(-84.565,168.098805515611,74.5498402322782));
#9537=CARTESIAN_POINT('Origin',(-82.29,168.591209392117,74.4630161434447));
#9538=CARTESIAN_POINT('Origin',(-82.29,165.764811140972,74.9613864133488));
#9539=CARTESIAN_POINT('',(-84.22,165.764811140972,74.9613864133488));
#9540=CARTESIAN_POINT('Origin',(-82.29,168.591209392117,74.4630161434447));
#9541=CARTESIAN_POINT('Origin',(-82.29,162.938412889827,75.4597566832529));
#9542=CARTESIAN_POINT('Origin',(82.29,128.803796524566,-134.6549438153));
#9543=CARTESIAN_POINT('',(80.75,131.630194775711,-135.153314085204));
#9544=CARTESIAN_POINT('Origin',(82.29,131.630194775711,-135.153314085204));
#9545=CARTESIAN_POINT('',(80.75,125.977398273421,-134.156573545396));
#9546=CARTESIAN_POINT('',(80.75,128.803796524566,-134.6549438153));
#9547=CARTESIAN_POINT('Origin',(82.29,125.977398273421,-134.156573545396));
#9548=CARTESIAN_POINT('Origin',(82.29,126.962206026433,-134.330221723063));
#9549=CARTESIAN_POINT('',(80.015,126.962206026433,-134.330221723063));
#9550=CARTESIAN_POINT('Origin',(82.29,126.962206026433,-134.330221723063));
#9551=CARTESIAN_POINT('',(80.36,126.962206026433,-134.330221723063));
#9552=CARTESIAN_POINT('Origin',(82.29,126.962206026433,-134.330221723063));
#9553=CARTESIAN_POINT('Origin',(82.29,126.469802149927,-134.243397634229));
#9554=CARTESIAN_POINT('',(80.015,125.977398273421,-134.156573545396));
#9555=CARTESIAN_POINT('Origin',(82.29,125.977398273421,-134.156573545396));
#9556=CARTESIAN_POINT('',(80.015,126.469802149927,-134.243397634229));
#9557=CARTESIAN_POINT('Origin',(82.29,129.414377331434,-134.762605685453));
#9558=CARTESIAN_POINT('',(80.015,129.414377331434,-134.762605685453));
#9559=CARTESIAN_POINT('Origin',(82.29,129.414377331434,-134.762605685453));
#9560=CARTESIAN_POINT('',(80.36,129.414377331434,-134.762605685453));
#9561=CARTESIAN_POINT('Origin',(82.29,129.414377331434,-134.762605685453));
#9562=CARTESIAN_POINT('Origin',(82.29,128.429569578422,-134.588957507786));
#9563=CARTESIAN_POINT('',(80.015,128.429569578422,-134.588957507786));
#9564=CARTESIAN_POINT('Origin',(82.29,128.429569578422,-134.588957507786));
#9565=CARTESIAN_POINT('',(80.36,128.429569578422,-134.588957507786));
#9566=CARTESIAN_POINT('Origin',(82.29,128.429569578422,-134.588957507786));
#9567=CARTESIAN_POINT('Origin',(82.29,128.921973454928,-134.67578159662));
#9568=CARTESIAN_POINT('',(80.015,128.921973454928,-134.67578159662));
#9569=CARTESIAN_POINT('Origin',(82.29,128.803796524566,-134.6549438153));
#9570=CARTESIAN_POINT('',(80.36,128.803796524566,-134.6549438153));
#9571=CARTESIAN_POINT('Origin',(82.29,130.645387022699,-134.979665907537));
#9572=CARTESIAN_POINT('',(80.015,130.645387022699,-134.979665907537));
#9573=CARTESIAN_POINT('Origin',(82.29,130.645387022699,-134.979665907537));
#9574=CARTESIAN_POINT('',(80.36,130.645387022699,-134.979665907537));
#9575=CARTESIAN_POINT('Origin',(82.29,130.645387022699,-134.979665907537));
#9576=CARTESIAN_POINT('Origin',(82.29,131.137790899205,-135.06648999637));
#9577=CARTESIAN_POINT('',(80.015,131.630194775711,-135.153314085204));
#9578=CARTESIAN_POINT('',(80.015,131.137790899205,-135.06648999637));
#9579=CARTESIAN_POINT('Origin',(82.29,131.630194775711,-135.153314085204));
#9580=CARTESIAN_POINT('Origin',(82.29,128.803796524566,-134.6549438153));
#9581=CARTESIAN_POINT('',(80.36,128.803796524566,-134.6549438153));
#9582=CARTESIAN_POINT('Origin',(82.29,131.630194775711,-135.153314085204));
#9583=CARTESIAN_POINT('Origin',(82.29,125.977398273421,-134.156573545396));
#9584=CARTESIAN_POINT('Origin',(82.29,165.764811140972,74.9613864133488));
#9585=CARTESIAN_POINT('',(80.75,168.591209392117,74.4630161434447));
#9586=CARTESIAN_POINT('Origin',(82.29,168.591209392117,74.4630161434447));
#9587=CARTESIAN_POINT('',(80.75,162.938412889827,75.4597566832529));
#9588=CARTESIAN_POINT('',(80.75,165.764811140972,74.9613864133488));
#9589=CARTESIAN_POINT('Origin',(82.29,162.938412889827,75.4597566832529));
#9590=CARTESIAN_POINT('Origin',(82.29,163.923220642839,75.286108505586));
#9591=CARTESIAN_POINT('',(80.015,163.923220642839,75.286108505586));
#9592=CARTESIAN_POINT('Origin',(82.29,163.923220642839,75.286108505586));
#9593=CARTESIAN_POINT('',(80.36,163.923220642839,75.286108505586));
#9594=CARTESIAN_POINT('Origin',(82.29,163.923220642839,75.286108505586));
#9595=CARTESIAN_POINT('Origin',(82.29,163.430816766333,75.3729325944195));
#9596=CARTESIAN_POINT('',(80.015,162.938412889827,75.4597566832529));
#9597=CARTESIAN_POINT('Origin',(82.29,162.938412889827,75.4597566832529));
#9598=CARTESIAN_POINT('',(80.015,163.430816766333,75.3729325944195));
#9599=CARTESIAN_POINT('Origin',(82.29,166.37539194784,74.8537245431953));
#9600=CARTESIAN_POINT('',(80.015,166.37539194784,74.8537245431953));
#9601=CARTESIAN_POINT('Origin',(82.29,166.37539194784,74.8537245431953));
#9602=CARTESIAN_POINT('',(80.36,166.37539194784,74.8537245431953));
#9603=CARTESIAN_POINT('Origin',(82.29,166.37539194784,74.8537245431953));
#9604=CARTESIAN_POINT('Origin',(82.29,165.390584194828,75.0273727208623));
#9605=CARTESIAN_POINT('',(80.015,165.390584194828,75.0273727208623));
#9606=CARTESIAN_POINT('Origin',(82.29,165.390584194828,75.0273727208623));
#9607=CARTESIAN_POINT('',(80.36,165.390584194828,75.0273727208623));
#9608=CARTESIAN_POINT('Origin',(82.29,165.390584194828,75.0273727208623));
#9609=CARTESIAN_POINT('Origin',(82.29,165.882988071334,74.9405486320288));
#9610=CARTESIAN_POINT('',(80.015,165.882988071334,74.9405486320288));
#9611=CARTESIAN_POINT('Origin',(82.29,165.764811140972,74.9613864133488));
#9612=CARTESIAN_POINT('',(80.36,165.764811140972,74.9613864133488));
#9613=CARTESIAN_POINT('Origin',(82.29,167.606401639105,74.6366643211117));
#9614=CARTESIAN_POINT('',(80.015,167.606401639105,74.6366643211117));
#9615=CARTESIAN_POINT('Origin',(82.29,167.606401639105,74.6366643211117));
#9616=CARTESIAN_POINT('',(80.36,167.606401639105,74.6366643211117));
#9617=CARTESIAN_POINT('Origin',(82.29,167.606401639105,74.6366643211117));
#9618=CARTESIAN_POINT('Origin',(82.29,168.098805515611,74.5498402322782));
#9619=CARTESIAN_POINT('',(80.015,168.591209392117,74.4630161434448));
#9620=CARTESIAN_POINT('',(80.015,168.098805515611,74.5498402322782));
#9621=CARTESIAN_POINT('Origin',(82.29,168.591209392117,74.4630161434447));
#9622=CARTESIAN_POINT('Origin',(82.29,165.764811140972,74.9613864133488));
#9623=CARTESIAN_POINT('',(80.36,165.764811140972,74.9613864133488));
#9624=CARTESIAN_POINT('Origin',(82.29,168.591209392117,74.4630161434447));
#9625=CARTESIAN_POINT('Origin',(82.29,162.938412889827,75.4597566832529));
#9626=CARTESIAN_POINT('Origin',(-23.04,182.946020172773,-122.045069968683));
#9627=CARTESIAN_POINT('',(-24.33,181.468808543254,-121.784597702183));
#9628=CARTESIAN_POINT('Origin',(-23.04,181.468808543254,-121.784597702183));
#9629=CARTESIAN_POINT('',(-24.33,184.423231802291,-122.305542235184));
#9630=CARTESIAN_POINT('',(-24.33,182.946020172773,-122.045069968683));
#9631=CARTESIAN_POINT('Origin',(-23.04,184.423231802291,-122.305542235184));
#9632=CARTESIAN_POINT('Origin',(-23.04,183.783106762833,-122.1926709197));
#9633=CARTESIAN_POINT('',(-25.34,183.783106762833,-122.1926709197));
#9634=CARTESIAN_POINT('Origin',(-23.04,183.783106762833,-122.1926709197));
#9635=CARTESIAN_POINT('',(-24.99,183.783106762833,-122.1926709197));
#9636=CARTESIAN_POINT('Origin',(-23.04,183.783106762833,-122.1926709197));
#9637=CARTESIAN_POINT('Origin',(-23.04,184.103169282562,-122.249106577442));
#9638=CARTESIAN_POINT('',(-25.34,184.423231802291,-122.305542235184));
#9639=CARTESIAN_POINT('Origin',(-23.04,184.423231802291,-122.305542235184));
#9640=CARTESIAN_POINT('',(-25.34,184.103169282562,-122.249106577442));
#9641=CARTESIAN_POINT('Origin',(-23.04,182.630881691809,-121.98950255183));
#9642=CARTESIAN_POINT('',(-25.34,182.630881691809,-121.98950255183));
#9643=CARTESIAN_POINT('Origin',(-23.04,182.630881691809,-121.98950255183));
#9644=CARTESIAN_POINT('',(-24.99,182.630881691809,-121.98950255183));
#9645=CARTESIAN_POINT('Origin',(-23.04,182.630881691809,-121.98950255183));
#9646=CARTESIAN_POINT('Origin',(-23.04,183.271006731267,-122.102373867314));
#9647=CARTESIAN_POINT('',(-25.34,183.271006731267,-122.102373867314));
#9648=CARTESIAN_POINT('Origin',(-23.04,183.271006731267,-122.102373867314));
#9649=CARTESIAN_POINT('',(-24.99,183.271006731267,-122.102373867314));
#9650=CARTESIAN_POINT('Origin',(-23.04,183.271006731267,-122.102373867314));
#9651=CARTESIAN_POINT('Origin',(-23.04,182.950944211538,-122.045938209572));
#9652=CARTESIAN_POINT('',(-25.34,182.950944211538,-122.045938209572));
#9653=CARTESIAN_POINT('Origin',(-23.04,182.946020172773,-122.045069968683));
#9654=CARTESIAN_POINT('',(-24.99,182.946020172773,-122.045069968683));
#9655=CARTESIAN_POINT('Origin',(-23.04,182.108933582712,-121.897469017667));
#9656=CARTESIAN_POINT('',(-25.34,182.108933582712,-121.897469017667));
#9657=CARTESIAN_POINT('Origin',(-23.04,182.108933582712,-121.897469017667));
#9658=CARTESIAN_POINT('',(-24.99,182.108933582712,-121.897469017667));
#9659=CARTESIAN_POINT('Origin',(-23.04,182.108933582712,-121.897469017667));
#9660=CARTESIAN_POINT('Origin',(-23.04,181.788871062983,-121.841033359925));
#9661=CARTESIAN_POINT('',(-25.34,181.468808543254,-121.784597702183));
#9662=CARTESIAN_POINT('',(-25.34,181.788871062983,-121.841033359925));
#9663=CARTESIAN_POINT('Origin',(-23.04,181.468808543254,-121.784597702183));
#9664=CARTESIAN_POINT('Origin',(-23.04,182.946020172773,-122.045069968683));
#9665=CARTESIAN_POINT('',(-24.99,182.946020172773,-122.045069968683));
#9666=CARTESIAN_POINT('Origin',(-23.04,181.468808543254,-121.784597702183));
#9667=CARTESIAN_POINT('Origin',(-23.04,184.423231802291,-122.305542235184));
#9668=CARTESIAN_POINT('Origin',(-23.04,193.017614477455,-64.9262202939754));
#9669=CARTESIAN_POINT('',(-24.33,191.540402847936,-64.665748027475));
#9670=CARTESIAN_POINT('Origin',(-23.04,191.540402847936,-64.665748027475));
#9671=CARTESIAN_POINT('',(-24.33,194.494826106973,-65.1866925604758));
#9672=CARTESIAN_POINT('',(-24.33,193.017614477455,-64.9262202939754));
#9673=CARTESIAN_POINT('Origin',(-23.04,194.494826106973,-65.1866925604758));
#9674=CARTESIAN_POINT('Origin',(-23.04,193.854701067515,-65.0738212449923));
#9675=CARTESIAN_POINT('',(-25.34,193.854701067515,-65.0738212449923));
#9676=CARTESIAN_POINT('Origin',(-23.04,193.854701067515,-65.0738212449923));
#9677=CARTESIAN_POINT('',(-24.99,193.854701067515,-65.0738212449923));
#9678=CARTESIAN_POINT('Origin',(-23.04,193.854701067515,-65.0738212449923));
#9679=CARTESIAN_POINT('Origin',(-23.04,194.174763587244,-65.130256902734));
#9680=CARTESIAN_POINT('',(-25.34,194.494826106973,-65.1866925604758));
#9681=CARTESIAN_POINT('Origin',(-23.04,194.494826106973,-65.1866925604758));
#9682=CARTESIAN_POINT('',(-25.34,194.174763587244,-65.130256902734));
#9683=CARTESIAN_POINT('Origin',(-23.04,192.702475996491,-64.870652877122));
#9684=CARTESIAN_POINT('',(-25.34,192.702475996491,-64.870652877122));
#9685=CARTESIAN_POINT('Origin',(-23.04,192.702475996491,-64.870652877122));
#9686=CARTESIAN_POINT('',(-24.99,192.702475996491,-64.870652877122));
#9687=CARTESIAN_POINT('Origin',(-23.04,192.702475996491,-64.870652877122));
#9688=CARTESIAN_POINT('Origin',(-23.04,193.342601035949,-64.9835241926055));
#9689=CARTESIAN_POINT('',(-25.34,193.342601035949,-64.9835241926055));
#9690=CARTESIAN_POINT('Origin',(-23.04,193.342601035949,-64.9835241926055));
#9691=CARTESIAN_POINT('',(-24.99,193.342601035949,-64.9835241926055));
#9692=CARTESIAN_POINT('Origin',(-23.04,193.342601035949,-64.9835241926055));
#9693=CARTESIAN_POINT('Origin',(-23.04,193.02253851622,-64.9270885348637));
#9694=CARTESIAN_POINT('',(-25.34,193.02253851622,-64.9270885348637));
#9695=CARTESIAN_POINT('Origin',(-23.04,193.017614477455,-64.9262202939754));
#9696=CARTESIAN_POINT('',(-24.99,193.017614477455,-64.9262202939754));
#9697=CARTESIAN_POINT('Origin',(-23.04,192.180527887394,-64.7786193429585));
#9698=CARTESIAN_POINT('',(-25.34,192.180527887394,-64.7786193429585));
#9699=CARTESIAN_POINT('Origin',(-23.04,192.180527887394,-64.7786193429585));
#9700=CARTESIAN_POINT('',(-24.99,192.180527887394,-64.7786193429585));
#9701=CARTESIAN_POINT('Origin',(-23.04,192.180527887394,-64.7786193429585));
#9702=CARTESIAN_POINT('Origin',(-23.04,191.860465367665,-64.7221836852167));
#9703=CARTESIAN_POINT('',(-25.34,191.540402847936,-64.665748027475));
#9704=CARTESIAN_POINT('',(-25.34,191.860465367665,-64.7221836852167));
#9705=CARTESIAN_POINT('Origin',(-23.04,191.540402847936,-64.665748027475));
#9706=CARTESIAN_POINT('Origin',(-23.04,193.017614477455,-64.9262202939754));
#9707=CARTESIAN_POINT('',(-24.99,193.017614477455,-64.9262202939754));
#9708=CARTESIAN_POINT('Origin',(-23.04,191.540402847936,-64.665748027475));
#9709=CARTESIAN_POINT('Origin',(-23.04,194.494826106973,-65.1866925604758));
#9710=CARTESIAN_POINT('Origin',(63.86,182.946020172773,-122.045069968683));
#9711=CARTESIAN_POINT('',(62.57,181.468808543255,-121.784597702183));
#9712=CARTESIAN_POINT('Origin',(63.86,181.468808543255,-121.784597702183));
#9713=CARTESIAN_POINT('',(62.57,184.423231802291,-122.305542235184));
#9714=CARTESIAN_POINT('',(62.57,182.946020172773,-122.045069968683));
#9715=CARTESIAN_POINT('Origin',(63.86,184.423231802291,-122.305542235184));
#9716=CARTESIAN_POINT('Origin',(63.86,183.783106762833,-122.1926709197));
#9717=CARTESIAN_POINT('',(61.56,183.783106762833,-122.1926709197));
#9718=CARTESIAN_POINT('Origin',(63.86,183.783106762833,-122.1926709197));
#9719=CARTESIAN_POINT('',(61.91,183.783106762833,-122.1926709197));
#9720=CARTESIAN_POINT('Origin',(63.86,183.783106762833,-122.1926709197));
#9721=CARTESIAN_POINT('Origin',(63.86,184.103169282562,-122.249106577442));
#9722=CARTESIAN_POINT('',(61.56,184.423231802291,-122.305542235184));
#9723=CARTESIAN_POINT('Origin',(63.86,184.423231802291,-122.305542235184));
#9724=CARTESIAN_POINT('',(61.56,184.103169282562,-122.249106577442));
#9725=CARTESIAN_POINT('Origin',(63.86,182.630881691809,-121.98950255183));
#9726=CARTESIAN_POINT('',(61.56,182.630881691809,-121.98950255183));
#9727=CARTESIAN_POINT('Origin',(63.86,182.630881691809,-121.98950255183));
#9728=CARTESIAN_POINT('',(61.91,182.630881691809,-121.98950255183));
#9729=CARTESIAN_POINT('Origin',(63.86,182.630881691809,-121.98950255183));
#9730=CARTESIAN_POINT('Origin',(63.86,183.271006731267,-122.102373867314));
#9731=CARTESIAN_POINT('',(61.56,183.271006731267,-122.102373867314));
#9732=CARTESIAN_POINT('Origin',(63.86,183.271006731267,-122.102373867314));
#9733=CARTESIAN_POINT('',(61.91,183.271006731267,-122.102373867314));
#9734=CARTESIAN_POINT('Origin',(63.86,183.271006731267,-122.102373867314));
#9735=CARTESIAN_POINT('Origin',(63.86,182.950944211538,-122.045938209572));
#9736=CARTESIAN_POINT('',(61.56,182.950944211538,-122.045938209572));
#9737=CARTESIAN_POINT('Origin',(63.86,182.946020172773,-122.045069968683));
#9738=CARTESIAN_POINT('',(61.91,182.946020172773,-122.045069968683));
#9739=CARTESIAN_POINT('Origin',(63.86,182.108933582712,-121.897469017667));
#9740=CARTESIAN_POINT('',(61.56,182.108933582712,-121.897469017667));
#9741=CARTESIAN_POINT('Origin',(63.86,182.108933582712,-121.897469017667));
#9742=CARTESIAN_POINT('',(61.91,182.108933582712,-121.897469017667));
#9743=CARTESIAN_POINT('Origin',(63.86,182.108933582712,-121.897469017667));
#9744=CARTESIAN_POINT('Origin',(63.86,181.788871062983,-121.841033359925));
#9745=CARTESIAN_POINT('',(61.56,181.468808543254,-121.784597702183));
#9746=CARTESIAN_POINT('',(61.56,181.788871062983,-121.841033359925));
#9747=CARTESIAN_POINT('Origin',(63.86,181.468808543254,-121.784597702183));
#9748=CARTESIAN_POINT('Origin',(63.86,182.946020172773,-122.045069968683));
#9749=CARTESIAN_POINT('',(61.91,182.946020172773,-122.045069968683));
#9750=CARTESIAN_POINT('Origin',(63.86,181.468808543254,-121.784597702183));
#9751=CARTESIAN_POINT('Origin',(63.86,184.423231802291,-122.305542235184));
#9752=CARTESIAN_POINT('Origin',(63.86,193.017614477455,-64.9262202939754));
#9753=CARTESIAN_POINT('',(62.57,191.540402847936,-64.665748027475));
#9754=CARTESIAN_POINT('Origin',(63.86,191.540402847936,-64.665748027475));
#9755=CARTESIAN_POINT('',(62.57,194.494826106973,-65.1866925604758));
#9756=CARTESIAN_POINT('',(62.57,193.017614477455,-64.9262202939754));
#9757=CARTESIAN_POINT('Origin',(63.86,194.494826106973,-65.1866925604758));
#9758=CARTESIAN_POINT('Origin',(63.86,193.854701067515,-65.0738212449923));
#9759=CARTESIAN_POINT('',(61.56,193.854701067515,-65.0738212449923));
#9760=CARTESIAN_POINT('Origin',(63.86,193.854701067515,-65.0738212449923));
#9761=CARTESIAN_POINT('',(61.91,193.854701067515,-65.0738212449923));
#9762=CARTESIAN_POINT('Origin',(63.86,193.854701067515,-65.0738212449923));
#9763=CARTESIAN_POINT('Origin',(63.86,194.174763587244,-65.130256902734));
#9764=CARTESIAN_POINT('',(61.56,194.494826106973,-65.1866925604758));
#9765=CARTESIAN_POINT('Origin',(63.86,194.494826106973,-65.1866925604758));
#9766=CARTESIAN_POINT('',(61.56,194.174763587244,-65.130256902734));
#9767=CARTESIAN_POINT('Origin',(63.86,192.702475996491,-64.870652877122));
#9768=CARTESIAN_POINT('',(61.56,192.702475996491,-64.870652877122));
#9769=CARTESIAN_POINT('Origin',(63.86,192.702475996491,-64.870652877122));
#9770=CARTESIAN_POINT('',(61.91,192.702475996491,-64.870652877122));
#9771=CARTESIAN_POINT('Origin',(63.86,192.702475996491,-64.870652877122));
#9772=CARTESIAN_POINT('Origin',(63.86,193.342601035949,-64.9835241926055));
#9773=CARTESIAN_POINT('',(61.56,193.342601035949,-64.9835241926055));
#9774=CARTESIAN_POINT('Origin',(63.86,193.342601035949,-64.9835241926055));
#9775=CARTESIAN_POINT('',(61.91,193.342601035949,-64.9835241926055));
#9776=CARTESIAN_POINT('Origin',(63.86,193.342601035949,-64.9835241926055));
#9777=CARTESIAN_POINT('Origin',(63.86,193.02253851622,-64.9270885348637));
#9778=CARTESIAN_POINT('',(61.56,193.02253851622,-64.9270885348637));
#9779=CARTESIAN_POINT('Origin',(63.86,193.017614477455,-64.9262202939754));
#9780=CARTESIAN_POINT('',(61.91,193.017614477455,-64.9262202939754));
#9781=CARTESIAN_POINT('Origin',(63.86,192.180527887394,-64.7786193429585));
#9782=CARTESIAN_POINT('',(61.56,192.180527887394,-64.7786193429585));
#9783=CARTESIAN_POINT('Origin',(63.86,192.180527887394,-64.7786193429585));
#9784=CARTESIAN_POINT('',(61.91,192.180527887394,-64.7786193429585));
#9785=CARTESIAN_POINT('Origin',(63.86,192.180527887394,-64.7786193429585));
#9786=CARTESIAN_POINT('Origin',(63.86,191.860465367665,-64.7221836852167));
#9787=CARTESIAN_POINT('',(61.56,191.540402847936,-64.665748027475));
#9788=CARTESIAN_POINT('',(61.56,191.860465367665,-64.7221836852167));
#9789=CARTESIAN_POINT('Origin',(63.86,191.540402847936,-64.665748027475));
#9790=CARTESIAN_POINT('Origin',(63.86,193.017614477455,-64.9262202939754));
#9791=CARTESIAN_POINT('',(61.91,193.017614477455,-64.9262202939754));
#9792=CARTESIAN_POINT('Origin',(63.86,191.540402847936,-64.665748027475));
#9793=CARTESIAN_POINT('Origin',(63.86,194.494826106973,-65.1866925604758));
#9794=CARTESIAN_POINT('Origin',(-78.8,143.367206950225,-61.2181841048263));
#9795=CARTESIAN_POINT('',(-80.34,140.54080869908,-60.7198138349222));
#9796=CARTESIAN_POINT('Origin',(-78.8,140.54080869908,-60.7198138349222));
#9797=CARTESIAN_POINT('',(-80.34,146.19360520137,-61.7165543747304));
#9798=CARTESIAN_POINT('',(-80.34,143.367206950225,-61.2181841048263));
#9799=CARTESIAN_POINT('Origin',(-78.8,146.19360520137,-61.7165543747304));
#9800=CARTESIAN_POINT('Origin',(-78.8,145.208797448358,-61.5429061970635));
#9801=CARTESIAN_POINT('',(-81.075,145.208797448358,-61.5429061970635));
#9802=CARTESIAN_POINT('Origin',(-78.8,145.208797448358,-61.5429061970635));
#9803=CARTESIAN_POINT('',(-80.73,145.208797448358,-61.5429061970635));
#9804=CARTESIAN_POINT('Origin',(-78.8,145.208797448358,-61.5429061970635));
#9805=CARTESIAN_POINT('Origin',(-78.8,145.701201324864,-61.6297302858969));
#9806=CARTESIAN_POINT('',(-81.075,146.19360520137,-61.7165543747304));
#9807=CARTESIAN_POINT('Origin',(-78.8,146.19360520137,-61.7165543747304));
#9808=CARTESIAN_POINT('',(-81.075,145.701201324864,-61.6297302858969));
#9809=CARTESIAN_POINT('Origin',(-78.8,142.756626143358,-61.1105222346728));
#9810=CARTESIAN_POINT('',(-81.075,142.756626143358,-61.1105222346728));
#9811=CARTESIAN_POINT('Origin',(-78.8,142.756626143358,-61.1105222346728));
#9812=CARTESIAN_POINT('',(-80.73,142.756626143358,-61.1105222346728));
#9813=CARTESIAN_POINT('Origin',(-78.8,142.756626143358,-61.1105222346728));
#9814=CARTESIAN_POINT('Origin',(-78.8,143.74143389637,-61.2841704123397));
#9815=CARTESIAN_POINT('',(-81.075,143.74143389637,-61.2841704123397));
#9816=CARTESIAN_POINT('Origin',(-78.8,143.74143389637,-61.2841704123397));
#9817=CARTESIAN_POINT('',(-80.73,143.74143389637,-61.2841704123397));
#9818=CARTESIAN_POINT('Origin',(-78.8,143.74143389637,-61.2841704123397));
#9819=CARTESIAN_POINT('Origin',(-78.8,143.249030019864,-61.1973463235063));
#9820=CARTESIAN_POINT('',(-81.075,143.249030019864,-61.1973463235063));
#9821=CARTESIAN_POINT('Origin',(-78.8,143.367206950225,-61.2181841048263));
#9822=CARTESIAN_POINT('',(-80.73,143.367206950225,-61.2181841048263));
#9823=CARTESIAN_POINT('Origin',(-78.8,141.525616452092,-60.8934620125892));
#9824=CARTESIAN_POINT('',(-81.075,141.525616452092,-60.8934620125892));
#9825=CARTESIAN_POINT('Origin',(-78.8,141.525616452092,-60.8934620125892));
#9826=CARTESIAN_POINT('',(-80.73,141.525616452092,-60.8934620125892));
#9827=CARTESIAN_POINT('Origin',(-78.8,141.525616452092,-60.8934620125892));
#9828=CARTESIAN_POINT('Origin',(-78.8,141.033212575586,-60.8066379237557));
#9829=CARTESIAN_POINT('',(-81.075,140.54080869908,-60.7198138349222));
#9830=CARTESIAN_POINT('',(-81.075,141.033212575586,-60.8066379237557));
#9831=CARTESIAN_POINT('Origin',(-78.8,140.54080869908,-60.7198138349222));
#9832=CARTESIAN_POINT('Origin',(-78.8,143.367206950225,-61.2181841048263));
#9833=CARTESIAN_POINT('',(-80.73,143.367206950225,-61.2181841048263));
#9834=CARTESIAN_POINT('Origin',(-78.8,140.54080869908,-60.7198138349222));
#9835=CARTESIAN_POINT('Origin',(-78.8,146.19360520137,-61.7165543747304));
#9836=CARTESIAN_POINT('Origin',(-78.8,163.336747381922,52.0347074915776));
#9837=CARTESIAN_POINT('',(-80.34,160.510349130777,52.5330777614817));
#9838=CARTESIAN_POINT('Origin',(-78.8,160.510349130777,52.5330777614817));
#9839=CARTESIAN_POINT('',(-80.34,166.163145633067,51.5363372216735));
#9840=CARTESIAN_POINT('',(-80.34,163.336747381922,52.0347074915776));
#9841=CARTESIAN_POINT('Origin',(-78.8,166.163145633067,51.5363372216735));
#9842=CARTESIAN_POINT('Origin',(-78.8,165.178337880055,51.7099853993405));
#9843=CARTESIAN_POINT('',(-81.075,165.178337880055,51.7099853993405));
#9844=CARTESIAN_POINT('Origin',(-78.8,165.178337880055,51.7099853993405));
#9845=CARTESIAN_POINT('',(-80.73,165.178337880055,51.7099853993405));
#9846=CARTESIAN_POINT('Origin',(-78.8,165.178337880055,51.7099853993405));
#9847=CARTESIAN_POINT('Origin',(-78.8,165.670741756561,51.623161310507));
#9848=CARTESIAN_POINT('',(-81.075,166.163145633067,51.5363372216735));
#9849=CARTESIAN_POINT('Origin',(-78.8,166.163145633067,51.5363372216735));
#9850=CARTESIAN_POINT('',(-81.075,165.670741756561,51.623161310507));
#9851=CARTESIAN_POINT('Origin',(-78.8,162.726166575055,52.1423693617311));
#9852=CARTESIAN_POINT('',(-81.075,162.726166575055,52.1423693617311));
#9853=CARTESIAN_POINT('Origin',(-78.8,162.726166575055,52.1423693617311));
#9854=CARTESIAN_POINT('',(-80.73,162.726166575055,52.1423693617311));
#9855=CARTESIAN_POINT('Origin',(-78.8,162.726166575055,52.1423693617311));
#9856=CARTESIAN_POINT('Origin',(-78.8,163.710974328067,51.9687211840642));
#9857=CARTESIAN_POINT('',(-81.075,163.710974328067,51.9687211840642));
#9858=CARTESIAN_POINT('Origin',(-78.8,163.710974328067,51.9687211840642));
#9859=CARTESIAN_POINT('',(-80.73,163.710974328067,51.9687211840642));
#9860=CARTESIAN_POINT('Origin',(-78.8,163.710974328067,51.9687211840642));
#9861=CARTESIAN_POINT('Origin',(-78.8,163.218570451561,52.0555452728977));
#9862=CARTESIAN_POINT('',(-81.075,163.218570451561,52.0555452728977));
#9863=CARTESIAN_POINT('Origin',(-78.8,163.336747381922,52.0347074915776));
#9864=CARTESIAN_POINT('',(-80.73,163.336747381922,52.0347074915776));
#9865=CARTESIAN_POINT('Origin',(-78.8,161.495156883789,52.3594295838148));
#9866=CARTESIAN_POINT('',(-81.075,161.495156883789,52.3594295838148));
#9867=CARTESIAN_POINT('Origin',(-78.8,161.495156883789,52.3594295838148));
#9868=CARTESIAN_POINT('',(-80.73,161.495156883789,52.3594295838148));
#9869=CARTESIAN_POINT('Origin',(-78.8,161.495156883789,52.3594295838148));
#9870=CARTESIAN_POINT('Origin',(-78.8,161.002753007283,52.4462536726482));
#9871=CARTESIAN_POINT('',(-81.075,160.510349130777,52.5330777614817));
#9872=CARTESIAN_POINT('',(-81.075,161.002753007283,52.4462536726482));
#9873=CARTESIAN_POINT('Origin',(-78.8,160.510349130777,52.5330777614817));
#9874=CARTESIAN_POINT('Origin',(-78.8,163.336747381922,52.0347074915776));
#9875=CARTESIAN_POINT('',(-80.73,163.336747381922,52.0347074915776));
#9876=CARTESIAN_POINT('Origin',(-78.8,160.510349130777,52.5330777614817));
#9877=CARTESIAN_POINT('Origin',(-78.8,166.163145633067,51.5363372216735));
#9878=CARTESIAN_POINT('Origin',(78.8,143.367206950225,-61.2181841048263));
#9879=CARTESIAN_POINT('',(77.26,140.54080869908,-60.7198138349222));
#9880=CARTESIAN_POINT('Origin',(78.8,140.54080869908,-60.7198138349222));
#9881=CARTESIAN_POINT('',(77.26,146.19360520137,-61.7165543747304));
#9882=CARTESIAN_POINT('',(77.26,143.367206950225,-61.2181841048263));
#9883=CARTESIAN_POINT('Origin',(78.8,146.19360520137,-61.7165543747304));
#9884=CARTESIAN_POINT('Origin',(78.8,145.208797448358,-61.5429061970635));
#9885=CARTESIAN_POINT('',(76.525,145.208797448358,-61.5429061970635));
#9886=CARTESIAN_POINT('Origin',(78.8,145.208797448358,-61.5429061970635));
#9887=CARTESIAN_POINT('',(76.87,145.208797448358,-61.5429061970635));
#9888=CARTESIAN_POINT('Origin',(78.8,145.208797448358,-61.5429061970635));
#9889=CARTESIAN_POINT('Origin',(78.8,145.701201324864,-61.6297302858969));
#9890=CARTESIAN_POINT('',(76.525,146.19360520137,-61.7165543747304));
#9891=CARTESIAN_POINT('Origin',(78.8,146.19360520137,-61.7165543747304));
#9892=CARTESIAN_POINT('',(76.525,145.701201324864,-61.6297302858969));
#9893=CARTESIAN_POINT('Origin',(78.8,142.756626143358,-61.1105222346728));
#9894=CARTESIAN_POINT('',(76.525,142.756626143358,-61.1105222346728));
#9895=CARTESIAN_POINT('Origin',(78.8,142.756626143358,-61.1105222346728));
#9896=CARTESIAN_POINT('',(76.87,142.756626143358,-61.1105222346728));
#9897=CARTESIAN_POINT('Origin',(78.8,142.756626143358,-61.1105222346728));
#9898=CARTESIAN_POINT('Origin',(78.8,143.74143389637,-61.2841704123397));
#9899=CARTESIAN_POINT('',(76.525,143.74143389637,-61.2841704123397));
#9900=CARTESIAN_POINT('Origin',(78.8,143.74143389637,-61.2841704123397));
#9901=CARTESIAN_POINT('',(76.87,143.74143389637,-61.2841704123397));
#9902=CARTESIAN_POINT('Origin',(78.8,143.74143389637,-61.2841704123397));
#9903=CARTESIAN_POINT('Origin',(78.8,143.249030019864,-61.1973463235063));
#9904=CARTESIAN_POINT('',(76.525,143.249030019864,-61.1973463235063));
#9905=CARTESIAN_POINT('Origin',(78.8,143.367206950225,-61.2181841048263));
#9906=CARTESIAN_POINT('',(76.87,143.367206950225,-61.2181841048263));
#9907=CARTESIAN_POINT('Origin',(78.8,141.525616452092,-60.8934620125892));
#9908=CARTESIAN_POINT('',(76.525,141.525616452092,-60.8934620125892));
#9909=CARTESIAN_POINT('Origin',(78.8,141.525616452092,-60.8934620125892));
#9910=CARTESIAN_POINT('',(76.87,141.525616452092,-60.8934620125892));
#9911=CARTESIAN_POINT('Origin',(78.8,141.525616452092,-60.8934620125892));
#9912=CARTESIAN_POINT('Origin',(78.8,141.033212575586,-60.8066379237557));
#9913=CARTESIAN_POINT('',(76.525,140.54080869908,-60.7198138349222));
#9914=CARTESIAN_POINT('',(76.525,141.033212575586,-60.8066379237557));
#9915=CARTESIAN_POINT('Origin',(78.8,140.54080869908,-60.7198138349222));
#9916=CARTESIAN_POINT('Origin',(78.8,143.367206950225,-61.2181841048263));
#9917=CARTESIAN_POINT('',(76.87,143.367206950225,-61.2181841048263));
#9918=CARTESIAN_POINT('Origin',(78.8,140.54080869908,-60.7198138349222));
#9919=CARTESIAN_POINT('Origin',(78.8,146.19360520137,-61.7165543747304));
#9920=CARTESIAN_POINT('Origin',(78.8,163.336747381922,52.0347074915776));
#9921=CARTESIAN_POINT('',(77.26,160.510349130777,52.5330777614817));
#9922=CARTESIAN_POINT('Origin',(78.8,160.510349130777,52.5330777614817));
#9923=CARTESIAN_POINT('',(77.26,166.163145633067,51.5363372216735));
#9924=CARTESIAN_POINT('',(77.26,163.336747381922,52.0347074915776));
#9925=CARTESIAN_POINT('Origin',(78.8,166.163145633067,51.5363372216735));
#9926=CARTESIAN_POINT('Origin',(78.8,165.178337880055,51.7099853993405));
#9927=CARTESIAN_POINT('',(76.525,165.178337880055,51.7099853993405));
#9928=CARTESIAN_POINT('Origin',(78.8,165.178337880055,51.7099853993405));
#9929=CARTESIAN_POINT('',(76.87,165.178337880055,51.7099853993405));
#9930=CARTESIAN_POINT('Origin',(78.8,165.178337880055,51.7099853993405));
#9931=CARTESIAN_POINT('Origin',(78.8,165.670741756561,51.623161310507));
#9932=CARTESIAN_POINT('',(76.525,166.163145633067,51.5363372216736));
#9933=CARTESIAN_POINT('Origin',(78.8,166.163145633067,51.5363372216735));
#9934=CARTESIAN_POINT('',(76.525,165.670741756561,51.623161310507));
#9935=CARTESIAN_POINT('Origin',(78.8,162.726166575055,52.1423693617311));
#9936=CARTESIAN_POINT('',(76.525,162.726166575055,52.1423693617311));
#9937=CARTESIAN_POINT('Origin',(78.8,162.726166575055,52.1423693617311));
#9938=CARTESIAN_POINT('',(76.87,162.726166575055,52.1423693617311));
#9939=CARTESIAN_POINT('Origin',(78.8,162.726166575055,52.1423693617311));
#9940=CARTESIAN_POINT('Origin',(78.8,163.710974328067,51.9687211840642));
#9941=CARTESIAN_POINT('',(76.525,163.710974328067,51.9687211840642));
#9942=CARTESIAN_POINT('Origin',(78.8,163.710974328067,51.9687211840642));
#9943=CARTESIAN_POINT('',(76.87,163.710974328067,51.9687211840642));
#9944=CARTESIAN_POINT('Origin',(78.8,163.710974328067,51.9687211840642));
#9945=CARTESIAN_POINT('Origin',(78.8,163.218570451561,52.0555452728977));
#9946=CARTESIAN_POINT('',(76.525,163.218570451561,52.0555452728977));
#9947=CARTESIAN_POINT('Origin',(78.8,163.336747381922,52.0347074915776));
#9948=CARTESIAN_POINT('',(76.87,163.336747381922,52.0347074915776));
#9949=CARTESIAN_POINT('Origin',(78.8,161.495156883789,52.3594295838148));
#9950=CARTESIAN_POINT('',(76.525,161.495156883789,52.3594295838148));
#9951=CARTESIAN_POINT('Origin',(78.8,161.495156883789,52.3594295838148));
#9952=CARTESIAN_POINT('',(76.87,161.495156883789,52.3594295838148));
#9953=CARTESIAN_POINT('Origin',(78.8,161.495156883789,52.3594295838148));
#9954=CARTESIAN_POINT('Origin',(78.8,161.002753007283,52.4462536726482));
#9955=CARTESIAN_POINT('',(76.525,160.510349130777,52.5330777614817));
#9956=CARTESIAN_POINT('',(76.525,161.002753007283,52.4462536726482));
#9957=CARTESIAN_POINT('Origin',(78.8,160.510349130777,52.5330777614817));
#9958=CARTESIAN_POINT('Origin',(78.8,163.336747381922,52.0347074915776));
#9959=CARTESIAN_POINT('',(76.87,163.336747381922,52.0347074915776));
#9960=CARTESIAN_POINT('Origin',(78.8,160.510349130777,52.5330777614817));
#9961=CARTESIAN_POINT('Origin',(78.8,166.163145633067,51.5363372216735));
#9962=CARTESIAN_POINT('Origin',(36.54,196.688927835683,-51.073279875938));
#9963=CARTESIAN_POINT('',(35.25,194.719312329659,-50.7259835206042));
#9964=CARTESIAN_POINT('Origin',(36.54,194.719312329659,-50.7259835206042));
#9965=CARTESIAN_POINT('',(35.25,198.658543341708,-51.4205762312719));
#9966=CARTESIAN_POINT('',(35.25,196.688927835683,-51.073279875938));
#9967=CARTESIAN_POINT('Origin',(36.54,198.658543341708,-51.4205762312719));
#9968=CARTESIAN_POINT('Origin',(36.54,197.870697139298,-51.2816576891383));
#9969=CARTESIAN_POINT('',(34.24,197.870697139298,-51.2816576891383));
#9970=CARTESIAN_POINT('Origin',(36.54,197.870697139298,-51.2816576891383));
#9971=CARTESIAN_POINT('',(34.59,197.870697139298,-51.2816576891383));
#9972=CARTESIAN_POINT('Origin',(36.54,197.870697139298,-51.2816576891383));
#9973=CARTESIAN_POINT('Origin',(36.54,198.264620240503,-51.3511169602051));
#9974=CARTESIAN_POINT('',(34.24,198.658543341708,-51.4205762312719));
#9975=CARTESIAN_POINT('Origin',(36.54,198.658543341708,-51.4205762312719));
#9976=CARTESIAN_POINT('',(34.24,198.264620240503,-51.3511169602051));
#9977=CARTESIAN_POINT('Origin',(36.54,196.295004734478,-51.0038206048713));
#9978=CARTESIAN_POINT('',(34.24,196.295004734478,-51.0038206048712));
#9979=CARTESIAN_POINT('Origin',(36.54,196.295004734478,-51.0038206048713));
#9980=CARTESIAN_POINT('',(34.59,196.295004734478,-51.0038206048713));
#9981=CARTESIAN_POINT('Origin',(36.54,196.295004734478,-51.0038206048713));
#9982=CARTESIAN_POINT('Origin',(36.54,197.082850936888,-51.1427391470048));
#9983=CARTESIAN_POINT('',(34.24,197.082850936888,-51.1427391470048));
#9984=CARTESIAN_POINT('Origin',(36.54,197.082850936888,-51.1427391470048));
#9985=CARTESIAN_POINT('',(34.59,197.082850936888,-51.1427391470048));
#9986=CARTESIAN_POINT('Origin',(36.54,197.082850936888,-51.1427391470048));
#9987=CARTESIAN_POINT('Origin',(36.54,196.688927835683,-51.073279875938));
#9988=CARTESIAN_POINT('',(34.24,196.688927835683,-51.073279875938));
#9989=CARTESIAN_POINT('Origin',(36.54,196.688927835683,-51.073279875938));
#9990=CARTESIAN_POINT('',(34.59,196.688927835683,-51.073279875938));
#9991=CARTESIAN_POINT('Origin',(36.54,195.507158532069,-50.8649020627377));
#9992=CARTESIAN_POINT('',(34.24,195.507158532069,-50.8649020627377));
#9993=CARTESIAN_POINT('Origin',(36.54,195.507158532069,-50.8649020627377));
#9994=CARTESIAN_POINT('',(34.59,195.507158532069,-50.8649020627377));
#9995=CARTESIAN_POINT('Origin',(36.54,195.507158532069,-50.8649020627377));
#9996=CARTESIAN_POINT('Origin',(36.54,195.113235430864,-50.7954427916709));
#9997=CARTESIAN_POINT('',(34.24,194.719312329659,-50.7259835206042));
#9998=CARTESIAN_POINT('',(34.24,195.113235430864,-50.7954427916709));
#9999=CARTESIAN_POINT('Origin',(36.54,194.719312329659,-50.7259835206042));
#10000=CARTESIAN_POINT('Origin',(36.54,196.688927835683,-51.073279875938));
#10001=CARTESIAN_POINT('',(34.59,196.688927835683,-51.073279875938));
#10002=CARTESIAN_POINT('Origin',(36.54,194.719312329659,-50.7259835206042));
#10003=CARTESIAN_POINT('Origin',(36.54,198.658543341708,-51.4205762312719));
#10004=CARTESIAN_POINT('Origin',(36.54,198.894259692053,-38.566221412683));
#10005=CARTESIAN_POINT('',(35.25,196.924644186029,-38.2189250573491));
#10006=CARTESIAN_POINT('Origin',(36.54,196.924644186029,-38.2189250573491));
#10007=CARTESIAN_POINT('',(35.25,200.863875198078,-38.9135177680168));
#10008=CARTESIAN_POINT('',(35.25,198.894259692053,-38.566221412683));
#10009=CARTESIAN_POINT('Origin',(36.54,200.863875198078,-38.9135177680168));
#10010=CARTESIAN_POINT('Origin',(36.54,200.076028995668,-38.7745992258833));
#10011=CARTESIAN_POINT('',(34.24,200.076028995668,-38.7745992258833));
#10012=CARTESIAN_POINT('Origin',(36.54,200.076028995668,-38.7745992258833));
#10013=CARTESIAN_POINT('',(34.59,200.076028995668,-38.7745992258833));
#10014=CARTESIAN_POINT('Origin',(36.54,200.076028995668,-38.7745992258833));
#10015=CARTESIAN_POINT('Origin',(36.54,200.469952096873,-38.8440584969501));
#10016=CARTESIAN_POINT('',(34.24,200.863875198078,-38.9135177680168));
#10017=CARTESIAN_POINT('Origin',(36.54,200.863875198078,-38.9135177680168));
#10018=CARTESIAN_POINT('',(34.24,200.469952096873,-38.8440584969501));
#10019=CARTESIAN_POINT('Origin',(36.54,198.500336590848,-38.4967621416162));
#10020=CARTESIAN_POINT('',(34.24,198.500336590848,-38.4967621416162));
#10021=CARTESIAN_POINT('Origin',(36.54,198.500336590848,-38.4967621416162));
#10022=CARTESIAN_POINT('',(34.59,198.500336590848,-38.4967621416162));
#10023=CARTESIAN_POINT('Origin',(36.54,198.500336590848,-38.4967621416162));
#10024=CARTESIAN_POINT('Origin',(36.54,199.288182793258,-38.6356806837497));
#10025=CARTESIAN_POINT('',(34.24,199.288182793258,-38.6356806837497));
#10026=CARTESIAN_POINT('Origin',(36.54,199.288182793258,-38.6356806837497));
#10027=CARTESIAN_POINT('',(34.59,199.288182793258,-38.6356806837497));
#10028=CARTESIAN_POINT('Origin',(36.54,199.288182793258,-38.6356806837497));
#10029=CARTESIAN_POINT('Origin',(36.54,198.894259692053,-38.566221412683));
#10030=CARTESIAN_POINT('',(34.24,198.894259692053,-38.566221412683));
#10031=CARTESIAN_POINT('Origin',(36.54,198.894259692053,-38.566221412683));
#10032=CARTESIAN_POINT('',(34.59,198.894259692053,-38.566221412683));
#10033=CARTESIAN_POINT('Origin',(36.54,197.712490388439,-38.3578435994826));
#10034=CARTESIAN_POINT('',(34.24,197.712490388439,-38.3578435994826));
#10035=CARTESIAN_POINT('Origin',(36.54,197.712490388439,-38.3578435994826));
#10036=CARTESIAN_POINT('',(34.59,197.712490388439,-38.3578435994826));
#10037=CARTESIAN_POINT('Origin',(36.54,197.712490388439,-38.3578435994826));
#10038=CARTESIAN_POINT('Origin',(36.54,197.318567287234,-38.2883843284159));
#10039=CARTESIAN_POINT('',(34.24,196.924644186029,-38.2189250573491));
#10040=CARTESIAN_POINT('',(34.24,197.318567287234,-38.2883843284159));
#10041=CARTESIAN_POINT('Origin',(36.54,196.924644186029,-38.2189250573491));
#10042=CARTESIAN_POINT('Origin',(36.54,198.894259692053,-38.566221412683));
#10043=CARTESIAN_POINT('',(34.59,198.894259692053,-38.566221412683));
#10044=CARTESIAN_POINT('Origin',(36.54,196.924644186029,-38.2189250573491));
#10045=CARTESIAN_POINT('Origin',(36.54,200.863875198078,-38.9135177680168));
#10046=CARTESIAN_POINT('Origin',(56.86,196.688927835683,-51.073279875938));
#10047=CARTESIAN_POINT('',(55.57,194.719312329659,-50.7259835206042));
#10048=CARTESIAN_POINT('Origin',(56.86,194.719312329659,-50.7259835206042));
#10049=CARTESIAN_POINT('',(55.57,198.658543341708,-51.4205762312719));
#10050=CARTESIAN_POINT('',(55.57,196.688927835683,-51.073279875938));
#10051=CARTESIAN_POINT('Origin',(56.86,198.658543341708,-51.4205762312719));
#10052=CARTESIAN_POINT('Origin',(56.86,197.870697139298,-51.2816576891383));
#10053=CARTESIAN_POINT('',(54.56,197.870697139298,-51.2816576891383));
#10054=CARTESIAN_POINT('Origin',(56.86,197.870697139298,-51.2816576891383));
#10055=CARTESIAN_POINT('',(54.91,197.870697139298,-51.2816576891383));
#10056=CARTESIAN_POINT('Origin',(56.86,197.870697139298,-51.2816576891383));
#10057=CARTESIAN_POINT('Origin',(56.86,198.264620240503,-51.3511169602051));
#10058=CARTESIAN_POINT('',(54.56,198.658543341708,-51.4205762312719));
#10059=CARTESIAN_POINT('Origin',(56.86,198.658543341708,-51.4205762312719));
#10060=CARTESIAN_POINT('',(54.56,198.264620240503,-51.3511169602051));
#10061=CARTESIAN_POINT('Origin',(56.86,196.295004734478,-51.0038206048713));
#10062=CARTESIAN_POINT('',(54.56,196.295004734478,-51.0038206048713));
#10063=CARTESIAN_POINT('Origin',(56.86,196.295004734478,-51.0038206048713));
#10064=CARTESIAN_POINT('',(54.91,196.295004734478,-51.0038206048713));
#10065=CARTESIAN_POINT('Origin',(56.86,196.295004734478,-51.0038206048713));
#10066=CARTESIAN_POINT('Origin',(56.86,197.082850936888,-51.1427391470048));
#10067=CARTESIAN_POINT('',(54.56,197.082850936888,-51.1427391470048));
#10068=CARTESIAN_POINT('Origin',(56.86,197.082850936888,-51.1427391470048));
#10069=CARTESIAN_POINT('',(54.91,197.082850936888,-51.1427391470048));
#10070=CARTESIAN_POINT('Origin',(56.86,197.082850936888,-51.1427391470048));
#10071=CARTESIAN_POINT('Origin',(56.86,196.688927835683,-51.073279875938));
#10072=CARTESIAN_POINT('',(54.56,196.688927835683,-51.073279875938));
#10073=CARTESIAN_POINT('Origin',(56.86,196.688927835683,-51.073279875938));
#10074=CARTESIAN_POINT('',(54.91,196.688927835683,-51.073279875938));
#10075=CARTESIAN_POINT('Origin',(56.86,195.507158532069,-50.8649020627377));
#10076=CARTESIAN_POINT('',(54.56,195.507158532069,-50.8649020627377));
#10077=CARTESIAN_POINT('Origin',(56.86,195.507158532069,-50.8649020627377));
#10078=CARTESIAN_POINT('',(54.91,195.507158532069,-50.8649020627377));
#10079=CARTESIAN_POINT('Origin',(56.86,195.507158532069,-50.8649020627377));
#10080=CARTESIAN_POINT('Origin',(56.86,195.113235430864,-50.7954427916709));
#10081=CARTESIAN_POINT('',(54.56,194.719312329659,-50.7259835206042));
#10082=CARTESIAN_POINT('',(54.56,195.113235430864,-50.7954427916709));
#10083=CARTESIAN_POINT('Origin',(56.86,194.719312329659,-50.7259835206042));
#10084=CARTESIAN_POINT('Origin',(56.86,196.688927835683,-51.073279875938));
#10085=CARTESIAN_POINT('',(54.91,196.688927835683,-51.073279875938));
#10086=CARTESIAN_POINT('Origin',(56.86,194.719312329659,-50.7259835206042));
#10087=CARTESIAN_POINT('Origin',(56.86,198.658543341708,-51.4205762312719));
#10088=CARTESIAN_POINT('Origin',(56.86,198.894259692053,-38.566221412683));
#10089=CARTESIAN_POINT('',(55.57,196.924644186029,-38.2189250573491));
#10090=CARTESIAN_POINT('Origin',(56.86,196.924644186029,-38.2189250573491));
#10091=CARTESIAN_POINT('',(55.57,200.863875198078,-38.9135177680168));
#10092=CARTESIAN_POINT('',(55.57,198.894259692053,-38.566221412683));
#10093=CARTESIAN_POINT('Origin',(56.86,200.863875198078,-38.9135177680168));
#10094=CARTESIAN_POINT('Origin',(56.86,200.076028995668,-38.7745992258833));
#10095=CARTESIAN_POINT('',(54.56,200.076028995668,-38.7745992258833));
#10096=CARTESIAN_POINT('Origin',(56.86,200.076028995668,-38.7745992258833));
#10097=CARTESIAN_POINT('',(54.91,200.076028995668,-38.7745992258833));
#10098=CARTESIAN_POINT('Origin',(56.86,200.076028995668,-38.7745992258833));
#10099=CARTESIAN_POINT('Origin',(56.86,200.469952096873,-38.8440584969501));
#10100=CARTESIAN_POINT('',(54.56,200.863875198078,-38.9135177680168));
#10101=CARTESIAN_POINT('Origin',(56.86,200.863875198078,-38.9135177680168));
#10102=CARTESIAN_POINT('',(54.56,200.469952096873,-38.8440584969501));
#10103=CARTESIAN_POINT('Origin',(56.86,198.500336590848,-38.4967621416162));
#10104=CARTESIAN_POINT('',(54.56,198.500336590848,-38.4967621416162));
#10105=CARTESIAN_POINT('Origin',(56.86,198.500336590848,-38.4967621416162));
#10106=CARTESIAN_POINT('',(54.91,198.500336590848,-38.4967621416162));
#10107=CARTESIAN_POINT('Origin',(56.86,198.500336590848,-38.4967621416162));
#10108=CARTESIAN_POINT('Origin',(56.86,199.288182793258,-38.6356806837497));
#10109=CARTESIAN_POINT('',(54.56,199.288182793258,-38.6356806837497));
#10110=CARTESIAN_POINT('Origin',(56.86,199.288182793258,-38.6356806837497));
#10111=CARTESIAN_POINT('',(54.91,199.288182793258,-38.6356806837497));
#10112=CARTESIAN_POINT('Origin',(56.86,199.288182793258,-38.6356806837497));
#10113=CARTESIAN_POINT('Origin',(56.86,198.894259692053,-38.566221412683));
#10114=CARTESIAN_POINT('',(54.56,198.894259692053,-38.566221412683));
#10115=CARTESIAN_POINT('Origin',(56.86,198.894259692053,-38.566221412683));
#10116=CARTESIAN_POINT('',(54.91,198.894259692053,-38.566221412683));
#10117=CARTESIAN_POINT('Origin',(56.86,197.712490388439,-38.3578435994826));
#10118=CARTESIAN_POINT('',(54.56,197.712490388439,-38.3578435994826));
#10119=CARTESIAN_POINT('Origin',(56.86,197.712490388439,-38.3578435994826));
#10120=CARTESIAN_POINT('',(54.91,197.712490388439,-38.3578435994826));
#10121=CARTESIAN_POINT('Origin',(56.86,197.712490388439,-38.3578435994826));
#10122=CARTESIAN_POINT('Origin',(56.86,197.318567287234,-38.2883843284159));
#10123=CARTESIAN_POINT('',(54.56,196.924644186029,-38.2189250573491));
#10124=CARTESIAN_POINT('',(54.56,197.318567287234,-38.2883843284159));
#10125=CARTESIAN_POINT('Origin',(56.86,196.924644186029,-38.2189250573491));
#10126=CARTESIAN_POINT('Origin',(56.86,198.894259692053,-38.566221412683));
#10127=CARTESIAN_POINT('',(54.91,198.894259692053,-38.566221412683));
#10128=CARTESIAN_POINT('Origin',(56.86,196.924644186029,-38.2189250573491));
#10129=CARTESIAN_POINT('Origin',(56.86,200.863875198078,-38.9135177680168));
#10130=UNCERTAINTY_MEASURE_WITH_UNIT(LENGTH_MEASURE(0.01),#10134,
'DISTANCE_ACCURACY_VALUE',
'Maximum model space distance between geometric entities at asserted c
onnectivities');
#10131=UNCERTAINTY_MEASURE_WITH_UNIT(LENGTH_MEASURE(0.01),#10134,
'DISTANCE_ACCURACY_VALUE',
'Maximum model space distance between geometric entities at asserted c
onnectivities');
#10132=(
GEOMETRIC_REPRESENTATION_CONTEXT(3)
GLOBAL_UNCERTAINTY_ASSIGNED_CONTEXT((#10130))
GLOBAL_UNIT_ASSIGNED_CONTEXT((#10134,#10136,#10137))
REPRESENTATION_CONTEXT('','3D')
);
#10133=(
GEOMETRIC_REPRESENTATION_CONTEXT(3)
GLOBAL_UNCERTAINTY_ASSIGNED_CONTEXT((#10131))
GLOBAL_UNIT_ASSIGNED_CONTEXT((#10134,#10136,#10137))
REPRESENTATION_CONTEXT('','3D')
);
#10134=(
LENGTH_UNIT()
NAMED_UNIT(*)
SI_UNIT(.MILLI.,.METRE.)
);
#10135=(
LENGTH_UNIT()
NAMED_UNIT(*)
SI_UNIT($,.METRE.)
);
#10136=(
NAMED_UNIT(*)
PLANE_ANGLE_UNIT()
SI_UNIT($,.RADIAN.)
);
#10137=(
NAMED_UNIT(*)
SI_UNIT($,.STERADIAN.)
SOLID_ANGLE_UNIT()
);
#10138=SHAPE_DEFINITION_REPRESENTATION(#10139,#10140);
#10139=PRODUCT_DEFINITION_SHAPE('',$,#10142);
#10140=SHAPE_REPRESENTATION('',(#5686),#10132);
#10141=PRODUCT_DEFINITION_CONTEXT('part definition',#10146,'design');
#10142=PRODUCT_DEFINITION('(Unsaved)','(Unsaved)',#10143,#10141);
#10143=PRODUCT_DEFINITION_FORMATION('',$,#10148);
#10144=PRODUCT_RELATED_PRODUCT_CATEGORY('(Unsaved)','(Unsaved)',(#10148));
#10145=APPLICATION_PROTOCOL_DEFINITION('international standard',
'automotive_design',2009,#10146);
#10146=APPLICATION_CONTEXT(
'Core Data for Automotive Mechanical Design Process');
#10147=PRODUCT_CONTEXT('part definition',#10146,'mechanical');
#10148=PRODUCT('(Unsaved)','(Unsaved)',$,(#10147));
#10149=PRESENTATION_STYLE_ASSIGNMENT((#10150));
#10150=SURFACE_STYLE_USAGE(.BOTH.,#10151);
#10151=SURFACE_SIDE_STYLE('',(#10152));
#10152=SURFACE_STYLE_FILL_AREA(#10153);
#10153=FILL_AREA_STYLE('Steel - Satin',(#10154));
#10154=FILL_AREA_STYLE_COLOUR('Steel - Satin',#10155);
#10155=COLOUR_RGB('Steel - Satin',0.627450980392157,0.627450980392157,0.627450980392157);
ENDSEC;
END-ISO-10303-21;
