ISO-10303-21;
HEADER;
/* Generated by software containing ST-Developer
 * from STEP Tools, Inc. (www.steptools.com) 
 */

FILE_DESCRIPTION(
/* description */ (''),
/* implementation_level */ '2;1');

FILE_NAME(
/* name */ 'reference-x12-a1-complete-with-acrylic-and-hardware.step',
/* time_stamp */ '2026-09-11T16:58:12-07:00',
/* author */ (''),
/* organization */ (''),
/* preprocessor_version */ 'ST-DEVELOPER v20.2',
/* originating_system */ 'Autodesk Translation Framework v15.15.0.0',
/* authorisation */ '');

FILE_SCHEMA (('AUTOMOTIVE_DESIGN { 1 0 10303 214 3 1 1 }'));
ENDSEC;

DATA;
#10=MECHANICAL_DESIGN_GEOMETRIC_PRESENTATION_REPRESENTATION('',(#13,#14,
#15,#16,#17,#18,#19,#20,#21,#22,#23,#24,#25,#26,#27,#28,#29,#30,#31,#32,
#33,#34,#35,#36,#37,#38,#39),#7441);
#11=SHAPE_REPRESENTATION_RELATIONSHIP('SRR','None',#7448,#12);
#12=ADVANCED_BREP_SHAPE_REPRESENTATION('',(#40,#41,#42,#43,#44,#45,#46,
#47,#48,#49,#50,#51,#52,#53,#54,#55,#56,#57,#58,#59,#60,#61,#62,#63,#64,
#65,#66),#7440);
#13=STYLED_ITEM('',(#7457),#40);
#14=STYLED_ITEM('',(#7457),#41);
#15=STYLED_ITEM('',(#7457),#42);
#16=STYLED_ITEM('',(#7457),#43);
#17=STYLED_ITEM('',(#7457),#44);
#18=STYLED_ITEM('',(#7457),#45);
#19=STYLED_ITEM('',(#7457),#46);
#20=STYLED_ITEM('',(#7457),#47);
#21=STYLED_ITEM('',(#7457),#48);
#22=STYLED_ITEM('',(#7457),#49);
#23=STYLED_ITEM('',(#7457),#50);
#24=STYLED_ITEM('',(#7457),#51);
#25=STYLED_ITEM('',(#7457),#52);
#26=STYLED_ITEM('',(#7457),#53);
#27=STYLED_ITEM('',(#7457),#54);
#28=STYLED_ITEM('',(#7457),#55);
#29=STYLED_ITEM('',(#7457),#56);
#30=STYLED_ITEM('',(#7457),#57);
#31=STYLED_ITEM('',(#7457),#58);
#32=STYLED_ITEM('',(#7457),#59);
#33=STYLED_ITEM('',(#7457),#60);
#34=STYLED_ITEM('',(#7457),#61);
#35=STYLED_ITEM('',(#7457),#62);
#36=STYLED_ITEM('',(#7457),#63);
#37=STYLED_ITEM('',(#7457),#64);
#38=STYLED_ITEM('',(#7457),#65);
#39=STYLED_ITEM('',(#7457),#66);
#40=MANIFOLD_SOLID_BREP(
'reference-x12-a1-complete-with-acrylic-and-hardware 1',#4539);
#41=MANIFOLD_SOLID_BREP(
'reference-x12-a1-complete-with-acrylic-and-hardware 2',#4540);
#42=MANIFOLD_SOLID_BREP(
'reference-x12-a1-complete-with-acrylic-and-hardware 3',#4541);
#43=MANIFOLD_SOLID_BREP(
'reference-x12-a1-complete-with-acrylic-and-hardware 4',#4542);
#44=MANIFOLD_SOLID_BREP(
'reference-x12-a1-complete-with-acrylic-and-hardware 5',#4543);
#45=MANIFOLD_SOLID_BREP(
'reference-x12-a1-complete-with-acrylic-and-hardware 6',#4544);
#46=MANIFOLD_SOLID_BREP(
'reference-x12-a1-complete-with-acrylic-and-hardware 7',#4545);
#47=MANIFOLD_SOLID_BREP(
'reference-x12-a1-complete-with-acrylic-and-hardware 8',#4546);
#48=MANIFOLD_SOLID_BREP(
'reference-x12-a1-complete-with-acrylic-and-hardware 9',#4547);
#49=MANIFOLD_SOLID_BREP(
'reference-x12-a1-complete-with-acrylic-and-hardware 10',#4548);
#50=MANIFOLD_SOLID_BREP(
'reference-x12-a1-complete-with-acrylic-and-hardware 11',#4549);
#51=MANIFOLD_SOLID_BREP(
'reference-x12-a1-complete-with-acrylic-and-hardware 12',#4550);
#52=MANIFOLD_SOLID_BREP(
'reference-x12-a1-complete-with-acrylic-and-hardware 13',#4551);
#53=MANIFOLD_SOLID_BREP(
'reference-x12-a1-complete-with-acrylic-and-hardware 14',#4552);
#54=MANIFOLD_SOLID_BREP(
'reference-x12-a1-complete-with-acrylic-and-hardware 15',#4553);
#55=MANIFOLD_SOLID_BREP(
'reference-x12-a1-complete-with-acrylic-and-hardware 16',#4554);
#56=MANIFOLD_SOLID_BREP(
'reference-x12-a1-complete-with-acrylic-and-hardware 17',#4555);
#57=MANIFOLD_SOLID_BREP(
'reference-x12-a1-complete-with-acrylic-and-hardware 18',#4556);
#58=MANIFOLD_SOLID_BREP(
'reference-x12-a1-complete-with-acrylic-and-hardware 19',#4557);
#59=MANIFOLD_SOLID_BREP(
'reference-x12-a1-complete-with-acrylic-and-hardware 20',#4558);
#60=MANIFOLD_SOLID_BREP(
'reference-x12-a1-complete-with-acrylic-and-hardware 21',#4559);
#61=MANIFOLD_SOLID_BREP(
'reference-x12-a1-complete-with-acrylic-and-hardware 22',#4560);
#62=MANIFOLD_SOLID_BREP(
'reference-x12-a1-complete-with-acrylic-and-hardware 23',#4561);
#63=MANIFOLD_SOLID_BREP(
'reference-x12-a1-complete-with-acrylic-and-hardware 24',#4562);
#64=MANIFOLD_SOLID_BREP(
'reference-x12-a1-complete-with-acrylic-and-hardware 25',#4563);
#65=MANIFOLD_SOLID_BREP(
'reference-x12-a1-complete-with-acrylic-and-hardware 26',#4564);
#66=MANIFOLD_SOLID_BREP(
'reference-x12-a1-complete-with-acrylic-and-hardware 27',#4565);
#67=FACE_BOUND('',#609,.T.);
#68=FACE_BOUND('',#610,.T.);
#69=FACE_BOUND('',#611,.T.);
#70=FACE_BOUND('',#612,.T.);
#71=FACE_BOUND('',#617,.T.);
#72=FACE_BOUND('',#618,.T.);
#73=FACE_BOUND('',#619,.T.);
#74=FACE_BOUND('',#620,.T.);
#75=FACE_BOUND('',#644,.T.);
#76=FACE_BOUND('',#662,.T.);
#77=FACE_BOUND('',#680,.T.);
#78=FACE_BOUND('',#698,.T.);
#79=FACE_BOUND('',#771,.T.);
#80=FACE_BOUND('',#772,.T.);
#81=FACE_BOUND('',#773,.T.);
#82=FACE_BOUND('',#774,.T.);
#83=FACE_BOUND('',#785,.T.);
#84=FACE_BOUND('',#786,.T.);
#85=FACE_BOUND('',#787,.T.);
#86=FACE_BOUND('',#788,.T.);
#87=FACE_BOUND('',#792,.T.);
#88=FACE_BOUND('',#793,.T.);
#89=FACE_BOUND('',#794,.T.);
#90=FACE_BOUND('',#795,.T.);
#91=FACE_BOUND('',#810,.T.);
#92=FACE_BOUND('',#814,.T.);
#93=FACE_BOUND('',#824,.T.);
#94=FACE_BOUND('',#828,.T.);
#95=FACE_BOUND('',#838,.T.);
#96=FACE_BOUND('',#842,.T.);
#97=FACE_BOUND('',#852,.T.);
#98=FACE_BOUND('',#856,.T.);
#99=FACE_BOUND('',#865,.T.);
#100=FACE_BOUND('',#868,.T.);
#101=FACE_BOUND('',#879,.T.);
#102=FACE_BOUND('',#882,.T.);
#103=FACE_BOUND('',#893,.T.);
#104=FACE_BOUND('',#896,.T.);
#105=FACE_BOUND('',#907,.T.);
#106=FACE_BOUND('',#910,.T.);
#107=PLANE('',#4594);
#108=PLANE('',#4604);
#109=PLANE('',#4605);
#110=PLANE('',#4606);
#111=PLANE('',#4607);
#112=PLANE('',#4608);
#113=PLANE('',#4612);
#114=PLANE('',#4613);
#115=PLANE('',#4617);
#116=PLANE('',#4618);
#117=PLANE('',#4622);
#118=PLANE('',#4623);
#119=PLANE('',#4627);
#120=PLANE('',#4628);
#121=PLANE('',#4629);
#122=PLANE('',#4630);
#123=PLANE('',#4631);
#124=PLANE('',#4632);
#125=PLANE('',#4633);
#126=PLANE('',#4634);
#127=PLANE('',#4635);
#128=PLANE('',#4636);
#129=PLANE('',#4637);
#130=PLANE('',#4638);
#131=PLANE('',#4639);
#132=PLANE('',#4643);
#133=PLANE('',#4644);
#134=PLANE('',#4648);
#135=PLANE('',#4649);
#136=PLANE('',#4650);
#137=PLANE('',#4651);
#138=PLANE('',#4652);
#139=PLANE('',#4653);
#140=PLANE('',#4654);
#141=PLANE('',#4655);
#142=PLANE('',#4656);
#143=PLANE('',#4657);
#144=PLANE('',#4658);
#145=PLANE('',#4659);
#146=PLANE('',#4660);
#147=PLANE('',#4664);
#148=PLANE('',#4665);
#149=PLANE('',#4669);
#150=PLANE('',#4670);
#151=PLANE('',#4671);
#152=PLANE('',#4672);
#153=PLANE('',#4673);
#154=PLANE('',#4674);
#155=PLANE('',#4675);
#156=PLANE('',#4676);
#157=PLANE('',#4677);
#158=PLANE('',#4678);
#159=PLANE('',#4679);
#160=PLANE('',#4680);
#161=PLANE('',#4681);
#162=PLANE('',#4685);
#163=PLANE('',#4686);
#164=PLANE('',#4690);
#165=PLANE('',#4691);
#166=PLANE('',#4692);
#167=PLANE('',#4693);
#168=PLANE('',#4694);
#169=PLANE('',#4695);
#170=PLANE('',#4696);
#171=PLANE('',#4697);
#172=PLANE('',#4698);
#173=PLANE('',#4699);
#174=PLANE('',#4700);
#175=PLANE('',#4701);
#176=PLANE('',#4702);
#177=PLANE('',#4706);
#178=PLANE('',#4707);
#179=PLANE('',#4711);
#180=PLANE('',#4712);
#181=PLANE('',#4713);
#182=PLANE('',#4714);
#183=PLANE('',#4715);
#184=PLANE('',#4716);
#185=PLANE('',#4717);
#186=PLANE('',#4718);
#187=PLANE('',#4719);
#188=PLANE('',#4720);
#189=PLANE('',#4721);
#190=PLANE('',#4722);
#191=PLANE('',#4723);
#192=PLANE('',#4724);
#193=PLANE('',#4725);
#194=PLANE('',#4726);
#195=PLANE('',#4727);
#196=PLANE('',#4728);
#197=PLANE('',#4729);
#198=PLANE('',#4730);
#199=PLANE('',#4731);
#200=PLANE('',#4732);
#201=PLANE('',#4733);
#202=PLANE('',#4734);
#203=PLANE('',#4735);
#204=PLANE('',#4736);
#205=PLANE('',#4737);
#206=PLANE('',#4738);
#207=PLANE('',#4739);
#208=PLANE('',#4740);
#209=PLANE('',#4741);
#210=PLANE('',#4742);
#211=PLANE('',#4743);
#212=PLANE('',#4744);
#213=PLANE('',#4745);
#214=PLANE('',#4746);
#215=PLANE('',#4747);
#216=PLANE('',#4748);
#217=PLANE('',#4749);
#218=PLANE('',#4750);
#219=PLANE('',#4751);
#220=PLANE('',#4752);
#221=PLANE('',#4753);
#222=PLANE('',#4754);
#223=PLANE('',#4755);
#224=PLANE('',#4756);
#225=PLANE('',#4757);
#226=PLANE('',#4758);
#227=PLANE('',#4759);
#228=PLANE('',#4760);
#229=PLANE('',#4761);
#230=PLANE('',#4762);
#231=PLANE('',#4763);
#232=PLANE('',#4764);
#233=PLANE('',#4765);
#234=PLANE('',#4766);
#235=PLANE('',#4767);
#236=PLANE('',#4768);
#237=PLANE('',#4769);
#238=PLANE('',#4770);
#239=PLANE('',#4771);
#240=PLANE('',#4772);
#241=PLANE('',#4773);
#242=PLANE('',#4774);
#243=PLANE('',#4775);
#244=PLANE('',#4776);
#245=PLANE('',#4777);
#246=PLANE('',#4778);
#247=PLANE('',#4794);
#248=PLANE('',#4802);
#249=PLANE('',#4805);
#250=PLANE('',#4806);
#251=PLANE('',#4807);
#252=PLANE('',#4808);
#253=PLANE('',#4812);
#254=PLANE('',#4816);
#255=PLANE('',#4817);
#256=PLANE('',#4818);
#257=PLANE('',#4819);
#258=PLANE('',#4820);
#259=PLANE('',#4821);
#260=PLANE('',#4822);
#261=PLANE('',#4823);
#262=PLANE('',#4824);
#263=PLANE('',#4828);
#264=PLANE('',#4832);
#265=PLANE('',#4833);
#266=PLANE('',#4834);
#267=PLANE('',#4835);
#268=PLANE('',#4836);
#269=PLANE('',#4837);
#270=PLANE('',#4838);
#271=PLANE('',#4839);
#272=PLANE('',#4840);
#273=PLANE('',#4844);
#274=PLANE('',#4848);
#275=PLANE('',#4849);
#276=PLANE('',#4850);
#277=PLANE('',#4851);
#278=PLANE('',#4852);
#279=PLANE('',#4853);
#280=PLANE('',#4854);
#281=PLANE('',#4855);
#282=PLANE('',#4856);
#283=PLANE('',#4860);
#284=PLANE('',#4864);
#285=PLANE('',#4865);
#286=PLANE('',#4866);
#287=PLANE('',#4867);
#288=PLANE('',#4868);
#289=PLANE('',#4869);
#290=PLANE('',#4870);
#291=PLANE('',#4871);
#292=PLANE('',#4872);
#293=PLANE('',#4873);
#294=PLANE('',#4874);
#295=PLANE('',#4875);
#296=PLANE('',#4876);
#297=PLANE('',#4877);
#298=PLANE('',#4878);
#299=PLANE('',#4879);
#300=PLANE('',#4880);
#301=PLANE('',#4885);
#302=PLANE('',#4888);
#303=PLANE('',#4889);
#304=PLANE('',#4890);
#305=PLANE('',#4891);
#306=PLANE('',#4892);
#307=PLANE('',#4893);
#308=PLANE('',#4894);
#309=PLANE('',#4895);
#310=PLANE('',#4896);
#311=PLANE('',#4901);
#312=PLANE('',#4904);
#313=PLANE('',#4905);
#314=PLANE('',#4906);
#315=PLANE('',#4907);
#316=PLANE('',#4908);
#317=PLANE('',#4909);
#318=PLANE('',#4910);
#319=PLANE('',#4911);
#320=PLANE('',#4912);
#321=PLANE('',#4917);
#322=PLANE('',#4920);
#323=PLANE('',#4921);
#324=PLANE('',#4922);
#325=PLANE('',#4923);
#326=PLANE('',#4924);
#327=PLANE('',#4925);
#328=PLANE('',#4926);
#329=PLANE('',#4927);
#330=PLANE('',#4928);
#331=PLANE('',#4933);
#332=PLANE('',#4936);
#333=FACE_OUTER_BOUND('',#603,.T.);
#334=FACE_OUTER_BOUND('',#604,.T.);
#335=FACE_OUTER_BOUND('',#605,.T.);
#336=FACE_OUTER_BOUND('',#606,.T.);
#337=FACE_OUTER_BOUND('',#607,.T.);
#338=FACE_OUTER_BOUND('',#608,.T.);
#339=FACE_OUTER_BOUND('',#613,.T.);
#340=FACE_OUTER_BOUND('',#614,.T.);
#341=FACE_OUTER_BOUND('',#615,.T.);
#342=FACE_OUTER_BOUND('',#616,.T.);
#343=FACE_OUTER_BOUND('',#621,.T.);
#344=FACE_OUTER_BOUND('',#622,.T.);
#345=FACE_OUTER_BOUND('',#623,.T.);
#346=FACE_OUTER_BOUND('',#624,.T.);
#347=FACE_OUTER_BOUND('',#625,.T.);
#348=FACE_OUTER_BOUND('',#626,.T.);
#349=FACE_OUTER_BOUND('',#627,.T.);
#350=FACE_OUTER_BOUND('',#628,.T.);
#351=FACE_OUTER_BOUND('',#629,.T.);
#352=FACE_OUTER_BOUND('',#630,.T.);
#353=FACE_OUTER_BOUND('',#631,.T.);
#354=FACE_OUTER_BOUND('',#632,.T.);
#355=FACE_OUTER_BOUND('',#633,.T.);
#356=FACE_OUTER_BOUND('',#634,.T.);
#357=FACE_OUTER_BOUND('',#635,.T.);
#358=FACE_OUTER_BOUND('',#636,.T.);
#359=FACE_OUTER_BOUND('',#637,.T.);
#360=FACE_OUTER_BOUND('',#638,.T.);
#361=FACE_OUTER_BOUND('',#639,.T.);
#362=FACE_OUTER_BOUND('',#640,.T.);
#363=FACE_OUTER_BOUND('',#641,.T.);
#364=FACE_OUTER_BOUND('',#642,.T.);
#365=FACE_OUTER_BOUND('',#643,.T.);
#366=FACE_OUTER_BOUND('',#645,.T.);
#367=FACE_OUTER_BOUND('',#646,.T.);
#368=FACE_OUTER_BOUND('',#647,.T.);
#369=FACE_OUTER_BOUND('',#648,.T.);
#370=FACE_OUTER_BOUND('',#649,.T.);
#371=FACE_OUTER_BOUND('',#650,.T.);
#372=FACE_OUTER_BOUND('',#651,.T.);
#373=FACE_OUTER_BOUND('',#652,.T.);
#374=FACE_OUTER_BOUND('',#653,.T.);
#375=FACE_OUTER_BOUND('',#654,.T.);
#376=FACE_OUTER_BOUND('',#655,.T.);
#377=FACE_OUTER_BOUND('',#656,.T.);
#378=FACE_OUTER_BOUND('',#657,.T.);
#379=FACE_OUTER_BOUND('',#658,.T.);
#380=FACE_OUTER_BOUND('',#659,.T.);
#381=FACE_OUTER_BOUND('',#660,.T.);
#382=FACE_OUTER_BOUND('',#661,.T.);
#383=FACE_OUTER_BOUND('',#663,.T.);
#384=FACE_OUTER_BOUND('',#664,.T.);
#385=FACE_OUTER_BOUND('',#665,.T.);
#386=FACE_OUTER_BOUND('',#666,.T.);
#387=FACE_OUTER_BOUND('',#667,.T.);
#388=FACE_OUTER_BOUND('',#668,.T.);
#389=FACE_OUTER_BOUND('',#669,.T.);
#390=FACE_OUTER_BOUND('',#670,.T.);
#391=FACE_OUTER_BOUND('',#671,.T.);
#392=FACE_OUTER_BOUND('',#672,.T.);
#393=FACE_OUTER_BOUND('',#673,.T.);
#394=FACE_OUTER_BOUND('',#674,.T.);
#395=FACE_OUTER_BOUND('',#675,.T.);
#396=FACE_OUTER_BOUND('',#676,.T.);
#397=FACE_OUTER_BOUND('',#677,.T.);
#398=FACE_OUTER_BOUND('',#678,.T.);
#399=FACE_OUTER_BOUND('',#679,.T.);
#400=FACE_OUTER_BOUND('',#681,.T.);
#401=FACE_OUTER_BOUND('',#682,.T.);
#402=FACE_OUTER_BOUND('',#683,.T.);
#403=FACE_OUTER_BOUND('',#684,.T.);
#404=FACE_OUTER_BOUND('',#685,.T.);
#405=FACE_OUTER_BOUND('',#686,.T.);
#406=FACE_OUTER_BOUND('',#687,.T.);
#407=FACE_OUTER_BOUND('',#688,.T.);
#408=FACE_OUTER_BOUND('',#689,.T.);
#409=FACE_OUTER_BOUND('',#690,.T.);
#410=FACE_OUTER_BOUND('',#691,.T.);
#411=FACE_OUTER_BOUND('',#692,.T.);
#412=FACE_OUTER_BOUND('',#693,.T.);
#413=FACE_OUTER_BOUND('',#694,.T.);
#414=FACE_OUTER_BOUND('',#695,.T.);
#415=FACE_OUTER_BOUND('',#696,.T.);
#416=FACE_OUTER_BOUND('',#697,.T.);
#417=FACE_OUTER_BOUND('',#699,.T.);
#418=FACE_OUTER_BOUND('',#700,.T.);
#419=FACE_OUTER_BOUND('',#701,.T.);
#420=FACE_OUTER_BOUND('',#702,.T.);
#421=FACE_OUTER_BOUND('',#703,.T.);
#422=FACE_OUTER_BOUND('',#704,.T.);
#423=FACE_OUTER_BOUND('',#705,.T.);
#424=FACE_OUTER_BOUND('',#706,.T.);
#425=FACE_OUTER_BOUND('',#707,.T.);
#426=FACE_OUTER_BOUND('',#708,.T.);
#427=FACE_OUTER_BOUND('',#709,.T.);
#428=FACE_OUTER_BOUND('',#710,.T.);
#429=FACE_OUTER_BOUND('',#711,.T.);
#430=FACE_OUTER_BOUND('',#712,.T.);
#431=FACE_OUTER_BOUND('',#713,.T.);
#432=FACE_OUTER_BOUND('',#714,.T.);
#433=FACE_OUTER_BOUND('',#715,.T.);
#434=FACE_OUTER_BOUND('',#716,.T.);
#435=FACE_OUTER_BOUND('',#717,.T.);
#436=FACE_OUTER_BOUND('',#718,.T.);
#437=FACE_OUTER_BOUND('',#719,.T.);
#438=FACE_OUTER_BOUND('',#720,.T.);
#439=FACE_OUTER_BOUND('',#721,.T.);
#440=FACE_OUTER_BOUND('',#722,.T.);
#441=FACE_OUTER_BOUND('',#723,.T.);
#442=FACE_OUTER_BOUND('',#724,.T.);
#443=FACE_OUTER_BOUND('',#725,.T.);
#444=FACE_OUTER_BOUND('',#726,.T.);
#445=FACE_OUTER_BOUND('',#727,.T.);
#446=FACE_OUTER_BOUND('',#728,.T.);
#447=FACE_OUTER_BOUND('',#729,.T.);
#448=FACE_OUTER_BOUND('',#730,.T.);
#449=FACE_OUTER_BOUND('',#731,.T.);
#450=FACE_OUTER_BOUND('',#732,.T.);
#451=FACE_OUTER_BOUND('',#733,.T.);
#452=FACE_OUTER_BOUND('',#734,.T.);
#453=FACE_OUTER_BOUND('',#735,.T.);
#454=FACE_OUTER_BOUND('',#736,.T.);
#455=FACE_OUTER_BOUND('',#737,.T.);
#456=FACE_OUTER_BOUND('',#738,.T.);
#457=FACE_OUTER_BOUND('',#739,.T.);
#458=FACE_OUTER_BOUND('',#740,.T.);
#459=FACE_OUTER_BOUND('',#741,.T.);
#460=FACE_OUTER_BOUND('',#742,.T.);
#461=FACE_OUTER_BOUND('',#743,.T.);
#462=FACE_OUTER_BOUND('',#744,.T.);
#463=FACE_OUTER_BOUND('',#745,.T.);
#464=FACE_OUTER_BOUND('',#746,.T.);
#465=FACE_OUTER_BOUND('',#747,.T.);
#466=FACE_OUTER_BOUND('',#748,.T.);
#467=FACE_OUTER_BOUND('',#749,.T.);
#468=FACE_OUTER_BOUND('',#750,.T.);
#469=FACE_OUTER_BOUND('',#751,.T.);
#470=FACE_OUTER_BOUND('',#752,.T.);
#471=FACE_OUTER_BOUND('',#753,.T.);
#472=FACE_OUTER_BOUND('',#754,.T.);
#473=FACE_OUTER_BOUND('',#755,.T.);
#474=FACE_OUTER_BOUND('',#756,.T.);
#475=FACE_OUTER_BOUND('',#757,.T.);
#476=FACE_OUTER_BOUND('',#758,.T.);
#477=FACE_OUTER_BOUND('',#759,.T.);
#478=FACE_OUTER_BOUND('',#760,.T.);
#479=FACE_OUTER_BOUND('',#761,.T.);
#480=FACE_OUTER_BOUND('',#762,.T.);
#481=FACE_OUTER_BOUND('',#763,.T.);
#482=FACE_OUTER_BOUND('',#764,.T.);
#483=FACE_OUTER_BOUND('',#765,.T.);
#484=FACE_OUTER_BOUND('',#766,.T.);
#485=FACE_OUTER_BOUND('',#767,.T.);
#486=FACE_OUTER_BOUND('',#768,.T.);
#487=FACE_OUTER_BOUND('',#769,.T.);
#488=FACE_OUTER_BOUND('',#770,.T.);
#489=FACE_OUTER_BOUND('',#775,.T.);
#490=FACE_OUTER_BOUND('',#776,.T.);
#491=FACE_OUTER_BOUND('',#777,.T.);
#492=FACE_OUTER_BOUND('',#778,.T.);
#493=FACE_OUTER_BOUND('',#779,.T.);
#494=FACE_OUTER_BOUND('',#780,.T.);
#495=FACE_OUTER_BOUND('',#781,.T.);
#496=FACE_OUTER_BOUND('',#782,.T.);
#497=FACE_OUTER_BOUND('',#783,.T.);
#498=FACE_OUTER_BOUND('',#784,.T.);
#499=FACE_OUTER_BOUND('',#789,.T.);
#500=FACE_OUTER_BOUND('',#790,.T.);
#501=FACE_OUTER_BOUND('',#791,.T.);
#502=FACE_OUTER_BOUND('',#796,.T.);
#503=FACE_OUTER_BOUND('',#797,.T.);
#504=FACE_OUTER_BOUND('',#798,.T.);
#505=FACE_OUTER_BOUND('',#799,.T.);
#506=FACE_OUTER_BOUND('',#800,.T.);
#507=FACE_OUTER_BOUND('',#801,.T.);
#508=FACE_OUTER_BOUND('',#802,.T.);
#509=FACE_OUTER_BOUND('',#803,.T.);
#510=FACE_OUTER_BOUND('',#804,.T.);
#511=FACE_OUTER_BOUND('',#805,.T.);
#512=FACE_OUTER_BOUND('',#806,.T.);
#513=FACE_OUTER_BOUND('',#807,.T.);
#514=FACE_OUTER_BOUND('',#808,.T.);
#515=FACE_OUTER_BOUND('',#809,.T.);
#516=FACE_OUTER_BOUND('',#811,.T.);
#517=FACE_OUTER_BOUND('',#812,.T.);
#518=FACE_OUTER_BOUND('',#813,.T.);
#519=FACE_OUTER_BOUND('',#815,.T.);
#520=FACE_OUTER_BOUND('',#816,.T.);
#521=FACE_OUTER_BOUND('',#817,.T.);
#522=FACE_OUTER_BOUND('',#818,.T.);
#523=FACE_OUTER_BOUND('',#819,.T.);
#524=FACE_OUTER_BOUND('',#820,.T.);
#525=FACE_OUTER_BOUND('',#821,.T.);
#526=FACE_OUTER_BOUND('',#822,.T.);
#527=FACE_OUTER_BOUND('',#823,.T.);
#528=FACE_OUTER_BOUND('',#825,.T.);
#529=FACE_OUTER_BOUND('',#826,.T.);
#530=FACE_OUTER_BOUND('',#827,.T.);
#531=FACE_OUTER_BOUND('',#829,.T.);
#532=FACE_OUTER_BOUND('',#830,.T.);
#533=FACE_OUTER_BOUND('',#831,.T.);
#534=FACE_OUTER_BOUND('',#832,.T.);
#535=FACE_OUTER_BOUND('',#833,.T.);
#536=FACE_OUTER_BOUND('',#834,.T.);
#537=FACE_OUTER_BOUND('',#835,.T.);
#538=FACE_OUTER_BOUND('',#836,.T.);
#539=FACE_OUTER_BOUND('',#837,.T.);
#540=FACE_OUTER_BOUND('',#839,.T.);
#541=FACE_OUTER_BOUND('',#840,.T.);
#542=FACE_OUTER_BOUND('',#841,.T.);
#543=FACE_OUTER_BOUND('',#843,.T.);
#544=FACE_OUTER_BOUND('',#844,.T.);
#545=FACE_OUTER_BOUND('',#845,.T.);
#546=FACE_OUTER_BOUND('',#846,.T.);
#547=FACE_OUTER_BOUND('',#847,.T.);
#548=FACE_OUTER_BOUND('',#848,.T.);
#549=FACE_OUTER_BOUND('',#849,.T.);
#550=FACE_OUTER_BOUND('',#850,.T.);
#551=FACE_OUTER_BOUND('',#851,.T.);
#552=FACE_OUTER_BOUND('',#853,.T.);
#553=FACE_OUTER_BOUND('',#854,.T.);
#554=FACE_OUTER_BOUND('',#855,.T.);
#555=FACE_OUTER_BOUND('',#857,.T.);
#556=FACE_OUTER_BOUND('',#858,.T.);
#557=FACE_OUTER_BOUND('',#859,.T.);
#558=FACE_OUTER_BOUND('',#860,.T.);
#559=FACE_OUTER_BOUND('',#861,.T.);
#560=FACE_OUTER_BOUND('',#862,.T.);
#561=FACE_OUTER_BOUND('',#863,.T.);
#562=FACE_OUTER_BOUND('',#864,.T.);
#563=FACE_OUTER_BOUND('',#866,.T.);
#564=FACE_OUTER_BOUND('',#867,.T.);
#565=FACE_OUTER_BOUND('',#869,.T.);
#566=FACE_OUTER_BOUND('',#870,.T.);
#567=FACE_OUTER_BOUND('',#871,.T.);
#568=FACE_OUTER_BOUND('',#872,.T.);
#569=FACE_OUTER_BOUND('',#873,.T.);
#570=FACE_OUTER_BOUND('',#874,.T.);
#571=FACE_OUTER_BOUND('',#875,.T.);
#572=FACE_OUTER_BOUND('',#876,.T.);
#573=FACE_OUTER_BOUND('',#877,.T.);
#574=FACE_OUTER_BOUND('',#878,.T.);
#575=FACE_OUTER_BOUND('',#880,.T.);
#576=FACE_OUTER_BOUND('',#881,.T.);
#577=FACE_OUTER_BOUND('',#883,.T.);
#578=FACE_OUTER_BOUND('',#884,.T.);
#579=FACE_OUTER_BOUND('',#885,.T.);
#580=FACE_OUTER_BOUND('',#886,.T.);
#581=FACE_OUTER_BOUND('',#887,.T.);
#582=FACE_OUTER_BOUND('',#888,.T.);
#583=FACE_OUTER_BOUND('',#889,.T.);
#584=FACE_OUTER_BOUND('',#890,.T.);
#585=FACE_OUTER_BOUND('',#891,.T.);
#586=FACE_OUTER_BOUND('',#892,.T.);
#587=FACE_OUTER_BOUND('',#894,.T.);
#588=FACE_OUTER_BOUND('',#895,.T.);
#589=FACE_OUTER_BOUND('',#897,.T.);
#590=FACE_OUTER_BOUND('',#898,.T.);
#591=FACE_OUTER_BOUND('',#899,.T.);
#592=FACE_OUTER_BOUND('',#900,.T.);
#593=FACE_OUTER_BOUND('',#901,.T.);
#594=FACE_OUTER_BOUND('',#902,.T.);
#595=FACE_OUTER_BOUND('',#903,.T.);
#596=FACE_OUTER_BOUND('',#904,.T.);
#597=FACE_OUTER_BOUND('',#905,.T.);
#598=FACE_OUTER_BOUND('',#906,.T.);
#599=FACE_OUTER_BOUND('',#908,.T.);
#600=FACE_OUTER_BOUND('',#909,.T.);
#601=FACE_OUTER_BOUND('',#911,.T.);
#602=FACE_OUTER_BOUND('',#912,.T.);
#603=EDGE_LOOP('',(#3025,#3026,#3027,#3028));
#604=EDGE_LOOP('',(#3029,#3030,#3031,#3032));
#605=EDGE_LOOP('',(#3033,#3034,#3035,#3036));
#606=EDGE_LOOP('',(#3037,#3038,#3039,#3040));
#607=EDGE_LOOP('',(#3041,#3042,#3043,#3044));
#608=EDGE_LOOP('',(#3045,#3046,#3047,#3048,#3049,#3050,#3051,#3052));
#609=EDGE_LOOP('',(#3053));
#610=EDGE_LOOP('',(#3054));
#611=EDGE_LOOP('',(#3055));
#612=EDGE_LOOP('',(#3056));
#613=EDGE_LOOP('',(#3057,#3058,#3059,#3060));
#614=EDGE_LOOP('',(#3061,#3062,#3063,#3064));
#615=EDGE_LOOP('',(#3065,#3066,#3067,#3068));
#616=EDGE_LOOP('',(#3069,#3070,#3071,#3072,#3073,#3074,#3075,#3076));
#617=EDGE_LOOP('',(#3077));
#618=EDGE_LOOP('',(#3078));
#619=EDGE_LOOP('',(#3079));
#620=EDGE_LOOP('',(#3080));
#621=EDGE_LOOP('',(#3081,#3082,#3083,#3084));
#622=EDGE_LOOP('',(#3085,#3086,#3087,#3088));
#623=EDGE_LOOP('',(#3089,#3090,#3091,#3092));
#624=EDGE_LOOP('',(#3093,#3094,#3095,#3096));
#625=EDGE_LOOP('',(#3097,#3098,#3099,#3100));
#626=EDGE_LOOP('',(#3101));
#627=EDGE_LOOP('',(#3102));
#628=EDGE_LOOP('',(#3103,#3104,#3105,#3106));
#629=EDGE_LOOP('',(#3107));
#630=EDGE_LOOP('',(#3108));
#631=EDGE_LOOP('',(#3109,#3110,#3111,#3112));
#632=EDGE_LOOP('',(#3113));
#633=EDGE_LOOP('',(#3114));
#634=EDGE_LOOP('',(#3115,#3116,#3117,#3118));
#635=EDGE_LOOP('',(#3119));
#636=EDGE_LOOP('',(#3120));
#637=EDGE_LOOP('',(#3121,#3122,#3123,#3124));
#638=EDGE_LOOP('',(#3125,#3126,#3127,#3128));
#639=EDGE_LOOP('',(#3129,#3130,#3131,#3132));
#640=EDGE_LOOP('',(#3133,#3134,#3135,#3136));
#641=EDGE_LOOP('',(#3137,#3138,#3139,#3140));
#642=EDGE_LOOP('',(#3141,#3142,#3143,#3144));
#643=EDGE_LOOP('',(#3145,#3146,#3147,#3148));
#644=EDGE_LOOP('',(#3149,#3150,#3151,#3152));
#645=EDGE_LOOP('',(#3153,#3154,#3155,#3156));
#646=EDGE_LOOP('',(#3157,#3158,#3159,#3160));
#647=EDGE_LOOP('',(#3161,#3162,#3163,#3164));
#648=EDGE_LOOP('',(#3165,#3166,#3167,#3168));
#649=EDGE_LOOP('',(#3169,#3170,#3171,#3172));
#650=EDGE_LOOP('',(#3173));
#651=EDGE_LOOP('',(#3174));
#652=EDGE_LOOP('',(#3175,#3176,#3177,#3178));
#653=EDGE_LOOP('',(#3179));
#654=EDGE_LOOP('',(#3180));
#655=EDGE_LOOP('',(#3181,#3182,#3183,#3184));
#656=EDGE_LOOP('',(#3185,#3186,#3187,#3188));
#657=EDGE_LOOP('',(#3189,#3190,#3191,#3192));
#658=EDGE_LOOP('',(#3193,#3194,#3195,#3196));
#659=EDGE_LOOP('',(#3197,#3198,#3199,#3200));
#660=EDGE_LOOP('',(#3201,#3202,#3203,#3204));
#661=EDGE_LOOP('',(#3205,#3206,#3207,#3208));
#662=EDGE_LOOP('',(#3209,#3210,#3211,#3212));
#663=EDGE_LOOP('',(#3213,#3214,#3215,#3216));
#664=EDGE_LOOP('',(#3217,#3218,#3219,#3220));
#665=EDGE_LOOP('',(#3221,#3222,#3223,#3224));
#666=EDGE_LOOP('',(#3225,#3226,#3227,#3228));
#667=EDGE_LOOP('',(#3229,#3230,#3231,#3232));
#668=EDGE_LOOP('',(#3233));
#669=EDGE_LOOP('',(#3234));
#670=EDGE_LOOP('',(#3235,#3236,#3237,#3238));
#671=EDGE_LOOP('',(#3239));
#672=EDGE_LOOP('',(#3240));
#673=EDGE_LOOP('',(#3241,#3242,#3243,#3244));
#674=EDGE_LOOP('',(#3245,#3246,#3247,#3248));
#675=EDGE_LOOP('',(#3249,#3250,#3251,#3252));
#676=EDGE_LOOP('',(#3253,#3254,#3255,#3256));
#677=EDGE_LOOP('',(#3257,#3258,#3259,#3260));
#678=EDGE_LOOP('',(#3261,#3262,#3263,#3264));
#679=EDGE_LOOP('',(#3265,#3266,#3267,#3268));
#680=EDGE_LOOP('',(#3269,#3270,#3271,#3272));
#681=EDGE_LOOP('',(#3273,#3274,#3275,#3276));
#682=EDGE_LOOP('',(#3277,#3278,#3279,#3280));
#683=EDGE_LOOP('',(#3281,#3282,#3283,#3284));
#684=EDGE_LOOP('',(#3285,#3286,#3287,#3288));
#685=EDGE_LOOP('',(#3289,#3290,#3291,#3292));
#686=EDGE_LOOP('',(#3293));
#687=EDGE_LOOP('',(#3294));
#688=EDGE_LOOP('',(#3295,#3296,#3297,#3298));
#689=EDGE_LOOP('',(#3299));
#690=EDGE_LOOP('',(#3300));
#691=EDGE_LOOP('',(#3301,#3302,#3303,#3304));
#692=EDGE_LOOP('',(#3305,#3306,#3307,#3308));
#693=EDGE_LOOP('',(#3309,#3310,#3311,#3312));
#694=EDGE_LOOP('',(#3313,#3314,#3315,#3316));
#695=EDGE_LOOP('',(#3317,#3318,#3319,#3320));
#696=EDGE_LOOP('',(#3321,#3322,#3323,#3324));
#697=EDGE_LOOP('',(#3325,#3326,#3327,#3328));
#698=EDGE_LOOP('',(#3329,#3330,#3331,#3332));
#699=EDGE_LOOP('',(#3333,#3334,#3335,#3336));
#700=EDGE_LOOP('',(#3337,#3338,#3339,#3340));
#701=EDGE_LOOP('',(#3341,#3342,#3343,#3344));
#702=EDGE_LOOP('',(#3345,#3346,#3347,#3348));
#703=EDGE_LOOP('',(#3349,#3350,#3351,#3352));
#704=EDGE_LOOP('',(#3353));
#705=EDGE_LOOP('',(#3354));
#706=EDGE_LOOP('',(#3355,#3356,#3357,#3358));
#707=EDGE_LOOP('',(#3359));
#708=EDGE_LOOP('',(#3360));
#709=EDGE_LOOP('',(#3361,#3362,#3363,#3364));
#710=EDGE_LOOP('',(#3365,#3366,#3367,#3368));
#711=EDGE_LOOP('',(#3369,#3370,#3371,#3372));
#712=EDGE_LOOP('',(#3373,#3374,#3375,#3376,#3377,#3378,#3379,#3380,#3381,
#3382,#3383,#3384));
#713=EDGE_LOOP('',(#3385,#3386,#3387,#3388));
#714=EDGE_LOOP('',(#3389,#3390,#3391,#3392,#3393,#3394));
#715=EDGE_LOOP('',(#3395,#3396,#3397,#3398,#3399,#3400,#3401,#3402));
#716=EDGE_LOOP('',(#3403,#3404,#3405,#3406));
#717=EDGE_LOOP('',(#3407,#3408,#3409,#3410));
#718=EDGE_LOOP('',(#3411,#3412,#3413,#3414,#3415,#3416,#3417,#3418));
#719=EDGE_LOOP('',(#3419,#3420,#3421,#3422));
#720=EDGE_LOOP('',(#3423,#3424,#3425,#3426));
#721=EDGE_LOOP('',(#3427,#3428,#3429,#3430,#3431,#3432,#3433,#3434));
#722=EDGE_LOOP('',(#3435,#3436,#3437,#3438));
#723=EDGE_LOOP('',(#3439,#3440,#3441,#3442));
#724=EDGE_LOOP('',(#3443,#3444,#3445,#3446,#3447,#3448));
#725=EDGE_LOOP('',(#3449,#3450,#3451,#3452,#3453,#3454));
#726=EDGE_LOOP('',(#3455,#3456,#3457,#3458));
#727=EDGE_LOOP('',(#3459,#3460,#3461,#3462,#3463,#3464));
#728=EDGE_LOOP('',(#3465,#3466,#3467,#3468));
#729=EDGE_LOOP('',(#3469,#3470,#3471,#3472,#3473,#3474));
#730=EDGE_LOOP('',(#3475,#3476,#3477,#3478,#3479,#3480,#3481,#3482));
#731=EDGE_LOOP('',(#3483,#3484,#3485,#3486));
#732=EDGE_LOOP('',(#3487,#3488,#3489,#3490,#3491,#3492,#3493,#3494,#3495,
#3496,#3497,#3498));
#733=EDGE_LOOP('',(#3499,#3500,#3501,#3502));
#734=EDGE_LOOP('',(#3503,#3504,#3505,#3506));
#735=EDGE_LOOP('',(#3507,#3508,#3509,#3510));
#736=EDGE_LOOP('',(#3511,#3512,#3513,#3514,#3515,#3516,#3517,#3518));
#737=EDGE_LOOP('',(#3519,#3520,#3521,#3522));
#738=EDGE_LOOP('',(#3523,#3524,#3525,#3526,#3527,#3528));
#739=EDGE_LOOP('',(#3529,#3530,#3531,#3532));
#740=EDGE_LOOP('',(#3533,#3534,#3535,#3536,#3537,#3538));
#741=EDGE_LOOP('',(#3539,#3540,#3541,#3542,#3543,#3544,#3545,#3546));
#742=EDGE_LOOP('',(#3547,#3548,#3549,#3550));
#743=EDGE_LOOP('',(#3551,#3552,#3553,#3554,#3555,#3556,#3557,#3558,#3559,
#3560,#3561,#3562));
#744=EDGE_LOOP('',(#3563,#3564,#3565,#3566));
#745=EDGE_LOOP('',(#3567,#3568,#3569,#3570));
#746=EDGE_LOOP('',(#3571,#3572,#3573,#3574));
#747=EDGE_LOOP('',(#3575,#3576,#3577,#3578,#3579,#3580,#3581,#3582));
#748=EDGE_LOOP('',(#3583,#3584,#3585,#3586));
#749=EDGE_LOOP('',(#3587,#3588,#3589,#3590,#3591,#3592));
#750=EDGE_LOOP('',(#3593,#3594,#3595,#3596));
#751=EDGE_LOOP('',(#3597,#3598,#3599,#3600,#3601,#3602));
#752=EDGE_LOOP('',(#3603,#3604,#3605,#3606));
#753=EDGE_LOOP('',(#3607,#3608,#3609,#3610));
#754=EDGE_LOOP('',(#3611,#3612,#3613,#3614,#3615,#3616));
#755=EDGE_LOOP('',(#3617,#3618,#3619,#3620,#3621,#3622,#3623,#3624));
#756=EDGE_LOOP('',(#3625,#3626,#3627,#3628,#3629,#3630));
#757=EDGE_LOOP('',(#3631,#3632,#3633,#3634));
#758=EDGE_LOOP('',(#3635,#3636,#3637,#3638,#3639,#3640,#3641,#3642));
#759=EDGE_LOOP('',(#3643,#3644,#3645,#3646));
#760=EDGE_LOOP('',(#3647,#3648,#3649,#3650));
#761=EDGE_LOOP('',(#3651,#3652,#3653,#3654));
#762=EDGE_LOOP('',(#3655,#3656,#3657,#3658,#3659,#3660));
#763=EDGE_LOOP('',(#3661,#3662,#3663,#3664));
#764=EDGE_LOOP('',(#3665,#3666,#3667,#3668));
#765=EDGE_LOOP('',(#3669,#3670,#3671,#3672,#3673,#3674));
#766=EDGE_LOOP('',(#3675,#3676,#3677,#3678,#3679,#3680,#3681,#3682));
#767=EDGE_LOOP('',(#3683,#3684,#3685,#3686));
#768=EDGE_LOOP('',(#3687,#3688,#3689,#3690,#3691,#3692));
#769=EDGE_LOOP('',(#3693,#3694,#3695,#3696));
#770=EDGE_LOOP('',(#3697,#3698,#3699,#3700,#3701,#3702,#3703,#3704,#3705,
#3706,#3707,#3708,#3709,#3710,#3711,#3712,#3713,#3714,#3715,#3716,#3717,
#3718,#3719,#3720,#3721,#3722,#3723,#3724,#3725,#3726,#3727,#3728,#3729,
#3730,#3731,#3732));
#771=EDGE_LOOP('',(#3733,#3734,#3735,#3736));
#772=EDGE_LOOP('',(#3737,#3738,#3739,#3740));
#773=EDGE_LOOP('',(#3741,#3742,#3743,#3744));
#774=EDGE_LOOP('',(#3745,#3746,#3747,#3748));
#775=EDGE_LOOP('',(#3749,#3750,#3751,#3752,#3753,#3754));
#776=EDGE_LOOP('',(#3755,#3756,#3757,#3758));
#777=EDGE_LOOP('',(#3759,#3760,#3761,#3762));
#778=EDGE_LOOP('',(#3763,#3764,#3765,#3766,#3767,#3768));
#779=EDGE_LOOP('',(#3769,#3770,#3771,#3772));
#780=EDGE_LOOP('',(#3773,#3774,#3775,#3776));
#781=EDGE_LOOP('',(#3777,#3778,#3779,#3780));
#782=EDGE_LOOP('',(#3781,#3782,#3783,#3784));
#783=EDGE_LOOP('',(#3785,#3786,#3787,#3788));
#784=EDGE_LOOP('',(#3789,#3790,#3791,#3792,#3793,#3794,#3795,#3796));
#785=EDGE_LOOP('',(#3797));
#786=EDGE_LOOP('',(#3798));
#787=EDGE_LOOP('',(#3799));
#788=EDGE_LOOP('',(#3800));
#789=EDGE_LOOP('',(#3801,#3802,#3803,#3804));
#790=EDGE_LOOP('',(#3805,#3806,#3807,#3808));
#791=EDGE_LOOP('',(#3809,#3810,#3811,#3812,#3813,#3814,#3815,#3816));
#792=EDGE_LOOP('',(#3817));
#793=EDGE_LOOP('',(#3818));
#794=EDGE_LOOP('',(#3819));
#795=EDGE_LOOP('',(#3820));
#796=EDGE_LOOP('',(#3821,#3822,#3823,#3824));
#797=EDGE_LOOP('',(#3825,#3826,#3827,#3828));
#798=EDGE_LOOP('',(#3829,#3830,#3831,#3832));
#799=EDGE_LOOP('',(#3833,#3834,#3835,#3836));
#800=EDGE_LOOP('',(#3837,#3838,#3839,#3840));
#801=EDGE_LOOP('',(#3841,#3842,#3843,#3844));
#802=EDGE_LOOP('',(#3845));
#803=EDGE_LOOP('',(#3846,#3847,#3848,#3849));
#804=EDGE_LOOP('',(#3850));
#805=EDGE_LOOP('',(#3851,#3852,#3853,#3854));
#806=EDGE_LOOP('',(#3855,#3856,#3857,#3858));
#807=EDGE_LOOP('',(#3859,#3860,#3861,#3862));
#808=EDGE_LOOP('',(#3863,#3864,#3865,#3866));
#809=EDGE_LOOP('',(#3867,#3868,#3869,#3870,#3871,#3872));
#810=EDGE_LOOP('',(#3873));
#811=EDGE_LOOP('',(#3874,#3875,#3876,#3877));
#812=EDGE_LOOP('',(#3878,#3879,#3880,#3881));
#813=EDGE_LOOP('',(#3882,#3883,#3884,#3885,#3886,#3887));
#814=EDGE_LOOP('',(#3888));
#815=EDGE_LOOP('',(#3889,#3890,#3891,#3892));
#816=EDGE_LOOP('',(#3893));
#817=EDGE_LOOP('',(#3894,#3895,#3896,#3897));
#818=EDGE_LOOP('',(#3898));
#819=EDGE_LOOP('',(#3899,#3900,#3901,#3902));
#820=EDGE_LOOP('',(#3903,#3904,#3905,#3906));
#821=EDGE_LOOP('',(#3907,#3908,#3909,#3910));
#822=EDGE_LOOP('',(#3911,#3912,#3913,#3914));
#823=EDGE_LOOP('',(#3915,#3916,#3917,#3918,#3919,#3920));
#824=EDGE_LOOP('',(#3921));
#825=EDGE_LOOP('',(#3922,#3923,#3924,#3925));
#826=EDGE_LOOP('',(#3926,#3927,#3928,#3929));
#827=EDGE_LOOP('',(#3930,#3931,#3932,#3933,#3934,#3935));
#828=EDGE_LOOP('',(#3936));
#829=EDGE_LOOP('',(#3937,#3938,#3939,#3940));
#830=EDGE_LOOP('',(#3941));
#831=EDGE_LOOP('',(#3942,#3943,#3944,#3945));
#832=EDGE_LOOP('',(#3946));
#833=EDGE_LOOP('',(#3947,#3948,#3949,#3950));
#834=EDGE_LOOP('',(#3951,#3952,#3953,#3954));
#835=EDGE_LOOP('',(#3955,#3956,#3957,#3958));
#836=EDGE_LOOP('',(#3959,#3960,#3961,#3962));
#837=EDGE_LOOP('',(#3963,#3964,#3965,#3966,#3967,#3968));
#838=EDGE_LOOP('',(#3969));
#839=EDGE_LOOP('',(#3970,#3971,#3972,#3973));
#840=EDGE_LOOP('',(#3974,#3975,#3976,#3977));
#841=EDGE_LOOP('',(#3978,#3979,#3980,#3981,#3982,#3983));
#842=EDGE_LOOP('',(#3984));
#843=EDGE_LOOP('',(#3985,#3986,#3987,#3988));
#844=EDGE_LOOP('',(#3989));
#845=EDGE_LOOP('',(#3990,#3991,#3992,#3993));
#846=EDGE_LOOP('',(#3994));
#847=EDGE_LOOP('',(#3995,#3996,#3997,#3998));
#848=EDGE_LOOP('',(#3999,#4000,#4001,#4002));
#849=EDGE_LOOP('',(#4003,#4004,#4005,#4006));
#850=EDGE_LOOP('',(#4007,#4008,#4009,#4010));
#851=EDGE_LOOP('',(#4011,#4012,#4013,#4014,#4015,#4016));
#852=EDGE_LOOP('',(#4017));
#853=EDGE_LOOP('',(#4018,#4019,#4020,#4021));
#854=EDGE_LOOP('',(#4022,#4023,#4024,#4025));
#855=EDGE_LOOP('',(#4026,#4027,#4028,#4029,#4030,#4031));
#856=EDGE_LOOP('',(#4032));
#857=EDGE_LOOP('',(#4033,#4034,#4035,#4036));
#858=EDGE_LOOP('',(#4037,#4038,#4039,#4040));
#859=EDGE_LOOP('',(#4041,#4042,#4043,#4044));
#860=EDGE_LOOP('',(#4045,#4046,#4047,#4048));
#861=EDGE_LOOP('',(#4049,#4050,#4051,#4052));
#862=EDGE_LOOP('',(#4053,#4054,#4055,#4056,#4057,#4058));
#863=EDGE_LOOP('',(#4059,#4060,#4061,#4062));
#864=EDGE_LOOP('',(#4063));
#865=EDGE_LOOP('',(#4064));
#866=EDGE_LOOP('',(#4065,#4066,#4067,#4068));
#867=EDGE_LOOP('',(#4069));
#868=EDGE_LOOP('',(#4070,#4071,#4072,#4073,#4074,#4075));
#869=EDGE_LOOP('',(#4076,#4077,#4078,#4079));
#870=EDGE_LOOP('',(#4080));
#871=EDGE_LOOP('',(#4081,#4082,#4083,#4084));
#872=EDGE_LOOP('',(#4085,#4086,#4087,#4088));
#873=EDGE_LOOP('',(#4089,#4090,#4091,#4092));
#874=EDGE_LOOP('',(#4093,#4094,#4095,#4096));
#875=EDGE_LOOP('',(#4097,#4098,#4099,#4100));
#876=EDGE_LOOP('',(#4101,#4102,#4103,#4104,#4105,#4106));
#877=EDGE_LOOP('',(#4107,#4108,#4109,#4110));
#878=EDGE_LOOP('',(#4111));
#879=EDGE_LOOP('',(#4112));
#880=EDGE_LOOP('',(#4113,#4114,#4115,#4116));
#881=EDGE_LOOP('',(#4117));
#882=EDGE_LOOP('',(#4118,#4119,#4120,#4121,#4122,#4123));
#883=EDGE_LOOP('',(#4124,#4125,#4126,#4127));
#884=EDGE_LOOP('',(#4128));
#885=EDGE_LOOP('',(#4129,#4130,#4131,#4132));
#886=EDGE_LOOP('',(#4133,#4134,#4135,#4136));
#887=EDGE_LOOP('',(#4137,#4138,#4139,#4140));
#888=EDGE_LOOP('',(#4141,#4142,#4143,#4144));
#889=EDGE_LOOP('',(#4145,#4146,#4147,#4148));
#890=EDGE_LOOP('',(#4149,#4150,#4151,#4152,#4153,#4154));
#891=EDGE_LOOP('',(#4155,#4156,#4157,#4158));
#892=EDGE_LOOP('',(#4159));
#893=EDGE_LOOP('',(#4160));
#894=EDGE_LOOP('',(#4161,#4162,#4163,#4164));
#895=EDGE_LOOP('',(#4165));
#896=EDGE_LOOP('',(#4166,#4167,#4168,#4169,#4170,#4171));
#897=EDGE_LOOP('',(#4172,#4173,#4174,#4175));
#898=EDGE_LOOP('',(#4176));
#899=EDGE_LOOP('',(#4177,#4178,#4179,#4180));
#900=EDGE_LOOP('',(#4181,#4182,#4183,#4184));
#901=EDGE_LOOP('',(#4185,#4186,#4187,#4188));
#902=EDGE_LOOP('',(#4189,#4190,#4191,#4192));
#903=EDGE_LOOP('',(#4193,#4194,#4195,#4196));
#904=EDGE_LOOP('',(#4197,#4198,#4199,#4200,#4201,#4202));
#905=EDGE_LOOP('',(#4203,#4204,#4205,#4206));
#906=EDGE_LOOP('',(#4207));
#907=EDGE_LOOP('',(#4208));
#908=EDGE_LOOP('',(#4209,#4210,#4211,#4212));
#909=EDGE_LOOP('',(#4213));
#910=EDGE_LOOP('',(#4214,#4215,#4216,#4217,#4218,#4219));
#911=EDGE_LOOP('',(#4220,#4221,#4222,#4223));
#912=EDGE_LOOP('',(#4224));
#913=LINE('',#6172,#1425);
#914=LINE('',#6178,#1426);
#915=LINE('',#6184,#1427);
#916=LINE('',#6190,#1428);
#917=LINE('',#6195,#1429);
#918=LINE('',#6199,#1430);
#919=LINE('',#6203,#1431);
#920=LINE('',#6207,#1432);
#921=LINE('',#6211,#1433);
#922=LINE('',#6214,#1434);
#923=LINE('',#6217,#1435);
#924=LINE('',#6220,#1436);
#925=LINE('',#6223,#1437);
#926=LINE('',#6226,#1438);
#927=LINE('',#6229,#1439);
#928=LINE('',#6231,#1440);
#929=LINE('',#6234,#1441);
#930=LINE('',#6235,#1442);
#931=LINE('',#6236,#1443);
#932=LINE('',#6237,#1444);
#933=LINE('',#6246,#1445);
#934=LINE('',#6254,#1446);
#935=LINE('',#6262,#1447);
#936=LINE('',#6270,#1448);
#937=LINE('',#6277,#1449);
#938=LINE('',#6279,#1450);
#939=LINE('',#6281,#1451);
#940=LINE('',#6282,#1452);
#941=LINE('',#6285,#1453);
#942=LINE('',#6287,#1454);
#943=LINE('',#6288,#1455);
#944=LINE('',#6291,#1456);
#945=LINE('',#6292,#1457);
#946=LINE('',#6295,#1458);
#947=LINE('',#6296,#1459);
#948=LINE('',#6298,#1460);
#949=LINE('',#6302,#1461);
#950=LINE('',#6304,#1462);
#951=LINE('',#6306,#1463);
#952=LINE('',#6307,#1464);
#953=LINE('',#6311,#1465);
#954=LINE('',#6313,#1466);
#955=LINE('',#6315,#1467);
#956=LINE('',#6316,#1468);
#957=LINE('',#6318,#1469);
#958=LINE('',#6319,#1470);
#959=LINE('',#6321,#1471);
#960=LINE('',#6323,#1472);
#961=LINE('',#6329,#1473);
#962=LINE('',#6337,#1474);
#963=LINE('',#6344,#1475);
#964=LINE('',#6346,#1476);
#965=LINE('',#6348,#1477);
#966=LINE('',#6349,#1478);
#967=LINE('',#6352,#1479);
#968=LINE('',#6354,#1480);
#969=LINE('',#6355,#1481);
#970=LINE('',#6358,#1482);
#971=LINE('',#6359,#1483);
#972=LINE('',#6362,#1484);
#973=LINE('',#6363,#1485);
#974=LINE('',#6365,#1486);
#975=LINE('',#6369,#1487);
#976=LINE('',#6371,#1488);
#977=LINE('',#6373,#1489);
#978=LINE('',#6374,#1490);
#979=LINE('',#6378,#1491);
#980=LINE('',#6380,#1492);
#981=LINE('',#6382,#1493);
#982=LINE('',#6383,#1494);
#983=LINE('',#6385,#1495);
#984=LINE('',#6386,#1496);
#985=LINE('',#6388,#1497);
#986=LINE('',#6390,#1498);
#987=LINE('',#6396,#1499);
#988=LINE('',#6404,#1500);
#989=LINE('',#6411,#1501);
#990=LINE('',#6413,#1502);
#991=LINE('',#6415,#1503);
#992=LINE('',#6416,#1504);
#993=LINE('',#6419,#1505);
#994=LINE('',#6421,#1506);
#995=LINE('',#6422,#1507);
#996=LINE('',#6425,#1508);
#997=LINE('',#6426,#1509);
#998=LINE('',#6429,#1510);
#999=LINE('',#6430,#1511);
#1000=LINE('',#6432,#1512);
#1001=LINE('',#6436,#1513);
#1002=LINE('',#6438,#1514);
#1003=LINE('',#6440,#1515);
#1004=LINE('',#6441,#1516);
#1005=LINE('',#6445,#1517);
#1006=LINE('',#6447,#1518);
#1007=LINE('',#6449,#1519);
#1008=LINE('',#6450,#1520);
#1009=LINE('',#6452,#1521);
#1010=LINE('',#6453,#1522);
#1011=LINE('',#6455,#1523);
#1012=LINE('',#6457,#1524);
#1013=LINE('',#6463,#1525);
#1014=LINE('',#6471,#1526);
#1015=LINE('',#6478,#1527);
#1016=LINE('',#6480,#1528);
#1017=LINE('',#6482,#1529);
#1018=LINE('',#6483,#1530);
#1019=LINE('',#6486,#1531);
#1020=LINE('',#6488,#1532);
#1021=LINE('',#6489,#1533);
#1022=LINE('',#6492,#1534);
#1023=LINE('',#6493,#1535);
#1024=LINE('',#6496,#1536);
#1025=LINE('',#6497,#1537);
#1026=LINE('',#6499,#1538);
#1027=LINE('',#6503,#1539);
#1028=LINE('',#6505,#1540);
#1029=LINE('',#6507,#1541);
#1030=LINE('',#6508,#1542);
#1031=LINE('',#6512,#1543);
#1032=LINE('',#6514,#1544);
#1033=LINE('',#6516,#1545);
#1034=LINE('',#6517,#1546);
#1035=LINE('',#6519,#1547);
#1036=LINE('',#6520,#1548);
#1037=LINE('',#6522,#1549);
#1038=LINE('',#6524,#1550);
#1039=LINE('',#6530,#1551);
#1040=LINE('',#6538,#1552);
#1041=LINE('',#6545,#1553);
#1042=LINE('',#6547,#1554);
#1043=LINE('',#6549,#1555);
#1044=LINE('',#6550,#1556);
#1045=LINE('',#6554,#1557);
#1046=LINE('',#6556,#1558);
#1047=LINE('',#6558,#1559);
#1048=LINE('',#6559,#1560);
#1049=LINE('',#6563,#1561);
#1050=LINE('',#6565,#1562);
#1051=LINE('',#6567,#1563);
#1052=LINE('',#6568,#1564);
#1053=LINE('',#6572,#1565);
#1054=LINE('',#6574,#1566);
#1055=LINE('',#6576,#1567);
#1056=LINE('',#6577,#1568);
#1057=LINE('',#6579,#1569);
#1058=LINE('',#6580,#1570);
#1059=LINE('',#6582,#1571);
#1060=LINE('',#6583,#1572);
#1061=LINE('',#6584,#1573);
#1062=LINE('',#6587,#1574);
#1063=LINE('',#6589,#1575);
#1064=LINE('',#6590,#1576);
#1065=LINE('',#6593,#1577);
#1066=LINE('',#6595,#1578);
#1067=LINE('',#6597,#1579);
#1068=LINE('',#6598,#1580);
#1069=LINE('',#6601,#1581);
#1070=LINE('',#6603,#1582);
#1071=LINE('',#6605,#1583);
#1072=LINE('',#6607,#1584);
#1073=LINE('',#6609,#1585);
#1074=LINE('',#6610,#1586);
#1075=LINE('',#6614,#1587);
#1076=LINE('',#6616,#1588);
#1077=LINE('',#6618,#1589);
#1078=LINE('',#6619,#1590);
#1079=LINE('',#6622,#1591);
#1080=LINE('',#6624,#1592);
#1081=LINE('',#6625,#1593);
#1082=LINE('',#6628,#1594);
#1083=LINE('',#6630,#1595);
#1084=LINE('',#6631,#1596);
#1085=LINE('',#6633,#1597);
#1086=LINE('',#6634,#1598);
#1087=LINE('',#6637,#1599);
#1088=LINE('',#6639,#1600);
#1089=LINE('',#6640,#1601);
#1090=LINE('',#6642,#1602);
#1091=LINE('',#6644,#1603);
#1092=LINE('',#6646,#1604);
#1093=LINE('',#6647,#1605);
#1094=LINE('',#6650,#1606);
#1095=LINE('',#6651,#1607);
#1096=LINE('',#6654,#1608);
#1097=LINE('',#6655,#1609);
#1098=LINE('',#6657,#1610);
#1099=LINE('',#6660,#1611);
#1100=LINE('',#6662,#1612);
#1101=LINE('',#6663,#1613);
#1102=LINE('',#6666,#1614);
#1103=LINE('',#6667,#1615);
#1104=LINE('',#6670,#1616);
#1105=LINE('',#6671,#1617);
#1106=LINE('',#6673,#1618);
#1107=LINE('',#6676,#1619);
#1108=LINE('',#6678,#1620);
#1109=LINE('',#6680,#1621);
#1110=LINE('',#6681,#1622);
#1111=LINE('',#6684,#1623);
#1112=LINE('',#6686,#1624);
#1113=LINE('',#6688,#1625);
#1114=LINE('',#6690,#1626);
#1115=LINE('',#6692,#1627);
#1116=LINE('',#6693,#1628);
#1117=LINE('',#6697,#1629);
#1118=LINE('',#6699,#1630);
#1119=LINE('',#6701,#1631);
#1120=LINE('',#6702,#1632);
#1121=LINE('',#6705,#1633);
#1122=LINE('',#6707,#1634);
#1123=LINE('',#6709,#1635);
#1124=LINE('',#6710,#1636);
#1125=LINE('',#6712,#1637);
#1126=LINE('',#6714,#1638);
#1127=LINE('',#6716,#1639);
#1128=LINE('',#6718,#1640);
#1129=LINE('',#6720,#1641);
#1130=LINE('',#6721,#1642);
#1131=LINE('',#6724,#1643);
#1132=LINE('',#6725,#1644);
#1133=LINE('',#6728,#1645);
#1134=LINE('',#6730,#1646);
#1135=LINE('',#6731,#1647);
#1136=LINE('',#6734,#1648);
#1137=LINE('',#6736,#1649);
#1138=LINE('',#6737,#1650);
#1139=LINE('',#6739,#1651);
#1140=LINE('',#6741,#1652);
#1141=LINE('',#6742,#1653);
#1142=LINE('',#6745,#1654);
#1143=LINE('',#6746,#1655);
#1144=LINE('',#6749,#1656);
#1145=LINE('',#6750,#1657);
#1146=LINE('',#6752,#1658);
#1147=LINE('',#6755,#1659);
#1148=LINE('',#6757,#1660);
#1149=LINE('',#6759,#1661);
#1150=LINE('',#6760,#1662);
#1151=LINE('',#6763,#1663);
#1152=LINE('',#6765,#1664);
#1153=LINE('',#6767,#1665);
#1154=LINE('',#6769,#1666);
#1155=LINE('',#6771,#1667);
#1156=LINE('',#6772,#1668);
#1157=LINE('',#6776,#1669);
#1158=LINE('',#6778,#1670);
#1159=LINE('',#6780,#1671);
#1160=LINE('',#6781,#1672);
#1161=LINE('',#6784,#1673);
#1162=LINE('',#6786,#1674);
#1163=LINE('',#6788,#1675);
#1164=LINE('',#6790,#1676);
#1165=LINE('',#6792,#1677);
#1166=LINE('',#6794,#1678);
#1167=LINE('',#6796,#1679);
#1168=LINE('',#6798,#1680);
#1169=LINE('',#6799,#1681);
#1170=LINE('',#6800,#1682);
#1171=LINE('',#6803,#1683);
#1172=LINE('',#6804,#1684);
#1173=LINE('',#6807,#1685);
#1174=LINE('',#6809,#1686);
#1175=LINE('',#6810,#1687);
#1176=LINE('',#6813,#1688);
#1177=LINE('',#6815,#1689);
#1178=LINE('',#6816,#1690);
#1179=LINE('',#6818,#1691);
#1180=LINE('',#6820,#1692);
#1181=LINE('',#6821,#1693);
#1182=LINE('',#6824,#1694);
#1183=LINE('',#6825,#1695);
#1184=LINE('',#6828,#1696);
#1185=LINE('',#6829,#1697);
#1186=LINE('',#6831,#1698);
#1187=LINE('',#6834,#1699);
#1188=LINE('',#6836,#1700);
#1189=LINE('',#6837,#1701);
#1190=LINE('',#6840,#1702);
#1191=LINE('',#6841,#1703);
#1192=LINE('',#6844,#1704);
#1193=LINE('',#6845,#1705);
#1194=LINE('',#6847,#1706);
#1195=LINE('',#6850,#1707);
#1196=LINE('',#6852,#1708);
#1197=LINE('',#6854,#1709);
#1198=LINE('',#6856,#1710);
#1199=LINE('',#6858,#1711);
#1200=LINE('',#6859,#1712);
#1201=LINE('',#6862,#1713);
#1202=LINE('',#6864,#1714);
#1203=LINE('',#6866,#1715);
#1204=LINE('',#6867,#1716);
#1205=LINE('',#6871,#1717);
#1206=LINE('',#6873,#1718);
#1207=LINE('',#6875,#1719);
#1208=LINE('',#6876,#1720);
#1209=LINE('',#6879,#1721);
#1210=LINE('',#6881,#1722);
#1211=LINE('',#6882,#1723);
#1212=LINE('',#6884,#1724);
#1213=LINE('',#6886,#1725);
#1214=LINE('',#6887,#1726);
#1215=LINE('',#6890,#1727);
#1216=LINE('',#6892,#1728);
#1217=LINE('',#6893,#1729);
#1218=LINE('',#6895,#1730);
#1219=LINE('',#6898,#1731);
#1220=LINE('',#6899,#1732);
#1221=LINE('',#6902,#1733);
#1222=LINE('',#6904,#1734);
#1223=LINE('',#6905,#1735);
#1224=LINE('',#6908,#1736);
#1225=LINE('',#6909,#1737);
#1226=LINE('',#6912,#1738);
#1227=LINE('',#6913,#1739);
#1228=LINE('',#6915,#1740);
#1229=LINE('',#6917,#1741);
#1230=LINE('',#6919,#1742);
#1231=LINE('',#6920,#1743);
#1232=LINE('',#6923,#1744);
#1233=LINE('',#6924,#1745);
#1234=LINE('',#6927,#1746);
#1235=LINE('',#6928,#1747);
#1236=LINE('',#6930,#1748);
#1237=LINE('',#6933,#1749);
#1238=LINE('',#6935,#1750);
#1239=LINE('',#6936,#1751);
#1240=LINE('',#6939,#1752);
#1241=LINE('',#6940,#1753);
#1242=LINE('',#6943,#1754);
#1243=LINE('',#6944,#1755);
#1244=LINE('',#6946,#1756);
#1245=LINE('',#6952,#1757);
#1246=LINE('',#6958,#1758);
#1247=LINE('',#6964,#1759);
#1248=LINE('',#6970,#1760);
#1249=LINE('',#6975,#1761);
#1250=LINE('',#6979,#1762);
#1251=LINE('',#6983,#1763);
#1252=LINE('',#6987,#1764);
#1253=LINE('',#6991,#1765);
#1254=LINE('',#6994,#1766);
#1255=LINE('',#6997,#1767);
#1256=LINE('',#7000,#1768);
#1257=LINE('',#7003,#1769);
#1258=LINE('',#7005,#1770);
#1259=LINE('',#7008,#1771);
#1260=LINE('',#7010,#1772);
#1261=LINE('',#7013,#1773);
#1262=LINE('',#7014,#1774);
#1263=LINE('',#7016,#1775);
#1264=LINE('',#7017,#1776);
#1265=LINE('',#7026,#1777);
#1266=LINE('',#7033,#1778);
#1267=LINE('',#7039,#1779);
#1268=LINE('',#7041,#1780);
#1269=LINE('',#7043,#1781);
#1270=LINE('',#7044,#1782);
#1271=LINE('',#7048,#1783);
#1272=LINE('',#7050,#1784);
#1273=LINE('',#7052,#1785);
#1274=LINE('',#7053,#1786);
#1275=LINE('',#7056,#1787);
#1276=LINE('',#7058,#1788);
#1277=LINE('',#7059,#1789);
#1278=LINE('',#7062,#1790);
#1279=LINE('',#7064,#1791);
#1280=LINE('',#7065,#1792);
#1281=LINE('',#7067,#1793);
#1282=LINE('',#7068,#1794);
#1283=LINE('',#7070,#1795);
#1284=LINE('',#7072,#1796);
#1285=LINE('',#7078,#1797);
#1286=LINE('',#7085,#1798);
#1287=LINE('',#7091,#1799);
#1288=LINE('',#7093,#1800);
#1289=LINE('',#7095,#1801);
#1290=LINE('',#7096,#1802);
#1291=LINE('',#7100,#1803);
#1292=LINE('',#7102,#1804);
#1293=LINE('',#7104,#1805);
#1294=LINE('',#7105,#1806);
#1295=LINE('',#7108,#1807);
#1296=LINE('',#7110,#1808);
#1297=LINE('',#7111,#1809);
#1298=LINE('',#7114,#1810);
#1299=LINE('',#7116,#1811);
#1300=LINE('',#7117,#1812);
#1301=LINE('',#7119,#1813);
#1302=LINE('',#7120,#1814);
#1303=LINE('',#7122,#1815);
#1304=LINE('',#7124,#1816);
#1305=LINE('',#7130,#1817);
#1306=LINE('',#7137,#1818);
#1307=LINE('',#7143,#1819);
#1308=LINE('',#7145,#1820);
#1309=LINE('',#7147,#1821);
#1310=LINE('',#7148,#1822);
#1311=LINE('',#7152,#1823);
#1312=LINE('',#7154,#1824);
#1313=LINE('',#7156,#1825);
#1314=LINE('',#7157,#1826);
#1315=LINE('',#7160,#1827);
#1316=LINE('',#7162,#1828);
#1317=LINE('',#7163,#1829);
#1318=LINE('',#7166,#1830);
#1319=LINE('',#7168,#1831);
#1320=LINE('',#7169,#1832);
#1321=LINE('',#7171,#1833);
#1322=LINE('',#7172,#1834);
#1323=LINE('',#7174,#1835);
#1324=LINE('',#7176,#1836);
#1325=LINE('',#7182,#1837);
#1326=LINE('',#7189,#1838);
#1327=LINE('',#7195,#1839);
#1328=LINE('',#7197,#1840);
#1329=LINE('',#7199,#1841);
#1330=LINE('',#7200,#1842);
#1331=LINE('',#7204,#1843);
#1332=LINE('',#7206,#1844);
#1333=LINE('',#7208,#1845);
#1334=LINE('',#7209,#1846);
#1335=LINE('',#7212,#1847);
#1336=LINE('',#7214,#1848);
#1337=LINE('',#7215,#1849);
#1338=LINE('',#7218,#1850);
#1339=LINE('',#7220,#1851);
#1340=LINE('',#7221,#1852);
#1341=LINE('',#7223,#1853);
#1342=LINE('',#7224,#1854);
#1343=LINE('',#7226,#1855);
#1344=LINE('',#7228,#1856);
#1345=LINE('',#7233,#1857);
#1346=LINE('',#7235,#1858);
#1347=LINE('',#7237,#1859);
#1348=LINE('',#7238,#1860);
#1349=LINE('',#7241,#1861);
#1350=LINE('',#7243,#1862);
#1351=LINE('',#7244,#1863);
#1352=LINE('',#7247,#1864);
#1353=LINE('',#7249,#1865);
#1354=LINE('',#7250,#1866);
#1355=LINE('',#7253,#1867);
#1356=LINE('',#7255,#1868);
#1357=LINE('',#7256,#1869);
#1358=LINE('',#7259,#1870);
#1359=LINE('',#7261,#1871);
#1360=LINE('',#7262,#1872);
#1361=LINE('',#7264,#1873);
#1362=LINE('',#7266,#1874);
#1363=LINE('',#7275,#1875);
#1364=LINE('',#7279,#1876);
#1365=LINE('',#7285,#1877);
#1366=LINE('',#7287,#1878);
#1367=LINE('',#7289,#1879);
#1368=LINE('',#7290,#1880);
#1369=LINE('',#7293,#1881);
#1370=LINE('',#7295,#1882);
#1371=LINE('',#7296,#1883);
#1372=LINE('',#7299,#1884);
#1373=LINE('',#7301,#1885);
#1374=LINE('',#7302,#1886);
#1375=LINE('',#7305,#1887);
#1376=LINE('',#7307,#1888);
#1377=LINE('',#7308,#1889);
#1378=LINE('',#7311,#1890);
#1379=LINE('',#7313,#1891);
#1380=LINE('',#7314,#1892);
#1381=LINE('',#7316,#1893);
#1382=LINE('',#7318,#1894);
#1383=LINE('',#7327,#1895);
#1384=LINE('',#7331,#1896);
#1385=LINE('',#7337,#1897);
#1386=LINE('',#7339,#1898);
#1387=LINE('',#7341,#1899);
#1388=LINE('',#7342,#1900);
#1389=LINE('',#7345,#1901);
#1390=LINE('',#7347,#1902);
#1391=LINE('',#7348,#1903);
#1392=LINE('',#7351,#1904);
#1393=LINE('',#7353,#1905);
#1394=LINE('',#7354,#1906);
#1395=LINE('',#7357,#1907);
#1396=LINE('',#7359,#1908);
#1397=LINE('',#7360,#1909);
#1398=LINE('',#7363,#1910);
#1399=LINE('',#7365,#1911);
#1400=LINE('',#7366,#1912);
#1401=LINE('',#7368,#1913);
#1402=LINE('',#7370,#1914);
#1403=LINE('',#7379,#1915);
#1404=LINE('',#7383,#1916);
#1405=LINE('',#7389,#1917);
#1406=LINE('',#7391,#1918);
#1407=LINE('',#7393,#1919);
#1408=LINE('',#7394,#1920);
#1409=LINE('',#7397,#1921);
#1410=LINE('',#7399,#1922);
#1411=LINE('',#7400,#1923);
#1412=LINE('',#7403,#1924);
#1413=LINE('',#7405,#1925);
#1414=LINE('',#7406,#1926);
#1415=LINE('',#7409,#1927);
#1416=LINE('',#7411,#1928);
#1417=LINE('',#7412,#1929);
#1418=LINE('',#7415,#1930);
#1419=LINE('',#7417,#1931);
#1420=LINE('',#7418,#1932);
#1421=LINE('',#7420,#1933);
#1422=LINE('',#7422,#1934);
#1423=LINE('',#7431,#1935);
#1424=LINE('',#7435,#1936);
#1425=VECTOR('',#4943,1.35);
#1426=VECTOR('',#4950,1.35);
#1427=VECTOR('',#4957,1.35);
#1428=VECTOR('',#4964,1.35);
#1429=VECTOR('',#4969,10.);
#1430=VECTOR('',#4972,10.);
#1431=VECTOR('',#4977,10.);
#1432=VECTOR('',#4980,10.);
#1433=VECTOR('',#4983,10.);
#1434=VECTOR('',#4986,10.);
#1435=VECTOR('',#4989,10.);
#1436=VECTOR('',#4992,10.);
#1437=VECTOR('',#4995,10.);
#1438=VECTOR('',#4998,10.);
#1439=VECTOR('',#5001,10.);
#1440=VECTOR('',#5002,10.);
#1441=VECTOR('',#5007,10.);
#1442=VECTOR('',#5008,10.);
#1443=VECTOR('',#5009,10.);
#1444=VECTOR('',#5010,10.);
#1445=VECTOR('',#5023,9.);
#1446=VECTOR('',#5034,9.);
#1447=VECTOR('',#5045,9.);
#1448=VECTOR('',#5056,9.);
#1449=VECTOR('',#5065,10.);
#1450=VECTOR('',#5066,10.);
#1451=VECTOR('',#5067,10.);
#1452=VECTOR('',#5068,10.);
#1453=VECTOR('',#5071,10.);
#1454=VECTOR('',#5072,10.);
#1455=VECTOR('',#5073,10.);
#1456=VECTOR('',#5076,10.);
#1457=VECTOR('',#5077,10.);
#1458=VECTOR('',#5080,10.);
#1459=VECTOR('',#5081,10.);
#1460=VECTOR('',#5084,10.);
#1461=VECTOR('',#5087,10.);
#1462=VECTOR('',#5088,10.);
#1463=VECTOR('',#5089,10.);
#1464=VECTOR('',#5090,10.);
#1465=VECTOR('',#5093,10.);
#1466=VECTOR('',#5094,10.);
#1467=VECTOR('',#5095,10.);
#1468=VECTOR('',#5096,10.);
#1469=VECTOR('',#5099,10.);
#1470=VECTOR('',#5100,10.);
#1471=VECTOR('',#5103,10.);
#1472=VECTOR('',#5106,10.);
#1473=VECTOR('',#5113,0.33);
#1474=VECTOR('',#5124,0.33);
#1475=VECTOR('',#5133,10.);
#1476=VECTOR('',#5134,10.);
#1477=VECTOR('',#5135,10.);
#1478=VECTOR('',#5136,10.);
#1479=VECTOR('',#5139,10.);
#1480=VECTOR('',#5140,10.);
#1481=VECTOR('',#5141,10.);
#1482=VECTOR('',#5144,10.);
#1483=VECTOR('',#5145,10.);
#1484=VECTOR('',#5148,10.);
#1485=VECTOR('',#5149,10.);
#1486=VECTOR('',#5152,10.);
#1487=VECTOR('',#5155,10.);
#1488=VECTOR('',#5156,10.);
#1489=VECTOR('',#5157,10.);
#1490=VECTOR('',#5158,10.);
#1491=VECTOR('',#5161,10.);
#1492=VECTOR('',#5162,10.);
#1493=VECTOR('',#5163,10.);
#1494=VECTOR('',#5164,10.);
#1495=VECTOR('',#5167,10.);
#1496=VECTOR('',#5168,10.);
#1497=VECTOR('',#5171,10.);
#1498=VECTOR('',#5174,10.);
#1499=VECTOR('',#5181,0.33);
#1500=VECTOR('',#5192,0.33);
#1501=VECTOR('',#5201,10.);
#1502=VECTOR('',#5202,10.);
#1503=VECTOR('',#5203,10.);
#1504=VECTOR('',#5204,10.);
#1505=VECTOR('',#5207,10.);
#1506=VECTOR('',#5208,10.);
#1507=VECTOR('',#5209,10.);
#1508=VECTOR('',#5212,10.);
#1509=VECTOR('',#5213,10.);
#1510=VECTOR('',#5216,10.);
#1511=VECTOR('',#5217,10.);
#1512=VECTOR('',#5220,10.);
#1513=VECTOR('',#5223,10.);
#1514=VECTOR('',#5224,10.);
#1515=VECTOR('',#5225,10.);
#1516=VECTOR('',#5226,10.);
#1517=VECTOR('',#5229,10.);
#1518=VECTOR('',#5230,10.);
#1519=VECTOR('',#5231,10.);
#1520=VECTOR('',#5232,10.);
#1521=VECTOR('',#5235,10.);
#1522=VECTOR('',#5236,10.);
#1523=VECTOR('',#5239,10.);
#1524=VECTOR('',#5242,10.);
#1525=VECTOR('',#5249,0.33);
#1526=VECTOR('',#5260,0.33);
#1527=VECTOR('',#5269,10.);
#1528=VECTOR('',#5270,10.);
#1529=VECTOR('',#5271,10.);
#1530=VECTOR('',#5272,10.);
#1531=VECTOR('',#5275,10.);
#1532=VECTOR('',#5276,10.);
#1533=VECTOR('',#5277,10.);
#1534=VECTOR('',#5280,10.);
#1535=VECTOR('',#5281,10.);
#1536=VECTOR('',#5284,10.);
#1537=VECTOR('',#5285,10.);
#1538=VECTOR('',#5288,10.);
#1539=VECTOR('',#5291,10.);
#1540=VECTOR('',#5292,10.);
#1541=VECTOR('',#5293,10.);
#1542=VECTOR('',#5294,10.);
#1543=VECTOR('',#5297,10.);
#1544=VECTOR('',#5298,10.);
#1545=VECTOR('',#5299,10.);
#1546=VECTOR('',#5300,10.);
#1547=VECTOR('',#5303,10.);
#1548=VECTOR('',#5304,10.);
#1549=VECTOR('',#5307,10.);
#1550=VECTOR('',#5310,10.);
#1551=VECTOR('',#5317,0.33);
#1552=VECTOR('',#5328,0.33);
#1553=VECTOR('',#5337,10.);
#1554=VECTOR('',#5338,10.);
#1555=VECTOR('',#5339,10.);
#1556=VECTOR('',#5340,10.);
#1557=VECTOR('',#5343,10.);
#1558=VECTOR('',#5344,10.);
#1559=VECTOR('',#5345,10.);
#1560=VECTOR('',#5346,10.);
#1561=VECTOR('',#5349,10.);
#1562=VECTOR('',#5350,10.);
#1563=VECTOR('',#5351,10.);
#1564=VECTOR('',#5352,10.);
#1565=VECTOR('',#5355,10.);
#1566=VECTOR('',#5356,10.);
#1567=VECTOR('',#5357,10.);
#1568=VECTOR('',#5358,10.);
#1569=VECTOR('',#5359,10.);
#1570=VECTOR('',#5360,10.);
#1571=VECTOR('',#5361,10.);
#1572=VECTOR('',#5362,10.);
#1573=VECTOR('',#5363,10.);
#1574=VECTOR('',#5366,10.);
#1575=VECTOR('',#5367,10.);
#1576=VECTOR('',#5368,10.);
#1577=VECTOR('',#5371,10.);
#1578=VECTOR('',#5372,10.);
#1579=VECTOR('',#5373,10.);
#1580=VECTOR('',#5374,10.);
#1581=VECTOR('',#5377,10.);
#1582=VECTOR('',#5378,10.);
#1583=VECTOR('',#5379,10.);
#1584=VECTOR('',#5380,10.);
#1585=VECTOR('',#5381,10.);
#1586=VECTOR('',#5382,10.);
#1587=VECTOR('',#5385,10.);
#1588=VECTOR('',#5386,10.);
#1589=VECTOR('',#5387,10.);
#1590=VECTOR('',#5388,10.);
#1591=VECTOR('',#5391,10.);
#1592=VECTOR('',#5392,10.);
#1593=VECTOR('',#5393,10.);
#1594=VECTOR('',#5396,10.);
#1595=VECTOR('',#5397,10.);
#1596=VECTOR('',#5398,10.);
#1597=VECTOR('',#5399,10.);
#1598=VECTOR('',#5400,10.);
#1599=VECTOR('',#5403,10.);
#1600=VECTOR('',#5404,10.);
#1601=VECTOR('',#5405,10.);
#1602=VECTOR('',#5408,10.);
#1603=VECTOR('',#5411,10.);
#1604=VECTOR('',#5412,10.);
#1605=VECTOR('',#5413,10.);
#1606=VECTOR('',#5416,10.);
#1607=VECTOR('',#5417,10.);
#1608=VECTOR('',#5420,10.);
#1609=VECTOR('',#5421,10.);
#1610=VECTOR('',#5424,10.);
#1611=VECTOR('',#5427,10.);
#1612=VECTOR('',#5428,10.);
#1613=VECTOR('',#5429,10.);
#1614=VECTOR('',#5432,10.);
#1615=VECTOR('',#5433,10.);
#1616=VECTOR('',#5436,10.);
#1617=VECTOR('',#5437,10.);
#1618=VECTOR('',#5440,10.);
#1619=VECTOR('',#5443,10.);
#1620=VECTOR('',#5444,10.);
#1621=VECTOR('',#5445,10.);
#1622=VECTOR('',#5446,10.);
#1623=VECTOR('',#5449,10.);
#1624=VECTOR('',#5450,10.);
#1625=VECTOR('',#5451,10.);
#1626=VECTOR('',#5452,10.);
#1627=VECTOR('',#5453,10.);
#1628=VECTOR('',#5454,10.);
#1629=VECTOR('',#5457,10.);
#1630=VECTOR('',#5458,10.);
#1631=VECTOR('',#5459,10.);
#1632=VECTOR('',#5460,10.);
#1633=VECTOR('',#5463,10.);
#1634=VECTOR('',#5464,10.);
#1635=VECTOR('',#5465,10.);
#1636=VECTOR('',#5466,10.);
#1637=VECTOR('',#5467,10.);
#1638=VECTOR('',#5468,10.);
#1639=VECTOR('',#5469,10.);
#1640=VECTOR('',#5470,10.);
#1641=VECTOR('',#5471,10.);
#1642=VECTOR('',#5472,10.);
#1643=VECTOR('',#5475,10.);
#1644=VECTOR('',#5476,10.);
#1645=VECTOR('',#5479,10.);
#1646=VECTOR('',#5480,10.);
#1647=VECTOR('',#5481,10.);
#1648=VECTOR('',#5484,10.);
#1649=VECTOR('',#5485,10.);
#1650=VECTOR('',#5486,10.);
#1651=VECTOR('',#5489,10.);
#1652=VECTOR('',#5490,10.);
#1653=VECTOR('',#5491,10.);
#1654=VECTOR('',#5494,10.);
#1655=VECTOR('',#5495,10.);
#1656=VECTOR('',#5498,10.);
#1657=VECTOR('',#5499,10.);
#1658=VECTOR('',#5502,10.);
#1659=VECTOR('',#5505,10.);
#1660=VECTOR('',#5506,10.);
#1661=VECTOR('',#5507,10.);
#1662=VECTOR('',#5508,10.);
#1663=VECTOR('',#5511,10.);
#1664=VECTOR('',#5512,10.);
#1665=VECTOR('',#5513,10.);
#1666=VECTOR('',#5514,10.);
#1667=VECTOR('',#5515,10.);
#1668=VECTOR('',#5516,10.);
#1669=VECTOR('',#5519,10.);
#1670=VECTOR('',#5520,10.);
#1671=VECTOR('',#5521,10.);
#1672=VECTOR('',#5522,10.);
#1673=VECTOR('',#5525,10.);
#1674=VECTOR('',#5526,10.);
#1675=VECTOR('',#5527,10.);
#1676=VECTOR('',#5528,10.);
#1677=VECTOR('',#5529,10.);
#1678=VECTOR('',#5530,10.);
#1679=VECTOR('',#5531,10.);
#1680=VECTOR('',#5532,10.);
#1681=VECTOR('',#5533,10.);
#1682=VECTOR('',#5534,10.);
#1683=VECTOR('',#5537,10.);
#1684=VECTOR('',#5538,10.);
#1685=VECTOR('',#5541,10.);
#1686=VECTOR('',#5542,10.);
#1687=VECTOR('',#5543,10.);
#1688=VECTOR('',#5546,10.);
#1689=VECTOR('',#5547,10.);
#1690=VECTOR('',#5548,10.);
#1691=VECTOR('',#5551,10.);
#1692=VECTOR('',#5552,10.);
#1693=VECTOR('',#5553,10.);
#1694=VECTOR('',#5556,10.);
#1695=VECTOR('',#5557,10.);
#1696=VECTOR('',#5560,10.);
#1697=VECTOR('',#5561,10.);
#1698=VECTOR('',#5564,10.);
#1699=VECTOR('',#5567,10.);
#1700=VECTOR('',#5568,10.);
#1701=VECTOR('',#5569,10.);
#1702=VECTOR('',#5572,10.);
#1703=VECTOR('',#5573,10.);
#1704=VECTOR('',#5576,10.);
#1705=VECTOR('',#5577,10.);
#1706=VECTOR('',#5580,10.);
#1707=VECTOR('',#5583,10.);
#1708=VECTOR('',#5584,10.);
#1709=VECTOR('',#5585,10.);
#1710=VECTOR('',#5586,10.);
#1711=VECTOR('',#5587,10.);
#1712=VECTOR('',#5588,10.);
#1713=VECTOR('',#5591,10.);
#1714=VECTOR('',#5592,10.);
#1715=VECTOR('',#5593,10.);
#1716=VECTOR('',#5594,10.);
#1717=VECTOR('',#5597,10.);
#1718=VECTOR('',#5598,10.);
#1719=VECTOR('',#5599,10.);
#1720=VECTOR('',#5600,10.);
#1721=VECTOR('',#5603,10.);
#1722=VECTOR('',#5604,10.);
#1723=VECTOR('',#5605,10.);
#1724=VECTOR('',#5606,10.);
#1725=VECTOR('',#5607,10.);
#1726=VECTOR('',#5608,10.);
#1727=VECTOR('',#5611,10.);
#1728=VECTOR('',#5612,10.);
#1729=VECTOR('',#5613,10.);
#1730=VECTOR('',#5616,10.);
#1731=VECTOR('',#5619,10.);
#1732=VECTOR('',#5620,10.);
#1733=VECTOR('',#5623,10.);
#1734=VECTOR('',#5624,10.);
#1735=VECTOR('',#5625,10.);
#1736=VECTOR('',#5628,10.);
#1737=VECTOR('',#5629,10.);
#1738=VECTOR('',#5632,10.);
#1739=VECTOR('',#5633,10.);
#1740=VECTOR('',#5636,10.);
#1741=VECTOR('',#5639,10.);
#1742=VECTOR('',#5640,10.);
#1743=VECTOR('',#5641,10.);
#1744=VECTOR('',#5644,10.);
#1745=VECTOR('',#5645,10.);
#1746=VECTOR('',#5648,10.);
#1747=VECTOR('',#5649,10.);
#1748=VECTOR('',#5652,10.);
#1749=VECTOR('',#5655,10.);
#1750=VECTOR('',#5656,10.);
#1751=VECTOR('',#5657,10.);
#1752=VECTOR('',#5660,10.);
#1753=VECTOR('',#5661,10.);
#1754=VECTOR('',#5664,10.);
#1755=VECTOR('',#5665,10.);
#1756=VECTOR('',#5668,10.);
#1757=VECTOR('',#5675,1.35);
#1758=VECTOR('',#5682,1.35);
#1759=VECTOR('',#5689,1.35);
#1760=VECTOR('',#5696,1.35);
#1761=VECTOR('',#5701,10.);
#1762=VECTOR('',#5704,10.);
#1763=VECTOR('',#5709,10.);
#1764=VECTOR('',#5712,10.);
#1765=VECTOR('',#5715,10.);
#1766=VECTOR('',#5718,10.);
#1767=VECTOR('',#5721,10.);
#1768=VECTOR('',#5724,10.);
#1769=VECTOR('',#5727,10.);
#1770=VECTOR('',#5728,10.);
#1771=VECTOR('',#5733,10.);
#1772=VECTOR('',#5734,10.);
#1773=VECTOR('',#5737,10.);
#1774=VECTOR('',#5738,10.);
#1775=VECTOR('',#5741,10.);
#1776=VECTOR('',#5742,10.);
#1777=VECTOR('',#5755,1.05);
#1778=VECTOR('',#5764,1.25);
#1779=VECTOR('',#5771,10.);
#1780=VECTOR('',#5772,10.);
#1781=VECTOR('',#5773,10.);
#1782=VECTOR('',#5774,10.);
#1783=VECTOR('',#5777,10.);
#1784=VECTOR('',#5778,10.);
#1785=VECTOR('',#5779,10.);
#1786=VECTOR('',#5780,10.);
#1787=VECTOR('',#5783,10.);
#1788=VECTOR('',#5784,10.);
#1789=VECTOR('',#5785,10.);
#1790=VECTOR('',#5788,10.);
#1791=VECTOR('',#5789,10.);
#1792=VECTOR('',#5790,10.);
#1793=VECTOR('',#5793,10.);
#1794=VECTOR('',#5794,10.);
#1795=VECTOR('',#5797,10.);
#1796=VECTOR('',#5800,10.);
#1797=VECTOR('',#5807,1.05);
#1798=VECTOR('',#5816,1.25);
#1799=VECTOR('',#5823,10.);
#1800=VECTOR('',#5824,10.);
#1801=VECTOR('',#5825,10.);
#1802=VECTOR('',#5826,10.);
#1803=VECTOR('',#5829,10.);
#1804=VECTOR('',#5830,10.);
#1805=VECTOR('',#5831,10.);
#1806=VECTOR('',#5832,10.);
#1807=VECTOR('',#5835,10.);
#1808=VECTOR('',#5836,10.);
#1809=VECTOR('',#5837,10.);
#1810=VECTOR('',#5840,10.);
#1811=VECTOR('',#5841,10.);
#1812=VECTOR('',#5842,10.);
#1813=VECTOR('',#5845,10.);
#1814=VECTOR('',#5846,10.);
#1815=VECTOR('',#5849,10.);
#1816=VECTOR('',#5852,10.);
#1817=VECTOR('',#5859,1.05);
#1818=VECTOR('',#5868,1.25);
#1819=VECTOR('',#5875,10.);
#1820=VECTOR('',#5876,10.);
#1821=VECTOR('',#5877,10.);
#1822=VECTOR('',#5878,10.);
#1823=VECTOR('',#5881,10.);
#1824=VECTOR('',#5882,10.);
#1825=VECTOR('',#5883,10.);
#1826=VECTOR('',#5884,10.);
#1827=VECTOR('',#5887,10.);
#1828=VECTOR('',#5888,10.);
#1829=VECTOR('',#5889,10.);
#1830=VECTOR('',#5892,10.);
#1831=VECTOR('',#5893,10.);
#1832=VECTOR('',#5894,10.);
#1833=VECTOR('',#5897,10.);
#1834=VECTOR('',#5898,10.);
#1835=VECTOR('',#5901,10.);
#1836=VECTOR('',#5904,10.);
#1837=VECTOR('',#5911,1.05);
#1838=VECTOR('',#5920,1.25);
#1839=VECTOR('',#5927,10.);
#1840=VECTOR('',#5928,10.);
#1841=VECTOR('',#5929,10.);
#1842=VECTOR('',#5930,10.);
#1843=VECTOR('',#5933,10.);
#1844=VECTOR('',#5934,10.);
#1845=VECTOR('',#5935,10.);
#1846=VECTOR('',#5936,10.);
#1847=VECTOR('',#5939,10.);
#1848=VECTOR('',#5940,10.);
#1849=VECTOR('',#5941,10.);
#1850=VECTOR('',#5944,10.);
#1851=VECTOR('',#5945,10.);
#1852=VECTOR('',#5946,10.);
#1853=VECTOR('',#5949,10.);
#1854=VECTOR('',#5950,10.);
#1855=VECTOR('',#5953,10.);
#1856=VECTOR('',#5956,10.);
#1857=VECTOR('',#5961,10.);
#1858=VECTOR('',#5962,10.);
#1859=VECTOR('',#5963,10.);
#1860=VECTOR('',#5964,10.);
#1861=VECTOR('',#5967,10.);
#1862=VECTOR('',#5968,10.);
#1863=VECTOR('',#5969,10.);
#1864=VECTOR('',#5972,10.);
#1865=VECTOR('',#5973,10.);
#1866=VECTOR('',#5974,10.);
#1867=VECTOR('',#5977,10.);
#1868=VECTOR('',#5978,10.);
#1869=VECTOR('',#5979,10.);
#1870=VECTOR('',#5982,10.);
#1871=VECTOR('',#5983,10.);
#1872=VECTOR('',#5984,10.);
#1873=VECTOR('',#5987,10.);
#1874=VECTOR('',#5990,10.);
#1875=VECTOR('',#6001,2.25);
#1876=VECTOR('',#6006,1.25);
#1877=VECTOR('',#6013,10.);
#1878=VECTOR('',#6014,10.);
#1879=VECTOR('',#6015,10.);
#1880=VECTOR('',#6016,10.);
#1881=VECTOR('',#6019,10.);
#1882=VECTOR('',#6020,10.);
#1883=VECTOR('',#6021,10.);
#1884=VECTOR('',#6024,10.);
#1885=VECTOR('',#6025,10.);
#1886=VECTOR('',#6026,10.);
#1887=VECTOR('',#6029,10.);
#1888=VECTOR('',#6030,10.);
#1889=VECTOR('',#6031,10.);
#1890=VECTOR('',#6034,10.);
#1891=VECTOR('',#6035,10.);
#1892=VECTOR('',#6036,10.);
#1893=VECTOR('',#6039,10.);
#1894=VECTOR('',#6042,10.);
#1895=VECTOR('',#6053,2.25);
#1896=VECTOR('',#6058,1.25);
#1897=VECTOR('',#6065,10.);
#1898=VECTOR('',#6066,10.);
#1899=VECTOR('',#6067,10.);
#1900=VECTOR('',#6068,10.);
#1901=VECTOR('',#6071,10.);
#1902=VECTOR('',#6072,10.);
#1903=VECTOR('',#6073,10.);
#1904=VECTOR('',#6076,10.);
#1905=VECTOR('',#6077,10.);
#1906=VECTOR('',#6078,10.);
#1907=VECTOR('',#6081,10.);
#1908=VECTOR('',#6082,10.);
#1909=VECTOR('',#6083,10.);
#1910=VECTOR('',#6086,10.);
#1911=VECTOR('',#6087,10.);
#1912=VECTOR('',#6088,10.);
#1913=VECTOR('',#6091,10.);
#1914=VECTOR('',#6094,10.);
#1915=VECTOR('',#6105,2.25);
#1916=VECTOR('',#6110,1.25);
#1917=VECTOR('',#6117,10.);
#1918=VECTOR('',#6118,10.);
#1919=VECTOR('',#6119,10.);
#1920=VECTOR('',#6120,10.);
#1921=VECTOR('',#6123,10.);
#1922=VECTOR('',#6124,10.);
#1923=VECTOR('',#6125,10.);
#1924=VECTOR('',#6128,10.);
#1925=VECTOR('',#6129,10.);
#1926=VECTOR('',#6130,10.);
#1927=VECTOR('',#6133,10.);
#1928=VECTOR('',#6134,10.);
#1929=VECTOR('',#6135,10.);
#1930=VECTOR('',#6138,10.);
#1931=VECTOR('',#6139,10.);
#1932=VECTOR('',#6140,10.);
#1933=VECTOR('',#6143,10.);
#1934=VECTOR('',#6146,10.);
#1935=VECTOR('',#6157,2.25);
#1936=VECTOR('',#6162,1.25);
#1937=CIRCLE('',#4580,1.35);
#1938=CIRCLE('',#4581,1.35);
#1939=CIRCLE('',#4583,1.35);
#1940=CIRCLE('',#4584,1.35);
#1941=CIRCLE('',#4586,1.35);
#1942=CIRCLE('',#4587,1.35);
#1943=CIRCLE('',#4589,1.35);
#1944=CIRCLE('',#4590,1.35);
#1945=CIRCLE('',#4592,3.);
#1946=CIRCLE('',#4593,3.);
#1947=CIRCLE('',#4595,3.);
#1948=CIRCLE('',#4596,3.);
#1949=CIRCLE('',#4597,3.);
#1950=CIRCLE('',#4599,3.);
#1951=CIRCLE('',#4601,3.);
#1952=CIRCLE('',#4603,3.);
#1953=CIRCLE('',#4610,9.);
#1954=CIRCLE('',#4611,9.);
#1955=CIRCLE('',#4615,9.);
#1956=CIRCLE('',#4616,9.);
#1957=CIRCLE('',#4620,9.);
#1958=CIRCLE('',#4621,9.);
#1959=CIRCLE('',#4625,9.);
#1960=CIRCLE('',#4626,9.);
#1961=CIRCLE('',#4641,0.33);
#1962=CIRCLE('',#4642,0.33);
#1963=CIRCLE('',#4646,0.33);
#1964=CIRCLE('',#4647,0.33);
#1965=CIRCLE('',#4662,0.33);
#1966=CIRCLE('',#4663,0.33);
#1967=CIRCLE('',#4667,0.33);
#1968=CIRCLE('',#4668,0.33);
#1969=CIRCLE('',#4683,0.33);
#1970=CIRCLE('',#4684,0.33);
#1971=CIRCLE('',#4688,0.33);
#1972=CIRCLE('',#4689,0.33);
#1973=CIRCLE('',#4704,0.33);
#1974=CIRCLE('',#4705,0.33);
#1975=CIRCLE('',#4709,0.33);
#1976=CIRCLE('',#4710,0.33);
#1977=CIRCLE('',#4780,1.35);
#1978=CIRCLE('',#4781,1.35);
#1979=CIRCLE('',#4783,1.35);
#1980=CIRCLE('',#4784,1.35);
#1981=CIRCLE('',#4786,1.35);
#1982=CIRCLE('',#4787,1.35);
#1983=CIRCLE('',#4789,1.35);
#1984=CIRCLE('',#4790,1.35);
#1985=CIRCLE('',#4792,3.);
#1986=CIRCLE('',#4793,3.);
#1987=CIRCLE('',#4795,3.);
#1988=CIRCLE('',#4796,3.);
#1989=CIRCLE('',#4797,3.);
#1990=CIRCLE('',#4799,3.);
#1991=CIRCLE('',#4801,3.);
#1992=CIRCLE('',#4803,3.);
#1993=CIRCLE('',#4810,1.05);
#1994=CIRCLE('',#4811,1.05);
#1995=CIRCLE('',#4814,1.25);
#1996=CIRCLE('',#4815,1.25);
#1997=CIRCLE('',#4826,1.05);
#1998=CIRCLE('',#4827,1.05);
#1999=CIRCLE('',#4830,1.25);
#2000=CIRCLE('',#4831,1.25);
#2001=CIRCLE('',#4842,1.05);
#2002=CIRCLE('',#4843,1.05);
#2003=CIRCLE('',#4846,1.25);
#2004=CIRCLE('',#4847,1.25);
#2005=CIRCLE('',#4858,1.05);
#2006=CIRCLE('',#4859,1.05);
#2007=CIRCLE('',#4862,1.25);
#2008=CIRCLE('',#4863,1.25);
#2009=CIRCLE('',#4881,2.25);
#2010=CIRCLE('',#4882,1.25);
#2011=CIRCLE('',#4884,2.25);
#2012=CIRCLE('',#4887,1.25);
#2013=CIRCLE('',#4897,2.25);
#2014=CIRCLE('',#4898,1.25);
#2015=CIRCLE('',#4900,2.25);
#2016=CIRCLE('',#4903,1.25);
#2017=CIRCLE('',#4913,2.25);
#2018=CIRCLE('',#4914,1.25);
#2019=CIRCLE('',#4916,2.25);
#2020=CIRCLE('',#4919,1.25);
#2021=CIRCLE('',#4929,2.25);
#2022=CIRCLE('',#4930,1.25);
#2023=CIRCLE('',#4932,2.25);
#2024=CIRCLE('',#4935,1.25);
#2025=VERTEX_POINT('',#6169);
#2026=VERTEX_POINT('',#6171);
#2027=VERTEX_POINT('',#6175);
#2028=VERTEX_POINT('',#6177);
#2029=VERTEX_POINT('',#6181);
#2030=VERTEX_POINT('',#6183);
#2031=VERTEX_POINT('',#6187);
#2032=VERTEX_POINT('',#6189);
#2033=VERTEX_POINT('',#6193);
#2034=VERTEX_POINT('',#6194);
#2035=VERTEX_POINT('',#6196);
#2036=VERTEX_POINT('',#6198);
#2037=VERTEX_POINT('',#6202);
#2038=VERTEX_POINT('',#6204);
#2039=VERTEX_POINT('',#6206);
#2040=VERTEX_POINT('',#6208);
#2041=VERTEX_POINT('',#6210);
#2042=VERTEX_POINT('',#6212);
#2043=VERTEX_POINT('',#6216);
#2044=VERTEX_POINT('',#6218);
#2045=VERTEX_POINT('',#6222);
#2046=VERTEX_POINT('',#6224);
#2047=VERTEX_POINT('',#6228);
#2048=VERTEX_POINT('',#6230);
#2049=VERTEX_POINT('',#6243);
#2050=VERTEX_POINT('',#6245);
#2051=VERTEX_POINT('',#6251);
#2052=VERTEX_POINT('',#6253);
#2053=VERTEX_POINT('',#6259);
#2054=VERTEX_POINT('',#6261);
#2055=VERTEX_POINT('',#6267);
#2056=VERTEX_POINT('',#6269);
#2057=VERTEX_POINT('',#6275);
#2058=VERTEX_POINT('',#6276);
#2059=VERTEX_POINT('',#6278);
#2060=VERTEX_POINT('',#6280);
#2061=VERTEX_POINT('',#6284);
#2062=VERTEX_POINT('',#6286);
#2063=VERTEX_POINT('',#6290);
#2064=VERTEX_POINT('',#6294);
#2065=VERTEX_POINT('',#6300);
#2066=VERTEX_POINT('',#6301);
#2067=VERTEX_POINT('',#6303);
#2068=VERTEX_POINT('',#6305);
#2069=VERTEX_POINT('',#6309);
#2070=VERTEX_POINT('',#6310);
#2071=VERTEX_POINT('',#6312);
#2072=VERTEX_POINT('',#6314);
#2073=VERTEX_POINT('',#6326);
#2074=VERTEX_POINT('',#6328);
#2075=VERTEX_POINT('',#6334);
#2076=VERTEX_POINT('',#6336);
#2077=VERTEX_POINT('',#6342);
#2078=VERTEX_POINT('',#6343);
#2079=VERTEX_POINT('',#6345);
#2080=VERTEX_POINT('',#6347);
#2081=VERTEX_POINT('',#6351);
#2082=VERTEX_POINT('',#6353);
#2083=VERTEX_POINT('',#6357);
#2084=VERTEX_POINT('',#6361);
#2085=VERTEX_POINT('',#6367);
#2086=VERTEX_POINT('',#6368);
#2087=VERTEX_POINT('',#6370);
#2088=VERTEX_POINT('',#6372);
#2089=VERTEX_POINT('',#6376);
#2090=VERTEX_POINT('',#6377);
#2091=VERTEX_POINT('',#6379);
#2092=VERTEX_POINT('',#6381);
#2093=VERTEX_POINT('',#6393);
#2094=VERTEX_POINT('',#6395);
#2095=VERTEX_POINT('',#6401);
#2096=VERTEX_POINT('',#6403);
#2097=VERTEX_POINT('',#6409);
#2098=VERTEX_POINT('',#6410);
#2099=VERTEX_POINT('',#6412);
#2100=VERTEX_POINT('',#6414);
#2101=VERTEX_POINT('',#6418);
#2102=VERTEX_POINT('',#6420);
#2103=VERTEX_POINT('',#6424);
#2104=VERTEX_POINT('',#6428);
#2105=VERTEX_POINT('',#6434);
#2106=VERTEX_POINT('',#6435);
#2107=VERTEX_POINT('',#6437);
#2108=VERTEX_POINT('',#6439);
#2109=VERTEX_POINT('',#6443);
#2110=VERTEX_POINT('',#6444);
#2111=VERTEX_POINT('',#6446);
#2112=VERTEX_POINT('',#6448);
#2113=VERTEX_POINT('',#6460);
#2114=VERTEX_POINT('',#6462);
#2115=VERTEX_POINT('',#6468);
#2116=VERTEX_POINT('',#6470);
#2117=VERTEX_POINT('',#6476);
#2118=VERTEX_POINT('',#6477);
#2119=VERTEX_POINT('',#6479);
#2120=VERTEX_POINT('',#6481);
#2121=VERTEX_POINT('',#6485);
#2122=VERTEX_POINT('',#6487);
#2123=VERTEX_POINT('',#6491);
#2124=VERTEX_POINT('',#6495);
#2125=VERTEX_POINT('',#6501);
#2126=VERTEX_POINT('',#6502);
#2127=VERTEX_POINT('',#6504);
#2128=VERTEX_POINT('',#6506);
#2129=VERTEX_POINT('',#6510);
#2130=VERTEX_POINT('',#6511);
#2131=VERTEX_POINT('',#6513);
#2132=VERTEX_POINT('',#6515);
#2133=VERTEX_POINT('',#6527);
#2134=VERTEX_POINT('',#6529);
#2135=VERTEX_POINT('',#6535);
#2136=VERTEX_POINT('',#6537);
#2137=VERTEX_POINT('',#6543);
#2138=VERTEX_POINT('',#6544);
#2139=VERTEX_POINT('',#6546);
#2140=VERTEX_POINT('',#6548);
#2141=VERTEX_POINT('',#6552);
#2142=VERTEX_POINT('',#6553);
#2143=VERTEX_POINT('',#6555);
#2144=VERTEX_POINT('',#6557);
#2145=VERTEX_POINT('',#6561);
#2146=VERTEX_POINT('',#6562);
#2147=VERTEX_POINT('',#6564);
#2148=VERTEX_POINT('',#6566);
#2149=VERTEX_POINT('',#6570);
#2150=VERTEX_POINT('',#6571);
#2151=VERTEX_POINT('',#6573);
#2152=VERTEX_POINT('',#6575);
#2153=VERTEX_POINT('',#6578);
#2154=VERTEX_POINT('',#6581);
#2155=VERTEX_POINT('',#6586);
#2156=VERTEX_POINT('',#6588);
#2157=VERTEX_POINT('',#6592);
#2158=VERTEX_POINT('',#6594);
#2159=VERTEX_POINT('',#6596);
#2160=VERTEX_POINT('',#6600);
#2161=VERTEX_POINT('',#6602);
#2162=VERTEX_POINT('',#6604);
#2163=VERTEX_POINT('',#6606);
#2164=VERTEX_POINT('',#6608);
#2165=VERTEX_POINT('',#6612);
#2166=VERTEX_POINT('',#6613);
#2167=VERTEX_POINT('',#6615);
#2168=VERTEX_POINT('',#6617);
#2169=VERTEX_POINT('',#6621);
#2170=VERTEX_POINT('',#6623);
#2171=VERTEX_POINT('',#6627);
#2172=VERTEX_POINT('',#6629);
#2173=VERTEX_POINT('',#6632);
#2174=VERTEX_POINT('',#6636);
#2175=VERTEX_POINT('',#6638);
#2176=VERTEX_POINT('',#6645);
#2177=VERTEX_POINT('',#6649);
#2178=VERTEX_POINT('',#6653);
#2179=VERTEX_POINT('',#6659);
#2180=VERTEX_POINT('',#6661);
#2181=VERTEX_POINT('',#6665);
#2182=VERTEX_POINT('',#6669);
#2183=VERTEX_POINT('',#6675);
#2184=VERTEX_POINT('',#6677);
#2185=VERTEX_POINT('',#6679);
#2186=VERTEX_POINT('',#6683);
#2187=VERTEX_POINT('',#6685);
#2188=VERTEX_POINT('',#6687);
#2189=VERTEX_POINT('',#6689);
#2190=VERTEX_POINT('',#6691);
#2191=VERTEX_POINT('',#6695);
#2192=VERTEX_POINT('',#6696);
#2193=VERTEX_POINT('',#6698);
#2194=VERTEX_POINT('',#6700);
#2195=VERTEX_POINT('',#6704);
#2196=VERTEX_POINT('',#6706);
#2197=VERTEX_POINT('',#6708);
#2198=VERTEX_POINT('',#6711);
#2199=VERTEX_POINT('',#6713);
#2200=VERTEX_POINT('',#6715);
#2201=VERTEX_POINT('',#6717);
#2202=VERTEX_POINT('',#6719);
#2203=VERTEX_POINT('',#6723);
#2204=VERTEX_POINT('',#6727);
#2205=VERTEX_POINT('',#6729);
#2206=VERTEX_POINT('',#6733);
#2207=VERTEX_POINT('',#6735);
#2208=VERTEX_POINT('',#6740);
#2209=VERTEX_POINT('',#6744);
#2210=VERTEX_POINT('',#6748);
#2211=VERTEX_POINT('',#6754);
#2212=VERTEX_POINT('',#6756);
#2213=VERTEX_POINT('',#6758);
#2214=VERTEX_POINT('',#6762);
#2215=VERTEX_POINT('',#6764);
#2216=VERTEX_POINT('',#6766);
#2217=VERTEX_POINT('',#6768);
#2218=VERTEX_POINT('',#6770);
#2219=VERTEX_POINT('',#6774);
#2220=VERTEX_POINT('',#6775);
#2221=VERTEX_POINT('',#6777);
#2222=VERTEX_POINT('',#6779);
#2223=VERTEX_POINT('',#6783);
#2224=VERTEX_POINT('',#6785);
#2225=VERTEX_POINT('',#6787);
#2226=VERTEX_POINT('',#6789);
#2227=VERTEX_POINT('',#6791);
#2228=VERTEX_POINT('',#6793);
#2229=VERTEX_POINT('',#6795);
#2230=VERTEX_POINT('',#6797);
#2231=VERTEX_POINT('',#6802);
#2232=VERTEX_POINT('',#6806);
#2233=VERTEX_POINT('',#6808);
#2234=VERTEX_POINT('',#6812);
#2235=VERTEX_POINT('',#6814);
#2236=VERTEX_POINT('',#6819);
#2237=VERTEX_POINT('',#6823);
#2238=VERTEX_POINT('',#6827);
#2239=VERTEX_POINT('',#6833);
#2240=VERTEX_POINT('',#6835);
#2241=VERTEX_POINT('',#6839);
#2242=VERTEX_POINT('',#6843);
#2243=VERTEX_POINT('',#6849);
#2244=VERTEX_POINT('',#6851);
#2245=VERTEX_POINT('',#6853);
#2246=VERTEX_POINT('',#6855);
#2247=VERTEX_POINT('',#6857);
#2248=VERTEX_POINT('',#6861);
#2249=VERTEX_POINT('',#6863);
#2250=VERTEX_POINT('',#6865);
#2251=VERTEX_POINT('',#6869);
#2252=VERTEX_POINT('',#6870);
#2253=VERTEX_POINT('',#6872);
#2254=VERTEX_POINT('',#6874);
#2255=VERTEX_POINT('',#6878);
#2256=VERTEX_POINT('',#6880);
#2257=VERTEX_POINT('',#6883);
#2258=VERTEX_POINT('',#6885);
#2259=VERTEX_POINT('',#6889);
#2260=VERTEX_POINT('',#6891);
#2261=VERTEX_POINT('',#6897);
#2262=VERTEX_POINT('',#6901);
#2263=VERTEX_POINT('',#6903);
#2264=VERTEX_POINT('',#6907);
#2265=VERTEX_POINT('',#6911);
#2266=VERTEX_POINT('',#6918);
#2267=VERTEX_POINT('',#6922);
#2268=VERTEX_POINT('',#6926);
#2269=VERTEX_POINT('',#6932);
#2270=VERTEX_POINT('',#6934);
#2271=VERTEX_POINT('',#6938);
#2272=VERTEX_POINT('',#6942);
#2273=VERTEX_POINT('',#6949);
#2274=VERTEX_POINT('',#6951);
#2275=VERTEX_POINT('',#6955);
#2276=VERTEX_POINT('',#6957);
#2277=VERTEX_POINT('',#6961);
#2278=VERTEX_POINT('',#6963);
#2279=VERTEX_POINT('',#6967);
#2280=VERTEX_POINT('',#6969);
#2281=VERTEX_POINT('',#6973);
#2282=VERTEX_POINT('',#6974);
#2283=VERTEX_POINT('',#6976);
#2284=VERTEX_POINT('',#6978);
#2285=VERTEX_POINT('',#6982);
#2286=VERTEX_POINT('',#6984);
#2287=VERTEX_POINT('',#6986);
#2288=VERTEX_POINT('',#6988);
#2289=VERTEX_POINT('',#6990);
#2290=VERTEX_POINT('',#6992);
#2291=VERTEX_POINT('',#6996);
#2292=VERTEX_POINT('',#6998);
#2293=VERTEX_POINT('',#7002);
#2294=VERTEX_POINT('',#7004);
#2295=VERTEX_POINT('',#7009);
#2296=VERTEX_POINT('',#7011);
#2297=VERTEX_POINT('',#7023);
#2298=VERTEX_POINT('',#7025);
#2299=VERTEX_POINT('',#7030);
#2300=VERTEX_POINT('',#7032);
#2301=VERTEX_POINT('',#7037);
#2302=VERTEX_POINT('',#7038);
#2303=VERTEX_POINT('',#7040);
#2304=VERTEX_POINT('',#7042);
#2305=VERTEX_POINT('',#7046);
#2306=VERTEX_POINT('',#7047);
#2307=VERTEX_POINT('',#7049);
#2308=VERTEX_POINT('',#7051);
#2309=VERTEX_POINT('',#7055);
#2310=VERTEX_POINT('',#7057);
#2311=VERTEX_POINT('',#7061);
#2312=VERTEX_POINT('',#7063);
#2313=VERTEX_POINT('',#7075);
#2314=VERTEX_POINT('',#7077);
#2315=VERTEX_POINT('',#7082);
#2316=VERTEX_POINT('',#7084);
#2317=VERTEX_POINT('',#7089);
#2318=VERTEX_POINT('',#7090);
#2319=VERTEX_POINT('',#7092);
#2320=VERTEX_POINT('',#7094);
#2321=VERTEX_POINT('',#7098);
#2322=VERTEX_POINT('',#7099);
#2323=VERTEX_POINT('',#7101);
#2324=VERTEX_POINT('',#7103);
#2325=VERTEX_POINT('',#7107);
#2326=VERTEX_POINT('',#7109);
#2327=VERTEX_POINT('',#7113);
#2328=VERTEX_POINT('',#7115);
#2329=VERTEX_POINT('',#7127);
#2330=VERTEX_POINT('',#7129);
#2331=VERTEX_POINT('',#7134);
#2332=VERTEX_POINT('',#7136);
#2333=VERTEX_POINT('',#7141);
#2334=VERTEX_POINT('',#7142);
#2335=VERTEX_POINT('',#7144);
#2336=VERTEX_POINT('',#7146);
#2337=VERTEX_POINT('',#7150);
#2338=VERTEX_POINT('',#7151);
#2339=VERTEX_POINT('',#7153);
#2340=VERTEX_POINT('',#7155);
#2341=VERTEX_POINT('',#7159);
#2342=VERTEX_POINT('',#7161);
#2343=VERTEX_POINT('',#7165);
#2344=VERTEX_POINT('',#7167);
#2345=VERTEX_POINT('',#7179);
#2346=VERTEX_POINT('',#7181);
#2347=VERTEX_POINT('',#7186);
#2348=VERTEX_POINT('',#7188);
#2349=VERTEX_POINT('',#7193);
#2350=VERTEX_POINT('',#7194);
#2351=VERTEX_POINT('',#7196);
#2352=VERTEX_POINT('',#7198);
#2353=VERTEX_POINT('',#7202);
#2354=VERTEX_POINT('',#7203);
#2355=VERTEX_POINT('',#7205);
#2356=VERTEX_POINT('',#7207);
#2357=VERTEX_POINT('',#7211);
#2358=VERTEX_POINT('',#7213);
#2359=VERTEX_POINT('',#7217);
#2360=VERTEX_POINT('',#7219);
#2361=VERTEX_POINT('',#7231);
#2362=VERTEX_POINT('',#7232);
#2363=VERTEX_POINT('',#7234);
#2364=VERTEX_POINT('',#7236);
#2365=VERTEX_POINT('',#7240);
#2366=VERTEX_POINT('',#7242);
#2367=VERTEX_POINT('',#7246);
#2368=VERTEX_POINT('',#7248);
#2369=VERTEX_POINT('',#7252);
#2370=VERTEX_POINT('',#7254);
#2371=VERTEX_POINT('',#7258);
#2372=VERTEX_POINT('',#7260);
#2373=VERTEX_POINT('',#7268);
#2374=VERTEX_POINT('',#7270);
#2375=VERTEX_POINT('',#7273);
#2376=VERTEX_POINT('',#7278);
#2377=VERTEX_POINT('',#7283);
#2378=VERTEX_POINT('',#7284);
#2379=VERTEX_POINT('',#7286);
#2380=VERTEX_POINT('',#7288);
#2381=VERTEX_POINT('',#7292);
#2382=VERTEX_POINT('',#7294);
#2383=VERTEX_POINT('',#7298);
#2384=VERTEX_POINT('',#7300);
#2385=VERTEX_POINT('',#7304);
#2386=VERTEX_POINT('',#7306);
#2387=VERTEX_POINT('',#7310);
#2388=VERTEX_POINT('',#7312);
#2389=VERTEX_POINT('',#7320);
#2390=VERTEX_POINT('',#7322);
#2391=VERTEX_POINT('',#7325);
#2392=VERTEX_POINT('',#7330);
#2393=VERTEX_POINT('',#7335);
#2394=VERTEX_POINT('',#7336);
#2395=VERTEX_POINT('',#7338);
#2396=VERTEX_POINT('',#7340);
#2397=VERTEX_POINT('',#7344);
#2398=VERTEX_POINT('',#7346);
#2399=VERTEX_POINT('',#7350);
#2400=VERTEX_POINT('',#7352);
#2401=VERTEX_POINT('',#7356);
#2402=VERTEX_POINT('',#7358);
#2403=VERTEX_POINT('',#7362);
#2404=VERTEX_POINT('',#7364);
#2405=VERTEX_POINT('',#7372);
#2406=VERTEX_POINT('',#7374);
#2407=VERTEX_POINT('',#7377);
#2408=VERTEX_POINT('',#7382);
#2409=VERTEX_POINT('',#7387);
#2410=VERTEX_POINT('',#7388);
#2411=VERTEX_POINT('',#7390);
#2412=VERTEX_POINT('',#7392);
#2413=VERTEX_POINT('',#7396);
#2414=VERTEX_POINT('',#7398);
#2415=VERTEX_POINT('',#7402);
#2416=VERTEX_POINT('',#7404);
#2417=VERTEX_POINT('',#7408);
#2418=VERTEX_POINT('',#7410);
#2419=VERTEX_POINT('',#7414);
#2420=VERTEX_POINT('',#7416);
#2421=VERTEX_POINT('',#7424);
#2422=VERTEX_POINT('',#7426);
#2423=VERTEX_POINT('',#7429);
#2424=VERTEX_POINT('',#7434);
#2425=EDGE_CURVE('',#2025,#2025,#1937,.T.);
#2426=EDGE_CURVE('',#2025,#2026,#913,.T.);
#2427=EDGE_CURVE('',#2026,#2026,#1938,.T.);
#2428=EDGE_CURVE('',#2027,#2027,#1939,.T.);
#2429=EDGE_CURVE('',#2027,#2028,#914,.T.);
#2430=EDGE_CURVE('',#2028,#2028,#1940,.T.);
#2431=EDGE_CURVE('',#2029,#2029,#1941,.T.);
#2432=EDGE_CURVE('',#2029,#2030,#915,.T.);
#2433=EDGE_CURVE('',#2030,#2030,#1942,.T.);
#2434=EDGE_CURVE('',#2031,#2031,#1943,.T.);
#2435=EDGE_CURVE('',#2031,#2032,#916,.T.);
#2436=EDGE_CURVE('',#2032,#2032,#1944,.T.);
#2437=EDGE_CURVE('',#2033,#2034,#917,.T.);
#2438=EDGE_CURVE('',#2035,#2034,#1945,.T.);
#2439=EDGE_CURVE('',#2036,#2035,#918,.T.);
#2440=EDGE_CURVE('',#2033,#2036,#1946,.T.);
#2441=EDGE_CURVE('',#2036,#2037,#919,.T.);
#2442=EDGE_CURVE('',#2037,#2038,#1947,.T.);
#2443=EDGE_CURVE('',#2038,#2039,#920,.T.);
#2444=EDGE_CURVE('',#2039,#2040,#1948,.T.);
#2445=EDGE_CURVE('',#2040,#2041,#921,.T.);
#2446=EDGE_CURVE('',#2041,#2042,#1949,.T.);
#2447=EDGE_CURVE('',#2042,#2033,#922,.T.);
#2448=EDGE_CURVE('',#2037,#2043,#923,.T.);
#2449=EDGE_CURVE('',#2044,#2043,#1950,.T.);
#2450=EDGE_CURVE('',#2038,#2044,#924,.T.);
#2451=EDGE_CURVE('',#2041,#2045,#925,.T.);
#2452=EDGE_CURVE('',#2046,#2045,#1951,.T.);
#2453=EDGE_CURVE('',#2042,#2046,#926,.T.);
#2454=EDGE_CURVE('',#2040,#2047,#927,.T.);
#2455=EDGE_CURVE('',#2039,#2048,#928,.T.);
#2456=EDGE_CURVE('',#2047,#2048,#1952,.T.);
#2457=EDGE_CURVE('',#2034,#2046,#929,.T.);
#2458=EDGE_CURVE('',#2045,#2047,#930,.T.);
#2459=EDGE_CURVE('',#2048,#2044,#931,.T.);
#2460=EDGE_CURVE('',#2043,#2035,#932,.T.);
#2461=EDGE_CURVE('',#2049,#2049,#1953,.T.);
#2462=EDGE_CURVE('',#2049,#2050,#933,.T.);
#2463=EDGE_CURVE('',#2050,#2050,#1954,.T.);
#2464=EDGE_CURVE('',#2051,#2051,#1955,.T.);
#2465=EDGE_CURVE('',#2051,#2052,#934,.T.);
#2466=EDGE_CURVE('',#2052,#2052,#1956,.T.);
#2467=EDGE_CURVE('',#2053,#2053,#1957,.T.);
#2468=EDGE_CURVE('',#2053,#2054,#935,.T.);
#2469=EDGE_CURVE('',#2054,#2054,#1958,.T.);
#2470=EDGE_CURVE('',#2055,#2055,#1959,.T.);
#2471=EDGE_CURVE('',#2055,#2056,#936,.T.);
#2472=EDGE_CURVE('',#2056,#2056,#1960,.T.);
#2473=EDGE_CURVE('',#2057,#2058,#937,.T.);
#2474=EDGE_CURVE('',#2059,#2057,#938,.T.);
#2475=EDGE_CURVE('',#2059,#2060,#939,.T.);
#2476=EDGE_CURVE('',#2060,#2058,#940,.T.);
#2477=EDGE_CURVE('',#2058,#2061,#941,.T.);
#2478=EDGE_CURVE('',#2060,#2062,#942,.T.);
#2479=EDGE_CURVE('',#2062,#2061,#943,.T.);
#2480=EDGE_CURVE('',#2063,#2059,#944,.T.);
#2481=EDGE_CURVE('',#2062,#2063,#945,.T.);
#2482=EDGE_CURVE('',#2061,#2064,#946,.T.);
#2483=EDGE_CURVE('',#2063,#2064,#947,.T.);
#2484=EDGE_CURVE('',#2064,#2057,#948,.T.);
#2485=EDGE_CURVE('',#2065,#2066,#949,.T.);
#2486=EDGE_CURVE('',#2066,#2067,#950,.T.);
#2487=EDGE_CURVE('',#2067,#2068,#951,.T.);
#2488=EDGE_CURVE('',#2068,#2065,#952,.T.);
#2489=EDGE_CURVE('',#2069,#2070,#953,.T.);
#2490=EDGE_CURVE('',#2070,#2071,#954,.T.);
#2491=EDGE_CURVE('',#2071,#2072,#955,.T.);
#2492=EDGE_CURVE('',#2072,#2069,#956,.T.);
#2493=EDGE_CURVE('',#2068,#2071,#957,.T.);
#2494=EDGE_CURVE('',#2065,#2070,#958,.T.);
#2495=EDGE_CURVE('',#2067,#2072,#959,.T.);
#2496=EDGE_CURVE('',#2066,#2069,#960,.T.);
#2497=EDGE_CURVE('',#2073,#2073,#1961,.T.);
#2498=EDGE_CURVE('',#2073,#2074,#961,.T.);
#2499=EDGE_CURVE('',#2074,#2074,#1962,.T.);
#2500=EDGE_CURVE('',#2075,#2075,#1963,.T.);
#2501=EDGE_CURVE('',#2075,#2076,#962,.T.);
#2502=EDGE_CURVE('',#2076,#2076,#1964,.T.);
#2503=EDGE_CURVE('',#2077,#2078,#963,.T.);
#2504=EDGE_CURVE('',#2079,#2077,#964,.T.);
#2505=EDGE_CURVE('',#2079,#2080,#965,.T.);
#2506=EDGE_CURVE('',#2080,#2078,#966,.T.);
#2507=EDGE_CURVE('',#2078,#2081,#967,.T.);
#2508=EDGE_CURVE('',#2080,#2082,#968,.T.);
#2509=EDGE_CURVE('',#2082,#2081,#969,.T.);
#2510=EDGE_CURVE('',#2083,#2079,#970,.T.);
#2511=EDGE_CURVE('',#2082,#2083,#971,.T.);
#2512=EDGE_CURVE('',#2081,#2084,#972,.T.);
#2513=EDGE_CURVE('',#2083,#2084,#973,.T.);
#2514=EDGE_CURVE('',#2084,#2077,#974,.T.);
#2515=EDGE_CURVE('',#2085,#2086,#975,.T.);
#2516=EDGE_CURVE('',#2086,#2087,#976,.T.);
#2517=EDGE_CURVE('',#2087,#2088,#977,.T.);
#2518=EDGE_CURVE('',#2088,#2085,#978,.T.);
#2519=EDGE_CURVE('',#2089,#2090,#979,.T.);
#2520=EDGE_CURVE('',#2090,#2091,#980,.T.);
#2521=EDGE_CURVE('',#2091,#2092,#981,.T.);
#2522=EDGE_CURVE('',#2092,#2089,#982,.T.);
#2523=EDGE_CURVE('',#2088,#2091,#983,.T.);
#2524=EDGE_CURVE('',#2085,#2090,#984,.T.);
#2525=EDGE_CURVE('',#2087,#2092,#985,.T.);
#2526=EDGE_CURVE('',#2086,#2089,#986,.T.);
#2527=EDGE_CURVE('',#2093,#2093,#1965,.T.);
#2528=EDGE_CURVE('',#2093,#2094,#987,.T.);
#2529=EDGE_CURVE('',#2094,#2094,#1966,.T.);
#2530=EDGE_CURVE('',#2095,#2095,#1967,.T.);
#2531=EDGE_CURVE('',#2095,#2096,#988,.T.);
#2532=EDGE_CURVE('',#2096,#2096,#1968,.T.);
#2533=EDGE_CURVE('',#2097,#2098,#989,.T.);
#2534=EDGE_CURVE('',#2099,#2097,#990,.T.);
#2535=EDGE_CURVE('',#2099,#2100,#991,.T.);
#2536=EDGE_CURVE('',#2100,#2098,#992,.T.);
#2537=EDGE_CURVE('',#2098,#2101,#993,.T.);
#2538=EDGE_CURVE('',#2100,#2102,#994,.T.);
#2539=EDGE_CURVE('',#2102,#2101,#995,.T.);
#2540=EDGE_CURVE('',#2103,#2099,#996,.T.);
#2541=EDGE_CURVE('',#2102,#2103,#997,.T.);
#2542=EDGE_CURVE('',#2101,#2104,#998,.T.);
#2543=EDGE_CURVE('',#2103,#2104,#999,.T.);
#2544=EDGE_CURVE('',#2104,#2097,#1000,.T.);
#2545=EDGE_CURVE('',#2105,#2106,#1001,.T.);
#2546=EDGE_CURVE('',#2106,#2107,#1002,.T.);
#2547=EDGE_CURVE('',#2107,#2108,#1003,.T.);
#2548=EDGE_CURVE('',#2108,#2105,#1004,.T.);
#2549=EDGE_CURVE('',#2109,#2110,#1005,.T.);
#2550=EDGE_CURVE('',#2110,#2111,#1006,.T.);
#2551=EDGE_CURVE('',#2111,#2112,#1007,.T.);
#2552=EDGE_CURVE('',#2112,#2109,#1008,.T.);
#2553=EDGE_CURVE('',#2108,#2111,#1009,.T.);
#2554=EDGE_CURVE('',#2105,#2110,#1010,.T.);
#2555=EDGE_CURVE('',#2107,#2112,#1011,.T.);
#2556=EDGE_CURVE('',#2106,#2109,#1012,.T.);
#2557=EDGE_CURVE('',#2113,#2113,#1969,.T.);
#2558=EDGE_CURVE('',#2113,#2114,#1013,.T.);
#2559=EDGE_CURVE('',#2114,#2114,#1970,.T.);
#2560=EDGE_CURVE('',#2115,#2115,#1971,.T.);
#2561=EDGE_CURVE('',#2115,#2116,#1014,.T.);
#2562=EDGE_CURVE('',#2116,#2116,#1972,.T.);
#2563=EDGE_CURVE('',#2117,#2118,#1015,.T.);
#2564=EDGE_CURVE('',#2119,#2117,#1016,.T.);
#2565=EDGE_CURVE('',#2119,#2120,#1017,.T.);
#2566=EDGE_CURVE('',#2120,#2118,#1018,.T.);
#2567=EDGE_CURVE('',#2118,#2121,#1019,.T.);
#2568=EDGE_CURVE('',#2120,#2122,#1020,.T.);
#2569=EDGE_CURVE('',#2122,#2121,#1021,.T.);
#2570=EDGE_CURVE('',#2123,#2119,#1022,.T.);
#2571=EDGE_CURVE('',#2122,#2123,#1023,.T.);
#2572=EDGE_CURVE('',#2121,#2124,#1024,.T.);
#2573=EDGE_CURVE('',#2123,#2124,#1025,.T.);
#2574=EDGE_CURVE('',#2124,#2117,#1026,.T.);
#2575=EDGE_CURVE('',#2125,#2126,#1027,.T.);
#2576=EDGE_CURVE('',#2126,#2127,#1028,.T.);
#2577=EDGE_CURVE('',#2127,#2128,#1029,.T.);
#2578=EDGE_CURVE('',#2128,#2125,#1030,.T.);
#2579=EDGE_CURVE('',#2129,#2130,#1031,.T.);
#2580=EDGE_CURVE('',#2130,#2131,#1032,.T.);
#2581=EDGE_CURVE('',#2131,#2132,#1033,.T.);
#2582=EDGE_CURVE('',#2132,#2129,#1034,.T.);
#2583=EDGE_CURVE('',#2128,#2131,#1035,.T.);
#2584=EDGE_CURVE('',#2125,#2130,#1036,.T.);
#2585=EDGE_CURVE('',#2127,#2132,#1037,.T.);
#2586=EDGE_CURVE('',#2126,#2129,#1038,.T.);
#2587=EDGE_CURVE('',#2133,#2133,#1973,.T.);
#2588=EDGE_CURVE('',#2133,#2134,#1039,.T.);
#2589=EDGE_CURVE('',#2134,#2134,#1974,.T.);
#2590=EDGE_CURVE('',#2135,#2135,#1975,.T.);
#2591=EDGE_CURVE('',#2135,#2136,#1040,.T.);
#2592=EDGE_CURVE('',#2136,#2136,#1976,.T.);
#2593=EDGE_CURVE('',#2137,#2138,#1041,.T.);
#2594=EDGE_CURVE('',#2139,#2137,#1042,.T.);
#2595=EDGE_CURVE('',#2140,#2139,#1043,.T.);
#2596=EDGE_CURVE('',#2138,#2140,#1044,.T.);
#2597=EDGE_CURVE('',#2141,#2142,#1045,.T.);
#2598=EDGE_CURVE('',#2143,#2141,#1046,.T.);
#2599=EDGE_CURVE('',#2144,#2143,#1047,.T.);
#2600=EDGE_CURVE('',#2142,#2144,#1048,.T.);
#2601=EDGE_CURVE('',#2145,#2146,#1049,.T.);
#2602=EDGE_CURVE('',#2147,#2145,#1050,.T.);
#2603=EDGE_CURVE('',#2148,#2147,#1051,.T.);
#2604=EDGE_CURVE('',#2146,#2148,#1052,.T.);
#2605=EDGE_CURVE('',#2149,#2150,#1053,.T.);
#2606=EDGE_CURVE('',#2149,#2151,#1054,.T.);
#2607=EDGE_CURVE('',#2152,#2151,#1055,.T.);
#2608=EDGE_CURVE('',#2147,#2152,#1056,.T.);
#2609=EDGE_CURVE('',#2153,#2145,#1057,.T.);
#2610=EDGE_CURVE('',#2143,#2153,#1058,.T.);
#2611=EDGE_CURVE('',#2154,#2141,#1059,.T.);
#2612=EDGE_CURVE('',#2139,#2154,#1060,.T.);
#2613=EDGE_CURVE('',#2150,#2137,#1061,.T.);
#2614=EDGE_CURVE('',#2155,#2149,#1062,.T.);
#2615=EDGE_CURVE('',#2156,#2155,#1063,.T.);
#2616=EDGE_CURVE('',#2151,#2156,#1064,.T.);
#2617=EDGE_CURVE('',#2153,#2157,#1065,.T.);
#2618=EDGE_CURVE('',#2158,#2157,#1066,.T.);
#2619=EDGE_CURVE('',#2159,#2158,#1067,.T.);
#2620=EDGE_CURVE('',#2144,#2159,#1068,.T.);
#2621=EDGE_CURVE('',#2152,#2160,#1069,.T.);
#2622=EDGE_CURVE('',#2161,#2160,#1070,.T.);
#2623=EDGE_CURVE('',#2162,#2161,#1071,.T.);
#2624=EDGE_CURVE('',#2162,#2163,#1072,.T.);
#2625=EDGE_CURVE('',#2163,#2164,#1073,.T.);
#2626=EDGE_CURVE('',#2148,#2164,#1074,.T.);
#2627=EDGE_CURVE('',#2165,#2166,#1075,.T.);
#2628=EDGE_CURVE('',#2167,#2165,#1076,.T.);
#2629=EDGE_CURVE('',#2168,#2167,#1077,.T.);
#2630=EDGE_CURVE('',#2166,#2168,#1078,.T.);
#2631=EDGE_CURVE('',#2169,#2163,#1079,.T.);
#2632=EDGE_CURVE('',#2170,#2169,#1080,.T.);
#2633=EDGE_CURVE('',#2164,#2170,#1081,.T.);
#2634=EDGE_CURVE('',#2171,#2162,#1082,.T.);
#2635=EDGE_CURVE('',#2171,#2172,#1083,.T.);
#2636=EDGE_CURVE('',#2172,#2167,#1084,.T.);
#2637=EDGE_CURVE('',#2173,#2165,#1085,.T.);
#2638=EDGE_CURVE('',#2169,#2173,#1086,.T.);
#2639=EDGE_CURVE('',#2174,#2171,#1087,.T.);
#2640=EDGE_CURVE('',#2175,#2174,#1088,.T.);
#2641=EDGE_CURVE('',#2175,#2172,#1089,.T.);
#2642=EDGE_CURVE('',#2168,#2175,#1090,.T.);
#2643=EDGE_CURVE('',#2170,#2146,#1091,.T.);
#2644=EDGE_CURVE('',#2173,#2176,#1092,.T.);
#2645=EDGE_CURVE('',#2157,#2176,#1093,.T.);
#2646=EDGE_CURVE('',#2176,#2177,#1094,.T.);
#2647=EDGE_CURVE('',#2177,#2158,#1095,.T.);
#2648=EDGE_CURVE('',#2178,#2177,#1096,.T.);
#2649=EDGE_CURVE('',#2159,#2178,#1097,.T.);
#2650=EDGE_CURVE('',#2178,#2166,#1098,.T.);
#2651=EDGE_CURVE('',#2179,#2161,#1099,.T.);
#2652=EDGE_CURVE('',#2180,#2179,#1100,.T.);
#2653=EDGE_CURVE('',#2174,#2180,#1101,.T.);
#2654=EDGE_CURVE('',#2160,#2181,#1102,.T.);
#2655=EDGE_CURVE('',#2181,#2179,#1103,.T.);
#2656=EDGE_CURVE('',#2182,#2156,#1104,.T.);
#2657=EDGE_CURVE('',#2182,#2181,#1105,.T.);
#2658=EDGE_CURVE('',#2180,#2182,#1106,.T.);
#2659=EDGE_CURVE('',#2150,#2183,#1107,.T.);
#2660=EDGE_CURVE('',#2184,#2183,#1108,.T.);
#2661=EDGE_CURVE('',#2185,#2184,#1109,.T.);
#2662=EDGE_CURVE('',#2155,#2185,#1110,.T.);
#2663=EDGE_CURVE('',#2154,#2186,#1111,.T.);
#2664=EDGE_CURVE('',#2187,#2186,#1112,.T.);
#2665=EDGE_CURVE('',#2188,#2187,#1113,.T.);
#2666=EDGE_CURVE('',#2188,#2189,#1114,.T.);
#2667=EDGE_CURVE('',#2189,#2190,#1115,.T.);
#2668=EDGE_CURVE('',#2140,#2190,#1116,.T.);
#2669=EDGE_CURVE('',#2191,#2192,#1117,.T.);
#2670=EDGE_CURVE('',#2193,#2191,#1118,.T.);
#2671=EDGE_CURVE('',#2194,#2193,#1119,.T.);
#2672=EDGE_CURVE('',#2192,#2194,#1120,.T.);
#2673=EDGE_CURVE('',#2195,#2188,#1121,.T.);
#2674=EDGE_CURVE('',#2195,#2196,#1122,.T.);
#2675=EDGE_CURVE('',#2197,#2196,#1123,.T.);
#2676=EDGE_CURVE('',#2193,#2197,#1124,.T.);
#2677=EDGE_CURVE('',#2198,#2191,#1125,.T.);
#2678=EDGE_CURVE('',#2199,#2198,#1126,.T.);
#2679=EDGE_CURVE('',#2199,#2200,#1127,.T.);
#2680=EDGE_CURVE('',#2201,#2200,#1128,.T.);
#2681=EDGE_CURVE('',#2202,#2201,#1129,.T.);
#2682=EDGE_CURVE('',#2202,#2189,#1130,.T.);
#2683=EDGE_CURVE('',#2203,#2202,#1131,.T.);
#2684=EDGE_CURVE('',#2190,#2203,#1132,.T.);
#2685=EDGE_CURVE('',#2204,#2195,#1133,.T.);
#2686=EDGE_CURVE('',#2205,#2204,#1134,.T.);
#2687=EDGE_CURVE('',#2196,#2205,#1135,.T.);
#2688=EDGE_CURVE('',#2206,#2199,#1136,.T.);
#2689=EDGE_CURVE('',#2207,#2206,#1137,.T.);
#2690=EDGE_CURVE('',#2200,#2207,#1138,.T.);
#2691=EDGE_CURVE('',#2203,#2138,#1139,.T.);
#2692=EDGE_CURVE('',#2201,#2208,#1140,.T.);
#2693=EDGE_CURVE('',#2183,#2208,#1141,.T.);
#2694=EDGE_CURVE('',#2208,#2209,#1142,.T.);
#2695=EDGE_CURVE('',#2209,#2184,#1143,.T.);
#2696=EDGE_CURVE('',#2210,#2207,#1144,.T.);
#2697=EDGE_CURVE('',#2210,#2209,#1145,.T.);
#2698=EDGE_CURVE('',#2185,#2210,#1146,.T.);
#2699=EDGE_CURVE('',#2198,#2211,#1147,.T.);
#2700=EDGE_CURVE('',#2212,#2211,#1148,.T.);
#2701=EDGE_CURVE('',#2213,#2212,#1149,.T.);
#2702=EDGE_CURVE('',#2206,#2213,#1150,.T.);
#2703=EDGE_CURVE('',#2197,#2214,#1151,.T.);
#2704=EDGE_CURVE('',#2215,#2214,#1152,.T.);
#2705=EDGE_CURVE('',#2216,#2215,#1153,.T.);
#2706=EDGE_CURVE('',#2216,#2217,#1154,.T.);
#2707=EDGE_CURVE('',#2217,#2218,#1155,.T.);
#2708=EDGE_CURVE('',#2194,#2218,#1156,.T.);
#2709=EDGE_CURVE('',#2219,#2220,#1157,.T.);
#2710=EDGE_CURVE('',#2221,#2219,#1158,.T.);
#2711=EDGE_CURVE('',#2222,#2221,#1159,.T.);
#2712=EDGE_CURVE('',#2220,#2222,#1160,.T.);
#2713=EDGE_CURVE('',#2223,#2219,#1161,.T.);
#2714=EDGE_CURVE('',#2224,#2223,#1162,.T.);
#2715=EDGE_CURVE('',#2224,#2225,#1163,.T.);
#2716=EDGE_CURVE('',#2226,#2225,#1164,.T.);
#2717=EDGE_CURVE('',#2227,#2226,#1165,.T.);
#2718=EDGE_CURVE('',#2227,#2228,#1166,.T.);
#2719=EDGE_CURVE('',#2229,#2228,#1167,.T.);
#2720=EDGE_CURVE('',#2230,#2229,#1168,.T.);
#2721=EDGE_CURVE('',#2230,#2217,#1169,.T.);
#2722=EDGE_CURVE('',#2221,#2216,#1170,.T.);
#2723=EDGE_CURVE('',#2231,#2230,#1171,.T.);
#2724=EDGE_CURVE('',#2218,#2231,#1172,.T.);
#2725=EDGE_CURVE('',#2232,#2224,#1173,.T.);
#2726=EDGE_CURVE('',#2233,#2232,#1174,.T.);
#2727=EDGE_CURVE('',#2225,#2233,#1175,.T.);
#2728=EDGE_CURVE('',#2234,#2227,#1176,.T.);
#2729=EDGE_CURVE('',#2235,#2234,#1177,.T.);
#2730=EDGE_CURVE('',#2228,#2235,#1178,.T.);
#2731=EDGE_CURVE('',#2231,#2192,#1179,.T.);
#2732=EDGE_CURVE('',#2229,#2236,#1180,.T.);
#2733=EDGE_CURVE('',#2211,#2236,#1181,.T.);
#2734=EDGE_CURVE('',#2236,#2237,#1182,.T.);
#2735=EDGE_CURVE('',#2237,#2212,#1183,.T.);
#2736=EDGE_CURVE('',#2238,#2235,#1184,.T.);
#2737=EDGE_CURVE('',#2238,#2237,#1185,.T.);
#2738=EDGE_CURVE('',#2213,#2238,#1186,.T.);
#2739=EDGE_CURVE('',#2239,#2215,#1187,.T.);
#2740=EDGE_CURVE('',#2240,#2239,#1188,.T.);
#2741=EDGE_CURVE('',#2222,#2240,#1189,.T.);
#2742=EDGE_CURVE('',#2214,#2241,#1190,.T.);
#2743=EDGE_CURVE('',#2241,#2239,#1191,.T.);
#2744=EDGE_CURVE('',#2242,#2241,#1192,.T.);
#2745=EDGE_CURVE('',#2240,#2242,#1193,.T.);
#2746=EDGE_CURVE('',#2242,#2205,#1194,.T.);
#2747=EDGE_CURVE('',#2223,#2243,#1195,.T.);
#2748=EDGE_CURVE('',#2244,#2243,#1196,.T.);
#2749=EDGE_CURVE('',#2245,#2244,#1197,.T.);
#2750=EDGE_CURVE('',#2245,#2246,#1198,.T.);
#2751=EDGE_CURVE('',#2246,#2247,#1199,.T.);
#2752=EDGE_CURVE('',#2232,#2247,#1200,.T.);
#2753=EDGE_CURVE('',#2226,#2248,#1201,.T.);
#2754=EDGE_CURVE('',#2249,#2248,#1202,.T.);
#2755=EDGE_CURVE('',#2250,#2249,#1203,.T.);
#2756=EDGE_CURVE('',#2234,#2250,#1204,.T.);
#2757=EDGE_CURVE('',#2251,#2252,#1205,.T.);
#2758=EDGE_CURVE('',#2253,#2251,#1206,.T.);
#2759=EDGE_CURVE('',#2254,#2253,#1207,.T.);
#2760=EDGE_CURVE('',#2252,#2254,#1208,.T.);
#2761=EDGE_CURVE('',#2255,#2251,#1209,.T.);
#2762=EDGE_CURVE('',#2256,#2255,#1210,.T.);
#2763=EDGE_CURVE('',#2256,#2246,#1211,.T.);
#2764=EDGE_CURVE('',#2257,#2245,#1212,.T.);
#2765=EDGE_CURVE('',#2257,#2258,#1213,.T.);
#2766=EDGE_CURVE('',#2258,#2253,#1214,.T.);
#2767=EDGE_CURVE('',#2259,#2257,#1215,.T.);
#2768=EDGE_CURVE('',#2260,#2259,#1216,.T.);
#2769=EDGE_CURVE('',#2260,#2258,#1217,.T.);
#2770=EDGE_CURVE('',#2254,#2260,#1218,.T.);
#2771=EDGE_CURVE('',#2261,#2256,#1219,.T.);
#2772=EDGE_CURVE('',#2247,#2261,#1220,.T.);
#2773=EDGE_CURVE('',#2262,#2244,#1221,.T.);
#2774=EDGE_CURVE('',#2263,#2262,#1222,.T.);
#2775=EDGE_CURVE('',#2259,#2263,#1223,.T.);
#2776=EDGE_CURVE('',#2243,#2264,#1224,.T.);
#2777=EDGE_CURVE('',#2264,#2262,#1225,.T.);
#2778=EDGE_CURVE('',#2265,#2264,#1226,.T.);
#2779=EDGE_CURVE('',#2263,#2265,#1227,.T.);
#2780=EDGE_CURVE('',#2265,#2220,#1228,.T.);
#2781=EDGE_CURVE('',#2261,#2233,#1229,.T.);
#2782=EDGE_CURVE('',#2255,#2266,#1230,.T.);
#2783=EDGE_CURVE('',#2248,#2266,#1231,.T.);
#2784=EDGE_CURVE('',#2266,#2267,#1232,.T.);
#2785=EDGE_CURVE('',#2267,#2249,#1233,.T.);
#2786=EDGE_CURVE('',#2268,#2252,#1234,.T.);
#2787=EDGE_CURVE('',#2268,#2267,#1235,.T.);
#2788=EDGE_CURVE('',#2250,#2268,#1236,.T.);
#2789=EDGE_CURVE('',#2204,#2269,#1237,.T.);
#2790=EDGE_CURVE('',#2269,#2270,#1238,.T.);
#2791=EDGE_CURVE('',#2270,#2142,#1239,.T.);
#2792=EDGE_CURVE('',#2271,#2187,#1240,.T.);
#2793=EDGE_CURVE('',#2269,#2271,#1241,.T.);
#2794=EDGE_CURVE('',#2186,#2272,#1242,.T.);
#2795=EDGE_CURVE('',#2272,#2271,#1243,.T.);
#2796=EDGE_CURVE('',#2270,#2272,#1244,.T.);
#2797=EDGE_CURVE('',#2273,#2273,#1977,.T.);
#2798=EDGE_CURVE('',#2273,#2274,#1245,.T.);
#2799=EDGE_CURVE('',#2274,#2274,#1978,.T.);
#2800=EDGE_CURVE('',#2275,#2275,#1979,.T.);
#2801=EDGE_CURVE('',#2275,#2276,#1246,.T.);
#2802=EDGE_CURVE('',#2276,#2276,#1980,.T.);
#2803=EDGE_CURVE('',#2277,#2277,#1981,.T.);
#2804=EDGE_CURVE('',#2277,#2278,#1247,.T.);
#2805=EDGE_CURVE('',#2278,#2278,#1982,.T.);
#2806=EDGE_CURVE('',#2279,#2279,#1983,.T.);
#2807=EDGE_CURVE('',#2279,#2280,#1248,.T.);
#2808=EDGE_CURVE('',#2280,#2280,#1984,.T.);
#2809=EDGE_CURVE('',#2281,#2282,#1249,.T.);
#2810=EDGE_CURVE('',#2283,#2282,#1985,.T.);
#2811=EDGE_CURVE('',#2284,#2283,#1250,.T.);
#2812=EDGE_CURVE('',#2281,#2284,#1986,.T.);
#2813=EDGE_CURVE('',#2284,#2285,#1251,.T.);
#2814=EDGE_CURVE('',#2285,#2286,#1987,.T.);
#2815=EDGE_CURVE('',#2286,#2287,#1252,.T.);
#2816=EDGE_CURVE('',#2287,#2288,#1988,.T.);
#2817=EDGE_CURVE('',#2288,#2289,#1253,.T.);
#2818=EDGE_CURVE('',#2289,#2290,#1989,.T.);
#2819=EDGE_CURVE('',#2290,#2281,#1254,.T.);
#2820=EDGE_CURVE('',#2289,#2291,#1255,.T.);
#2821=EDGE_CURVE('',#2292,#2291,#1990,.T.);
#2822=EDGE_CURVE('',#2290,#2292,#1256,.T.);
#2823=EDGE_CURVE('',#2286,#2293,#1257,.T.);
#2824=EDGE_CURVE('',#2285,#2294,#1258,.T.);
#2825=EDGE_CURVE('',#2293,#2294,#1991,.T.);
#2826=EDGE_CURVE('',#2282,#2292,#1259,.T.);
#2827=EDGE_CURVE('',#2291,#2295,#1260,.T.);
#2828=EDGE_CURVE('',#2295,#2296,#1992,.T.);
#2829=EDGE_CURVE('',#2296,#2293,#1261,.T.);
#2830=EDGE_CURVE('',#2294,#2283,#1262,.T.);
#2831=EDGE_CURVE('',#2288,#2295,#1263,.T.);
#2832=EDGE_CURVE('',#2287,#2296,#1264,.T.);
#2833=EDGE_CURVE('',#2297,#2297,#1993,.T.);
#2834=EDGE_CURVE('',#2297,#2298,#1265,.T.);
#2835=EDGE_CURVE('',#2298,#2298,#1994,.T.);
#2836=EDGE_CURVE('',#2299,#2299,#1995,.T.);
#2837=EDGE_CURVE('',#2299,#2300,#1266,.T.);
#2838=EDGE_CURVE('',#2300,#2300,#1996,.T.);
#2839=EDGE_CURVE('',#2301,#2302,#1267,.T.);
#2840=EDGE_CURVE('',#2302,#2303,#1268,.T.);
#2841=EDGE_CURVE('',#2303,#2304,#1269,.T.);
#2842=EDGE_CURVE('',#2304,#2301,#1270,.T.);
#2843=EDGE_CURVE('',#2305,#2306,#1271,.T.);
#2844=EDGE_CURVE('',#2306,#2307,#1272,.T.);
#2845=EDGE_CURVE('',#2307,#2308,#1273,.T.);
#2846=EDGE_CURVE('',#2308,#2305,#1274,.T.);
#2847=EDGE_CURVE('',#2305,#2309,#1275,.T.);
#2848=EDGE_CURVE('',#2310,#2309,#1276,.T.);
#2849=EDGE_CURVE('',#2310,#2306,#1277,.T.);
#2850=EDGE_CURVE('',#2307,#2311,#1278,.T.);
#2851=EDGE_CURVE('',#2311,#2312,#1279,.T.);
#2852=EDGE_CURVE('',#2312,#2308,#1280,.T.);
#2853=EDGE_CURVE('',#2303,#2312,#1281,.T.);
#2854=EDGE_CURVE('',#2309,#2302,#1282,.T.);
#2855=EDGE_CURVE('',#2311,#2304,#1283,.T.);
#2856=EDGE_CURVE('',#2301,#2310,#1284,.T.);
#2857=EDGE_CURVE('',#2313,#2313,#1997,.T.);
#2858=EDGE_CURVE('',#2313,#2314,#1285,.T.);
#2859=EDGE_CURVE('',#2314,#2314,#1998,.T.);
#2860=EDGE_CURVE('',#2315,#2315,#1999,.T.);
#2861=EDGE_CURVE('',#2315,#2316,#1286,.T.);
#2862=EDGE_CURVE('',#2316,#2316,#2000,.T.);
#2863=EDGE_CURVE('',#2317,#2318,#1287,.T.);
#2864=EDGE_CURVE('',#2318,#2319,#1288,.T.);
#2865=EDGE_CURVE('',#2319,#2320,#1289,.T.);
#2866=EDGE_CURVE('',#2320,#2317,#1290,.T.);
#2867=EDGE_CURVE('',#2321,#2322,#1291,.T.);
#2868=EDGE_CURVE('',#2322,#2323,#1292,.T.);
#2869=EDGE_CURVE('',#2323,#2324,#1293,.T.);
#2870=EDGE_CURVE('',#2324,#2321,#1294,.T.);
#2871=EDGE_CURVE('',#2321,#2325,#1295,.T.);
#2872=EDGE_CURVE('',#2326,#2325,#1296,.T.);
#2873=EDGE_CURVE('',#2326,#2322,#1297,.T.);
#2874=EDGE_CURVE('',#2323,#2327,#1298,.T.);
#2875=EDGE_CURVE('',#2327,#2328,#1299,.T.);
#2876=EDGE_CURVE('',#2328,#2324,#1300,.T.);
#2877=EDGE_CURVE('',#2319,#2328,#1301,.T.);
#2878=EDGE_CURVE('',#2325,#2318,#1302,.T.);
#2879=EDGE_CURVE('',#2327,#2320,#1303,.T.);
#2880=EDGE_CURVE('',#2317,#2326,#1304,.T.);
#2881=EDGE_CURVE('',#2329,#2329,#2001,.T.);
#2882=EDGE_CURVE('',#2329,#2330,#1305,.T.);
#2883=EDGE_CURVE('',#2330,#2330,#2002,.T.);
#2884=EDGE_CURVE('',#2331,#2331,#2003,.T.);
#2885=EDGE_CURVE('',#2331,#2332,#1306,.T.);
#2886=EDGE_CURVE('',#2332,#2332,#2004,.T.);
#2887=EDGE_CURVE('',#2333,#2334,#1307,.T.);
#2888=EDGE_CURVE('',#2334,#2335,#1308,.T.);
#2889=EDGE_CURVE('',#2335,#2336,#1309,.T.);
#2890=EDGE_CURVE('',#2336,#2333,#1310,.T.);
#2891=EDGE_CURVE('',#2337,#2338,#1311,.T.);
#2892=EDGE_CURVE('',#2338,#2339,#1312,.T.);
#2893=EDGE_CURVE('',#2339,#2340,#1313,.T.);
#2894=EDGE_CURVE('',#2340,#2337,#1314,.T.);
#2895=EDGE_CURVE('',#2337,#2341,#1315,.T.);
#2896=EDGE_CURVE('',#2342,#2341,#1316,.T.);
#2897=EDGE_CURVE('',#2342,#2338,#1317,.T.);
#2898=EDGE_CURVE('',#2339,#2343,#1318,.T.);
#2899=EDGE_CURVE('',#2343,#2344,#1319,.T.);
#2900=EDGE_CURVE('',#2344,#2340,#1320,.T.);
#2901=EDGE_CURVE('',#2335,#2344,#1321,.T.);
#2902=EDGE_CURVE('',#2341,#2334,#1322,.T.);
#2903=EDGE_CURVE('',#2343,#2336,#1323,.T.);
#2904=EDGE_CURVE('',#2333,#2342,#1324,.T.);
#2905=EDGE_CURVE('',#2345,#2345,#2005,.T.);
#2906=EDGE_CURVE('',#2345,#2346,#1325,.T.);
#2907=EDGE_CURVE('',#2346,#2346,#2006,.T.);
#2908=EDGE_CURVE('',#2347,#2347,#2007,.T.);
#2909=EDGE_CURVE('',#2347,#2348,#1326,.T.);
#2910=EDGE_CURVE('',#2348,#2348,#2008,.T.);
#2911=EDGE_CURVE('',#2349,#2350,#1327,.T.);
#2912=EDGE_CURVE('',#2350,#2351,#1328,.T.);
#2913=EDGE_CURVE('',#2351,#2352,#1329,.T.);
#2914=EDGE_CURVE('',#2352,#2349,#1330,.T.);
#2915=EDGE_CURVE('',#2353,#2354,#1331,.T.);
#2916=EDGE_CURVE('',#2354,#2355,#1332,.T.);
#2917=EDGE_CURVE('',#2355,#2356,#1333,.T.);
#2918=EDGE_CURVE('',#2356,#2353,#1334,.T.);
#2919=EDGE_CURVE('',#2353,#2357,#1335,.T.);
#2920=EDGE_CURVE('',#2358,#2357,#1336,.T.);
#2921=EDGE_CURVE('',#2358,#2354,#1337,.T.);
#2922=EDGE_CURVE('',#2355,#2359,#1338,.T.);
#2923=EDGE_CURVE('',#2359,#2360,#1339,.T.);
#2924=EDGE_CURVE('',#2360,#2356,#1340,.T.);
#2925=EDGE_CURVE('',#2351,#2360,#1341,.T.);
#2926=EDGE_CURVE('',#2357,#2350,#1342,.T.);
#2927=EDGE_CURVE('',#2359,#2352,#1343,.T.);
#2928=EDGE_CURVE('',#2349,#2358,#1344,.T.);
#2929=EDGE_CURVE('',#2361,#2362,#1345,.T.);
#2930=EDGE_CURVE('',#2363,#2361,#1346,.T.);
#2931=EDGE_CURVE('',#2364,#2363,#1347,.T.);
#2932=EDGE_CURVE('',#2362,#2364,#1348,.T.);
#2933=EDGE_CURVE('',#2362,#2365,#1349,.T.);
#2934=EDGE_CURVE('',#2366,#2364,#1350,.T.);
#2935=EDGE_CURVE('',#2365,#2366,#1351,.T.);
#2936=EDGE_CURVE('',#2365,#2367,#1352,.T.);
#2937=EDGE_CURVE('',#2368,#2366,#1353,.T.);
#2938=EDGE_CURVE('',#2368,#2367,#1354,.T.);
#2939=EDGE_CURVE('',#2367,#2369,#1355,.T.);
#2940=EDGE_CURVE('',#2370,#2368,#1356,.T.);
#2941=EDGE_CURVE('',#2369,#2370,#1357,.T.);
#2942=EDGE_CURVE('',#2369,#2371,#1358,.T.);
#2943=EDGE_CURVE('',#2372,#2370,#1359,.T.);
#2944=EDGE_CURVE('',#2371,#2372,#1360,.T.);
#2945=EDGE_CURVE('',#2363,#2372,#1361,.T.);
#2946=EDGE_CURVE('',#2371,#2361,#1362,.T.);
#2947=EDGE_CURVE('',#2373,#2373,#2009,.T.);
#2948=EDGE_CURVE('',#2374,#2374,#2010,.T.);
#2949=EDGE_CURVE('',#2375,#2375,#2011,.T.);
#2950=EDGE_CURVE('',#2375,#2373,#1363,.T.);
#2951=EDGE_CURVE('',#2374,#2376,#1364,.T.);
#2952=EDGE_CURVE('',#2376,#2376,#2012,.T.);
#2953=EDGE_CURVE('',#2377,#2378,#1365,.T.);
#2954=EDGE_CURVE('',#2379,#2377,#1366,.T.);
#2955=EDGE_CURVE('',#2380,#2379,#1367,.T.);
#2956=EDGE_CURVE('',#2378,#2380,#1368,.T.);
#2957=EDGE_CURVE('',#2378,#2381,#1369,.T.);
#2958=EDGE_CURVE('',#2382,#2380,#1370,.T.);
#2959=EDGE_CURVE('',#2381,#2382,#1371,.T.);
#2960=EDGE_CURVE('',#2381,#2383,#1372,.T.);
#2961=EDGE_CURVE('',#2384,#2382,#1373,.T.);
#2962=EDGE_CURVE('',#2384,#2383,#1374,.T.);
#2963=EDGE_CURVE('',#2383,#2385,#1375,.T.);
#2964=EDGE_CURVE('',#2386,#2384,#1376,.T.);
#2965=EDGE_CURVE('',#2385,#2386,#1377,.T.);
#2966=EDGE_CURVE('',#2385,#2387,#1378,.T.);
#2967=EDGE_CURVE('',#2388,#2386,#1379,.T.);
#2968=EDGE_CURVE('',#2387,#2388,#1380,.T.);
#2969=EDGE_CURVE('',#2379,#2388,#1381,.T.);
#2970=EDGE_CURVE('',#2387,#2377,#1382,.T.);
#2971=EDGE_CURVE('',#2389,#2389,#2013,.T.);
#2972=EDGE_CURVE('',#2390,#2390,#2014,.T.);
#2973=EDGE_CURVE('',#2391,#2391,#2015,.T.);
#2974=EDGE_CURVE('',#2391,#2389,#1383,.T.);
#2975=EDGE_CURVE('',#2390,#2392,#1384,.T.);
#2976=EDGE_CURVE('',#2392,#2392,#2016,.T.);
#2977=EDGE_CURVE('',#2393,#2394,#1385,.T.);
#2978=EDGE_CURVE('',#2395,#2393,#1386,.T.);
#2979=EDGE_CURVE('',#2396,#2395,#1387,.T.);
#2980=EDGE_CURVE('',#2394,#2396,#1388,.T.);
#2981=EDGE_CURVE('',#2394,#2397,#1389,.T.);
#2982=EDGE_CURVE('',#2398,#2396,#1390,.T.);
#2983=EDGE_CURVE('',#2397,#2398,#1391,.T.);
#2984=EDGE_CURVE('',#2397,#2399,#1392,.T.);
#2985=EDGE_CURVE('',#2400,#2398,#1393,.T.);
#2986=EDGE_CURVE('',#2400,#2399,#1394,.T.);
#2987=EDGE_CURVE('',#2399,#2401,#1395,.T.);
#2988=EDGE_CURVE('',#2402,#2400,#1396,.T.);
#2989=EDGE_CURVE('',#2401,#2402,#1397,.T.);
#2990=EDGE_CURVE('',#2401,#2403,#1398,.T.);
#2991=EDGE_CURVE('',#2404,#2402,#1399,.T.);
#2992=EDGE_CURVE('',#2403,#2404,#1400,.T.);
#2993=EDGE_CURVE('',#2395,#2404,#1401,.T.);
#2994=EDGE_CURVE('',#2403,#2393,#1402,.T.);
#2995=EDGE_CURVE('',#2405,#2405,#2017,.T.);
#2996=EDGE_CURVE('',#2406,#2406,#2018,.T.);
#2997=EDGE_CURVE('',#2407,#2407,#2019,.T.);
#2998=EDGE_CURVE('',#2407,#2405,#1403,.T.);
#2999=EDGE_CURVE('',#2406,#2408,#1404,.T.);
#3000=EDGE_CURVE('',#2408,#2408,#2020,.T.);
#3001=EDGE_CURVE('',#2409,#2410,#1405,.T.);
#3002=EDGE_CURVE('',#2411,#2409,#1406,.T.);
#3003=EDGE_CURVE('',#2412,#2411,#1407,.T.);
#3004=EDGE_CURVE('',#2410,#2412,#1408,.T.);
#3005=EDGE_CURVE('',#2410,#2413,#1409,.T.);
#3006=EDGE_CURVE('',#2414,#2412,#1410,.T.);
#3007=EDGE_CURVE('',#2413,#2414,#1411,.T.);
#3008=EDGE_CURVE('',#2413,#2415,#1412,.T.);
#3009=EDGE_CURVE('',#2416,#2414,#1413,.T.);
#3010=EDGE_CURVE('',#2416,#2415,#1414,.T.);
#3011=EDGE_CURVE('',#2415,#2417,#1415,.T.);
#3012=EDGE_CURVE('',#2418,#2416,#1416,.T.);
#3013=EDGE_CURVE('',#2417,#2418,#1417,.T.);
#3014=EDGE_CURVE('',#2417,#2419,#1418,.T.);
#3015=EDGE_CURVE('',#2420,#2418,#1419,.T.);
#3016=EDGE_CURVE('',#2419,#2420,#1420,.T.);
#3017=EDGE_CURVE('',#2411,#2420,#1421,.T.);
#3018=EDGE_CURVE('',#2419,#2409,#1422,.T.);
#3019=EDGE_CURVE('',#2421,#2421,#2021,.T.);
#3020=EDGE_CURVE('',#2422,#2422,#2022,.T.);
#3021=EDGE_CURVE('',#2423,#2423,#2023,.T.);
#3022=EDGE_CURVE('',#2423,#2421,#1423,.T.);
#3023=EDGE_CURVE('',#2422,#2424,#1424,.T.);
#3024=EDGE_CURVE('',#2424,#2424,#2024,.T.);
#3025=ORIENTED_EDGE('',*,*,#2425,.F.);
#3026=ORIENTED_EDGE('',*,*,#2426,.T.);
#3027=ORIENTED_EDGE('',*,*,#2427,.F.);
#3028=ORIENTED_EDGE('',*,*,#2426,.F.);
#3029=ORIENTED_EDGE('',*,*,#2428,.F.);
#3030=ORIENTED_EDGE('',*,*,#2429,.T.);
#3031=ORIENTED_EDGE('',*,*,#2430,.F.);
#3032=ORIENTED_EDGE('',*,*,#2429,.F.);
#3033=ORIENTED_EDGE('',*,*,#2431,.F.);
#3034=ORIENTED_EDGE('',*,*,#2432,.T.);
#3035=ORIENTED_EDGE('',*,*,#2433,.F.);
#3036=ORIENTED_EDGE('',*,*,#2432,.F.);
#3037=ORIENTED_EDGE('',*,*,#2434,.F.);
#3038=ORIENTED_EDGE('',*,*,#2435,.T.);
#3039=ORIENTED_EDGE('',*,*,#2436,.F.);
#3040=ORIENTED_EDGE('',*,*,#2435,.F.);
#3041=ORIENTED_EDGE('',*,*,#2437,.T.);
#3042=ORIENTED_EDGE('',*,*,#2438,.F.);
#3043=ORIENTED_EDGE('',*,*,#2439,.F.);
#3044=ORIENTED_EDGE('',*,*,#2440,.F.);
#3045=ORIENTED_EDGE('',*,*,#2441,.T.);
#3046=ORIENTED_EDGE('',*,*,#2442,.T.);
#3047=ORIENTED_EDGE('',*,*,#2443,.T.);
#3048=ORIENTED_EDGE('',*,*,#2444,.T.);
#3049=ORIENTED_EDGE('',*,*,#2445,.T.);
#3050=ORIENTED_EDGE('',*,*,#2446,.T.);
#3051=ORIENTED_EDGE('',*,*,#2447,.T.);
#3052=ORIENTED_EDGE('',*,*,#2440,.T.);
#3053=ORIENTED_EDGE('',*,*,#2427,.T.);
#3054=ORIENTED_EDGE('',*,*,#2430,.T.);
#3055=ORIENTED_EDGE('',*,*,#2433,.T.);
#3056=ORIENTED_EDGE('',*,*,#2436,.T.);
#3057=ORIENTED_EDGE('',*,*,#2448,.T.);
#3058=ORIENTED_EDGE('',*,*,#2449,.F.);
#3059=ORIENTED_EDGE('',*,*,#2450,.F.);
#3060=ORIENTED_EDGE('',*,*,#2442,.F.);
#3061=ORIENTED_EDGE('',*,*,#2451,.T.);
#3062=ORIENTED_EDGE('',*,*,#2452,.F.);
#3063=ORIENTED_EDGE('',*,*,#2453,.F.);
#3064=ORIENTED_EDGE('',*,*,#2446,.F.);
#3065=ORIENTED_EDGE('',*,*,#2454,.F.);
#3066=ORIENTED_EDGE('',*,*,#2444,.F.);
#3067=ORIENTED_EDGE('',*,*,#2455,.T.);
#3068=ORIENTED_EDGE('',*,*,#2456,.F.);
#3069=ORIENTED_EDGE('',*,*,#2457,.T.);
#3070=ORIENTED_EDGE('',*,*,#2452,.T.);
#3071=ORIENTED_EDGE('',*,*,#2458,.T.);
#3072=ORIENTED_EDGE('',*,*,#2456,.T.);
#3073=ORIENTED_EDGE('',*,*,#2459,.T.);
#3074=ORIENTED_EDGE('',*,*,#2449,.T.);
#3075=ORIENTED_EDGE('',*,*,#2460,.T.);
#3076=ORIENTED_EDGE('',*,*,#2438,.T.);
#3077=ORIENTED_EDGE('',*,*,#2425,.T.);
#3078=ORIENTED_EDGE('',*,*,#2428,.T.);
#3079=ORIENTED_EDGE('',*,*,#2431,.T.);
#3080=ORIENTED_EDGE('',*,*,#2434,.T.);
#3081=ORIENTED_EDGE('',*,*,#2450,.T.);
#3082=ORIENTED_EDGE('',*,*,#2459,.F.);
#3083=ORIENTED_EDGE('',*,*,#2455,.F.);
#3084=ORIENTED_EDGE('',*,*,#2443,.F.);
#3085=ORIENTED_EDGE('',*,*,#2453,.T.);
#3086=ORIENTED_EDGE('',*,*,#2457,.F.);
#3087=ORIENTED_EDGE('',*,*,#2437,.F.);
#3088=ORIENTED_EDGE('',*,*,#2447,.F.);
#3089=ORIENTED_EDGE('',*,*,#2454,.T.);
#3090=ORIENTED_EDGE('',*,*,#2458,.F.);
#3091=ORIENTED_EDGE('',*,*,#2451,.F.);
#3092=ORIENTED_EDGE('',*,*,#2445,.F.);
#3093=ORIENTED_EDGE('',*,*,#2439,.T.);
#3094=ORIENTED_EDGE('',*,*,#2460,.F.);
#3095=ORIENTED_EDGE('',*,*,#2448,.F.);
#3096=ORIENTED_EDGE('',*,*,#2441,.F.);
#3097=ORIENTED_EDGE('',*,*,#2461,.F.);
#3098=ORIENTED_EDGE('',*,*,#2462,.T.);
#3099=ORIENTED_EDGE('',*,*,#2463,.F.);
#3100=ORIENTED_EDGE('',*,*,#2462,.F.);
#3101=ORIENTED_EDGE('',*,*,#2463,.T.);
#3102=ORIENTED_EDGE('',*,*,#2461,.T.);
#3103=ORIENTED_EDGE('',*,*,#2464,.F.);
#3104=ORIENTED_EDGE('',*,*,#2465,.T.);
#3105=ORIENTED_EDGE('',*,*,#2466,.F.);
#3106=ORIENTED_EDGE('',*,*,#2465,.F.);
#3107=ORIENTED_EDGE('',*,*,#2466,.T.);
#3108=ORIENTED_EDGE('',*,*,#2464,.T.);
#3109=ORIENTED_EDGE('',*,*,#2467,.F.);
#3110=ORIENTED_EDGE('',*,*,#2468,.T.);
#3111=ORIENTED_EDGE('',*,*,#2469,.F.);
#3112=ORIENTED_EDGE('',*,*,#2468,.F.);
#3113=ORIENTED_EDGE('',*,*,#2469,.T.);
#3114=ORIENTED_EDGE('',*,*,#2467,.T.);
#3115=ORIENTED_EDGE('',*,*,#2470,.F.);
#3116=ORIENTED_EDGE('',*,*,#2471,.T.);
#3117=ORIENTED_EDGE('',*,*,#2472,.F.);
#3118=ORIENTED_EDGE('',*,*,#2471,.F.);
#3119=ORIENTED_EDGE('',*,*,#2472,.T.);
#3120=ORIENTED_EDGE('',*,*,#2470,.T.);
#3121=ORIENTED_EDGE('',*,*,#2473,.F.);
#3122=ORIENTED_EDGE('',*,*,#2474,.F.);
#3123=ORIENTED_EDGE('',*,*,#2475,.T.);
#3124=ORIENTED_EDGE('',*,*,#2476,.T.);
#3125=ORIENTED_EDGE('',*,*,#2477,.F.);
#3126=ORIENTED_EDGE('',*,*,#2476,.F.);
#3127=ORIENTED_EDGE('',*,*,#2478,.T.);
#3128=ORIENTED_EDGE('',*,*,#2479,.T.);
#3129=ORIENTED_EDGE('',*,*,#2480,.F.);
#3130=ORIENTED_EDGE('',*,*,#2481,.F.);
#3131=ORIENTED_EDGE('',*,*,#2478,.F.);
#3132=ORIENTED_EDGE('',*,*,#2475,.F.);
#3133=ORIENTED_EDGE('',*,*,#2482,.F.);
#3134=ORIENTED_EDGE('',*,*,#2479,.F.);
#3135=ORIENTED_EDGE('',*,*,#2481,.T.);
#3136=ORIENTED_EDGE('',*,*,#2483,.T.);
#3137=ORIENTED_EDGE('',*,*,#2484,.F.);
#3138=ORIENTED_EDGE('',*,*,#2483,.F.);
#3139=ORIENTED_EDGE('',*,*,#2480,.T.);
#3140=ORIENTED_EDGE('',*,*,#2474,.T.);
#3141=ORIENTED_EDGE('',*,*,#2485,.T.);
#3142=ORIENTED_EDGE('',*,*,#2486,.T.);
#3143=ORIENTED_EDGE('',*,*,#2487,.T.);
#3144=ORIENTED_EDGE('',*,*,#2488,.T.);
#3145=ORIENTED_EDGE('',*,*,#2489,.T.);
#3146=ORIENTED_EDGE('',*,*,#2490,.T.);
#3147=ORIENTED_EDGE('',*,*,#2491,.T.);
#3148=ORIENTED_EDGE('',*,*,#2492,.T.);
#3149=ORIENTED_EDGE('',*,*,#2482,.T.);
#3150=ORIENTED_EDGE('',*,*,#2484,.T.);
#3151=ORIENTED_EDGE('',*,*,#2473,.T.);
#3152=ORIENTED_EDGE('',*,*,#2477,.T.);
#3153=ORIENTED_EDGE('',*,*,#2493,.T.);
#3154=ORIENTED_EDGE('',*,*,#2490,.F.);
#3155=ORIENTED_EDGE('',*,*,#2494,.F.);
#3156=ORIENTED_EDGE('',*,*,#2488,.F.);
#3157=ORIENTED_EDGE('',*,*,#2495,.T.);
#3158=ORIENTED_EDGE('',*,*,#2491,.F.);
#3159=ORIENTED_EDGE('',*,*,#2493,.F.);
#3160=ORIENTED_EDGE('',*,*,#2487,.F.);
#3161=ORIENTED_EDGE('',*,*,#2496,.T.);
#3162=ORIENTED_EDGE('',*,*,#2492,.F.);
#3163=ORIENTED_EDGE('',*,*,#2495,.F.);
#3164=ORIENTED_EDGE('',*,*,#2486,.F.);
#3165=ORIENTED_EDGE('',*,*,#2494,.T.);
#3166=ORIENTED_EDGE('',*,*,#2489,.F.);
#3167=ORIENTED_EDGE('',*,*,#2496,.F.);
#3168=ORIENTED_EDGE('',*,*,#2485,.F.);
#3169=ORIENTED_EDGE('',*,*,#2497,.F.);
#3170=ORIENTED_EDGE('',*,*,#2498,.T.);
#3171=ORIENTED_EDGE('',*,*,#2499,.F.);
#3172=ORIENTED_EDGE('',*,*,#2498,.F.);
#3173=ORIENTED_EDGE('',*,*,#2499,.T.);
#3174=ORIENTED_EDGE('',*,*,#2497,.T.);
#3175=ORIENTED_EDGE('',*,*,#2500,.F.);
#3176=ORIENTED_EDGE('',*,*,#2501,.T.);
#3177=ORIENTED_EDGE('',*,*,#2502,.F.);
#3178=ORIENTED_EDGE('',*,*,#2501,.F.);
#3179=ORIENTED_EDGE('',*,*,#2502,.T.);
#3180=ORIENTED_EDGE('',*,*,#2500,.T.);
#3181=ORIENTED_EDGE('',*,*,#2503,.F.);
#3182=ORIENTED_EDGE('',*,*,#2504,.F.);
#3183=ORIENTED_EDGE('',*,*,#2505,.T.);
#3184=ORIENTED_EDGE('',*,*,#2506,.T.);
#3185=ORIENTED_EDGE('',*,*,#2507,.F.);
#3186=ORIENTED_EDGE('',*,*,#2506,.F.);
#3187=ORIENTED_EDGE('',*,*,#2508,.T.);
#3188=ORIENTED_EDGE('',*,*,#2509,.T.);
#3189=ORIENTED_EDGE('',*,*,#2510,.F.);
#3190=ORIENTED_EDGE('',*,*,#2511,.F.);
#3191=ORIENTED_EDGE('',*,*,#2508,.F.);
#3192=ORIENTED_EDGE('',*,*,#2505,.F.);
#3193=ORIENTED_EDGE('',*,*,#2512,.F.);
#3194=ORIENTED_EDGE('',*,*,#2509,.F.);
#3195=ORIENTED_EDGE('',*,*,#2511,.T.);
#3196=ORIENTED_EDGE('',*,*,#2513,.T.);
#3197=ORIENTED_EDGE('',*,*,#2514,.F.);
#3198=ORIENTED_EDGE('',*,*,#2513,.F.);
#3199=ORIENTED_EDGE('',*,*,#2510,.T.);
#3200=ORIENTED_EDGE('',*,*,#2504,.T.);
#3201=ORIENTED_EDGE('',*,*,#2515,.T.);
#3202=ORIENTED_EDGE('',*,*,#2516,.T.);
#3203=ORIENTED_EDGE('',*,*,#2517,.T.);
#3204=ORIENTED_EDGE('',*,*,#2518,.T.);
#3205=ORIENTED_EDGE('',*,*,#2519,.T.);
#3206=ORIENTED_EDGE('',*,*,#2520,.T.);
#3207=ORIENTED_EDGE('',*,*,#2521,.T.);
#3208=ORIENTED_EDGE('',*,*,#2522,.T.);
#3209=ORIENTED_EDGE('',*,*,#2512,.T.);
#3210=ORIENTED_EDGE('',*,*,#2514,.T.);
#3211=ORIENTED_EDGE('',*,*,#2503,.T.);
#3212=ORIENTED_EDGE('',*,*,#2507,.T.);
#3213=ORIENTED_EDGE('',*,*,#2523,.T.);
#3214=ORIENTED_EDGE('',*,*,#2520,.F.);
#3215=ORIENTED_EDGE('',*,*,#2524,.F.);
#3216=ORIENTED_EDGE('',*,*,#2518,.F.);
#3217=ORIENTED_EDGE('',*,*,#2525,.T.);
#3218=ORIENTED_EDGE('',*,*,#2521,.F.);
#3219=ORIENTED_EDGE('',*,*,#2523,.F.);
#3220=ORIENTED_EDGE('',*,*,#2517,.F.);
#3221=ORIENTED_EDGE('',*,*,#2526,.T.);
#3222=ORIENTED_EDGE('',*,*,#2522,.F.);
#3223=ORIENTED_EDGE('',*,*,#2525,.F.);
#3224=ORIENTED_EDGE('',*,*,#2516,.F.);
#3225=ORIENTED_EDGE('',*,*,#2524,.T.);
#3226=ORIENTED_EDGE('',*,*,#2519,.F.);
#3227=ORIENTED_EDGE('',*,*,#2526,.F.);
#3228=ORIENTED_EDGE('',*,*,#2515,.F.);
#3229=ORIENTED_EDGE('',*,*,#2527,.F.);
#3230=ORIENTED_EDGE('',*,*,#2528,.T.);
#3231=ORIENTED_EDGE('',*,*,#2529,.F.);
#3232=ORIENTED_EDGE('',*,*,#2528,.F.);
#3233=ORIENTED_EDGE('',*,*,#2529,.T.);
#3234=ORIENTED_EDGE('',*,*,#2527,.T.);
#3235=ORIENTED_EDGE('',*,*,#2530,.F.);
#3236=ORIENTED_EDGE('',*,*,#2531,.T.);
#3237=ORIENTED_EDGE('',*,*,#2532,.F.);
#3238=ORIENTED_EDGE('',*,*,#2531,.F.);
#3239=ORIENTED_EDGE('',*,*,#2532,.T.);
#3240=ORIENTED_EDGE('',*,*,#2530,.T.);
#3241=ORIENTED_EDGE('',*,*,#2533,.F.);
#3242=ORIENTED_EDGE('',*,*,#2534,.F.);
#3243=ORIENTED_EDGE('',*,*,#2535,.T.);
#3244=ORIENTED_EDGE('',*,*,#2536,.T.);
#3245=ORIENTED_EDGE('',*,*,#2537,.F.);
#3246=ORIENTED_EDGE('',*,*,#2536,.F.);
#3247=ORIENTED_EDGE('',*,*,#2538,.T.);
#3248=ORIENTED_EDGE('',*,*,#2539,.T.);
#3249=ORIENTED_EDGE('',*,*,#2540,.F.);
#3250=ORIENTED_EDGE('',*,*,#2541,.F.);
#3251=ORIENTED_EDGE('',*,*,#2538,.F.);
#3252=ORIENTED_EDGE('',*,*,#2535,.F.);
#3253=ORIENTED_EDGE('',*,*,#2542,.F.);
#3254=ORIENTED_EDGE('',*,*,#2539,.F.);
#3255=ORIENTED_EDGE('',*,*,#2541,.T.);
#3256=ORIENTED_EDGE('',*,*,#2543,.T.);
#3257=ORIENTED_EDGE('',*,*,#2544,.F.);
#3258=ORIENTED_EDGE('',*,*,#2543,.F.);
#3259=ORIENTED_EDGE('',*,*,#2540,.T.);
#3260=ORIENTED_EDGE('',*,*,#2534,.T.);
#3261=ORIENTED_EDGE('',*,*,#2545,.T.);
#3262=ORIENTED_EDGE('',*,*,#2546,.T.);
#3263=ORIENTED_EDGE('',*,*,#2547,.T.);
#3264=ORIENTED_EDGE('',*,*,#2548,.T.);
#3265=ORIENTED_EDGE('',*,*,#2549,.T.);
#3266=ORIENTED_EDGE('',*,*,#2550,.T.);
#3267=ORIENTED_EDGE('',*,*,#2551,.T.);
#3268=ORIENTED_EDGE('',*,*,#2552,.T.);
#3269=ORIENTED_EDGE('',*,*,#2542,.T.);
#3270=ORIENTED_EDGE('',*,*,#2544,.T.);
#3271=ORIENTED_EDGE('',*,*,#2533,.T.);
#3272=ORIENTED_EDGE('',*,*,#2537,.T.);
#3273=ORIENTED_EDGE('',*,*,#2553,.T.);
#3274=ORIENTED_EDGE('',*,*,#2550,.F.);
#3275=ORIENTED_EDGE('',*,*,#2554,.F.);
#3276=ORIENTED_EDGE('',*,*,#2548,.F.);
#3277=ORIENTED_EDGE('',*,*,#2555,.T.);
#3278=ORIENTED_EDGE('',*,*,#2551,.F.);
#3279=ORIENTED_EDGE('',*,*,#2553,.F.);
#3280=ORIENTED_EDGE('',*,*,#2547,.F.);
#3281=ORIENTED_EDGE('',*,*,#2556,.T.);
#3282=ORIENTED_EDGE('',*,*,#2552,.F.);
#3283=ORIENTED_EDGE('',*,*,#2555,.F.);
#3284=ORIENTED_EDGE('',*,*,#2546,.F.);
#3285=ORIENTED_EDGE('',*,*,#2554,.T.);
#3286=ORIENTED_EDGE('',*,*,#2549,.F.);
#3287=ORIENTED_EDGE('',*,*,#2556,.F.);
#3288=ORIENTED_EDGE('',*,*,#2545,.F.);
#3289=ORIENTED_EDGE('',*,*,#2557,.F.);
#3290=ORIENTED_EDGE('',*,*,#2558,.T.);
#3291=ORIENTED_EDGE('',*,*,#2559,.F.);
#3292=ORIENTED_EDGE('',*,*,#2558,.F.);
#3293=ORIENTED_EDGE('',*,*,#2559,.T.);
#3294=ORIENTED_EDGE('',*,*,#2557,.T.);
#3295=ORIENTED_EDGE('',*,*,#2560,.F.);
#3296=ORIENTED_EDGE('',*,*,#2561,.T.);
#3297=ORIENTED_EDGE('',*,*,#2562,.F.);
#3298=ORIENTED_EDGE('',*,*,#2561,.F.);
#3299=ORIENTED_EDGE('',*,*,#2562,.T.);
#3300=ORIENTED_EDGE('',*,*,#2560,.T.);
#3301=ORIENTED_EDGE('',*,*,#2563,.F.);
#3302=ORIENTED_EDGE('',*,*,#2564,.F.);
#3303=ORIENTED_EDGE('',*,*,#2565,.T.);
#3304=ORIENTED_EDGE('',*,*,#2566,.T.);
#3305=ORIENTED_EDGE('',*,*,#2567,.F.);
#3306=ORIENTED_EDGE('',*,*,#2566,.F.);
#3307=ORIENTED_EDGE('',*,*,#2568,.T.);
#3308=ORIENTED_EDGE('',*,*,#2569,.T.);
#3309=ORIENTED_EDGE('',*,*,#2570,.F.);
#3310=ORIENTED_EDGE('',*,*,#2571,.F.);
#3311=ORIENTED_EDGE('',*,*,#2568,.F.);
#3312=ORIENTED_EDGE('',*,*,#2565,.F.);
#3313=ORIENTED_EDGE('',*,*,#2572,.F.);
#3314=ORIENTED_EDGE('',*,*,#2569,.F.);
#3315=ORIENTED_EDGE('',*,*,#2571,.T.);
#3316=ORIENTED_EDGE('',*,*,#2573,.T.);
#3317=ORIENTED_EDGE('',*,*,#2574,.F.);
#3318=ORIENTED_EDGE('',*,*,#2573,.F.);
#3319=ORIENTED_EDGE('',*,*,#2570,.T.);
#3320=ORIENTED_EDGE('',*,*,#2564,.T.);
#3321=ORIENTED_EDGE('',*,*,#2575,.T.);
#3322=ORIENTED_EDGE('',*,*,#2576,.T.);
#3323=ORIENTED_EDGE('',*,*,#2577,.T.);
#3324=ORIENTED_EDGE('',*,*,#2578,.T.);
#3325=ORIENTED_EDGE('',*,*,#2579,.T.);
#3326=ORIENTED_EDGE('',*,*,#2580,.T.);
#3327=ORIENTED_EDGE('',*,*,#2581,.T.);
#3328=ORIENTED_EDGE('',*,*,#2582,.T.);
#3329=ORIENTED_EDGE('',*,*,#2572,.T.);
#3330=ORIENTED_EDGE('',*,*,#2574,.T.);
#3331=ORIENTED_EDGE('',*,*,#2563,.T.);
#3332=ORIENTED_EDGE('',*,*,#2567,.T.);
#3333=ORIENTED_EDGE('',*,*,#2583,.T.);
#3334=ORIENTED_EDGE('',*,*,#2580,.F.);
#3335=ORIENTED_EDGE('',*,*,#2584,.F.);
#3336=ORIENTED_EDGE('',*,*,#2578,.F.);
#3337=ORIENTED_EDGE('',*,*,#2585,.T.);
#3338=ORIENTED_EDGE('',*,*,#2581,.F.);
#3339=ORIENTED_EDGE('',*,*,#2583,.F.);
#3340=ORIENTED_EDGE('',*,*,#2577,.F.);
#3341=ORIENTED_EDGE('',*,*,#2586,.T.);
#3342=ORIENTED_EDGE('',*,*,#2582,.F.);
#3343=ORIENTED_EDGE('',*,*,#2585,.F.);
#3344=ORIENTED_EDGE('',*,*,#2576,.F.);
#3345=ORIENTED_EDGE('',*,*,#2584,.T.);
#3346=ORIENTED_EDGE('',*,*,#2579,.F.);
#3347=ORIENTED_EDGE('',*,*,#2586,.F.);
#3348=ORIENTED_EDGE('',*,*,#2575,.F.);
#3349=ORIENTED_EDGE('',*,*,#2587,.F.);
#3350=ORIENTED_EDGE('',*,*,#2588,.T.);
#3351=ORIENTED_EDGE('',*,*,#2589,.F.);
#3352=ORIENTED_EDGE('',*,*,#2588,.F.);
#3353=ORIENTED_EDGE('',*,*,#2589,.T.);
#3354=ORIENTED_EDGE('',*,*,#2587,.T.);
#3355=ORIENTED_EDGE('',*,*,#2590,.F.);
#3356=ORIENTED_EDGE('',*,*,#2591,.T.);
#3357=ORIENTED_EDGE('',*,*,#2592,.F.);
#3358=ORIENTED_EDGE('',*,*,#2591,.F.);
#3359=ORIENTED_EDGE('',*,*,#2592,.T.);
#3360=ORIENTED_EDGE('',*,*,#2590,.T.);
#3361=ORIENTED_EDGE('',*,*,#2593,.F.);
#3362=ORIENTED_EDGE('',*,*,#2594,.F.);
#3363=ORIENTED_EDGE('',*,*,#2595,.F.);
#3364=ORIENTED_EDGE('',*,*,#2596,.F.);
#3365=ORIENTED_EDGE('',*,*,#2597,.F.);
#3366=ORIENTED_EDGE('',*,*,#2598,.F.);
#3367=ORIENTED_EDGE('',*,*,#2599,.F.);
#3368=ORIENTED_EDGE('',*,*,#2600,.F.);
#3369=ORIENTED_EDGE('',*,*,#2601,.F.);
#3370=ORIENTED_EDGE('',*,*,#2602,.F.);
#3371=ORIENTED_EDGE('',*,*,#2603,.F.);
#3372=ORIENTED_EDGE('',*,*,#2604,.F.);
#3373=ORIENTED_EDGE('',*,*,#2605,.F.);
#3374=ORIENTED_EDGE('',*,*,#2606,.T.);
#3375=ORIENTED_EDGE('',*,*,#2607,.F.);
#3376=ORIENTED_EDGE('',*,*,#2608,.F.);
#3377=ORIENTED_EDGE('',*,*,#2602,.T.);
#3378=ORIENTED_EDGE('',*,*,#2609,.F.);
#3379=ORIENTED_EDGE('',*,*,#2610,.F.);
#3380=ORIENTED_EDGE('',*,*,#2598,.T.);
#3381=ORIENTED_EDGE('',*,*,#2611,.F.);
#3382=ORIENTED_EDGE('',*,*,#2612,.F.);
#3383=ORIENTED_EDGE('',*,*,#2594,.T.);
#3384=ORIENTED_EDGE('',*,*,#2613,.F.);
#3385=ORIENTED_EDGE('',*,*,#2614,.F.);
#3386=ORIENTED_EDGE('',*,*,#2615,.F.);
#3387=ORIENTED_EDGE('',*,*,#2616,.F.);
#3388=ORIENTED_EDGE('',*,*,#2606,.F.);
#3389=ORIENTED_EDGE('',*,*,#2599,.T.);
#3390=ORIENTED_EDGE('',*,*,#2610,.T.);
#3391=ORIENTED_EDGE('',*,*,#2617,.T.);
#3392=ORIENTED_EDGE('',*,*,#2618,.F.);
#3393=ORIENTED_EDGE('',*,*,#2619,.F.);
#3394=ORIENTED_EDGE('',*,*,#2620,.F.);
#3395=ORIENTED_EDGE('',*,*,#2603,.T.);
#3396=ORIENTED_EDGE('',*,*,#2608,.T.);
#3397=ORIENTED_EDGE('',*,*,#2621,.T.);
#3398=ORIENTED_EDGE('',*,*,#2622,.F.);
#3399=ORIENTED_EDGE('',*,*,#2623,.F.);
#3400=ORIENTED_EDGE('',*,*,#2624,.T.);
#3401=ORIENTED_EDGE('',*,*,#2625,.T.);
#3402=ORIENTED_EDGE('',*,*,#2626,.F.);
#3403=ORIENTED_EDGE('',*,*,#2627,.F.);
#3404=ORIENTED_EDGE('',*,*,#2628,.F.);
#3405=ORIENTED_EDGE('',*,*,#2629,.F.);
#3406=ORIENTED_EDGE('',*,*,#2630,.F.);
#3407=ORIENTED_EDGE('',*,*,#2625,.F.);
#3408=ORIENTED_EDGE('',*,*,#2631,.F.);
#3409=ORIENTED_EDGE('',*,*,#2632,.F.);
#3410=ORIENTED_EDGE('',*,*,#2633,.F.);
#3411=ORIENTED_EDGE('',*,*,#2634,.F.);
#3412=ORIENTED_EDGE('',*,*,#2635,.T.);
#3413=ORIENTED_EDGE('',*,*,#2636,.T.);
#3414=ORIENTED_EDGE('',*,*,#2628,.T.);
#3415=ORIENTED_EDGE('',*,*,#2637,.F.);
#3416=ORIENTED_EDGE('',*,*,#2638,.F.);
#3417=ORIENTED_EDGE('',*,*,#2631,.T.);
#3418=ORIENTED_EDGE('',*,*,#2624,.F.);
#3419=ORIENTED_EDGE('',*,*,#2639,.F.);
#3420=ORIENTED_EDGE('',*,*,#2640,.F.);
#3421=ORIENTED_EDGE('',*,*,#2641,.T.);
#3422=ORIENTED_EDGE('',*,*,#2635,.F.);
#3423=ORIENTED_EDGE('',*,*,#2629,.T.);
#3424=ORIENTED_EDGE('',*,*,#2636,.F.);
#3425=ORIENTED_EDGE('',*,*,#2641,.F.);
#3426=ORIENTED_EDGE('',*,*,#2642,.F.);
#3427=ORIENTED_EDGE('',*,*,#2601,.T.);
#3428=ORIENTED_EDGE('',*,*,#2643,.F.);
#3429=ORIENTED_EDGE('',*,*,#2632,.T.);
#3430=ORIENTED_EDGE('',*,*,#2638,.T.);
#3431=ORIENTED_EDGE('',*,*,#2644,.T.);
#3432=ORIENTED_EDGE('',*,*,#2645,.F.);
#3433=ORIENTED_EDGE('',*,*,#2617,.F.);
#3434=ORIENTED_EDGE('',*,*,#2609,.T.);
#3435=ORIENTED_EDGE('',*,*,#2646,.T.);
#3436=ORIENTED_EDGE('',*,*,#2647,.T.);
#3437=ORIENTED_EDGE('',*,*,#2618,.T.);
#3438=ORIENTED_EDGE('',*,*,#2645,.T.);
#3439=ORIENTED_EDGE('',*,*,#2619,.T.);
#3440=ORIENTED_EDGE('',*,*,#2647,.F.);
#3441=ORIENTED_EDGE('',*,*,#2648,.F.);
#3442=ORIENTED_EDGE('',*,*,#2649,.F.);
#3443=ORIENTED_EDGE('',*,*,#2627,.T.);
#3444=ORIENTED_EDGE('',*,*,#2650,.F.);
#3445=ORIENTED_EDGE('',*,*,#2648,.T.);
#3446=ORIENTED_EDGE('',*,*,#2646,.F.);
#3447=ORIENTED_EDGE('',*,*,#2644,.F.);
#3448=ORIENTED_EDGE('',*,*,#2637,.T.);
#3449=ORIENTED_EDGE('',*,*,#2639,.T.);
#3450=ORIENTED_EDGE('',*,*,#2634,.T.);
#3451=ORIENTED_EDGE('',*,*,#2623,.T.);
#3452=ORIENTED_EDGE('',*,*,#2651,.F.);
#3453=ORIENTED_EDGE('',*,*,#2652,.F.);
#3454=ORIENTED_EDGE('',*,*,#2653,.F.);
#3455=ORIENTED_EDGE('',*,*,#2651,.T.);
#3456=ORIENTED_EDGE('',*,*,#2622,.T.);
#3457=ORIENTED_EDGE('',*,*,#2654,.T.);
#3458=ORIENTED_EDGE('',*,*,#2655,.T.);
#3459=ORIENTED_EDGE('',*,*,#2616,.T.);
#3460=ORIENTED_EDGE('',*,*,#2656,.F.);
#3461=ORIENTED_EDGE('',*,*,#2657,.T.);
#3462=ORIENTED_EDGE('',*,*,#2654,.F.);
#3463=ORIENTED_EDGE('',*,*,#2621,.F.);
#3464=ORIENTED_EDGE('',*,*,#2607,.T.);
#3465=ORIENTED_EDGE('',*,*,#2652,.T.);
#3466=ORIENTED_EDGE('',*,*,#2655,.F.);
#3467=ORIENTED_EDGE('',*,*,#2657,.F.);
#3468=ORIENTED_EDGE('',*,*,#2658,.F.);
#3469=ORIENTED_EDGE('',*,*,#2614,.T.);
#3470=ORIENTED_EDGE('',*,*,#2605,.T.);
#3471=ORIENTED_EDGE('',*,*,#2659,.T.);
#3472=ORIENTED_EDGE('',*,*,#2660,.F.);
#3473=ORIENTED_EDGE('',*,*,#2661,.F.);
#3474=ORIENTED_EDGE('',*,*,#2662,.F.);
#3475=ORIENTED_EDGE('',*,*,#2595,.T.);
#3476=ORIENTED_EDGE('',*,*,#2612,.T.);
#3477=ORIENTED_EDGE('',*,*,#2663,.T.);
#3478=ORIENTED_EDGE('',*,*,#2664,.F.);
#3479=ORIENTED_EDGE('',*,*,#2665,.F.);
#3480=ORIENTED_EDGE('',*,*,#2666,.T.);
#3481=ORIENTED_EDGE('',*,*,#2667,.T.);
#3482=ORIENTED_EDGE('',*,*,#2668,.F.);
#3483=ORIENTED_EDGE('',*,*,#2669,.F.);
#3484=ORIENTED_EDGE('',*,*,#2670,.F.);
#3485=ORIENTED_EDGE('',*,*,#2671,.F.);
#3486=ORIENTED_EDGE('',*,*,#2672,.F.);
#3487=ORIENTED_EDGE('',*,*,#2666,.F.);
#3488=ORIENTED_EDGE('',*,*,#2673,.F.);
#3489=ORIENTED_EDGE('',*,*,#2674,.T.);
#3490=ORIENTED_EDGE('',*,*,#2675,.F.);
#3491=ORIENTED_EDGE('',*,*,#2676,.F.);
#3492=ORIENTED_EDGE('',*,*,#2670,.T.);
#3493=ORIENTED_EDGE('',*,*,#2677,.F.);
#3494=ORIENTED_EDGE('',*,*,#2678,.F.);
#3495=ORIENTED_EDGE('',*,*,#2679,.T.);
#3496=ORIENTED_EDGE('',*,*,#2680,.F.);
#3497=ORIENTED_EDGE('',*,*,#2681,.F.);
#3498=ORIENTED_EDGE('',*,*,#2682,.T.);
#3499=ORIENTED_EDGE('',*,*,#2667,.F.);
#3500=ORIENTED_EDGE('',*,*,#2682,.F.);
#3501=ORIENTED_EDGE('',*,*,#2683,.F.);
#3502=ORIENTED_EDGE('',*,*,#2684,.F.);
#3503=ORIENTED_EDGE('',*,*,#2685,.F.);
#3504=ORIENTED_EDGE('',*,*,#2686,.F.);
#3505=ORIENTED_EDGE('',*,*,#2687,.F.);
#3506=ORIENTED_EDGE('',*,*,#2674,.F.);
#3507=ORIENTED_EDGE('',*,*,#2688,.F.);
#3508=ORIENTED_EDGE('',*,*,#2689,.F.);
#3509=ORIENTED_EDGE('',*,*,#2690,.F.);
#3510=ORIENTED_EDGE('',*,*,#2679,.F.);
#3511=ORIENTED_EDGE('',*,*,#2593,.T.);
#3512=ORIENTED_EDGE('',*,*,#2691,.F.);
#3513=ORIENTED_EDGE('',*,*,#2683,.T.);
#3514=ORIENTED_EDGE('',*,*,#2681,.T.);
#3515=ORIENTED_EDGE('',*,*,#2692,.T.);
#3516=ORIENTED_EDGE('',*,*,#2693,.F.);
#3517=ORIENTED_EDGE('',*,*,#2659,.F.);
#3518=ORIENTED_EDGE('',*,*,#2613,.T.);
#3519=ORIENTED_EDGE('',*,*,#2660,.T.);
#3520=ORIENTED_EDGE('',*,*,#2693,.T.);
#3521=ORIENTED_EDGE('',*,*,#2694,.T.);
#3522=ORIENTED_EDGE('',*,*,#2695,.T.);
#3523=ORIENTED_EDGE('',*,*,#2690,.T.);
#3524=ORIENTED_EDGE('',*,*,#2696,.F.);
#3525=ORIENTED_EDGE('',*,*,#2697,.T.);
#3526=ORIENTED_EDGE('',*,*,#2694,.F.);
#3527=ORIENTED_EDGE('',*,*,#2692,.F.);
#3528=ORIENTED_EDGE('',*,*,#2680,.T.);
#3529=ORIENTED_EDGE('',*,*,#2661,.T.);
#3530=ORIENTED_EDGE('',*,*,#2695,.F.);
#3531=ORIENTED_EDGE('',*,*,#2697,.F.);
#3532=ORIENTED_EDGE('',*,*,#2698,.F.);
#3533=ORIENTED_EDGE('',*,*,#2688,.T.);
#3534=ORIENTED_EDGE('',*,*,#2678,.T.);
#3535=ORIENTED_EDGE('',*,*,#2699,.T.);
#3536=ORIENTED_EDGE('',*,*,#2700,.F.);
#3537=ORIENTED_EDGE('',*,*,#2701,.F.);
#3538=ORIENTED_EDGE('',*,*,#2702,.F.);
#3539=ORIENTED_EDGE('',*,*,#2671,.T.);
#3540=ORIENTED_EDGE('',*,*,#2676,.T.);
#3541=ORIENTED_EDGE('',*,*,#2703,.T.);
#3542=ORIENTED_EDGE('',*,*,#2704,.F.);
#3543=ORIENTED_EDGE('',*,*,#2705,.F.);
#3544=ORIENTED_EDGE('',*,*,#2706,.T.);
#3545=ORIENTED_EDGE('',*,*,#2707,.T.);
#3546=ORIENTED_EDGE('',*,*,#2708,.F.);
#3547=ORIENTED_EDGE('',*,*,#2709,.F.);
#3548=ORIENTED_EDGE('',*,*,#2710,.F.);
#3549=ORIENTED_EDGE('',*,*,#2711,.F.);
#3550=ORIENTED_EDGE('',*,*,#2712,.F.);
#3551=ORIENTED_EDGE('',*,*,#2713,.F.);
#3552=ORIENTED_EDGE('',*,*,#2714,.F.);
#3553=ORIENTED_EDGE('',*,*,#2715,.T.);
#3554=ORIENTED_EDGE('',*,*,#2716,.F.);
#3555=ORIENTED_EDGE('',*,*,#2717,.F.);
#3556=ORIENTED_EDGE('',*,*,#2718,.T.);
#3557=ORIENTED_EDGE('',*,*,#2719,.F.);
#3558=ORIENTED_EDGE('',*,*,#2720,.F.);
#3559=ORIENTED_EDGE('',*,*,#2721,.T.);
#3560=ORIENTED_EDGE('',*,*,#2706,.F.);
#3561=ORIENTED_EDGE('',*,*,#2722,.F.);
#3562=ORIENTED_EDGE('',*,*,#2710,.T.);
#3563=ORIENTED_EDGE('',*,*,#2707,.F.);
#3564=ORIENTED_EDGE('',*,*,#2721,.F.);
#3565=ORIENTED_EDGE('',*,*,#2723,.F.);
#3566=ORIENTED_EDGE('',*,*,#2724,.F.);
#3567=ORIENTED_EDGE('',*,*,#2725,.F.);
#3568=ORIENTED_EDGE('',*,*,#2726,.F.);
#3569=ORIENTED_EDGE('',*,*,#2727,.F.);
#3570=ORIENTED_EDGE('',*,*,#2715,.F.);
#3571=ORIENTED_EDGE('',*,*,#2728,.F.);
#3572=ORIENTED_EDGE('',*,*,#2729,.F.);
#3573=ORIENTED_EDGE('',*,*,#2730,.F.);
#3574=ORIENTED_EDGE('',*,*,#2718,.F.);
#3575=ORIENTED_EDGE('',*,*,#2669,.T.);
#3576=ORIENTED_EDGE('',*,*,#2731,.F.);
#3577=ORIENTED_EDGE('',*,*,#2723,.T.);
#3578=ORIENTED_EDGE('',*,*,#2720,.T.);
#3579=ORIENTED_EDGE('',*,*,#2732,.T.);
#3580=ORIENTED_EDGE('',*,*,#2733,.F.);
#3581=ORIENTED_EDGE('',*,*,#2699,.F.);
#3582=ORIENTED_EDGE('',*,*,#2677,.T.);
#3583=ORIENTED_EDGE('',*,*,#2700,.T.);
#3584=ORIENTED_EDGE('',*,*,#2733,.T.);
#3585=ORIENTED_EDGE('',*,*,#2734,.T.);
#3586=ORIENTED_EDGE('',*,*,#2735,.T.);
#3587=ORIENTED_EDGE('',*,*,#2730,.T.);
#3588=ORIENTED_EDGE('',*,*,#2736,.F.);
#3589=ORIENTED_EDGE('',*,*,#2737,.T.);
#3590=ORIENTED_EDGE('',*,*,#2734,.F.);
#3591=ORIENTED_EDGE('',*,*,#2732,.F.);
#3592=ORIENTED_EDGE('',*,*,#2719,.T.);
#3593=ORIENTED_EDGE('',*,*,#2701,.T.);
#3594=ORIENTED_EDGE('',*,*,#2735,.F.);
#3595=ORIENTED_EDGE('',*,*,#2737,.F.);
#3596=ORIENTED_EDGE('',*,*,#2738,.F.);
#3597=ORIENTED_EDGE('',*,*,#2711,.T.);
#3598=ORIENTED_EDGE('',*,*,#2722,.T.);
#3599=ORIENTED_EDGE('',*,*,#2705,.T.);
#3600=ORIENTED_EDGE('',*,*,#2739,.F.);
#3601=ORIENTED_EDGE('',*,*,#2740,.F.);
#3602=ORIENTED_EDGE('',*,*,#2741,.F.);
#3603=ORIENTED_EDGE('',*,*,#2742,.T.);
#3604=ORIENTED_EDGE('',*,*,#2743,.T.);
#3605=ORIENTED_EDGE('',*,*,#2739,.T.);
#3606=ORIENTED_EDGE('',*,*,#2704,.T.);
#3607=ORIENTED_EDGE('',*,*,#2740,.T.);
#3608=ORIENTED_EDGE('',*,*,#2743,.F.);
#3609=ORIENTED_EDGE('',*,*,#2744,.F.);
#3610=ORIENTED_EDGE('',*,*,#2745,.F.);
#3611=ORIENTED_EDGE('',*,*,#2687,.T.);
#3612=ORIENTED_EDGE('',*,*,#2746,.F.);
#3613=ORIENTED_EDGE('',*,*,#2744,.T.);
#3614=ORIENTED_EDGE('',*,*,#2742,.F.);
#3615=ORIENTED_EDGE('',*,*,#2703,.F.);
#3616=ORIENTED_EDGE('',*,*,#2675,.T.);
#3617=ORIENTED_EDGE('',*,*,#2725,.T.);
#3618=ORIENTED_EDGE('',*,*,#2714,.T.);
#3619=ORIENTED_EDGE('',*,*,#2747,.T.);
#3620=ORIENTED_EDGE('',*,*,#2748,.F.);
#3621=ORIENTED_EDGE('',*,*,#2749,.F.);
#3622=ORIENTED_EDGE('',*,*,#2750,.T.);
#3623=ORIENTED_EDGE('',*,*,#2751,.T.);
#3624=ORIENTED_EDGE('',*,*,#2752,.F.);
#3625=ORIENTED_EDGE('',*,*,#2728,.T.);
#3626=ORIENTED_EDGE('',*,*,#2717,.T.);
#3627=ORIENTED_EDGE('',*,*,#2753,.T.);
#3628=ORIENTED_EDGE('',*,*,#2754,.F.);
#3629=ORIENTED_EDGE('',*,*,#2755,.F.);
#3630=ORIENTED_EDGE('',*,*,#2756,.F.);
#3631=ORIENTED_EDGE('',*,*,#2757,.F.);
#3632=ORIENTED_EDGE('',*,*,#2758,.F.);
#3633=ORIENTED_EDGE('',*,*,#2759,.F.);
#3634=ORIENTED_EDGE('',*,*,#2760,.F.);
#3635=ORIENTED_EDGE('',*,*,#2761,.F.);
#3636=ORIENTED_EDGE('',*,*,#2762,.F.);
#3637=ORIENTED_EDGE('',*,*,#2763,.T.);
#3638=ORIENTED_EDGE('',*,*,#2750,.F.);
#3639=ORIENTED_EDGE('',*,*,#2764,.F.);
#3640=ORIENTED_EDGE('',*,*,#2765,.T.);
#3641=ORIENTED_EDGE('',*,*,#2766,.T.);
#3642=ORIENTED_EDGE('',*,*,#2758,.T.);
#3643=ORIENTED_EDGE('',*,*,#2767,.F.);
#3644=ORIENTED_EDGE('',*,*,#2768,.F.);
#3645=ORIENTED_EDGE('',*,*,#2769,.T.);
#3646=ORIENTED_EDGE('',*,*,#2765,.F.);
#3647=ORIENTED_EDGE('',*,*,#2759,.T.);
#3648=ORIENTED_EDGE('',*,*,#2766,.F.);
#3649=ORIENTED_EDGE('',*,*,#2769,.F.);
#3650=ORIENTED_EDGE('',*,*,#2770,.F.);
#3651=ORIENTED_EDGE('',*,*,#2771,.F.);
#3652=ORIENTED_EDGE('',*,*,#2772,.F.);
#3653=ORIENTED_EDGE('',*,*,#2751,.F.);
#3654=ORIENTED_EDGE('',*,*,#2763,.F.);
#3655=ORIENTED_EDGE('',*,*,#2767,.T.);
#3656=ORIENTED_EDGE('',*,*,#2764,.T.);
#3657=ORIENTED_EDGE('',*,*,#2749,.T.);
#3658=ORIENTED_EDGE('',*,*,#2773,.F.);
#3659=ORIENTED_EDGE('',*,*,#2774,.F.);
#3660=ORIENTED_EDGE('',*,*,#2775,.F.);
#3661=ORIENTED_EDGE('',*,*,#2776,.T.);
#3662=ORIENTED_EDGE('',*,*,#2777,.T.);
#3663=ORIENTED_EDGE('',*,*,#2773,.T.);
#3664=ORIENTED_EDGE('',*,*,#2748,.T.);
#3665=ORIENTED_EDGE('',*,*,#2774,.T.);
#3666=ORIENTED_EDGE('',*,*,#2777,.F.);
#3667=ORIENTED_EDGE('',*,*,#2778,.F.);
#3668=ORIENTED_EDGE('',*,*,#2779,.F.);
#3669=ORIENTED_EDGE('',*,*,#2709,.T.);
#3670=ORIENTED_EDGE('',*,*,#2780,.F.);
#3671=ORIENTED_EDGE('',*,*,#2778,.T.);
#3672=ORIENTED_EDGE('',*,*,#2776,.F.);
#3673=ORIENTED_EDGE('',*,*,#2747,.F.);
#3674=ORIENTED_EDGE('',*,*,#2713,.T.);
#3675=ORIENTED_EDGE('',*,*,#2727,.T.);
#3676=ORIENTED_EDGE('',*,*,#2781,.F.);
#3677=ORIENTED_EDGE('',*,*,#2771,.T.);
#3678=ORIENTED_EDGE('',*,*,#2762,.T.);
#3679=ORIENTED_EDGE('',*,*,#2782,.T.);
#3680=ORIENTED_EDGE('',*,*,#2783,.F.);
#3681=ORIENTED_EDGE('',*,*,#2753,.F.);
#3682=ORIENTED_EDGE('',*,*,#2716,.T.);
#3683=ORIENTED_EDGE('',*,*,#2754,.T.);
#3684=ORIENTED_EDGE('',*,*,#2783,.T.);
#3685=ORIENTED_EDGE('',*,*,#2784,.T.);
#3686=ORIENTED_EDGE('',*,*,#2785,.T.);
#3687=ORIENTED_EDGE('',*,*,#2757,.T.);
#3688=ORIENTED_EDGE('',*,*,#2786,.F.);
#3689=ORIENTED_EDGE('',*,*,#2787,.T.);
#3690=ORIENTED_EDGE('',*,*,#2784,.F.);
#3691=ORIENTED_EDGE('',*,*,#2782,.F.);
#3692=ORIENTED_EDGE('',*,*,#2761,.T.);
#3693=ORIENTED_EDGE('',*,*,#2755,.T.);
#3694=ORIENTED_EDGE('',*,*,#2785,.F.);
#3695=ORIENTED_EDGE('',*,*,#2787,.F.);
#3696=ORIENTED_EDGE('',*,*,#2788,.F.);
#3697=ORIENTED_EDGE('',*,*,#2662,.T.);
#3698=ORIENTED_EDGE('',*,*,#2698,.T.);
#3699=ORIENTED_EDGE('',*,*,#2696,.T.);
#3700=ORIENTED_EDGE('',*,*,#2689,.T.);
#3701=ORIENTED_EDGE('',*,*,#2702,.T.);
#3702=ORIENTED_EDGE('',*,*,#2738,.T.);
#3703=ORIENTED_EDGE('',*,*,#2736,.T.);
#3704=ORIENTED_EDGE('',*,*,#2729,.T.);
#3705=ORIENTED_EDGE('',*,*,#2756,.T.);
#3706=ORIENTED_EDGE('',*,*,#2788,.T.);
#3707=ORIENTED_EDGE('',*,*,#2786,.T.);
#3708=ORIENTED_EDGE('',*,*,#2760,.T.);
#3709=ORIENTED_EDGE('',*,*,#2770,.T.);
#3710=ORIENTED_EDGE('',*,*,#2768,.T.);
#3711=ORIENTED_EDGE('',*,*,#2775,.T.);
#3712=ORIENTED_EDGE('',*,*,#2779,.T.);
#3713=ORIENTED_EDGE('',*,*,#2780,.T.);
#3714=ORIENTED_EDGE('',*,*,#2712,.T.);
#3715=ORIENTED_EDGE('',*,*,#2741,.T.);
#3716=ORIENTED_EDGE('',*,*,#2745,.T.);
#3717=ORIENTED_EDGE('',*,*,#2746,.T.);
#3718=ORIENTED_EDGE('',*,*,#2686,.T.);
#3719=ORIENTED_EDGE('',*,*,#2789,.T.);
#3720=ORIENTED_EDGE('',*,*,#2790,.T.);
#3721=ORIENTED_EDGE('',*,*,#2791,.T.);
#3722=ORIENTED_EDGE('',*,*,#2600,.T.);
#3723=ORIENTED_EDGE('',*,*,#2620,.T.);
#3724=ORIENTED_EDGE('',*,*,#2649,.T.);
#3725=ORIENTED_EDGE('',*,*,#2650,.T.);
#3726=ORIENTED_EDGE('',*,*,#2630,.T.);
#3727=ORIENTED_EDGE('',*,*,#2642,.T.);
#3728=ORIENTED_EDGE('',*,*,#2640,.T.);
#3729=ORIENTED_EDGE('',*,*,#2653,.T.);
#3730=ORIENTED_EDGE('',*,*,#2658,.T.);
#3731=ORIENTED_EDGE('',*,*,#2656,.T.);
#3732=ORIENTED_EDGE('',*,*,#2615,.T.);
#3733=ORIENTED_EDGE('',*,*,#2604,.T.);
#3734=ORIENTED_EDGE('',*,*,#2626,.T.);
#3735=ORIENTED_EDGE('',*,*,#2633,.T.);
#3736=ORIENTED_EDGE('',*,*,#2643,.T.);
#3737=ORIENTED_EDGE('',*,*,#2596,.T.);
#3738=ORIENTED_EDGE('',*,*,#2668,.T.);
#3739=ORIENTED_EDGE('',*,*,#2684,.T.);
#3740=ORIENTED_EDGE('',*,*,#2691,.T.);
#3741=ORIENTED_EDGE('',*,*,#2752,.T.);
#3742=ORIENTED_EDGE('',*,*,#2772,.T.);
#3743=ORIENTED_EDGE('',*,*,#2781,.T.);
#3744=ORIENTED_EDGE('',*,*,#2726,.T.);
#3745=ORIENTED_EDGE('',*,*,#2672,.T.);
#3746=ORIENTED_EDGE('',*,*,#2708,.T.);
#3747=ORIENTED_EDGE('',*,*,#2724,.T.);
#3748=ORIENTED_EDGE('',*,*,#2731,.T.);
#3749=ORIENTED_EDGE('',*,*,#2685,.T.);
#3750=ORIENTED_EDGE('',*,*,#2673,.T.);
#3751=ORIENTED_EDGE('',*,*,#2665,.T.);
#3752=ORIENTED_EDGE('',*,*,#2792,.F.);
#3753=ORIENTED_EDGE('',*,*,#2793,.F.);
#3754=ORIENTED_EDGE('',*,*,#2789,.F.);
#3755=ORIENTED_EDGE('',*,*,#2794,.T.);
#3756=ORIENTED_EDGE('',*,*,#2795,.T.);
#3757=ORIENTED_EDGE('',*,*,#2792,.T.);
#3758=ORIENTED_EDGE('',*,*,#2664,.T.);
#3759=ORIENTED_EDGE('',*,*,#2793,.T.);
#3760=ORIENTED_EDGE('',*,*,#2795,.F.);
#3761=ORIENTED_EDGE('',*,*,#2796,.F.);
#3762=ORIENTED_EDGE('',*,*,#2790,.F.);
#3763=ORIENTED_EDGE('',*,*,#2597,.T.);
#3764=ORIENTED_EDGE('',*,*,#2791,.F.);
#3765=ORIENTED_EDGE('',*,*,#2796,.T.);
#3766=ORIENTED_EDGE('',*,*,#2794,.F.);
#3767=ORIENTED_EDGE('',*,*,#2663,.F.);
#3768=ORIENTED_EDGE('',*,*,#2611,.T.);
#3769=ORIENTED_EDGE('',*,*,#2797,.F.);
#3770=ORIENTED_EDGE('',*,*,#2798,.T.);
#3771=ORIENTED_EDGE('',*,*,#2799,.F.);
#3772=ORIENTED_EDGE('',*,*,#2798,.F.);
#3773=ORIENTED_EDGE('',*,*,#2800,.F.);
#3774=ORIENTED_EDGE('',*,*,#2801,.T.);
#3775=ORIENTED_EDGE('',*,*,#2802,.F.);
#3776=ORIENTED_EDGE('',*,*,#2801,.F.);
#3777=ORIENTED_EDGE('',*,*,#2803,.F.);
#3778=ORIENTED_EDGE('',*,*,#2804,.T.);
#3779=ORIENTED_EDGE('',*,*,#2805,.F.);
#3780=ORIENTED_EDGE('',*,*,#2804,.F.);
#3781=ORIENTED_EDGE('',*,*,#2806,.F.);
#3782=ORIENTED_EDGE('',*,*,#2807,.T.);
#3783=ORIENTED_EDGE('',*,*,#2808,.F.);
#3784=ORIENTED_EDGE('',*,*,#2807,.F.);
#3785=ORIENTED_EDGE('',*,*,#2809,.T.);
#3786=ORIENTED_EDGE('',*,*,#2810,.F.);
#3787=ORIENTED_EDGE('',*,*,#2811,.F.);
#3788=ORIENTED_EDGE('',*,*,#2812,.F.);
#3789=ORIENTED_EDGE('',*,*,#2813,.T.);
#3790=ORIENTED_EDGE('',*,*,#2814,.T.);
#3791=ORIENTED_EDGE('',*,*,#2815,.T.);
#3792=ORIENTED_EDGE('',*,*,#2816,.T.);
#3793=ORIENTED_EDGE('',*,*,#2817,.T.);
#3794=ORIENTED_EDGE('',*,*,#2818,.T.);
#3795=ORIENTED_EDGE('',*,*,#2819,.T.);
#3796=ORIENTED_EDGE('',*,*,#2812,.T.);
#3797=ORIENTED_EDGE('',*,*,#2799,.T.);
#3798=ORIENTED_EDGE('',*,*,#2802,.T.);
#3799=ORIENTED_EDGE('',*,*,#2805,.T.);
#3800=ORIENTED_EDGE('',*,*,#2808,.T.);
#3801=ORIENTED_EDGE('',*,*,#2820,.T.);
#3802=ORIENTED_EDGE('',*,*,#2821,.F.);
#3803=ORIENTED_EDGE('',*,*,#2822,.F.);
#3804=ORIENTED_EDGE('',*,*,#2818,.F.);
#3805=ORIENTED_EDGE('',*,*,#2823,.F.);
#3806=ORIENTED_EDGE('',*,*,#2814,.F.);
#3807=ORIENTED_EDGE('',*,*,#2824,.T.);
#3808=ORIENTED_EDGE('',*,*,#2825,.F.);
#3809=ORIENTED_EDGE('',*,*,#2826,.T.);
#3810=ORIENTED_EDGE('',*,*,#2821,.T.);
#3811=ORIENTED_EDGE('',*,*,#2827,.T.);
#3812=ORIENTED_EDGE('',*,*,#2828,.T.);
#3813=ORIENTED_EDGE('',*,*,#2829,.T.);
#3814=ORIENTED_EDGE('',*,*,#2825,.T.);
#3815=ORIENTED_EDGE('',*,*,#2830,.T.);
#3816=ORIENTED_EDGE('',*,*,#2810,.T.);
#3817=ORIENTED_EDGE('',*,*,#2797,.T.);
#3818=ORIENTED_EDGE('',*,*,#2800,.T.);
#3819=ORIENTED_EDGE('',*,*,#2803,.T.);
#3820=ORIENTED_EDGE('',*,*,#2806,.T.);
#3821=ORIENTED_EDGE('',*,*,#2831,.F.);
#3822=ORIENTED_EDGE('',*,*,#2816,.F.);
#3823=ORIENTED_EDGE('',*,*,#2832,.T.);
#3824=ORIENTED_EDGE('',*,*,#2828,.F.);
#3825=ORIENTED_EDGE('',*,*,#2823,.T.);
#3826=ORIENTED_EDGE('',*,*,#2829,.F.);
#3827=ORIENTED_EDGE('',*,*,#2832,.F.);
#3828=ORIENTED_EDGE('',*,*,#2815,.F.);
#3829=ORIENTED_EDGE('',*,*,#2822,.T.);
#3830=ORIENTED_EDGE('',*,*,#2826,.F.);
#3831=ORIENTED_EDGE('',*,*,#2809,.F.);
#3832=ORIENTED_EDGE('',*,*,#2819,.F.);
#3833=ORIENTED_EDGE('',*,*,#2831,.T.);
#3834=ORIENTED_EDGE('',*,*,#2827,.F.);
#3835=ORIENTED_EDGE('',*,*,#2820,.F.);
#3836=ORIENTED_EDGE('',*,*,#2817,.F.);
#3837=ORIENTED_EDGE('',*,*,#2811,.T.);
#3838=ORIENTED_EDGE('',*,*,#2830,.F.);
#3839=ORIENTED_EDGE('',*,*,#2824,.F.);
#3840=ORIENTED_EDGE('',*,*,#2813,.F.);
#3841=ORIENTED_EDGE('',*,*,#2833,.T.);
#3842=ORIENTED_EDGE('',*,*,#2834,.T.);
#3843=ORIENTED_EDGE('',*,*,#2835,.F.);
#3844=ORIENTED_EDGE('',*,*,#2834,.F.);
#3845=ORIENTED_EDGE('',*,*,#2833,.F.);
#3846=ORIENTED_EDGE('',*,*,#2836,.F.);
#3847=ORIENTED_EDGE('',*,*,#2837,.T.);
#3848=ORIENTED_EDGE('',*,*,#2838,.F.);
#3849=ORIENTED_EDGE('',*,*,#2837,.F.);
#3850=ORIENTED_EDGE('',*,*,#2838,.T.);
#3851=ORIENTED_EDGE('',*,*,#2839,.T.);
#3852=ORIENTED_EDGE('',*,*,#2840,.T.);
#3853=ORIENTED_EDGE('',*,*,#2841,.T.);
#3854=ORIENTED_EDGE('',*,*,#2842,.T.);
#3855=ORIENTED_EDGE('',*,*,#2843,.T.);
#3856=ORIENTED_EDGE('',*,*,#2844,.T.);
#3857=ORIENTED_EDGE('',*,*,#2845,.T.);
#3858=ORIENTED_EDGE('',*,*,#2846,.T.);
#3859=ORIENTED_EDGE('',*,*,#2843,.F.);
#3860=ORIENTED_EDGE('',*,*,#2847,.T.);
#3861=ORIENTED_EDGE('',*,*,#2848,.F.);
#3862=ORIENTED_EDGE('',*,*,#2849,.T.);
#3863=ORIENTED_EDGE('',*,*,#2845,.F.);
#3864=ORIENTED_EDGE('',*,*,#2850,.T.);
#3865=ORIENTED_EDGE('',*,*,#2851,.T.);
#3866=ORIENTED_EDGE('',*,*,#2852,.T.);
#3867=ORIENTED_EDGE('',*,*,#2846,.F.);
#3868=ORIENTED_EDGE('',*,*,#2852,.F.);
#3869=ORIENTED_EDGE('',*,*,#2853,.F.);
#3870=ORIENTED_EDGE('',*,*,#2840,.F.);
#3871=ORIENTED_EDGE('',*,*,#2854,.F.);
#3872=ORIENTED_EDGE('',*,*,#2847,.F.);
#3873=ORIENTED_EDGE('',*,*,#2836,.T.);
#3874=ORIENTED_EDGE('',*,*,#2841,.F.);
#3875=ORIENTED_EDGE('',*,*,#2853,.T.);
#3876=ORIENTED_EDGE('',*,*,#2851,.F.);
#3877=ORIENTED_EDGE('',*,*,#2855,.T.);
#3878=ORIENTED_EDGE('',*,*,#2839,.F.);
#3879=ORIENTED_EDGE('',*,*,#2856,.T.);
#3880=ORIENTED_EDGE('',*,*,#2848,.T.);
#3881=ORIENTED_EDGE('',*,*,#2854,.T.);
#3882=ORIENTED_EDGE('',*,*,#2844,.F.);
#3883=ORIENTED_EDGE('',*,*,#2849,.F.);
#3884=ORIENTED_EDGE('',*,*,#2856,.F.);
#3885=ORIENTED_EDGE('',*,*,#2842,.F.);
#3886=ORIENTED_EDGE('',*,*,#2855,.F.);
#3887=ORIENTED_EDGE('',*,*,#2850,.F.);
#3888=ORIENTED_EDGE('',*,*,#2835,.T.);
#3889=ORIENTED_EDGE('',*,*,#2857,.T.);
#3890=ORIENTED_EDGE('',*,*,#2858,.T.);
#3891=ORIENTED_EDGE('',*,*,#2859,.F.);
#3892=ORIENTED_EDGE('',*,*,#2858,.F.);
#3893=ORIENTED_EDGE('',*,*,#2857,.F.);
#3894=ORIENTED_EDGE('',*,*,#2860,.F.);
#3895=ORIENTED_EDGE('',*,*,#2861,.T.);
#3896=ORIENTED_EDGE('',*,*,#2862,.F.);
#3897=ORIENTED_EDGE('',*,*,#2861,.F.);
#3898=ORIENTED_EDGE('',*,*,#2862,.T.);
#3899=ORIENTED_EDGE('',*,*,#2863,.T.);
#3900=ORIENTED_EDGE('',*,*,#2864,.T.);
#3901=ORIENTED_EDGE('',*,*,#2865,.T.);
#3902=ORIENTED_EDGE('',*,*,#2866,.T.);
#3903=ORIENTED_EDGE('',*,*,#2867,.T.);
#3904=ORIENTED_EDGE('',*,*,#2868,.T.);
#3905=ORIENTED_EDGE('',*,*,#2869,.T.);
#3906=ORIENTED_EDGE('',*,*,#2870,.T.);
#3907=ORIENTED_EDGE('',*,*,#2867,.F.);
#3908=ORIENTED_EDGE('',*,*,#2871,.T.);
#3909=ORIENTED_EDGE('',*,*,#2872,.F.);
#3910=ORIENTED_EDGE('',*,*,#2873,.T.);
#3911=ORIENTED_EDGE('',*,*,#2869,.F.);
#3912=ORIENTED_EDGE('',*,*,#2874,.T.);
#3913=ORIENTED_EDGE('',*,*,#2875,.T.);
#3914=ORIENTED_EDGE('',*,*,#2876,.T.);
#3915=ORIENTED_EDGE('',*,*,#2870,.F.);
#3916=ORIENTED_EDGE('',*,*,#2876,.F.);
#3917=ORIENTED_EDGE('',*,*,#2877,.F.);
#3918=ORIENTED_EDGE('',*,*,#2864,.F.);
#3919=ORIENTED_EDGE('',*,*,#2878,.F.);
#3920=ORIENTED_EDGE('',*,*,#2871,.F.);
#3921=ORIENTED_EDGE('',*,*,#2860,.T.);
#3922=ORIENTED_EDGE('',*,*,#2865,.F.);
#3923=ORIENTED_EDGE('',*,*,#2877,.T.);
#3924=ORIENTED_EDGE('',*,*,#2875,.F.);
#3925=ORIENTED_EDGE('',*,*,#2879,.T.);
#3926=ORIENTED_EDGE('',*,*,#2863,.F.);
#3927=ORIENTED_EDGE('',*,*,#2880,.T.);
#3928=ORIENTED_EDGE('',*,*,#2872,.T.);
#3929=ORIENTED_EDGE('',*,*,#2878,.T.);
#3930=ORIENTED_EDGE('',*,*,#2868,.F.);
#3931=ORIENTED_EDGE('',*,*,#2873,.F.);
#3932=ORIENTED_EDGE('',*,*,#2880,.F.);
#3933=ORIENTED_EDGE('',*,*,#2866,.F.);
#3934=ORIENTED_EDGE('',*,*,#2879,.F.);
#3935=ORIENTED_EDGE('',*,*,#2874,.F.);
#3936=ORIENTED_EDGE('',*,*,#2859,.T.);
#3937=ORIENTED_EDGE('',*,*,#2881,.T.);
#3938=ORIENTED_EDGE('',*,*,#2882,.T.);
#3939=ORIENTED_EDGE('',*,*,#2883,.F.);
#3940=ORIENTED_EDGE('',*,*,#2882,.F.);
#3941=ORIENTED_EDGE('',*,*,#2881,.F.);
#3942=ORIENTED_EDGE('',*,*,#2884,.F.);
#3943=ORIENTED_EDGE('',*,*,#2885,.T.);
#3944=ORIENTED_EDGE('',*,*,#2886,.F.);
#3945=ORIENTED_EDGE('',*,*,#2885,.F.);
#3946=ORIENTED_EDGE('',*,*,#2886,.T.);
#3947=ORIENTED_EDGE('',*,*,#2887,.T.);
#3948=ORIENTED_EDGE('',*,*,#2888,.T.);
#3949=ORIENTED_EDGE('',*,*,#2889,.T.);
#3950=ORIENTED_EDGE('',*,*,#2890,.T.);
#3951=ORIENTED_EDGE('',*,*,#2891,.T.);
#3952=ORIENTED_EDGE('',*,*,#2892,.T.);
#3953=ORIENTED_EDGE('',*,*,#2893,.T.);
#3954=ORIENTED_EDGE('',*,*,#2894,.T.);
#3955=ORIENTED_EDGE('',*,*,#2891,.F.);
#3956=ORIENTED_EDGE('',*,*,#2895,.T.);
#3957=ORIENTED_EDGE('',*,*,#2896,.F.);
#3958=ORIENTED_EDGE('',*,*,#2897,.T.);
#3959=ORIENTED_EDGE('',*,*,#2893,.F.);
#3960=ORIENTED_EDGE('',*,*,#2898,.T.);
#3961=ORIENTED_EDGE('',*,*,#2899,.T.);
#3962=ORIENTED_EDGE('',*,*,#2900,.T.);
#3963=ORIENTED_EDGE('',*,*,#2894,.F.);
#3964=ORIENTED_EDGE('',*,*,#2900,.F.);
#3965=ORIENTED_EDGE('',*,*,#2901,.F.);
#3966=ORIENTED_EDGE('',*,*,#2888,.F.);
#3967=ORIENTED_EDGE('',*,*,#2902,.F.);
#3968=ORIENTED_EDGE('',*,*,#2895,.F.);
#3969=ORIENTED_EDGE('',*,*,#2884,.T.);
#3970=ORIENTED_EDGE('',*,*,#2889,.F.);
#3971=ORIENTED_EDGE('',*,*,#2901,.T.);
#3972=ORIENTED_EDGE('',*,*,#2899,.F.);
#3973=ORIENTED_EDGE('',*,*,#2903,.T.);
#3974=ORIENTED_EDGE('',*,*,#2887,.F.);
#3975=ORIENTED_EDGE('',*,*,#2904,.T.);
#3976=ORIENTED_EDGE('',*,*,#2896,.T.);
#3977=ORIENTED_EDGE('',*,*,#2902,.T.);
#3978=ORIENTED_EDGE('',*,*,#2892,.F.);
#3979=ORIENTED_EDGE('',*,*,#2897,.F.);
#3980=ORIENTED_EDGE('',*,*,#2904,.F.);
#3981=ORIENTED_EDGE('',*,*,#2890,.F.);
#3982=ORIENTED_EDGE('',*,*,#2903,.F.);
#3983=ORIENTED_EDGE('',*,*,#2898,.F.);
#3984=ORIENTED_EDGE('',*,*,#2883,.T.);
#3985=ORIENTED_EDGE('',*,*,#2905,.T.);
#3986=ORIENTED_EDGE('',*,*,#2906,.T.);
#3987=ORIENTED_EDGE('',*,*,#2907,.F.);
#3988=ORIENTED_EDGE('',*,*,#2906,.F.);
#3989=ORIENTED_EDGE('',*,*,#2905,.F.);
#3990=ORIENTED_EDGE('',*,*,#2908,.F.);
#3991=ORIENTED_EDGE('',*,*,#2909,.T.);
#3992=ORIENTED_EDGE('',*,*,#2910,.F.);
#3993=ORIENTED_EDGE('',*,*,#2909,.F.);
#3994=ORIENTED_EDGE('',*,*,#2910,.T.);
#3995=ORIENTED_EDGE('',*,*,#2911,.T.);
#3996=ORIENTED_EDGE('',*,*,#2912,.T.);
#3997=ORIENTED_EDGE('',*,*,#2913,.T.);
#3998=ORIENTED_EDGE('',*,*,#2914,.T.);
#3999=ORIENTED_EDGE('',*,*,#2915,.T.);
#4000=ORIENTED_EDGE('',*,*,#2916,.T.);
#4001=ORIENTED_EDGE('',*,*,#2917,.T.);
#4002=ORIENTED_EDGE('',*,*,#2918,.T.);
#4003=ORIENTED_EDGE('',*,*,#2915,.F.);
#4004=ORIENTED_EDGE('',*,*,#2919,.T.);
#4005=ORIENTED_EDGE('',*,*,#2920,.F.);
#4006=ORIENTED_EDGE('',*,*,#2921,.T.);
#4007=ORIENTED_EDGE('',*,*,#2917,.F.);
#4008=ORIENTED_EDGE('',*,*,#2922,.T.);
#4009=ORIENTED_EDGE('',*,*,#2923,.T.);
#4010=ORIENTED_EDGE('',*,*,#2924,.T.);
#4011=ORIENTED_EDGE('',*,*,#2918,.F.);
#4012=ORIENTED_EDGE('',*,*,#2924,.F.);
#4013=ORIENTED_EDGE('',*,*,#2925,.F.);
#4014=ORIENTED_EDGE('',*,*,#2912,.F.);
#4015=ORIENTED_EDGE('',*,*,#2926,.F.);
#4016=ORIENTED_EDGE('',*,*,#2919,.F.);
#4017=ORIENTED_EDGE('',*,*,#2908,.T.);
#4018=ORIENTED_EDGE('',*,*,#2913,.F.);
#4019=ORIENTED_EDGE('',*,*,#2925,.T.);
#4020=ORIENTED_EDGE('',*,*,#2923,.F.);
#4021=ORIENTED_EDGE('',*,*,#2927,.T.);
#4022=ORIENTED_EDGE('',*,*,#2911,.F.);
#4023=ORIENTED_EDGE('',*,*,#2928,.T.);
#4024=ORIENTED_EDGE('',*,*,#2920,.T.);
#4025=ORIENTED_EDGE('',*,*,#2926,.T.);
#4026=ORIENTED_EDGE('',*,*,#2916,.F.);
#4027=ORIENTED_EDGE('',*,*,#2921,.F.);
#4028=ORIENTED_EDGE('',*,*,#2928,.F.);
#4029=ORIENTED_EDGE('',*,*,#2914,.F.);
#4030=ORIENTED_EDGE('',*,*,#2927,.F.);
#4031=ORIENTED_EDGE('',*,*,#2922,.F.);
#4032=ORIENTED_EDGE('',*,*,#2907,.T.);
#4033=ORIENTED_EDGE('',*,*,#2929,.F.);
#4034=ORIENTED_EDGE('',*,*,#2930,.F.);
#4035=ORIENTED_EDGE('',*,*,#2931,.F.);
#4036=ORIENTED_EDGE('',*,*,#2932,.F.);
#4037=ORIENTED_EDGE('',*,*,#2933,.F.);
#4038=ORIENTED_EDGE('',*,*,#2932,.T.);
#4039=ORIENTED_EDGE('',*,*,#2934,.F.);
#4040=ORIENTED_EDGE('',*,*,#2935,.F.);
#4041=ORIENTED_EDGE('',*,*,#2936,.F.);
#4042=ORIENTED_EDGE('',*,*,#2935,.T.);
#4043=ORIENTED_EDGE('',*,*,#2937,.F.);
#4044=ORIENTED_EDGE('',*,*,#2938,.T.);
#4045=ORIENTED_EDGE('',*,*,#2939,.F.);
#4046=ORIENTED_EDGE('',*,*,#2938,.F.);
#4047=ORIENTED_EDGE('',*,*,#2940,.F.);
#4048=ORIENTED_EDGE('',*,*,#2941,.F.);
#4049=ORIENTED_EDGE('',*,*,#2942,.F.);
#4050=ORIENTED_EDGE('',*,*,#2941,.T.);
#4051=ORIENTED_EDGE('',*,*,#2943,.F.);
#4052=ORIENTED_EDGE('',*,*,#2944,.F.);
#4053=ORIENTED_EDGE('',*,*,#2940,.T.);
#4054=ORIENTED_EDGE('',*,*,#2937,.T.);
#4055=ORIENTED_EDGE('',*,*,#2934,.T.);
#4056=ORIENTED_EDGE('',*,*,#2931,.T.);
#4057=ORIENTED_EDGE('',*,*,#2945,.T.);
#4058=ORIENTED_EDGE('',*,*,#2943,.T.);
#4059=ORIENTED_EDGE('',*,*,#2946,.F.);
#4060=ORIENTED_EDGE('',*,*,#2944,.T.);
#4061=ORIENTED_EDGE('',*,*,#2945,.F.);
#4062=ORIENTED_EDGE('',*,*,#2930,.T.);
#4063=ORIENTED_EDGE('',*,*,#2947,.T.);
#4064=ORIENTED_EDGE('',*,*,#2948,.T.);
#4065=ORIENTED_EDGE('',*,*,#2949,.F.);
#4066=ORIENTED_EDGE('',*,*,#2950,.T.);
#4067=ORIENTED_EDGE('',*,*,#2947,.F.);
#4068=ORIENTED_EDGE('',*,*,#2950,.F.);
#4069=ORIENTED_EDGE('',*,*,#2949,.T.);
#4070=ORIENTED_EDGE('',*,*,#2939,.T.);
#4071=ORIENTED_EDGE('',*,*,#2942,.T.);
#4072=ORIENTED_EDGE('',*,*,#2946,.T.);
#4073=ORIENTED_EDGE('',*,*,#2929,.T.);
#4074=ORIENTED_EDGE('',*,*,#2933,.T.);
#4075=ORIENTED_EDGE('',*,*,#2936,.T.);
#4076=ORIENTED_EDGE('',*,*,#2948,.F.);
#4077=ORIENTED_EDGE('',*,*,#2951,.T.);
#4078=ORIENTED_EDGE('',*,*,#2952,.F.);
#4079=ORIENTED_EDGE('',*,*,#2951,.F.);
#4080=ORIENTED_EDGE('',*,*,#2952,.T.);
#4081=ORIENTED_EDGE('',*,*,#2953,.F.);
#4082=ORIENTED_EDGE('',*,*,#2954,.F.);
#4083=ORIENTED_EDGE('',*,*,#2955,.F.);
#4084=ORIENTED_EDGE('',*,*,#2956,.F.);
#4085=ORIENTED_EDGE('',*,*,#2957,.F.);
#4086=ORIENTED_EDGE('',*,*,#2956,.T.);
#4087=ORIENTED_EDGE('',*,*,#2958,.F.);
#4088=ORIENTED_EDGE('',*,*,#2959,.F.);
#4089=ORIENTED_EDGE('',*,*,#2960,.F.);
#4090=ORIENTED_EDGE('',*,*,#2959,.T.);
#4091=ORIENTED_EDGE('',*,*,#2961,.F.);
#4092=ORIENTED_EDGE('',*,*,#2962,.T.);
#4093=ORIENTED_EDGE('',*,*,#2963,.F.);
#4094=ORIENTED_EDGE('',*,*,#2962,.F.);
#4095=ORIENTED_EDGE('',*,*,#2964,.F.);
#4096=ORIENTED_EDGE('',*,*,#2965,.F.);
#4097=ORIENTED_EDGE('',*,*,#2966,.F.);
#4098=ORIENTED_EDGE('',*,*,#2965,.T.);
#4099=ORIENTED_EDGE('',*,*,#2967,.F.);
#4100=ORIENTED_EDGE('',*,*,#2968,.F.);
#4101=ORIENTED_EDGE('',*,*,#2964,.T.);
#4102=ORIENTED_EDGE('',*,*,#2961,.T.);
#4103=ORIENTED_EDGE('',*,*,#2958,.T.);
#4104=ORIENTED_EDGE('',*,*,#2955,.T.);
#4105=ORIENTED_EDGE('',*,*,#2969,.T.);
#4106=ORIENTED_EDGE('',*,*,#2967,.T.);
#4107=ORIENTED_EDGE('',*,*,#2970,.F.);
#4108=ORIENTED_EDGE('',*,*,#2968,.T.);
#4109=ORIENTED_EDGE('',*,*,#2969,.F.);
#4110=ORIENTED_EDGE('',*,*,#2954,.T.);
#4111=ORIENTED_EDGE('',*,*,#2971,.T.);
#4112=ORIENTED_EDGE('',*,*,#2972,.T.);
#4113=ORIENTED_EDGE('',*,*,#2973,.F.);
#4114=ORIENTED_EDGE('',*,*,#2974,.T.);
#4115=ORIENTED_EDGE('',*,*,#2971,.F.);
#4116=ORIENTED_EDGE('',*,*,#2974,.F.);
#4117=ORIENTED_EDGE('',*,*,#2973,.T.);
#4118=ORIENTED_EDGE('',*,*,#2963,.T.);
#4119=ORIENTED_EDGE('',*,*,#2966,.T.);
#4120=ORIENTED_EDGE('',*,*,#2970,.T.);
#4121=ORIENTED_EDGE('',*,*,#2953,.T.);
#4122=ORIENTED_EDGE('',*,*,#2957,.T.);
#4123=ORIENTED_EDGE('',*,*,#2960,.T.);
#4124=ORIENTED_EDGE('',*,*,#2972,.F.);
#4125=ORIENTED_EDGE('',*,*,#2975,.T.);
#4126=ORIENTED_EDGE('',*,*,#2976,.F.);
#4127=ORIENTED_EDGE('',*,*,#2975,.F.);
#4128=ORIENTED_EDGE('',*,*,#2976,.T.);
#4129=ORIENTED_EDGE('',*,*,#2977,.F.);
#4130=ORIENTED_EDGE('',*,*,#2978,.F.);
#4131=ORIENTED_EDGE('',*,*,#2979,.F.);
#4132=ORIENTED_EDGE('',*,*,#2980,.F.);
#4133=ORIENTED_EDGE('',*,*,#2981,.F.);
#4134=ORIENTED_EDGE('',*,*,#2980,.T.);
#4135=ORIENTED_EDGE('',*,*,#2982,.F.);
#4136=ORIENTED_EDGE('',*,*,#2983,.F.);
#4137=ORIENTED_EDGE('',*,*,#2984,.F.);
#4138=ORIENTED_EDGE('',*,*,#2983,.T.);
#4139=ORIENTED_EDGE('',*,*,#2985,.F.);
#4140=ORIENTED_EDGE('',*,*,#2986,.T.);
#4141=ORIENTED_EDGE('',*,*,#2987,.F.);
#4142=ORIENTED_EDGE('',*,*,#2986,.F.);
#4143=ORIENTED_EDGE('',*,*,#2988,.F.);
#4144=ORIENTED_EDGE('',*,*,#2989,.F.);
#4145=ORIENTED_EDGE('',*,*,#2990,.F.);
#4146=ORIENTED_EDGE('',*,*,#2989,.T.);
#4147=ORIENTED_EDGE('',*,*,#2991,.F.);
#4148=ORIENTED_EDGE('',*,*,#2992,.F.);
#4149=ORIENTED_EDGE('',*,*,#2988,.T.);
#4150=ORIENTED_EDGE('',*,*,#2985,.T.);
#4151=ORIENTED_EDGE('',*,*,#2982,.T.);
#4152=ORIENTED_EDGE('',*,*,#2979,.T.);
#4153=ORIENTED_EDGE('',*,*,#2993,.T.);
#4154=ORIENTED_EDGE('',*,*,#2991,.T.);
#4155=ORIENTED_EDGE('',*,*,#2994,.F.);
#4156=ORIENTED_EDGE('',*,*,#2992,.T.);
#4157=ORIENTED_EDGE('',*,*,#2993,.F.);
#4158=ORIENTED_EDGE('',*,*,#2978,.T.);
#4159=ORIENTED_EDGE('',*,*,#2995,.T.);
#4160=ORIENTED_EDGE('',*,*,#2996,.T.);
#4161=ORIENTED_EDGE('',*,*,#2997,.F.);
#4162=ORIENTED_EDGE('',*,*,#2998,.T.);
#4163=ORIENTED_EDGE('',*,*,#2995,.F.);
#4164=ORIENTED_EDGE('',*,*,#2998,.F.);
#4165=ORIENTED_EDGE('',*,*,#2997,.T.);
#4166=ORIENTED_EDGE('',*,*,#2987,.T.);
#4167=ORIENTED_EDGE('',*,*,#2990,.T.);
#4168=ORIENTED_EDGE('',*,*,#2994,.T.);
#4169=ORIENTED_EDGE('',*,*,#2977,.T.);
#4170=ORIENTED_EDGE('',*,*,#2981,.T.);
#4171=ORIENTED_EDGE('',*,*,#2984,.T.);
#4172=ORIENTED_EDGE('',*,*,#2996,.F.);
#4173=ORIENTED_EDGE('',*,*,#2999,.T.);
#4174=ORIENTED_EDGE('',*,*,#3000,.F.);
#4175=ORIENTED_EDGE('',*,*,#2999,.F.);
#4176=ORIENTED_EDGE('',*,*,#3000,.T.);
#4177=ORIENTED_EDGE('',*,*,#3001,.F.);
#4178=ORIENTED_EDGE('',*,*,#3002,.F.);
#4179=ORIENTED_EDGE('',*,*,#3003,.F.);
#4180=ORIENTED_EDGE('',*,*,#3004,.F.);
#4181=ORIENTED_EDGE('',*,*,#3005,.F.);
#4182=ORIENTED_EDGE('',*,*,#3004,.T.);
#4183=ORIENTED_EDGE('',*,*,#3006,.F.);
#4184=ORIENTED_EDGE('',*,*,#3007,.F.);
#4185=ORIENTED_EDGE('',*,*,#3008,.F.);
#4186=ORIENTED_EDGE('',*,*,#3007,.T.);
#4187=ORIENTED_EDGE('',*,*,#3009,.F.);
#4188=ORIENTED_EDGE('',*,*,#3010,.T.);
#4189=ORIENTED_EDGE('',*,*,#3011,.F.);
#4190=ORIENTED_EDGE('',*,*,#3010,.F.);
#4191=ORIENTED_EDGE('',*,*,#3012,.F.);
#4192=ORIENTED_EDGE('',*,*,#3013,.F.);
#4193=ORIENTED_EDGE('',*,*,#3014,.F.);
#4194=ORIENTED_EDGE('',*,*,#3013,.T.);
#4195=ORIENTED_EDGE('',*,*,#3015,.F.);
#4196=ORIENTED_EDGE('',*,*,#3016,.F.);
#4197=ORIENTED_EDGE('',*,*,#3012,.T.);
#4198=ORIENTED_EDGE('',*,*,#3009,.T.);
#4199=ORIENTED_EDGE('',*,*,#3006,.T.);
#4200=ORIENTED_EDGE('',*,*,#3003,.T.);
#4201=ORIENTED_EDGE('',*,*,#3017,.T.);
#4202=ORIENTED_EDGE('',*,*,#3015,.T.);
#4203=ORIENTED_EDGE('',*,*,#3018,.F.);
#4204=ORIENTED_EDGE('',*,*,#3016,.T.);
#4205=ORIENTED_EDGE('',*,*,#3017,.F.);
#4206=ORIENTED_EDGE('',*,*,#3002,.T.);
#4207=ORIENTED_EDGE('',*,*,#3019,.T.);
#4208=ORIENTED_EDGE('',*,*,#3020,.T.);
#4209=ORIENTED_EDGE('',*,*,#3021,.F.);
#4210=ORIENTED_EDGE('',*,*,#3022,.T.);
#4211=ORIENTED_EDGE('',*,*,#3019,.F.);
#4212=ORIENTED_EDGE('',*,*,#3022,.F.);
#4213=ORIENTED_EDGE('',*,*,#3021,.T.);
#4214=ORIENTED_EDGE('',*,*,#3011,.T.);
#4215=ORIENTED_EDGE('',*,*,#3014,.T.);
#4216=ORIENTED_EDGE('',*,*,#3018,.T.);
#4217=ORIENTED_EDGE('',*,*,#3001,.T.);
#4218=ORIENTED_EDGE('',*,*,#3005,.T.);
#4219=ORIENTED_EDGE('',*,*,#3008,.T.);
#4220=ORIENTED_EDGE('',*,*,#3020,.F.);
#4221=ORIENTED_EDGE('',*,*,#3023,.T.);
#4222=ORIENTED_EDGE('',*,*,#3024,.F.);
#4223=ORIENTED_EDGE('',*,*,#3023,.F.);
#4224=ORIENTED_EDGE('',*,*,#3024,.T.);
#4225=CYLINDRICAL_SURFACE('',#4579,1.35);
#4226=CYLINDRICAL_SURFACE('',#4582,1.35);
#4227=CYLINDRICAL_SURFACE('',#4585,1.35);
#4228=CYLINDRICAL_SURFACE('',#4588,1.35);
#4229=CYLINDRICAL_SURFACE('',#4591,3.);
#4230=CYLINDRICAL_SURFACE('',#4598,3.);
#4231=CYLINDRICAL_SURFACE('',#4600,3.);
#4232=CYLINDRICAL_SURFACE('',#4602,3.);
#4233=CYLINDRICAL_SURFACE('',#4609,9.);
#4234=CYLINDRICAL_SURFACE('',#4614,9.);
#4235=CYLINDRICAL_SURFACE('',#4619,9.);
#4236=CYLINDRICAL_SURFACE('',#4624,9.);
#4237=CYLINDRICAL_SURFACE('',#4640,0.33);
#4238=CYLINDRICAL_SURFACE('',#4645,0.33);
#4239=CYLINDRICAL_SURFACE('',#4661,0.33);
#4240=CYLINDRICAL_SURFACE('',#4666,0.33);
#4241=CYLINDRICAL_SURFACE('',#4682,0.33);
#4242=CYLINDRICAL_SURFACE('',#4687,0.33);
#4243=CYLINDRICAL_SURFACE('',#4703,0.33);
#4244=CYLINDRICAL_SURFACE('',#4708,0.33);
#4245=CYLINDRICAL_SURFACE('',#4779,1.35);
#4246=CYLINDRICAL_SURFACE('',#4782,1.35);
#4247=CYLINDRICAL_SURFACE('',#4785,1.35);
#4248=CYLINDRICAL_SURFACE('',#4788,1.35);
#4249=CYLINDRICAL_SURFACE('',#4791,3.);
#4250=CYLINDRICAL_SURFACE('',#4798,3.);
#4251=CYLINDRICAL_SURFACE('',#4800,3.);
#4252=CYLINDRICAL_SURFACE('',#4804,3.);
#4253=CYLINDRICAL_SURFACE('',#4809,1.05);
#4254=CYLINDRICAL_SURFACE('',#4813,1.25);
#4255=CYLINDRICAL_SURFACE('',#4825,1.05);
#4256=CYLINDRICAL_SURFACE('',#4829,1.25);
#4257=CYLINDRICAL_SURFACE('',#4841,1.05);
#4258=CYLINDRICAL_SURFACE('',#4845,1.25);
#4259=CYLINDRICAL_SURFACE('',#4857,1.05);
#4260=CYLINDRICAL_SURFACE('',#4861,1.25);
#4261=CYLINDRICAL_SURFACE('',#4883,2.25);
#4262=CYLINDRICAL_SURFACE('',#4886,1.25);
#4263=CYLINDRICAL_SURFACE('',#4899,2.25);
#4264=CYLINDRICAL_SURFACE('',#4902,1.25);
#4265=CYLINDRICAL_SURFACE('',#4915,2.25);
#4266=CYLINDRICAL_SURFACE('',#4918,1.25);
#4267=CYLINDRICAL_SURFACE('',#4931,2.25);
#4268=CYLINDRICAL_SURFACE('',#4934,1.25);
#4269=ADVANCED_FACE('',(#333),#4225,.F.);
#4270=ADVANCED_FACE('',(#334),#4226,.F.);
#4271=ADVANCED_FACE('',(#335),#4227,.F.);
#4272=ADVANCED_FACE('',(#336),#4228,.F.);
#4273=ADVANCED_FACE('',(#337),#4229,.T.);
#4274=ADVANCED_FACE('',(#338,#67,#68,#69,#70),#107,.T.);
#4275=ADVANCED_FACE('',(#339),#4230,.T.);
#4276=ADVANCED_FACE('',(#340),#4231,.T.);
#4277=ADVANCED_FACE('',(#341),#4232,.T.);
#4278=ADVANCED_FACE('',(#342,#71,#72,#73,#74),#108,.F.);
#4279=ADVANCED_FACE('',(#343),#109,.F.);
#4280=ADVANCED_FACE('',(#344),#110,.F.);
#4281=ADVANCED_FACE('',(#345),#111,.F.);
#4282=ADVANCED_FACE('',(#346),#112,.F.);
#4283=ADVANCED_FACE('',(#347),#4233,.T.);
#4284=ADVANCED_FACE('',(#348),#113,.T.);
#4285=ADVANCED_FACE('',(#349),#114,.T.);
#4286=ADVANCED_FACE('',(#350),#4234,.T.);
#4287=ADVANCED_FACE('',(#351),#115,.T.);
#4288=ADVANCED_FACE('',(#352),#116,.T.);
#4289=ADVANCED_FACE('',(#353),#4235,.T.);
#4290=ADVANCED_FACE('',(#354),#117,.T.);
#4291=ADVANCED_FACE('',(#355),#118,.T.);
#4292=ADVANCED_FACE('',(#356),#4236,.T.);
#4293=ADVANCED_FACE('',(#357),#119,.T.);
#4294=ADVANCED_FACE('',(#358),#120,.T.);
#4295=ADVANCED_FACE('',(#359),#121,.T.);
#4296=ADVANCED_FACE('',(#360),#122,.T.);
#4297=ADVANCED_FACE('',(#361),#123,.F.);
#4298=ADVANCED_FACE('',(#362),#124,.T.);
#4299=ADVANCED_FACE('',(#363),#125,.T.);
#4300=ADVANCED_FACE('',(#364),#126,.T.);
#4301=ADVANCED_FACE('',(#365,#75),#127,.F.);
#4302=ADVANCED_FACE('',(#366),#128,.F.);
#4303=ADVANCED_FACE('',(#367),#129,.F.);
#4304=ADVANCED_FACE('',(#368),#130,.F.);
#4305=ADVANCED_FACE('',(#369),#131,.F.);
#4306=ADVANCED_FACE('',(#370),#4237,.T.);
#4307=ADVANCED_FACE('',(#371),#132,.T.);
#4308=ADVANCED_FACE('',(#372),#133,.T.);
#4309=ADVANCED_FACE('',(#373),#4238,.T.);
#4310=ADVANCED_FACE('',(#374),#134,.T.);
#4311=ADVANCED_FACE('',(#375),#135,.T.);
#4312=ADVANCED_FACE('',(#376),#136,.T.);
#4313=ADVANCED_FACE('',(#377),#137,.T.);
#4314=ADVANCED_FACE('',(#378),#138,.F.);
#4315=ADVANCED_FACE('',(#379),#139,.T.);
#4316=ADVANCED_FACE('',(#380),#140,.T.);
#4317=ADVANCED_FACE('',(#381),#141,.T.);
#4318=ADVANCED_FACE('',(#382,#76),#142,.F.);
#4319=ADVANCED_FACE('',(#383),#143,.F.);
#4320=ADVANCED_FACE('',(#384),#144,.F.);
#4321=ADVANCED_FACE('',(#385),#145,.F.);
#4322=ADVANCED_FACE('',(#386),#146,.F.);
#4323=ADVANCED_FACE('',(#387),#4239,.T.);
#4324=ADVANCED_FACE('',(#388),#147,.T.);
#4325=ADVANCED_FACE('',(#389),#148,.T.);
#4326=ADVANCED_FACE('',(#390),#4240,.T.);
#4327=ADVANCED_FACE('',(#391),#149,.T.);
#4328=ADVANCED_FACE('',(#392),#150,.T.);
#4329=ADVANCED_FACE('',(#393),#151,.T.);
#4330=ADVANCED_FACE('',(#394),#152,.T.);
#4331=ADVANCED_FACE('',(#395),#153,.F.);
#4332=ADVANCED_FACE('',(#396),#154,.T.);
#4333=ADVANCED_FACE('',(#397),#155,.T.);
#4334=ADVANCED_FACE('',(#398),#156,.T.);
#4335=ADVANCED_FACE('',(#399,#77),#157,.F.);
#4336=ADVANCED_FACE('',(#400),#158,.F.);
#4337=ADVANCED_FACE('',(#401),#159,.F.);
#4338=ADVANCED_FACE('',(#402),#160,.F.);
#4339=ADVANCED_FACE('',(#403),#161,.F.);
#4340=ADVANCED_FACE('',(#404),#4241,.T.);
#4341=ADVANCED_FACE('',(#405),#162,.T.);
#4342=ADVANCED_FACE('',(#406),#163,.T.);
#4343=ADVANCED_FACE('',(#407),#4242,.T.);
#4344=ADVANCED_FACE('',(#408),#164,.T.);
#4345=ADVANCED_FACE('',(#409),#165,.T.);
#4346=ADVANCED_FACE('',(#410),#166,.T.);
#4347=ADVANCED_FACE('',(#411),#167,.T.);
#4348=ADVANCED_FACE('',(#412),#168,.F.);
#4349=ADVANCED_FACE('',(#413),#169,.T.);
#4350=ADVANCED_FACE('',(#414),#170,.T.);
#4351=ADVANCED_FACE('',(#415),#171,.T.);
#4352=ADVANCED_FACE('',(#416,#78),#172,.F.);
#4353=ADVANCED_FACE('',(#417),#173,.F.);
#4354=ADVANCED_FACE('',(#418),#174,.F.);
#4355=ADVANCED_FACE('',(#419),#175,.F.);
#4356=ADVANCED_FACE('',(#420),#176,.F.);
#4357=ADVANCED_FACE('',(#421),#4243,.T.);
#4358=ADVANCED_FACE('',(#422),#177,.T.);
#4359=ADVANCED_FACE('',(#423),#178,.T.);
#4360=ADVANCED_FACE('',(#424),#4244,.T.);
#4361=ADVANCED_FACE('',(#425),#179,.T.);
#4362=ADVANCED_FACE('',(#426),#180,.T.);
#4363=ADVANCED_FACE('',(#427),#181,.F.);
#4364=ADVANCED_FACE('',(#428),#182,.F.);
#4365=ADVANCED_FACE('',(#429),#183,.F.);
#4366=ADVANCED_FACE('',(#430),#184,.F.);
#4367=ADVANCED_FACE('',(#431),#185,.F.);
#4368=ADVANCED_FACE('',(#432),#186,.F.);
#4369=ADVANCED_FACE('',(#433),#187,.F.);
#4370=ADVANCED_FACE('',(#434),#188,.F.);
#4371=ADVANCED_FACE('',(#435),#189,.F.);
#4372=ADVANCED_FACE('',(#436),#190,.F.);
#4373=ADVANCED_FACE('',(#437),#191,.F.);
#4374=ADVANCED_FACE('',(#438),#192,.F.);
#4375=ADVANCED_FACE('',(#439),#193,.F.);
#4376=ADVANCED_FACE('',(#440),#194,.F.);
#4377=ADVANCED_FACE('',(#441),#195,.F.);
#4378=ADVANCED_FACE('',(#442),#196,.F.);
#4379=ADVANCED_FACE('',(#443),#197,.F.);
#4380=ADVANCED_FACE('',(#444),#198,.F.);
#4381=ADVANCED_FACE('',(#445),#199,.F.);
#4382=ADVANCED_FACE('',(#446),#200,.F.);
#4383=ADVANCED_FACE('',(#447),#201,.F.);
#4384=ADVANCED_FACE('',(#448),#202,.F.);
#4385=ADVANCED_FACE('',(#449),#203,.F.);
#4386=ADVANCED_FACE('',(#450),#204,.F.);
#4387=ADVANCED_FACE('',(#451),#205,.F.);
#4388=ADVANCED_FACE('',(#452),#206,.F.);
#4389=ADVANCED_FACE('',(#453),#207,.F.);
#4390=ADVANCED_FACE('',(#454),#208,.F.);
#4391=ADVANCED_FACE('',(#455),#209,.F.);
#4392=ADVANCED_FACE('',(#456),#210,.F.);
#4393=ADVANCED_FACE('',(#457),#211,.F.);
#4394=ADVANCED_FACE('',(#458),#212,.F.);
#4395=ADVANCED_FACE('',(#459),#213,.F.);
#4396=ADVANCED_FACE('',(#460),#214,.F.);
#4397=ADVANCED_FACE('',(#461),#215,.F.);
#4398=ADVANCED_FACE('',(#462),#216,.F.);
#4399=ADVANCED_FACE('',(#463),#217,.F.);
#4400=ADVANCED_FACE('',(#464),#218,.F.);
#4401=ADVANCED_FACE('',(#465),#219,.F.);
#4402=ADVANCED_FACE('',(#466),#220,.F.);
#4403=ADVANCED_FACE('',(#467),#221,.F.);
#4404=ADVANCED_FACE('',(#468),#222,.F.);
#4405=ADVANCED_FACE('',(#469),#223,.F.);
#4406=ADVANCED_FACE('',(#470),#224,.F.);
#4407=ADVANCED_FACE('',(#471),#225,.F.);
#4408=ADVANCED_FACE('',(#472),#226,.F.);
#4409=ADVANCED_FACE('',(#473),#227,.F.);
#4410=ADVANCED_FACE('',(#474),#228,.F.);
#4411=ADVANCED_FACE('',(#475),#229,.F.);
#4412=ADVANCED_FACE('',(#476),#230,.F.);
#4413=ADVANCED_FACE('',(#477),#231,.F.);
#4414=ADVANCED_FACE('',(#478),#232,.F.);
#4415=ADVANCED_FACE('',(#479),#233,.F.);
#4416=ADVANCED_FACE('',(#480),#234,.F.);
#4417=ADVANCED_FACE('',(#481),#235,.F.);
#4418=ADVANCED_FACE('',(#482),#236,.F.);
#4419=ADVANCED_FACE('',(#483),#237,.F.);
#4420=ADVANCED_FACE('',(#484),#238,.F.);
#4421=ADVANCED_FACE('',(#485),#239,.F.);
#4422=ADVANCED_FACE('',(#486),#240,.F.);
#4423=ADVANCED_FACE('',(#487),#241,.F.);
#4424=ADVANCED_FACE('',(#488,#79,#80,#81,#82),#242,.T.);
#4425=ADVANCED_FACE('',(#489),#243,.F.);
#4426=ADVANCED_FACE('',(#490),#244,.F.);
#4427=ADVANCED_FACE('',(#491),#245,.F.);
#4428=ADVANCED_FACE('',(#492),#246,.F.);
#4429=ADVANCED_FACE('',(#493),#4245,.F.);
#4430=ADVANCED_FACE('',(#494),#4246,.F.);
#4431=ADVANCED_FACE('',(#495),#4247,.F.);
#4432=ADVANCED_FACE('',(#496),#4248,.F.);
#4433=ADVANCED_FACE('',(#497),#4249,.T.);
#4434=ADVANCED_FACE('',(#498,#83,#84,#85,#86),#247,.T.);
#4435=ADVANCED_FACE('',(#499),#4250,.T.);
#4436=ADVANCED_FACE('',(#500),#4251,.T.);
#4437=ADVANCED_FACE('',(#501,#87,#88,#89,#90),#248,.F.);
#4438=ADVANCED_FACE('',(#502),#4252,.T.);
#4439=ADVANCED_FACE('',(#503),#249,.F.);
#4440=ADVANCED_FACE('',(#504),#250,.F.);
#4441=ADVANCED_FACE('',(#505),#251,.F.);
#4442=ADVANCED_FACE('',(#506),#252,.F.);
#4443=ADVANCED_FACE('',(#507),#4253,.F.);
#4444=ADVANCED_FACE('',(#508),#253,.F.);
#4445=ADVANCED_FACE('',(#509),#4254,.T.);
#4446=ADVANCED_FACE('',(#510),#254,.T.);
#4447=ADVANCED_FACE('',(#511),#255,.F.);
#4448=ADVANCED_FACE('',(#512),#256,.T.);
#4449=ADVANCED_FACE('',(#513),#257,.F.);
#4450=ADVANCED_FACE('',(#514),#258,.T.);
#4451=ADVANCED_FACE('',(#515,#91),#259,.F.);
#4452=ADVANCED_FACE('',(#516),#260,.T.);
#4453=ADVANCED_FACE('',(#517),#261,.F.);
#4454=ADVANCED_FACE('',(#518,#92),#262,.F.);
#4455=ADVANCED_FACE('',(#519),#4255,.F.);
#4456=ADVANCED_FACE('',(#520),#263,.F.);
#4457=ADVANCED_FACE('',(#521),#4256,.T.);
#4458=ADVANCED_FACE('',(#522),#264,.T.);
#4459=ADVANCED_FACE('',(#523),#265,.F.);
#4460=ADVANCED_FACE('',(#524),#266,.T.);
#4461=ADVANCED_FACE('',(#525),#267,.F.);
#4462=ADVANCED_FACE('',(#526),#268,.T.);
#4463=ADVANCED_FACE('',(#527,#93),#269,.F.);
#4464=ADVANCED_FACE('',(#528),#270,.T.);
#4465=ADVANCED_FACE('',(#529),#271,.F.);
#4466=ADVANCED_FACE('',(#530,#94),#272,.F.);
#4467=ADVANCED_FACE('',(#531),#4257,.F.);
#4468=ADVANCED_FACE('',(#532),#273,.F.);
#4469=ADVANCED_FACE('',(#533),#4258,.T.);
#4470=ADVANCED_FACE('',(#534),#274,.T.);
#4471=ADVANCED_FACE('',(#535),#275,.F.);
#4472=ADVANCED_FACE('',(#536),#276,.T.);
#4473=ADVANCED_FACE('',(#537),#277,.F.);
#4474=ADVANCED_FACE('',(#538),#278,.T.);
#4475=ADVANCED_FACE('',(#539,#95),#279,.F.);
#4476=ADVANCED_FACE('',(#540),#280,.T.);
#4477=ADVANCED_FACE('',(#541),#281,.F.);
#4478=ADVANCED_FACE('',(#542,#96),#282,.F.);
#4479=ADVANCED_FACE('',(#543),#4259,.F.);
#4480=ADVANCED_FACE('',(#544),#283,.F.);
#4481=ADVANCED_FACE('',(#545),#4260,.T.);
#4482=ADVANCED_FACE('',(#546),#284,.T.);
#4483=ADVANCED_FACE('',(#547),#285,.F.);
#4484=ADVANCED_FACE('',(#548),#286,.T.);
#4485=ADVANCED_FACE('',(#549),#287,.F.);
#4486=ADVANCED_FACE('',(#550),#288,.T.);
#4487=ADVANCED_FACE('',(#551,#97),#289,.F.);
#4488=ADVANCED_FACE('',(#552),#290,.T.);
#4489=ADVANCED_FACE('',(#553),#291,.F.);
#4490=ADVANCED_FACE('',(#554,#98),#292,.F.);
#4491=ADVANCED_FACE('',(#555),#293,.T.);
#4492=ADVANCED_FACE('',(#556),#294,.T.);
#4493=ADVANCED_FACE('',(#557),#295,.T.);
#4494=ADVANCED_FACE('',(#558),#296,.F.);
#4495=ADVANCED_FACE('',(#559),#297,.F.);
#4496=ADVANCED_FACE('',(#560),#298,.T.);
#4497=ADVANCED_FACE('',(#561),#299,.F.);
#4498=ADVANCED_FACE('',(#562,#99),#300,.T.);
#4499=ADVANCED_FACE('',(#563),#4261,.T.);
#4500=ADVANCED_FACE('',(#564,#100),#301,.T.);
#4501=ADVANCED_FACE('',(#565),#4262,.T.);
#4502=ADVANCED_FACE('',(#566),#302,.T.);
#4503=ADVANCED_FACE('',(#567),#303,.T.);
#4504=ADVANCED_FACE('',(#568),#304,.T.);
#4505=ADVANCED_FACE('',(#569),#305,.T.);
#4506=ADVANCED_FACE('',(#570),#306,.F.);
#4507=ADVANCED_FACE('',(#571),#307,.F.);
#4508=ADVANCED_FACE('',(#572),#308,.T.);
#4509=ADVANCED_FACE('',(#573),#309,.F.);
#4510=ADVANCED_FACE('',(#574,#101),#310,.T.);
#4511=ADVANCED_FACE('',(#575),#4263,.T.);
#4512=ADVANCED_FACE('',(#576,#102),#311,.T.);
#4513=ADVANCED_FACE('',(#577),#4264,.T.);
#4514=ADVANCED_FACE('',(#578),#312,.T.);
#4515=ADVANCED_FACE('',(#579),#313,.T.);
#4516=ADVANCED_FACE('',(#580),#314,.T.);
#4517=ADVANCED_FACE('',(#581),#315,.T.);
#4518=ADVANCED_FACE('',(#582),#316,.F.);
#4519=ADVANCED_FACE('',(#583),#317,.F.);
#4520=ADVANCED_FACE('',(#584),#318,.T.);
#4521=ADVANCED_FACE('',(#585),#319,.F.);
#4522=ADVANCED_FACE('',(#586,#103),#320,.T.);
#4523=ADVANCED_FACE('',(#587),#4265,.T.);
#4524=ADVANCED_FACE('',(#588,#104),#321,.T.);
#4525=ADVANCED_FACE('',(#589),#4266,.T.);
#4526=ADVANCED_FACE('',(#590),#322,.T.);
#4527=ADVANCED_FACE('',(#591),#323,.T.);
#4528=ADVANCED_FACE('',(#592),#324,.T.);
#4529=ADVANCED_FACE('',(#593),#325,.T.);
#4530=ADVANCED_FACE('',(#594),#326,.F.);
#4531=ADVANCED_FACE('',(#595),#327,.F.);
#4532=ADVANCED_FACE('',(#596),#328,.T.);
#4533=ADVANCED_FACE('',(#597),#329,.F.);
#4534=ADVANCED_FACE('',(#598,#105),#330,.T.);
#4535=ADVANCED_FACE('',(#599),#4267,.T.);
#4536=ADVANCED_FACE('',(#600,#106),#331,.T.);
#4537=ADVANCED_FACE('',(#601),#4268,.T.);
#4538=ADVANCED_FACE('',(#602),#332,.T.);
#4539=CLOSED_SHELL('',(#4269,#4270,#4271,#4272,#4273,#4274,#4275,#4276,
#4277,#4278,#4279,#4280,#4281,#4282));
#4540=CLOSED_SHELL('',(#4283,#4284,#4285));
#4541=CLOSED_SHELL('',(#4286,#4287,#4288));
#4542=CLOSED_SHELL('',(#4289,#4290,#4291));
#4543=CLOSED_SHELL('',(#4292,#4293,#4294));
#4544=CLOSED_SHELL('',(#4295,#4296,#4297,#4298,#4299,#4300,#4301,#4302,
#4303,#4304,#4305));
#4545=CLOSED_SHELL('',(#4306,#4307,#4308));
#4546=CLOSED_SHELL('',(#4309,#4310,#4311));
#4547=CLOSED_SHELL('',(#4312,#4313,#4314,#4315,#4316,#4317,#4318,#4319,
#4320,#4321,#4322));
#4548=CLOSED_SHELL('',(#4323,#4324,#4325));
#4549=CLOSED_SHELL('',(#4326,#4327,#4328));
#4550=CLOSED_SHELL('',(#4329,#4330,#4331,#4332,#4333,#4334,#4335,#4336,
#4337,#4338,#4339));
#4551=CLOSED_SHELL('',(#4340,#4341,#4342));
#4552=CLOSED_SHELL('',(#4343,#4344,#4345));
#4553=CLOSED_SHELL('',(#4346,#4347,#4348,#4349,#4350,#4351,#4352,#4353,
#4354,#4355,#4356));
#4554=CLOSED_SHELL('',(#4357,#4358,#4359));
#4555=CLOSED_SHELL('',(#4360,#4361,#4362));
#4556=CLOSED_SHELL('',(#4363,#4364,#4365,#4366,#4367,#4368,#4369,#4370,
#4371,#4372,#4373,#4374,#4375,#4376,#4377,#4378,#4379,#4380,#4381,#4382,
#4383,#4384,#4385,#4386,#4387,#4388,#4389,#4390,#4391,#4392,#4393,#4394,
#4395,#4396,#4397,#4398,#4399,#4400,#4401,#4402,#4403,#4404,#4405,#4406,
#4407,#4408,#4409,#4410,#4411,#4412,#4413,#4414,#4415,#4416,#4417,#4418,
#4419,#4420,#4421,#4422,#4423,#4424,#4425,#4426,#4427,#4428));
#4557=CLOSED_SHELL('',(#4429,#4430,#4431,#4432,#4433,#4434,#4435,#4436,
#4437,#4438,#4439,#4440,#4441,#4442));
#4558=CLOSED_SHELL('',(#4443,#4444,#4445,#4446,#4447,#4448,#4449,#4450,
#4451,#4452,#4453,#4454));
#4559=CLOSED_SHELL('',(#4455,#4456,#4457,#4458,#4459,#4460,#4461,#4462,
#4463,#4464,#4465,#4466));
#4560=CLOSED_SHELL('',(#4467,#4468,#4469,#4470,#4471,#4472,#4473,#4474,
#4475,#4476,#4477,#4478));
#4561=CLOSED_SHELL('',(#4479,#4480,#4481,#4482,#4483,#4484,#4485,#4486,
#4487,#4488,#4489,#4490));
#4562=CLOSED_SHELL('',(#4491,#4492,#4493,#4494,#4495,#4496,#4497,#4498,
#4499,#4500,#4501,#4502));
#4563=CLOSED_SHELL('',(#4503,#4504,#4505,#4506,#4507,#4508,#4509,#4510,
#4511,#4512,#4513,#4514));
#4564=CLOSED_SHELL('',(#4515,#4516,#4517,#4518,#4519,#4520,#4521,#4522,
#4523,#4524,#4525,#4526));
#4565=CLOSED_SHELL('',(#4527,#4528,#4529,#4530,#4531,#4532,#4533,#4534,
#4535,#4536,#4537,#4538));
#4566=DERIVED_UNIT_ELEMENT(#4568,1.);
#4567=DERIVED_UNIT_ELEMENT(#7443,-3.);
#4568=(
MASS_UNIT()
NAMED_UNIT(*)
SI_UNIT(.KILO.,.GRAM.)
);
#4569=DERIVED_UNIT((#4566,#4567));
#4570=MEASURE_REPRESENTATION_ITEM('density measure',
POSITIVE_RATIO_MEASURE(7850.),#4569);
#4571=PROPERTY_DEFINITION_REPRESENTATION(#4576,#4573);
#4572=PROPERTY_DEFINITION_REPRESENTATION(#4577,#4574);
#4573=REPRESENTATION('material name',(#4575),#7440);
#4574=REPRESENTATION('density',(#4570),#7440);
#4575=DESCRIPTIVE_REPRESENTATION_ITEM('Steel','Steel');
#4576=PROPERTY_DEFINITION('material property','material name',#7450);
#4577=PROPERTY_DEFINITION('material property','density of part',#7450);
#4578=AXIS2_PLACEMENT_3D('',#6167,#4937,#4938);
#4579=AXIS2_PLACEMENT_3D('',#6168,#4939,#4940);
#4580=AXIS2_PLACEMENT_3D('',#6170,#4941,#4942);
#4581=AXIS2_PLACEMENT_3D('',#6173,#4944,#4945);
#4582=AXIS2_PLACEMENT_3D('',#6174,#4946,#4947);
#4583=AXIS2_PLACEMENT_3D('',#6176,#4948,#4949);
#4584=AXIS2_PLACEMENT_3D('',#6179,#4951,#4952);
#4585=AXIS2_PLACEMENT_3D('',#6180,#4953,#4954);
#4586=AXIS2_PLACEMENT_3D('',#6182,#4955,#4956);
#4587=AXIS2_PLACEMENT_3D('',#6185,#4958,#4959);
#4588=AXIS2_PLACEMENT_3D('',#6186,#4960,#4961);
#4589=AXIS2_PLACEMENT_3D('',#6188,#4962,#4963);
#4590=AXIS2_PLACEMENT_3D('',#6191,#4965,#4966);
#4591=AXIS2_PLACEMENT_3D('',#6192,#4967,#4968);
#4592=AXIS2_PLACEMENT_3D('',#6197,#4970,#4971);
#4593=AXIS2_PLACEMENT_3D('',#6200,#4973,#4974);
#4594=AXIS2_PLACEMENT_3D('',#6201,#4975,#4976);
#4595=AXIS2_PLACEMENT_3D('',#6205,#4978,#4979);
#4596=AXIS2_PLACEMENT_3D('',#6209,#4981,#4982);
#4597=AXIS2_PLACEMENT_3D('',#6213,#4984,#4985);
#4598=AXIS2_PLACEMENT_3D('',#6215,#4987,#4988);
#4599=AXIS2_PLACEMENT_3D('',#6219,#4990,#4991);
#4600=AXIS2_PLACEMENT_3D('',#6221,#4993,#4994);
#4601=AXIS2_PLACEMENT_3D('',#6225,#4996,#4997);
#4602=AXIS2_PLACEMENT_3D('',#6227,#4999,#5000);
#4603=AXIS2_PLACEMENT_3D('',#6232,#5003,#5004);
#4604=AXIS2_PLACEMENT_3D('',#6233,#5005,#5006);
#4605=AXIS2_PLACEMENT_3D('',#6238,#5011,#5012);
#4606=AXIS2_PLACEMENT_3D('',#6239,#5013,#5014);
#4607=AXIS2_PLACEMENT_3D('',#6240,#5015,#5016);
#4608=AXIS2_PLACEMENT_3D('',#6241,#5017,#5018);
#4609=AXIS2_PLACEMENT_3D('',#6242,#5019,#5020);
#4610=AXIS2_PLACEMENT_3D('',#6244,#5021,#5022);
#4611=AXIS2_PLACEMENT_3D('',#6247,#5024,#5025);
#4612=AXIS2_PLACEMENT_3D('',#6248,#5026,#5027);
#4613=AXIS2_PLACEMENT_3D('',#6249,#5028,#5029);
#4614=AXIS2_PLACEMENT_3D('',#6250,#5030,#5031);
#4615=AXIS2_PLACEMENT_3D('',#6252,#5032,#5033);
#4616=AXIS2_PLACEMENT_3D('',#6255,#5035,#5036);
#4617=AXIS2_PLACEMENT_3D('',#6256,#5037,#5038);
#4618=AXIS2_PLACEMENT_3D('',#6257,#5039,#5040);
#4619=AXIS2_PLACEMENT_3D('',#6258,#5041,#5042);
#4620=AXIS2_PLACEMENT_3D('',#6260,#5043,#5044);
#4621=AXIS2_PLACEMENT_3D('',#6263,#5046,#5047);
#4622=AXIS2_PLACEMENT_3D('',#6264,#5048,#5049);
#4623=AXIS2_PLACEMENT_3D('',#6265,#5050,#5051);
#4624=AXIS2_PLACEMENT_3D('',#6266,#5052,#5053);
#4625=AXIS2_PLACEMENT_3D('',#6268,#5054,#5055);
#4626=AXIS2_PLACEMENT_3D('',#6271,#5057,#5058);
#4627=AXIS2_PLACEMENT_3D('',#6272,#5059,#5060);
#4628=AXIS2_PLACEMENT_3D('',#6273,#5061,#5062);
#4629=AXIS2_PLACEMENT_3D('',#6274,#5063,#5064);
#4630=AXIS2_PLACEMENT_3D('',#6283,#5069,#5070);
#4631=AXIS2_PLACEMENT_3D('',#6289,#5074,#5075);
#4632=AXIS2_PLACEMENT_3D('',#6293,#5078,#5079);
#4633=AXIS2_PLACEMENT_3D('',#6297,#5082,#5083);
#4634=AXIS2_PLACEMENT_3D('',#6299,#5085,#5086);
#4635=AXIS2_PLACEMENT_3D('',#6308,#5091,#5092);
#4636=AXIS2_PLACEMENT_3D('',#6317,#5097,#5098);
#4637=AXIS2_PLACEMENT_3D('',#6320,#5101,#5102);
#4638=AXIS2_PLACEMENT_3D('',#6322,#5104,#5105);
#4639=AXIS2_PLACEMENT_3D('',#6324,#5107,#5108);
#4640=AXIS2_PLACEMENT_3D('',#6325,#5109,#5110);
#4641=AXIS2_PLACEMENT_3D('',#6327,#5111,#5112);
#4642=AXIS2_PLACEMENT_3D('',#6330,#5114,#5115);
#4643=AXIS2_PLACEMENT_3D('',#6331,#5116,#5117);
#4644=AXIS2_PLACEMENT_3D('',#6332,#5118,#5119);
#4645=AXIS2_PLACEMENT_3D('',#6333,#5120,#5121);
#4646=AXIS2_PLACEMENT_3D('',#6335,#5122,#5123);
#4647=AXIS2_PLACEMENT_3D('',#6338,#5125,#5126);
#4648=AXIS2_PLACEMENT_3D('',#6339,#5127,#5128);
#4649=AXIS2_PLACEMENT_3D('',#6340,#5129,#5130);
#4650=AXIS2_PLACEMENT_3D('',#6341,#5131,#5132);
#4651=AXIS2_PLACEMENT_3D('',#6350,#5137,#5138);
#4652=AXIS2_PLACEMENT_3D('',#6356,#5142,#5143);
#4653=AXIS2_PLACEMENT_3D('',#6360,#5146,#5147);
#4654=AXIS2_PLACEMENT_3D('',#6364,#5150,#5151);
#4655=AXIS2_PLACEMENT_3D('',#6366,#5153,#5154);
#4656=AXIS2_PLACEMENT_3D('',#6375,#5159,#5160);
#4657=AXIS2_PLACEMENT_3D('',#6384,#5165,#5166);
#4658=AXIS2_PLACEMENT_3D('',#6387,#5169,#5170);
#4659=AXIS2_PLACEMENT_3D('',#6389,#5172,#5173);
#4660=AXIS2_PLACEMENT_3D('',#6391,#5175,#5176);
#4661=AXIS2_PLACEMENT_3D('',#6392,#5177,#5178);
#4662=AXIS2_PLACEMENT_3D('',#6394,#5179,#5180);
#4663=AXIS2_PLACEMENT_3D('',#6397,#5182,#5183);
#4664=AXIS2_PLACEMENT_3D('',#6398,#5184,#5185);
#4665=AXIS2_PLACEMENT_3D('',#6399,#5186,#5187);
#4666=AXIS2_PLACEMENT_3D('',#6400,#5188,#5189);
#4667=AXIS2_PLACEMENT_3D('',#6402,#5190,#5191);
#4668=AXIS2_PLACEMENT_3D('',#6405,#5193,#5194);
#4669=AXIS2_PLACEMENT_3D('',#6406,#5195,#5196);
#4670=AXIS2_PLACEMENT_3D('',#6407,#5197,#5198);
#4671=AXIS2_PLACEMENT_3D('',#6408,#5199,#5200);
#4672=AXIS2_PLACEMENT_3D('',#6417,#5205,#5206);
#4673=AXIS2_PLACEMENT_3D('',#6423,#5210,#5211);
#4674=AXIS2_PLACEMENT_3D('',#6427,#5214,#5215);
#4675=AXIS2_PLACEMENT_3D('',#6431,#5218,#5219);
#4676=AXIS2_PLACEMENT_3D('',#6433,#5221,#5222);
#4677=AXIS2_PLACEMENT_3D('',#6442,#5227,#5228);
#4678=AXIS2_PLACEMENT_3D('',#6451,#5233,#5234);
#4679=AXIS2_PLACEMENT_3D('',#6454,#5237,#5238);
#4680=AXIS2_PLACEMENT_3D('',#6456,#5240,#5241);
#4681=AXIS2_PLACEMENT_3D('',#6458,#5243,#5244);
#4682=AXIS2_PLACEMENT_3D('',#6459,#5245,#5246);
#4683=AXIS2_PLACEMENT_3D('',#6461,#5247,#5248);
#4684=AXIS2_PLACEMENT_3D('',#6464,#5250,#5251);
#4685=AXIS2_PLACEMENT_3D('',#6465,#5252,#5253);
#4686=AXIS2_PLACEMENT_3D('',#6466,#5254,#5255);
#4687=AXIS2_PLACEMENT_3D('',#6467,#5256,#5257);
#4688=AXIS2_PLACEMENT_3D('',#6469,#5258,#5259);
#4689=AXIS2_PLACEMENT_3D('',#6472,#5261,#5262);
#4690=AXIS2_PLACEMENT_3D('',#6473,#5263,#5264);
#4691=AXIS2_PLACEMENT_3D('',#6474,#5265,#5266);
#4692=AXIS2_PLACEMENT_3D('',#6475,#5267,#5268);
#4693=AXIS2_PLACEMENT_3D('',#6484,#5273,#5274);
#4694=AXIS2_PLACEMENT_3D('',#6490,#5278,#5279);
#4695=AXIS2_PLACEMENT_3D('',#6494,#5282,#5283);
#4696=AXIS2_PLACEMENT_3D('',#6498,#5286,#5287);
#4697=AXIS2_PLACEMENT_3D('',#6500,#5289,#5290);
#4698=AXIS2_PLACEMENT_3D('',#6509,#5295,#5296);
#4699=AXIS2_PLACEMENT_3D('',#6518,#5301,#5302);
#4700=AXIS2_PLACEMENT_3D('',#6521,#5305,#5306);
#4701=AXIS2_PLACEMENT_3D('',#6523,#5308,#5309);
#4702=AXIS2_PLACEMENT_3D('',#6525,#5311,#5312);
#4703=AXIS2_PLACEMENT_3D('',#6526,#5313,#5314);
#4704=AXIS2_PLACEMENT_3D('',#6528,#5315,#5316);
#4705=AXIS2_PLACEMENT_3D('',#6531,#5318,#5319);
#4706=AXIS2_PLACEMENT_3D('',#6532,#5320,#5321);
#4707=AXIS2_PLACEMENT_3D('',#6533,#5322,#5323);
#4708=AXIS2_PLACEMENT_3D('',#6534,#5324,#5325);
#4709=AXIS2_PLACEMENT_3D('',#6536,#5326,#5327);
#4710=AXIS2_PLACEMENT_3D('',#6539,#5329,#5330);
#4711=AXIS2_PLACEMENT_3D('',#6540,#5331,#5332);
#4712=AXIS2_PLACEMENT_3D('',#6541,#5333,#5334);
#4713=AXIS2_PLACEMENT_3D('',#6542,#5335,#5336);
#4714=AXIS2_PLACEMENT_3D('',#6551,#5341,#5342);
#4715=AXIS2_PLACEMENT_3D('',#6560,#5347,#5348);
#4716=AXIS2_PLACEMENT_3D('',#6569,#5353,#5354);
#4717=AXIS2_PLACEMENT_3D('',#6585,#5364,#5365);
#4718=AXIS2_PLACEMENT_3D('',#6591,#5369,#5370);
#4719=AXIS2_PLACEMENT_3D('',#6599,#5375,#5376);
#4720=AXIS2_PLACEMENT_3D('',#6611,#5383,#5384);
#4721=AXIS2_PLACEMENT_3D('',#6620,#5389,#5390);
#4722=AXIS2_PLACEMENT_3D('',#6626,#5394,#5395);
#4723=AXIS2_PLACEMENT_3D('',#6635,#5401,#5402);
#4724=AXIS2_PLACEMENT_3D('',#6641,#5406,#5407);
#4725=AXIS2_PLACEMENT_3D('',#6643,#5409,#5410);
#4726=AXIS2_PLACEMENT_3D('',#6648,#5414,#5415);
#4727=AXIS2_PLACEMENT_3D('',#6652,#5418,#5419);
#4728=AXIS2_PLACEMENT_3D('',#6656,#5422,#5423);
#4729=AXIS2_PLACEMENT_3D('',#6658,#5425,#5426);
#4730=AXIS2_PLACEMENT_3D('',#6664,#5430,#5431);
#4731=AXIS2_PLACEMENT_3D('',#6668,#5434,#5435);
#4732=AXIS2_PLACEMENT_3D('',#6672,#5438,#5439);
#4733=AXIS2_PLACEMENT_3D('',#6674,#5441,#5442);
#4734=AXIS2_PLACEMENT_3D('',#6682,#5447,#5448);
#4735=AXIS2_PLACEMENT_3D('',#6694,#5455,#5456);
#4736=AXIS2_PLACEMENT_3D('',#6703,#5461,#5462);
#4737=AXIS2_PLACEMENT_3D('',#6722,#5473,#5474);
#4738=AXIS2_PLACEMENT_3D('',#6726,#5477,#5478);
#4739=AXIS2_PLACEMENT_3D('',#6732,#5482,#5483);
#4740=AXIS2_PLACEMENT_3D('',#6738,#5487,#5488);
#4741=AXIS2_PLACEMENT_3D('',#6743,#5492,#5493);
#4742=AXIS2_PLACEMENT_3D('',#6747,#5496,#5497);
#4743=AXIS2_PLACEMENT_3D('',#6751,#5500,#5501);
#4744=AXIS2_PLACEMENT_3D('',#6753,#5503,#5504);
#4745=AXIS2_PLACEMENT_3D('',#6761,#5509,#5510);
#4746=AXIS2_PLACEMENT_3D('',#6773,#5517,#5518);
#4747=AXIS2_PLACEMENT_3D('',#6782,#5523,#5524);
#4748=AXIS2_PLACEMENT_3D('',#6801,#5535,#5536);
#4749=AXIS2_PLACEMENT_3D('',#6805,#5539,#5540);
#4750=AXIS2_PLACEMENT_3D('',#6811,#5544,#5545);
#4751=AXIS2_PLACEMENT_3D('',#6817,#5549,#5550);
#4752=AXIS2_PLACEMENT_3D('',#6822,#5554,#5555);
#4753=AXIS2_PLACEMENT_3D('',#6826,#5558,#5559);
#4754=AXIS2_PLACEMENT_3D('',#6830,#5562,#5563);
#4755=AXIS2_PLACEMENT_3D('',#6832,#5565,#5566);
#4756=AXIS2_PLACEMENT_3D('',#6838,#5570,#5571);
#4757=AXIS2_PLACEMENT_3D('',#6842,#5574,#5575);
#4758=AXIS2_PLACEMENT_3D('',#6846,#5578,#5579);
#4759=AXIS2_PLACEMENT_3D('',#6848,#5581,#5582);
#4760=AXIS2_PLACEMENT_3D('',#6860,#5589,#5590);
#4761=AXIS2_PLACEMENT_3D('',#6868,#5595,#5596);
#4762=AXIS2_PLACEMENT_3D('',#6877,#5601,#5602);
#4763=AXIS2_PLACEMENT_3D('',#6888,#5609,#5610);
#4764=AXIS2_PLACEMENT_3D('',#6894,#5614,#5615);
#4765=AXIS2_PLACEMENT_3D('',#6896,#5617,#5618);
#4766=AXIS2_PLACEMENT_3D('',#6900,#5621,#5622);
#4767=AXIS2_PLACEMENT_3D('',#6906,#5626,#5627);
#4768=AXIS2_PLACEMENT_3D('',#6910,#5630,#5631);
#4769=AXIS2_PLACEMENT_3D('',#6914,#5634,#5635);
#4770=AXIS2_PLACEMENT_3D('',#6916,#5637,#5638);
#4771=AXIS2_PLACEMENT_3D('',#6921,#5642,#5643);
#4772=AXIS2_PLACEMENT_3D('',#6925,#5646,#5647);
#4773=AXIS2_PLACEMENT_3D('',#6929,#5650,#5651);
#4774=AXIS2_PLACEMENT_3D('',#6931,#5653,#5654);
#4775=AXIS2_PLACEMENT_3D('',#6937,#5658,#5659);
#4776=AXIS2_PLACEMENT_3D('',#6941,#5662,#5663);
#4777=AXIS2_PLACEMENT_3D('',#6945,#5666,#5667);
#4778=AXIS2_PLACEMENT_3D('',#6947,#5669,#5670);
#4779=AXIS2_PLACEMENT_3D('',#6948,#5671,#5672);
#4780=AXIS2_PLACEMENT_3D('',#6950,#5673,#5674);
#4781=AXIS2_PLACEMENT_3D('',#6953,#5676,#5677);
#4782=AXIS2_PLACEMENT_3D('',#6954,#5678,#5679);
#4783=AXIS2_PLACEMENT_3D('',#6956,#5680,#5681);
#4784=AXIS2_PLACEMENT_3D('',#6959,#5683,#5684);
#4785=AXIS2_PLACEMENT_3D('',#6960,#5685,#5686);
#4786=AXIS2_PLACEMENT_3D('',#6962,#5687,#5688);
#4787=AXIS2_PLACEMENT_3D('',#6965,#5690,#5691);
#4788=AXIS2_PLACEMENT_3D('',#6966,#5692,#5693);
#4789=AXIS2_PLACEMENT_3D('',#6968,#5694,#5695);
#4790=AXIS2_PLACEMENT_3D('',#6971,#5697,#5698);
#4791=AXIS2_PLACEMENT_3D('',#6972,#5699,#5700);
#4792=AXIS2_PLACEMENT_3D('',#6977,#5702,#5703);
#4793=AXIS2_PLACEMENT_3D('',#6980,#5705,#5706);
#4794=AXIS2_PLACEMENT_3D('',#6981,#5707,#5708);
#4795=AXIS2_PLACEMENT_3D('',#6985,#5710,#5711);
#4796=AXIS2_PLACEMENT_3D('',#6989,#5713,#5714);
#4797=AXIS2_PLACEMENT_3D('',#6993,#5716,#5717);
#4798=AXIS2_PLACEMENT_3D('',#6995,#5719,#5720);
#4799=AXIS2_PLACEMENT_3D('',#6999,#5722,#5723);
#4800=AXIS2_PLACEMENT_3D('',#7001,#5725,#5726);
#4801=AXIS2_PLACEMENT_3D('',#7006,#5729,#5730);
#4802=AXIS2_PLACEMENT_3D('',#7007,#5731,#5732);
#4803=AXIS2_PLACEMENT_3D('',#7012,#5735,#5736);
#4804=AXIS2_PLACEMENT_3D('',#7015,#5739,#5740);
#4805=AXIS2_PLACEMENT_3D('',#7018,#5743,#5744);
#4806=AXIS2_PLACEMENT_3D('',#7019,#5745,#5746);
#4807=AXIS2_PLACEMENT_3D('',#7020,#5747,#5748);
#4808=AXIS2_PLACEMENT_3D('',#7021,#5749,#5750);
#4809=AXIS2_PLACEMENT_3D('',#7022,#5751,#5752);
#4810=AXIS2_PLACEMENT_3D('',#7024,#5753,#5754);
#4811=AXIS2_PLACEMENT_3D('',#7027,#5756,#5757);
#4812=AXIS2_PLACEMENT_3D('',#7028,#5758,#5759);
#4813=AXIS2_PLACEMENT_3D('',#7029,#5760,#5761);
#4814=AXIS2_PLACEMENT_3D('',#7031,#5762,#5763);
#4815=AXIS2_PLACEMENT_3D('',#7034,#5765,#5766);
#4816=AXIS2_PLACEMENT_3D('',#7035,#5767,#5768);
#4817=AXIS2_PLACEMENT_3D('',#7036,#5769,#5770);
#4818=AXIS2_PLACEMENT_3D('',#7045,#5775,#5776);
#4819=AXIS2_PLACEMENT_3D('',#7054,#5781,#5782);
#4820=AXIS2_PLACEMENT_3D('',#7060,#5786,#5787);
#4821=AXIS2_PLACEMENT_3D('',#7066,#5791,#5792);
#4822=AXIS2_PLACEMENT_3D('',#7069,#5795,#5796);
#4823=AXIS2_PLACEMENT_3D('',#7071,#5798,#5799);
#4824=AXIS2_PLACEMENT_3D('',#7073,#5801,#5802);
#4825=AXIS2_PLACEMENT_3D('',#7074,#5803,#5804);
#4826=AXIS2_PLACEMENT_3D('',#7076,#5805,#5806);
#4827=AXIS2_PLACEMENT_3D('',#7079,#5808,#5809);
#4828=AXIS2_PLACEMENT_3D('',#7080,#5810,#5811);
#4829=AXIS2_PLACEMENT_3D('',#7081,#5812,#5813);
#4830=AXIS2_PLACEMENT_3D('',#7083,#5814,#5815);
#4831=AXIS2_PLACEMENT_3D('',#7086,#5817,#5818);
#4832=AXIS2_PLACEMENT_3D('',#7087,#5819,#5820);
#4833=AXIS2_PLACEMENT_3D('',#7088,#5821,#5822);
#4834=AXIS2_PLACEMENT_3D('',#7097,#5827,#5828);
#4835=AXIS2_PLACEMENT_3D('',#7106,#5833,#5834);
#4836=AXIS2_PLACEMENT_3D('',#7112,#5838,#5839);
#4837=AXIS2_PLACEMENT_3D('',#7118,#5843,#5844);
#4838=AXIS2_PLACEMENT_3D('',#7121,#5847,#5848);
#4839=AXIS2_PLACEMENT_3D('',#7123,#5850,#5851);
#4840=AXIS2_PLACEMENT_3D('',#7125,#5853,#5854);
#4841=AXIS2_PLACEMENT_3D('',#7126,#5855,#5856);
#4842=AXIS2_PLACEMENT_3D('',#7128,#5857,#5858);
#4843=AXIS2_PLACEMENT_3D('',#7131,#5860,#5861);
#4844=AXIS2_PLACEMENT_3D('',#7132,#5862,#5863);
#4845=AXIS2_PLACEMENT_3D('',#7133,#5864,#5865);
#4846=AXIS2_PLACEMENT_3D('',#7135,#5866,#5867);
#4847=AXIS2_PLACEMENT_3D('',#7138,#5869,#5870);
#4848=AXIS2_PLACEMENT_3D('',#7139,#5871,#5872);
#4849=AXIS2_PLACEMENT_3D('',#7140,#5873,#5874);
#4850=AXIS2_PLACEMENT_3D('',#7149,#5879,#5880);
#4851=AXIS2_PLACEMENT_3D('',#7158,#5885,#5886);
#4852=AXIS2_PLACEMENT_3D('',#7164,#5890,#5891);
#4853=AXIS2_PLACEMENT_3D('',#7170,#5895,#5896);
#4854=AXIS2_PLACEMENT_3D('',#7173,#5899,#5900);
#4855=AXIS2_PLACEMENT_3D('',#7175,#5902,#5903);
#4856=AXIS2_PLACEMENT_3D('',#7177,#5905,#5906);
#4857=AXIS2_PLACEMENT_3D('',#7178,#5907,#5908);
#4858=AXIS2_PLACEMENT_3D('',#7180,#5909,#5910);
#4859=AXIS2_PLACEMENT_3D('',#7183,#5912,#5913);
#4860=AXIS2_PLACEMENT_3D('',#7184,#5914,#5915);
#4861=AXIS2_PLACEMENT_3D('',#7185,#5916,#5917);
#4862=AXIS2_PLACEMENT_3D('',#7187,#5918,#5919);
#4863=AXIS2_PLACEMENT_3D('',#7190,#5921,#5922);
#4864=AXIS2_PLACEMENT_3D('',#7191,#5923,#5924);
#4865=AXIS2_PLACEMENT_3D('',#7192,#5925,#5926);
#4866=AXIS2_PLACEMENT_3D('',#7201,#5931,#5932);
#4867=AXIS2_PLACEMENT_3D('',#7210,#5937,#5938);
#4868=AXIS2_PLACEMENT_3D('',#7216,#5942,#5943);
#4869=AXIS2_PLACEMENT_3D('',#7222,#5947,#5948);
#4870=AXIS2_PLACEMENT_3D('',#7225,#5951,#5952);
#4871=AXIS2_PLACEMENT_3D('',#7227,#5954,#5955);
#4872=AXIS2_PLACEMENT_3D('',#7229,#5957,#5958);
#4873=AXIS2_PLACEMENT_3D('',#7230,#5959,#5960);
#4874=AXIS2_PLACEMENT_3D('',#7239,#5965,#5966);
#4875=AXIS2_PLACEMENT_3D('',#7245,#5970,#5971);
#4876=AXIS2_PLACEMENT_3D('',#7251,#5975,#5976);
#4877=AXIS2_PLACEMENT_3D('',#7257,#5980,#5981);
#4878=AXIS2_PLACEMENT_3D('',#7263,#5985,#5986);
#4879=AXIS2_PLACEMENT_3D('',#7265,#5988,#5989);
#4880=AXIS2_PLACEMENT_3D('',#7267,#5991,#5992);
#4881=AXIS2_PLACEMENT_3D('',#7269,#5993,#5994);
#4882=AXIS2_PLACEMENT_3D('',#7271,#5995,#5996);
#4883=AXIS2_PLACEMENT_3D('',#7272,#5997,#5998);
#4884=AXIS2_PLACEMENT_3D('',#7274,#5999,#6000);
#4885=AXIS2_PLACEMENT_3D('',#7276,#6002,#6003);
#4886=AXIS2_PLACEMENT_3D('',#7277,#6004,#6005);
#4887=AXIS2_PLACEMENT_3D('',#7280,#6007,#6008);
#4888=AXIS2_PLACEMENT_3D('',#7281,#6009,#6010);
#4889=AXIS2_PLACEMENT_3D('',#7282,#6011,#6012);
#4890=AXIS2_PLACEMENT_3D('',#7291,#6017,#6018);
#4891=AXIS2_PLACEMENT_3D('',#7297,#6022,#6023);
#4892=AXIS2_PLACEMENT_3D('',#7303,#6027,#6028);
#4893=AXIS2_PLACEMENT_3D('',#7309,#6032,#6033);
#4894=AXIS2_PLACEMENT_3D('',#7315,#6037,#6038);
#4895=AXIS2_PLACEMENT_3D('',#7317,#6040,#6041);
#4896=AXIS2_PLACEMENT_3D('',#7319,#6043,#6044);
#4897=AXIS2_PLACEMENT_3D('',#7321,#6045,#6046);
#4898=AXIS2_PLACEMENT_3D('',#7323,#6047,#6048);
#4899=AXIS2_PLACEMENT_3D('',#7324,#6049,#6050);
#4900=AXIS2_PLACEMENT_3D('',#7326,#6051,#6052);
#4901=AXIS2_PLACEMENT_3D('',#7328,#6054,#6055);
#4902=AXIS2_PLACEMENT_3D('',#7329,#6056,#6057);
#4903=AXIS2_PLACEMENT_3D('',#7332,#6059,#6060);
#4904=AXIS2_PLACEMENT_3D('',#7333,#6061,#6062);
#4905=AXIS2_PLACEMENT_3D('',#7334,#6063,#6064);
#4906=AXIS2_PLACEMENT_3D('',#7343,#6069,#6070);
#4907=AXIS2_PLACEMENT_3D('',#7349,#6074,#6075);
#4908=AXIS2_PLACEMENT_3D('',#7355,#6079,#6080);
#4909=AXIS2_PLACEMENT_3D('',#7361,#6084,#6085);
#4910=AXIS2_PLACEMENT_3D('',#7367,#6089,#6090);
#4911=AXIS2_PLACEMENT_3D('',#7369,#6092,#6093);
#4912=AXIS2_PLACEMENT_3D('',#7371,#6095,#6096);
#4913=AXIS2_PLACEMENT_3D('',#7373,#6097,#6098);
#4914=AXIS2_PLACEMENT_3D('',#7375,#6099,#6100);
#4915=AXIS2_PLACEMENT_3D('',#7376,#6101,#6102);
#4916=AXIS2_PLACEMENT_3D('',#7378,#6103,#6104);
#4917=AXIS2_PLACEMENT_3D('',#7380,#6106,#6107);
#4918=AXIS2_PLACEMENT_3D('',#7381,#6108,#6109);
#4919=AXIS2_PLACEMENT_3D('',#7384,#6111,#6112);
#4920=AXIS2_PLACEMENT_3D('',#7385,#6113,#6114);
#4921=AXIS2_PLACEMENT_3D('',#7386,#6115,#6116);
#4922=AXIS2_PLACEMENT_3D('',#7395,#6121,#6122);
#4923=AXIS2_PLACEMENT_3D('',#7401,#6126,#6127);
#4924=AXIS2_PLACEMENT_3D('',#7407,#6131,#6132);
#4925=AXIS2_PLACEMENT_3D('',#7413,#6136,#6137);
#4926=AXIS2_PLACEMENT_3D('',#7419,#6141,#6142);
#4927=AXIS2_PLACEMENT_3D('',#7421,#6144,#6145);
#4928=AXIS2_PLACEMENT_3D('',#7423,#6147,#6148);
#4929=AXIS2_PLACEMENT_3D('',#7425,#6149,#6150);
#4930=AXIS2_PLACEMENT_3D('',#7427,#6151,#6152);
#4931=AXIS2_PLACEMENT_3D('',#7428,#6153,#6154);
#4932=AXIS2_PLACEMENT_3D('',#7430,#6155,#6156);
#4933=AXIS2_PLACEMENT_3D('',#7432,#6158,#6159);
#4934=AXIS2_PLACEMENT_3D('',#7433,#6160,#6161);
#4935=AXIS2_PLACEMENT_3D('',#7436,#6163,#6164);
#4936=AXIS2_PLACEMENT_3D('',#7437,#6165,#6166);
#4937=DIRECTION('axis',(0.,0.,1.));
#4938=DIRECTION('refdir',(1.,0.,0.));
#4939=DIRECTION('center_axis',(0.,-0.984807753012208,0.173648177666932));
#4940=DIRECTION('ref_axis',(0.,0.173648177666932,0.984807753012208));
#4941=DIRECTION('center_axis',(0.,-0.984807753012209,0.173648177666928));
#4942=DIRECTION('ref_axis',(0.,0.173648177666932,0.984807753012208));
#4943=DIRECTION('',(0.,-0.984807753012208,0.173648177666932));
#4944=DIRECTION('center_axis',(0.,0.984807753012209,-0.173648177666928));
#4945=DIRECTION('ref_axis',(0.,0.173648177666932,0.984807753012208));
#4946=DIRECTION('center_axis',(0.,-0.984807753012207,0.173648177666936));
#4947=DIRECTION('ref_axis',(0.,0.173648177666936,0.984807753012207));
#4948=DIRECTION('center_axis',(0.,-0.984807753012208,0.173648177666934));
#4949=DIRECTION('ref_axis',(0.,0.173648177666936,0.984807753012207));
#4950=DIRECTION('',(0.,-0.984807753012207,0.173648177666936));
#4951=DIRECTION('center_axis',(0.,0.984807753012208,-0.173648177666934));
#4952=DIRECTION('ref_axis',(0.,0.173648177666936,0.984807753012207));
#4953=DIRECTION('center_axis',(0.,-0.984807753012208,0.173648177666932));
#4954=DIRECTION('ref_axis',(0.,0.173648177666932,0.984807753012208));
#4955=DIRECTION('center_axis',(0.,-0.984807753012209,0.173648177666928));
#4956=DIRECTION('ref_axis',(0.,0.173648177666932,0.984807753012208));
#4957=DIRECTION('',(0.,-0.984807753012208,0.173648177666932));
#4958=DIRECTION('center_axis',(0.,0.984807753012209,-0.173648177666928));
#4959=DIRECTION('ref_axis',(0.,0.173648177666932,0.984807753012208));
#4960=DIRECTION('center_axis',(0.,-0.984807753012207,0.173648177666935));
#4961=DIRECTION('ref_axis',(0.,0.173648177666935,0.984807753012207));
#4962=DIRECTION('center_axis',(0.,-0.984807753012208,0.173648177666932));
#4963=DIRECTION('ref_axis',(0.,0.173648177666935,0.984807753012207));
#4964=DIRECTION('',(0.,-0.984807753012207,0.173648177666935));
#4965=DIRECTION('center_axis',(0.,0.984807753012208,-0.173648177666932));
#4966=DIRECTION('ref_axis',(0.,0.173648177666935,0.984807753012207));
#4967=DIRECTION('center_axis',(4.02158212363673E-16,-0.984807753012208,
0.17364817766693));
#4968=DIRECTION('ref_axis',(-3.51842845256725E-17,0.17364817766693,0.984807753012208));
#4969=DIRECTION('',(-4.02158212363673E-16,0.984807753012208,-0.17364817766693));
#4970=DIRECTION('center_axis',(-4.02158212363673E-16,0.984807753012208,
-0.17364817766693));
#4971=DIRECTION('ref_axis',(-3.51842845256725E-17,0.17364817766693,0.984807753012208));
#4972=DIRECTION('',(-4.02158212363673E-16,0.984807753012208,-0.17364817766693));
#4973=DIRECTION('center_axis',(4.02158212363673E-16,-0.984807753012208,
0.17364817766693));
#4974=DIRECTION('ref_axis',(-3.51842845256725E-17,0.17364817766693,0.984807753012208));
#4975=DIRECTION('center_axis',(4.02158212363673E-16,-0.984807753012208,
0.17364817766693));
#4976=DIRECTION('ref_axis',(-3.51842845256725E-17,0.17364817766693,0.984807753012208));
#4977=DIRECTION('',(3.51842845256725E-17,-0.17364817766693,-0.984807753012208));
#4978=DIRECTION('center_axis',(4.02158212363673E-16,-0.984807753012208,
0.17364817766693));
#4979=DIRECTION('ref_axis',(-3.51842845256725E-17,0.17364817766693,0.984807753012208));
#4980=DIRECTION('',(1.,4.02158212363673E-16,-3.51842845256725E-17));
#4981=DIRECTION('center_axis',(4.02158212363673E-16,-0.984807753012208,
0.17364817766693));
#4982=DIRECTION('ref_axis',(-3.51842845256725E-17,0.17364817766693,0.984807753012208));
#4983=DIRECTION('',(-3.51842845256725E-17,0.17364817766693,0.984807753012208));
#4984=DIRECTION('center_axis',(4.02158212363673E-16,-0.984807753012208,
0.17364817766693));
#4985=DIRECTION('ref_axis',(-3.51842845256725E-17,0.17364817766693,0.984807753012208));
#4986=DIRECTION('',(-1.,-4.02158212363673E-16,3.51842845256725E-17));
#4987=DIRECTION('center_axis',(4.02158212363673E-16,-0.984807753012208,
0.17364817766693));
#4988=DIRECTION('ref_axis',(-3.51842845256725E-17,0.17364817766693,0.984807753012208));
#4989=DIRECTION('',(-4.02158212363673E-16,0.984807753012208,-0.17364817766693));
#4990=DIRECTION('center_axis',(-4.02158212363673E-16,0.984807753012208,
-0.17364817766693));
#4991=DIRECTION('ref_axis',(-3.51842845256725E-17,0.17364817766693,0.984807753012208));
#4992=DIRECTION('',(-4.02158212363673E-16,0.984807753012208,-0.17364817766693));
#4993=DIRECTION('center_axis',(4.02158212363673E-16,-0.984807753012208,
0.17364817766693));
#4994=DIRECTION('ref_axis',(-3.51842845256725E-17,0.17364817766693,0.984807753012208));
#4995=DIRECTION('',(-4.02158212363673E-16,0.984807753012208,-0.17364817766693));
#4996=DIRECTION('center_axis',(-4.02158212363673E-16,0.984807753012208,
-0.17364817766693));
#4997=DIRECTION('ref_axis',(-3.51842845256725E-17,0.17364817766693,0.984807753012208));
#4998=DIRECTION('',(-4.02158212363673E-16,0.984807753012208,-0.17364817766693));
#4999=DIRECTION('center_axis',(4.02158212363673E-16,-0.984807753012208,
0.17364817766693));
#5000=DIRECTION('ref_axis',(-3.51842845256725E-17,0.17364817766693,0.984807753012208));
#5001=DIRECTION('',(-4.02158212363673E-16,0.984807753012208,-0.17364817766693));
#5002=DIRECTION('',(-4.02158212363673E-16,0.984807753012208,-0.17364817766693));
#5003=DIRECTION('center_axis',(-4.02158212363673E-16,0.984807753012208,
-0.17364817766693));
#5004=DIRECTION('ref_axis',(-3.51842845256725E-17,0.17364817766693,0.984807753012208));
#5005=DIRECTION('center_axis',(4.02158212363673E-16,-0.984807753012208,
0.17364817766693));
#5006=DIRECTION('ref_axis',(-3.51842845256725E-17,0.17364817766693,0.984807753012208));
#5007=DIRECTION('',(1.,4.02158212363673E-16,-3.51842845256725E-17));
#5008=DIRECTION('',(3.51842845256725E-17,-0.17364817766693,-0.984807753012208));
#5009=DIRECTION('',(-1.,-4.02158212363673E-16,3.51842845256725E-17));
#5010=DIRECTION('',(-3.51842845256725E-17,0.17364817766693,0.984807753012208));
#5011=DIRECTION('center_axis',(-3.51842845256725E-17,0.17364817766693,0.984807753012208));
#5012=DIRECTION('ref_axis',(-4.02158212363673E-16,0.984807753012208,-0.17364817766693));
#5013=DIRECTION('center_axis',(3.51842845256725E-17,-0.17364817766693,-0.984807753012208));
#5014=DIRECTION('ref_axis',(4.02158212363673E-16,-0.984807753012208,0.17364817766693));
#5015=DIRECTION('center_axis',(-1.,-4.02158212363673E-16,3.51842845256725E-17));
#5016=DIRECTION('ref_axis',(4.02158212363673E-16,-0.984807753012208,0.17364817766693));
#5017=DIRECTION('center_axis',(1.,4.02158212363673E-16,-3.51842845256725E-17));
#5018=DIRECTION('ref_axis',(-4.02158212363673E-16,0.984807753012208,-0.17364817766693));
#5019=DIRECTION('center_axis',(-3.51842845256725E-17,0.17364817766693,0.984807753012208));
#5020=DIRECTION('ref_axis',(-4.02158212363673E-16,0.984807753012208,-0.17364817766693));
#5021=DIRECTION('center_axis',(-3.51842845256725E-17,0.17364817766693,0.984807753012208));
#5022=DIRECTION('ref_axis',(-4.02158212363673E-16,0.984807753012208,-0.17364817766693));
#5023=DIRECTION('',(3.51842845256725E-17,-0.17364817766693,-0.984807753012208));
#5024=DIRECTION('center_axis',(3.51842845256725E-17,-0.17364817766693,-0.984807753012208));
#5025=DIRECTION('ref_axis',(-4.02158212363673E-16,0.984807753012208,-0.17364817766693));
#5026=DIRECTION('center_axis',(3.51842845256725E-17,-0.17364817766693,-0.984807753012208));
#5027=DIRECTION('ref_axis',(4.02158212363673E-16,-0.984807753012208,0.17364817766693));
#5028=DIRECTION('center_axis',(-3.51842845256725E-17,0.17364817766693,0.984807753012208));
#5029=DIRECTION('ref_axis',(-4.02158212363673E-16,0.984807753012208,-0.17364817766693));
#5030=DIRECTION('center_axis',(-3.51842845256725E-17,0.17364817766693,0.984807753012208));
#5031=DIRECTION('ref_axis',(-4.02158212363673E-16,0.984807753012208,-0.17364817766693));
#5032=DIRECTION('center_axis',(-3.51842845256725E-17,0.17364817766693,0.984807753012208));
#5033=DIRECTION('ref_axis',(-4.02158212363673E-16,0.984807753012208,-0.17364817766693));
#5034=DIRECTION('',(3.51842845256725E-17,-0.17364817766693,-0.984807753012208));
#5035=DIRECTION('center_axis',(3.51842845256725E-17,-0.17364817766693,-0.984807753012208));
#5036=DIRECTION('ref_axis',(-4.02158212363673E-16,0.984807753012208,-0.17364817766693));
#5037=DIRECTION('center_axis',(3.51842845256725E-17,-0.17364817766693,-0.984807753012208));
#5038=DIRECTION('ref_axis',(4.02158212363673E-16,-0.984807753012208,0.17364817766693));
#5039=DIRECTION('center_axis',(-3.51842845256725E-17,0.17364817766693,0.984807753012208));
#5040=DIRECTION('ref_axis',(-4.02158212363673E-16,0.984807753012208,-0.17364817766693));
#5041=DIRECTION('center_axis',(-3.51842845256725E-17,0.17364817766693,0.984807753012208));
#5042=DIRECTION('ref_axis',(-4.02158212363673E-16,0.984807753012208,-0.17364817766693));
#5043=DIRECTION('center_axis',(-3.51842845256725E-17,0.17364817766693,0.984807753012208));
#5044=DIRECTION('ref_axis',(-4.02158212363673E-16,0.984807753012208,-0.17364817766693));
#5045=DIRECTION('',(3.51842845256725E-17,-0.17364817766693,-0.984807753012208));
#5046=DIRECTION('center_axis',(3.51842845256725E-17,-0.17364817766693,-0.984807753012208));
#5047=DIRECTION('ref_axis',(-4.02158212363673E-16,0.984807753012208,-0.17364817766693));
#5048=DIRECTION('center_axis',(3.51842845256725E-17,-0.17364817766693,-0.984807753012208));
#5049=DIRECTION('ref_axis',(4.02158212363673E-16,-0.984807753012208,0.17364817766693));
#5050=DIRECTION('center_axis',(-3.51842845256725E-17,0.17364817766693,0.984807753012208));
#5051=DIRECTION('ref_axis',(-4.02158212363673E-16,0.984807753012208,-0.17364817766693));
#5052=DIRECTION('center_axis',(-3.51842845256725E-17,0.17364817766693,0.984807753012208));
#5053=DIRECTION('ref_axis',(-4.02158212363673E-16,0.984807753012208,-0.17364817766693));
#5054=DIRECTION('center_axis',(-3.51842845256725E-17,0.17364817766693,0.984807753012208));
#5055=DIRECTION('ref_axis',(-4.02158212363673E-16,0.984807753012208,-0.17364817766693));
#5056=DIRECTION('',(3.51842845256725E-17,-0.17364817766693,-0.984807753012208));
#5057=DIRECTION('center_axis',(3.51842845256725E-17,-0.17364817766693,-0.984807753012208));
#5058=DIRECTION('ref_axis',(-4.02158212363673E-16,0.984807753012208,-0.17364817766693));
#5059=DIRECTION('center_axis',(3.51842845256725E-17,-0.17364817766693,-0.984807753012208));
#5060=DIRECTION('ref_axis',(4.02158212363673E-16,-0.984807753012208,0.17364817766693));
#5061=DIRECTION('center_axis',(-3.51842845256725E-17,0.17364817766693,0.984807753012208));
#5062=DIRECTION('ref_axis',(-4.02158212363673E-16,0.984807753012208,-0.17364817766693));
#5063=DIRECTION('center_axis',(0.,-0.173648177992044,-0.984807752954882));
#5064=DIRECTION('ref_axis',(0.,0.984807752954882,-0.173648177992044));
#5065=DIRECTION('',(-1.,0.,0.));
#5066=DIRECTION('',(0.,0.984807752954882,-0.173648177992044));
#5067=DIRECTION('',(-1.,0.,0.));
#5068=DIRECTION('',(0.,0.984807752954882,-0.173648177992044));
#5069=DIRECTION('center_axis',(1.,0.,0.));
#5070=DIRECTION('ref_axis',(0.,0.984807752954882,-0.173648177992044));
#5071=DIRECTION('',(0.,-0.173648177992044,-0.984807752954882));
#5072=DIRECTION('',(0.,-0.173648177992044,-0.984807752954882));
#5073=DIRECTION('',(0.,0.984807752954882,-0.173648177992044));
#5074=DIRECTION('center_axis',(0.,-0.984807752954882,0.173648177992044));
#5075=DIRECTION('ref_axis',(1.,0.,0.));
#5076=DIRECTION('',(0.,0.173648177992044,0.984807752954882));
#5077=DIRECTION('',(1.,0.,0.));
#5078=DIRECTION('center_axis',(0.,0.173648177992044,0.984807752954882));
#5079=DIRECTION('ref_axis',(0.,-0.984807752954882,0.173648177992044));
#5080=DIRECTION('',(1.,0.,0.));
#5081=DIRECTION('',(0.,0.984807752954882,-0.173648177992044));
#5082=DIRECTION('center_axis',(-1.,0.,0.));
#5083=DIRECTION('ref_axis',(0.,-0.984807752954882,0.173648177992044));
#5084=DIRECTION('',(0.,0.173648177992044,0.984807752954882));
#5085=DIRECTION('center_axis',(0.,-0.984807752954882,0.173648177992044));
#5086=DIRECTION('ref_axis',(1.,0.,0.));
#5087=DIRECTION('',(0.,0.173648177992044,0.984807752954882));
#5088=DIRECTION('',(-1.,0.,0.));
#5089=DIRECTION('',(0.,-0.173648177992044,-0.984807752954882));
#5090=DIRECTION('',(1.,0.,0.));
#5091=DIRECTION('center_axis',(0.,-0.984807752954882,0.173648177992044));
#5092=DIRECTION('ref_axis',(1.,0.,0.));
#5093=DIRECTION('',(0.,-0.173648177992044,-0.984807752954882));
#5094=DIRECTION('',(-1.,0.,0.));
#5095=DIRECTION('',(0.,0.173648177992044,0.984807752954882));
#5096=DIRECTION('',(1.,0.,0.));
#5097=DIRECTION('center_axis',(0.,0.173648177992044,0.984807752954882));
#5098=DIRECTION('ref_axis',(0.,-0.984807752954882,0.173648177992044));
#5099=DIRECTION('',(0.,0.984807752954882,-0.173648177992044));
#5100=DIRECTION('',(0.,0.984807752954882,-0.173648177992044));
#5101=DIRECTION('center_axis',(1.,0.,0.));
#5102=DIRECTION('ref_axis',(0.,0.984807752954882,-0.173648177992044));
#5103=DIRECTION('',(0.,0.984807752954882,-0.173648177992044));
#5104=DIRECTION('center_axis',(0.,-0.173648177992044,-0.984807752954882));
#5105=DIRECTION('ref_axis',(0.,0.984807752954882,-0.173648177992044));
#5106=DIRECTION('',(0.,0.984807752954882,-0.173648177992044));
#5107=DIRECTION('center_axis',(-1.,0.,0.));
#5108=DIRECTION('ref_axis',(0.,-0.984807752954882,0.173648177992044));
#5109=DIRECTION('center_axis',(0.,0.984807752954882,-0.173648177992044));
#5110=DIRECTION('ref_axis',(1.,0.,0.));
#5111=DIRECTION('center_axis',(0.,0.984807752954882,-0.173648177992044));
#5112=DIRECTION('ref_axis',(1.,0.,0.));
#5113=DIRECTION('',(0.,-0.984807752954882,0.173648177992044));
#5114=DIRECTION('center_axis',(0.,-0.984807752954882,0.173648177992044));
#5115=DIRECTION('ref_axis',(1.,0.,0.));
#5116=DIRECTION('center_axis',(0.,-0.984807752954882,0.173648177992044));
#5117=DIRECTION('ref_axis',(-1.,0.,0.));
#5118=DIRECTION('center_axis',(0.,0.984807752954882,-0.173648177992044));
#5119=DIRECTION('ref_axis',(1.,0.,0.));
#5120=DIRECTION('center_axis',(0.,0.984807752954882,-0.173648177992045));
#5121=DIRECTION('ref_axis',(1.,0.,0.));
#5122=DIRECTION('center_axis',(0.,0.984807752954882,-0.173648177992045));
#5123=DIRECTION('ref_axis',(1.,0.,0.));
#5124=DIRECTION('',(0.,-0.984807752954882,0.173648177992045));
#5125=DIRECTION('center_axis',(0.,-0.984807752954882,0.173648177992045));
#5126=DIRECTION('ref_axis',(1.,0.,0.));
#5127=DIRECTION('center_axis',(0.,-0.984807752954882,0.173648177992045));
#5128=DIRECTION('ref_axis',(-1.,0.,0.));
#5129=DIRECTION('center_axis',(0.,0.984807752954882,-0.173648177992045));
#5130=DIRECTION('ref_axis',(1.,0.,0.));
#5131=DIRECTION('center_axis',(0.,-0.173648177992044,-0.984807752954882));
#5132=DIRECTION('ref_axis',(0.,0.984807752954882,-0.173648177992044));
#5133=DIRECTION('',(-1.,0.,0.));
#5134=DIRECTION('',(0.,0.984807752954882,-0.173648177992044));
#5135=DIRECTION('',(-1.,0.,0.));
#5136=DIRECTION('',(0.,0.984807752954882,-0.173648177992044));
#5137=DIRECTION('center_axis',(1.,0.,0.));
#5138=DIRECTION('ref_axis',(0.,0.984807752954882,-0.173648177992044));
#5139=DIRECTION('',(0.,-0.173648177992044,-0.984807752954882));
#5140=DIRECTION('',(0.,-0.173648177992044,-0.984807752954882));
#5141=DIRECTION('',(0.,0.984807752954882,-0.173648177992044));
#5142=DIRECTION('center_axis',(0.,-0.984807752954882,0.173648177992044));
#5143=DIRECTION('ref_axis',(1.,0.,0.));
#5144=DIRECTION('',(0.,0.173648177992044,0.984807752954882));
#5145=DIRECTION('',(1.,0.,0.));
#5146=DIRECTION('center_axis',(0.,0.173648177992044,0.984807752954882));
#5147=DIRECTION('ref_axis',(0.,-0.984807752954882,0.173648177992044));
#5148=DIRECTION('',(1.,0.,0.));
#5149=DIRECTION('',(0.,0.984807752954882,-0.173648177992044));
#5150=DIRECTION('center_axis',(-1.,0.,0.));
#5151=DIRECTION('ref_axis',(0.,-0.984807752954882,0.173648177992044));
#5152=DIRECTION('',(0.,0.173648177992044,0.984807752954882));
#5153=DIRECTION('center_axis',(0.,-0.984807752954882,0.173648177992044));
#5154=DIRECTION('ref_axis',(1.,0.,0.));
#5155=DIRECTION('',(0.,0.173648177992044,0.984807752954882));
#5156=DIRECTION('',(-1.,0.,0.));
#5157=DIRECTION('',(0.,-0.173648177992044,-0.984807752954882));
#5158=DIRECTION('',(1.,0.,0.));
#5159=DIRECTION('center_axis',(0.,-0.984807752954882,0.173648177992044));
#5160=DIRECTION('ref_axis',(1.,0.,0.));
#5161=DIRECTION('',(0.,-0.173648177992044,-0.984807752954882));
#5162=DIRECTION('',(-1.,0.,0.));
#5163=DIRECTION('',(0.,0.173648177992044,0.984807752954882));
#5164=DIRECTION('',(1.,0.,0.));
#5165=DIRECTION('center_axis',(0.,0.173648177992044,0.984807752954882));
#5166=DIRECTION('ref_axis',(0.,-0.984807752954882,0.173648177992044));
#5167=DIRECTION('',(0.,0.984807752954882,-0.173648177992044));
#5168=DIRECTION('',(0.,0.984807752954882,-0.173648177992044));
#5169=DIRECTION('center_axis',(1.,0.,0.));
#5170=DIRECTION('ref_axis',(0.,0.984807752954882,-0.173648177992044));
#5171=DIRECTION('',(0.,0.984807752954882,-0.173648177992044));
#5172=DIRECTION('center_axis',(0.,-0.173648177992044,-0.984807752954882));
#5173=DIRECTION('ref_axis',(0.,0.984807752954882,-0.173648177992044));
#5174=DIRECTION('',(0.,0.984807752954882,-0.173648177992044));
#5175=DIRECTION('center_axis',(-1.,0.,0.));
#5176=DIRECTION('ref_axis',(0.,-0.984807752954882,0.173648177992044));
#5177=DIRECTION('center_axis',(0.,0.984807752954882,-0.173648177992042));
#5178=DIRECTION('ref_axis',(1.,0.,0.));
#5179=DIRECTION('center_axis',(0.,0.984807752954882,-0.173648177992042));
#5180=DIRECTION('ref_axis',(1.,0.,0.));
#5181=DIRECTION('',(0.,-0.984807752954882,0.173648177992042));
#5182=DIRECTION('center_axis',(0.,-0.984807752954882,0.173648177992042));
#5183=DIRECTION('ref_axis',(1.,0.,0.));
#5184=DIRECTION('center_axis',(0.,-0.984807752954882,0.173648177992042));
#5185=DIRECTION('ref_axis',(-1.,0.,0.));
#5186=DIRECTION('center_axis',(0.,0.984807752954882,-0.173648177992042));
#5187=DIRECTION('ref_axis',(1.,0.,0.));
#5188=DIRECTION('center_axis',(0.,0.984807752954881,-0.173648177992046));
#5189=DIRECTION('ref_axis',(1.,0.,0.));
#5190=DIRECTION('center_axis',(0.,0.984807752954881,-0.173648177992046));
#5191=DIRECTION('ref_axis',(1.,0.,0.));
#5192=DIRECTION('',(0.,-0.984807752954881,0.173648177992046));
#5193=DIRECTION('center_axis',(0.,-0.984807752954881,0.173648177992046));
#5194=DIRECTION('ref_axis',(1.,0.,0.));
#5195=DIRECTION('center_axis',(0.,-0.984807752954881,0.173648177992046));
#5196=DIRECTION('ref_axis',(-1.,0.,0.));
#5197=DIRECTION('center_axis',(0.,0.984807752954881,-0.173648177992046));
#5198=DIRECTION('ref_axis',(1.,0.,0.));
#5199=DIRECTION('center_axis',(0.,-0.173648177992044,-0.984807752954882));
#5200=DIRECTION('ref_axis',(0.,0.984807752954882,-0.173648177992044));
#5201=DIRECTION('',(-1.,0.,0.));
#5202=DIRECTION('',(0.,0.984807752954882,-0.173648177992044));
#5203=DIRECTION('',(-1.,0.,0.));
#5204=DIRECTION('',(0.,0.984807752954882,-0.173648177992044));
#5205=DIRECTION('center_axis',(1.,0.,0.));
#5206=DIRECTION('ref_axis',(0.,0.984807752954882,-0.173648177992044));
#5207=DIRECTION('',(0.,-0.173648177992044,-0.984807752954882));
#5208=DIRECTION('',(0.,-0.173648177992044,-0.984807752954882));
#5209=DIRECTION('',(0.,0.984807752954882,-0.173648177992044));
#5210=DIRECTION('center_axis',(0.,-0.984807752954882,0.173648177992044));
#5211=DIRECTION('ref_axis',(1.,0.,0.));
#5212=DIRECTION('',(0.,0.173648177992044,0.984807752954882));
#5213=DIRECTION('',(1.,0.,0.));
#5214=DIRECTION('center_axis',(0.,0.173648177992044,0.984807752954882));
#5215=DIRECTION('ref_axis',(0.,-0.984807752954882,0.173648177992044));
#5216=DIRECTION('',(1.,0.,0.));
#5217=DIRECTION('',(0.,0.984807752954882,-0.173648177992044));
#5218=DIRECTION('center_axis',(-1.,0.,0.));
#5219=DIRECTION('ref_axis',(0.,-0.984807752954882,0.173648177992044));
#5220=DIRECTION('',(0.,0.173648177992044,0.984807752954882));
#5221=DIRECTION('center_axis',(0.,-0.984807752954882,0.173648177992044));
#5222=DIRECTION('ref_axis',(1.,0.,0.));
#5223=DIRECTION('',(0.,0.173648177992044,0.984807752954882));
#5224=DIRECTION('',(-1.,0.,0.));
#5225=DIRECTION('',(0.,-0.173648177992044,-0.984807752954882));
#5226=DIRECTION('',(1.,0.,0.));
#5227=DIRECTION('center_axis',(0.,-0.984807752954882,0.173648177992044));
#5228=DIRECTION('ref_axis',(1.,0.,0.));
#5229=DIRECTION('',(0.,-0.173648177992044,-0.984807752954882));
#5230=DIRECTION('',(-1.,0.,0.));
#5231=DIRECTION('',(0.,0.173648177992044,0.984807752954882));
#5232=DIRECTION('',(1.,0.,0.));
#5233=DIRECTION('center_axis',(0.,0.173648177992044,0.984807752954882));
#5234=DIRECTION('ref_axis',(0.,-0.984807752954882,0.173648177992044));
#5235=DIRECTION('',(0.,0.984807752954882,-0.173648177992044));
#5236=DIRECTION('',(0.,0.984807752954882,-0.173648177992044));
#5237=DIRECTION('center_axis',(1.,0.,0.));
#5238=DIRECTION('ref_axis',(0.,0.984807752954882,-0.173648177992044));
#5239=DIRECTION('',(0.,0.984807752954882,-0.173648177992044));
#5240=DIRECTION('center_axis',(0.,-0.173648177992044,-0.984807752954882));
#5241=DIRECTION('ref_axis',(0.,0.984807752954882,-0.173648177992044));
#5242=DIRECTION('',(0.,0.984807752954882,-0.173648177992044));
#5243=DIRECTION('center_axis',(-1.,0.,0.));
#5244=DIRECTION('ref_axis',(0.,-0.984807752954882,0.173648177992044));
#5245=DIRECTION('center_axis',(0.,0.984807752954881,-0.173648177992047));
#5246=DIRECTION('ref_axis',(1.,0.,0.));
#5247=DIRECTION('center_axis',(0.,0.984807752954881,-0.173648177992047));
#5248=DIRECTION('ref_axis',(1.,0.,0.));
#5249=DIRECTION('',(0.,-0.984807752954881,0.173648177992047));
#5250=DIRECTION('center_axis',(0.,-0.984807752954881,0.173648177992047));
#5251=DIRECTION('ref_axis',(1.,0.,0.));
#5252=DIRECTION('center_axis',(0.,-0.984807752954881,0.173648177992047));
#5253=DIRECTION('ref_axis',(-1.,0.,0.));
#5254=DIRECTION('center_axis',(0.,0.984807752954881,-0.173648177992047));
#5255=DIRECTION('ref_axis',(1.,0.,0.));
#5256=DIRECTION('center_axis',(0.,0.984807752954881,-0.173648177992046));
#5257=DIRECTION('ref_axis',(1.,0.,0.));
#5258=DIRECTION('center_axis',(0.,0.984807752954881,-0.173648177992046));
#5259=DIRECTION('ref_axis',(1.,0.,0.));
#5260=DIRECTION('',(0.,-0.984807752954881,0.173648177992046));
#5261=DIRECTION('center_axis',(0.,-0.984807752954881,0.173648177992046));
#5262=DIRECTION('ref_axis',(1.,0.,0.));
#5263=DIRECTION('center_axis',(0.,-0.984807752954881,0.173648177992046));
#5264=DIRECTION('ref_axis',(-1.,0.,0.));
#5265=DIRECTION('center_axis',(0.,0.984807752954881,-0.173648177992046));
#5266=DIRECTION('ref_axis',(1.,0.,0.));
#5267=DIRECTION('center_axis',(0.,-0.173648177992044,-0.984807752954882));
#5268=DIRECTION('ref_axis',(0.,0.984807752954882,-0.173648177992044));
#5269=DIRECTION('',(-1.,0.,0.));
#5270=DIRECTION('',(0.,0.984807752954882,-0.173648177992044));
#5271=DIRECTION('',(-1.,0.,0.));
#5272=DIRECTION('',(0.,0.984807752954882,-0.173648177992044));
#5273=DIRECTION('center_axis',(1.,0.,0.));
#5274=DIRECTION('ref_axis',(0.,0.984807752954882,-0.173648177992044));
#5275=DIRECTION('',(0.,-0.173648177992044,-0.984807752954882));
#5276=DIRECTION('',(0.,-0.173648177992044,-0.984807752954882));
#5277=DIRECTION('',(0.,0.984807752954882,-0.173648177992044));
#5278=DIRECTION('center_axis',(0.,-0.984807752954882,0.173648177992044));
#5279=DIRECTION('ref_axis',(1.,0.,0.));
#5280=DIRECTION('',(0.,0.173648177992044,0.984807752954882));
#5281=DIRECTION('',(1.,0.,0.));
#5282=DIRECTION('center_axis',(0.,0.173648177992044,0.984807752954882));
#5283=DIRECTION('ref_axis',(0.,-0.984807752954882,0.173648177992044));
#5284=DIRECTION('',(1.,0.,0.));
#5285=DIRECTION('',(0.,0.984807752954882,-0.173648177992044));
#5286=DIRECTION('center_axis',(-1.,0.,0.));
#5287=DIRECTION('ref_axis',(0.,-0.984807752954882,0.173648177992044));
#5288=DIRECTION('',(0.,0.173648177992044,0.984807752954882));
#5289=DIRECTION('center_axis',(0.,-0.984807752954882,0.173648177992044));
#5290=DIRECTION('ref_axis',(1.,0.,0.));
#5291=DIRECTION('',(0.,0.173648177992044,0.984807752954882));
#5292=DIRECTION('',(-1.,0.,0.));
#5293=DIRECTION('',(0.,-0.173648177992044,-0.984807752954882));
#5294=DIRECTION('',(1.,0.,0.));
#5295=DIRECTION('center_axis',(0.,-0.984807752954882,0.173648177992044));
#5296=DIRECTION('ref_axis',(1.,0.,0.));
#5297=DIRECTION('',(0.,-0.173648177992044,-0.984807752954882));
#5298=DIRECTION('',(-1.,0.,0.));
#5299=DIRECTION('',(0.,0.173648177992044,0.984807752954882));
#5300=DIRECTION('',(1.,0.,0.));
#5301=DIRECTION('center_axis',(0.,0.173648177992044,0.984807752954882));
#5302=DIRECTION('ref_axis',(0.,-0.984807752954882,0.173648177992044));
#5303=DIRECTION('',(0.,0.984807752954882,-0.173648177992044));
#5304=DIRECTION('',(0.,0.984807752954882,-0.173648177992044));
#5305=DIRECTION('center_axis',(1.,0.,0.));
#5306=DIRECTION('ref_axis',(0.,0.984807752954882,-0.173648177992044));
#5307=DIRECTION('',(0.,0.984807752954882,-0.173648177992044));
#5308=DIRECTION('center_axis',(0.,-0.173648177992044,-0.984807752954882));
#5309=DIRECTION('ref_axis',(0.,0.984807752954882,-0.173648177992044));
#5310=DIRECTION('',(0.,0.984807752954882,-0.173648177992044));
#5311=DIRECTION('center_axis',(-1.,0.,0.));
#5312=DIRECTION('ref_axis',(0.,-0.984807752954882,0.173648177992044));
#5313=DIRECTION('center_axis',(0.,0.984807752954882,-0.173648177992042));
#5314=DIRECTION('ref_axis',(1.,0.,0.));
#5315=DIRECTION('center_axis',(0.,0.984807752954882,-0.173648177992042));
#5316=DIRECTION('ref_axis',(1.,0.,0.));
#5317=DIRECTION('',(0.,-0.984807752954882,0.173648177992042));
#5318=DIRECTION('center_axis',(0.,-0.984807752954882,0.173648177992042));
#5319=DIRECTION('ref_axis',(1.,0.,0.));
#5320=DIRECTION('center_axis',(0.,-0.984807752954882,0.173648177992042));
#5321=DIRECTION('ref_axis',(-1.,0.,0.));
#5322=DIRECTION('center_axis',(0.,0.984807752954882,-0.173648177992042));
#5323=DIRECTION('ref_axis',(1.,0.,0.));
#5324=DIRECTION('center_axis',(0.,0.984807752954881,-0.173648177992047));
#5325=DIRECTION('ref_axis',(1.,0.,0.));
#5326=DIRECTION('center_axis',(0.,0.984807752954881,-0.173648177992047));
#5327=DIRECTION('ref_axis',(1.,0.,0.));
#5328=DIRECTION('',(0.,-0.984807752954881,0.173648177992047));
#5329=DIRECTION('center_axis',(0.,-0.984807752954881,0.173648177992047));
#5330=DIRECTION('ref_axis',(1.,0.,0.));
#5331=DIRECTION('center_axis',(0.,-0.984807752954881,0.173648177992047));
#5332=DIRECTION('ref_axis',(-1.,0.,0.));
#5333=DIRECTION('center_axis',(0.,0.984807752954881,-0.173648177992047));
#5334=DIRECTION('ref_axis',(1.,0.,0.));
#5335=DIRECTION('center_axis',(1.,0.,0.));
#5336=DIRECTION('ref_axis',(0.,0.984807752954882,-0.173648177992044));
#5337=DIRECTION('',(0.,-0.984807752954882,0.173648177992044));
#5338=DIRECTION('',(0.,0.173648177992044,0.984807752954882));
#5339=DIRECTION('',(0.,0.984807752954882,-0.173648177992044));
#5340=DIRECTION('',(0.,-0.173648177992044,-0.984807752954882));
#5341=DIRECTION('center_axis',(0.,0.173648177992044,0.984807752954882));
#5342=DIRECTION('ref_axis',(0.,-0.984807752954882,0.173648177992044));
#5343=DIRECTION('',(0.,-0.984807752954882,0.173648177992044));
#5344=DIRECTION('',(-1.,0.,0.));
#5345=DIRECTION('',(0.,0.984807752954882,-0.173648177992044));
#5346=DIRECTION('',(1.,0.,0.));
#5347=DIRECTION('center_axis',(-1.,0.,0.));
#5348=DIRECTION('ref_axis',(0.,-0.984807752954882,0.173648177992044));
#5349=DIRECTION('',(0.,-0.984807752954882,0.173648177992044));
#5350=DIRECTION('',(0.,-0.173648177992044,-0.984807752954882));
#5351=DIRECTION('',(0.,0.984807752954882,-0.173648177992044));
#5352=DIRECTION('',(0.,0.173648177992044,0.984807752954882));
#5353=DIRECTION('center_axis',(0.,-0.984807752954882,0.173648177992044));
#5354=DIRECTION('ref_axis',(1.,0.,0.));
#5355=DIRECTION('',(0.,-0.173648177992044,-0.984807752954882));
#5356=DIRECTION('',(1.,0.,0.));
#5357=DIRECTION('',(0.,0.173648177992044,0.984807752954882));
#5358=DIRECTION('',(-1.,0.,0.));
#5359=DIRECTION('',(1.,0.,0.));
#5360=DIRECTION('',(0.,0.173648177992044,0.984807752954882));
#5361=DIRECTION('',(0.,-0.173648177992044,-0.984807752954882));
#5362=DIRECTION('',(1.,0.,0.));
#5363=DIRECTION('',(-1.,0.,0.));
#5364=DIRECTION('center_axis',(0.,-0.173648177992044,-0.984807752954882));
#5365=DIRECTION('ref_axis',(0.,0.984807752954882,-0.173648177992044));
#5366=DIRECTION('',(0.,0.984807752954882,-0.173648177992044));
#5367=DIRECTION('',(-1.,0.,0.));
#5368=DIRECTION('',(0.,-0.984807752954882,0.173648177992044));
#5369=DIRECTION('center_axis',(1.,0.,0.));
#5370=DIRECTION('ref_axis',(0.,0.984807752954882,-0.173648177992044));
#5371=DIRECTION('',(0.,0.984807752954882,-0.173648177992044));
#5372=DIRECTION('',(0.,0.173648177992044,0.984807752954882));
#5373=DIRECTION('',(0.,0.984807752954882,-0.173648177992044));
#5374=DIRECTION('',(0.,-0.173648177992044,-0.984807752954882));
#5375=DIRECTION('center_axis',(0.,0.173648177992044,0.984807752954882));
#5376=DIRECTION('ref_axis',(0.,-0.984807752954882,0.173648177992044));
#5377=DIRECTION('',(0.,0.984807752954882,-0.173648177992044));
#5378=DIRECTION('',(-1.,0.,0.));
#5379=DIRECTION('',(0.,0.984807752954882,-0.173648177992044));
#5380=DIRECTION('',(-1.,0.,0.));
#5381=DIRECTION('',(0.,-0.984807752954882,0.173648177992044));
#5382=DIRECTION('',(1.,0.,0.));
#5383=DIRECTION('center_axis',(0.,0.173648177992044,0.984807752954882));
#5384=DIRECTION('ref_axis',(0.,-0.984807752954882,0.173648177992044));
#5385=DIRECTION('',(0.,-0.984807752954882,0.173648177992044));
#5386=DIRECTION('',(-1.,0.,0.));
#5387=DIRECTION('',(0.,0.984807752954882,-0.173648177992044));
#5388=DIRECTION('',(1.,0.,0.));
#5389=DIRECTION('center_axis',(1.,0.,0.));
#5390=DIRECTION('ref_axis',(0.,0.984807752954882,-0.173648177992044));
#5391=DIRECTION('',(0.,0.173648177992044,0.984807752954882));
#5392=DIRECTION('',(0.,0.984807752954882,-0.173648177992044));
#5393=DIRECTION('',(0.,-0.173648177992044,-0.984807752954882));
#5394=DIRECTION('center_axis',(0.,-0.984807752954882,0.173648177992044));
#5395=DIRECTION('ref_axis',(1.,0.,0.));
#5396=DIRECTION('',(0.,-0.173648177992044,-0.984807752954882));
#5397=DIRECTION('',(1.,0.,0.));
#5398=DIRECTION('',(0.,-0.173648177992044,-0.984807752954882));
#5399=DIRECTION('',(0.,-0.173648177992044,-0.984807752954882));
#5400=DIRECTION('',(1.,0.,0.));
#5401=DIRECTION('center_axis',(0.,-0.173648177992044,-0.984807752954882));
#5402=DIRECTION('ref_axis',(0.,0.984807752954882,-0.173648177992044));
#5403=DIRECTION('',(0.,0.984807752954882,-0.173648177992044));
#5404=DIRECTION('',(-1.,0.,0.));
#5405=DIRECTION('',(0.,0.984807752954882,-0.173648177992044));
#5406=DIRECTION('center_axis',(-1.,0.,0.));
#5407=DIRECTION('ref_axis',(0.,-0.984807752954882,0.173648177992044));
#5408=DIRECTION('',(0.,0.173648177992044,0.984807752954882));
#5409=DIRECTION('center_axis',(0.,-0.173648177992044,-0.984807752954882));
#5410=DIRECTION('ref_axis',(0.,0.984807752954882,-0.173648177992044));
#5411=DIRECTION('',(-1.,0.,0.));
#5412=DIRECTION('',(0.,0.984807752954882,-0.173648177992044));
#5413=DIRECTION('',(1.,0.,0.));
#5414=DIRECTION('center_axis',(0.,-0.984807752954882,0.173648177992044));
#5415=DIRECTION('ref_axis',(1.,0.,0.));
#5416=DIRECTION('',(0.,-0.173648177992044,-0.984807752954882));
#5417=DIRECTION('',(-1.,0.,0.));
#5418=DIRECTION('center_axis',(0.,0.173648177992044,0.984807752954882));
#5419=DIRECTION('ref_axis',(0.,-0.984807752954882,0.173648177992044));
#5420=DIRECTION('',(0.,0.984807752954882,-0.173648177992044));
#5421=DIRECTION('',(1.,0.,0.));
#5422=DIRECTION('center_axis',(-1.,0.,0.));
#5423=DIRECTION('ref_axis',(0.,-0.984807752954882,0.173648177992044));
#5424=DIRECTION('',(0.,0.173648177992044,0.984807752954882));
#5425=DIRECTION('center_axis',(-1.,0.,0.));
#5426=DIRECTION('ref_axis',(0.,-0.984807752954882,0.173648177992044));
#5427=DIRECTION('',(0.,-0.173648177992044,-0.984807752954882));
#5428=DIRECTION('',(0.,0.984807752954882,-0.173648177992044));
#5429=DIRECTION('',(0.,0.173648177992044,0.984807752954882));
#5430=DIRECTION('center_axis',(0.,-0.984807752954882,0.173648177992044));
#5431=DIRECTION('ref_axis',(1.,0.,0.));
#5432=DIRECTION('',(0.,0.173648177992044,0.984807752954882));
#5433=DIRECTION('',(1.,0.,0.));
#5434=DIRECTION('center_axis',(1.,0.,0.));
#5435=DIRECTION('ref_axis',(0.,0.984807752954882,-0.173648177992044));
#5436=DIRECTION('',(0.,-0.173648177992044,-0.984807752954882));
#5437=DIRECTION('',(0.,0.984807752954882,-0.173648177992044));
#5438=DIRECTION('center_axis',(0.,-0.173648177992044,-0.984807752954882));
#5439=DIRECTION('ref_axis',(0.,0.984807752954882,-0.173648177992044));
#5440=DIRECTION('',(-1.,0.,0.));
#5441=DIRECTION('center_axis',(-1.,0.,0.));
#5442=DIRECTION('ref_axis',(0.,-0.984807752954882,0.173648177992044));
#5443=DIRECTION('',(0.,0.984807752954882,-0.173648177992044));
#5444=DIRECTION('',(0.,-0.173648177992044,-0.984807752954882));
#5445=DIRECTION('',(0.,0.984807752954882,-0.173648177992044));
#5446=DIRECTION('',(0.,0.173648177992044,0.984807752954882));
#5447=DIRECTION('center_axis',(0.,-0.173648177992044,-0.984807752954882));
#5448=DIRECTION('ref_axis',(0.,0.984807752954882,-0.173648177992044));
#5449=DIRECTION('',(0.,0.984807752954882,-0.173648177992044));
#5450=DIRECTION('',(1.,0.,0.));
#5451=DIRECTION('',(0.,0.984807752954882,-0.173648177992044));
#5452=DIRECTION('',(1.,0.,0.));
#5453=DIRECTION('',(0.,-0.984807752954882,0.173648177992044));
#5454=DIRECTION('',(-1.,0.,0.));
#5455=DIRECTION('center_axis',(1.,0.,0.));
#5456=DIRECTION('ref_axis',(0.,0.984807752954882,-0.173648177992044));
#5457=DIRECTION('',(0.,-0.984807752954882,0.173648177992044));
#5458=DIRECTION('',(0.,0.173648177992044,0.984807752954882));
#5459=DIRECTION('',(0.,0.984807752954882,-0.173648177992044));
#5460=DIRECTION('',(0.,-0.173648177992044,-0.984807752954882));
#5461=DIRECTION('center_axis',(0.,-0.984807752954882,0.173648177992044));
#5462=DIRECTION('ref_axis',(1.,0.,0.));
#5463=DIRECTION('',(0.,0.173648177992044,0.984807752954882));
#5464=DIRECTION('',(-1.,0.,0.));
#5465=DIRECTION('',(0.,-0.173648177992044,-0.984807752954882));
#5466=DIRECTION('',(1.,0.,0.));
#5467=DIRECTION('',(-1.,0.,0.));
#5468=DIRECTION('',(0.,-0.173648177992044,-0.984807752954882));
#5469=DIRECTION('',(1.,0.,0.));
#5470=DIRECTION('',(0.,0.173648177992044,0.984807752954882));
#5471=DIRECTION('',(-1.,0.,0.));
#5472=DIRECTION('',(0.,-0.173648177992044,-0.984807752954882));
#5473=DIRECTION('center_axis',(-1.,0.,0.));
#5474=DIRECTION('ref_axis',(0.,-0.984807752954882,0.173648177992044));
#5475=DIRECTION('',(0.,0.984807752954882,-0.173648177992044));
#5476=DIRECTION('',(0.,0.173648177992044,0.984807752954882));
#5477=DIRECTION('center_axis',(0.,0.173648177992044,0.984807752954882));
#5478=DIRECTION('ref_axis',(0.,-0.984807752954882,0.173648177992044));
#5479=DIRECTION('',(0.,0.984807752954882,-0.173648177992044));
#5480=DIRECTION('',(1.,0.,0.));
#5481=DIRECTION('',(0.,-0.984807752954882,0.173648177992044));
#5482=DIRECTION('center_axis',(0.,-0.173648177992044,-0.984807752954882));
#5483=DIRECTION('ref_axis',(0.,0.984807752954882,-0.173648177992044));
#5484=DIRECTION('',(0.,0.984807752954882,-0.173648177992044));
#5485=DIRECTION('',(-1.,0.,0.));
#5486=DIRECTION('',(0.,-0.984807752954882,0.173648177992044));
#5487=DIRECTION('center_axis',(0.,0.173648177992044,0.984807752954882));
#5488=DIRECTION('ref_axis',(0.,-0.984807752954882,0.173648177992044));
#5489=DIRECTION('',(1.,0.,0.));
#5490=DIRECTION('',(0.,0.984807752954882,-0.173648177992044));
#5491=DIRECTION('',(-1.,0.,0.));
#5492=DIRECTION('center_axis',(0.,-0.984807752954882,0.173648177992044));
#5493=DIRECTION('ref_axis',(1.,0.,0.));
#5494=DIRECTION('',(0.,0.173648177992044,0.984807752954882));
#5495=DIRECTION('',(1.,0.,0.));
#5496=DIRECTION('center_axis',(1.,0.,0.));
#5497=DIRECTION('ref_axis',(0.,0.984807752954882,-0.173648177992044));
#5498=DIRECTION('',(0.,-0.173648177992044,-0.984807752954882));
#5499=DIRECTION('',(0.,0.984807752954882,-0.173648177992044));
#5500=DIRECTION('center_axis',(0.,-0.173648177992044,-0.984807752954882));
#5501=DIRECTION('ref_axis',(0.,0.984807752954882,-0.173648177992044));
#5502=DIRECTION('',(-1.,0.,0.));
#5503=DIRECTION('center_axis',(-1.,0.,0.));
#5504=DIRECTION('ref_axis',(0.,-0.984807752954882,0.173648177992044));
#5505=DIRECTION('',(0.,0.984807752954882,-0.173648177992044));
#5506=DIRECTION('',(0.,-0.173648177992044,-0.984807752954882));
#5507=DIRECTION('',(0.,0.984807752954882,-0.173648177992044));
#5508=DIRECTION('',(0.,0.173648177992044,0.984807752954882));
#5509=DIRECTION('center_axis',(0.,-0.173648177992044,-0.984807752954882));
#5510=DIRECTION('ref_axis',(0.,0.984807752954882,-0.173648177992044));
#5511=DIRECTION('',(0.,0.984807752954882,-0.173648177992044));
#5512=DIRECTION('',(1.,0.,0.));
#5513=DIRECTION('',(0.,0.984807752954882,-0.173648177992044));
#5514=DIRECTION('',(1.,0.,0.));
#5515=DIRECTION('',(0.,-0.984807752954882,0.173648177992044));
#5516=DIRECTION('',(-1.,0.,0.));
#5517=DIRECTION('center_axis',(0.,0.173648177992044,0.984807752954882));
#5518=DIRECTION('ref_axis',(0.,-0.984807752954882,0.173648177992044));
#5519=DIRECTION('',(0.,-0.984807752954882,0.173648177992044));
#5520=DIRECTION('',(-1.,0.,0.));
#5521=DIRECTION('',(0.,0.984807752954882,-0.173648177992044));
#5522=DIRECTION('',(1.,0.,0.));
#5523=DIRECTION('center_axis',(0.,-0.984807752954882,0.173648177992044));
#5524=DIRECTION('ref_axis',(1.,0.,0.));
#5525=DIRECTION('',(0.,-0.173648177992044,-0.984807752954882));
#5526=DIRECTION('',(1.,0.,0.));
#5527=DIRECTION('',(0.,0.173648177992044,0.984807752954882));
#5528=DIRECTION('',(-1.,0.,0.));
#5529=DIRECTION('',(0.,-0.173648177992044,-0.984807752954882));
#5530=DIRECTION('',(1.,0.,0.));
#5531=DIRECTION('',(0.,0.173648177992044,0.984807752954882));
#5532=DIRECTION('',(-1.,0.,0.));
#5533=DIRECTION('',(0.,-0.173648177992044,-0.984807752954882));
#5534=DIRECTION('',(0.,0.173648177992044,0.984807752954882));
#5535=DIRECTION('center_axis',(-1.,0.,0.));
#5536=DIRECTION('ref_axis',(0.,-0.984807752954882,0.173648177992044));
#5537=DIRECTION('',(0.,0.984807752954882,-0.173648177992044));
#5538=DIRECTION('',(0.,0.173648177992044,0.984807752954882));
#5539=DIRECTION('center_axis',(1.,0.,0.));
#5540=DIRECTION('ref_axis',(0.,0.984807752954882,-0.173648177992044));
#5541=DIRECTION('',(0.,0.984807752954882,-0.173648177992044));
#5542=DIRECTION('',(0.,-0.173648177992044,-0.984807752954882));
#5543=DIRECTION('',(0.,-0.984807752954882,0.173648177992044));
#5544=DIRECTION('center_axis',(0.,-0.173648177992044,-0.984807752954882));
#5545=DIRECTION('ref_axis',(0.,0.984807752954882,-0.173648177992044));
#5546=DIRECTION('',(0.,0.984807752954882,-0.173648177992044));
#5547=DIRECTION('',(-1.,0.,0.));
#5548=DIRECTION('',(0.,-0.984807752954882,0.173648177992044));
#5549=DIRECTION('center_axis',(0.,0.173648177992044,0.984807752954882));
#5550=DIRECTION('ref_axis',(0.,-0.984807752954882,0.173648177992044));
#5551=DIRECTION('',(1.,0.,0.));
#5552=DIRECTION('',(0.,0.984807752954882,-0.173648177992044));
#5553=DIRECTION('',(-1.,0.,0.));
#5554=DIRECTION('center_axis',(0.,-0.984807752954882,0.173648177992044));
#5555=DIRECTION('ref_axis',(1.,0.,0.));
#5556=DIRECTION('',(0.,0.173648177992044,0.984807752954882));
#5557=DIRECTION('',(1.,0.,0.));
#5558=DIRECTION('center_axis',(1.,0.,0.));
#5559=DIRECTION('ref_axis',(0.,0.984807752954882,-0.173648177992044));
#5560=DIRECTION('',(0.,-0.173648177992044,-0.984807752954882));
#5561=DIRECTION('',(0.,0.984807752954882,-0.173648177992044));
#5562=DIRECTION('center_axis',(0.,-0.173648177992044,-0.984807752954882));
#5563=DIRECTION('ref_axis',(0.,0.984807752954882,-0.173648177992044));
#5564=DIRECTION('',(-1.,0.,0.));
#5565=DIRECTION('center_axis',(1.,0.,0.));
#5566=DIRECTION('ref_axis',(0.,0.984807752954882,-0.173648177992044));
#5567=DIRECTION('',(0.,0.173648177992044,0.984807752954882));
#5568=DIRECTION('',(0.,0.984807752954882,-0.173648177992044));
#5569=DIRECTION('',(0.,-0.173648177992044,-0.984807752954882));
#5570=DIRECTION('center_axis',(0.,-0.984807752954882,0.173648177992044));
#5571=DIRECTION('ref_axis',(1.,0.,0.));
#5572=DIRECTION('',(0.,-0.173648177992044,-0.984807752954882));
#5573=DIRECTION('',(-1.,0.,0.));
#5574=DIRECTION('center_axis',(0.,0.173648177992044,0.984807752954882));
#5575=DIRECTION('ref_axis',(0.,-0.984807752954882,0.173648177992044));
#5576=DIRECTION('',(0.,0.984807752954882,-0.173648177992044));
#5577=DIRECTION('',(1.,0.,0.));
#5578=DIRECTION('center_axis',(-1.,0.,0.));
#5579=DIRECTION('ref_axis',(0.,-0.984807752954882,0.173648177992044));
#5580=DIRECTION('',(0.,0.173648177992044,0.984807752954882));
#5581=DIRECTION('center_axis',(0.,-0.173648177992044,-0.984807752954882));
#5582=DIRECTION('ref_axis',(0.,0.984807752954882,-0.173648177992044));
#5583=DIRECTION('',(0.,0.984807752954882,-0.173648177992044));
#5584=DIRECTION('',(1.,0.,0.));
#5585=DIRECTION('',(0.,0.984807752954882,-0.173648177992044));
#5586=DIRECTION('',(1.,0.,0.));
#5587=DIRECTION('',(0.,-0.984807752954882,0.173648177992044));
#5588=DIRECTION('',(-1.,0.,0.));
#5589=DIRECTION('center_axis',(-1.,0.,0.));
#5590=DIRECTION('ref_axis',(0.,-0.984807752954882,0.173648177992044));
#5591=DIRECTION('',(0.,0.984807752954882,-0.173648177992044));
#5592=DIRECTION('',(0.,-0.173648177992044,-0.984807752954882));
#5593=DIRECTION('',(0.,0.984807752954882,-0.173648177992044));
#5594=DIRECTION('',(0.,0.173648177992044,0.984807752954882));
#5595=DIRECTION('center_axis',(0.,-0.173648177992044,-0.984807752954882));
#5596=DIRECTION('ref_axis',(0.,0.984807752954882,-0.173648177992044));
#5597=DIRECTION('',(0.,-0.984807752954882,0.173648177992044));
#5598=DIRECTION('',(1.,0.,0.));
#5599=DIRECTION('',(0.,0.984807752954882,-0.173648177992044));
#5600=DIRECTION('',(-1.,0.,0.));
#5601=DIRECTION('center_axis',(0.,-0.984807752954882,0.173648177992044));
#5602=DIRECTION('ref_axis',(1.,0.,0.));
#5603=DIRECTION('',(0.,0.173648177992044,0.984807752954882));
#5604=DIRECTION('',(-1.,0.,0.));
#5605=DIRECTION('',(0.,-0.173648177992044,-0.984807752954882));
#5606=DIRECTION('',(0.,0.173648177992044,0.984807752954882));
#5607=DIRECTION('',(-1.,0.,0.));
#5608=DIRECTION('',(0.,0.173648177992044,0.984807752954882));
#5609=DIRECTION('center_axis',(0.,0.173648177992044,0.984807752954882));
#5610=DIRECTION('ref_axis',(0.,-0.984807752954882,0.173648177992044));
#5611=DIRECTION('',(0.,0.984807752954882,-0.173648177992044));
#5612=DIRECTION('',(1.,0.,0.));
#5613=DIRECTION('',(0.,0.984807752954882,-0.173648177992044));
#5614=DIRECTION('center_axis',(1.,0.,0.));
#5615=DIRECTION('ref_axis',(0.,0.984807752954882,-0.173648177992044));
#5616=DIRECTION('',(0.,-0.173648177992044,-0.984807752954882));
#5617=DIRECTION('center_axis',(-1.,0.,0.));
#5618=DIRECTION('ref_axis',(0.,-0.984807752954882,0.173648177992044));
#5619=DIRECTION('',(0.,0.984807752954882,-0.173648177992044));
#5620=DIRECTION('',(0.,0.173648177992044,0.984807752954882));
#5621=DIRECTION('center_axis',(1.,0.,0.));
#5622=DIRECTION('ref_axis',(0.,0.984807752954882,-0.173648177992044));
#5623=DIRECTION('',(0.,0.173648177992044,0.984807752954882));
#5624=DIRECTION('',(0.,0.984807752954882,-0.173648177992044));
#5625=DIRECTION('',(0.,-0.173648177992044,-0.984807752954882));
#5626=DIRECTION('center_axis',(0.,-0.984807752954882,0.173648177992044));
#5627=DIRECTION('ref_axis',(1.,0.,0.));
#5628=DIRECTION('',(0.,-0.173648177992044,-0.984807752954882));
#5629=DIRECTION('',(-1.,0.,0.));
#5630=DIRECTION('center_axis',(0.,0.173648177992044,0.984807752954882));
#5631=DIRECTION('ref_axis',(0.,-0.984807752954882,0.173648177992044));
#5632=DIRECTION('',(0.,0.984807752954882,-0.173648177992044));
#5633=DIRECTION('',(1.,0.,0.));
#5634=DIRECTION('center_axis',(-1.,0.,0.));
#5635=DIRECTION('ref_axis',(0.,-0.984807752954882,0.173648177992044));
#5636=DIRECTION('',(0.,0.173648177992044,0.984807752954882));
#5637=DIRECTION('center_axis',(0.,0.173648177992044,0.984807752954882));
#5638=DIRECTION('ref_axis',(0.,-0.984807752954882,0.173648177992044));
#5639=DIRECTION('',(1.,0.,0.));
#5640=DIRECTION('',(0.,0.984807752954882,-0.173648177992044));
#5641=DIRECTION('',(-1.,0.,0.));
#5642=DIRECTION('center_axis',(0.,-0.984807752954882,0.173648177992044));
#5643=DIRECTION('ref_axis',(1.,0.,0.));
#5644=DIRECTION('',(0.,0.173648177992044,0.984807752954882));
#5645=DIRECTION('',(1.,0.,0.));
#5646=DIRECTION('center_axis',(1.,0.,0.));
#5647=DIRECTION('ref_axis',(0.,0.984807752954882,-0.173648177992044));
#5648=DIRECTION('',(0.,-0.173648177992044,-0.984807752954882));
#5649=DIRECTION('',(0.,0.984807752954882,-0.173648177992044));
#5650=DIRECTION('center_axis',(0.,-0.173648177992044,-0.984807752954882));
#5651=DIRECTION('ref_axis',(0.,0.984807752954882,-0.173648177992044));
#5652=DIRECTION('',(-1.,0.,0.));
#5653=DIRECTION('center_axis',(0.,-0.984807752954882,0.173648177992044));
#5654=DIRECTION('ref_axis',(1.,0.,0.));
#5655=DIRECTION('',(0.,-0.173648177992044,-0.984807752954882));
#5656=DIRECTION('',(1.,0.,0.));
#5657=DIRECTION('',(0.,0.173648177992044,0.984807752954882));
#5658=DIRECTION('center_axis',(1.,0.,0.));
#5659=DIRECTION('ref_axis',(0.,0.984807752954882,-0.173648177992044));
#5660=DIRECTION('',(0.,0.173648177992044,0.984807752954882));
#5661=DIRECTION('',(0.,0.984807752954882,-0.173648177992044));
#5662=DIRECTION('center_axis',(0.,-0.984807752954882,0.173648177992044));
#5663=DIRECTION('ref_axis',(1.,0.,0.));
#5664=DIRECTION('',(0.,-0.173648177992044,-0.984807752954882));
#5665=DIRECTION('',(-1.,0.,0.));
#5666=DIRECTION('center_axis',(0.,0.173648177992044,0.984807752954882));
#5667=DIRECTION('ref_axis',(0.,-0.984807752954882,0.173648177992044));
#5668=DIRECTION('',(0.,0.984807752954882,-0.173648177992044));
#5669=DIRECTION('center_axis',(-1.,0.,0.));
#5670=DIRECTION('ref_axis',(0.,-0.984807752954882,0.173648177992044));
#5671=DIRECTION('center_axis',(0.,-0.984807752954881,0.173648177992046));
#5672=DIRECTION('ref_axis',(1.,0.,0.));
#5673=DIRECTION('center_axis',(0.,-0.984807752954882,0.173648177992044));
#5674=DIRECTION('ref_axis',(1.,0.,0.));
#5675=DIRECTION('',(0.,-0.984807752954881,0.173648177992046));
#5676=DIRECTION('center_axis',(0.,0.984807752954882,-0.173648177992044));
#5677=DIRECTION('ref_axis',(1.,0.,0.));
#5678=DIRECTION('center_axis',(0.,-0.984807752954881,0.173648177992046));
#5679=DIRECTION('ref_axis',(1.,0.,0.));
#5680=DIRECTION('center_axis',(0.,-0.984807752954882,0.173648177992044));
#5681=DIRECTION('ref_axis',(1.,0.,0.));
#5682=DIRECTION('',(0.,-0.984807752954881,0.173648177992046));
#5683=DIRECTION('center_axis',(0.,0.984807752954882,-0.173648177992044));
#5684=DIRECTION('ref_axis',(1.,0.,0.));
#5685=DIRECTION('center_axis',(0.,-0.984807752954881,0.173648177992046));
#5686=DIRECTION('ref_axis',(1.,0.,0.));
#5687=DIRECTION('center_axis',(0.,-0.984807752954882,0.173648177992044));
#5688=DIRECTION('ref_axis',(1.,0.,0.));
#5689=DIRECTION('',(0.,-0.984807752954881,0.173648177992046));
#5690=DIRECTION('center_axis',(0.,0.984807752954882,-0.173648177992044));
#5691=DIRECTION('ref_axis',(1.,0.,0.));
#5692=DIRECTION('center_axis',(0.,-0.984807752954881,0.173648177992046));
#5693=DIRECTION('ref_axis',(1.,0.,0.));
#5694=DIRECTION('center_axis',(0.,-0.984807752954882,0.173648177992044));
#5695=DIRECTION('ref_axis',(1.,0.,0.));
#5696=DIRECTION('',(0.,-0.984807752954881,0.173648177992046));
#5697=DIRECTION('center_axis',(0.,0.984807752954882,-0.173648177992044));
#5698=DIRECTION('ref_axis',(1.,0.,0.));
#5699=DIRECTION('center_axis',(0.,-0.984807752954882,0.173648177992042));
#5700=DIRECTION('ref_axis',(1.,0.,0.));
#5701=DIRECTION('',(0.,0.984807752954882,-0.173648177992044));
#5702=DIRECTION('center_axis',(0.,0.984807752954882,-0.173648177992042));
#5703=DIRECTION('ref_axis',(1.,0.,0.));
#5704=DIRECTION('',(0.,0.984807752954882,-0.173648177992044));
#5705=DIRECTION('center_axis',(0.,-0.984807752954882,0.173648177992042));
#5706=DIRECTION('ref_axis',(1.,0.,0.));
#5707=DIRECTION('center_axis',(0.,-0.984807752954882,0.173648177992044));
#5708=DIRECTION('ref_axis',(1.,0.,0.));
#5709=DIRECTION('',(-1.,0.,0.));
#5710=DIRECTION('center_axis',(0.,-0.984807752954882,0.173648177992042));
#5711=DIRECTION('ref_axis',(1.,0.,0.));
#5712=DIRECTION('',(0.,-0.173648177992044,-0.984807752954882));
#5713=DIRECTION('center_axis',(0.,-0.984807752954881,0.173648177992051));
#5714=DIRECTION('ref_axis',(1.,0.,0.));
#5715=DIRECTION('',(1.,0.,0.));
#5716=DIRECTION('center_axis',(0.,-0.984807752954881,0.173648177992051));
#5717=DIRECTION('ref_axis',(1.,0.,0.));
#5718=DIRECTION('',(0.,0.173648177992044,0.984807752954882));
#5719=DIRECTION('center_axis',(0.,-0.984807752954881,0.173648177992051));
#5720=DIRECTION('ref_axis',(1.,0.,0.));
#5721=DIRECTION('',(0.,0.984807752954882,-0.173648177992044));
#5722=DIRECTION('center_axis',(0.,0.984807752954881,-0.173648177992051));
#5723=DIRECTION('ref_axis',(1.,0.,0.));
#5724=DIRECTION('',(0.,0.984807752954882,-0.173648177992044));
#5725=DIRECTION('center_axis',(0.,-0.984807752954882,0.173648177992042));
#5726=DIRECTION('ref_axis',(-0.707106781378492,0.122787804165531,0.696364240090455));
#5727=DIRECTION('',(0.,0.984807752954882,-0.173648177992044));
#5728=DIRECTION('',(0.,0.984807752954882,-0.173648177992044));
#5729=DIRECTION('center_axis',(0.,0.984807752954882,-0.173648177992042));
#5730=DIRECTION('ref_axis',(1.,0.,0.));
#5731=DIRECTION('center_axis',(0.,-0.984807752954882,0.173648177992044));
#5732=DIRECTION('ref_axis',(1.,0.,0.));
#5733=DIRECTION('',(0.,-0.173648177992044,-0.984807752954882));
#5734=DIRECTION('',(-1.,0.,0.));
#5735=DIRECTION('center_axis',(0.,0.984807752954881,-0.173648177992051));
#5736=DIRECTION('ref_axis',(1.,0.,0.));
#5737=DIRECTION('',(0.,0.173648177992044,0.984807752954882));
#5738=DIRECTION('',(1.,0.,0.));
#5739=DIRECTION('center_axis',(0.,-0.984807752954881,0.173648177992051));
#5740=DIRECTION('ref_axis',(-0.707106781378494,-0.122787804165537,-0.696364240090452));
#5741=DIRECTION('',(0.,0.984807752954882,-0.173648177992044));
#5742=DIRECTION('',(0.,0.984807752954882,-0.173648177992044));
#5743=DIRECTION('center_axis',(1.,0.,0.));
#5744=DIRECTION('ref_axis',(0.,0.984807752954882,-0.173648177992044));
#5745=DIRECTION('center_axis',(-1.,0.,0.));
#5746=DIRECTION('ref_axis',(0.,-0.984807752954882,0.173648177992044));
#5747=DIRECTION('center_axis',(0.,0.173648177992044,0.984807752954882));
#5748=DIRECTION('ref_axis',(0.,-0.984807752954882,0.173648177992044));
#5749=DIRECTION('center_axis',(0.,-0.173648177992044,-0.984807752954882));
#5750=DIRECTION('ref_axis',(0.,0.984807752954882,-0.173648177992044));
#5751=DIRECTION('center_axis',(0.,-0.984807752954882,0.173648177992046));
#5752=DIRECTION('ref_axis',(1.,0.,0.));
#5753=DIRECTION('center_axis',(0.,0.984807752954882,-0.173648177992046));
#5754=DIRECTION('ref_axis',(1.,0.,0.));
#5755=DIRECTION('',(0.,-0.984807752954882,0.173648177992046));
#5756=DIRECTION('center_axis',(0.,0.984807752954882,-0.173648177992044));
#5757=DIRECTION('ref_axis',(1.,0.,0.));
#5758=DIRECTION('center_axis',(0.,0.984807752954882,-0.173648177992046));
#5759=DIRECTION('ref_axis',(-1.,0.,0.));
#5760=DIRECTION('center_axis',(0.,-0.984807752954881,0.173648177992046));
#5761=DIRECTION('ref_axis',(1.,0.,0.));
#5762=DIRECTION('center_axis',(0.,-0.984807752954882,0.173648177992044));
#5763=DIRECTION('ref_axis',(1.,0.,0.));
#5764=DIRECTION('',(0.,0.984807752954881,-0.173648177992046));
#5765=DIRECTION('center_axis',(0.,0.984807752954881,-0.173648177992046));
#5766=DIRECTION('ref_axis',(1.,0.,0.));
#5767=DIRECTION('center_axis',(0.,0.984807752954881,-0.173648177992046));
#5768=DIRECTION('ref_axis',(-1.,0.,0.));
#5769=DIRECTION('center_axis',(-0.5,0.150383733461992,0.852868531902797));
#5770=DIRECTION('ref_axis',(0.,-0.984807752954882,0.173648177992044));
#5771=DIRECTION('',(3.20493781063927E-17,0.984807752954882,-0.173648177992044));
#5772=DIRECTION('',(0.866025403784439,0.086824088996022,0.492403876477441));
#5773=DIRECTION('',(0.,-0.984807752954882,0.173648177992044));
#5774=DIRECTION('',(-0.866025403784439,-0.086824088996022,-0.492403876477441));
#5775=DIRECTION('center_axis',(-0.5,0.150383733461992,0.852868531902797));
#5776=DIRECTION('ref_axis',(0.,-0.984807752954882,0.173648177992044));
#5777=DIRECTION('',(0.,-0.984807752954882,0.173648177992044));
#5778=DIRECTION('',(0.866025403784439,0.086824088996022,0.492403876477441));
#5779=DIRECTION('',(3.20493781063927E-17,0.984807752954882,-0.173648177992044));
#5780=DIRECTION('',(-0.866025403784439,-0.086824088996022,-0.492403876477441));
#5781=DIRECTION('center_axis',(1.,0.,0.));
#5782=DIRECTION('ref_axis',(0.,-0.984807752954882,0.173648177992044));
#5783=DIRECTION('',(0.,-0.173648177992044,-0.984807752954882));
#5784=DIRECTION('',(0.,0.984807752954882,-0.173648177992044));
#5785=DIRECTION('',(0.,0.173648177992044,0.984807752954882));
#5786=DIRECTION('center_axis',(0.5,0.150383733461992,0.852868531902797));
#5787=DIRECTION('ref_axis',(0.,-0.984807752954882,0.173648177992044));
#5788=DIRECTION('',(0.866025403784439,-0.086824088996022,-0.492403876477441));
#5789=DIRECTION('',(0.,0.984807752954882,-0.173648177992044));
#5790=DIRECTION('',(-0.866025403784439,0.086824088996022,0.492403876477441));
#5791=DIRECTION('center_axis',(0.,-0.984807752954882,0.173648177992044));
#5792=DIRECTION('ref_axis',(-1.,0.,0.));
#5793=DIRECTION('',(0.,0.173648177992044,0.984807752954882));
#5794=DIRECTION('',(0.866025403784439,-0.086824088996022,-0.492403876477441));
#5795=DIRECTION('center_axis',(1.,0.,0.));
#5796=DIRECTION('ref_axis',(0.,-0.984807752954882,0.173648177992044));
#5797=DIRECTION('',(0.,-0.173648177992044,-0.984807752954882));
#5798=DIRECTION('center_axis',(0.5,0.150383733461992,0.852868531902797));
#5799=DIRECTION('ref_axis',(0.,-0.984807752954882,0.173648177992044));
#5800=DIRECTION('',(-0.866025403784439,0.086824088996022,0.492403876477441));
#5801=DIRECTION('center_axis',(0.,0.984807752954882,-0.173648177992044));
#5802=DIRECTION('ref_axis',(1.,0.,0.));
#5803=DIRECTION('center_axis',(0.,-0.984807752954882,0.173648177992044));
#5804=DIRECTION('ref_axis',(1.,0.,0.));
#5805=DIRECTION('center_axis',(0.,0.984807752954882,-0.173648177992044));
#5806=DIRECTION('ref_axis',(1.,0.,0.));
#5807=DIRECTION('',(0.,-0.984807752954882,0.173648177992044));
#5808=DIRECTION('center_axis',(0.,0.984807752954882,-0.173648177992045));
#5809=DIRECTION('ref_axis',(1.,0.,0.));
#5810=DIRECTION('center_axis',(0.,0.984807752954882,-0.173648177992044));
#5811=DIRECTION('ref_axis',(-1.,0.,0.));
#5812=DIRECTION('center_axis',(0.,-0.984807752954882,0.173648177992045));
#5813=DIRECTION('ref_axis',(1.,0.,0.));
#5814=DIRECTION('center_axis',(0.,-0.984807752954882,0.173648177992045));
#5815=DIRECTION('ref_axis',(1.,0.,0.));
#5816=DIRECTION('',(0.,0.984807752954882,-0.173648177992045));
#5817=DIRECTION('center_axis',(0.,0.984807752954882,-0.173648177992045));
#5818=DIRECTION('ref_axis',(1.,0.,0.));
#5819=DIRECTION('center_axis',(0.,0.984807752954882,-0.173648177992045));
#5820=DIRECTION('ref_axis',(-1.,0.,0.));
#5821=DIRECTION('center_axis',(-0.5,0.150383733461992,0.852868531902797));
#5822=DIRECTION('ref_axis',(0.,-0.984807752954882,0.173648177992045));
#5823=DIRECTION('',(-3.20493781063927E-17,0.984807752954882,-0.173648177992045));
#5824=DIRECTION('',(0.866025403784439,0.0868240889960223,0.492403876477441));
#5825=DIRECTION('',(0.,-0.984807752954882,0.173648177992045));
#5826=DIRECTION('',(-0.866025403784439,-0.0868240889960223,-0.492403876477441));
#5827=DIRECTION('center_axis',(-0.5,0.150383733461992,0.852868531902797));
#5828=DIRECTION('ref_axis',(0.,-0.984807752954882,0.173648177992045));
#5829=DIRECTION('',(0.,-0.984807752954882,0.173648177992045));
#5830=DIRECTION('',(0.866025403784439,0.0868240889960223,0.492403876477441));
#5831=DIRECTION('',(-3.20493781063927E-17,0.984807752954882,-0.173648177992045));
#5832=DIRECTION('',(-0.866025403784439,-0.0868240889960223,-0.492403876477441));
#5833=DIRECTION('center_axis',(1.,0.,0.));
#5834=DIRECTION('ref_axis',(0.,-0.984807752954882,0.173648177992045));
#5835=DIRECTION('',(0.,-0.173648177992045,-0.984807752954882));
#5836=DIRECTION('',(0.,0.984807752954882,-0.173648177992045));
#5837=DIRECTION('',(0.,0.173648177992045,0.984807752954882));
#5838=DIRECTION('center_axis',(0.5,0.150383733461992,0.852868531902797));
#5839=DIRECTION('ref_axis',(0.,-0.984807752954882,0.173648177992045));
#5840=DIRECTION('',(0.866025403784439,-0.0868240889960223,-0.492403876477441));
#5841=DIRECTION('',(0.,0.984807752954882,-0.173648177992045));
#5842=DIRECTION('',(-0.866025403784439,0.0868240889960223,0.492403876477441));
#5843=DIRECTION('center_axis',(0.,-0.984807752954882,0.173648177992045));
#5844=DIRECTION('ref_axis',(-1.,0.,0.));
#5845=DIRECTION('',(0.,0.173648177992045,0.984807752954882));
#5846=DIRECTION('',(0.866025403784439,-0.0868240889960223,-0.492403876477441));
#5847=DIRECTION('center_axis',(1.,0.,0.));
#5848=DIRECTION('ref_axis',(0.,-0.984807752954882,0.173648177992045));
#5849=DIRECTION('',(0.,-0.173648177992045,-0.984807752954882));
#5850=DIRECTION('center_axis',(0.5,0.150383733461992,0.852868531902797));
#5851=DIRECTION('ref_axis',(0.,-0.984807752954882,0.173648177992045));
#5852=DIRECTION('',(-0.866025403784439,0.0868240889960223,0.492403876477441));
#5853=DIRECTION('center_axis',(0.,0.984807752954882,-0.173648177992045));
#5854=DIRECTION('ref_axis',(1.,0.,0.));
#5855=DIRECTION('center_axis',(0.,-0.984807752954882,0.173648177992046));
#5856=DIRECTION('ref_axis',(1.,0.,0.));
#5857=DIRECTION('center_axis',(0.,0.984807752954882,-0.173648177992046));
#5858=DIRECTION('ref_axis',(1.,0.,0.));
#5859=DIRECTION('',(0.,-0.984807752954882,0.173648177992046));
#5860=DIRECTION('center_axis',(0.,0.984807752954882,-0.173648177992045));
#5861=DIRECTION('ref_axis',(1.,0.,0.));
#5862=DIRECTION('center_axis',(0.,0.984807752954882,-0.173648177992046));
#5863=DIRECTION('ref_axis',(-1.,0.,0.));
#5864=DIRECTION('center_axis',(0.,-0.984807752954882,0.173648177992043));
#5865=DIRECTION('ref_axis',(1.,0.,0.));
#5866=DIRECTION('center_axis',(0.,-0.984807752954882,0.173648177992045));
#5867=DIRECTION('ref_axis',(1.,0.,0.));
#5868=DIRECTION('',(0.,0.984807752954882,-0.173648177992043));
#5869=DIRECTION('center_axis',(0.,0.984807752954882,-0.173648177992043));
#5870=DIRECTION('ref_axis',(1.,0.,0.));
#5871=DIRECTION('center_axis',(0.,0.984807752954882,-0.173648177992043));
#5872=DIRECTION('ref_axis',(-1.,0.,0.));
#5873=DIRECTION('center_axis',(-0.5,0.150383733461993,0.852868531902797));
#5874=DIRECTION('ref_axis',(0.,-0.984807752954882,0.173648177992045));
#5875=DIRECTION('',(0.,0.984807752954882,-0.173648177992045));
#5876=DIRECTION('',(0.866025403784439,0.0868240889960224,0.492403876477441));
#5877=DIRECTION('',(0.,-0.984807752954882,0.173648177992045));
#5878=DIRECTION('',(-0.866025403784439,-0.0868240889960224,-0.492403876477441));
#5879=DIRECTION('center_axis',(-0.5,0.150383733461993,0.852868531902797));
#5880=DIRECTION('ref_axis',(0.,-0.984807752954882,0.173648177992045));
#5881=DIRECTION('',(0.,-0.984807752954882,0.173648177992045));
#5882=DIRECTION('',(0.866025403784439,0.0868240889960224,0.492403876477441));
#5883=DIRECTION('',(0.,0.984807752954882,-0.173648177992045));
#5884=DIRECTION('',(-0.866025403784439,-0.0868240889960224,-0.492403876477441));
#5885=DIRECTION('center_axis',(1.,0.,0.));
#5886=DIRECTION('ref_axis',(0.,-0.984807752954882,0.173648177992045));
#5887=DIRECTION('',(0.,-0.173648177992045,-0.984807752954882));
#5888=DIRECTION('',(0.,0.984807752954882,-0.173648177992045));
#5889=DIRECTION('',(0.,0.173648177992045,0.984807752954882));
#5890=DIRECTION('center_axis',(0.5,0.150383733461993,0.852868531902797));
#5891=DIRECTION('ref_axis',(0.,-0.984807752954882,0.173648177992045));
#5892=DIRECTION('',(0.866025403784439,-0.0868240889960224,-0.492403876477441));
#5893=DIRECTION('',(0.,0.984807752954882,-0.173648177992045));
#5894=DIRECTION('',(-0.866025403784439,0.0868240889960224,0.492403876477441));
#5895=DIRECTION('center_axis',(0.,-0.984807752954882,0.173648177992045));
#5896=DIRECTION('ref_axis',(-1.,0.,0.));
#5897=DIRECTION('',(0.,0.173648177992045,0.984807752954882));
#5898=DIRECTION('',(0.866025403784439,-0.0868240889960224,-0.492403876477441));
#5899=DIRECTION('center_axis',(1.,0.,0.));
#5900=DIRECTION('ref_axis',(0.,-0.984807752954882,0.173648177992045));
#5901=DIRECTION('',(0.,-0.173648177992045,-0.984807752954882));
#5902=DIRECTION('center_axis',(0.5,0.150383733461993,0.852868531902797));
#5903=DIRECTION('ref_axis',(0.,-0.984807752954882,0.173648177992045));
#5904=DIRECTION('',(-0.866025403784439,0.0868240889960224,0.492403876477441));
#5905=DIRECTION('center_axis',(0.,0.984807752954882,-0.173648177992045));
#5906=DIRECTION('ref_axis',(1.,0.,0.));
#5907=DIRECTION('center_axis',(0.,-0.984807752954882,0.173648177992044));
#5908=DIRECTION('ref_axis',(1.,0.,0.));
#5909=DIRECTION('center_axis',(0.,0.984807752954882,-0.173648177992044));
#5910=DIRECTION('ref_axis',(1.,0.,0.));
#5911=DIRECTION('',(0.,-0.984807752954882,0.173648177992044));
#5912=DIRECTION('center_axis',(0.,0.984807752954882,-0.173648177992045));
#5913=DIRECTION('ref_axis',(1.,0.,0.));
#5914=DIRECTION('center_axis',(0.,0.984807752954882,-0.173648177992044));
#5915=DIRECTION('ref_axis',(-1.,0.,0.));
#5916=DIRECTION('center_axis',(0.,-0.984807752954882,0.173648177992045));
#5917=DIRECTION('ref_axis',(1.,0.,0.));
#5918=DIRECTION('center_axis',(0.,-0.984807752954882,0.173648177992045));
#5919=DIRECTION('ref_axis',(1.,0.,0.));
#5920=DIRECTION('',(0.,0.984807752954882,-0.173648177992045));
#5921=DIRECTION('center_axis',(0.,0.984807752954882,-0.173648177992045));
#5922=DIRECTION('ref_axis',(1.,0.,0.));
#5923=DIRECTION('center_axis',(0.,0.984807752954882,-0.173648177992045));
#5924=DIRECTION('ref_axis',(-1.,0.,0.));
#5925=DIRECTION('center_axis',(-0.5,0.150383733461992,0.852868531902797));
#5926=DIRECTION('ref_axis',(0.,-0.984807752954882,0.173648177992045));
#5927=DIRECTION('',(-3.20493781063927E-17,0.984807752954882,-0.173648177992045));
#5928=DIRECTION('',(0.866025403784439,0.0868240889960223,0.492403876477441));
#5929=DIRECTION('',(0.,-0.984807752954882,0.173648177992045));
#5930=DIRECTION('',(-0.866025403784439,-0.0868240889960223,-0.492403876477441));
#5931=DIRECTION('center_axis',(-0.5,0.150383733461992,0.852868531902797));
#5932=DIRECTION('ref_axis',(0.,-0.984807752954882,0.173648177992045));
#5933=DIRECTION('',(0.,-0.984807752954882,0.173648177992045));
#5934=DIRECTION('',(0.866025403784439,0.0868240889960223,0.492403876477441));
#5935=DIRECTION('',(-3.20493781063927E-17,0.984807752954882,-0.173648177992045));
#5936=DIRECTION('',(-0.866025403784439,-0.0868240889960223,-0.492403876477441));
#5937=DIRECTION('center_axis',(1.,0.,0.));
#5938=DIRECTION('ref_axis',(0.,-0.984807752954882,0.173648177992045));
#5939=DIRECTION('',(0.,-0.173648177992045,-0.984807752954882));
#5940=DIRECTION('',(0.,0.984807752954882,-0.173648177992045));
#5941=DIRECTION('',(0.,0.173648177992045,0.984807752954882));
#5942=DIRECTION('center_axis',(0.5,0.150383733461992,0.852868531902797));
#5943=DIRECTION('ref_axis',(0.,-0.984807752954882,0.173648177992045));
#5944=DIRECTION('',(0.866025403784439,-0.0868240889960223,-0.492403876477441));
#5945=DIRECTION('',(0.,0.984807752954882,-0.173648177992045));
#5946=DIRECTION('',(-0.866025403784439,0.0868240889960223,0.492403876477441));
#5947=DIRECTION('center_axis',(0.,-0.984807752954882,0.173648177992045));
#5948=DIRECTION('ref_axis',(-1.,0.,0.));
#5949=DIRECTION('',(0.,0.173648177992045,0.984807752954882));
#5950=DIRECTION('',(0.866025403784439,-0.0868240889960223,-0.492403876477441));
#5951=DIRECTION('center_axis',(1.,0.,0.));
#5952=DIRECTION('ref_axis',(0.,-0.984807752954882,0.173648177992045));
#5953=DIRECTION('',(0.,-0.173648177992045,-0.984807752954882));
#5954=DIRECTION('center_axis',(0.5,0.150383733461992,0.852868531902797));
#5955=DIRECTION('ref_axis',(0.,-0.984807752954882,0.173648177992045));
#5956=DIRECTION('',(-0.866025403784439,0.0868240889960223,0.492403876477441));
#5957=DIRECTION('center_axis',(0.,0.984807752954882,-0.173648177992045));
#5958=DIRECTION('ref_axis',(1.,0.,0.));
#5959=DIRECTION('center_axis',(-0.5,0.150383733461997,0.852868531902797));
#5960=DIRECTION('ref_axis',(0.,-0.984807752954881,0.173648177992049));
#5961=DIRECTION('',(-0.866025403784439,-0.0868240889960207,-0.492403876477441));
#5962=DIRECTION('',(0.,-0.984807752954881,0.173648177992049));
#5963=DIRECTION('',(0.866025403784439,0.0868240889960247,0.49240387647744));
#5964=DIRECTION('',(0.,0.984807752954881,-0.173648177992049));
#5965=DIRECTION('center_axis',(0.5,0.150383733461997,0.852868531902796));
#5966=DIRECTION('ref_axis',(0.,-0.984807752954881,0.173648177992049));
#5967=DIRECTION('',(-0.866025403784439,0.0868240889960208,0.492403876477441));
#5968=DIRECTION('',(0.866025403784439,-0.0868240889960248,-0.49240387647744));
#5969=DIRECTION('',(0.,0.984807752954881,-0.173648177992049));
#5970=DIRECTION('center_axis',(1.,0.,0.));
#5971=DIRECTION('ref_axis',(0.,-0.984807752954881,0.173648177992049));
#5972=DIRECTION('',(0.,0.173648177992041,0.984807752954882));
#5973=DIRECTION('',(0.,-0.173648177992049,-0.984807752954881));
#5974=DIRECTION('',(0.,-0.984807752954881,0.173648177992049));
#5975=DIRECTION('center_axis',(-0.5,0.150383733461997,0.852868531902797));
#5976=DIRECTION('ref_axis',(0.,-0.984807752954881,0.173648177992049));
#5977=DIRECTION('',(0.866025403784439,0.0868240889960207,0.492403876477441));
#5978=DIRECTION('',(-0.866025403784439,-0.0868240889960247,-0.49240387647744));
#5979=DIRECTION('',(0.,0.984807752954881,-0.173648177992049));
#5980=DIRECTION('center_axis',(0.5,0.150383733461997,0.852868531902796));
#5981=DIRECTION('ref_axis',(0.,-0.984807752954881,0.173648177992049));
#5982=DIRECTION('',(0.866025403784439,-0.0868240889960208,-0.492403876477441));
#5983=DIRECTION('',(-0.866025403784439,0.0868240889960248,0.49240387647744));
#5984=DIRECTION('',(0.,0.984807752954881,-0.173648177992049));
#5985=DIRECTION('center_axis',(0.,-0.984807752954881,0.173648177992049));
#5986=DIRECTION('ref_axis',(-1.,0.,0.));
#5987=DIRECTION('',(0.,0.173648177992049,0.984807752954881));
#5988=DIRECTION('center_axis',(1.,0.,0.));
#5989=DIRECTION('ref_axis',(0.,-0.984807752954881,0.173648177992049));
#5990=DIRECTION('',(0.,-0.173648177992041,-0.984807752954882));
#5991=DIRECTION('center_axis',(0.,0.984807752954882,-0.173648177992041));
#5992=DIRECTION('ref_axis',(-1.,0.,0.));
#5993=DIRECTION('center_axis',(0.,0.984807752954882,-0.173648177992041));
#5994=DIRECTION('ref_axis',(1.,0.,0.));
#5995=DIRECTION('center_axis',(0.,-0.984807752954882,0.173648177992045));
#5996=DIRECTION('ref_axis',(1.,0.,0.));
#5997=DIRECTION('center_axis',(0.,-0.984807752954882,0.173648177992041));
#5998=DIRECTION('ref_axis',(1.,0.,0.));
#5999=DIRECTION('center_axis',(0.,-0.984807752954882,0.173648177992041));
#6000=DIRECTION('ref_axis',(1.,0.,0.));
#6001=DIRECTION('',(0.,0.984807752954882,-0.173648177992041));
#6002=DIRECTION('center_axis',(0.,-0.984807752954882,0.173648177992041));
#6003=DIRECTION('ref_axis',(1.,0.,0.));
#6004=DIRECTION('center_axis',(0.,-0.984807752954882,0.173648177992045));
#6005=DIRECTION('ref_axis',(1.,0.,0.));
#6006=DIRECTION('',(0.,0.984807752954882,-0.173648177992045));
#6007=DIRECTION('center_axis',(0.,0.984807752954882,-0.173648177992045));
#6008=DIRECTION('ref_axis',(1.,0.,0.));
#6009=DIRECTION('center_axis',(0.,0.984807752954882,-0.173648177992045));
#6010=DIRECTION('ref_axis',(-1.,0.,0.));
#6011=DIRECTION('center_axis',(-0.5,0.15038373346199,0.852868531902798));
#6012=DIRECTION('ref_axis',(0.,-0.984807752954882,0.173648177992041));
#6013=DIRECTION('',(-0.866025403784439,-0.0868240889960235,-0.49240387647744));
#6014=DIRECTION('',(0.,-0.984807752954882,0.173648177992041));
#6015=DIRECTION('',(0.866025403784439,0.0868240889960206,0.492403876477441));
#6016=DIRECTION('',(0.,0.984807752954882,-0.173648177992041));
#6017=DIRECTION('center_axis',(0.5,0.15038373346199,0.852868531902798));
#6018=DIRECTION('ref_axis',(0.,-0.984807752954882,0.173648177992041));
#6019=DIRECTION('',(-0.866025403784439,0.0868240889960236,0.492403876477441));
#6020=DIRECTION('',(0.866025403784439,-0.0868240889960206,-0.492403876477441));
#6021=DIRECTION('',(0.,0.984807752954882,-0.173648177992041));
#6022=DIRECTION('center_axis',(1.,0.,0.));
#6023=DIRECTION('ref_axis',(0.,-0.984807752954882,0.173648177992041));
#6024=DIRECTION('',(0.,0.173648177992047,0.984807752954881));
#6025=DIRECTION('',(0.,-0.173648177992041,-0.984807752954882));
#6026=DIRECTION('',(0.,-0.984807752954882,0.173648177992041));
#6027=DIRECTION('center_axis',(-0.5,0.15038373346199,0.852868531902798));
#6028=DIRECTION('ref_axis',(0.,-0.984807752954882,0.173648177992041));
#6029=DIRECTION('',(0.866025403784439,0.0868240889960235,0.49240387647744));
#6030=DIRECTION('',(-0.866025403784439,-0.0868240889960206,-0.492403876477441));
#6031=DIRECTION('',(0.,0.984807752954882,-0.173648177992041));
#6032=DIRECTION('center_axis',(0.5,0.15038373346199,0.852868531902798));
#6033=DIRECTION('ref_axis',(0.,-0.984807752954882,0.173648177992041));
#6034=DIRECTION('',(0.866025403784439,-0.0868240889960236,-0.492403876477441));
#6035=DIRECTION('',(-0.866025403784439,0.0868240889960206,0.492403876477441));
#6036=DIRECTION('',(0.,0.984807752954882,-0.173648177992041));
#6037=DIRECTION('center_axis',(0.,-0.984807752954882,0.173648177992041));
#6038=DIRECTION('ref_axis',(-1.,0.,0.));
#6039=DIRECTION('',(0.,0.173648177992041,0.984807752954882));
#6040=DIRECTION('center_axis',(1.,0.,0.));
#6041=DIRECTION('ref_axis',(0.,-0.984807752954882,0.173648177992041));
#6042=DIRECTION('',(0.,-0.173648177992047,-0.984807752954881));
#6043=DIRECTION('center_axis',(0.,0.984807752954881,-0.173648177992047));
#6044=DIRECTION('ref_axis',(-1.,0.,0.));
#6045=DIRECTION('center_axis',(0.,0.984807752954881,-0.173648177992047));
#6046=DIRECTION('ref_axis',(1.,0.,0.));
#6047=DIRECTION('center_axis',(0.,-0.984807752954882,0.173648177992044));
#6048=DIRECTION('ref_axis',(1.,0.,0.));
#6049=DIRECTION('center_axis',(0.,-0.984807752954881,0.173648177992047));
#6050=DIRECTION('ref_axis',(1.,0.,0.));
#6051=DIRECTION('center_axis',(0.,-0.984807752954881,0.173648177992047));
#6052=DIRECTION('ref_axis',(1.,0.,0.));
#6053=DIRECTION('',(0.,0.984807752954881,-0.173648177992047));
#6054=DIRECTION('center_axis',(0.,-0.984807752954881,0.173648177992047));
#6055=DIRECTION('ref_axis',(1.,0.,0.));
#6056=DIRECTION('center_axis',(0.,-0.984807752954882,0.173648177992044));
#6057=DIRECTION('ref_axis',(1.,0.,0.));
#6058=DIRECTION('',(0.,0.984807752954882,-0.173648177992044));
#6059=DIRECTION('center_axis',(0.,0.984807752954882,-0.173648177992044));
#6060=DIRECTION('ref_axis',(1.,0.,0.));
#6061=DIRECTION('center_axis',(0.,0.984807752954882,-0.173648177992044));
#6062=DIRECTION('ref_axis',(-1.,0.,0.));
#6063=DIRECTION('center_axis',(-0.5,0.150383733461985,0.852868531902799));
#6064=DIRECTION('ref_axis',(0.,-0.984807752954883,0.173648177992036));
#6065=DIRECTION('',(-0.866025403784439,-0.0868240889960207,-0.492403876477441));
#6066=DIRECTION('',(0.,-0.984807752954883,0.173648177992036));
#6067=DIRECTION('',(0.866025403784439,0.0868240889960179,0.492403876477441));
#6068=DIRECTION('',(0.,0.984807752954883,-0.173648177992036));
#6069=DIRECTION('center_axis',(0.5,0.150383733461985,0.852868531902798));
#6070=DIRECTION('ref_axis',(0.,-0.984807752954883,0.173648177992036));
#6071=DIRECTION('',(-0.866025403784439,0.0868240889960207,0.492403876477441));
#6072=DIRECTION('',(0.866025403784439,-0.086824088996018,-0.492403876477442));
#6073=DIRECTION('',(0.,0.984807752954883,-0.173648177992036));
#6074=DIRECTION('center_axis',(1.,0.,0.));
#6075=DIRECTION('ref_axis',(0.,-0.984807752954883,0.173648177992036));
#6076=DIRECTION('',(0.,0.173648177992041,0.984807752954882));
#6077=DIRECTION('',(0.,-0.173648177992036,-0.984807752954883));
#6078=DIRECTION('',(0.,-0.984807752954883,0.173648177992036));
#6079=DIRECTION('center_axis',(-0.5,0.150383733461985,0.852868531902799));
#6080=DIRECTION('ref_axis',(0.,-0.984807752954883,0.173648177992036));
#6081=DIRECTION('',(0.866025403784439,0.0868240889960207,0.492403876477441));
#6082=DIRECTION('',(-0.866025403784439,-0.0868240889960179,-0.492403876477441));
#6083=DIRECTION('',(0.,0.984807752954883,-0.173648177992036));
#6084=DIRECTION('center_axis',(0.5,0.150383733461985,0.852868531902798));
#6085=DIRECTION('ref_axis',(0.,-0.984807752954883,0.173648177992036));
#6086=DIRECTION('',(0.866025403784439,-0.0868240889960207,-0.492403876477441));
#6087=DIRECTION('',(-0.866025403784439,0.086824088996018,0.492403876477442));
#6088=DIRECTION('',(0.,0.984807752954883,-0.173648177992036));
#6089=DIRECTION('center_axis',(0.,-0.984807752954883,0.173648177992036));
#6090=DIRECTION('ref_axis',(-1.,0.,0.));
#6091=DIRECTION('',(0.,0.173648177992036,0.984807752954883));
#6092=DIRECTION('center_axis',(1.,0.,0.));
#6093=DIRECTION('ref_axis',(0.,-0.984807752954883,0.173648177992036));
#6094=DIRECTION('',(0.,-0.173648177992041,-0.984807752954882));
#6095=DIRECTION('center_axis',(0.,0.984807752954882,-0.173648177992041));
#6096=DIRECTION('ref_axis',(-1.,0.,0.));
#6097=DIRECTION('center_axis',(0.,0.984807752954882,-0.173648177992041));
#6098=DIRECTION('ref_axis',(1.,0.,0.));
#6099=DIRECTION('center_axis',(0.,-0.984807752954882,0.173648177992045));
#6100=DIRECTION('ref_axis',(1.,0.,0.));
#6101=DIRECTION('center_axis',(0.,-0.984807752954882,0.173648177992041));
#6102=DIRECTION('ref_axis',(1.,0.,0.));
#6103=DIRECTION('center_axis',(0.,-0.984807752954882,0.173648177992041));
#6104=DIRECTION('ref_axis',(1.,0.,0.));
#6105=DIRECTION('',(0.,0.984807752954882,-0.173648177992041));
#6106=DIRECTION('center_axis',(0.,-0.984807752954882,0.173648177992041));
#6107=DIRECTION('ref_axis',(1.,0.,0.));
#6108=DIRECTION('center_axis',(0.,-0.984807752954882,0.173648177992045));
#6109=DIRECTION('ref_axis',(1.,0.,0.));
#6110=DIRECTION('',(0.,0.984807752954882,-0.173648177992045));
#6111=DIRECTION('center_axis',(0.,0.984807752954882,-0.173648177992045));
#6112=DIRECTION('ref_axis',(1.,0.,0.));
#6113=DIRECTION('center_axis',(0.,0.984807752954882,-0.173648177992045));
#6114=DIRECTION('ref_axis',(-1.,0.,0.));
#6115=DIRECTION('center_axis',(-0.5,0.15038373346199,0.852868531902798));
#6116=DIRECTION('ref_axis',(0.,-0.984807752954882,0.173648177992041));
#6117=DIRECTION('',(-0.866025403784439,-0.0868240889960235,-0.49240387647744));
#6118=DIRECTION('',(0.,-0.984807752954882,0.173648177992041));
#6119=DIRECTION('',(0.866025403784439,0.0868240889960206,0.492403876477441));
#6120=DIRECTION('',(0.,0.984807752954882,-0.173648177992041));
#6121=DIRECTION('center_axis',(0.5,0.15038373346199,0.852868531902798));
#6122=DIRECTION('ref_axis',(0.,-0.984807752954882,0.173648177992041));
#6123=DIRECTION('',(-0.866025403784439,0.0868240889960236,0.492403876477441));
#6124=DIRECTION('',(0.866025403784439,-0.0868240889960206,-0.492403876477441));
#6125=DIRECTION('',(0.,0.984807752954882,-0.173648177992041));
#6126=DIRECTION('center_axis',(1.,0.,0.));
#6127=DIRECTION('ref_axis',(0.,-0.984807752954882,0.173648177992041));
#6128=DIRECTION('',(0.,0.173648177992047,0.984807752954881));
#6129=DIRECTION('',(0.,-0.173648177992041,-0.984807752954882));
#6130=DIRECTION('',(0.,-0.984807752954882,0.173648177992041));
#6131=DIRECTION('center_axis',(-0.5,0.15038373346199,0.852868531902798));
#6132=DIRECTION('ref_axis',(0.,-0.984807752954882,0.173648177992041));
#6133=DIRECTION('',(0.866025403784439,0.0868240889960235,0.49240387647744));
#6134=DIRECTION('',(-0.866025403784439,-0.0868240889960206,-0.492403876477441));
#6135=DIRECTION('',(0.,0.984807752954882,-0.173648177992041));
#6136=DIRECTION('center_axis',(0.5,0.15038373346199,0.852868531902798));
#6137=DIRECTION('ref_axis',(0.,-0.984807752954882,0.173648177992041));
#6138=DIRECTION('',(0.866025403784439,-0.0868240889960236,-0.492403876477441));
#6139=DIRECTION('',(-0.866025403784439,0.0868240889960206,0.492403876477441));
#6140=DIRECTION('',(0.,0.984807752954882,-0.173648177992041));
#6141=DIRECTION('center_axis',(0.,-0.984807752954882,0.173648177992041));
#6142=DIRECTION('ref_axis',(-1.,0.,0.));
#6143=DIRECTION('',(0.,0.173648177992041,0.984807752954882));
#6144=DIRECTION('center_axis',(1.,0.,0.));
#6145=DIRECTION('ref_axis',(0.,-0.984807752954882,0.173648177992041));
#6146=DIRECTION('',(0.,-0.173648177992047,-0.984807752954881));
#6147=DIRECTION('center_axis',(0.,0.984807752954881,-0.173648177992047));
#6148=DIRECTION('ref_axis',(-1.,0.,0.));
#6149=DIRECTION('center_axis',(0.,0.984807752954881,-0.173648177992047));
#6150=DIRECTION('ref_axis',(1.,0.,0.));
#6151=DIRECTION('center_axis',(0.,-0.984807752954882,0.173648177992044));
#6152=DIRECTION('ref_axis',(1.,0.,0.));
#6153=DIRECTION('center_axis',(0.,-0.984807752954881,0.173648177992047));
#6154=DIRECTION('ref_axis',(1.,0.,0.));
#6155=DIRECTION('center_axis',(0.,-0.984807752954881,0.173648177992047));
#6156=DIRECTION('ref_axis',(1.,0.,0.));
#6157=DIRECTION('',(0.,0.984807752954881,-0.173648177992047));
#6158=DIRECTION('center_axis',(0.,-0.984807752954881,0.173648177992047));
#6159=DIRECTION('ref_axis',(1.,0.,0.));
#6160=DIRECTION('center_axis',(0.,-0.984807752954882,0.173648177992044));
#6161=DIRECTION('ref_axis',(1.,0.,0.));
#6162=DIRECTION('',(0.,0.984807752954882,-0.173648177992044));
#6163=DIRECTION('center_axis',(0.,0.984807752954882,-0.173648177992044));
#6164=DIRECTION('ref_axis',(1.,0.,0.));
#6165=DIRECTION('center_axis',(0.,0.984807752954882,-0.173648177992044));
#6166=DIRECTION('ref_axis',(-1.,0.,0.));
#6167=CARTESIAN_POINT('',(0.,0.,0.));
#6168=CARTESIAN_POINT('Origin',(63.86,156.031224283015,-117.299265271258));
#6169=CARTESIAN_POINT('',(63.86,156.535405057924,-118.758991871074));
#6170=CARTESIAN_POINT('Origin',(63.86,156.769830097774,-117.429501404508));
#6171=CARTESIAN_POINT('',(63.86,155.058193428405,-118.498519604574));
#6172=CARTESIAN_POINT('',(63.86,155.796799243164,-118.628755737824));
#6173=CARTESIAN_POINT('Origin',(63.86,155.292618468256,-117.169029138007));
#6174=CARTESIAN_POINT('Origin',(63.86,166.102818587697,-60.1804155965496));
#6175=CARTESIAN_POINT('',(63.86,166.606999362605,-61.6401421963663));
#6176=CARTESIAN_POINT('Origin',(63.86,166.841424402456,-60.3106517297998));
#6177=CARTESIAN_POINT('',(63.86,165.129787733087,-61.3796699298658));
#6178=CARTESIAN_POINT('',(63.86,165.868393547846,-61.509906063116));
#6179=CARTESIAN_POINT('Origin',(63.86,165.364212772938,-60.0501794632994));
#6180=CARTESIAN_POINT('Origin',(-23.04,156.031224283015,-117.299265271258));
#6181=CARTESIAN_POINT('',(-23.04,156.535405057923,-118.758991871074));
#6182=CARTESIAN_POINT('Origin',(-23.04,156.769830097774,-117.429501404508));
#6183=CARTESIAN_POINT('',(-23.04,155.058193428405,-118.498519604574));
#6184=CARTESIAN_POINT('',(-23.04,155.796799243164,-118.628755737824));
#6185=CARTESIAN_POINT('Origin',(-23.04,155.292618468256,-117.169029138007));
#6186=CARTESIAN_POINT('Origin',(-23.04,166.102818587697,-60.1804155965496));
#6187=CARTESIAN_POINT('',(-23.04,166.606999362605,-61.6401421963663));
#6188=CARTESIAN_POINT('Origin',(-23.04,166.841424402456,-60.3106517297998));
#6189=CARTESIAN_POINT('',(-23.04,165.129787733087,-61.3796699298659));
#6190=CARTESIAN_POINT('',(-23.04,165.868393547846,-61.5099060631161));
#6191=CARTESIAN_POINT('Origin',(-23.04,165.364212772938,-60.0501794632994));
#6192=CARTESIAN_POINT('Origin',(-23.54,166.18964267653,-59.6880117200435));
#6193=CARTESIAN_POINT('',(-23.54,165.971981394772,-56.6033523277567));
#6194=CARTESIAN_POINT('',(-23.54,167.44919302429,-56.863824594257));
#6195=CARTESIAN_POINT('',(-23.54,166.710587209531,-56.7335884610068));
#6196=CARTESIAN_POINT('',(-26.54,166.928248491289,-59.8182478532937));
#6197=CARTESIAN_POINT('Origin',(-23.54,166.928248491289,-59.8182478532937));
#6198=CARTESIAN_POINT('',(-26.54,165.451036861771,-59.5577755867933));
#6199=CARTESIAN_POINT('',(-26.54,166.18964267653,-59.6880117200435));
#6200=CARTESIAN_POINT('Origin',(-23.54,165.451036861771,-59.5577755867933));
#6201=CARTESIAN_POINT('Origin',(20.41,159.277844145712,-94.5676912063773));
#6202=CARTESIAN_POINT('',(-26.54,153.104651429652,-129.577606825961));
#6203=CARTESIAN_POINT('',(-26.54,159.277844145712,-94.5676912063773));
#6204=CARTESIAN_POINT('',(-23.54,152.583706896651,-132.532030084998));
#6205=CARTESIAN_POINT('Origin',(-23.54,153.104651429652,-129.577606825961));
#6206=CARTESIAN_POINT('',(64.36,152.583706896651,-132.532030084998));
#6207=CARTESIAN_POINT('',(20.41,152.583706896651,-132.532030084998));
#6208=CARTESIAN_POINT('',(67.36,153.104651429652,-129.577606825961));
#6209=CARTESIAN_POINT('Origin',(64.36,153.104651429652,-129.577606825961));
#6210=CARTESIAN_POINT('',(67.36,165.451036861771,-59.5577755867933));
#6211=CARTESIAN_POINT('',(67.36,159.277844145712,-94.5676912063773));
#6212=CARTESIAN_POINT('',(64.36,165.971981394772,-56.6033523277567));
#6213=CARTESIAN_POINT('Origin',(64.36,165.451036861771,-59.5577755867933));
#6214=CARTESIAN_POINT('',(20.41,165.971981394772,-56.6033523277567));
#6215=CARTESIAN_POINT('Origin',(-23.54,153.843257244411,-129.707842959211));
#6216=CARTESIAN_POINT('',(-26.54,154.581863059171,-129.838079092462));
#6217=CARTESIAN_POINT('',(-26.54,153.843257244411,-129.707842959211));
#6218=CARTESIAN_POINT('',(-23.54,154.06091852617,-132.792502351498));
#6219=CARTESIAN_POINT('Origin',(-23.54,154.581863059171,-129.838079092462));
#6220=CARTESIAN_POINT('',(-23.54,153.322312711411,-132.662266218248));
#6221=CARTESIAN_POINT('Origin',(64.36,166.18964267653,-59.6880117200435));
#6222=CARTESIAN_POINT('',(67.36,166.928248491289,-59.8182478532937));
#6223=CARTESIAN_POINT('',(67.36,166.18964267653,-59.6880117200435));
#6224=CARTESIAN_POINT('',(64.36,167.44919302429,-56.863824594257));
#6225=CARTESIAN_POINT('Origin',(64.36,166.928248491289,-59.8182478532937));
#6226=CARTESIAN_POINT('',(64.36,166.710587209531,-56.7335884610068));
#6227=CARTESIAN_POINT('Origin',(64.36,153.843257244411,-129.707842959211));
#6228=CARTESIAN_POINT('',(67.36,154.581863059171,-129.838079092462));
#6229=CARTESIAN_POINT('',(67.36,153.843257244411,-129.707842959211));
#6230=CARTESIAN_POINT('',(64.36,154.06091852617,-132.792502351498));
#6231=CARTESIAN_POINT('',(64.36,153.322312711411,-132.662266218248));
#6232=CARTESIAN_POINT('Origin',(64.36,154.581863059171,-129.838079092462));
#6233=CARTESIAN_POINT('Origin',(20.41,160.75505577523,-94.8281634728777));
#6234=CARTESIAN_POINT('',(20.41,167.44919302429,-56.863824594257));
#6235=CARTESIAN_POINT('',(67.36,160.75505577523,-94.8281634728777));
#6236=CARTESIAN_POINT('',(20.41,154.06091852617,-132.792502351498));
#6237=CARTESIAN_POINT('',(-26.54,160.75505577523,-94.8281634728777));
#6238=CARTESIAN_POINT('Origin',(20.41,153.322312711411,-132.662266218248));
#6239=CARTESIAN_POINT('Origin',(20.41,166.710587209531,-56.7335884610068));
#6240=CARTESIAN_POINT('Origin',(67.36,160.016449960471,-94.6979273396275));
#6241=CARTESIAN_POINT('Origin',(-26.54,160.016449960471,-94.6979273396275));
#6242=CARTESIAN_POINT('Origin',(48.91,169.6380217074,-96.3944700354334));
#6243=CARTESIAN_POINT('',(48.91,166.418317704465,-62.8253844635342));
#6244=CARTESIAN_POINT('Origin',(48.91,175.281587481575,-64.3882180625367));
#6245=CARTESIAN_POINT('',(48.91,155.131186156115,-126.837888409328));
#6246=CARTESIAN_POINT('',(48.91,160.77475193029,-94.831636436431));
#6247=CARTESIAN_POINT('Origin',(48.91,163.994455933225,-128.40072200833));
#6248=CARTESIAN_POINT('Origin',(48.91,163.994455933225,-128.40072200833));
#6249=CARTESIAN_POINT('Origin',(48.91,175.281587481575,-64.3882180625367));
#6250=CARTESIAN_POINT('Origin',(29.91,169.6380217074,-96.3944700354334));
#6251=CARTESIAN_POINT('',(29.91,166.418317704465,-62.8253844635342));
#6252=CARTESIAN_POINT('Origin',(29.91,175.281587481575,-64.3882180625367));
#6253=CARTESIAN_POINT('',(29.91,155.131186156115,-126.837888409328));
#6254=CARTESIAN_POINT('',(29.91,160.77475193029,-94.831636436431));
#6255=CARTESIAN_POINT('Origin',(29.91,163.994455933225,-128.40072200833));
#6256=CARTESIAN_POINT('Origin',(29.91,163.994455933225,-128.40072200833));
#6257=CARTESIAN_POINT('Origin',(29.91,175.281587481575,-64.3882180625367));
#6258=CARTESIAN_POINT('Origin',(10.91,169.6380217074,-96.3944700354334));
#6259=CARTESIAN_POINT('',(10.91,166.418317704465,-62.8253844635342));
#6260=CARTESIAN_POINT('Origin',(10.91,175.281587481575,-64.3882180625367));
#6261=CARTESIAN_POINT('',(10.91,155.131186156115,-126.837888409328));
#6262=CARTESIAN_POINT('',(10.91,160.77475193029,-94.831636436431));
#6263=CARTESIAN_POINT('Origin',(10.91,163.994455933225,-128.40072200833));
#6264=CARTESIAN_POINT('Origin',(10.91,163.994455933225,-128.40072200833));
#6265=CARTESIAN_POINT('Origin',(10.91,175.281587481575,-64.3882180625367));
#6266=CARTESIAN_POINT('Origin',(-8.09000000000003,169.6380217074,-96.3944700354334));
#6267=CARTESIAN_POINT('',(-8.09000000000002,166.418317704465,-62.8253844635342));
#6268=CARTESIAN_POINT('Origin',(-8.09000000000005,175.281587481575,-64.3882180625367));
#6269=CARTESIAN_POINT('',(-8.09000000000002,155.131186156115,-126.837888409328));
#6270=CARTESIAN_POINT('',(-8.09000000000002,160.77475193029,-94.831636436431));
#6271=CARTESIAN_POINT('Origin',(-8.09000000000003,163.994455933225,-128.40072200833));
#6272=CARTESIAN_POINT('Origin',(-8.09000000000003,163.994455933225,-128.40072200833));
#6273=CARTESIAN_POINT('Origin',(-8.09000000000005,175.281587481575,-64.3882180625367));
#6274=CARTESIAN_POINT('Origin',(-23.25,169.156710040391,-68.8930954208491));
#6275=CARTESIAN_POINT('',(-21.625,171.844841282833,-69.3670854874921));
#6276=CARTESIAN_POINT('',(-24.875,171.844841282833,-69.3670854874921));
#6277=CARTESIAN_POINT('',(-23.25,171.844841282833,-69.3670854874921));
#6278=CARTESIAN_POINT('',(-21.625,166.251527169174,-68.3808332957726));
#6279=CARTESIAN_POINT('',(-21.625,169.156710040391,-68.8930954208491));
#6280=CARTESIAN_POINT('',(-24.875,166.251527169174,-68.3808332957726));
#6281=CARTESIAN_POINT('',(-23.25,166.251527169174,-68.3808332957726));
#6282=CARTESIAN_POINT('',(-24.875,169.156710040391,-68.8930954208491));
#6283=CARTESIAN_POINT('Origin',(-24.875,168.748636822109,-71.2073936402931));
#6284=CARTESIAN_POINT('',(-24.875,171.02869484627,-73.99568192638));
#6285=CARTESIAN_POINT('',(-24.875,171.436768064552,-71.681383706936));
#6286=CARTESIAN_POINT('',(-24.875,165.435380732611,-73.0094297346605));
#6287=CARTESIAN_POINT('',(-24.875,165.843453950893,-70.6951315152166));
#6288=CARTESIAN_POINT('',(-24.875,168.340563603828,-73.5216918597371));
#6289=CARTESIAN_POINT('Origin',(-23.25,165.843453950893,-70.6951315152166));
#6290=CARTESIAN_POINT('',(-21.625,165.435380732611,-73.0094297346605));
#6291=CARTESIAN_POINT('',(-21.625,165.843453950893,-70.6951315152166));
#6292=CARTESIAN_POINT('',(-23.25,165.435380732611,-73.0094297346605));
#6293=CARTESIAN_POINT('Origin',(-23.25,168.340563603828,-73.5216918597371));
#6294=CARTESIAN_POINT('',(-21.625,171.02869484627,-73.99568192638));
#6295=CARTESIAN_POINT('',(-23.25,171.02869484627,-73.99568192638));
#6296=CARTESIAN_POINT('',(-21.625,168.340563603828,-73.5216918597371));
#6297=CARTESIAN_POINT('Origin',(-21.625,168.748636822109,-71.2073936402931));
#6298=CARTESIAN_POINT('',(-21.625,171.436768064552,-71.681383706936));
#6299=CARTESIAN_POINT('Origin',(-23.25,165.035517670345,-70.5526705499878));
#6300=CARTESIAN_POINT('',(-20.375,164.393019411774,-74.1964592359208));
#6301=CARTESIAN_POINT('',(-20.375,165.678015928915,-66.9088818640547));
#6302=CARTESIAN_POINT('',(-20.375,165.035517670345,-70.5526705499878));
#6303=CARTESIAN_POINT('',(-26.125,165.678015928915,-66.9088818640547));
#6304=CARTESIAN_POINT('',(-23.25,165.678015928915,-66.9088818640547));
#6305=CARTESIAN_POINT('',(-26.125,164.393019411774,-74.1964592359208));
#6306=CARTESIAN_POINT('',(-26.125,165.035517670345,-70.5526705499878));
#6307=CARTESIAN_POINT('',(-23.25,164.393019411774,-74.1964592359208));
#6308=CARTESIAN_POINT('Origin',(-23.25,171.436768064552,-71.681383706936));
#6309=CARTESIAN_POINT('',(-20.375,172.079266323122,-68.037595021003));
#6310=CARTESIAN_POINT('',(-20.375,170.794269805981,-75.3251723928691));
#6311=CARTESIAN_POINT('',(-20.375,171.436768064552,-71.681383706936));
#6312=CARTESIAN_POINT('',(-26.125,170.794269805981,-75.3251723928691));
#6313=CARTESIAN_POINT('',(-23.25,170.794269805981,-75.3251723928691));
#6314=CARTESIAN_POINT('',(-26.125,172.079266323122,-68.037595021003));
#6315=CARTESIAN_POINT('',(-26.125,171.436768064552,-71.681383706936));
#6316=CARTESIAN_POINT('',(-23.25,172.079266323122,-68.037595021003));
#6317=CARTESIAN_POINT('Origin',(-23.25,167.593644608878,-74.760815814395));
#6318=CARTESIAN_POINT('',(-26.125,167.593644608878,-74.760815814395));
#6319=CARTESIAN_POINT('',(-20.375,167.593644608878,-74.760815814395));
#6320=CARTESIAN_POINT('Origin',(-26.125,168.236142867448,-71.1170271284619));
#6321=CARTESIAN_POINT('',(-26.125,168.878641126019,-67.4732384425288));
#6322=CARTESIAN_POINT('Origin',(-23.25,168.878641126019,-67.4732384425288));
#6323=CARTESIAN_POINT('',(-20.375,168.878641126019,-67.4732384425288));
#6324=CARTESIAN_POINT('Origin',(-20.375,168.236142867448,-71.1170271284619));
#6325=CARTESIAN_POINT('Origin',(-23.25,167.863358402774,-72.3408869664531));
#6326=CARTESIAN_POINT('',(-23.58,170.005315265549,-72.7185717536031));
#6327=CARTESIAN_POINT('Origin',(-23.25,170.005315265549,-72.7185717536031));
#6328=CARTESIAN_POINT('',(-23.58,165.721401539999,-71.9632021793031));
#6329=CARTESIAN_POINT('',(-23.58,167.863358402774,-72.3408869664531));
#6330=CARTESIAN_POINT('Origin',(-23.25,165.721401539999,-71.9632021793031));
#6331=CARTESIAN_POINT('Origin',(-23.25,165.721401539999,-71.9632021793031));
#6332=CARTESIAN_POINT('Origin',(-23.25,170.005315265549,-72.7185717536031));
#6333=CARTESIAN_POINT('Origin',(-23.25,168.304424774894,-69.8394752738331));
#6334=CARTESIAN_POINT('',(-23.58,170.446381637669,-70.2171600609831));
#6335=CARTESIAN_POINT('Origin',(-23.25,170.446381637669,-70.2171600609831));
#6336=CARTESIAN_POINT('',(-23.58,166.162467912119,-69.4617904866831));
#6337=CARTESIAN_POINT('',(-23.58,168.304424774894,-69.8394752738331));
#6338=CARTESIAN_POINT('Origin',(-23.25,166.162467912119,-69.4617904866831));
#6339=CARTESIAN_POINT('Origin',(-23.25,166.162467912119,-69.4617904866831));
#6340=CARTESIAN_POINT('Origin',(-23.25,170.446381637669,-70.2171600609831));
#6341=CARTESIAN_POINT('Origin',(-23.25,167.003472633191,-81.1047115580491));
#6342=CARTESIAN_POINT('',(-21.625,169.691603875633,-81.5787016246921));
#6343=CARTESIAN_POINT('',(-24.875,169.691603875633,-81.5787016246921));
#6344=CARTESIAN_POINT('',(-23.25,169.691603875633,-81.5787016246921));
#6345=CARTESIAN_POINT('',(-21.625,164.098289761974,-80.5924494329726));
#6346=CARTESIAN_POINT('',(-21.625,167.003472633191,-81.1047115580491));
#6347=CARTESIAN_POINT('',(-24.875,164.098289761974,-80.5924494329726));
#6348=CARTESIAN_POINT('',(-23.25,164.098289761974,-80.5924494329726));
#6349=CARTESIAN_POINT('',(-24.875,167.003472633191,-81.1047115580491));
#6350=CARTESIAN_POINT('Origin',(-24.875,166.595399414909,-83.4190097774931));
#6351=CARTESIAN_POINT('',(-24.875,168.87545743907,-86.20729806358));
#6352=CARTESIAN_POINT('',(-24.875,169.283530657352,-83.8929998441361));
#6353=CARTESIAN_POINT('',(-24.875,163.282143325411,-85.2210458718605));
#6354=CARTESIAN_POINT('',(-24.875,163.690216543693,-82.9067476524166));
#6355=CARTESIAN_POINT('',(-24.875,166.187326196628,-85.7333079969371));
#6356=CARTESIAN_POINT('Origin',(-23.25,163.690216543693,-82.9067476524166));
#6357=CARTESIAN_POINT('',(-21.625,163.282143325411,-85.2210458718605));
#6358=CARTESIAN_POINT('',(-21.625,163.690216543693,-82.9067476524166));
#6359=CARTESIAN_POINT('',(-23.25,163.282143325411,-85.2210458718605));
#6360=CARTESIAN_POINT('Origin',(-23.25,166.187326196628,-85.7333079969371));
#6361=CARTESIAN_POINT('',(-21.625,168.87545743907,-86.20729806358));
#6362=CARTESIAN_POINT('',(-23.25,168.87545743907,-86.20729806358));
#6363=CARTESIAN_POINT('',(-21.625,166.187326196628,-85.7333079969371));
#6364=CARTESIAN_POINT('Origin',(-21.625,166.595399414909,-83.4190097774931));
#6365=CARTESIAN_POINT('',(-21.625,169.283530657352,-83.8929998441361));
#6366=CARTESIAN_POINT('Origin',(-23.25,162.882280263145,-82.7642866871878));
#6367=CARTESIAN_POINT('',(-20.375,162.239782004574,-86.4080753731208));
#6368=CARTESIAN_POINT('',(-20.375,163.524778521715,-79.1204980012547));
#6369=CARTESIAN_POINT('',(-20.375,162.882280263145,-82.7642866871878));
#6370=CARTESIAN_POINT('',(-26.125,163.524778521715,-79.1204980012547));
#6371=CARTESIAN_POINT('',(-23.25,163.524778521715,-79.1204980012547));
#6372=CARTESIAN_POINT('',(-26.125,162.239782004574,-86.4080753731208));
#6373=CARTESIAN_POINT('',(-26.125,162.882280263145,-82.7642866871878));
#6374=CARTESIAN_POINT('',(-23.25,162.239782004574,-86.4080753731208));
#6375=CARTESIAN_POINT('Origin',(-23.25,169.283530657352,-83.892999844136));
#6376=CARTESIAN_POINT('',(-20.375,169.926028915922,-80.249211158203));
#6377=CARTESIAN_POINT('',(-20.375,168.641032398781,-87.5367885300691));
#6378=CARTESIAN_POINT('',(-20.375,169.283530657352,-83.892999844136));
#6379=CARTESIAN_POINT('',(-26.125,168.641032398781,-87.5367885300691));
#6380=CARTESIAN_POINT('',(-23.25,168.641032398781,-87.5367885300691));
#6381=CARTESIAN_POINT('',(-26.125,169.926028915922,-80.249211158203));
#6382=CARTESIAN_POINT('',(-26.125,169.283530657352,-83.892999844136));
#6383=CARTESIAN_POINT('',(-23.25,169.926028915922,-80.249211158203));
#6384=CARTESIAN_POINT('Origin',(-23.25,165.440407201678,-86.972431951595));
#6385=CARTESIAN_POINT('',(-26.125,165.440407201678,-86.972431951595));
#6386=CARTESIAN_POINT('',(-20.375,165.440407201678,-86.972431951595));
#6387=CARTESIAN_POINT('Origin',(-26.125,166.082905460248,-83.3286432656619));
#6388=CARTESIAN_POINT('',(-26.125,166.725403718819,-79.6848545797288));
#6389=CARTESIAN_POINT('Origin',(-23.25,166.725403718819,-79.6848545797288));
#6390=CARTESIAN_POINT('',(-20.375,166.725403718819,-79.6848545797288));
#6391=CARTESIAN_POINT('Origin',(-20.375,166.082905460248,-83.3286432656619));
#6392=CARTESIAN_POINT('Origin',(-23.25,165.710120995574,-84.5525031036531));
#6393=CARTESIAN_POINT('',(-23.58,167.852077858349,-84.9301878908031));
#6394=CARTESIAN_POINT('Origin',(-23.25,167.852077858349,-84.9301878908031));
#6395=CARTESIAN_POINT('',(-23.58,163.568164132799,-84.1748183165031));
#6396=CARTESIAN_POINT('',(-23.58,165.710120995574,-84.5525031036531));
#6397=CARTESIAN_POINT('Origin',(-23.25,163.568164132799,-84.1748183165031));
#6398=CARTESIAN_POINT('Origin',(-23.25,163.568164132799,-84.1748183165031));
#6399=CARTESIAN_POINT('Origin',(-23.25,167.852077858349,-84.9301878908031));
#6400=CARTESIAN_POINT('Origin',(-23.25,166.151187367694,-82.0510914110331));
#6401=CARTESIAN_POINT('',(-23.58,168.293144230469,-82.4287761981831));
#6402=CARTESIAN_POINT('Origin',(-23.25,168.293144230469,-82.4287761981831));
#6403=CARTESIAN_POINT('',(-23.58,164.009230504919,-81.6734066238831));
#6404=CARTESIAN_POINT('',(-23.58,166.151187367694,-82.0510914110331));
#6405=CARTESIAN_POINT('Origin',(-23.25,164.009230504919,-81.6734066238831));
#6406=CARTESIAN_POINT('Origin',(-23.25,164.009230504919,-81.6734066238831));
#6407=CARTESIAN_POINT('Origin',(-23.25,168.293144230469,-82.4287761981831));
#6408=CARTESIAN_POINT('Origin',(-23.25,164.850235225991,-93.3163276952491));
#6409=CARTESIAN_POINT('',(-21.625,167.538366468433,-93.7903177618921));
#6410=CARTESIAN_POINT('',(-24.875,167.538366468433,-93.7903177618921));
#6411=CARTESIAN_POINT('',(-23.25,167.538366468433,-93.7903177618921));
#6412=CARTESIAN_POINT('',(-21.625,161.945052354774,-92.8040655701726));
#6413=CARTESIAN_POINT('',(-21.625,164.850235225991,-93.3163276952491));
#6414=CARTESIAN_POINT('',(-24.875,161.945052354774,-92.8040655701726));
#6415=CARTESIAN_POINT('',(-23.25,161.945052354774,-92.8040655701726));
#6416=CARTESIAN_POINT('',(-24.875,164.850235225991,-93.3163276952491));
#6417=CARTESIAN_POINT('Origin',(-24.875,164.442162007709,-95.6306259146931));
#6418=CARTESIAN_POINT('',(-24.875,166.72222003187,-98.41891420078));
#6419=CARTESIAN_POINT('',(-24.875,167.130293250152,-96.1046159813361));
#6420=CARTESIAN_POINT('',(-24.875,161.128905918211,-97.4326620090606));
#6421=CARTESIAN_POINT('',(-24.875,161.536979136493,-95.1183637896166));
#6422=CARTESIAN_POINT('',(-24.875,164.034088789428,-97.9449241341371));
#6423=CARTESIAN_POINT('Origin',(-23.25,161.536979136493,-95.1183637896166));
#6424=CARTESIAN_POINT('',(-21.625,161.128905918211,-97.4326620090606));
#6425=CARTESIAN_POINT('',(-21.625,161.536979136493,-95.1183637896166));
#6426=CARTESIAN_POINT('',(-23.25,161.128905918211,-97.4326620090606));
#6427=CARTESIAN_POINT('Origin',(-23.25,164.034088789428,-97.9449241341371));
#6428=CARTESIAN_POINT('',(-21.625,166.72222003187,-98.41891420078));
#6429=CARTESIAN_POINT('',(-23.25,166.72222003187,-98.41891420078));
#6430=CARTESIAN_POINT('',(-21.625,164.034088789428,-97.9449241341371));
#6431=CARTESIAN_POINT('Origin',(-21.625,164.442162007709,-95.6306259146931));
#6432=CARTESIAN_POINT('',(-21.625,167.130293250152,-96.1046159813361));
#6433=CARTESIAN_POINT('Origin',(-23.25,160.729042855945,-94.9759028243878));
#6434=CARTESIAN_POINT('',(-20.375,160.086544597374,-98.6196915103208));
#6435=CARTESIAN_POINT('',(-20.375,161.371541114515,-91.3321141384547));
#6436=CARTESIAN_POINT('',(-20.375,160.729042855945,-94.9759028243878));
#6437=CARTESIAN_POINT('',(-26.125,161.371541114515,-91.3321141384547));
#6438=CARTESIAN_POINT('',(-23.25,161.371541114515,-91.3321141384547));
#6439=CARTESIAN_POINT('',(-26.125,160.086544597374,-98.6196915103208));
#6440=CARTESIAN_POINT('',(-26.125,160.729042855945,-94.9759028243878));
#6441=CARTESIAN_POINT('',(-23.25,160.086544597374,-98.6196915103208));
#6442=CARTESIAN_POINT('Origin',(-23.25,167.130293250152,-96.1046159813361));
#6443=CARTESIAN_POINT('',(-20.375,167.772791508722,-92.460827295403));
#6444=CARTESIAN_POINT('',(-20.375,166.487794991581,-99.7484046672691));
#6445=CARTESIAN_POINT('',(-20.375,167.130293250152,-96.1046159813361));
#6446=CARTESIAN_POINT('',(-26.125,166.487794991581,-99.7484046672691));
#6447=CARTESIAN_POINT('',(-23.25,166.487794991581,-99.7484046672691));
#6448=CARTESIAN_POINT('',(-26.125,167.772791508722,-92.460827295403));
#6449=CARTESIAN_POINT('',(-26.125,167.130293250152,-96.1046159813361));
#6450=CARTESIAN_POINT('',(-23.25,167.772791508722,-92.460827295403));
#6451=CARTESIAN_POINT('Origin',(-23.25,163.287169794478,-99.184048088795));
#6452=CARTESIAN_POINT('',(-26.125,163.287169794478,-99.184048088795));
#6453=CARTESIAN_POINT('',(-20.375,163.287169794478,-99.184048088795));
#6454=CARTESIAN_POINT('Origin',(-26.125,163.929668053048,-95.5402594028619));
#6455=CARTESIAN_POINT('',(-26.125,164.572166311619,-91.8964707169289));
#6456=CARTESIAN_POINT('Origin',(-23.25,164.572166311619,-91.8964707169289));
#6457=CARTESIAN_POINT('',(-20.375,164.572166311619,-91.8964707169289));
#6458=CARTESIAN_POINT('Origin',(-20.375,163.929668053048,-95.5402594028619));
#6459=CARTESIAN_POINT('Origin',(-23.25,163.556883588374,-96.7641192408531));
#6460=CARTESIAN_POINT('',(-23.58,165.698840451149,-97.1418040280031));
#6461=CARTESIAN_POINT('Origin',(-23.25,165.698840451149,-97.1418040280031));
#6462=CARTESIAN_POINT('',(-23.58,161.414926725599,-96.3864344537031));
#6463=CARTESIAN_POINT('',(-23.58,163.556883588374,-96.7641192408531));
#6464=CARTESIAN_POINT('Origin',(-23.25,161.414926725599,-96.3864344537031));
#6465=CARTESIAN_POINT('Origin',(-23.25,161.414926725599,-96.3864344537031));
#6466=CARTESIAN_POINT('Origin',(-23.25,165.698840451149,-97.1418040280031));
#6467=CARTESIAN_POINT('Origin',(-23.25,163.997949960494,-94.2627075482331));
#6468=CARTESIAN_POINT('',(-23.58,166.139906823269,-94.6403923353831));
#6469=CARTESIAN_POINT('Origin',(-23.25,166.139906823269,-94.6403923353831));
#6470=CARTESIAN_POINT('',(-23.58,161.855993097719,-93.8850227610831));
#6471=CARTESIAN_POINT('',(-23.58,163.997949960494,-94.2627075482331));
#6472=CARTESIAN_POINT('Origin',(-23.25,161.855993097719,-93.8850227610831));
#6473=CARTESIAN_POINT('Origin',(-23.25,161.855993097719,-93.8850227610831));
#6474=CARTESIAN_POINT('Origin',(-23.25,166.139906823269,-94.6403923353831));
#6475=CARTESIAN_POINT('Origin',(-23.25,162.696997818791,-105.527943832449));
#6476=CARTESIAN_POINT('',(-21.625,165.385129061233,-106.001933899092));
#6477=CARTESIAN_POINT('',(-24.875,165.385129061233,-106.001933899092));
#6478=CARTESIAN_POINT('',(-23.25,165.385129061233,-106.001933899092));
#6479=CARTESIAN_POINT('',(-21.625,159.791814947574,-105.015681707373));
#6480=CARTESIAN_POINT('',(-21.625,162.696997818791,-105.527943832449));
#6481=CARTESIAN_POINT('',(-24.875,159.791814947574,-105.015681707373));
#6482=CARTESIAN_POINT('',(-23.25,159.791814947574,-105.015681707373));
#6483=CARTESIAN_POINT('',(-24.875,162.696997818791,-105.527943832449));
#6484=CARTESIAN_POINT('Origin',(-24.875,162.288924600509,-107.842242051893));
#6485=CARTESIAN_POINT('',(-24.875,164.56898262467,-110.63053033798));
#6486=CARTESIAN_POINT('',(-24.875,164.977055842952,-108.316232118536));
#6487=CARTESIAN_POINT('',(-24.875,158.975668511011,-109.644278146261));
#6488=CARTESIAN_POINT('',(-24.875,159.383741729292,-107.329979926817));
#6489=CARTESIAN_POINT('',(-24.875,161.880851382228,-110.156540271337));
#6490=CARTESIAN_POINT('Origin',(-23.25,159.383741729292,-107.329979926817));
#6491=CARTESIAN_POINT('',(-21.625,158.975668511011,-109.644278146261));
#6492=CARTESIAN_POINT('',(-21.625,159.383741729292,-107.329979926817));
#6493=CARTESIAN_POINT('',(-23.25,158.975668511011,-109.644278146261));
#6494=CARTESIAN_POINT('Origin',(-23.25,161.880851382228,-110.156540271337));
#6495=CARTESIAN_POINT('',(-21.625,164.56898262467,-110.63053033798));
#6496=CARTESIAN_POINT('',(-23.25,164.56898262467,-110.63053033798));
#6497=CARTESIAN_POINT('',(-21.625,161.880851382228,-110.156540271337));
#6498=CARTESIAN_POINT('Origin',(-21.625,162.288924600509,-107.842242051893));
#6499=CARTESIAN_POINT('',(-21.625,164.977055842952,-108.316232118536));
#6500=CARTESIAN_POINT('Origin',(-23.25,158.575805448745,-107.187518961588));
#6501=CARTESIAN_POINT('',(-20.375,157.933307190174,-110.831307647521));
#6502=CARTESIAN_POINT('',(-20.375,159.218303707315,-103.543730275655));
#6503=CARTESIAN_POINT('',(-20.375,158.575805448745,-107.187518961588));
#6504=CARTESIAN_POINT('',(-26.125,159.218303707315,-103.543730275655));
#6505=CARTESIAN_POINT('',(-23.25,159.218303707315,-103.543730275655));
#6506=CARTESIAN_POINT('',(-26.125,157.933307190174,-110.831307647521));
#6507=CARTESIAN_POINT('',(-26.125,158.575805448745,-107.187518961588));
#6508=CARTESIAN_POINT('',(-23.25,157.933307190174,-110.831307647521));
#6509=CARTESIAN_POINT('Origin',(-23.25,164.977055842952,-108.316232118536));
#6510=CARTESIAN_POINT('',(-20.375,165.619554101522,-104.672443432603));
#6511=CARTESIAN_POINT('',(-20.375,164.334557584381,-111.960020804469));
#6512=CARTESIAN_POINT('',(-20.375,164.977055842952,-108.316232118536));
#6513=CARTESIAN_POINT('',(-26.125,164.334557584381,-111.960020804469));
#6514=CARTESIAN_POINT('',(-23.25,164.334557584381,-111.960020804469));
#6515=CARTESIAN_POINT('',(-26.125,165.619554101522,-104.672443432603));
#6516=CARTESIAN_POINT('',(-26.125,164.977055842952,-108.316232118536));
#6517=CARTESIAN_POINT('',(-23.25,165.619554101522,-104.672443432603));
#6518=CARTESIAN_POINT('Origin',(-23.25,161.133932387278,-111.395664225995));
#6519=CARTESIAN_POINT('',(-26.125,161.133932387278,-111.395664225995));
#6520=CARTESIAN_POINT('',(-20.375,161.133932387278,-111.395664225995));
#6521=CARTESIAN_POINT('Origin',(-26.125,161.776430645848,-107.751875540062));
#6522=CARTESIAN_POINT('',(-26.125,162.418928904419,-104.108086854129));
#6523=CARTESIAN_POINT('Origin',(-23.25,162.418928904419,-104.108086854129));
#6524=CARTESIAN_POINT('',(-20.375,162.418928904419,-104.108086854129));
#6525=CARTESIAN_POINT('Origin',(-20.375,161.776430645848,-107.751875540062));
#6526=CARTESIAN_POINT('Origin',(-23.25,161.403646181174,-108.975735378053));
#6527=CARTESIAN_POINT('',(-23.58,163.545603043949,-109.353420165203));
#6528=CARTESIAN_POINT('Origin',(-23.25,163.545603043949,-109.353420165203));
#6529=CARTESIAN_POINT('',(-23.58,159.261689318399,-108.598050590903));
#6530=CARTESIAN_POINT('',(-23.58,161.403646181174,-108.975735378053));
#6531=CARTESIAN_POINT('Origin',(-23.25,159.261689318399,-108.598050590903));
#6532=CARTESIAN_POINT('Origin',(-23.25,159.261689318399,-108.598050590903));
#6533=CARTESIAN_POINT('Origin',(-23.25,163.545603043949,-109.353420165203));
#6534=CARTESIAN_POINT('Origin',(-23.25,161.844712553294,-106.474323685433));
#6535=CARTESIAN_POINT('',(-23.58,163.986669416069,-106.852008472583));
#6536=CARTESIAN_POINT('Origin',(-23.25,163.986669416069,-106.852008472583));
#6537=CARTESIAN_POINT('',(-23.58,159.702755690519,-106.096638898283));
#6538=CARTESIAN_POINT('',(-23.58,161.844712553294,-106.474323685433));
#6539=CARTESIAN_POINT('Origin',(-23.25,159.702755690519,-106.096638898283));
#6540=CARTESIAN_POINT('Origin',(-23.25,159.702755690519,-106.096638898283));
#6541=CARTESIAN_POINT('Origin',(-23.25,163.986669416069,-106.852008472583));
#6542=CARTESIAN_POINT('Origin',(38.91,163.955715279748,-95.3925382399119));
#6543=CARTESIAN_POINT('',(38.91,172.864624937806,-63.5836049962617));
#6544=CARTESIAN_POINT('',(38.91,166.4633745436,-62.4548918393134));
#6545=CARTESIAN_POINT('',(38.91,172.126019123203,-63.4533688627876));
#6546=CARTESIAN_POINT('',(38.91,161.447257234278,-128.334714756174));
#6547=CARTESIAN_POINT('',(38.91,167.156340476852,-95.956894818386));
#6548=CARTESIAN_POINT('',(38.91,155.046006840071,-127.206001599226));
#6549=CARTESIAN_POINT('',(38.91,160.708651419674,-128.2044786227));
#6550=CARTESIAN_POINT('',(38.91,160.755090082645,-94.8281816614378));
#6551=CARTESIAN_POINT('Origin',(39.41,157.817252187729,-130.205492306867));
#6552=CARTESIAN_POINT('',(38.96,161.017877384833,-130.769848885341));
#6553=CARTESIAN_POINT('',(38.96,154.616626990626,-129.641135728393));
#6554=CARTESIAN_POINT('',(38.96,160.279271570229,-130.639612751867));
#6555=CARTESIAN_POINT('',(39.86,161.017877384833,-130.769848885341));
#6556=CARTESIAN_POINT('',(39.41,161.017877384833,-130.769848885341));
#6557=CARTESIAN_POINT('',(39.86,154.616626990626,-129.641135728393));
#6558=CARTESIAN_POINT('',(39.86,160.279271570229,-130.639612751867));
#6559=CARTESIAN_POINT('',(39.41,154.616626990626,-129.641135728393));
#6560=CARTESIAN_POINT('Origin',(39.91,163.955715279748,-95.3925382399119));
#6561=CARTESIAN_POINT('',(39.91,161.447257234278,-128.334714756174));
#6562=CARTESIAN_POINT('',(39.91,155.046006840071,-127.206001599226));
#6563=CARTESIAN_POINT('',(39.91,160.708651419674,-128.2044786227));
#6564=CARTESIAN_POINT('',(39.91,172.864624937806,-63.5836049962617));
#6565=CARTESIAN_POINT('',(39.91,167.156340476852,-95.956894818386));
#6566=CARTESIAN_POINT('',(39.91,166.4633745436,-62.4548918393134));
#6567=CARTESIAN_POINT('',(39.91,172.126019123203,-63.4533688627876));
#6568=CARTESIAN_POINT('',(39.91,160.755090082645,-94.8281816614378));
#6569=CARTESIAN_POINT('Origin',(39.41,167.156340476852,-95.956894818386));
#6570=CARTESIAN_POINT('',(38.96,173.29480356887,-61.143940751431));
#6571=CARTESIAN_POINT('',(38.96,172.864624937806,-63.5836049962617));
#6572=CARTESIAN_POINT('',(38.96,170.166766067522,-78.8839229296645));
#6573=CARTESIAN_POINT('',(39.86,173.29480356887,-61.143940751431));
#6574=CARTESIAN_POINT('',(39.41,173.29480356887,-61.143940751431));
#6575=CARTESIAN_POINT('',(39.86,172.864624937806,-63.5836049962617));
#6576=CARTESIAN_POINT('',(39.86,170.166766067522,-78.8839229296645));
#6577=CARTESIAN_POINT('',(44.16,172.864624937806,-63.5836049962617));
#6578=CARTESIAN_POINT('',(39.86,161.447257234278,-128.334714756174));
#6579=CARTESIAN_POINT('',(44.16,161.447257234278,-128.334714756174));
#6580=CARTESIAN_POINT('',(39.86,164.145515495372,-113.03213176494));
#6581=CARTESIAN_POINT('',(38.96,161.447257234278,-128.334714756174));
#6582=CARTESIAN_POINT('',(38.96,164.145515495372,-113.03213176494));
#6583=CARTESIAN_POINT('',(34.66,161.447257234278,-128.334714756174));
#6584=CARTESIAN_POINT('',(34.66,172.864624937806,-63.5836049962617));
#6585=CARTESIAN_POINT('Origin',(39.41,170.094178371767,-60.5795841729568));
#6586=CARTESIAN_POINT('',(38.96,166.893553174664,-60.0152275944827));
#6587=CARTESIAN_POINT('',(38.96,172.556197754267,-61.0137046179568));
#6588=CARTESIAN_POINT('',(39.86,166.893553174664,-60.0152275944827));
#6589=CARTESIAN_POINT('',(39.41,166.893553174664,-60.0152275944827));
#6590=CARTESIAN_POINT('',(39.86,172.556197754267,-61.0137046179568));
#6591=CARTESIAN_POINT('Origin',(39.86,162.858104081789,-130.411253023019));
#6592=CARTESIAN_POINT('',(39.86,171.295334764052,-130.071196536134));
#6593=CARTESIAN_POINT('',(39.86,163.170670802174,-128.6385990677));
#6594=CARTESIAN_POINT('',(39.86,170.670201323281,-133.616504446772));
#6595=CARTESIAN_POINT('',(39.86,170.982768043667,-131.843850491453));
#6596=CARTESIAN_POINT('',(39.86,154.420873399525,-130.751309509903));
#6597=CARTESIAN_POINT('',(39.86,162.545537361403,-132.183906978338));
#6598=CARTESIAN_POINT('',(39.86,154.733440119911,-128.978655554584));
#6599=CARTESIAN_POINT('Origin',(48.91,174.588038505703,-63.8874893077876));
#6600=CARTESIAN_POINT('',(39.86,182.712702467581,-65.3200867762219));
#6601=CARTESIAN_POINT('',(39.86,174.588038505703,-63.8874893077876));
#6602=CARTESIAN_POINT('',(57.96,182.712702467581,-65.3200867762219));
#6603=CARTESIAN_POINT('',(48.91,182.712702467581,-65.3200867762219));
#6604=CARTESIAN_POINT('',(57.96,172.864624937806,-63.5836049962617));
#6605=CARTESIAN_POINT('',(57.96,174.588038505703,-63.8874893077876));
#6606=CARTESIAN_POINT('',(57.8,172.864624937806,-63.5836049962617));
#6607=CARTESIAN_POINT('',(53.68,172.864624937806,-63.5836049962617));
#6608=CARTESIAN_POINT('',(57.8,166.4633745436,-62.4548918393134));
#6609=CARTESIAN_POINT('',(57.8,172.126019123203,-63.4533688627876));
#6610=CARTESIAN_POINT('',(48.91,166.463374543825,-62.4548918393532));
#6611=CARTESIAN_POINT('Origin',(58.45,157.817252187729,-130.205492306867));
#6612=CARTESIAN_POINT('',(57.96,161.017877384833,-130.769848885341));
#6613=CARTESIAN_POINT('',(57.96,154.616626990626,-129.641135728393));
#6614=CARTESIAN_POINT('',(57.96,160.279271570229,-130.639612751867));
#6615=CARTESIAN_POINT('',(59.1,161.017877384833,-130.769848885341));
#6616=CARTESIAN_POINT('',(58.45,161.017877384833,-130.769848885341));
#6617=CARTESIAN_POINT('',(59.1,154.616626990626,-129.641135728393));
#6618=CARTESIAN_POINT('',(59.1,157.817252187729,-130.205492306867));
#6619=CARTESIAN_POINT('',(58.45,154.616626990626,-129.641135728393));
#6620=CARTESIAN_POINT('Origin',(57.8,163.955715279748,-95.3925382399119));
#6621=CARTESIAN_POINT('',(57.8,161.447257234278,-128.334714756174));
#6622=CARTESIAN_POINT('',(57.8,167.156340476852,-95.956894818386));
#6623=CARTESIAN_POINT('',(57.8,155.046006840071,-127.206001599226));
#6624=CARTESIAN_POINT('',(57.8,160.708651419674,-128.2044786227));
#6625=CARTESIAN_POINT('',(57.8,160.755090082645,-94.8281816614378));
#6626=CARTESIAN_POINT('Origin',(58.45,167.156340476852,-95.956894818386));
#6627=CARTESIAN_POINT('',(57.96,173.29480356887,-61.143940751431));
#6628=CARTESIAN_POINT('',(57.96,170.166766067522,-78.8839229296645));
#6629=CARTESIAN_POINT('',(59.1,173.29480356887,-61.143940751431));
#6630=CARTESIAN_POINT('',(58.45,173.29480356887,-61.143940751431));
#6631=CARTESIAN_POINT('',(59.1,167.156340476852,-95.956894818386));
#6632=CARTESIAN_POINT('',(57.96,161.447257234278,-128.334714756174));
#6633=CARTESIAN_POINT('',(57.96,164.145515495372,-113.03213176494));
#6634=CARTESIAN_POINT('',(53.68,161.447257234278,-128.334714756174));
#6635=CARTESIAN_POINT('Origin',(58.45,170.094178371767,-60.5795841729568));
#6636=CARTESIAN_POINT('',(57.96,166.893553174664,-60.0152275944827));
#6637=CARTESIAN_POINT('',(57.96,172.556197754267,-61.0137046179568));
#6638=CARTESIAN_POINT('',(59.1,166.893553174664,-60.0152275944827));
#6639=CARTESIAN_POINT('',(58.45,166.893553174664,-60.0152275944827));
#6640=CARTESIAN_POINT('',(59.1,170.094178371767,-60.5795841729568));
#6641=CARTESIAN_POINT('Origin',(59.1,163.955715279748,-95.3925382399119));
#6642=CARTESIAN_POINT('',(59.1,160.755090082645,-94.8281816614378));
#6643=CARTESIAN_POINT('Origin',(48.91,163.170670802174,-128.6385990677));
#6644=CARTESIAN_POINT('',(48.91,155.046006840297,-127.206001599266));
#6645=CARTESIAN_POINT('',(57.96,171.295334764052,-130.071196536134));
#6646=CARTESIAN_POINT('',(57.96,163.170670802174,-128.6385990677));
#6647=CARTESIAN_POINT('',(48.91,171.295334764052,-130.071196536134));
#6648=CARTESIAN_POINT('Origin',(48.91,170.982768043667,-131.843850491453));
#6649=CARTESIAN_POINT('',(57.96,170.670201323281,-133.616504446772));
#6650=CARTESIAN_POINT('',(57.96,170.982768043667,-131.843850491453));
#6651=CARTESIAN_POINT('',(48.91,170.670201323281,-133.616504446772));
#6652=CARTESIAN_POINT('Origin',(48.91,162.545537361403,-132.183906978338));
#6653=CARTESIAN_POINT('',(57.96,154.420873399525,-130.751309509903));
#6654=CARTESIAN_POINT('',(57.96,162.545537361403,-132.183906978338));
#6655=CARTESIAN_POINT('',(48.91,154.420873399525,-130.751309509903));
#6656=CARTESIAN_POINT('Origin',(57.96,162.858104081789,-130.411253023019));
#6657=CARTESIAN_POINT('',(57.96,154.733440119911,-128.978655554584));
#6658=CARTESIAN_POINT('Origin',(57.96,174.900605226089,-62.1148353524688));
#6659=CARTESIAN_POINT('',(57.96,183.337835908352,-61.7747788655844));
#6660=CARTESIAN_POINT('',(57.96,183.025269187967,-63.5474328209032));
#6661=CARTESIAN_POINT('',(57.96,167.088507984597,-58.9095839287156));
#6662=CARTESIAN_POINT('',(57.96,175.213171946474,-60.34218139715));
#6663=CARTESIAN_POINT('',(57.96,166.775941264211,-60.6822378840344));
#6664=CARTESIAN_POINT('Origin',(48.91,183.025269187967,-63.5474328209032));
#6665=CARTESIAN_POINT('',(39.86,183.337835908352,-61.7747788655844));
#6666=CARTESIAN_POINT('',(39.86,183.025269187967,-63.5474328209032));
#6667=CARTESIAN_POINT('',(48.91,183.337835908352,-61.7747788655844));
#6668=CARTESIAN_POINT('Origin',(39.86,174.900605226089,-62.1148353524688));
#6669=CARTESIAN_POINT('',(39.86,167.088507984597,-58.9095839287156));
#6670=CARTESIAN_POINT('',(39.86,166.775941264211,-60.6822378840344));
#6671=CARTESIAN_POINT('',(39.86,175.213171946474,-60.34218139715));
#6672=CARTESIAN_POINT('Origin',(48.91,175.213171946474,-60.34218139715));
#6673=CARTESIAN_POINT('',(48.91,167.088507984597,-58.9095839287156));
#6674=CARTESIAN_POINT('Origin',(38.96,174.900605226089,-62.1148353524688));
#6675=CARTESIAN_POINT('',(38.96,182.712702467581,-65.3200867762219));
#6676=CARTESIAN_POINT('',(38.96,174.588038505703,-63.8874893077876));
#6677=CARTESIAN_POINT('',(38.96,183.337835908352,-61.7747788655844));
#6678=CARTESIAN_POINT('',(38.96,183.025269187967,-63.5474328209032));
#6679=CARTESIAN_POINT('',(38.96,167.088507984597,-58.9095839287156));
#6680=CARTESIAN_POINT('',(38.96,175.213171946474,-60.34218139715));
#6681=CARTESIAN_POINT('',(38.96,166.775941264211,-60.6822378840344));
#6682=CARTESIAN_POINT('Origin',(29.91,163.170670802174,-128.6385990677));
#6683=CARTESIAN_POINT('',(38.96,171.295334764052,-130.071196536134));
#6684=CARTESIAN_POINT('',(38.96,163.170670802174,-128.6385990677));
#6685=CARTESIAN_POINT('',(20.86,171.295334764052,-130.071196536134));
#6686=CARTESIAN_POINT('',(29.91,171.295334764052,-130.071196536134));
#6687=CARTESIAN_POINT('',(20.86,161.447257234278,-128.334714756174));
#6688=CARTESIAN_POINT('',(20.86,163.170670802174,-128.6385990677));
#6689=CARTESIAN_POINT('',(20.91,161.447257234278,-128.334714756174));
#6690=CARTESIAN_POINT('',(25.16,161.447257234278,-128.334714756174));
#6691=CARTESIAN_POINT('',(20.91,155.046006840071,-127.206001599226));
#6692=CARTESIAN_POINT('',(20.91,160.708651419674,-128.2044786227));
#6693=CARTESIAN_POINT('',(29.91,155.046006840297,-127.206001599266));
#6694=CARTESIAN_POINT('Origin',(19.91,163.955715279748,-95.3925382399119));
#6695=CARTESIAN_POINT('',(19.91,172.864624937806,-63.5836049962617));
#6696=CARTESIAN_POINT('',(19.91,166.4633745436,-62.4548918393134));
#6697=CARTESIAN_POINT('',(19.91,172.126019123203,-63.4533688627876));
#6698=CARTESIAN_POINT('',(19.91,161.447257234278,-128.334714756174));
#6699=CARTESIAN_POINT('',(19.91,167.156340476852,-95.956894818386));
#6700=CARTESIAN_POINT('',(19.91,155.046006840071,-127.206001599226));
#6701=CARTESIAN_POINT('',(19.91,160.708651419674,-128.2044786227));
#6702=CARTESIAN_POINT('',(19.91,160.755090082645,-94.8281816614378));
#6703=CARTESIAN_POINT('Origin',(20.41,167.156340476852,-95.956894818386));
#6704=CARTESIAN_POINT('',(20.86,161.017877384833,-130.769848885341));
#6705=CARTESIAN_POINT('',(20.86,164.145515495372,-113.03213176494));
#6706=CARTESIAN_POINT('',(19.96,161.017877384833,-130.769848885341));
#6707=CARTESIAN_POINT('',(20.41,161.017877384833,-130.769848885341));
#6708=CARTESIAN_POINT('',(19.96,161.447257234278,-128.334714756174));
#6709=CARTESIAN_POINT('',(19.96,164.145515495372,-113.03213176494));
#6710=CARTESIAN_POINT('',(15.66,161.447257234278,-128.334714756174));
#6711=CARTESIAN_POINT('',(19.96,172.864624937806,-63.5836049962617));
#6712=CARTESIAN_POINT('',(15.66,172.864624937806,-63.5836049962617));
#6713=CARTESIAN_POINT('',(19.96,173.29480356887,-61.143940751431));
#6714=CARTESIAN_POINT('',(19.96,170.166766067522,-78.8839229296645));
#6715=CARTESIAN_POINT('',(20.86,173.29480356887,-61.143940751431));
#6716=CARTESIAN_POINT('',(20.41,173.29480356887,-61.143940751431));
#6717=CARTESIAN_POINT('',(20.86,172.864624937806,-63.5836049962617));
#6718=CARTESIAN_POINT('',(20.86,170.166766067522,-78.8839229296645));
#6719=CARTESIAN_POINT('',(20.91,172.864624937806,-63.5836049962617));
#6720=CARTESIAN_POINT('',(25.16,172.864624937806,-63.5836049962617));
#6721=CARTESIAN_POINT('',(20.91,167.156340476852,-95.956894818386));
#6722=CARTESIAN_POINT('Origin',(20.91,163.955715279748,-95.3925382399119));
#6723=CARTESIAN_POINT('',(20.91,166.4633745436,-62.4548918393134));
#6724=CARTESIAN_POINT('',(20.91,172.126019123203,-63.4533688627876));
#6725=CARTESIAN_POINT('',(20.91,160.755090082645,-94.8281816614378));
#6726=CARTESIAN_POINT('Origin',(20.41,157.817252187729,-130.205492306867));
#6727=CARTESIAN_POINT('',(20.86,154.616626990626,-129.641135728393));
#6728=CARTESIAN_POINT('',(20.86,160.279271570229,-130.639612751867));
#6729=CARTESIAN_POINT('',(19.96,154.616626990626,-129.641135728393));
#6730=CARTESIAN_POINT('',(20.41,154.616626990626,-129.641135728393));
#6731=CARTESIAN_POINT('',(19.96,160.279271570229,-130.639612751867));
#6732=CARTESIAN_POINT('Origin',(20.41,170.094178371767,-60.5795841729568));
#6733=CARTESIAN_POINT('',(19.96,166.893553174664,-60.0152275944827));
#6734=CARTESIAN_POINT('',(19.96,172.556197754267,-61.0137046179568));
#6735=CARTESIAN_POINT('',(20.86,166.893553174664,-60.0152275944827));
#6736=CARTESIAN_POINT('',(20.41,166.893553174664,-60.0152275944827));
#6737=CARTESIAN_POINT('',(20.86,172.556197754267,-61.0137046179568));
#6738=CARTESIAN_POINT('Origin',(29.91,174.588038505703,-63.8874893077876));
#6739=CARTESIAN_POINT('',(29.91,166.463374543825,-62.4548918393532));
#6740=CARTESIAN_POINT('',(20.86,182.712702467581,-65.3200867762219));
#6741=CARTESIAN_POINT('',(20.86,174.588038505703,-63.8874893077876));
#6742=CARTESIAN_POINT('',(29.91,182.712702467581,-65.3200867762219));
#6743=CARTESIAN_POINT('Origin',(29.91,183.025269187967,-63.5474328209032));
#6744=CARTESIAN_POINT('',(20.86,183.337835908352,-61.7747788655844));
#6745=CARTESIAN_POINT('',(20.86,183.025269187967,-63.5474328209032));
#6746=CARTESIAN_POINT('',(29.91,183.337835908352,-61.7747788655844));
#6747=CARTESIAN_POINT('Origin',(20.86,174.900605226089,-62.1148353524688));
#6748=CARTESIAN_POINT('',(20.86,167.088507984597,-58.9095839287156));
#6749=CARTESIAN_POINT('',(20.86,166.775941264211,-60.6822378840344));
#6750=CARTESIAN_POINT('',(20.86,175.213171946474,-60.34218139715));
#6751=CARTESIAN_POINT('Origin',(29.91,175.213171946474,-60.34218139715));
#6752=CARTESIAN_POINT('',(29.91,167.088507984597,-58.9095839287156));
#6753=CARTESIAN_POINT('Origin',(19.96,174.900605226089,-62.1148353524688));
#6754=CARTESIAN_POINT('',(19.96,182.712702467581,-65.3200867762219));
#6755=CARTESIAN_POINT('',(19.96,174.588038505703,-63.8874893077876));
#6756=CARTESIAN_POINT('',(19.96,183.337835908352,-61.7747788655844));
#6757=CARTESIAN_POINT('',(19.96,183.025269187967,-63.5474328209032));
#6758=CARTESIAN_POINT('',(19.96,167.088507984597,-58.9095839287156));
#6759=CARTESIAN_POINT('',(19.96,175.213171946474,-60.34218139715));
#6760=CARTESIAN_POINT('',(19.96,166.775941264211,-60.6822378840344));
#6761=CARTESIAN_POINT('Origin',(10.91,163.170670802174,-128.6385990677));
#6762=CARTESIAN_POINT('',(19.96,171.295334764052,-130.071196536134));
#6763=CARTESIAN_POINT('',(19.96,163.170670802174,-128.6385990677));
#6764=CARTESIAN_POINT('',(1.86,171.295334764052,-130.071196536134));
#6765=CARTESIAN_POINT('',(10.91,171.295334764052,-130.071196536134));
#6766=CARTESIAN_POINT('',(1.86,161.447257234278,-128.334714756174));
#6767=CARTESIAN_POINT('',(1.86,163.170670802174,-128.6385990677));
#6768=CARTESIAN_POINT('',(1.91,161.447257234278,-128.334714756174));
#6769=CARTESIAN_POINT('',(6.16,161.447257234278,-128.334714756174));
#6770=CARTESIAN_POINT('',(1.91,155.046006840071,-127.206001599226));
#6771=CARTESIAN_POINT('',(1.91,160.708651419674,-128.2044786227));
#6772=CARTESIAN_POINT('',(10.91,155.046006840297,-127.206001599266));
#6773=CARTESIAN_POINT('Origin',(1.41,157.817252187729,-130.205492306867));
#6774=CARTESIAN_POINT('',(0.960000000000001,161.017877384833,-130.769848885341));
#6775=CARTESIAN_POINT('',(0.960000000000001,154.616626990626,-129.641135728393));
#6776=CARTESIAN_POINT('',(0.960000000000001,160.279271570229,-130.639612751867));
#6777=CARTESIAN_POINT('',(1.86,161.017877384833,-130.769848885341));
#6778=CARTESIAN_POINT('',(1.41,161.017877384833,-130.769848885341));
#6779=CARTESIAN_POINT('',(1.86,154.616626990626,-129.641135728393));
#6780=CARTESIAN_POINT('',(1.86,160.279271570229,-130.639612751867));
#6781=CARTESIAN_POINT('',(1.41,154.616626990626,-129.641135728393));
#6782=CARTESIAN_POINT('Origin',(1.41,167.156340476852,-95.956894818386));
#6783=CARTESIAN_POINT('',(0.960000000000001,161.447257234278,-128.334714756174));
#6784=CARTESIAN_POINT('',(0.960000000000001,164.145515495372,-113.03213176494));
#6785=CARTESIAN_POINT('',(0.91,161.447257234278,-128.334714756174));
#6786=CARTESIAN_POINT('',(-3.34,161.447257234278,-128.334714756174));
#6787=CARTESIAN_POINT('',(0.91,172.864624937806,-63.5836049962617));
#6788=CARTESIAN_POINT('',(0.91,167.156340476852,-95.956894818386));
#6789=CARTESIAN_POINT('',(0.960000000000001,172.864624937806,-63.5836049962617));
#6790=CARTESIAN_POINT('',(-3.34,172.864624937806,-63.5836049962617));
#6791=CARTESIAN_POINT('',(0.960000000000001,173.29480356887,-61.143940751431));
#6792=CARTESIAN_POINT('',(0.960000000000001,170.166766067522,-78.8839229296645));
#6793=CARTESIAN_POINT('',(1.86,173.29480356887,-61.143940751431));
#6794=CARTESIAN_POINT('',(1.41,173.29480356887,-61.143940751431));
#6795=CARTESIAN_POINT('',(1.86,172.864624937806,-63.5836049962617));
#6796=CARTESIAN_POINT('',(1.86,170.166766067522,-78.8839229296645));
#6797=CARTESIAN_POINT('',(1.91,172.864624937806,-63.5836049962617));
#6798=CARTESIAN_POINT('',(6.16,172.864624937806,-63.5836049962617));
#6799=CARTESIAN_POINT('',(1.91,167.156340476852,-95.956894818386));
#6800=CARTESIAN_POINT('',(1.86,164.145515495372,-113.03213176494));
#6801=CARTESIAN_POINT('Origin',(1.91,163.955715279748,-95.3925382399119));
#6802=CARTESIAN_POINT('',(1.91,166.4633745436,-62.4548918393134));
#6803=CARTESIAN_POINT('',(1.91,172.126019123203,-63.4533688627876));
#6804=CARTESIAN_POINT('',(1.91,160.755090082645,-94.8281816614378));
#6805=CARTESIAN_POINT('Origin',(0.91,163.955715279748,-95.3925382399119));
#6806=CARTESIAN_POINT('',(0.91,155.046006840071,-127.206001599226));
#6807=CARTESIAN_POINT('',(0.91,160.708651419674,-128.2044786227));
#6808=CARTESIAN_POINT('',(0.91,166.4633745436,-62.4548918393134));
#6809=CARTESIAN_POINT('',(0.91,160.755090082645,-94.8281816614378));
#6810=CARTESIAN_POINT('',(0.91,172.126019123203,-63.4533688627876));
#6811=CARTESIAN_POINT('Origin',(1.41,170.094178371767,-60.5795841729568));
#6812=CARTESIAN_POINT('',(0.960000000000001,166.893553174664,-60.0152275944827));
#6813=CARTESIAN_POINT('',(0.960000000000001,172.556197754267,-61.0137046179568));
#6814=CARTESIAN_POINT('',(1.86,166.893553174664,-60.0152275944827));
#6815=CARTESIAN_POINT('',(1.41,166.893553174664,-60.0152275944827));
#6816=CARTESIAN_POINT('',(1.86,172.556197754267,-61.0137046179568));
#6817=CARTESIAN_POINT('Origin',(10.91,174.588038505703,-63.8874893077876));
#6818=CARTESIAN_POINT('',(10.91,166.463374543825,-62.4548918393532));
#6819=CARTESIAN_POINT('',(1.86,182.712702467581,-65.3200867762219));
#6820=CARTESIAN_POINT('',(1.86,174.588038505703,-63.8874893077876));
#6821=CARTESIAN_POINT('',(10.91,182.712702467581,-65.3200867762219));
#6822=CARTESIAN_POINT('Origin',(10.91,183.025269187967,-63.5474328209032));
#6823=CARTESIAN_POINT('',(1.86,183.337835908352,-61.7747788655844));
#6824=CARTESIAN_POINT('',(1.86,183.025269187967,-63.5474328209032));
#6825=CARTESIAN_POINT('',(10.91,183.337835908352,-61.7747788655844));
#6826=CARTESIAN_POINT('Origin',(1.86,174.900605226089,-62.1148353524688));
#6827=CARTESIAN_POINT('',(1.86,167.088507984597,-58.9095839287156));
#6828=CARTESIAN_POINT('',(1.86,166.775941264211,-60.6822378840344));
#6829=CARTESIAN_POINT('',(1.86,175.213171946474,-60.34218139715));
#6830=CARTESIAN_POINT('Origin',(10.91,175.213171946474,-60.34218139715));
#6831=CARTESIAN_POINT('',(10.91,167.088507984597,-58.9095839287156));
#6832=CARTESIAN_POINT('Origin',(1.86,162.858104081789,-130.411253023019));
#6833=CARTESIAN_POINT('',(1.86,170.670201323281,-133.616504446772));
#6834=CARTESIAN_POINT('',(1.86,170.982768043667,-131.843850491453));
#6835=CARTESIAN_POINT('',(1.86,154.420873399525,-130.751309509903));
#6836=CARTESIAN_POINT('',(1.86,162.545537361403,-132.183906978338));
#6837=CARTESIAN_POINT('',(1.86,154.733440119911,-128.978655554584));
#6838=CARTESIAN_POINT('Origin',(10.91,170.982768043667,-131.843850491453));
#6839=CARTESIAN_POINT('',(19.96,170.670201323281,-133.616504446772));
#6840=CARTESIAN_POINT('',(19.96,170.982768043667,-131.843850491453));
#6841=CARTESIAN_POINT('',(10.91,170.670201323281,-133.616504446772));
#6842=CARTESIAN_POINT('Origin',(10.91,162.545537361403,-132.183906978338));
#6843=CARTESIAN_POINT('',(19.96,154.420873399525,-130.751309509903));
#6844=CARTESIAN_POINT('',(19.96,162.545537361403,-132.183906978338));
#6845=CARTESIAN_POINT('',(10.91,154.420873399525,-130.751309509903));
#6846=CARTESIAN_POINT('Origin',(19.96,162.858104081789,-130.411253023019));
#6847=CARTESIAN_POINT('',(19.96,154.733440119911,-128.978655554584));
#6848=CARTESIAN_POINT('Origin',(-8.09,163.170670802174,-128.6385990677));
#6849=CARTESIAN_POINT('',(0.960000000000001,171.295334764052,-130.071196536134));
#6850=CARTESIAN_POINT('',(0.960000000000001,163.170670802174,-128.6385990677));
#6851=CARTESIAN_POINT('',(-17.14,171.295334764052,-130.071196536134));
#6852=CARTESIAN_POINT('',(-8.09,171.295334764052,-130.071196536134));
#6853=CARTESIAN_POINT('',(-17.14,161.447257234278,-128.334714756174));
#6854=CARTESIAN_POINT('',(-17.14,163.170670802174,-128.6385990677));
#6855=CARTESIAN_POINT('',(-16.9,161.447257234278,-128.334714756174));
#6856=CARTESIAN_POINT('',(-12.82,161.447257234278,-128.334714756174));
#6857=CARTESIAN_POINT('',(-16.9,155.046006840071,-127.206001599226));
#6858=CARTESIAN_POINT('',(-16.9,160.708651419674,-128.2044786227));
#6859=CARTESIAN_POINT('',(-8.09,155.046006840297,-127.206001599266));
#6860=CARTESIAN_POINT('Origin',(0.960000000000001,174.900605226089,-62.1148353524688));
#6861=CARTESIAN_POINT('',(0.960000000000001,182.712702467581,-65.3200867762219));
#6862=CARTESIAN_POINT('',(0.960000000000001,174.588038505703,-63.8874893077876));
#6863=CARTESIAN_POINT('',(0.960000000000001,183.337835908352,-61.7747788655844));
#6864=CARTESIAN_POINT('',(0.960000000000001,183.025269187967,-63.5474328209032));
#6865=CARTESIAN_POINT('',(0.960000000000001,167.088507984597,-58.9095839287156));
#6866=CARTESIAN_POINT('',(0.960000000000001,175.213171946474,-60.34218139715));
#6867=CARTESIAN_POINT('',(0.960000000000001,166.775941264211,-60.6822378840344));
#6868=CARTESIAN_POINT('Origin',(-17.55,170.094178371767,-60.5795841729568));
#6869=CARTESIAN_POINT('',(-17.14,173.29480356887,-61.143940751431));
#6870=CARTESIAN_POINT('',(-17.14,166.893553174664,-60.0152275944827));
#6871=CARTESIAN_POINT('',(-17.14,172.556197754267,-61.0137046179568));
#6872=CARTESIAN_POINT('',(-18.2,173.29480356887,-61.143940751431));
#6873=CARTESIAN_POINT('',(-17.55,173.29480356887,-61.143940751431));
#6874=CARTESIAN_POINT('',(-18.2,166.893553174664,-60.0152275944827));
#6875=CARTESIAN_POINT('',(-18.2,170.094178371767,-60.5795841729568));
#6876=CARTESIAN_POINT('',(-17.55,166.893553174664,-60.0152275944827));
#6877=CARTESIAN_POINT('Origin',(-17.55,167.156340476852,-95.956894818386));
#6878=CARTESIAN_POINT('',(-17.14,172.864624937806,-63.5836049962617));
#6879=CARTESIAN_POINT('',(-17.14,170.166766067522,-78.8839229296645));
#6880=CARTESIAN_POINT('',(-16.9,172.864624937806,-63.5836049962617));
#6881=CARTESIAN_POINT('',(-12.82,172.864624937806,-63.5836049962617));
#6882=CARTESIAN_POINT('',(-16.9,167.156340476852,-95.956894818386));
#6883=CARTESIAN_POINT('',(-17.14,161.017877384833,-130.769848885341));
#6884=CARTESIAN_POINT('',(-17.14,164.145515495372,-113.03213176494));
#6885=CARTESIAN_POINT('',(-18.2,161.017877384833,-130.769848885341));
#6886=CARTESIAN_POINT('',(-17.55,161.017877384833,-130.769848885341));
#6887=CARTESIAN_POINT('',(-18.2,167.156340476852,-95.956894818386));
#6888=CARTESIAN_POINT('Origin',(-17.55,157.817252187729,-130.205492306867));
#6889=CARTESIAN_POINT('',(-17.14,154.616626990626,-129.641135728393));
#6890=CARTESIAN_POINT('',(-17.14,160.279271570229,-130.639612751867));
#6891=CARTESIAN_POINT('',(-18.2,154.616626990626,-129.641135728393));
#6892=CARTESIAN_POINT('',(-17.55,154.616626990626,-129.641135728393));
#6893=CARTESIAN_POINT('',(-18.2,157.817252187729,-130.205492306867));
#6894=CARTESIAN_POINT('Origin',(-18.2,163.955715279748,-95.3925382399119));
#6895=CARTESIAN_POINT('',(-18.2,160.755090082645,-94.8281816614378));
#6896=CARTESIAN_POINT('Origin',(-16.9,163.955715279748,-95.3925382399119));
#6897=CARTESIAN_POINT('',(-16.9,166.4633745436,-62.4548918393134));
#6898=CARTESIAN_POINT('',(-16.9,172.126019123203,-63.4533688627876));
#6899=CARTESIAN_POINT('',(-16.9,160.755090082645,-94.8281816614378));
#6900=CARTESIAN_POINT('Origin',(-17.14,162.858104081789,-130.411253023019));
#6901=CARTESIAN_POINT('',(-17.14,170.670201323281,-133.616504446772));
#6902=CARTESIAN_POINT('',(-17.14,170.982768043667,-131.843850491453));
#6903=CARTESIAN_POINT('',(-17.14,154.420873399525,-130.751309509903));
#6904=CARTESIAN_POINT('',(-17.14,162.545537361403,-132.183906978338));
#6905=CARTESIAN_POINT('',(-17.14,154.733440119911,-128.978655554584));
#6906=CARTESIAN_POINT('Origin',(-8.09,170.982768043667,-131.843850491453));
#6907=CARTESIAN_POINT('',(0.960000000000001,170.670201323281,-133.616504446772));
#6908=CARTESIAN_POINT('',(0.960000000000001,170.982768043667,-131.843850491453));
#6909=CARTESIAN_POINT('',(-8.09,170.670201323281,-133.616504446772));
#6910=CARTESIAN_POINT('Origin',(-8.09,162.545537361403,-132.183906978338));
#6911=CARTESIAN_POINT('',(0.960000000000001,154.420873399525,-130.751309509903));
#6912=CARTESIAN_POINT('',(0.960000000000001,162.545537361403,-132.183906978338));
#6913=CARTESIAN_POINT('',(-8.09,154.420873399525,-130.751309509903));
#6914=CARTESIAN_POINT('Origin',(0.960000000000001,162.858104081789,-130.411253023019));
#6915=CARTESIAN_POINT('',(0.960000000000001,154.733440119911,-128.978655554584));
#6916=CARTESIAN_POINT('Origin',(-8.09,174.588038505703,-63.8874893077876));
#6917=CARTESIAN_POINT('',(-8.09,166.463374543825,-62.4548918393532));
#6918=CARTESIAN_POINT('',(-17.14,182.712702467581,-65.3200867762219));
#6919=CARTESIAN_POINT('',(-17.14,174.588038505703,-63.8874893077876));
#6920=CARTESIAN_POINT('',(-8.09,182.712702467581,-65.3200867762219));
#6921=CARTESIAN_POINT('Origin',(-8.09,183.025269187967,-63.5474328209032));
#6922=CARTESIAN_POINT('',(-17.14,183.337835908352,-61.7747788655844));
#6923=CARTESIAN_POINT('',(-17.14,183.025269187967,-63.5474328209032));
#6924=CARTESIAN_POINT('',(-8.09,183.337835908352,-61.7747788655844));
#6925=CARTESIAN_POINT('Origin',(-17.14,174.900605226089,-62.1148353524688));
#6926=CARTESIAN_POINT('',(-17.14,167.088507984597,-58.9095839287156));
#6927=CARTESIAN_POINT('',(-17.14,166.775941264211,-60.6822378840344));
#6928=CARTESIAN_POINT('',(-17.14,175.213171946474,-60.34218139715));
#6929=CARTESIAN_POINT('Origin',(-8.09,175.213171946474,-60.34218139715));
#6930=CARTESIAN_POINT('',(-8.09,167.088507984597,-58.9095839287156));
#6931=CARTESIAN_POINT('Origin',(29.91,154.733440119911,-128.978655554584));
#6932=CARTESIAN_POINT('',(20.86,154.420873399525,-130.751309509903));
#6933=CARTESIAN_POINT('',(20.86,154.733440119911,-128.978655554584));
#6934=CARTESIAN_POINT('',(38.96,154.420873399525,-130.751309509903));
#6935=CARTESIAN_POINT('',(29.91,154.420873399525,-130.751309509903));
#6936=CARTESIAN_POINT('',(38.96,154.733440119911,-128.978655554584));
#6937=CARTESIAN_POINT('Origin',(20.86,162.858104081789,-130.411253023019));
#6938=CARTESIAN_POINT('',(20.86,170.670201323281,-133.616504446772));
#6939=CARTESIAN_POINT('',(20.86,170.982768043667,-131.843850491453));
#6940=CARTESIAN_POINT('',(20.86,162.545537361403,-132.183906978338));
#6941=CARTESIAN_POINT('Origin',(29.91,170.982768043667,-131.843850491453));
#6942=CARTESIAN_POINT('',(38.96,170.670201323281,-133.616504446772));
#6943=CARTESIAN_POINT('',(38.96,170.982768043667,-131.843850491453));
#6944=CARTESIAN_POINT('',(29.91,170.670201323281,-133.616504446772));
#6945=CARTESIAN_POINT('Origin',(29.91,162.545537361403,-132.183906978338));
#6946=CARTESIAN_POINT('',(38.96,162.545537361403,-132.183906978338));
#6947=CARTESIAN_POINT('Origin',(38.96,162.858104081789,-130.411253023019));
#6948=CARTESIAN_POINT('Origin',(63.86,189.295075489798,-64.2698483771619));
#6949=CARTESIAN_POINT('',(62.51,190.279883242753,-64.443496555154));
#6950=CARTESIAN_POINT('Origin',(63.86,190.279883242753,-64.443496555154));
#6951=CARTESIAN_POINT('',(62.51,188.310267736843,-64.0962001991699));
#6952=CARTESIAN_POINT('',(62.51,189.295075489798,-64.2698483771619));
#6953=CARTESIAN_POINT('Origin',(63.86,188.310267736843,-64.0962001991699));
#6954=CARTESIAN_POINT('Origin',(63.86,179.223481165798,-121.388698051162));
#6955=CARTESIAN_POINT('',(62.51,180.208288918753,-121.562346229154));
#6956=CARTESIAN_POINT('Origin',(63.86,180.208288918753,-121.562346229154));
#6957=CARTESIAN_POINT('',(62.51,178.238673412843,-121.21504987317));
#6958=CARTESIAN_POINT('',(62.51,179.223481165798,-121.388698051162));
#6959=CARTESIAN_POINT('Origin',(63.86,178.238673412843,-121.21504987317));
#6960=CARTESIAN_POINT('Origin',(-23.04,189.295075489798,-64.2698483771619));
#6961=CARTESIAN_POINT('',(-24.39,190.279883242753,-64.443496555154));
#6962=CARTESIAN_POINT('Origin',(-23.04,190.279883242753,-64.443496555154));
#6963=CARTESIAN_POINT('',(-24.39,188.310267736843,-64.0962001991699));
#6964=CARTESIAN_POINT('',(-24.39,189.295075489798,-64.2698483771619));
#6965=CARTESIAN_POINT('Origin',(-23.04,188.310267736843,-64.0962001991699));
#6966=CARTESIAN_POINT('Origin',(-23.04,179.223481165798,-121.388698051162));
#6967=CARTESIAN_POINT('',(-24.39,180.208288918753,-121.562346229154));
#6968=CARTESIAN_POINT('Origin',(-23.04,180.208288918753,-121.562346229154));
#6969=CARTESIAN_POINT('',(-24.39,178.238673412843,-121.21504987317));
#6970=CARTESIAN_POINT('',(-24.39,179.223481165798,-121.388698051162));
#6971=CARTESIAN_POINT('Origin',(-23.04,178.238673412843,-121.21504987317));
#6972=CARTESIAN_POINT('Origin',(64.36,189.381899578798,-63.7774445006619));
#6973=CARTESIAN_POINT('',(67.36,188.397091825561,-63.6037963242738));
#6974=CARTESIAN_POINT('',(67.36,190.36670733147,-63.9510926802579));
#6975=CARTESIAN_POINT('',(67.36,189.381899578515,-63.7774445022659));
#6976=CARTESIAN_POINT('',(64.36,190.887651865446,-60.9966694213933));
#6977=CARTESIAN_POINT('Origin',(64.36,190.366707331798,-63.9510926786619));
#6978=CARTESIAN_POINT('',(64.36,188.918036359537,-60.6493730654092));
#6979=CARTESIAN_POINT('',(64.36,189.902844112492,-60.8230212434012));
#6980=CARTESIAN_POINT('Origin',(64.36,188.397091825798,-63.6037963226619));
#6981=CARTESIAN_POINT('Origin',(20.41,182.223899097943,-98.6137119418198));
#6982=CARTESIAN_POINT('',(-23.54,188.918036359537,-60.6493730654092));
#6983=CARTESIAN_POINT('',(20.41,188.918036359537,-60.6493730654092));
#6984=CARTESIAN_POINT('',(-26.54,188.397091825561,-63.6037963242738));
#6985=CARTESIAN_POINT('Origin',(-23.54,188.397091825798,-63.6037963226619));
#6986=CARTESIAN_POINT('',(-26.54,176.050706370326,-133.623627559366));
#6987=CARTESIAN_POINT('',(-26.54,182.223899097943,-98.6137119418198));
#6988=CARTESIAN_POINT('',(-23.54,175.52976183635,-136.578050818231));
#6989=CARTESIAN_POINT('Origin',(-23.54,176.050706369998,-133.623627560962));
#6990=CARTESIAN_POINT('',(64.36,175.52976183635,-136.578050818231));
#6991=CARTESIAN_POINT('',(20.41,175.52976183635,-136.578050818231));
#6992=CARTESIAN_POINT('',(67.36,176.050706370326,-133.623627559366));
#6993=CARTESIAN_POINT('Origin',(64.36,176.050706369998,-133.623627560962));
#6994=CARTESIAN_POINT('',(67.36,182.223899097943,-98.6137119418198));
#6995=CARTESIAN_POINT('Origin',(64.36,177.035514122998,-133.797275738962));
#6996=CARTESIAN_POINT('',(64.36,177.49937734226,-136.925347174215));
#6997=CARTESIAN_POINT('',(64.36,176.514569589305,-136.751698996223));
#6998=CARTESIAN_POINT('',(67.36,178.020321876236,-133.97092391535));
#6999=CARTESIAN_POINT('Origin',(64.36,178.020321875998,-133.970923916962));
#7000=CARTESIAN_POINT('',(67.36,177.035514123281,-133.797275737358));
#7001=CARTESIAN_POINT('Origin',(-23.54,189.381899578798,-63.7774445006619));
#7002=CARTESIAN_POINT('',(-26.54,190.36670733147,-63.9510926802579));
#7003=CARTESIAN_POINT('',(-26.54,189.381899578515,-63.7774445022659));
#7004=CARTESIAN_POINT('',(-23.54,190.887651865446,-60.9966694213933));
#7005=CARTESIAN_POINT('',(-23.54,189.902844112492,-60.8230212434012));
#7006=CARTESIAN_POINT('Origin',(-23.54,190.366707331798,-63.9510926786619));
#7007=CARTESIAN_POINT('Origin',(20.41,184.193514603853,-98.9610082978039));
#7008=CARTESIAN_POINT('',(67.36,184.193514603853,-98.9610082978039));
#7009=CARTESIAN_POINT('',(-23.54,177.49937734226,-136.925347174215));
#7010=CARTESIAN_POINT('',(20.41,177.49937734226,-136.925347174215));
#7011=CARTESIAN_POINT('',(-26.54,178.020321876236,-133.97092391535));
#7012=CARTESIAN_POINT('Origin',(-23.54,178.020321875998,-133.970923916962));
#7013=CARTESIAN_POINT('',(-26.54,184.193514603853,-98.9610082978039));
#7014=CARTESIAN_POINT('',(20.41,190.887651865446,-60.9966694213933));
#7015=CARTESIAN_POINT('Origin',(-23.54,177.035514122998,-133.797275738962));
#7016=CARTESIAN_POINT('',(-23.54,176.514569589305,-136.751698996223));
#7017=CARTESIAN_POINT('',(-26.54,177.035514123281,-133.797275737358));
#7018=CARTESIAN_POINT('Origin',(-26.54,183.208706850898,-98.7873601198119));
#7019=CARTESIAN_POINT('Origin',(67.36,183.208706850898,-98.7873601198119));
#7020=CARTESIAN_POINT('Origin',(20.41,176.514569589305,-136.751698996223));
#7021=CARTESIAN_POINT('Origin',(20.41,189.902844112492,-60.8230212434012));
#7022=CARTESIAN_POINT('Origin',(-23.04,160.610580315067,-118.106729291977));
#7023=CARTESIAN_POINT('',(-24.09,164.648292102367,-118.818686821777));
#7024=CARTESIAN_POINT('Origin',(-23.04,164.648292102367,-118.818686821777));
#7025=CARTESIAN_POINT('',(-24.09,156.769830078367,-117.429501397777));
#7026=CARTESIAN_POINT('',(-24.09,160.610580315067,-118.106729291977));
#7027=CARTESIAN_POINT('Origin',(-23.04,156.769830078367,-117.429501397777));
#7028=CARTESIAN_POINT('Origin',(-23.04,164.648292102367,-118.818686821777));
#7029=CARTESIAN_POINT('Origin',(-23.04,181.390023903367,-121.770705847777));
#7030=CARTESIAN_POINT('',(-24.29,178.435600644367,-121.249761313777));
#7031=CARTESIAN_POINT('Origin',(-23.04,178.435600644367,-121.249761313777));
#7032=CARTESIAN_POINT('',(-24.29,184.344447162367,-122.291650381777));
#7033=CARTESIAN_POINT('',(-24.29,181.390023903367,-121.770705847777));
#7034=CARTESIAN_POINT('Origin',(-23.04,184.344447162367,-122.291650381777));
#7035=CARTESIAN_POINT('Origin',(-23.04,184.344447162367,-122.291650381777));
#7036=CARTESIAN_POINT('Origin',(-21.79,167.226756027712,-121.471802685534));
#7037=CARTESIAN_POINT('',(-23.04,156.268550966827,-120.27239650412));
#7038=CARTESIAN_POINT('',(-23.04,177.934321532827,-124.09265642012));
#7039=CARTESIAN_POINT('',(-23.04,167.101436249827,-122.18252646212));
#7040=CARTESIAN_POINT('',(-20.54,178.184961088597,-122.671208866949));
#7041=CARTESIAN_POINT('',(-21.79,178.059641310712,-123.381932643534));
#7042=CARTESIAN_POINT('',(-20.54,156.519190522597,-118.850948950949));
#7043=CARTESIAN_POINT('',(-20.54,167.352075805597,-120.761078908949));
#7044=CARTESIAN_POINT('',(-21.79,156.393870744712,-119.561672727534));
#7045=CARTESIAN_POINT('Origin',(-24.29,167.978674695022,-117.20746002602));
#7046=CARTESIAN_POINT('',(-25.54,178.686240200137,-119.828313760606));
#7047=CARTESIAN_POINT('',(-25.54,157.020469634137,-116.008053844606));
#7048=CARTESIAN_POINT('',(-25.54,167.853354917137,-117.918183802606));
#7049=CARTESIAN_POINT('',(-23.04,157.271109189907,-114.586606291435));
#7050=CARTESIAN_POINT('',(-24.29,157.145789412022,-115.29733006802));
#7051=CARTESIAN_POINT('',(-23.04,178.936879755907,-118.406866207435));
#7052=CARTESIAN_POINT('',(-23.04,168.103994472907,-116.496736249435));
#7053=CARTESIAN_POINT('',(-24.29,178.811559978022,-119.11758998402));
#7054=CARTESIAN_POINT('Origin',(-25.54,167.602715361367,-119.339631355777));
#7055=CARTESIAN_POINT('',(-25.54,178.184961088597,-122.671208866949));
#7056=CARTESIAN_POINT('',(-25.54,178.435600644367,-121.249761313777));
#7057=CARTESIAN_POINT('',(-25.54,156.519190522597,-118.850948950949));
#7058=CARTESIAN_POINT('',(-25.54,167.352075805597,-120.761078908949));
#7059=CARTESIAN_POINT('',(-25.54,156.769830078367,-117.429501397777));
#7060=CARTESIAN_POINT('Origin',(-21.79,167.978674695022,-117.20746002602));
#7061=CARTESIAN_POINT('',(-20.54,157.020469634137,-116.008053844606));
#7062=CARTESIAN_POINT('',(-21.79,157.145789412022,-115.29733006802));
#7063=CARTESIAN_POINT('',(-20.54,178.686240200137,-119.828313760606));
#7064=CARTESIAN_POINT('',(-20.54,167.853354917137,-117.918183802606));
#7065=CARTESIAN_POINT('',(-21.79,178.811559978022,-119.11758998402));
#7066=CARTESIAN_POINT('Origin',(-23.04,178.435600644367,-121.249761313777));
#7067=CARTESIAN_POINT('',(-20.54,178.435600644367,-121.249761313777));
#7068=CARTESIAN_POINT('',(-24.29,178.059641310712,-123.381932643534));
#7069=CARTESIAN_POINT('Origin',(-20.54,167.602715361367,-119.339631355777));
#7070=CARTESIAN_POINT('',(-20.54,156.769830078367,-117.429501397777));
#7071=CARTESIAN_POINT('Origin',(-24.29,167.226756027712,-121.471802685534));
#7072=CARTESIAN_POINT('',(-24.29,156.393870744712,-119.561672727534));
#7073=CARTESIAN_POINT('Origin',(-23.04,156.769830078367,-117.429501397777));
#7074=CARTESIAN_POINT('Origin',(-23.04,170.682174638606,-60.9878796205942));
#7075=CARTESIAN_POINT('',(-24.09,174.719886425906,-61.6998371503942));
#7076=CARTESIAN_POINT('Origin',(-23.04,174.719886425906,-61.6998371503942));
#7077=CARTESIAN_POINT('',(-24.09,166.841424401906,-60.3106517263942));
#7078=CARTESIAN_POINT('',(-24.09,170.682174638606,-60.9878796205942));
#7079=CARTESIAN_POINT('Origin',(-23.04,166.841424401906,-60.3106517263942));
#7080=CARTESIAN_POINT('Origin',(-23.04,174.719886425906,-61.6998371503942));
#7081=CARTESIAN_POINT('Origin',(-23.04,191.461618226906,-64.6518561763942));
#7082=CARTESIAN_POINT('',(-24.29,188.507194967906,-64.1309116423942));
#7083=CARTESIAN_POINT('Origin',(-23.04,188.507194967906,-64.1309116423942));
#7084=CARTESIAN_POINT('',(-24.29,194.416041485906,-65.1728007103942));
#7085=CARTESIAN_POINT('',(-24.29,191.461618226906,-64.6518561763942));
#7086=CARTESIAN_POINT('Origin',(-23.04,194.416041485906,-65.1728007103942));
#7087=CARTESIAN_POINT('Origin',(-23.04,194.416041485906,-65.1728007103942));
#7088=CARTESIAN_POINT('Origin',(-21.79,177.298350351251,-64.3529530141512));
#7089=CARTESIAN_POINT('',(-23.04,166.340145290366,-63.1535468327368));
#7090=CARTESIAN_POINT('',(-23.04,188.005915856366,-66.9738067487368));
#7091=CARTESIAN_POINT('',(-23.04,177.173030573366,-65.0636767907368));
#7092=CARTESIAN_POINT('',(-20.54,188.256555412136,-65.5523591955655));
#7093=CARTESIAN_POINT('',(-21.79,188.131235634251,-66.2630829721512));
#7094=CARTESIAN_POINT('',(-20.54,166.590784846136,-61.7320992795655));
#7095=CARTESIAN_POINT('',(-20.54,177.423670129136,-63.6422292375655));
#7096=CARTESIAN_POINT('',(-21.79,166.465465068251,-62.4428230561512));
#7097=CARTESIAN_POINT('Origin',(-24.29,178.050269018561,-60.0886103546372));
#7098=CARTESIAN_POINT('',(-25.54,188.757834523676,-62.7094640892229));
#7099=CARTESIAN_POINT('',(-25.54,167.092063957676,-58.8892041732229));
#7100=CARTESIAN_POINT('',(-25.54,177.924949240676,-60.7993341312228));
#7101=CARTESIAN_POINT('',(-23.04,167.342703513446,-57.4677566200515));
#7102=CARTESIAN_POINT('',(-24.29,167.217383735561,-58.1784803966372));
#7103=CARTESIAN_POINT('',(-23.04,189.008474079446,-61.2880165360515));
#7104=CARTESIAN_POINT('',(-23.04,178.175588796446,-59.3778865780515));
#7105=CARTESIAN_POINT('',(-24.29,188.883154301561,-61.9987403126372));
#7106=CARTESIAN_POINT('Origin',(-25.54,177.674309684906,-62.2207816843942));
#7107=CARTESIAN_POINT('',(-25.54,188.256555412136,-65.5523591955655));
#7108=CARTESIAN_POINT('',(-25.54,188.507194967906,-64.1309116423942));
#7109=CARTESIAN_POINT('',(-25.54,166.590784846136,-61.7320992795655));
#7110=CARTESIAN_POINT('',(-25.54,177.423670129136,-63.6422292375655));
#7111=CARTESIAN_POINT('',(-25.54,166.841424401906,-60.3106517263942));
#7112=CARTESIAN_POINT('Origin',(-21.79,178.050269018561,-60.0886103546372));
#7113=CARTESIAN_POINT('',(-20.54,167.092063957676,-58.8892041732229));
#7114=CARTESIAN_POINT('',(-21.79,167.217383735561,-58.1784803966372));
#7115=CARTESIAN_POINT('',(-20.54,188.757834523676,-62.7094640892229));
#7116=CARTESIAN_POINT('',(-20.54,177.924949240676,-60.7993341312228));
#7117=CARTESIAN_POINT('',(-21.79,188.883154301561,-61.9987403126372));
#7118=CARTESIAN_POINT('Origin',(-23.04,188.507194967906,-64.1309116423942));
#7119=CARTESIAN_POINT('',(-20.54,188.507194967906,-64.1309116423942));
#7120=CARTESIAN_POINT('',(-24.29,188.131235634251,-66.2630829721512));
#7121=CARTESIAN_POINT('Origin',(-20.54,177.674309684906,-62.2207816843942));
#7122=CARTESIAN_POINT('',(-20.54,166.841424401906,-60.3106517263942));
#7123=CARTESIAN_POINT('Origin',(-24.29,177.298350351251,-64.3529530141512));
#7124=CARTESIAN_POINT('',(-24.29,166.465465068251,-62.4428230561512));
#7125=CARTESIAN_POINT('Origin',(-23.04,166.841424401906,-60.3106517263942));
#7126=CARTESIAN_POINT('Origin',(63.86,160.610580315067,-118.106729291977));
#7127=CARTESIAN_POINT('',(62.81,164.648292102367,-118.818686821777));
#7128=CARTESIAN_POINT('Origin',(63.86,164.648292102367,-118.818686821777));
#7129=CARTESIAN_POINT('',(62.81,156.769830078367,-117.429501397777));
#7130=CARTESIAN_POINT('',(62.81,160.610580315067,-118.106729291977));
#7131=CARTESIAN_POINT('Origin',(63.86,156.769830078367,-117.429501397777));
#7132=CARTESIAN_POINT('Origin',(63.86,164.648292102367,-118.818686821777));
#7133=CARTESIAN_POINT('Origin',(63.86,181.390023903367,-121.770705847777));
#7134=CARTESIAN_POINT('',(62.61,178.435600644367,-121.249761313777));
#7135=CARTESIAN_POINT('Origin',(63.86,178.435600644367,-121.249761313777));
#7136=CARTESIAN_POINT('',(62.61,184.344447162367,-122.291650381777));
#7137=CARTESIAN_POINT('',(62.61,181.390023903367,-121.770705847777));
#7138=CARTESIAN_POINT('Origin',(63.86,184.344447162367,-122.291650381777));
#7139=CARTESIAN_POINT('Origin',(63.86,184.344447162367,-122.291650381777));
#7140=CARTESIAN_POINT('Origin',(65.11,167.226756027712,-121.471802685534));
#7141=CARTESIAN_POINT('',(63.86,156.268550966827,-120.27239650412));
#7142=CARTESIAN_POINT('',(63.86,177.934321532827,-124.09265642012));
#7143=CARTESIAN_POINT('',(63.86,167.101436249827,-122.18252646212));
#7144=CARTESIAN_POINT('',(66.36,178.184961088597,-122.671208866949));
#7145=CARTESIAN_POINT('',(65.11,178.059641310712,-123.381932643534));
#7146=CARTESIAN_POINT('',(66.36,156.519190522597,-118.850948950949));
#7147=CARTESIAN_POINT('',(66.36,167.352075805597,-120.761078908949));
#7148=CARTESIAN_POINT('',(65.11,156.393870744712,-119.561672727534));
#7149=CARTESIAN_POINT('Origin',(62.61,167.978674695022,-117.20746002602));
#7150=CARTESIAN_POINT('',(61.36,178.686240200137,-119.828313760606));
#7151=CARTESIAN_POINT('',(61.36,157.020469634137,-116.008053844606));
#7152=CARTESIAN_POINT('',(61.36,167.853354917137,-117.918183802606));
#7153=CARTESIAN_POINT('',(63.86,157.271109189907,-114.586606291435));
#7154=CARTESIAN_POINT('',(62.61,157.145789412022,-115.29733006802));
#7155=CARTESIAN_POINT('',(63.86,178.936879755907,-118.406866207435));
#7156=CARTESIAN_POINT('',(63.86,168.103994472907,-116.496736249435));
#7157=CARTESIAN_POINT('',(62.61,178.811559978022,-119.11758998402));
#7158=CARTESIAN_POINT('Origin',(61.36,167.602715361367,-119.339631355777));
#7159=CARTESIAN_POINT('',(61.36,178.184961088597,-122.671208866949));
#7160=CARTESIAN_POINT('',(61.36,178.435600644367,-121.249761313777));
#7161=CARTESIAN_POINT('',(61.36,156.519190522597,-118.850948950949));
#7162=CARTESIAN_POINT('',(61.36,167.352075805597,-120.761078908949));
#7163=CARTESIAN_POINT('',(61.36,156.769830078367,-117.429501397777));
#7164=CARTESIAN_POINT('Origin',(65.11,167.978674695022,-117.20746002602));
#7165=CARTESIAN_POINT('',(66.36,157.020469634137,-116.008053844606));
#7166=CARTESIAN_POINT('',(65.11,157.145789412022,-115.29733006802));
#7167=CARTESIAN_POINT('',(66.36,178.686240200137,-119.828313760606));
#7168=CARTESIAN_POINT('',(66.36,167.853354917137,-117.918183802606));
#7169=CARTESIAN_POINT('',(65.11,178.811559978022,-119.11758998402));
#7170=CARTESIAN_POINT('Origin',(63.86,178.435600644367,-121.249761313777));
#7171=CARTESIAN_POINT('',(66.36,178.435600644367,-121.249761313777));
#7172=CARTESIAN_POINT('',(62.61,178.059641310712,-123.381932643534));
#7173=CARTESIAN_POINT('Origin',(66.36,167.602715361367,-119.339631355777));
#7174=CARTESIAN_POINT('',(66.36,156.769830078367,-117.429501397777));
#7175=CARTESIAN_POINT('Origin',(62.61,167.226756027712,-121.471802685534));
#7176=CARTESIAN_POINT('',(62.61,156.393870744712,-119.561672727534));
#7177=CARTESIAN_POINT('Origin',(63.86,156.769830078367,-117.429501397777));
#7178=CARTESIAN_POINT('Origin',(63.86,170.682174638606,-60.9878796205942));
#7179=CARTESIAN_POINT('',(62.81,174.719886425906,-61.6998371503942));
#7180=CARTESIAN_POINT('Origin',(63.86,174.719886425906,-61.6998371503942));
#7181=CARTESIAN_POINT('',(62.81,166.841424401906,-60.3106517263942));
#7182=CARTESIAN_POINT('',(62.81,170.682174638606,-60.9878796205942));
#7183=CARTESIAN_POINT('Origin',(63.86,166.841424401906,-60.3106517263942));
#7184=CARTESIAN_POINT('Origin',(63.86,174.719886425906,-61.6998371503942));
#7185=CARTESIAN_POINT('Origin',(63.86,191.461618226906,-64.6518561763942));
#7186=CARTESIAN_POINT('',(62.61,188.507194967906,-64.1309116423942));
#7187=CARTESIAN_POINT('Origin',(63.86,188.507194967906,-64.1309116423942));
#7188=CARTESIAN_POINT('',(62.61,194.416041485906,-65.1728007103942));
#7189=CARTESIAN_POINT('',(62.61,191.461618226906,-64.6518561763942));
#7190=CARTESIAN_POINT('Origin',(63.86,194.416041485906,-65.1728007103942));
#7191=CARTESIAN_POINT('Origin',(63.86,194.416041485906,-65.1728007103942));
#7192=CARTESIAN_POINT('Origin',(65.11,177.298350351251,-64.3529530141512));
#7193=CARTESIAN_POINT('',(63.86,166.340145290366,-63.1535468327368));
#7194=CARTESIAN_POINT('',(63.86,188.005915856366,-66.9738067487368));
#7195=CARTESIAN_POINT('',(63.86,177.173030573366,-65.0636767907368));
#7196=CARTESIAN_POINT('',(66.36,188.256555412136,-65.5523591955655));
#7197=CARTESIAN_POINT('',(65.11,188.131235634251,-66.2630829721512));
#7198=CARTESIAN_POINT('',(66.36,166.590784846136,-61.7320992795655));
#7199=CARTESIAN_POINT('',(66.36,177.423670129136,-63.6422292375655));
#7200=CARTESIAN_POINT('',(65.11,166.465465068251,-62.4428230561512));
#7201=CARTESIAN_POINT('Origin',(62.61,178.050269018561,-60.0886103546372));
#7202=CARTESIAN_POINT('',(61.36,188.757834523676,-62.7094640892229));
#7203=CARTESIAN_POINT('',(61.36,167.092063957676,-58.8892041732229));
#7204=CARTESIAN_POINT('',(61.36,177.924949240676,-60.7993341312228));
#7205=CARTESIAN_POINT('',(63.86,167.342703513446,-57.4677566200515));
#7206=CARTESIAN_POINT('',(62.61,167.217383735561,-58.1784803966372));
#7207=CARTESIAN_POINT('',(63.86,189.008474079446,-61.2880165360515));
#7208=CARTESIAN_POINT('',(63.86,178.175588796446,-59.3778865780515));
#7209=CARTESIAN_POINT('',(62.61,188.883154301561,-61.9987403126372));
#7210=CARTESIAN_POINT('Origin',(61.36,177.674309684906,-62.2207816843942));
#7211=CARTESIAN_POINT('',(61.36,188.256555412136,-65.5523591955655));
#7212=CARTESIAN_POINT('',(61.36,188.507194967906,-64.1309116423942));
#7213=CARTESIAN_POINT('',(61.36,166.590784846136,-61.7320992795655));
#7214=CARTESIAN_POINT('',(61.36,177.423670129136,-63.6422292375655));
#7215=CARTESIAN_POINT('',(61.36,166.841424401906,-60.3106517263942));
#7216=CARTESIAN_POINT('Origin',(65.11,178.050269018561,-60.0886103546372));
#7217=CARTESIAN_POINT('',(66.36,167.092063957676,-58.8892041732229));
#7218=CARTESIAN_POINT('',(65.11,167.217383735561,-58.1784803966372));
#7219=CARTESIAN_POINT('',(66.36,188.757834523676,-62.7094640892229));
#7220=CARTESIAN_POINT('',(66.36,177.924949240676,-60.7993341312228));
#7221=CARTESIAN_POINT('',(65.11,188.883154301561,-61.9987403126372));
#7222=CARTESIAN_POINT('Origin',(63.86,188.507194967906,-64.1309116423942));
#7223=CARTESIAN_POINT('',(66.36,188.507194967906,-64.1309116423942));
#7224=CARTESIAN_POINT('',(62.61,188.131235634251,-66.2630829721512));
#7225=CARTESIAN_POINT('Origin',(66.36,177.674309684906,-62.2207816843942));
#7226=CARTESIAN_POINT('',(66.36,166.841424401906,-60.3106517263942));
#7227=CARTESIAN_POINT('Origin',(62.61,177.298350351251,-64.3529530141512));
#7228=CARTESIAN_POINT('',(62.61,166.465465068251,-62.4428230561512));
#7229=CARTESIAN_POINT('Origin',(63.86,166.841424401906,-60.3106517263942));
#7230=CARTESIAN_POINT('Origin',(-22.665,154.022681538928,-117.604643920542));
#7231=CARTESIAN_POINT('',(-22.29,153.740214952569,-117.334991129717));
#7232=CARTESIAN_POINT('',(-23.04,153.665023085838,-117.761425395668));
#7233=CARTESIAN_POINT('',(-22.665,153.702619019203,-117.548208262692));
#7234=CARTESIAN_POINT('',(-22.29,154.577301542619,-117.482592081017));
#7235=CARTESIAN_POINT('',(-22.29,154.060277472294,-117.391426787567));
#7236=CARTESIAN_POINT('',(-23.04,154.502109675888,-117.909026346968));
#7237=CARTESIAN_POINT('',(-22.665,154.539705609253,-117.695809213993));
#7238=CARTESIAN_POINT('',(-23.04,153.985085605563,-117.817861053518));
#7239=CARTESIAN_POINT('Origin',(-23.415,154.022681538928,-117.604643920542));
#7240=CARTESIAN_POINT('',(-23.79,153.740214952569,-117.334991129717));
#7241=CARTESIAN_POINT('',(-23.415,153.702619019203,-117.548208262692));
#7242=CARTESIAN_POINT('',(-23.79,154.577301542619,-117.482592081017));
#7243=CARTESIAN_POINT('',(-23.415,154.539705609253,-117.695809213993));
#7244=CARTESIAN_POINT('',(-23.79,154.060277472294,-117.391426787567));
#7245=CARTESIAN_POINT('Origin',(-23.79,154.135469339025,-116.964992521615));
#7246=CARTESIAN_POINT('',(-23.79,153.890598686031,-116.482122597814));
#7247=CARTESIAN_POINT('',(-23.79,153.8154068193,-116.908556863765));
#7248=CARTESIAN_POINT('',(-23.79,154.727685276081,-116.629723549114));
#7249=CARTESIAN_POINT('',(-23.79,154.65249340935,-117.056157815065));
#7250=CARTESIAN_POINT('',(-23.79,154.210661205756,-116.538558255664));
#7251=CARTESIAN_POINT('Origin',(-23.415,154.248257139121,-116.325341122688));
#7252=CARTESIAN_POINT('',(-23.04,153.965790552762,-116.055688331863));
#7253=CARTESIAN_POINT('',(-23.415,153.928194619396,-116.268905464838));
#7254=CARTESIAN_POINT('',(-23.04,154.802877142812,-116.203289283163));
#7255=CARTESIAN_POINT('',(-23.415,154.765281209446,-116.416506416138));
#7256=CARTESIAN_POINT('',(-23.04,154.285853072487,-116.112123989713));
#7257=CARTESIAN_POINT('Origin',(-22.665,154.248257139121,-116.325341122688));
#7258=CARTESIAN_POINT('',(-22.29,153.890598686031,-116.482122597814));
#7259=CARTESIAN_POINT('',(-22.665,153.928194619396,-116.268905464838));
#7260=CARTESIAN_POINT('',(-22.29,154.727685276081,-116.629723549114));
#7261=CARTESIAN_POINT('',(-22.665,154.765281209446,-116.416506416138));
#7262=CARTESIAN_POINT('',(-22.29,154.210661205756,-116.538558255664));
#7263=CARTESIAN_POINT('Origin',(-23.04,154.65249340935,-117.056157815065));
#7264=CARTESIAN_POINT('',(-22.29,154.65249340935,-117.056157815065));
#7265=CARTESIAN_POINT('Origin',(-22.29,154.135469339025,-116.964992521615));
#7266=CARTESIAN_POINT('',(-22.29,153.8154068193,-116.908556863765));
#7267=CARTESIAN_POINT('Origin',(-23.04,155.2926184488,-117.169029130765));
#7268=CARTESIAN_POINT('',(-25.29,155.2926184488,-117.169029130765));
#7269=CARTESIAN_POINT('Origin',(-23.04,155.2926184488,-117.169029130765));
#7270=CARTESIAN_POINT('',(-24.29,155.2926184488,-117.169029130765));
#7271=CARTESIAN_POINT('Origin',(-23.04,155.2926184488,-117.169029130765));
#7272=CARTESIAN_POINT('Origin',(-23.04,154.55401263405,-117.038792997265));
#7273=CARTESIAN_POINT('',(-25.29,153.8154068193,-116.908556863765));
#7274=CARTESIAN_POINT('Origin',(-23.04,153.8154068193,-116.908556863765));
#7275=CARTESIAN_POINT('',(-25.29,154.55401263405,-117.038792997265));
#7276=CARTESIAN_POINT('Origin',(-23.04,153.8154068193,-116.908556863765));
#7277=CARTESIAN_POINT('Origin',(-23.04,157.7546378313,-117.603149575765));
#7278=CARTESIAN_POINT('',(-24.29,160.2166572138,-118.037270020765));
#7279=CARTESIAN_POINT('',(-24.29,157.7546378313,-117.603149575765));
#7280=CARTESIAN_POINT('Origin',(-23.04,160.2166572138,-118.037270020765));
#7281=CARTESIAN_POINT('Origin',(-23.04,160.2166572138,-118.037270020765));
#7282=CARTESIAN_POINT('Origin',(-22.665,164.094275862467,-60.4857942491593));
#7283=CARTESIAN_POINT('',(-22.29,163.811809276107,-60.2161414583336));
#7284=CARTESIAN_POINT('',(-23.04,163.736617409376,-60.642575724285));
#7285=CARTESIAN_POINT('',(-22.665,163.774213342742,-60.4293585913093));
#7286=CARTESIAN_POINT('',(-22.29,164.648895866157,-60.3637424096337));
#7287=CARTESIAN_POINT('',(-22.29,164.131871795832,-60.2725771161836));
#7288=CARTESIAN_POINT('',(-23.04,164.573703999426,-60.790176675585));
#7289=CARTESIAN_POINT('',(-22.665,164.611299932792,-60.5769595426093));
#7290=CARTESIAN_POINT('',(-23.04,164.056679929101,-60.699011382135));
#7291=CARTESIAN_POINT('Origin',(-23.415,164.094275862467,-60.4857942491593));
#7292=CARTESIAN_POINT('',(-23.79,163.811809276107,-60.2161414583336));
#7293=CARTESIAN_POINT('',(-23.415,163.774213342742,-60.4293585913093));
#7294=CARTESIAN_POINT('',(-23.79,164.648895866157,-60.3637424096337));
#7295=CARTESIAN_POINT('',(-23.415,164.611299932792,-60.5769595426093));
#7296=CARTESIAN_POINT('',(-23.79,164.131871795832,-60.2725771161836));
#7297=CARTESIAN_POINT('Origin',(-23.79,164.207063662563,-59.8461428502323));
#7298=CARTESIAN_POINT('',(-23.79,163.962193009569,-59.3632729264309));
#7299=CARTESIAN_POINT('',(-23.79,163.887001142838,-59.7897071923823));
#7300=CARTESIAN_POINT('',(-23.79,164.799279599619,-59.5108738777309));
#7301=CARTESIAN_POINT('',(-23.79,164.724087732888,-59.9373081436823));
#7302=CARTESIAN_POINT('',(-23.79,164.282255529294,-59.4197085842809));
#7303=CARTESIAN_POINT('Origin',(-23.415,164.31985146266,-59.2064914513052));
#7304=CARTESIAN_POINT('',(-23.04,164.0373848763,-58.9368386604795));
#7305=CARTESIAN_POINT('',(-23.415,163.999788942935,-59.1500557934552));
#7306=CARTESIAN_POINT('',(-23.04,164.87447146635,-59.0844396117795));
#7307=CARTESIAN_POINT('',(-23.415,164.836875532985,-59.2976567447552));
#7308=CARTESIAN_POINT('',(-23.04,164.357447396025,-58.9932743183295));
#7309=CARTESIAN_POINT('Origin',(-22.665,164.31985146266,-59.2064914513052));
#7310=CARTESIAN_POINT('',(-22.29,163.962193009569,-59.3632729264309));
#7311=CARTESIAN_POINT('',(-22.665,163.999788942935,-59.1500557934552));
#7312=CARTESIAN_POINT('',(-22.29,164.799279599619,-59.5108738777309));
#7313=CARTESIAN_POINT('',(-22.665,164.836875532985,-59.2976567447552));
#7314=CARTESIAN_POINT('',(-22.29,164.282255529294,-59.4197085842809));
#7315=CARTESIAN_POINT('Origin',(-23.04,164.724087732888,-59.9373081436823));
#7316=CARTESIAN_POINT('',(-22.29,164.724087732888,-59.9373081436823));
#7317=CARTESIAN_POINT('Origin',(-22.29,164.207063662563,-59.8461428502323));
#7318=CARTESIAN_POINT('',(-22.29,163.887001142838,-59.7897071923823));
#7319=CARTESIAN_POINT('Origin',(-23.04,165.364212772338,-60.0501794593822));
#7320=CARTESIAN_POINT('',(-25.29,165.364212772338,-60.0501794593822));
#7321=CARTESIAN_POINT('Origin',(-23.04,165.364212772338,-60.0501794593822));
#7322=CARTESIAN_POINT('',(-24.29,165.364212772338,-60.0501794593822));
#7323=CARTESIAN_POINT('Origin',(-23.04,165.364212772338,-60.0501794593822));
#7324=CARTESIAN_POINT('Origin',(-23.04,164.625606957588,-59.9199433258822));
#7325=CARTESIAN_POINT('',(-25.29,163.887001142838,-59.7897071923822));
#7326=CARTESIAN_POINT('Origin',(-23.04,163.887001142838,-59.7897071923822));
#7327=CARTESIAN_POINT('',(-25.29,164.625606957588,-59.9199433258822));
#7328=CARTESIAN_POINT('Origin',(-23.04,163.887001142838,-59.7897071923822));
#7329=CARTESIAN_POINT('Origin',(-23.04,167.826232154838,-60.4842999043822));
#7330=CARTESIAN_POINT('',(-24.29,170.288251537338,-60.9184203493822));
#7331=CARTESIAN_POINT('',(-24.29,167.826232154838,-60.4842999043822));
#7332=CARTESIAN_POINT('Origin',(-23.04,170.288251537338,-60.9184203493822));
#7333=CARTESIAN_POINT('Origin',(-23.04,170.288251537338,-60.9184203493822));
#7334=CARTESIAN_POINT('Origin',(64.235,154.022681538928,-117.604643920542));
#7335=CARTESIAN_POINT('',(64.61,153.740214952569,-117.334991129717));
#7336=CARTESIAN_POINT('',(63.86,153.665023085838,-117.761425395668));
#7337=CARTESIAN_POINT('',(64.235,153.702619019203,-117.548208262692));
#7338=CARTESIAN_POINT('',(64.61,154.577301542619,-117.482592081017));
#7339=CARTESIAN_POINT('',(64.61,154.060277472294,-117.391426787567));
#7340=CARTESIAN_POINT('',(63.86,154.502109675888,-117.909026346968));
#7341=CARTESIAN_POINT('',(64.235,154.539705609253,-117.695809213992));
#7342=CARTESIAN_POINT('',(63.86,153.985085605563,-117.817861053518));
#7343=CARTESIAN_POINT('Origin',(63.485,154.022681538928,-117.604643920542));
#7344=CARTESIAN_POINT('',(63.11,153.740214952569,-117.334991129717));
#7345=CARTESIAN_POINT('',(63.485,153.702619019203,-117.548208262692));
#7346=CARTESIAN_POINT('',(63.11,154.577301542619,-117.482592081017));
#7347=CARTESIAN_POINT('',(63.485,154.539705609253,-117.695809213992));
#7348=CARTESIAN_POINT('',(63.11,154.060277472294,-117.391426787567));
#7349=CARTESIAN_POINT('Origin',(63.11,154.135469339025,-116.964992521615));
#7350=CARTESIAN_POINT('',(63.11,153.890598686031,-116.482122597814));
#7351=CARTESIAN_POINT('',(63.11,153.8154068193,-116.908556863765));
#7352=CARTESIAN_POINT('',(63.11,154.727685276081,-116.629723549114));
#7353=CARTESIAN_POINT('',(63.11,154.65249340935,-117.056157815065));
#7354=CARTESIAN_POINT('',(63.11,154.210661205756,-116.538558255664));
#7355=CARTESIAN_POINT('Origin',(63.485,154.248257139121,-116.325341122688));
#7356=CARTESIAN_POINT('',(63.86,153.965790552762,-116.055688331863));
#7357=CARTESIAN_POINT('',(63.485,153.928194619396,-116.268905464838));
#7358=CARTESIAN_POINT('',(63.86,154.802877142812,-116.203289283163));
#7359=CARTESIAN_POINT('',(63.485,154.765281209446,-116.416506416138));
#7360=CARTESIAN_POINT('',(63.86,154.285853072487,-116.112123989713));
#7361=CARTESIAN_POINT('Origin',(64.235,154.248257139121,-116.325341122688));
#7362=CARTESIAN_POINT('',(64.61,153.890598686031,-116.482122597814));
#7363=CARTESIAN_POINT('',(64.235,153.928194619396,-116.268905464838));
#7364=CARTESIAN_POINT('',(64.61,154.727685276081,-116.629723549114));
#7365=CARTESIAN_POINT('',(64.235,154.765281209446,-116.416506416138));
#7366=CARTESIAN_POINT('',(64.61,154.210661205756,-116.538558255664));
#7367=CARTESIAN_POINT('Origin',(63.86,154.65249340935,-117.056157815065));
#7368=CARTESIAN_POINT('',(64.61,154.65249340935,-117.056157815065));
#7369=CARTESIAN_POINT('Origin',(64.61,154.135469339025,-116.964992521615));
#7370=CARTESIAN_POINT('',(64.61,153.8154068193,-116.908556863765));
#7371=CARTESIAN_POINT('Origin',(63.86,155.2926184488,-117.169029130765));
#7372=CARTESIAN_POINT('',(61.61,155.2926184488,-117.169029130765));
#7373=CARTESIAN_POINT('Origin',(63.86,155.2926184488,-117.169029130765));
#7374=CARTESIAN_POINT('',(62.61,155.2926184488,-117.169029130765));
#7375=CARTESIAN_POINT('Origin',(63.86,155.2926184488,-117.169029130765));
#7376=CARTESIAN_POINT('Origin',(63.86,154.55401263405,-117.038792997265));
#7377=CARTESIAN_POINT('',(61.61,153.8154068193,-116.908556863765));
#7378=CARTESIAN_POINT('Origin',(63.86,153.8154068193,-116.908556863765));
#7379=CARTESIAN_POINT('',(61.61,154.55401263405,-117.038792997265));
#7380=CARTESIAN_POINT('Origin',(63.86,153.8154068193,-116.908556863765));
#7381=CARTESIAN_POINT('Origin',(63.86,157.7546378313,-117.603149575765));
#7382=CARTESIAN_POINT('',(62.61,160.2166572138,-118.037270020765));
#7383=CARTESIAN_POINT('',(62.61,157.7546378313,-117.603149575765));
#7384=CARTESIAN_POINT('Origin',(63.86,160.2166572138,-118.037270020765));
#7385=CARTESIAN_POINT('Origin',(63.86,160.2166572138,-118.037270020765));
#7386=CARTESIAN_POINT('Origin',(64.235,164.094275862467,-60.4857942491593));
#7387=CARTESIAN_POINT('',(64.61,163.811809276107,-60.2161414583336));
#7388=CARTESIAN_POINT('',(63.86,163.736617409376,-60.642575724285));
#7389=CARTESIAN_POINT('',(64.235,163.774213342742,-60.4293585913093));
#7390=CARTESIAN_POINT('',(64.61,164.648895866157,-60.3637424096337));
#7391=CARTESIAN_POINT('',(64.61,164.131871795832,-60.2725771161836));
#7392=CARTESIAN_POINT('',(63.86,164.573703999426,-60.790176675585));
#7393=CARTESIAN_POINT('',(64.235,164.611299932792,-60.5769595426093));
#7394=CARTESIAN_POINT('',(63.86,164.056679929101,-60.699011382135));
#7395=CARTESIAN_POINT('Origin',(63.485,164.094275862467,-60.4857942491593));
#7396=CARTESIAN_POINT('',(63.11,163.811809276107,-60.2161414583336));
#7397=CARTESIAN_POINT('',(63.485,163.774213342742,-60.4293585913093));
#7398=CARTESIAN_POINT('',(63.11,164.648895866157,-60.3637424096337));
#7399=CARTESIAN_POINT('',(63.485,164.611299932792,-60.5769595426093));
#7400=CARTESIAN_POINT('',(63.11,164.131871795832,-60.2725771161836));
#7401=CARTESIAN_POINT('Origin',(63.11,164.207063662563,-59.8461428502323));
#7402=CARTESIAN_POINT('',(63.11,163.962193009569,-59.3632729264309));
#7403=CARTESIAN_POINT('',(63.11,163.887001142838,-59.7897071923823));
#7404=CARTESIAN_POINT('',(63.11,164.799279599619,-59.5108738777309));
#7405=CARTESIAN_POINT('',(63.11,164.724087732888,-59.9373081436823));
#7406=CARTESIAN_POINT('',(63.11,164.282255529294,-59.4197085842809));
#7407=CARTESIAN_POINT('Origin',(63.485,164.31985146266,-59.2064914513052));
#7408=CARTESIAN_POINT('',(63.86,164.0373848763,-58.9368386604795));
#7409=CARTESIAN_POINT('',(63.485,163.999788942935,-59.1500557934552));
#7410=CARTESIAN_POINT('',(63.86,164.87447146635,-59.0844396117795));
#7411=CARTESIAN_POINT('',(63.485,164.836875532985,-59.2976567447552));
#7412=CARTESIAN_POINT('',(63.86,164.357447396025,-58.9932743183295));
#7413=CARTESIAN_POINT('Origin',(64.235,164.31985146266,-59.2064914513052));
#7414=CARTESIAN_POINT('',(64.61,163.962193009569,-59.3632729264309));
#7415=CARTESIAN_POINT('',(64.235,163.999788942935,-59.1500557934552));
#7416=CARTESIAN_POINT('',(64.61,164.799279599619,-59.5108738777309));
#7417=CARTESIAN_POINT('',(64.235,164.836875532985,-59.2976567447552));
#7418=CARTESIAN_POINT('',(64.61,164.282255529294,-59.4197085842809));
#7419=CARTESIAN_POINT('Origin',(63.86,164.724087732888,-59.9373081436823));
#7420=CARTESIAN_POINT('',(64.61,164.724087732888,-59.9373081436823));
#7421=CARTESIAN_POINT('Origin',(64.61,164.207063662563,-59.8461428502323));
#7422=CARTESIAN_POINT('',(64.61,163.887001142838,-59.7897071923823));
#7423=CARTESIAN_POINT('Origin',(63.86,165.364212772338,-60.0501794593822));
#7424=CARTESIAN_POINT('',(61.61,165.364212772338,-60.0501794593822));
#7425=CARTESIAN_POINT('Origin',(63.86,165.364212772338,-60.0501794593822));
#7426=CARTESIAN_POINT('',(62.61,165.364212772338,-60.0501794593822));
#7427=CARTESIAN_POINT('Origin',(63.86,165.364212772338,-60.0501794593822));
#7428=CARTESIAN_POINT('Origin',(63.86,164.625606957588,-59.9199433258822));
#7429=CARTESIAN_POINT('',(61.61,163.887001142838,-59.7897071923822));
#7430=CARTESIAN_POINT('Origin',(63.86,163.887001142838,-59.7897071923822));
#7431=CARTESIAN_POINT('',(61.61,164.625606957588,-59.9199433258822));
#7432=CARTESIAN_POINT('Origin',(63.86,163.887001142838,-59.7897071923822));
#7433=CARTESIAN_POINT('Origin',(63.86,167.826232154838,-60.4842999043822));
#7434=CARTESIAN_POINT('',(62.61,170.288251537338,-60.9184203493822));
#7435=CARTESIAN_POINT('',(62.61,167.826232154838,-60.4842999043822));
#7436=CARTESIAN_POINT('Origin',(63.86,170.288251537338,-60.9184203493822));
#7437=CARTESIAN_POINT('Origin',(63.86,170.288251537338,-60.9184203493822));
#7438=UNCERTAINTY_MEASURE_WITH_UNIT(LENGTH_MEASURE(0.01),#7442,
'DISTANCE_ACCURACY_VALUE',
'Maximum model space distance between geometric entities at asserted c
onnectivities');
#7439=UNCERTAINTY_MEASURE_WITH_UNIT(LENGTH_MEASURE(0.01),#7442,
'DISTANCE_ACCURACY_VALUE',
'Maximum model space distance between geometric entities at asserted c
onnectivities');
#7440=(
GEOMETRIC_REPRESENTATION_CONTEXT(3)
GLOBAL_UNCERTAINTY_ASSIGNED_CONTEXT((#7438))
GLOBAL_UNIT_ASSIGNED_CONTEXT((#7442,#7444,#7445))
REPRESENTATION_CONTEXT('','3D')
);
#7441=(
GEOMETRIC_REPRESENTATION_CONTEXT(3)
GLOBAL_UNCERTAINTY_ASSIGNED_CONTEXT((#7439))
GLOBAL_UNIT_ASSIGNED_CONTEXT((#7442,#7444,#7445))
REPRESENTATION_CONTEXT('','3D')
);
#7442=(
LENGTH_UNIT()
NAMED_UNIT(*)
SI_UNIT(.MILLI.,.METRE.)
);
#7443=(
LENGTH_UNIT()
NAMED_UNIT(*)
SI_UNIT($,.METRE.)
);
#7444=(
NAMED_UNIT(*)
PLANE_ANGLE_UNIT()
SI_UNIT($,.RADIAN.)
);
#7445=(
NAMED_UNIT(*)
SI_UNIT($,.STERADIAN.)
SOLID_ANGLE_UNIT()
);
#7446=SHAPE_DEFINITION_REPRESENTATION(#7447,#7448);
#7447=PRODUCT_DEFINITION_SHAPE('',$,#7450);
#7448=SHAPE_REPRESENTATION('',(#4578),#7440);
#7449=PRODUCT_DEFINITION_CONTEXT('part definition',#7454,'design');
#7450=PRODUCT_DEFINITION('(Unsaved)','(Unsaved)',#7451,#7449);
#7451=PRODUCT_DEFINITION_FORMATION('',$,#7456);
#7452=PRODUCT_RELATED_PRODUCT_CATEGORY('(Unsaved)','(Unsaved)',(#7456));
#7453=APPLICATION_PROTOCOL_DEFINITION('international standard',
'automotive_design',2009,#7454);
#7454=APPLICATION_CONTEXT(
'Core Data for Automotive Mechanical Design Process');
#7455=PRODUCT_CONTEXT('part definition',#7454,'mechanical');
#7456=PRODUCT('(Unsaved)','(Unsaved)',$,(#7455));
#7457=PRESENTATION_STYLE_ASSIGNMENT((#7458));
#7458=SURFACE_STYLE_USAGE(.BOTH.,#7459);
#7459=SURFACE_SIDE_STYLE('',(#7460));
#7460=SURFACE_STYLE_FILL_AREA(#7461);
#7461=FILL_AREA_STYLE('Steel - Satin',(#7462));
#7462=FILL_AREA_STYLE_COLOUR('Steel - Satin',#7463);
#7463=COLOUR_RGB('Steel - Satin',0.627450980392157,0.627450980392157,0.627450980392157);
ENDSEC;
END-ISO-10303-21;
